id,line_id,tx1_id,tx1_lat,tx1_lon,tx1_alt,tx2_id,tx2_lat,tx2_lon,tx2_alt,rx1_id,rx1_lat,rx1_lon,rx1_alt,rx2_id,rx2_lat,rx2_lon,rx2_alt,timestamp,array_type,symmetry,stacks,input_current,contact_resistance,apparent_resistivity,apparent_resistivity_err,chargeability,chargeability_err,decay_curve,qc_review
line-a-r00001,line-a,line-a-e01,33.1996481,-116.1551345,180.0,line-a-e02,33.1998075,-116.1549449,180.0,line-a-e03,33.1999669,-116.1547554,180.0,line-a-e04,33.2001263,-116.1545658,180.0,2026-08-17T14:00:12Z,dipole-dipole,1,6,1.019,784.8,207.233,8.444,0.00650,0.00101,0.01019;0.01071;0.00838;0.00848;0.00789;0.00629;0.00525;0.00445;0.00290;0.00219,
line-a-r00002,line-a,line-a-e01,33.1996481,-116.1551345,180.0,line-a-e02,33.1998075,-116.1549449,180.0,line-a-e03,33.1999669,-116.1547554,180.0,line-a-e04,33.2001263,-116.1545658,180.0,2026-08-17T14:00:24Z,dipole-dipole,1,5,0.987,810.6,209.253,6.960,0.00407,0.00104,0.00684;0.00642;0.00559;0.00509;0.00402;0.00402;0.00317;0.00281;0.00191;0.00142,
line-a-r00003,line-a,line-a-e01,33.1996481,-116.1551345,180.0,line-a-e02,33.1998075,-116.1549449,180.0,line-a-e03,33.1999669,-116.1547554,180.0,line-a-e04,33.2001263,-116.1545658,180.0,2026-08-17T14:00:36Z,dipole-dipole,1,4,0.717,1116.3,203.616,7.083,0.00698,0.00094,0.01150;0.01065;0.01029;0.00902;0.00763;0.00593;0.00541;0.00421;0.00320;0.00246,
line-a-r00004,line-a,line-a-e01,33.1996481,-116.1551345,180.0,line-a-e02,33.1998075,-116.1549449,180.0,line-a-e03,33.1999669,-116.1547554,180.0,line-a-e04,33.2001263,-116.1545658,180.0,2026-08-17T14:00:48Z,dipole-dipole,1,5,0.812,985.8,198.120,7.118,0.00470,0.00110,0.00808;0.00688;0.00627;0.00638;0.00541;0.00458;0.00409;0.00296;0.00227;0.00176,
line-a-r00005,line-a,line-a-e01,,,,line-a-e02,33.1998075,-116.1549449,180.0,line-a-e03,33.1999669,-116.1547554,180.0,line-a-e04,33.2001263,-116.1545658,180.0,2026-08-17T14:01:00Z,dipole-dipole,1,8,0.810,987.2,201.519,10.376,0.00494,0.00090,0.00813;0.00733;0.00705;0.00606;0.00589;0.00487;0.00367;0.00319;0.00230;0.00172,
line-a-r00006,line-a,line-a-e01,33.1996481,-116.1551345,180.0,line-a-e02,33.1998075,-116.1549449,180.0,line-a-e03,33.1999669,-116.1547554,180.0,line-a-e04,33.2001263,-116.1545658,180.0,2026-08-17T14:01:12Z,dipole-dipole,1,6,0.727,1100.4,191.103,7.336,0.00572,0.00090,0.00947;0.00846;0.00867;0.00720;0.00641;0.00557;0.00444;0.00368;0.00294;0.00202,
line-a-r00007,line-a,line-a-e01,33.1996481,-116.1551345,180.0,line-a-e02,33.1998075,-116.1549449,180.0,line-a-e04,33.2001263,-116.1545658,180.0,line-a-e05,33.2002857,-116.1543762,180.0,2026-08-17T14:01:24Z,dipole-dipole,2,5,0.903,885.9,-99.199,6.299,0.00397,0.00088,0.00662;0.00610;0.00547;0.00488;0.00440;0.00336;0.00295;0.00266;0.00189;0.00144,
line-a-r00008,line-a,line-a-e01,33.1996481,-116.1551345,180.0,line-a-e02,33.1998075,-116.1549449,180.0,line-a-e04,33.2001263,-116.1545658,180.0,line-a-e05,33.2002857,-116.1543762,180.0,2026-08-17T14:01:36Z,dipole-dipole,2,6,0.733,1092.0,-294.719,6.516,0.00519,0.00100,0.00808;0.00791;0.00696;0.00640;0.00612;0.00522;0.00388;0.00318;0.00266;0.00189,
line-a-r00009,line-a,line-a-e01,33.1996481,-116.1551345,180.0,line-a-e02,33.1998075,-116.1549449,180.0,line-a-e04,33.2001263,-116.1545658,180.0,line-a-e05,33.2002857,-116.1543762,180.0,2026-08-17T14:01:48Z,dipole-dipole,2,5,0.806,992.2,202.810,8.565,0.00443,0.00086,0.00716;0.00705;0.00627;0.00579;0.00476;0.00436;0.00379;0.00275;0.00211;0.00158,
line-a-r00010,line-a,line-a-e01,33.1996481,-116.1551345,180.0,line-a-e02,33.1998075,-116.1549449,180.0,line-a-e04,33.2001263,-116.1545658,180.0,line-a-e05,33.2002857,-116.1543762,180.0,2026-08-17T14:02:00Z,dipole-dipole,2,5,0.752,1063.4,201.445,9.035,0.00547,0.00139,0.00762;0.00841;0.00790;0.00591;0.00585;0.00526;0.00427;0.00349;0.00289;0.00188,
line-a-r00011,line-a,line-a-e01,33.1996481,-116.1551345,180.0,line-a-e02,33.1998075,-116.1549449,180.0,line-a-e04,33.2001263,-116.1545658,180.0,line-a-e05,33.2002857,-116.1543762,180.0,2026-08-17T14:02:12Z,dipole-dipole,2,6,0.840,952.4,206.055,8.859,0.00348,0.00086,0.00522;0.00594;0.00442;0.00444;0.00387;0.00306;0.00277;0.00211;0.00182;0.00123,
line-a-r00012,line-a,line-a-e01,33.1996481,-116.1551345,180.0,line-a-e02,33.1998075,-116.1549449,180.0,line-a-e04,33.2001263,-116.1545658,180.0,line-a-e05,33.2002857,-116.1543762,180.0,2026-08-17T14:02:24Z,dipole-dipole,2,4,0.656,1219.2,189.637,8.383,0.00499,0.00117,0.00804;0.00725;0.00649;0.00567;0.00571;0.00432;0.00396;0.00324;0.00252;0.00167,
line-a-r00013,line-a,line-a-e01,33.1996481,-116.1551345,180.0,line-a-e02,33.1998075,-116.1549449,180.0,line-a-e04,33.2001263,-116.1545658,180.0,line-a-e05,33.2002857,-116.1543762,180.0,2026-08-17T14:02:36Z,dipole-dipole,2,8,0.952,839.9,208.286,7.390,0.00531,0.00103,0.00831;0.00784;0.00691;0.00808;0.00557;0.00493;0.00427;0.00356;0.00260;0.00196,
line-a-r00014,line-a,line-a-e01,33.1996481,-116.1551345,180.0,line-a-e02,33.1998075,-116.1549449,180.0,line-a-e05,33.2002857,-116.1543762,180.0,line-a-e06,33.2004451,-116.1541866,180.0,2026-08-17T14:02:48Z,dipole-dipole,3,6,0.851,939.6,208.437,6.331,0.00525,0.00105,0.00215;0.00264;0.00331;0.00370;0.00487;0.00524;0.00625;0.00711;0.00765;0.00806,
line-a-r00015,line-a,line-a-e01,33.1996481,-116.1551345,180.0,line-a-e02,33.1998075,-116.1549449,180.0,line-a-e05,33.2002857,-116.1543762,180.0,line-a-e06,33.2004451,-116.1541866,180.0,2026-08-17T14:03:00Z,dipole-dipole,3,8,0.930,860.5,208.121,469.178,0.00676,0.00100,0.00992;0.00938;0.00898;0.00817;0.00680;0.00665;0.00542;0.00407;0.00303;0.00233,
line-a-r00016,line-a,line-a-e01,33.1996481,-116.1551345,180.0,line-a-e02,33.1998075,-116.1549449,180.0,line-a-e05,33.2002857,-116.1543762,180.0,line-a-e06,33.2004451,-116.1541866,180.0,2026-08-17T14:03:12Z,dipole-dipole,3,4,1.135,704.5,205.717,6.819,0.00486,0.00132,0.00712;0.00660;0.00642;0.00676;0.00561;0.00470;0.00373;0.00315;0.00243;0.00174,
line-a-r00017,line-a,line-a-e01,33.1996481,-116.1551345,180.0,line-a-e02,33.1998075,-116.1549449,180.0,line-a-e05,33.2002857,-116.1543762,180.0,line-a-e06,33.2004451,-116.1541866,180.0,2026-08-17T14:03:24Z,dipole-dipole,3,5,0.759,1053.4,-119.095,9.649,0.00565,0.00134,0.00958;0.00751;0.00816;0.00679;0.00636;0.00474;0.00417;0.00366;0.00264;0.00216,
line-a-r00018,line-a,line-a-e01,33.1996481,-116.1551345,180.0,line-a-e02,33.1998075,-116.1549449,180.0,line-a-e05,33.2002857,-116.1543762,180.0,line-a-e06,33.2004451,-116.1541866,180.0,2026-08-17T14:03:36Z,dipole-dipole,3,8,0.691,1157.2,190.265,6.840,0.00369,0.00101,0.00622;0.00602;0.00535;0.00428;0.00389;0.00344;0.00303;0.00230;0.00163;0.00135,
line-a-r00019,line-a,line-a-e01,33.1996481,-116.1551345,180.0,line-a-e02,33.1998075,-116.1549449,180.0,line-a-e05,33.2002857,-116.1543762,180.0,line-a-e06,33.2004451,-116.1541866,180.0,2026-08-17T14:03:48Z,dipole-dipole,3,4,0.758,1055.9,203.708,7.602,0.00353,0.00124,0.00594;0.00527;0.00481;0.00420;0.00400;0.00323;0.00285;0.00207;0.00194;0.00126,
line-a-r00020,line-a,line-a-e01,33.1996481,-116.1551345,180.0,line-a-e02,33.1998075,-116.1549449,180.0,line-a-e05,33.2002857,-116.1543762,180.0,line-a-e06,33.2004451,-116.1541866,180.0,2026-08-17T14:04:00Z,dipole-dipole,3,3,0.937,854.0,194.635,8.907,0.00485,0.00099,0.00805;0.00704;0.00690;0.00651;0.00621;0.00463;0.00357;0.00348;0.00224;0.00170,
line-a-r00021,line-a,line-a-e01,33.1996481,-116.1551345,180.0,line-a-e02,33.1998075,-116.1549449,180.0,line-a-e05,33.2002857,-116.1543762,180.0,line-a-e06,33.2004451,-116.1541866,180.0,2026-08-17T14:04:12Z,dipole-dipole,3,6,0.805,993.5,211.861,7.333,0.00560,0.00088,0.00900;0.00803;0.00792;0.00675;0.00577;0.00490;0.00458;0.00366;0.00262;0.00212,
line-a-r00022,line-a,line-a-e01,33.1996481,-116.1551345,180.0,line-a-e02,33.1998075,-116.1549449,180.0,line-a-e06,33.2004451,-116.1541866,180.0,line-a-e07,33.2006045,-116.1539970,180.0,2026-08-17T14:04:24Z,dipole-dipole,4,5,0.825,970.0,189.730,7.125,0.00550,0.00102,0.00865;0.00782;0.00801;0.00709;0.00597;0.00498;0.00417;0.00380;0.00262;0.00183,
line-a-r00023,line-a,line-a-e01,33.1996481,-116.1551345,180.0,line-a-e02,33.1998075,-116.1549449,180.0,line-a-e06,33.2004451,-116.1541866,180.0,line-a-e07,33.2006045,-116.1539970,180.0,2026-08-17T14:04:36Z,dipole-dipole,4,3,0.821,974.6,206.366,6.876,0.00407,0.00072,0.00585;0.00555;0.00542;0.00517;0.00418;0.00410;0.00337;0.00273;0.00204;0.00141,
line-a-r00024,line-a,line-a-e01,33.1996481,-116.1551345,180.0,line-a-e02,33.1998075,-116.1549449,180.0,line-a-e06,33.2004451,-116.1541866,180.0,line-a-e07,33.2006045,-116.1539970,180.0,2026-08-17T14:04:48Z,dipole-dipole,4,7,0.663,1206.6,202.686,6.040,0.00441,0.00114,0.00679;0.00615;0.00643;0.00571;0.00447;0.00420;0.00388;0.00283;0.00231;0.00156,
line-a-r00025,line-a,line-a-e01,33.1996481,-116.1551345,180.0,line-a-e02,33.1998075,-116.1549449,180.0,line-a-e06,33.2004451,-116.1541866,180.0,line-a-e07,33.2006045,-116.1539970,180.0,2026-08-17T14:05:00Z,dipole-dipole,4,4,0.805,994.0,197.575,7.777,0.00482,0.00113,0.00747;0.00668;0.00649;0.00617;0.00566;0.00463;0.00357;0.00317;0.00253;0.00184,
line-a-r00026,line-a,line-a-e01,33.1996481,-116.1551345,180.0,line-a-e02,33.1998075,-116.1549449,180.0,line-a-e06,33.2004451,-116.1541866,180.0,line-a-e07,33.2006045,-116.1539970,180.0,2026-08-17T14:05:12Z,dipole-dipole,4,5,0.772,1036.6,201.055,6.667,0.00657,0.00110,0.01045;0.00881;0.00783;0.00826;0.00819;0.00677;0.00602;0.00402;0.00303;0.00231,
line-a-r00027,line-a,line-a-e01,33.1996481,-116.1551345,180.0,line-a-e02,33.1998075,-116.1549449,180.0,line-a-e06,33.2004451,-116.1541866,180.0,line-a-e07,33.2006045,-116.1539970,180.0,2026-08-17T14:05:24Z,dipole-dipole,4,4,0.675,1184.6,201.166,6.090,0.00538,0.00119,0.00887;0.00767;0.00768;0.00690;0.00559;0.00497;0.00426;0.00359;0.00262;0.00198,
line-a-r00028,line-a,line-a-e01,33.1996481,-116.1551345,180.0,line-a-e02,33.1998075,-116.1549449,180.0,line-a-e07,33.2006045,-116.1539970,180.0,line-a-e08,33.2007639,-116.1538074,180.0,2026-08-17T14:05:36Z,dipole-dipole,5,3,1.039,770.1,194.014,6.364,0.00380,0.00123,0.00588;0.00593;0.00493;0.00487;0.00422;0.00355;0.00316;0.00248;0.00170;0.00133,
line-a-r00029,line-a,line-a-e01,33.1996481,-116.1551345,180.0,line-a-e02,33.1998075,-116.1549449,180.0,line-a-e07,33.2006045,-116.1539970,180.0,line-a-e08,33.2007639,-116.1538074,180.0,2026-08-17T14:05:48Z,dipole-dipole,5,8,0.760,1052.4,214.222,6.015,0.00404,0.00120,0.00609;0.00625;0.00598;0.00434;0.00502;0.00361;0.00339;0.00269;0.00197;0.00151,
line-a-r00030,line-a,line-a-e01,33.1996481,-116.1551345,180.0,line-a-e02,33.1998075,-116.1549449,180.0,line-a-e07,33.2006045,-116.1539970,180.0,line-a-e08,33.2007639,-116.1538074,180.0,2026-08-17T14:06:00Z,dipole-dipole,5,5,1.044,766.5,212.909,6.619,0.00438,0.00082,0.00686;0.00607;0.00596;0.00595;0.00508;0.00419;0.00377;0.00268;0.00211;0.00147,
line-a-r00031,line-a,line-a-e01,33.1996481,-116.1551345,180.0,line-a-e02,33.1998075,-116.1549449,180.0,line-a-e07,33.2006045,-116.1539970,180.0,line-a-e08,33.2007639,-116.1538074,180.0,2026-08-17T14:06:12Z,dipole-dipole,5,3,0.705,1134.2,212.729,7.491,0.00358,0.00101,0.00612;0.00546;0.00460;0.00446;0.00358;0.00347;0.00292;0.00217;0.00188;0.00122,
line-a-r00032,line-a,line-a-e01,33.1996481,-116.1551345,180.0,line-a-e02,33.1998075,-116.1549449,180.0,line-a-e07,33.2006045,-116.1539970,180.0,line-a-e08,33.2007639,-116.1538074,180.0,2026-08-17T14:06:24Z,dipole-dipole,5,5,0.948,843.5,208.718,7.717,0.00223,0.00069,0.00329;0.00338;0.00281;0.00283;0.00250;0.00198;0.00176;0.00155;0.00107;0.00093,
line-a-r00033,line-a,line-a-e01,33.1996481,-116.1551345,180.0,line-a-e02,33.1998075,-116.1549449,180.0,line-a-e07,33.2006045,-116.1539970,180.0,line-a-e08,33.2007639,-116.1538074,180.0,2026-08-17T14:06:36Z,dipole-dipole,5,5,1.165,686.8,216.507,6.371,0.00432,0.00102,0.00666;0.00730;0.00568;0.00504;0.00477;0.00392;0.00337;0.00276;0.00194;0.00173,
line-a-r00034,line-a,line-a-e01,33.1996481,-116.1551345,180.0,line-a-e02,33.1998075,-116.1549449,180.0,line-a-e07,33.2006045,-116.1539970,180.0,line-a-e08,33.2007639,-116.1538074,180.0,2026-08-17T14:06:48Z,dipole-dipole,5,5,0.828,965.8,204.718,8.055,0.00331,0.00098,0.00482;0.00458;0.00453;0.00414;0.00388;0.00291;0.00262;0.00216;0.00162;0.00111,
line-a-r00035,line-a,line-a-e01,33.1996481,-116.1551345,180.0,line-a-e02,33.1998075,-116.1549449,180.0,line-a-e08,33.2007639,-116.1538074,180.0,line-a-e09,33.2009233,-116.1536179,180.0,2026-08-17T14:07:00Z,dipole-dipole,6,7,0.680,1176.8,210.272,6.640,0.00276,0.00085,0.00430;0.00384;0.00381;0.00363;0.00305;0.00254;0.00212;0.00178;0.00137;0.00093,
line-a-r00036,line-a,line-a-e01,33.1996481,-116.1551345,180.0,line-a-e02,33.1998075,-116.1549449,180.0,line-a-e08,33.2007639,-116.1538074,180.0,line-a-e09,33.2009233,-116.1536179,180.0,2026-08-17T14:07:12Z,dipole-dipole,6,7,0.801,999.0,215.584,7.963,0.00628,0.00093,0.00985;0.00843;0.00923;0.00833;0.00746;0.00549;0.00528;0.00453;0.00326;0.00243,
line-a-r00037,line-a,line-a-e01,33.1996481,-116.1551345,180.0,line-a-e02,33.1998075,-116.1549449,180.0,line-a-e08,33.2007639,-116.1538074,180.0,line-a-e09,33.2009233,-116.1536179,180.0,2026-08-17T14:07:24Z,dipole-dipole,6,3,0.858,932.8,201.603,7.248,0.00450,0.00082,0.00677;0.00678;0.00610;0.00511;0.00510;0.00416;0.00348;0.00272;0.00210;0.00157,
line-a-r00038,line-a,line-a-e01,33.1996481,-116.1551345,180.0,line-a-e02,33.1998075,-116.1549449,180.0,line-a-e08,33.2007639,-116.1538074,180.0,line-a-e09,33.2009233,-116.1536179,180.0,2026-08-17T14:07:36Z,dipole-dipole,6,6,0.821,974.1,196.707,6.853,0.00425,0.00115,0.00713;0.00560;0.00573;0.00494;0.00496;0.00406;0.00387;0.00271;0.00222;0.00158,
line-a-r00039,line-a,line-a-e01,33.1996481,-116.1551345,180.0,line-a-e02,33.1998075,-116.1549449,180.0,line-a-e08,33.2007639,-116.1538074,180.0,line-a-e09,33.2009233,-116.1536179,180.0,2026-08-17T14:07:48Z,dipole-dipole,6,5,0.950,842.0,217.153,6.695,0.00338,0.00117,0.00547;0.00515;0.00476;0.00388;0.00373;0.00322;0.00271;0.00211;0.00185;0.00116,
line-a-r00040,line-a,line-a-e01,33.1996481,-116.1551345,180.0,line-a-e02,33.1998075,-116.1549449,180.0,line-a-e08,33.2007639,-116.1538074,180.0,line-a-e09,33.2009233,-116.1536179,180.0,2026-08-17T14:08:00Z,dipole-dipole,6,7,0.874,915.1,195.923,8.123,0.00450,0.00085,0.00675;0.00631;0.00636;0.00575;0.00512;0.00414;0.00343;0.00270;0.00238;0.00168,
line-a-r00041,line-a,line-a-e01,33.1996481,-116.1551345,180.0,line-a-e02,33.1998075,-116.1549449,180.0,line-a-e08,33.2007639,-116.1538074,180.0,line-a-e09,33.2009233,-116.1536179,180.0,2026-08-17T14:08:12Z,dipole-dipole,6,7,0.595,1343.5,202.738,5.998,0.00376,0.00094,0.00582;0.00577;0.00518;0.00458;0.00450;0.00330;0.00276;0.00253;0.00198;0.00139,
line-a-r00042,line-a,line-a-e01,33.1996481,-116.1551345,180.0,line-a-e02,33.1998075,-116.1549449,180.0,line-a-e09,33.2009233,-116.1536179,180.0,line-a-e10,33.2010827,-116.1534283,180.0,2026-08-17T14:08:24Z,dipole-dipole,7,7,0.810,987.3,208.091,8.138,0.00511,0.00108,0.00815;0.00751;0.00774;0.00627;0.00586;0.00492;0.00392;0.00326;0.00245;0.00163,
line-a-r00043,line-a,line-a-e01,33.1996481,-116.1551345,180.0,line-a-e02,33.1998075,-116.1549449,180.0,line-a-e09,33.2009233,-116.1536179,180.0,line-a-e10,33.2010827,-116.1534283,180.0,2026-08-17T14:08:36Z,dipole-dipole,7,6,0.793,1009.4,213.438,9.423,0.00354,0.00076,0.00135;0.00179;0.00264;0.00291;0.00319;0.00381;0.00434;0.00492;0.00531;0.00547,
line-a-r00044,line-a,line-a-e01,33.1996481,-116.1551345,180.0,line-a-e02,33.1998075,-116.1549449,180.0,line-a-e09,33.2009233,-116.1536179,180.0,line-a-e10,33.2010827,-116.1534283,180.0,2026-08-17T14:08:48Z,dipole-dipole,7,3,0.602,1327.8,187.423,9.797,0.00505,0.00124,0.00852;0.00738;0.00712;0.00656;0.00487;0.00494;0.00421;0.00313;0.00249;0.00161,
line-a-r00045,line-a,line-a-e01,33.1996481,-116.1551345,180.0,line-a-e02,33.1998075,-116.1549449,180.0,line-a-e09,33.2009233,-116.1536179,180.0,line-a-e10,33.2010827,-116.1534283,180.0,2026-08-17T14:09:00Z,dipole-dipole,7,5,0.856,934.7,205.244,7.360,0.00489,0.00110,0.00166;0.00229;0.00336;0.00391;0.00395;0.00536;0.00602;0.00634;0.00768;0.00758,
line-a-r00046,line-a,line-a-e01,33.1996481,-116.1551345,180.0,line-a-e02,33.1998075,-116.1549449,180.0,line-a-e09,33.2009233,-116.1536179,180.0,line-a-e10,33.2010827,-116.1534283,180.0,2026-08-17T14:09:12Z,dipole-dipole,7,7,1.018,786.2,204.854,10.045,0.00392,0.00099,0.00611;0.00580;0.00473;0.00447;0.00436;0.00370;0.00272;0.00276;0.00197;0.00132,
line-a-r00047,line-a,line-a-e01,33.1996481,-116.1551345,180.0,line-a-e02,33.1998075,-116.1549449,180.0,line-a-e09,33.2009233,-116.1536179,180.0,line-a-e10,33.2010827,-116.1534283,180.0,2026-08-17T14:09:24Z,dipole-dipole,7,7,0.850,941.2,188.111,7.445,0.00565,0.00107,0.00860;0.00927;0.00728;0.00712;0.00648;0.00513;0.00429;0.00350;0.00286;0.00188,
line-a-r00048,line-a,line-a-e01,33.1996481,-116.1551345,180.0,line-a-e02,33.1998075,-116.1549449,180.0,line-a-e10,33.2010827,-116.1534283,180.0,line-a-e11,33.2012421,-116.1532387,180.0,2026-08-17T14:09:36Z,dipole-dipole,8,6,0.709,1128.5,181.344,5.431,0.00510,0.00102,0.00795;0.00848;0.00700;0.00607;0.00511;0.00494;0.00411;0.00316;0.00226;0.00178,
line-a-r00049,line-a,line-a-e01,33.1996481,-116.1551345,180.0,line-a-e02,33.1998075,-116.1549449,180.0,line-a-e10,33.2010827,-116.1534283,180.0,line-a-e11,33.2012421,-116.1532387,180.0,2026-08-17T14:09:48Z,dipole-dipole,8,3,0.613,1305.2,196.645,5.953,0.00844,0.00119,0.01484;0.01287;0.01141;0.01150;0.00941;0.00761;0.00663;0.00569;0.00430;0.00273,
line-a-r00050,line-a,line-a-e01,33.1996481,-116.1551345,180.0,line-a-e02,33.1998075,-116.1549449,180.0,line-a-e10,33.2010827,-116.1534283,180.0,line-a-e11,33.2012421,-116.1532387,180.0,2026-08-17T14:10:00Z,dipole-dipole,8,6,0.823,971.6,189.420,7.049,0.00686,0.00112,0.01013;0.01065;0.01022;0.00789;0.00732;0.00621;0.00498;0.00456;0.00384;0.00236,
line-a-r00051,line-a,line-a-e01,33.1996481,-116.1551345,180.0,line-a-e02,33.1998075,-116.1549449,180.0,line-a-e10,33.2010827,-116.1534283,180.0,line-a-e11,33.2012421,-116.1532387,180.0,2026-08-17T14:10:12Z,dipole-dipole,8,4,0.873,916.3,194.035,5.834,0.00715,0.00120,0.01225;0.00937;0.01008;0.00879;0.00833;0.00673;0.00539;0.00425;0.00328;0.00254,
line-a-r00052,line-a,line-a-e01,33.1996481,-116.1551345,180.0,line-a-e02,33.1998075,-116.1549449,180.0,line-a-e10,33.2010827,-116.1534283,180.0,line-a-e11,33.2012421,-116.1532387,180.0,2026-08-17T14:10:24Z,dipole-dipole,8,5,0.707,1131.4,185.638,6.429,0.00511,0.00141,0.00776;0.00809;0.00730;0.00697;0.00611;0.00526;0.00402;0.00344;0.00251;0.00181,
line-a-r00053,line-a,line-a-e01,33.1996481,-116.1551345,180.0,line-a-e02,33.1998075,-116.1549449,180.0,line-a-e10,33.2010827,-116.1534283,180.0,line-a-e11,33.2012421,-116.1532387,180.0,2026-08-17T14:10:36Z,dipole-dipole,8,6,0.830,964.0,191.874,8.085,0.00504,0.00116,0.00822;0.00703;0.00665;0.00671;0.00581;0.00484;0.00398;0.00316;0.00256;0.00181,
line-a-r00054,line-a,line-a-e01,33.1996481,-116.1551345,180.0,line-a-e02,33.1998075,-116.1549449,180.0,line-a-e10,33.2010827,-116.1534283,180.0,line-a-e11,33.2012421,-116.1532387,180.0,2026-08-17T14:10:48Z,dipole-dipole,8,5,0.772,1036.6,178.574,6.873,0.00810,0.00096,0.01296;0.01262;0.01175;0.01061;0.00775;0.00789;0.00627;0.00513;0.00412;0.00288,
line-a-r00055,line-a,line-a-e01,33.1996481,-116.1551345,180.0,line-a-e02,33.1998075,-116.1549449,180.0,line-a-e10,33.2010827,-116.1534283,180.0,line-a-e11,33.2012421,-116.1532387,180.0,2026-08-17T14:11:00Z,dipole-dipole,8,8,0.795,1006.2,201.174,5.840,0.00708,0.00132,0.01125;0.01077;0.00980;0.00847;0.00822;0.00661;0.00495;0.00456;0.00348;0.00251,
line-a-r00056,line-a,line-a-e02,33.1998075,-116.1549449,180.0,line-a-e03,33.1999669,-116.1547554,180.0,line-a-e04,33.2001263,-116.1545658,180.0,line-a-e05,33.2002857,-116.1543762,180.0,2026-08-17T14:11:12Z,dipole-dipole,1,3,1.712,467.4,197.340,9.881,0.00315,0.00095,0.00532;0.00464;0.00426;0.00386;0.00344;0.00279;0.00233;0.00208;0.00172;0.00113,
line-a-r00057,line-a,line-a-e02,33.1998075,-116.1549449,180.0,line-a-e03,33.1999669,-116.1547554,180.0,line-a-e04,33.2001263,-116.1545658,180.0,line-a-e05,33.2002857,-116.1543762,180.0,2026-08-17T14:11:24Z,dipole-dipole,1,5,1.578,507.0,200.374,8.080,0.00370,0.00090,0.00507;0.00550;0.00534;0.00505;0.00429;0.00338;0.00286;0.00237;0.00172;0.00123,
line-a-r00058,line-a,line-a-e02,33.1998075,-116.1549449,180.0,line-a-e03,33.1999669,-116.1547554,180.0,line-a-e04,33.2001263,-116.1545658,180.0,line-a-e05,33.2002857,-116.1543762,180.0,2026-08-17T14:11:36Z,dipole-dipole,1,4,1.933,413.8,208.448,6.136,0.00508,0.00110,0.00742;0.00770;0.00710;0.00624;0.00540;0.00521;0.00340;0.00337;0.00255;0.00175,
line-a-r00059,line-a,line-a-e02,33.1998075,-116.1549449,180.0,line-a-e03,33.1999669,-116.1547554,180.0,line-a-e04,33.2001263,-116.1545658,180.0,line-a-e05,33.2002857,-116.1543762,180.0,2026-08-17T14:11:48Z,dipole-dipole,1,4,1.759,454.9,209.535,10.021,0.00395,0.00089,0.00619;0.00556;0.00554;0.00538;0.00405;0.00392;0.00325;0.00248;0.00185;0.00149,
line-a-r00060,line-a,line-a-e02,33.1998075,-116.1549449,180.0,line-a-e03,33.1999669,-116.1547554,180.0,line-a-e04,33.2001263,-116.1545658,180.0,line-a-e05,33.2002857,-116.1543762,180.0,2026-08-17T14:12:00Z,dipole-dipole,1,6,1.411,567.2,192.024,6.589,0.00416,0.00081,0.00685;0.00662;0.00520;0.00501;0.00459;0.00387;0.00286;0.00218;0.00211;0.00140,
line-a-r00061,line-a,line-a-e02,33.1998075,-116.1549449,180.0,line-a-e03,33.1999669,-116.1547554,180.0,line-a-e04,33.2001263,-116.1545658,180.0,line-a-e05,33.2002857,-116.1543762,180.0,2026-08-17T14:12:12Z,dipole-dipole,1,3,2.000,382.7,203.871,9.052,0.00569,0.00139,0.00842;0.00885;0.00806;0.00748;0.00549;0.00457;0.00449;0.00352;0.00266;0.00193,
line-a-r00062,line-a,line-a-e02,33.1998075,-116.1549449,180.0,line-a-e03,33.1999669,-116.1547554,180.0,line-a-e04,33.2001263,-116.1545658,180.0,line-a-e05,33.2002857,-116.1543762,180.0,2026-08-17T14:12:24Z,dipole-dipole,1,7,1.602,499.5,214.468,9.138,0.00460,0.00082,0.00724;0.00727;0.00690;0.00555;0.00520;0.00428;0.00386;0.00301;0.00222;0.00165,
line-a-r00063,line-a,line-a-e02,33.1998075,-116.1549449,180.0,line-a-e03,33.1999669,-116.1547554,180.0,line-a-e05,33.2002857,-116.1543762,180.0,line-a-e06,33.2004451,-116.1541866,180.0,2026-08-17T14:12:36Z,dipole-dipole,2,3,1.301,614.9,206.742,7.285,0.00246,0.00096,0.00364;0.00362;0.00370;0.00278;0.00269;0.00252;0.00186;0.00164;0.00118;0.00095,
line-a-r00064,line-a,line-a-e02,33.1998075,-116.1549449,180.0,line-a-e03,33.1999669,-116.1547554,180.0,line-a-e05,33.2002857,-116.1543762,180.0,line-a-e06,33.2004451,-116.1541866,180.0,2026-08-17T14:12:48Z,dipole-dipole,2,4,2.000,364.6,211.866,7.663,0.00554,0.00086,0.00920;0.00805;0.00757;0.00670;0.00580;0.00548;0.00504;0.00371;0.00251;0.00211,
line-a-r00065,line-a,line-a-e02,33.1998075,-116.1549449,180.0,line-a-e03,33.1999669,-116.1547554,180.0,line-a-e05,33.2002857,-116.1543762,180.0,line-a-e06,33.2004451,-116.1541866,180.0,2026-08-17T14:13:00Z,dipole-dipole,2,4,1.524,525.0,180.649,6.383,0.00442,0.00114,0.00732;0.00692;0.00651;0.00522;0.00474;0.00428;0.00369;0.00271;0.00205;0.00156,
line-a-r00066,line-a,line-a-e02,33.1998075,-116.1549449,180.0,line-a-e03,33.1999669,-116.1547554,180.0,line-a-e05,33.2002857,-116.1543762,180.0,line-a-e06,33.2004451,-116.1541866,180.0,2026-08-17T14:13:12Z,dipole-dipole,2,7,1.495,535.0,195.969,6.754,0.00456,0.00118,0.00812;0.00733;0.00636;0.00576;0.00495;0.00449;0.00344;0.00302;0.00226;0.00177,
line-a-r00067,line-a,line-a-e02,33.1998075,-116.1549449,180.0,line-a-e03,33.1999669,-116.1547554,180.0,line-a-e05,33.2002857,-116.1543762,180.0,line-a-e06,33.2004451,-116.1541866,180.0,2026-08-17T14:13:24Z,dipole-dipole,2,3,1.719,465.5,191.633,7.241,0.00504,0.00113,0.00899;0.00778;0.00677;0.00598;0.00555;0.00490;0.00411;0.00343;0.00246;0.00173,
line-a-r00068,line-a,line-a-e02,33.1998075,-116.1549449,180.0,line-a-e03,33.1999669,-116.1547554,180.0,line-a-e05,33.2002857,-116.1543762,180.0,line-a-e06,33.2004451,-116.1541866,180.0,2026-08-17T14:13:36Z,dipole-dipole,2,4,1.571,509.2,197.867,9.176,0.00434,0.00107,0.00614;0.00694;0.00556;0.00530;0.00455;0.00392;0.00340;0.00267;0.00237;0.00152,
line-a-r00069,line-a,line-a-e02,33.1998075,-116.1549449,180.0,line-a-e03,33.1999669,-116.1547554,180.0,line-a-e06,33.2004451,-116.1541866,180.0,line-a-e07,33.2006045,-116.1539970,180.0,2026-08-17T14:13:48Z,dipole-dipole,3,3,1.543,518.6,191.689,6.879,0.00477,0.00098,0.00803;0.00717;0.00662;0.00602;0.00499;0.00466;0.00369;0.00316;0.00223;0.00197,
line-a-r00070,line-a,line-a-e02,33.1998075,-116.1549449,180.0,line-a-e03,33.1999669,-116.1547554,180.0,line-a-e06,33.2004451,-116.1541866,180.0,line-a-e07,33.2006045,-116.1539970,180.0,2026-08-17T14:14:00Z,dipole-dipole,3,6,1.970,406.0,211.254,6.006,0.00320,0.00121,0.00533;0.00510;0.00403;0.00386;0.00348;0.00312;0.00263;0.00190;0.00175;0.00100,
line-a-r00071,line-a,line-a-e02,33.1998075,-116.1549449,180.0,line-a-e03,33.1999669,-116.1547554,180.0,line-a-e06,33.2004451,-116.1541866,180.0,line-a-e07,33.2006045,-116.1539970,180.0,2026-08-17T14:14:12Z,dipole-dipole,3,3,1.832,436.8,-303.321,7.754,0.00417,0.00105,0.00638;0.00613;0.00588;0.00520;0.00446;0.00403;0.00374;0.00272;0.00213;0.00137,
line-a-r00072,line-a,line-a-e02,33.1998075,-116.1549449,180.0,line-a-e03,33.1999669,-116.1547554,180.0,line-a-e06,33.2004451,-116.1541866,180.0,line-a-e07,33.2006045,-116.1539970,180.0,2026-08-17T14:14:24Z,dipole-dipole,3,3,1.401,570.9,197.877,8.980,0.00601,0.00125,0.01021;0.00962;0.00795;0.00729;0.00681;0.00593;0.00411;0.00400;0.00294;0.00190,
line-a-r00073,line-a,line-a-e02,33.1998075,-116.1549449,180.0,line-a-e03,33.1999669,-116.1547554,180.0,line-a-e06,33.2004451,-116.1541866,180.0,line-a-e07,33.2006045,-116.1539970,180.0,2026-08-17T14:14:36Z,dipole-dipole,3,5,2.000,361.3,205.713,7.811,0.00489,0.00078,0.00903;0.00730;0.00711;0.00557;0.00530;0.00447;0.00388;0.00323;0.00214;0.00167,
line-a-r00074,line-a,line-a-e02,33.1998075,-116.1549449,180.0,line-a-e03,33.1999669,-116.1547554,180.0,line-a-e06,33.2004451,-116.1541866,180.0,line-a-e07,33.2006045,-116.1539970,180.0,2026-08-17T14:14:48Z,dipole-dipole,3,4,2.000,368.6,221.140,6.650,0.00433,0.00091,0.00653;0.00612;0.00601;0.00597;0.00499;0.00370;0.00354;0.00288;0.00225;0.00145,
line-a-r00075,line-a,line-a-e02,33.1998075,-116.1549449,180.0,line-a-e03,33.1999669,-116.1547554,180.0,line-a-e06,33.2004451,-116.1541866,180.0,line-a-e07,33.2006045,-116.1539970,180.0,2026-08-17T14:15:00Z,dipole-dipole,3,3,1.637,488.8,205.804,7.249,0.00597,0.00085,0.00954;0.00852;0.00832;0.00709;0.00674;0.00517;0.00462;0.00357;0.00277;0.00191,
line-a-r00076,line-a,line-a-e02,33.1998075,-116.1549449,180.0,line-a-e03,33.1999669,-116.1547554,180.0,line-a-e07,33.2006045,-116.1539970,180.0,line-a-e08,33.2007639,-116.1538074,180.0,2026-08-17T14:15:12Z,dipole-dipole,4,3,1.998,400.5,194.890,7.820,0.00541,0.00109,0.00894;0.00807;0.00726;0.00650;0.00561;0.00506;0.00441;0.00323;0.00293;0.00211,
line-a-r00077,line-a,line-a-e02,33.1998075,-116.1549449,180.0,line-a-e03,33.1999669,-116.1547554,180.0,line-a-e07,33.2006045,-116.1539970,180.0,line-a-e08,33.2007639,-116.1538074,180.0,2026-08-17T14:15:24Z,dipole-dipole,4,4,1.597,500.8,206.707,6.936,0.00268,0.00110,0.00452;0.00399;0.00342;0.00330;0.00336;0.00234;0.00221;0.00167;0.00133;0.00096,
line-a-r00078,line-a,line-a-e02,33.1998075,-116.1549449,180.0,line-a-e03,33.1999669,-116.1547554,180.0,line-a-e07,33.2006045,-116.1539970,180.0,line-a-e08,33.2007639,-116.1538074,180.0,2026-08-17T14:15:36Z,dipole-dipole,4,5,1.618,494.4,204.142,7.625,0.00480,0.00113,0.00753;0.00725;0.00630;0.00553;0.00535;0.00501;0.00359;0.00323;0.00229;0.00156,
line-a-r00079,line-a,line-a-e02,33.1998075,-116.1549449,180.0,line-a-e03,33.1999669,-116.1547554,180.0,line-a-e07,33.2006045,-116.1539970,180.0,line-a-e08,33.2007639,-116.1538074,180.0,2026-08-17T14:15:48Z,dipole-dipole,4,5,1.567,510.6,-235.833,8.381,0.00370,0.00086,0.00553;0.00533;0.00484;0.00482;0.00402;0.00337;0.00300;0.00246;0.00171;0.00121,
line-a-r00080,line-a,line-a-e02,33.1998075,-116.1549449,180.0,line-a-e03,33.1999669,-116.1547554,180.0,line-a-e07,33.2006045,-116.1539970,180.0,line-a-e08,33.2007639,-116.1538074,180.0,2026-08-17T14:16:00Z,dipole-dipole,4,6,2.000,388.7,202.987,6.775,0.00384,0.00081,0.00638;0.00533;0.00498;0.00475;0.00443;0.00398;0.00333;0.00250;0.00182;0.00119,
line-a-r00081,line-a,line-a-e02,33.1998075,-116.1549449,180.0,line-a-e03,33.1999669,-116.1547554,180.0,line-a-e07,33.2006045,-116.1539970,180.0,line-a-e08,33.2007639,-116.1538074,180.0,2026-08-17T14:16:12Z,dipole-dipole,4,6,1.746,458.2,189.727,7.234,0.00469,0.00095,0.00756;0.00675;0.00679;0.00617;0.00474;0.00462;0.00357;0.00300;0.00223;0.00174,
line-a-r00082,line-a,line-a-e02,33.1998075,-116.1549449,180.0,line-a-e03,33.1999669,-116.1547554,180.0,line-a-e07,33.2006045,-116.1539970,180.0,line-a-e08,33.2007639,-116.1538074,180.0,2026-08-17T14:16:24Z,dipole-dipole,4,7,1.568,510.2,204.880,8.629,0.00308,0.00085,0.00433;0.00483;0.00437;0.00376;0.00343;0.00305;0.00247;0.00198;0.00153;0.00102,
line-a-r00083,line-a,line-a-e02,33.1998075,-116.1549449,180.0,line-a-e03,33.1999669,-116.1547554,180.0,line-a-e08,33.2007639,-116.1538074,180.0,line-a-e09,33.2009233,-116.1536179,180.0,2026-08-17T14:16:36Z,dipole-dipole,5,5,1.761,454.3,211.096,7.463,0.00383,0.00080,0.00614;0.00580;0.00521;0.00457;0.00405;0.00369;0.00289;0.00252;0.00184;0.00129,
line-a-r00084,line-a,line-a-e02,33.1998075,-116.1549449,180.0,line-a-e03,33.1999669,-116.1547554,180.0,line-a-e08,33.2007639,-116.1538074,180.0,line-a-e09,33.2009233,-116.1536179,180.0,2026-08-17T14:16:48Z,dipole-dipole,5,6,1.977,404.6,194.932,6.534,0.00436,0.00110,0.00720;0.00650;0.00597;0.00544;0.00554;0.00426;0.00299;0.00283;0.00231;0.00158,
line-a-r00085,line-a,line-a-e02,33.1998075,-116.1549449,180.0,line-a-e03,33.1999669,-116.1547554,180.0,line-a-e08,33.2007639,-116.1538074,180.0,line-a-e09,33.2009233,-116.1536179,180.0,2026-08-17T14:17:00Z,dipole-dipole,5,3,1.655,483.5,215.888,9.272,0.00552,0.00092,0.00992;0.00826;0.00778;0.00698;0.00623;0.00491;0.00427;0.00318;0.00288;0.00188,
line-a-r00086,line-a,line-a-e02,33.1998075,-116.1549449,180.0,line-a-e03,33.1999669,-116.1547554,180.0,line-a-e08,33.2007639,-116.1538074,180.0,line-a-e09,33.2009233,-116.1536179,180.0,2026-08-17T14:17:12Z,dipole-dipole,5,5,1.797,445.2,212.350,8.080,0.00487,0.00087,0.00799;0.00754;0.00647;0.00560;0.00483;0.00404;0.00424;0.00294;0.00260;0.00177,
line-a-r00087,line-a,line-a-e02,33.1998075,-116.1549449,180.0,line-a-e03,33.1999669,-116.1547554,180.0,line-a-e08,33.2007639,-116.1538074,180.0,line-a-e09,33.2009233,-116.1536179,180.0,2026-08-17T14:17:24Z,dipole-dipole,5,7,1.211,660.8,212.472,8.936,0.00422,0.00115,0.00721;0.00576;0.00603;0.00548;0.00446;0.00371;0.00336;0.00281;0.00214;0.00172,
line-a-r00088,line-a,line-a-e02,33.1998075,-116.1549449,180.0,line-a-e03,33.1999669,-116.1547554,180.0,line-a-e08,33.2007639,-116.1538074,180.0,line-a-e09,33.2009233,-116.1536179,180.0,2026-08-17T14:17:36Z,dipole-dipole,5,8,1.865,428.8,214.742,7.167,0.00364,0.00097,0.00574;0.00599;0.00507;0.00476;0.00387;0.00344;0.00294;0.00231;0.00170;0.00132,
line-a-r00089,line-a,line-a-e02,33.1998075,-116.1549449,180.0,line-a-e03,33.1999669,-116.1547554,180.0,line-a-e08,33.2007639,-116.1538074,180.0,line-a-e09,33.2009233,-116.1536179,180.0,2026-08-17T14:17:48Z,dipole-dipole,5,6,1.548,516.9,199.023,8.203,0.00572,0.00089,0.00987;0.00856;0.00856;0.00701;0.00640;0.00533;0.00411;0.00390;0.00287;0.00204,
line-a-r00090,line-a,line-a-e02,33.1998075,-116.1549449,180.0,line-a-e03,33.1999669,-116.1547554,180.0,line-a-e08,33.2007639,-116.1538074,180.0,line-a-e09,33.2009233,-116.1536179,180.0,2026-08-17T14:18:00Z,dipole-dipole,5,7,1.472,543.3,203.512,6.007,0.00420,0.00114,0.00710;0.00563;0.00512;0.00490;0.00424;0.00391;0.00327;0.00238;0.00198;0.00138,
line-a-r00091,line-a,line-a-e02,33.1998075,-116.1549449,180.0,line-a-e03,33.1999669,-116.1547554,180.0,line-a-e09,33.2009233,-116.1536179,180.0,line-a-e10,33.2010827,-116.1534283,180.0,2026-08-17T14:18:12Z,dipole-dipole,6,6,1.717,465.9,202.679,6.935,0.00219,0.00104,0.00369;0.00342;0.00285;0.00300;0.00260;0.00213;0.00182;0.00145;0.00115;0.00080,
line-a-r00092,line-a,line-a-e02,33.1998075,-116.1549449,180.0,line-a-e03,33.1999669,-116.1547554,180.0,line-a-e09,33.2009233,-116.1536179,180.0,line-a-e10,33.2010827,-116.1534283,180.0,2026-08-17T14:18:24Z,dipole-dipole,6,4,1.657,482.9,199.925,8.093,0.00292,0.00103,0.00095;0.00152;0.00160;0.00235;0.00269;0.00310;0.00380;0.00400;0.00447;0.00447,
line-a-r00093,line-a,line-a-e02,33.1998075,-116.1549449,180.0,line-a-e03,33.1999669,-116.1547554,180.0,line-a-e09,33.2009233,-116.1536179,180.0,line-a-e10,33.2010827,-116.1534283,180.0,2026-08-17T14:18:36Z,dipole-dipole,6,7,1.482,539.9,212.992,7.154,0.00561,0.00096,0.00935;0.00897;0.00719;0.00699;0.00644;0.00544;0.00436;0.00316;0.00254;0.00206,
line-a-r00094,line-a,line-a-e02,33.1998075,-116.1549449,180.0,line-a-e03,33.1999669,-116.1547554,180.0,line-a-e09,33.2009233,-116.1536179,180.0,line-a-e10,33.2010827,-116.1534283,180.0,2026-08-17T14:18:48Z,dipole-dipole,6,5,1.705,469.1,196.044,6.826,0.00462,0.00105,0.00727;0.00733;0.00664;0.00505;0.00546;0.00471;0.00385;0.00301;0.00234;0.00155,
line-a-r00095,line-a,line-a-e02,33.1998075,-116.1549449,180.0,line-a-e03,33.1999669,-116.1547554,180.0,line-a-e09,33.2009233,-116.1536179,180.0,line-a-e10,33.2010827,-116.1534283,180.0,2026-08-17T14:19:00Z,dipole-dipole,6,3,1.421,562.8,201.353,481.890,0.00271,0.00087,0.00450;0.00409;0.00368;0.00331;0.00312;0.00256;0.00219;0.00185;0.00139;0.00100,
line-a-r00096,line-a,line-a-e02,33.1998075,-116.1549449,180.0,line-a-e03,33.1999669,-116.1547554,180.0,line-a-e09,33.2009233,-116.1536179,180.0,line-a-e10,33.2010827,-116.1534283,180.0,2026-08-17T14:19:12Z,dipole-dipole,6,5,1.468,544.8,208.212,6.551,0.00566,0.00138,0.00849;0.00902;0.00813;0.00708;0.00646;0.00618;0.00441;0.00364;0.00265;0.00219,
line-a-r00097,line-a,line-a-e02,33.1998075,-116.1549449,180.0,line-a-e03,33.1999669,-116.1547554,180.0,line-a-e09,33.2009233,-116.1536179,180.0,line-a-e10,33.2010827,-116.1534283,180.0,2026-08-17T14:19:24Z,dipole-dipole,6,8,1.956,409.0,206.909,7.894,0.00424,0.00094,0.00665;0.00572;0.00534;0.00532;0.00443;0.00389;0.00317;0.00264;0.00192;0.00145,
line-a-r00098,line-a,line-a-e02,33.1998075,-116.1549449,180.0,line-a-e03,33.1999669,-116.1547554,180.0,line-a-e10,33.2010827,-116.1534283,180.0,line-a-e11,33.2012421,-116.1532387,180.0,2026-08-17T14:19:36Z,dipole-dipole,7,6,1.680,476.2,174.955,5.544,0.00787,0.00099,0.01303;0.01214;0.01127;0.00954;0.00880;0.00697;0.00623;0.00532;0.00404;0.00294,
line-a-r00099,line-a,line-a-e02,33.1998075,-116.1549449,180.0,line-a-e03,33.1999669,-116.1547554,180.0,line-a-e10,33.2010827,-116.1534283,180.0,line-a-e11,33.2012421,-116.1532387,180.0,2026-08-17T14:19:48Z,dipole-dipole,7,5,1.518,526.9,186.874,6.783,0.00741,0.00117,0.01179;0.01071;0.00984;0.00927;0.00820;0.00744;0.00579;0.00496;0.00362;0.00288,
line-a-r00100,line-a,line-a-e02,33.1998075,-116.1549449,180.0,line-a-e03,33.1999669,-116.1547554,180.0,line-a-e10,33.2010827,-116.1534283,180.0,line-a-e11,33.2012421,-116.1532387,180.0,2026-08-17T14:20:00Z,dipole-dipole,7,7,1.908,419.4,183.769,6.928,0.00702,0.00158,0.01118;0.00952;0.00968;0.00770;0.00844;0.00737;0.00563;0.00440;0.00327;0.00245,
line-a-r00101,line-a,line-a-e02,33.1998075,-116.1549449,180.0,line-a-e03,33.1999669,-116.1547554,180.0,line-a-e10,33.2010827,-116.1534283,180.0,line-a-e11,33.2012421,-116.1532387,180.0,2026-08-17T14:20:12Z,dipole-dipole,7,5,1.829,437.5,174.734,5.359,0.00726,0.00102,0.00274;0.00346;0.00447;0.00656;0.00667;0.00742;0.00892;0.01006;0.01224;0.01092,
line-a-r00102,line-a,line-a-e02,33.1998075,-116.1549449,180.0,line-a-e03,33.1999669,-116.1547554,180.0,line-a-e10,33.2010827,-116.1534283,180.0,line-a-e11,33.2012421,-116.1532387,180.0,2026-08-17T14:20:24Z,dipole-dipole,7,3,1.721,464.8,172.013,6.393,0.00644,0.00104,0.00995;0.00955;0.00868;0.00806;0.00645;0.00725;0.00487;0.00386;0.00331;0.00232,
line-a-r00103,line-a,line-a-e02,33.1998075,-116.1549449,180.0,line-a-e03,33.1999669,-116.1547554,180.0,line-a-e10,33.2010827,-116.1534283,180.0,line-a-e11,33.2012421,-116.1532387,180.0,2026-08-17T14:20:36Z,dipole-dipole,7,3,2.000,397.3,200.937,8.108,0.00611,0.00134,0.00981;0.00889;0.00783;0.00819;0.00743;0.00506;0.00483;0.00370;0.00324;0.00208,
line-a-r00104,line-a,line-a-e02,33.1998075,-116.1549449,180.0,line-a-e03,33.1999669,-116.1547554,180.0,line-a-e11,33.2012421,-116.1532387,180.0,line-a-e12,33.2014015,-116.1530491,180.0,2026-08-17T14:20:48Z,dipole-dipole,8,5,1.388,576.4,155.631,6.733,0.00865,0.00151,0.01418;0.01264;0.01213;0.01012;0.00909;0.00797;0.00623;0.00543;0.00416;0.00311,
line-a-r00105,line-a,line-a-e02,33.1998075,-116.1549449,180.0,line-a-e03,33.1999669,-116.1547554,180.0,line-a-e11,33.2012421,-116.1532387,180.0,line-a-e12,33.2014015,-116.1530491,180.0,2026-08-17T14:21:00Z,dipole-dipole,8,4,1.816,440.5,162.136,4.660,0.01284,0.00141,0.01877;0.02085;0.01767;0.01502;0.01490;0.01105;0.01028;0.00822;0.00595;0.00422,
line-a-r00106,line-a,line-a-e02,33.1998075,-116.1549449,180.0,line-a-e03,33.1999669,-116.1547554,180.0,line-a-e11,33.2012421,-116.1532387,180.0,line-a-e12,33.2014015,-116.1530491,180.0,2026-08-17T14:21:12Z,dipole-dipole,8,6,1.577,507.4,158.425,6.227,0.01298,0.00136,0.02306;0.01685;0.01641;0.01642;0.01415;0.01143;0.01057;0.00838;0.00635;0.00537,
line-a-r00107,line-a,line-a-e02,33.1998075,-116.1549449,180.0,line-a-e03,33.1999669,-116.1547554,180.0,line-a-e11,33.2012421,-116.1532387,180.0,line-a-e12,33.2014015,-116.1530491,180.0,2026-08-17T14:21:24Z,dipole-dipole,8,8,1.627,491.6,168.004,6.657,0.01131,0.00140,0.01754;0.01779;0.01572;0.01479;0.01201;0.00982;0.00912;0.00746;0.00474;0.00403,
line-a-r00108,line-a,line-a-e02,33.1998075,-116.1549449,180.0,line-a-e03,33.1999669,-116.1547554,180.0,line-a-e11,33.2012421,-116.1532387,180.0,line-a-e12,33.2014015,-116.1530491,180.0,2026-08-17T14:21:36Z,dipole-dipole,8,8,1.764,453.5,176.385,5.785,0.01205,0.00123,0.02077;0.01464;0.01607;0.01446;0.01358;0.01158;0.00853;0.00825;0.00574;0.00442,
line-a-r00109,line-a,line-a-e02,33.1998075,-116.1549449,180.0,line-a-e03,33.1999669,-116.1547554,180.0,line-a-e11,33.2012421,-116.1532387,180.0,line-a-e12,33.2014015,-116.1530491,180.0,2026-08-17T14:21:48Z,dipole-dipole,8,7,1.748,457.7,165.023,6.596,0.00974,0.00132,0.01462;0.01374;0.01435;0.01244;0.01013;0.00978;0.00754;0.00628;0.00473;0.00336,
line-a-r00110,line-a,line-a-e02,33.1998075,-116.1549449,180.0,line-a-e03,33.1999669,-116.1547554,180.0,line-a-e11,33.2012421,-116.1532387,180.0,line-a-e12,33.2014015,-116.1530491,180.0,2026-08-17T14:22:00Z,dipole-dipole,8,5,1.546,517.5,160.133,6.505,0.01059,0.00149,0.01684;0.01541;0.01593;0.01357;0.01193;0.01087;0.00812;0.00652;0.00507;0.00380,
line-a-r00111,line-a,line-a-e03,33.1999669,-116.1547554,180.0,line-a-e04,33.2001263,-116.1545658,180.0,line-a-e05,33.2002857,-116.1543762,180.0,line-a-e06,33.2004451,-116.1541866,180.0,2026-08-17T14:22:12Z,dipole-dipole,1,6,1.099,728.1,218.467,575.594,0.00493,0.00124,0.00733;0.00663;0.00619;0.00607;0.00524;0.00498;0.00344;0.00317;0.00229;0.00180,
line-a-r00112,line-a,line-a-e03,33.1999669,-116.1547554,180.0,line-a-e04,33.2001263,-116.1545658,180.0,line-a-e05,33.2002857,-116.1543762,180.0,line-a-e06,33.2004451,-116.1541866,180.0,2026-08-17T14:22:24Z,dipole-dipole,1,3,1.602,499.3,208.624,8.407,0.00542,0.00095,0.00749;0.00817;0.00765;0.00659;0.00565;0.00490;0.00426;0.00386;0.00282;0.00174,
line-a-r00113,line-a,line-a-e03,33.1999669,-116.1547554,180.0,line-a-e04,33.2001263,-116.1545658,180.0,line-a-e05,33.2002857,-116.1543762,180.0,line-a-e06,33.2004451,-116.1541866,180.0,2026-08-17T14:22:36Z,dipole-dipole,1,3,1.859,430.4,204.165,6.688,0.00468,0.00122,0.00703;0.00694;0.00617;0.00541;0.00551;0.00492;0.00384;0.00282;0.00214;0.00159,
line-a-r01099,line-a,line-a-e03,33.1999669,-116.1547554,180.0,line-a-e04,33.2001263,-116.1545658,180.0,line-a-e05,33.2002857,-116.1543762,180.0,line-a-e06,33.2004451,-116.1541866,180.0,2026-08-17T14:22:48Z,dipole-dipole,1,8,1.816,440.4,197.230,7.179,0.00479,0.00096,0.00815;0.00743;0.00631;0.00638;0.00489;0.00462;0.00380;0.00302;0.00246;0.00160,
line-a-r00115,line-a,line-a-e03,33.1999669,-116.1547554,180.0,line-a-e04,33.2001263,-116.1545658,180.0,line-a-e05,33.2002857,-116.1543762,180.0,line-a-e06,33.2004451,-116.1541866,180.0,2026-08-17T14:23:00Z,dipole-dipole,1,6,2.000,345.2,210.552,8.204,0.00543,0.00125,0.00930;0.00810;0.00760;0.00682;0.00526;0.00512;0.00449;0.00334;0.00267;0.00198,
line-a-r00116,line-a,line-a-e03,33.1999669,-116.1547554,180.0,line-a-e04,33.2001263,-116.1545658,180.0,line-a-e05,33.2002857,-116.1543762,180.0,line-a-e06,33.2004451,-116.1541866,180.0,2026-08-17T14:23:12Z,dipole-dipole,1,7,1.321,605.7,197.236,10.838,0.00541,0.00117,0.00911;0.00948;0.00673;0.00682;0.00602;0.00582;0.00462;0.00371;0.00253;0.00195,
line-a-r00117,line-a,line-a-e03,33.1999669,-116.1547554,180.0,line-a-e04,33.2001263,-116.1545658,180.0,line-a-e05,33.2002857,-116.1543762,180.0,line-a-e06,33.2004451,-116.1541866,180.0,2026-08-17T14:23:24Z,dipole-dipole,1,5,1.274,628.1,203.687,6.980,0.00656,0.00099,0.01046;0.00984;0.00977;0.00736;0.00715;0.00669;0.00542;0.00400;0.00305;0.00228,
line-a-r00118,line-a,line-a-e03,33.1999669,-116.1547554,180.0,line-a-e04,33.2001263,-116.1545658,180.0,line-a-e05,33.2002857,-116.1543762,180.0,line-a-e06,33.2004451,-116.1541866,180.0,2026-08-17T14:23:36Z,dipole-dipole,1,3,1.835,436.0,206.600,4.695,0.00339,0.00129,0.00556;0.00468;0.00467;0.00425;0.00366;0.00291;0.00261;0.00199;0.00170;0.00119,
line-a-r00119,line-a,line-a-e03,33.1999669,-116.1547554,180.0,line-a-e04,33.2001263,-116.1545658,180.0,line-a-e06,33.2004451,-116.1541866,180.0,line-a-e07,33.2006045,-116.1539970,180.0,2026-08-17T14:23:48Z,dipole-dipole,2,3,1.691,473.1,194.504,6.889,0.00511,0.00097,0.00707;0.00805;0.00722;0.00626;0.00520;0.00523;0.00393;0.00337;0.00241;0.00202,
line-a-r00120,line-a,line-a-e03,33.1999669,-116.1547554,180.0,line-a-e04,33.2001263,-116.1545658,180.0,line-a-e06,33.2004451,-116.1541866,180.0,line-a-e07,33.2006045,-116.1539970,180.0,2026-08-17T14:24:00Z,dipole-dipole,2,8,1.549,516.5,208.579,9.438,0.00466,0.00107,0.00725;0.00658;0.00627;0.00539;0.00526;0.00453;0.00385;0.00313;0.00242;0.00166,
line-a-r00121,line-a,line-a-e03,33.1999669,-116.1547554,180.0,line-a-e04,33.2001263,-116.1545658,180.0,line-a-e06,33.2004451,-116.1541866,180.0,line-a-e07,33.2006045,-116.1539970,180.0,2026-08-17T14:24:12Z,dipole-dipole,2,8,1.688,474.1,195.669,8.085,0.00524,0.00110,0.00864;0.00768;0.00728;0.00612;0.00597;0.00468;0.00415;0.00349;0.00242;0.00166,
line-a-r00122,line-a,line-a-e03,33.1999669,-116.1547554,180.0,line-a-e04,33.2001263,-116.1545658,180.0,line-a-e06,33.2004451,-116.1541866,180.0,line-a-e07,33.2006045,-116.1539970,180.0,2026-08-17T14:24:24Z,dipole-dipole,2,7,1.608,497.6,-179.793,7.862,0.00534,0.00102,0.00749;0.00730;0.00677;0.00662;0.00563;0.00488;0.00441;0.00318;0.00260;0.00185,
line-a-r00123,line-a,line-a-e03,33.1999669,-116.1547554,180.0,line-a-e04,33.2001263,-116.1545658,180.0,line-a-e06,33.2004451,-116.1541866,180.0,line-a-e07,33.2006045,-116.1539970,180.0,2026-08-17T14:24:36Z,dipole-dipole,2,3,1.571,509.4,200.948,6.303,0.00424,0.00124,0.00660;0.00651;0.00550;0.00492;0.00446;0.00398;0.00326;0.00281;0.00199;0.00156,
line-a-r00124,line-a,line-a-e03,33.1999669,-116.1547554,180.0,line-a-e04,33.2001263,-116.1545658,180.0,line-a-e06,33.2004451,-116.1541866,180.0,line-a-e07,33.2006045,-116.1539970,180.0,2026-08-17T14:24:48Z,dipole-dipole,2,6,1.487,538.2,196.225,8.762,0.00380,0.00095,0.00574;0.00553;0.00520;0.00462;0.00389;0.00351;0.00296;0.00252;0.00191;0.00157,
line-a-r00125,line-a,line-a-e03,33.1999669,-116.1547554,180.0,line-a-e04,33.2001263,-116.1545658,180.0,line-a-e06,33.2004451,-116.1541866,180.0,line-a-e07,33.2006045,-116.1539970,180.0,2026-08-17T14:25:00Z,dipole-dipole,2,3,2.000,394.0,204.180,7.054,0.00335,0.00101,0.00514;0.00455;0.00475;0.00420;0.00353;0.00325;0.00248;0.00222;0.00155;0.00129,
line-a-r00126,line-a,line-a-e03,33.1999669,-116.1547554,180.0,line-a-e04,33.2001263,-116.1545658,180.0,line-a-e06,33.2004451,-116.1541866,180.0,line-a-e07,33.2006045,-116.1539970,180.0,2026-08-17T14:25:12Z,dipole-dipole,2,4,2.000,349.2,204.016,8.358,0.00476,0.00126,0.00844;0.00701;0.00674;0.00541;0.00504;0.00479;0.00396;0.00264;0.00224;0.00170,
line-a-r00127,line-a,line-a-e03,33.1999669,-116.1547554,180.0,line-a-e04,33.2001263,-116.1545658,180.0,line-a-e07,33.2006045,-116.1539970,180.0,line-a-e08,33.2007639,-116.1538074,180.0,2026-08-17T14:25:24Z,dipole-dipole,3,3,1.767,452.6,191.135,6.476,0.00469,0.00121,0.00752;0.00678;0.00771;0.00618;0.00535;0.00497;0.00401;0.00271;0.00227;0.00148,
line-a-r00128,line-a,line-a-e03,33.1999669,-116.1547554,180.0,line-a-e04,33.2001263,-116.1545658,180.0,line-a-e07,33.2006045,-116.1539970,180.0,line-a-e08,33.2007639,-116.1538074,180.0,2026-08-17T14:25:36Z,dipole-dipole,3,4,1.621,493.6,181.363,7.221,0.00642,0.00140,0.00933;0.00822;0.00857;0.00814;0.00638;0.00668;0.00567;0.00401;0.00327;0.00223,
line-a-r00129,line-a,line-a-e03,33.1999669,-116.1547554,180.0,line-a-e04,33.2001263,-116.1545658,180.0,line-a-e07,33.2006045,-116.1539970,180.0,line-a-e08,33.2007639,-116.1538074,180.0,2026-08-17T14:25:48Z,dipole-dipole,3,7,1.714,466.8,211.388,7.434,0.00343,0.00112,0.00585;0.00484;0.00445;0.00423;0.00389;0.00331;0.00249;0.00231;0.00175;0.00119,
line-a-r00130,line-a,line-a-e03,33.1999669,-116.1547554,180.0,line-a-e04,33.2001263,-116.1545658,180.0,line-a-e07,33.2006045,-116.1539970,180.0,line-a-e08,33.2007639,-116.1538074,180.0,2026-08-17T14:26:00Z,dipole-dipole,3,3,1.765,453.3,193.358,7.997,0.00331,0.00112,0.00535;0.00484;0.00426;0.00468;0.00349;0.00344;0.00277;0.00189;0.00152;0.00114,
line-a-r00131,line-a,line-a-e03,33.1999669,-116.1547554,180.0,line-a-e04,33.2001263,-116.1545658,180.0,line-a-e07,33.2006045,-116.1539970,180.0,line-a-e08,33.2007639,-116.1538074,180.0,2026-08-17T14:26:12Z,dipole-dipole,3,6,1.563,511.8,212.573,6.671,0.00527,0.00101,0.00828;0.00806;0.00705;0.00627;0.00577;0.00500;0.00412;0.00333;0.00260;0.00175,
line-a-r00132,line-a,line-a-e03,33.1999669,-116.1547554,180.0,line-a-e04,33.2001263,-116.1545658,180.0,line-a-e07,33.2006045,-116.1539970,180.0,line-a-e08,33.2007639,-116.1538074,180.0,2026-08-17T14:26:24Z,dipole-dipole,3,6,1.575,508.1,198.169,7.618,0.00330,0.00130,0.00560;0.00470;0.00425;0.00401;0.00344;0.00310;0.00251;0.00208;0.00162;0.00113,
line-a-r00133,line-a,line-a-e03,33.1999669,-116.1547554,180.0,line-a-e04,33.2001263,-116.1545658,180.0,line-a-e07,33.2006045,-116.1539970,180.0,line-a-e08,33.2007639,-116.1538074,180.0,2026-08-17T14:26:36Z,dipole-dipole,3,3,1.663,481.2,210.436,5.715,0.00359,0.00088,0.00589;0.00532;0.00457;0.00460;0.00378;0.00354;0.00262;0.00237;0.00185;0.00144,
line-a-r00134,line-a,line-a-e03,33.1999669,-116.1547554,180.0,line-a-e04,33.2001263,-116.1545658,180.0,line-a-e08,33.2007639,-116.1538074,180.0,line-a-e09,33.2009233,-116.1536179,180.0,2026-08-17T14:26:48Z,dipole-dipole,4,8,1.631,490.5,209.523,6.460,0.00505,0.00106,0.00737;0.00678;0.00681;0.00622;0.00513;0.00471;0.00398;0.00274;0.00233;0.00181,
line-a-r00135,line-a,line-a-e03,33.1999669,-116.1547554,180.0,line-a-e04,33.2001263,-116.1545658,180.0,line-a-e08,33.2007639,-116.1538074,180.0,line-a-e09,33.2009233,-116.1536179,180.0,2026-08-17T14:27:00Z,dipole-dipole,4,4,1.628,491.3,203.172,6.870,0.00577,0.00137,0.00958;0.00860;0.00764;0.00761;0.00658;0.00550;0.00444;0.00398;0.00291;0.00191,
line-a-r00136,line-a,line-a-e03,33.1999669,-116.1547554,180.0,line-a-e04,33.2001263,-116.1545658,180.0,line-a-e08,33.2007639,-116.1538074,180.0,line-a-e09,33.2009233,-116.1536179,180.0,2026-08-17T14:27:12Z,dipole-dipole,4,6,1.159,690.1,-223.019,7.050,0.00638,0.00105,0.00963;0.00877;0.00842;0.00699;0.00758;0.00594;0.00540;0.00442;0.00336;0.00206,
line-a-r00137,line-a,line-a-e03,33.1999669,-116.1547554,180.0,line-a-e04,33.2001263,-116.1545658,180.0,line-a-e08,33.2007639,-116.1538074,180.0,line-a-e09,33.2009233,-116.1536179,180.0,2026-08-17T14:27:24Z,dipole-dipole,4,6,1.654,483.7,206.209,7.196,0.00350,0.00111,0.00617;0.00550;0.00450;0.00423;0.00364;0.00309;0.00283;0.00212;0.00173;0.00122,
line-a-r00138,line-a,line-a-e03,33.1999669,-116.1547554,180.0,line-a-e04,33.2001263,-116.1545658,180.0,line-a-e08,33.2007639,-116.1538074,180.0,line-a-e09,33.2009233,-116.1536179,180.0,2026-08-17T14:27:36Z,dipole-dipole,4,4,1.552,515.4,203.279,7.751,0.00501,0.00105,0.00817;0.00767;0.00645;0.00587;0.00555;0.00438;0.00412;0.00296;0.00224;0.00175,
line-a-r00139,line-a,line-a-e03,33.1999669,-116.1547554,180.0,line-a-e04,33.2001263,-116.1545658,180.0,line-a-e08,33.2007639,-116.1538074,180.0,line-a-e09,33.2009233,-116.1536179,180.0,2026-08-17T14:27:48Z,dipole-dipole,4,8,1.465,546.2,201.330,431.097,0.00346,0.00101,0.00488;0.00512;0.00500;0.00449;0.00371;0.00327;0.00288;0.00217;0.00165;0.00119,
line-a-r00140,line-a,line-a-e03,33.1999669,-116.1547554,180.0,line-a-e04,33.2001263,-116.1545658,180.0,line-a-e09,33.2009233,-116.1536179,180.0,line-a-e10,33.2010827,-116.1534283,180.0,2026-08-17T14:28:00Z,dipole-dipole,5,6,1.481,540.2,205.989,8.840,0.00572,0.00118,0.00877;0.00795;0.00786;0.00719;0.00654;0.00491;0.00465;0.00364;0.00271;0.00196,
line-a-r00141,line-a,line-a-e03,33.1999669,-116.1547554,180.0,line-a-e04,33.2001263,-116.1545658,180.0,line-a-e09,33.2009233,-116.1536179,180.0,line-a-e10,33.2010827,-116.1534283,180.0,2026-08-17T14:28:12Z,dipole-dipole,5,3,1.730,462.4,195.494,8.300,0.00213,0.00113,0.00341;0.00321;0.00286;0.00270;0.00256;0.00205;0.00169;0.00130;0.00110;0.00078,
line-a-r00142,line-a,line-a-e03,33.1999669,-116.1547554,180.0,line-a-e04,33.2001263,-116.1545658,180.0,line-a-e09,33.2009233,-116.1536179,180.0,line-a-e10,33.2010827,-116.1534283,180.0,2026-08-17T14:28:24Z,dipole-dipole,5,7,1.584,505.0,201.836,8.201,0.00525,0.00093,0.00828;0.00833;0.00731;0.00656;0.00617;0.00477;0.00431;0.00347;0.00253;0.00177,
line-a-r00143,line-a,line-a-e03,33.1999669,-116.1547554,180.0,line-a-e04,33.2001263,-116.1545658,180.0,line-a-e09,33.2009233,-116.1536179,180.0,line-a-e10,33.2010827,-116.1534283,180.0,2026-08-17T14:28:36Z,dipole-dipole,5,6,1.446,553.1,202.554,7.903,0.00595,0.00087,0.00898;0.00860;0.00739;0.00823;0.00595;0.00608;0.00466;0.00379;0.00300;0.00222,
line-a-r00144,line-a,line-a-e03,33.1999669,-116.1547554,180.0,line-a-e04,33.2001263,-116.1545658,180.0,line-a-e09,33.2009233,-116.1536179,180.0,line-a-e10,33.2010827,-116.1534283,180.0,2026-08-17T14:28:48Z,dipole-dipole,5,8,1.440,555.5,208.615,6.996,0.00368,0.00086,0.00541;0.00498;0.00469;0.00452;0.00363;0.00343;0.00273;0.00222;0.00182;0.00132,
line-a-r00145,line-a,line-a-e03,33.1999669,-116.1547554,180.0,line-a-e04,33.2001263,-116.1545658,180.0,line-a-e09,33.2009233,-116.1536179,180.0,line-a-e10,33.2010827,-116.1534283,180.0,2026-08-17T14:29:00Z,dipole-dipole,5,8,1.506,531.2,206.118,9.664,0.00295,0.00105,0.00435;0.00439;0.00425;0.00372;0.00305;0.00284;0.00236;0.00186;0.00145;0.00109,
line-a-r00146,line-a,line-a-e03,33.1999669,-116.1547554,180.0,line-a-e04,33.2001263,-116.1545658,180.0,line-a-e10,33.2010827,-116.1534283,180.0,line-a-e11,33.2012421,-116.1532387,180.0,2026-08-17T14:29:12Z,dipole-dipole,6,5,1.799,444.7,196.101,7.326,0.00866,0.00107,0.01496;0.01318;0.01248;0.01092;0.00913;0.00834;0.00649;0.00568;0.00405;0.00286,
line-a-r00147,line-a,line-a-e03,33.1999669,-116.1547554,180.0,line-a-e04,33.2001263,-116.1545658,180.0,line-a-e10,33.2010827,-116.1534283,180.0,line-a-e11,33.2012421,-116.1532387,180.0,2026-08-17T14:29:24Z,dipole-dipole,6,6,1.873,427.0,195.670,6.814,0.00633,0.00134,0.00939;0.00824;0.00848;0.00812;0.00634;0.00561;0.00488;0.00426;0.00301;0.00236,
line-a-r00148,line-a,line-a-e03,33.1999669,-116.1547554,180.0,line-a-e04,33.2001263,-116.1545658,180.0,line-a-e10,33.2010827,-116.1534283,180.0,line-a-e11,33.2012421,-116.1532387,180.0,2026-08-17T14:29:36Z,dipole-dipole,6,5,1.246,641.9,185.439,6.652,0.00670,0.00126,0.01015;0.01019;0.00927;0.00850;0.00829;0.00602;0.00546;0.00390;0.00338;0.00236,
line-a-r01647,line-a,line-a-e03,33.1999669,-116.1547554,180.0,line-a-e04,33.2001263,-116.1545658,180.0,line-a-e10,33.2010827,-116.1534283,180.0,line-a-e11,33.2012421,-116.1532387,180.0,2026-08-17T14:29:48Z,dipole-dipole,6,3,1.753,456.5,186.299,8.502,0.00684,0.00116,0.01236;0.01062;0.00928;0.00817;0.00773;0.00723;0.00529;0.00435;0.00330;0.00216,
line-a-r00150,line-a,line-a-e03,33.1999669,-116.1547554,180.0,line-a-e04,33.2001263,-116.1545658,180.0,line-a-e10,33.2010827,-116.1534283,180.0,line-a-e11,33.2012421,-116.1532387,180.0,2026-08-17T14:30:00Z,dipole-dipole,6,7,1.454,550.1,192.395,8.678,0.00763,0.00102,0.01199;0.01146;0.01085;0.00920;0.00808;0.00692;0.00656;0.00498;0.00357;0.00278,
line-a-r00151,line-a,line-a-e03,33.1999669,-116.1547554,180.0,line-a-e04,33.2001263,-116.1545658,180.0,line-a-e10,33.2010827,-116.1534283,180.0,line-a-e11,33.2012421,-116.1532387,180.0,2026-08-17T14:30:12Z,dipole-dipole,6,4,1.770,452.0,198.106,5.871,0.00670,0.00106,0.01207;0.01059;0.01030;0.00855;0.00703;0.00593;0.00516;0.00439;0.00310;0.00241,
line-a-r00152,line-a,line-a-e03,33.1999669,-116.1547554,180.0,line-a-e04,33.2001263,-116.1545658,180.0,line-a-e10,33.2010827,-116.1534283,180.0,line-a-e11,33.2012421,-116.1532387,180.0,2026-08-17T14:30:24Z,dipole-dipole,6,7,1.484,539.2,186.506,7.583,0.00614,0.00143,0.00945;0.00887;0.00925;0.00709;0.00688;0.00640;0.00489;0.00419;0.00295;0.00231,
line-a-r00153,line-a,line-a-e03,33.1999669,-116.1547554,180.0,line-a-e04,33.2001263,-116.1545658,180.0,line-a-e11,33.2012421,-116.1532387,180.0,line-a-e12,33.2014015,-116.1530491,180.0,2026-08-17T14:30:36Z,dipole-dipole,7,4,1.903,420.4,155.872,7.144,0.01065,0.00100,0.01811;0.01636;0.01263;0.01312;0.01274;0.00895;0.00801;0.00672;0.00506;0.00363,
line-a-r00154,line-a,line-a-e03,33.1999669,-116.1547554,180.0,line-a-e04,33.2001263,-116.1545658,180.0,line-a-e11,33.2012421,-116.1532387,180.0,line-a-e12,33.2014015,-116.1530491,180.0,2026-08-17T14:30:48Z,dipole-dipole,7,6,1.791,446.7,173.635,6.625,0.00972,0.00134,0.01484;0.01528;0.01280;0.01226;0.01103;0.00999;0.00748;0.00628;0.00492;0.00314,
line-a-r00155,line-a,line-a-e03,33.1999669,-116.1547554,180.0,line-a-e04,33.2001263,-116.1545658,180.0,line-a-e11,33.2012421,-116.1532387,180.0,line-a-e12,33.2014015,-116.1530491,180.0,2026-08-17T14:31:00Z,dipole-dipole,7,3,2.000,391.3,169.741,6.783,0.00908,0.00098,0.01524;0.01335;0.01275;0.01049;0.00928;0.00870;0.00715;0.00558;0.00471;0.00301,
line-a-r00156,line-a,line-a-e03,33.1999669,-116.1547554,180.0,line-a-e04,33.2001263,-116.1545658,180.0,line-a-e11,33.2012421,-116.1532387,180.0,line-a-e12,33.2014015,-116.1530491,180.0,2026-08-17T14:31:12Z,dipole-dipole,7,3,2.000,381.0,164.706,7.476,0.01220,0.00146,0.01783;0.01904;0.01642;0.01469;0.01216;0.01243;0.00917;0.00740;0.00589;0.00423,
line-a-r00157,line-a,line-a-e03,33.1999669,-116.1547554,180.0,line-a-e04,33.2001263,-116.1545658,180.0,line-a-e11,33.2012421,-116.1532387,180.0,line-a-e12,33.2014015,-116.1530491,180.0,2026-08-17T14:31:24Z,dipole-dipole,7,6,1.426,561.0,171.135,7.852,0.00989,0.00113,0.01534;0.01580;0.01318;0.01129;0.01168;0.00960;0.00865;0.00605;0.00464;0.00365,
line-a-r00158,line-a,line-a-e03,33.1999669,-116.1547554,180.0,line-a-e04,33.2001263,-116.1545658,180.0,line-a-e11,33.2012421,-116.1532387,180.0,line-a-e12,33.2014015,-116.1530491,180.0,2026-08-17T14:31:36Z,dipole-dipole,7,5,1.494,535.6,184.555,6.793,0.01133,0.00155,0.01720;0.01548;0.01593;0.01283;0.01326;0.01118;0.00877;0.00710;0.00550;0.00387,
line-a-r00159,line-a,line-a-e03,33.1999669,-116.1547554,180.0,line-a-e04,33.2001263,-116.1545658,180.0,line-a-e12,33.2014015,-116.1530491,180.0,line-a-e13,33.2015609,-116.1528595,180.0,2026-08-17T14:31:48Z,dipole-dipole,8,8,1.549,516.5,145.557,7.241,0.01608,0.00188,0.02371;0.02386;0.02163;0.01860;0.01596;0.01397;0.01297;0.01031;0.00786;0.00607,
line-a-r00160,line-a,line-a-e03,33.1999669,-116.1547554,180.0,line-a-e04,33.2001263,-116.1545658,180.0,line-a-e12,33.2014015,-116.1530491,180.0,line-a-e13,33.2015609,-116.1528595,180.0,2026-08-17T14:32:00Z,dipole-dipole,8,8,1.624,492.5,138.761,5.761,0.01824,0.00146,0.02961;0.02677;0.02474;0.01864;0.02124;0.01892;0.01589;0.01129;0.00946;0.00656,
line-a-r00161,line-a,line-a-e03,33.1999669,-116.1547554,180.0,line-a-e04,33.2001263,-116.1545658,180.0,line-a-e12,33.2014015,-116.1530491,180.0,line-a-e13,33.2015609,-116.1528595,180.0,2026-08-17T14:32:12Z,dipole-dipole,8,3,1.690,473.3,143.980,5.393,0.01584,0.02098,0.02637;0.02237;0.02402;0.01907;0.01534;0.01533;0.01186;0.00960;0.00830;0.00568,
line-a-r00162,line-a,line-a-e03,33.1999669,-116.1547554,180.0,line-a-e04,33.2001263,-116.1545658,180.0,line-a-e12,33.2014015,-116.1530491,180.0,line-a-e13,33.2015609,-116.1528595,180.0,2026-08-17T14:32:24Z,dipole-dipole,8,5,2.000,398.3,157.923,7.411,0.01703,0.00157,0.02714;0.02539;0.02431;0.02026;0.01776;0.01689;0.01354;0.01078;0.00770;0.00533,
line-a-r00163,line-a,line-a-e03,33.1999669,-116.1547554,180.0,line-a-e04,33.2001263,-116.1545658,180.0,line-a-e12,33.2014015,-116.1530491,180.0,line-a-e13,33.2015609,-116.1528595,180.0,2026-08-17T14:32:36Z,dipole-dipole,8,3,1.423,562.1,152.480,4.032,0.01611,0.00203,0.02557;0.02547;0.02414;0.01821;0.01861;0.01535;0.01257;0.01070;0.00826;0.00513,
line-a-r00164,line-a,line-a-e03,33.1999669,-116.1547554,180.0,line-a-e04,33.2001263,-116.1545658,180.0,line-a-e12,33.2014015,-116.1530491,180.0,line-a-e13,33.2015609,-116.1528595,180.0,2026-08-17T14:32:48Z,dipole-dipole,8,3,1.774,450.9,145.809,6.886,0.01614,0.00196,0.02291;0.02437;0.02288;0.02130;0.01773;0.01587;0.01316;0.01002;0.00764;0.00549,
line-a-r00165,line-a,line-a-e03,33.1999669,-116.1547554,180.0,line-a-e04,33.2001263,-116.1545658,180.0,line-a-e12,33.2014015,-116.1530491,180.0,line-a-e13,33.2015609,-116.1528595,180.0,2026-08-17T14:33:00Z,dipole-dipole,8,7,1.973,405.4,151.711,5.985,0.01833,0.00195,0.03443;0.02951;0.02448;0.02298;0.01968;0.01750;0.01427;0.01194;0.00835;0.00639,
line-a-r00166,line-a,line-a-e03,33.1999669,-116.1547554,180.0,line-a-e04,33.2001263,-116.1545658,180.0,line-a-e12,33.2014015,-116.1530491,180.0,line-a-e13,33.2015609,-116.1528595,180.0,2026-08-17T14:33:12Z,dipole-dipole,8,3,1.504,532.1,150.184,5.520,0.01823,0.00164,0.02919;0.02902;0.02840;0.02086;0.02085;0.01667;0.01397;0.01171;0.00786;0.00557,
line-a-r00167,line-a,line-a-e04,33.2001263,-116.1545658,180.0,line-a-e05,33.2002857,-116.1543762,180.0,line-a-e06,33.2004451,-116.1541866,180.0,line-a-e07,33.2006045,-116.1539970,180.0,2026-08-17T14:33:24Z,dipole-dipole,1,4,1.406,569.0,218.221,7.414,0.00508,0.00095,0.00741;0.00689;0.00652;0.00620;0.00571;0.00473;0.00419;0.00292;0.00231;0.00161,
line-a-r00168,line-a,line-a-e04,33.2001263,-116.1545658,180.0,line-a-e05,33.2002857,-116.1543762,180.0,line-a-e06,33.2004451,-116.1541866,180.0,line-a-e07,33.2006045,-116.1539970,180.0,2026-08-17T14:33:36Z,dipole-dipole,1,3,1.594,501.9,214.455,7.675,0.00582,0.00108,0.01014;0.00941;0.00764;0.00757;0.00726;0.00550;0.00490;0.00348;0.00247;0.00209,
line-a-r00169,line-a,line-a-e04,33.2001263,-116.1545658,180.0,line-a-e05,33.2002857,-116.1543762,180.0,line-a-e06,33.2004451,-116.1541866,180.0,line-a-e07,33.2006045,-116.1539970,180.0,2026-08-17T14:33:48Z,dipole-dipole,1,6,1.876,426.3,200.357,6.481,0.00599,0.00097,0.01056;0.00814;0.00743;0.00722;0.00634;0.00587;0.00478;0.00360;0.00294;0.00210,
line-a-r00170,line-a,line-a-e04,33.2001263,-116.1545658,180.0,line-a-e05,33.2002857,-116.1543762,180.0,line-a-e06,33.2004451,-116.1541866,180.0,line-a-e07,33.2006045,-116.1539970,180.0,2026-08-17T14:34:00Z,dipole-dipole,1,6,1.618,494.4,206.967,7.311,0.00655,0.00115,0.01001;0.00842;0.00864;0.00849;0.00702;0.00638;0.00490;0.00430;0.00313;0.00231,
line-a-r00171,line-a,line-a-e04,33.2001263,-116.1545658,180.0,line-a-e05,33.2002857,-116.1543762,180.0,line-a-e06,33.2004451,-116.1541866,180.0,line-a-e07,33.2006045,-116.1539970,180.0,2026-08-17T14:34:12Z,dipole-dipole,1,6,1.601,499.6,204.630,5.710,0.00616,0.00148,0.00959;0.00925;0.00835;0.00740;0.00626;0.00679;0.00486;0.00392;0.00289;0.00208,
line-a-r00172,line-a,line-a-e04,33.2001263,-116.1545658,180.0,line-a-e05,33.2002857,-116.1543762,180.0,line-a-e06,33.2004451,-116.1541866,180.0,line-a-e07,33.2006045,-116.1539970,180.0,2026-08-17T14:34:24Z,dipole-dipole,1,7,1.166,686.3,214.766,7.271,0.00255,0.00087,0.00402;0.00378;0.00308;0.00350;0.00275;0.00246;0.00202;0.00163;0.00127;0.00084,
line-a-r00173,line-a,line-a-e04,33.2001263,-116.1545658,180.0,line-a-e05,33.2002857,-116.1543762,180.0,line-a-e06,33.2004451,-116.1541866,180.0,line-a-e07,33.2006045,-116.1539970,180.0,2026-08-17T14:34:36Z,dipole-dipole,1,7,1.657,482.9,210.962,8.508,0.00619,0.00082,0.01035;0.00962;0.00793;0.00717;0.00733;0.00553;0.00506;0.00393;0.00294;0.00228,
line-a-r00174,line-a,line-a-e04,33.2001263,-116.1545658,180.0,line-a-e05,33.2002857,-116.1543762,180.0,line-a-e06,33.2004451,-116.1541866,180.0,line-a-e07,33.2006045,-116.1539970,180.0,2026-08-17T14:34:48Z,dipole-dipole,1,3,1.590,503.3,199.775,8.436,0.00587,0.00132,0.00916;0.00915;0.00693;0.00723;0.00631;0.00534;0.00467;0.00349;0.00257;0.00194,
line-a-r00175,line-a,line-a-e04,33.2001263,-116.1545658,180.0,line-a-e05,33.2002857,-116.1543762,180.0,line-a-e07,33.2006045,-116.1539970,180.0,line-a-e08,33.2007639,-116.1538074,180.0,2026-08-17T14:35:00Z,dipole-dipole,2,4,1.467,545.2,202.201,7.397,0.00563,0.00098,0.00962;0.00828;0.00722;0.00793;0.00613;0.00498;0.00456;0.00362;0.00273;0.00213,
line-a-r00176,line-a,line-a-e04,33.2001263,-116.1545658,180.0,line-a-e05,33.2002857,-116.1543762,180.0,line-a-e07,33.2006045,-116.1539970,180.0,line-a-e08,33.2007639,-116.1538074,180.0,2026-08-17T14:35:12Z,dipole-dipole,2,7,1.547,517.1,191.615,6.141,0.00354,0.00094,0.00531;0.00509;0.00504;0.00423;0.00356;0.00391;0.00308;0.00203;0.00180;0.00125,
line-a-r00177,line-a,line-a-e04,33.2001263,-116.1545658,180.0,line-a-e05,33.2002857,-116.1543762,180.0,line-a-e07,33.2006045,-116.1539970,180.0,line-a-e08,33.2007639,-116.1538074,180.0,2026-08-17T14:35:24Z,dipole-dipole,2,5,1.247,641.8,194.186,9.895,0.00465,0.00084,0.00751;0.00725;0.00633;0.00535;0.00493;0.00420;0.00349;0.00299;0.00236;0.00168,
line-a-r00178,line-a,line-a-e04,33.2001263,-116.1545658,180.0,line-a-e05,33.2002857,-116.1543762,180.0,line-a-e07,33.2006045,-116.1539970,180.0,line-a-e08,33.2007639,-116.1538074,180.0,2026-08-17T14:35:36Z,dipole-dipole,2,4,1.428,560.4,187.748,6.795,0.00449,0.00087,0.00738;0.00692;0.00602;0.00554;0.00510;0.00420;0.00354;0.00301;0.00216;0.00163,
line-a-r00179,line-a,line-a-e04,33.2001263,-116.1545658,180.0,line-a-e05,33.2002857,-116.1543762,180.0,line-a-e07,33.2006045,-116.1539970,180.0,line-a-e08,33.2007639,-116.1538074,180.0,2026-08-17T14:35:48Z,dipole-dipole,2,5,1.068,749.3,203.831,8.809,0.00491,0.01124,0.00693;0.00783;0.00619;0.00618;0.00576;0.00478;0.00411;0.00292;0.00259;0.00166,
line-a-r00180,line-a,line-a-e04,33.2001263,-116.1545658,180.0,line-a-e05,33.2002857,-116.1543762,180.0,line-a-e07,33.2006045,-116.1539970,180.0,line-a-e08,33.2007639,-116.1538074,180.0,2026-08-17T14:36:00Z,dipole-dipole,2,5,1.174,681.7,-191.765,5.682,0.00531,0.00108,0.00890;0.00853;0.00695;0.00627;0.00570;0.00522;0.00404;0.00334;0.00253;0.00182,
line-a-r00181,line-a,line-a-e04,33.2001263,-116.1545658,180.0,line-a-e05,33.2002857,-116.1543762,180.0,line-a-e07,33.2006045,-116.1539970,180.0,line-a-e08,33.2007639,-116.1538074,180.0,2026-08-17T14:36:12Z,dipole-dipole,2,5,1.185,674.9,197.982,8.014,0.00536,0.00072,0.00814;0.00826;0.00720;0.00615;0.00580;0.00522;0.00406;0.00367;0.00251;0.00191,
line-a-r00182,line-a,line-a-e04,33.2001263,-116.1545658,180.0,line-a-e05,33.2002857,-116.1543762,180.0,line-a-e08,33.2007639,-116.1538074,180.0,line-a-e09,33.2009233,-116.1536179,180.0,2026-08-17T14:36:24Z,dipole-dipole,3,4,1.480,540.4,208.614,6.907,0.00444,0.00104,0.00716;0.00618;0.00558;0.00537;0.00455;0.00445;0.00386;0.00271;0.00223;0.00154,
line-a-r00183,line-a,line-a-e04,33.2001263,-116.1545658,180.0,line-a-e05,33.2002857,-116.1543762,180.0,line-a-e08,33.2007639,-116.1538074,180.0,line-a-e09,33.2009233,-116.1536179,180.0,2026-08-17T14:36:36Z,dipole-dipole,3,6,1.156,692.3,202.460,8.702,0.00382,0.00089,0.00679;0.00481;0.00598;0.00482;0.00468;0.00383;0.00294;0.00237;0.00183;0.00145,
line-a-r00184,line-a,line-a-e04,33.2001263,-116.1545658,180.0,line-a-e05,33.2002857,-116.1543762,180.0,line-a-e08,33.2007639,-116.1538074,180.0,line-a-e09,33.2009233,-116.1536179,180.0,2026-08-17T14:36:48Z,dipole-dipole,3,3,0.981,815.3,202.913,7.402,0.00564,0.00096,0.00928;0.00763;0.00818;0.00742;0.00568;0.00491;0.00483;0.00351;0.00282;0.00182,
line-a-r00185,line-a,line-a-e04,33.2001263,-116.1545658,180.0,line-a-e05,33.2002857,-116.1543762,180.0,line-a-e08,33.2007639,-116.1538074,180.0,line-a-e09,33.2009233,-116.1536179,180.0,2026-08-17T14:37:00Z,dipole-dipole,3,4,1.540,519.5,208.661,8.090,0.00316,0.00097,0.00511;0.00496;0.00394;0.00380;0.00372;0.00297;0.00272;0.00211;0.00160;0.00129,
line-a-r00186,line-a,line-a-e04,33.2001263,-116.1545658,180.0,line-a-e05,33.2002857,-116.1543762,180.0,line-a-e08,33.2007639,-116.1538074,180.0,line-a-e09,33.2009233,-116.1536179,180.0,2026-08-17T14:37:12Z,dipole-dipole,3,6,1.488,537.7,206.301,8.429,0.00406,0.00106,0.00692;0.00583;0.00521;0.00490;0.00454;0.00386;0.00325;0.00252;0.00171;0.00144,
line-a-r00187,line-a,line-a-e04,33.2001263,-116.1545658,180.0,line-a-e05,,,,line-a-e08,33.2007639,-116.1538074,180.0,line-a-e09,33.2009233,-116.1536179,180.0,2026-08-17T14:37:24Z,dipole-dipole,3,5,1.717,466.0,192.337,11.254,0.00479,0.00112,0.00790;0.00669;0.00681;0.00636;0.00517;0.00492;0.00376;0.00336;0.00226;0.00184,
line-a-r00188,line-a,line-a-e04,33.2001263,-116.1545658,180.0,line-a-e05,33.2002857,-116.1543762,180.0,line-a-e08,33.2007639,-116.1538074,180.0,line-a-e09,33.2009233,-116.1536179,180.0,2026-08-17T14:37:36Z,dipole-dipole,3,8,1.188,673.2,198.030,6.204,0.00586,0.00144,0.00945;0.00805;0.00826;0.00724;0.00646;0.00529;0.00477;0.00374;0.00300;0.00200,
line-a-r00189,line-a,line-a-e04,33.2001263,-116.1545658,180.0,line-a-e05,33.2002857,-116.1543762,180.0,line-a-e08,33.2007639,-116.1538074,180.0,line-a-e09,33.2009233,-116.1536179,180.0,2026-08-17T14:37:48Z,dipole-dipole,3,5,1.180,678.1,201.886,6.995,0.00332,0.00121,0.00530;0.00487;0.00423;0.00418;0.00324;0.00308;0.00259;0.00214;0.00181;0.00106,
line-a-r00190,line-a,line-a-e04,33.2001263,-116.1545658,180.0,line-a-e05,33.2002857,-116.1543762,180.0,line-a-e09,33.2009233,-116.1536179,180.0,line-a-e10,33.2010827,-116.1534283,180.0,2026-08-17T14:38:00Z,dipole-dipole,4,4,1.033,774.2,198.904,7.356,0.00529,0.00101,0.00830;0.00819;0.00781;0.00633;0.00604;0.00516;0.00432;0.00355;0.00264;0.00179,
line-a-r00191,line-a,line-a-e04,33.2001263,-116.1545658,180.0,line-a-e05,33.2002857,-116.1543762,180.0,line-a-e09,33.2009233,-116.1536179,180.0,line-a-e10,33.2010827,-116.1534283,180.0,2026-08-17T14:38:12Z,dipole-dipole,4,8,1.464,546.4,205.289,7.209,0.00456,0.00105,0.00708;0.00689;0.00536;0.00553;0.00502;0.00440;0.00392;0.00292;0.00230;0.00176,
line-a-r00192,line-a,line-a-e04,33.2001263,-116.1545658,180.0,line-a-e05,33.2002857,-116.1543762,180.0,line-a-e09,33.2009233,-116.1536179,180.0,line-a-e10,33.2010827,-116.1534283,180.0,2026-08-17T14:38:24Z,dipole-dipole,4,4,1.573,508.6,201.474,5.482,0.00478,0.00100,0.00731;0.00773;0.00696;0.00527;0.00485;0.00501;0.00381;0.00269;0.00218;0.00172,
line-a-r00193,line-a,line-a-e04,33.2001263,-116.1545658,180.0,line-a-e05,33.2002857,-116.1543762,180.0,line-a-e09,33.2009233,-116.1536179,180.0,line-a-e10,33.2010827,-116.1534283,180.0,2026-08-17T14:38:36Z,dipole-dipole,4,7,1.668,479.7,214.827,8.326,0.00679,0.00106,0.01194;0.00983;0.00895;0.00824;0.00740;0.00681;0.00571;0.00451;0.00339;0.00236,
line-a-r00194,line-a,line-a-e04,33.2001263,-116.1545658,180.0,line-a-e05,33.2002857,-116.1543762,180.0,line-a-e09,33.2009233,-116.1536179,180.0,line-a-e10,33.2010827,-116.1534283,180.0,2026-08-17T14:38:48Z,dipole-dipole,4,5,1.405,569.4,194.725,8.189,0.00401,0.00101,0.00647;0.00615;0.00504;0.00487;0.00466;0.00368;0.00310;0.00239;0.00180;0.00142,
line-a-r00195,line-a,line-a-e04,33.2001263,-116.1545658,180.0,line-a-e05,33.2002857,-116.1543762,180.0,line-a-e09,33.2009233,-116.1536179,180.0,line-a-e10,33.2010827,-116.1534283,180.0,2026-08-17T14:39:00Z,dipole-dipole,4,6,1.555,514.6,208.672,9.500,0.00450,0.00086,0.00701;0.00698;0.00611;0.00604;0.00503;0.00399;0.00333;0.00266;0.00215;0.00153,
line-a-r00196,line-a,line-a-e04,33.2001263,-116.1545658,180.0,line-a-e05,33.2002857,-116.1543762,180.0,line-a-e09,33.2009233,-116.1536179,180.0,line-a-e10,33.2010827,-116.1534283,180.0,2026-08-17T14:39:12Z,dipole-dipole,4,7,1.384,577.9,218.368,7.781,0.00495,0.00113,0.00808;0.00736;0.00690;0.00582;0.00531;0.00462;0.00373;0.00321;0.00263;0.00204,
line-a-r00197,line-a,line-a-e04,33.2001263,-116.1545658,180.0,line-a-e05,33.2002857,-116.1543762,180.0,line-a-e09,33.2009233,-116.1536179,180.0,line-a-e10,33.2010827,-116.1534283,180.0,2026-08-17T14:39:24Z,dipole-dipole,4,6,1.541,519.1,209.139,6.923,0.00337,0.00087,0.00485;0.00468;0.00420;0.00439;0.00338;0.00351;0.00219;0.00234;0.00175;0.00134,
line-a-r00198,line-a,line-a-e04,33.2001263,-116.1545658,180.0,line-a-e05,33.2002857,-116.1543762,180.0,line-a-e10,33.2010827,-116.1534283,180.0,line-a-e11,33.2012421,-116.1532387,180.0,2026-08-17T14:39:36Z,dipole-dipole,5,8,1.218,656.7,189.230,8.596,0.00690,0.00099,0.01128;0.01185;0.00891;0.00828;0.00777;0.00723;0.00574;0.00403;0.00362;0.00233,
line-a-r00199,line-a,line-a-e04,33.2001263,-116.1545658,180.0,line-a-e05,33.2002857,-116.1543762,180.0,line-a-e10,33.2010827,-116.1534283,180.0,line-a-e11,33.2012421,-116.1532387,180.0,2026-08-17T14:39:48Z,dipole-dipole,5,5,1.588,503.7,184.512,6.753,0.00584,0.00083,0.00966;0.00852;0.00775;0.00720;0.00656;0.00620;0.00430;0.00402;0.00270;0.00193,
line-a-r00200,line-a,line-a-e04,33.2001263,-116.1545658,180.0,line-a-e05,33.2002857,-116.1543762,180.0,line-a-e10,33.2010827,-116.1534283,180.0,line-a-e11,33.2012421,-116.1532387,180.0,2026-08-17T14:40:00Z,dipole-dipole,5,6,1.134,705.2,193.228,7.138,0.00509,0.00109,0.00829;0.00801;0.00719;0.00664;0.00616;0.00465;0.00382;0.00340;0.00257;0.00168,
line-a-r00201,line-a,line-a-e04,33.2001263,-116.1545658,180.0,line-a-e05,33.2002857,-116.1543762,180.0,line-a-e10,33.2010827,-116.1534283,180.0,line-a-e11,33.2012421,-116.1532387,180.0,2026-08-17T14:40:12Z,dipole-dipole,5,6,1.170,683.8,191.761,9.107,0.00615,0.00138,0.00974;0.00981;0.00862;0.00777;0.00646;0.00573;0.00490;0.00385;0.00300;0.00213,
line-a-r00202,line-a,line-a-e04,33.2001263,-116.1545658,180.0,line-a-e05,33.2002857,-116.1543762,180.0,line-a-e10,33.2010827,-116.1534283,180.0,line-a-e11,33.2012421,-116.1532387,180.0,2026-08-17T14:40:24Z,dipole-dipole,5,7,1.515,528.0,201.846,7.570,0.00667,0.00146,0.01049;0.00962;0.00894;0.00874;0.00762;0.00608;0.00499;0.00408;0.00355;0.00243,
line-a-r00203,line-a,line-a-e04,33.2001263,-116.1545658,180.0,line-a-e05,33.2002857,-116.1543762,180.0,line-a-e10,33.2010827,-116.1534283,180.0,line-a-e11,33.2012421,-116.1532387,180.0,2026-08-17T14:40:36Z,dipole-dipole,5,6,1.407,568.5,190.458,5.986,0.00610,0.00122,0.00881;0.00951;0.00945;0.00722;0.00639;0.00553;0.00544;0.00353;0.00301;0.00223,
line-a-r00204,line-a,line-a-e04,33.2001263,-116.1545658,180.0,line-a-e05,33.2002857,-116.1543762,180.0,line-a-e10,33.2010827,-116.1534283,180.0,line-a-e11,33.2012421,-116.1532387,180.0,2026-08-17T14:40:48Z,dipole-dipole,5,5,1.418,564.3,198.100,7.467,0.00495,0.00137,0.00796;0.00728;0.00702;0.00602;0.00562;0.00495;0.00406;0.00310;0.00242;0.00174,
line-a-r00205,line-a,line-a-e04,33.2001263,-116.1545658,180.0,line-a-e05,33.2002857,-116.1543762,180.0,line-a-e10,33.2010827,-116.1534283,180.0,line-a-e11,33.2012421,-116.1532387,180.0,2026-08-17T14:41:00Z,dipole-dipole,5,4,1.155,692.9,196.400,7.799,0.00704,0.00122,0.01173;0.00985;0.00921;0.00891;0.00748;0.00662;0.00562;0.00425;0.00352;0.00243,
line-a-r00206,line-a,line-a-e04,33.2001263,-116.1545658,180.0,line-a-e05,33.2002857,-116.1543762,180.0,line-a-e11,33.2012421,-116.1532387,180.0,line-a-e12,33.2014015,-116.1530491,180.0,2026-08-17T14:41:12Z,dipole-dipole,6,7,1.385,577.6,173.331,7.383,0.00981,0.00133,0.01540;0.01476;0.01461;0.01248;0.01034;0.00875;0.00782;0.00589;0.00508;0.00346,
line-a-r00207,line-a,line-a-e04,33.2001263,-116.1545658,180.0,line-a-e05,33.2002857,-116.1543762,180.0,line-a-e11,33.2012421,-116.1532387,180.0,line-a-e12,33.2014015,-116.1530491,180.0,2026-08-17T14:41:24Z,dipole-dipole,6,3,1.642,487.3,164.704,7.412,0.01128,0.00115,0.01819;0.01694;0.01629;0.01452;0.01202;0.01087;0.00896;0.00679;0.00586;0.00380,
line-a-r00208,line-a,line-a-e04,33.2001263,-116.1545658,180.0,line-a-e05,33.2002857,-116.1543762,180.0,line-a-e11,33.2012421,-116.1532387,180.0,line-a-e12,33.2014015,-116.1530491,180.0,2026-08-17T14:41:36Z,dipole-dipole,6,4,1.421,562.9,174.220,5.770,0.00910,0.00154,0.01511;0.01395;0.01271;0.01132;0.00993;0.00863;0.00693;0.00559;0.00432;0.00316,
line-a-r00209,line-a,line-a-e04,33.2001263,-116.1545658,180.0,line-a-e05,33.2002857,-116.1543762,180.0,line-a-e11,33.2012421,-116.1532387,180.0,line-a-e12,33.2014015,-116.1530491,180.0,2026-08-17T14:41:48Z,dipole-dipole,6,5,1.118,715.3,162.223,7.471,0.01121,0.00131,0.01790;0.01516;0.01566;0.01390;0.01242;0.01008;0.00961;0.00669;0.00516;0.00391,
line-a-r00210,line-a,line-a-e04,33.2001263,-116.1545658,180.0,line-a-e05,33.2002857,-116.1543762,180.0,line-a-e11,33.2012421,-116.1532387,180.0,line-a-e12,33.2014015,-116.1530491,180.0,2026-08-17T14:42:00Z,dipole-dipole,6,6,1.045,765.6,173.213,7.346,0.00868,0.00124,0.01334;0.01252;0.01102;0.01045;0.00871;0.00835;0.00714;0.00557;0.00412;0.00319,
line-a-r00211,line-a,line-a-e04,33.2001263,-116.1545658,180.0,line-a-e05,33.2002857,-116.1543762,180.0,line-a-e11,33.2012421,-116.1532387,180.0,line-a-e12,33.2014015,-116.1530491,180.0,2026-08-17T14:42:12Z,dipole-dipole,6,4,1.095,730.5,178.533,6.463,0.01005,0.00103,0.01506;0.01495;0.01479;0.01367;0.01016;0.01044;0.00889;0.00631;0.00483;0.00315,
line-a-r00212,line-a,line-a-e04,33.2001263,-116.1545658,180.0,line-a-e05,33.2002857,-116.1543762,180.0,line-a-e11,33.2012421,-116.1532387,180.0,line-a-e12,33.2014015,-116.1530491,180.0,2026-08-17T14:42:24Z,dipole-dipole,6,4,1.232,649.2,173.731,7.396,0.01165,0.00134,0.02136;0.01761;0.01750;0.01315;0.01361;0.01252;0.00935;0.00764;0.00589;0.00402,
line-a-r00213,line-a,line-a-e04,33.2001263,-116.1545658,180.0,line-a-e05,33.2002857,-116.1543762,180.0,line-a-e11,33.2012421,-116.1532387,180.0,line-a-e12,33.2014015,-116.1530491,180.0,2026-08-17T14:42:36Z,dipole-dipole,6,5,0.859,931.4,167.377,6.911,0.00987,0.00124,0.01665;0.01527;0.01229;0.01231;0.01160;0.00942;0.00886;0.00602;0.00449;0.00328,
line-a-r00214,line-a,line-a-e04,33.2001263,-116.1545658,180.0,line-a-e05,33.2002857,-116.1543762,180.0,line-a-e12,33.2014015,-116.1530491,180.0,line-a-e13,33.2015609,-116.1528595,180.0,2026-08-17T14:42:48Z,dipole-dipole,7,7,1.909,419.0,137.296,6.687,0.01260,0.00152,0.01986;0.01764;0.01772;0.01536;0.01245;0.01130;0.00993;0.00830;0.00589;0.00501,
line-a-r00215,line-a,line-a-e04,33.2001263,-116.1545658,180.0,line-a-e05,33.2002857,-116.1543762,180.0,line-a-e12,33.2014015,-116.1530491,180.0,line-a-e13,33.2015609,-116.1528595,180.0,2026-08-17T14:43:00Z,dipole-dipole,7,7,1.394,573.8,-117.725,6.037,0.01681,0.00164,0.02952;0.02661;0.02472;0.02140;0.01834;0.01620;0.01269;0.01094;0.00860;0.00543,
line-a-r00216,line-a,line-a-e04,33.2001263,-116.1545658,180.0,line-a-e05,33.2002857,-116.1543762,180.0,line-a-e12,33.2014015,-116.1530491,180.0,line-a-e13,33.2015609,-116.1528595,180.0,2026-08-17T14:43:12Z,dipole-dipole,7,7,1.445,553.5,154.514,7.845,0.01594,0.00210,0.02311;0.02263;0.01981;0.01996;0.01746;0.01665;0.01278;0.01061;0.00800;0.00527,
line-a-r00217,line-a,line-a-e04,33.2001263,-116.1545658,180.0,line-a-e05,33.2002857,-116.1543762,180.0,line-a-e12,33.2014015,-116.1530491,180.0,line-a-e13,33.2015609,-116.1528595,180.0,2026-08-17T14:43:24Z,dipole-dipole,7,6,1.564,511.6,151.805,6.519,0.01551,0.00165,0.02369;0.02094;0.02323;0.02092;0.01605;0.01450;0.01199;0.00994;0.00657;0.00536,
line-a-r00218,line-a,line-a-e04,33.2001263,-116.1545658,180.0,line-a-e05,33.2002857,-116.1543762,180.0,line-a-e12,33.2014015,-116.1530491,180.0,line-a-e13,33.2015609,-116.1528595,180.0,2026-08-17T14:43:36Z,dipole-dipole,7,7,1.087,736.0,157.800,6.731,0.01839,0.00250,0.02863;0.02735;0.02563;0.02315;0.02018;0.01834;0.01208;0.01230;0.00849;0.00629,
line-a-r00219,line-a,line-a-e04,33.2001263,-116.1545658,180.0,line-a-e05,33.2002857,-116.1543762,180.0,line-a-e12,33.2014015,-116.1530491,180.0,line-a-e13,33.2015609,-116.1528595,180.0,2026-08-17T14:43:48Z,dipole-dipole,7,8,1.450,551.6,141.420,6.243,0.01472,0.00177,0.02123;0.02117;0.02260;0.01838;0.01808;0.01538;0.01177;0.01038;0.00690;0.00581,
line-a-r00220,line-a,line-a-e04,33.2001263,-116.1545658,180.0,line-a-e05,33.2002857,-116.1543762,180.0,line-a-e13,33.2015609,-116.1528595,180.0,line-a-e14,33.2017203,-116.1526699,180.0,2026-08-17T14:44:00Z,dipole-dipole,8,7,1.436,557.3,136.671,5.763,0.02293,0.00191,0.03754;0.03448;0.02990;0.02791;0.02338;0.02162;0.01809;0.01404;0.00978;0.00930,
line-a-r00221,line-a,line-a-e04,33.2001263,-116.1545658,180.0,line-a-e05,33.2002857,-116.1543762,180.0,line-a-e13,33.2015609,-116.1528595,180.0,line-a-e14,33.2017203,-116.1526699,180.0,2026-08-17T14:44:12Z,dipole-dipole,8,7,1.550,516.0,129.900,5.527,0.02048,0.00224,0.02888;0.02710;0.02614;0.02431;0.02164;0.02123;0.01593;0.01207;0.00889;0.00764,
line-a-r00222,line-a,line-a-e04,33.2001263,-116.1545658,180.0,line-a-e05,33.2002857,-116.1543762,180.0,line-a-e13,33.2015609,-116.1528595,180.0,line-a-e14,33.2017203,-116.1526699,180.0,2026-08-17T14:44:24Z,dipole-dipole,8,3,1.227,652.3,135.531,5.566,0.02296,0.00202,0.03491;0.03491;0.03237;0.02811;0.02554;0.02166;0.01831;0.01534;0.01126;0.00794,
line-a-r00223,line-a,line-a-e04,33.2001263,-116.1545658,180.0,line-a-e05,33.2002857,-116.1543762,180.0,line-a-e13,33.2015609,-116.1528595,180.0,line-a-e14,33.2017203,-116.1526699,180.0,2026-08-17T14:44:36Z,dipole-dipole,8,6,1.564,511.3,139.398,6.602,0.02128,0.00175,0.03802;0.03087;0.03045;0.02597;0.02395;0.02184;0.01433;0.01556;0.01113;0.00780,
line-a-r00224,line-a,line-a-e04,33.2001263,-116.1545658,180.0,line-a-e05,33.2002857,-116.1543762,180.0,line-a-e13,33.2015609,-116.1528595,180.0,line-a-e14,33.2017203,-116.1526699,180.0,2026-08-17T14:44:48Z,dipole-dipole,8,3,1.668,479.7,138.252,5.618,0.02060,0.00143,0.03286;0.02796;0.02885;0.02455;0.02141;0.02076;0.01688;0.01362;0.01038;0.00746,
line-a-r00225,line-a,line-a-e04,33.2001263,-116.1545658,180.0,line-a-e05,33.2002857,-116.1543762,180.0,line-a-e13,33.2015609,-116.1528595,180.0,line-a-e14,33.2017203,-116.1526699,180.0,2026-08-17T14:45:00Z,dipole-dipole,8,4,1.288,621.1,130.785,5.036,0.01987,0.00184,0.03355;0.02720;0.02825;0.02292;0.02024;0.01603;0.01474;0.01266;0.00844;0.00704,
line-a-r00226,line-a,line-a-e04,33.2001263,-116.1545658,180.0,line-a-e05,33.2002857,-116.1543762,180.0,line-a-e13,33.2015609,-116.1528595,180.0,line-a-e14,33.2017203,-116.1526699,180.0,2026-08-17T14:45:12Z,dipole-dipole,8,3,1.685,474.9,123.444,5.782,0.02037,0.00155,0.03687;0.03334;0.02784;0.02547;0.02213;0.01948;0.01648;0.01367;0.01054;0.00704,
line-a-r00227,line-a,line-a-e05,33.2002857,-116.1543762,180.0,line-a-e06,33.2004451,-116.1541866,180.0,line-a-e07,33.2006045,-116.1539970,180.0,line-a-e08,33.2007639,-116.1538074,180.0,2026-08-17T14:45:24Z,dipole-dipole,1,6,1.278,626.0,201.748,6.525,0.00437,0.00091,0.00632;0.00612;0.00669;0.00569;0.00491;0.00443;0.00342;0.00269;0.00207;0.00149,
line-a-r00228,line-a,line-a-e05,33.2002857,-116.1543762,180.0,line-a-e06,33.2004451,-116.1541866,180.0,line-a-e07,33.2006045,-116.1539970,180.0,line-a-e08,33.2007639,-116.1538074,180.0,2026-08-17T14:45:36Z,dipole-dipole,1,8,1.245,642.7,214.026,220.743,0.00348,0.00087,0.00565;0.00499;0.00495;0.00415;0.00384;0.00357;0.00283;0.00197;0.00185;0.00119,
line-a-r00229,line-a,line-a-e05,33.2002857,-116.1543762,180.0,line-a-e06,33.2004451,-116.1541866,180.0,line-a-e07,33.2006045,-116.1539970,180.0,line-a-e08,33.2007639,-116.1538074,180.0,2026-08-17T14:45:48Z,dipole-dipole,1,5,1.131,707.4,208.522,8.696,0.00478,0.00104,0.00764;0.00696;0.00633;0.00618;0.00496;0.00409;0.00403;0.00293;0.00255;0.00161,
line-a-r00230,line-a,line-a-e05,33.2002857,-116.1543762,180.0,line-a-e06,33.2004451,-116.1541866,180.0,line-a-e07,33.2006045,-116.1539970,180.0,line-a-e08,33.2007639,-116.1538074,180.0,2026-08-17T14:46:00Z,dipole-dipole,1,3,1.155,692.9,202.898,6.902,0.00428,0.00107,0.00693;0.00636;0.00604;0.00513;0.00497;0.00414;0.00353;0.00261;0.00204;0.00168,
line-a-r00231,line-a,line-a-e05,33.2002857,-116.1543762,180.0,line-a-e06,33.2004451,-116.1541866,180.0,line-a-e07,33.2006045,-116.1539970,180.0,line-a-e08,33.2007639,-116.1538074,180.0,2026-08-17T14:46:12Z,dipole-dipole,1,6,1.281,624.5,210.359,6.964,0.00473,0.00129,0.00804;0.00677;0.00618;0.00574;0.00539;0.00449;0.00364;0.00307;0.00230;0.00160,
line-a-r00232,line-a,line-a-e05,33.2002857,-116.1543762,180.0,line-a-e06,33.2004451,-116.1541866,180.0,line-a-e07,33.2006045,-116.1539970,180.0,line-a-e08,33.2007639,-116.1538074,180.0,2026-08-17T14:46:24Z,dipole-dipole,1,8,1.248,640.9,211.659,7.364,0.00460,0.00087,0.00720;0.00615;0.00557;0.00577;0.00527;0.00526;0.00348;0.00319;0.00241;0.00179,
line-a-r00233,line-a,line-a-e05,33.2002857,-116.1543762,180.0,line-a-e06,33.2004451,-116.1541866,180.0,line-a-e07,33.2006045,-116.1539970,180.0,line-a-e08,33.2007639,-116.1538074,180.0,2026-08-17T14:46:36Z,dipole-dipole,1,7,1.464,546.4,203.121,6.518,0.00496,0.00103,0.00818;0.00733;0.00804;0.00610;0.00551;0.00493;0.00413;0.00301;0.00243;0.00161,
line-a-r00234,line-a,line-a-e05,33.2002857,-116.1543762,180.0,line-a-e06,33.2004451,-116.1541866,180.0,line-a-e08,33.2007639,-116.1538074,180.0,line-a-e09,33.2009233,-116.1536179,180.0,2026-08-17T14:46:48Z,dipole-dipole,2,3,1.277,626.4,192.085,6.375,0.00405,0.00138,0.00637;0.00567;0.00602;0.00482;0.00496;0.00371;0.00308;0.00258;0.00201;0.00157,
line-a-r00235,line-a,line-a-e05,33.2002857,-116.1543762,180.0,line-a-e06,33.2004451,-116.1541866,180.0,line-a-e08,33.2007639,-116.1538074,180.0,line-a-e09,33.2009233,-116.1536179,180.0,2026-08-17T14:47:00Z,dipole-dipole,2,6,1.253,638.6,197.213,7.310,0.00389,0.00119,0.00588;0.00594;0.00496;0.00452;0.00454;0.00356;0.00305;0.00270;0.00212;0.00157,
line-a-r00236,line-a,line-a-e05,33.2002857,-116.1543762,180.0,line-a-e06,33.2004451,-116.1541866,180.0,line-a-e08,33.2007639,-116.1538074,180.0,line-a-e09,33.2009233,-116.1536179,180.0,2026-08-17T14:47:12Z,dipole-dipole,2,6,1.221,655.2,-266.367,6.979,0.00431,0.00107,0.00735;0.00609;0.00628;0.00505;0.00441;0.00459;0.00363;0.00321;0.00211;0.00145,
line-a-r00237,line-a,line-a-e05,33.2002857,-116.1543762,180.0,line-a-e06,33.2004451,-116.1541866,180.0,line-a-e08,33.2007639,-116.1538074,180.0,line-a-e09,33.2009233,-116.1536179,180.0,2026-08-17T14:47:24Z,dipole-dipole,2,8,1.159,690.2,206.432,8.762,0.00512,0.00076,0.00775;0.00757;0.00665;0.00551;0.00537;0.00471;0.00411;0.00313;0.00246;0.00185,
line-a-r00238,line-a,line-a-e05,33.2002857,-116.1543762,180.0,line-a-e06,33.2004451,-116.1541866,180.0,line-a-e08,33.2007639,-116.1538074,180.0,line-a-e09,33.2009233,-116.1536179,180.0,2026-08-17T14:47:36Z,dipole-dipole,2,3,1.164,687.4,198.626,473.084,0.00545,0.00092,0.00831;0.00783;0.00732;0.00698;0.00539;0.00498;0.00428;0.00316;0.00294;0.00204,
line-a-r00239,line-a,line-a-e05,33.2002857,-116.1543762,180.0,line-a-e06,33.2004451,-116.1541866,180.0,line-a-e08,33.2007639,-116.1538074,180.0,line-a-e09,33.2009233,-116.1536179,180.0,2026-08-17T14:47:48Z,dipole-dipole,2,7,1.204,664.4,214.133,10.980,0.00799,0.00120,0.01218;0.01231;0.01007;0.01033;0.00856;0.00770;0.00645;0.00555;0.00411;0.00282,
line-a-r00240,line-a,line-a-e05,33.2002857,-116.1543762,180.0,line-a-e06,33.2004451,-116.1541866,180.0,line-a-e08,33.2007639,-116.1538074,180.0,line-a-e09,33.2009233,-116.1536179,180.0,2026-08-17T14:48:00Z,dipole-dipole,2,3,1.674,478.0,194.883,5.908,0.00558,0.00102,0.00846;0.00750;0.00777;0.00705;0.00608;0.00545;0.00457;0.00374;0.00256;0.00194,
line-a-r00241,line-a,line-a-e05,33.2002857,-116.1543762,180.0,line-a-e06,33.2004451,-116.1541866,180.0,line-a-e09,33.2009233,-116.1536179,180.0,line-a-e10,33.2010827,-116.1534283,180.0,2026-08-17T14:48:12Z,dipole-dipole,3,7,1.507,530.9,209.954,6.031,0.00617,0.00103,0.00918;0.00853;0.00824;0.00722;0.00576;0.00613;0.00461;0.00411;0.00334;0.00218,
line-a-r00242,line-a,line-a-e05,33.2002857,-116.1543762,180.0,line-a-e06,33.2004451,-116.1541866,180.0,line-a-e09,33.2009233,-116.1536179,180.0,line-a-e10,33.2010827,-116.1534283,180.0,2026-08-17T14:48:24Z,dipole-dipole,3,4,1.352,591.7,209.954,6.494,0.00617,0.00108,0.00918;0.00853;0.00824;0.00722;0.00576;0.00613;0.00461;0.00411;0.00334;0.00218,
line-a-r00243,line-a,line-a-e05,33.2002857,-116.1543762,180.0,line-a-e06,33.2004451,-116.1541866,180.0,line-a-e09,33.2009233,-116.1536179,180.0,line-a-e10,33.2010827,-116.1534283,180.0,2026-08-17T14:48:36Z,dipole-dipole,3,5,1.090,734.2,209.954,7.571,0.00617,0.00111,0.00918;0.00853;0.00824;0.00722;0.00576;0.00613;0.00461;0.00411;0.00334;0.00218,
line-a-r00244,line-a,line-a-e05,33.2002857,-116.1543762,180.0,line-a-e06,33.2004451,-116.1541866,180.0,line-a-e09,33.2009233,-116.1536179,180.0,line-a-e10,33.2010827,-116.1534283,180.0,2026-08-17T14:48:48Z,dipole-dipole,3,7,0.978,817.9,209.954,6.113,0.00617,0.00093,0.00918;0.00853;0.00824;0.00722;0.00576;0.00613;0.00461;0.00411;0.00334;0.00218,
line-a-r00245,line-a,line-a-e05,33.2002857,-116.1543762,180.0,line-a-e06,33.2004451,-116.1541866,180.0,line-a-e09,33.2009233,-116.1536179,180.0,line-a-e10,33.2010827,-116.1534283,180.0,2026-08-17T14:49:00Z,dipole-dipole,3,6,1.236,647.0,209.954,6.709,0.00617,0.00108,0.00918;0.00853;0.00824;0.00722;0.00576;0.00613;0.00461;0.00411;0.00334;0.00218,
line-a-r00246,line-a,line-a-e05,33.2002857,-116.1543762,180.0,line-a-e06,33.2004451,-116.1541866,180.0,line-a-e09,33.2009233,-116.1536179,180.0,line-a-e10,33.2010827,-116.1534283,180.0,2026-08-17T14:49:12Z,dipole-dipole,3,3,1.073,745.3,209.954,6.731,0.00617,0.00109,0.00918;0.00853;0.00824;0.00722;0.00576;0.00613;0.00461;0.00411;0.00334;0.00218,
line-a-r00247,line-a,line-a-e05,33.2002857,-116.1543762,180.0,line-a-e06,33.2004451,-116.1541866,180.0,line-a-e09,33.2009233,-116.1536179,180.0,line-a-e10,33.2010827,-116.1534283,180.0,2026-08-17T14:49:24Z,dipole-dipole,3,3,1.331,601.1,209.954,8.124,0.00617,0.00080,0.00918;0.00853;0.00824;0.00722;0.00576;0.00613;0.00461;0.00411;0.00334;0.00218,
line-a-r00248,line-a,line-a-e05,33.2002857,-116.1543762,180.0,line-a-e06,33.2004451,-116.1541866,180.0,line-a-e09,33.2009233,-116.1536179,180.0,line-a-e10,33.2010827,-116.1534283,180.0,2026-08-17T14:49:36Z,dipole-dipole,3,4,1.479,540.8,209.954,6.062,0.00617,0.00067,0.00918;0.00853;0.00824;0.00722;0.00576;0.00613;0.00461;0.00411;0.00334;0.00218,
line-a-r00249,line-a,line-a-e05,33.2002857,-116.1543762,180.0,line-a-e06,33.2004451,-116.1541866,180.0,line-a-e10,33.2010827,-116.1534283,180.0,line-a-e11,33.2012421,-116.1532387,180.0,2026-08-17T14:49:48Z,dipole-dipole,4,7,1.436,557.1,208.958,6.373,0.00550,0.00099,0.00849;0.00805;0.00726;0.00641;0.00639;0.00451;0.00444;0.00331;0.00282;0.00204,
line-a-r00250,line-a,line-a-e05,33.2002857,-116.1543762,180.0,line-a-e06,33.2004451,-116.1541866,180.0,line-a-e10,33.2010827,-116.1534283,180.0,line-a-e11,33.2012421,-116.1532387,180.0,2026-08-17T14:50:00Z,dipole-dipole,4,8,1.214,658.8,197.507,7.992,0.00839,0.00117,0.01245;0.01297;0.01194;0.01167;0.00932;0.00851;0.00660;0.00584;0.00395;0.00300,
line-a-r00251,line-a,line-a-e05,33.2002857,-116.1543762,180.0,line-a-e06,33.2004451,-116.1541866,180.0,line-a-e10,33.2010827,-116.1534283,180.0,line-a-e11,33.2012421,-116.1532387,180.0,2026-08-17T14:50:12Z,dipole-dipole,4,5,0.793,1008.6,210.390,7.794,0.00684,0.00102,0.01089;0.01065;0.00902;0.00866;0.00757;0.00642;0.00496;0.00448;0.00359;0.00245,
line-a-r00252,line-a,line-a-e05,33.2002857,-116.1543762,180.0,line-a-e06,33.2004451,-116.1541866,180.0,line-a-e10,33.2010827,-116.1534283,180.0,line-a-e11,33.2012421,-116.1532387,180.0,2026-08-17T14:50:24Z,dipole-dipole,4,4,1.225,652.9,202.896,7.394,0.00563,0.00126,0.00873;0.00820;0.00764;0.00675;0.00703;0.00532;0.00446;0.00346;0.00276;0.00221,
line-a-r00253,line-a,line-a-e05,33.2002857,-116.1543762,180.0,line-a-e06,33.2004451,-116.1541866,180.0,line-a-e10,33.2010827,-116.1534283,180.0,line-a-e11,33.2012421,-116.1532387,180.0,2026-08-17T14:50:36Z,dipole-dipole,4,5,1.318,606.9,195.742,6.119,0.00675,0.00123,0.01050;0.01062;0.01054;0.00805;0.00760;0.00558;0.00550;0.00421;0.00339;0.00249,
line-a-r01719,line-a,line-a-e05,33.2002857,-116.1543762,180.0,line-a-e06,33.2004451,-116.1541866,180.0,line-a-e10,33.2010827,-116.1534283,180.0,line-a-e11,33.2012421,-116.1532387,180.0,2026-08-17T14:50:48Z,dipole-dipole,4,3,1.381,579.5,187.311,5.922,0.00573,0.00106,0.00848;0.00971;0.00733;0.00701;0.00671;0.00553;0.00479;0.00350;0.00293;0.00215,
line-a-r00255,line-a,line-a-e05,33.2002857,-116.1543762,180.0,line-a-e06,33.2004451,-116.1541866,180.0,line-a-e11,33.2012421,-116.1532387,180.0,line-a-e12,33.2014015,-116.1530491,180.0,2026-08-17T14:51:00Z,dipole-dipole,5,8,1.124,711.9,183.749,6.850,0.00804,0.00148,0.01219;0.01171;0.01072;0.01009;0.00990;0.00679;0.00639;0.00584;0.00392;0.00303,
line-a-r00256,line-a,line-a-e05,33.2002857,-116.1543762,180.0,line-a-e06,33.2004451,-116.1541866,180.0,line-a-e11,33.2012421,-116.1532387,180.0,line-a-e12,33.2014015,-116.1530491,180.0,2026-08-17T14:51:12Z,dipole-dipole,5,5,1.023,781.7,176.725,6.610,0.00873,0.00139,0.01450;0.01354;0.01294;0.01135;0.00860;0.00872;0.00688;0.00565;0.00411;0.00303,
line-a-r00257,line-a,line-a-e05,33.2002857,-116.1543762,180.0,line-a-e06,33.2004451,-116.1541866,180.0,line-a-e11,33.2012421,-116.1532387,180.0,line-a-e12,33.2014015,-116.1530491,180.0,2026-08-17T14:51:24Z,dipole-dipole,5,8,1.301,614.8,187.338,6.294,0.00783,0.00108,0.01123;0.01176;0.00881;0.01032;0.00911;0.00750;0.00610;0.00510;0.00362;0.00269,
line-a-r00258,line-a,line-a-e05,33.2002857,-116.1543762,180.0,line-a-e06,33.2004451,-116.1541866,180.0,line-a-e11,33.2012421,-116.1532387,180.0,line-a-e12,33.2014015,-116.1530491,180.0,2026-08-17T14:51:36Z,dipole-dipole,5,4,1.727,463.1,170.945,8.337,0.00833,0.00080,0.01289;0.01253;0.01133;0.01037;0.00933;0.00774;0.00731;0.00490;0.00450;0.00299,
line-a-r00259,line-a,line-a-e05,33.2002857,-116.1543762,180.0,line-a-e06,33.2004451,-116.1541866,180.0,line-a-e11,33.2012421,-116.1532387,180.0,line-a-e12,33.2014015,-116.1530491,180.0,2026-08-17T14:51:48Z,dipole-dipole,5,5,1.790,446.9,176.327,6.381,0.01056,0.00102,0.01715;0.01574;0.01453;0.01250;0.01031;0.01004;0.00815;0.00597;0.00489;0.00361,
line-a-r00260,line-a,line-a-e05,33.2002857,-116.1543762,180.0,line-a-e06,33.2004451,-116.1541866,180.0,line-a-e11,33.2012421,-116.1532387,180.0,line-a-e12,33.2014015,-116.1530491,180.0,2026-08-17T14:52:00Z,dipole-dipole,5,4,1.289,620.9,-144.520,8.309,0.00829,0.00106,0.01236;0.01257;0.01147;0.01119;0.01033;0.00809;0.00601;0.00478;0.00464;0.00273,
line-a-r00261,line-a,line-a-e05,33.2002857,-116.1543762,180.0,line-a-e06,33.2004451,-116.1541866,180.0,line-a-e11,33.2012421,-116.1532387,180.0,line-a-e12,33.2014015,-116.1530491,180.0,2026-08-17T14:52:12Z,dipole-dipole,5,5,1.239,645.9,170.493,6.775,0.01063,0.00127,0.01717;0.01548;0.01543;0.01205;0.01060;0.01089;0.00798;0.00723;0.00526;0.00365,
line-a-r00262,line-a,line-a-e05,33.2002857,-116.1543762,180.0,line-a-e06,33.2004451,-116.1541866,180.0,line-a-e11,33.2012421,-116.1532387,180.0,line-a-e12,33.2014015,-116.1530491,180.0,2026-08-17T14:52:24Z,dipole-dipole,5,4,1.311,610.4,172.579,341.891,0.00943,0.00122,0.01436;0.01257;0.01376;0.01308;0.00957;0.00855;0.00761;0.00633;0.00481;0.00354,
line-a-r00263,line-a,line-a-e05,33.2002857,-116.1543762,180.0,line-a-e06,33.2004451,-116.1541866,180.0,line-a-e12,33.2014015,-116.1530491,180.0,line-a-e13,33.2015609,-116.1528595,180.0,2026-08-17T14:52:36Z,dipole-dipole,6,4,0.815,981.4,152.116,5.745,0.01376,0.00129,0.02242;0.01846;0.01823;0.01652;0.01481;0.01245;0.01072;0.00733;0.00691;0.00493,
line-a-r00264,line-a,line-a-e05,33.2002857,-116.1543762,180.0,line-a-e06,33.2004451,-116.1541866,180.0,line-a-e12,33.2014015,-116.1530491,180.0,line-a-e13,33.2015609,-116.1528595,180.0,2026-08-17T14:52:48Z,dipole-dipole,6,4,1.326,603.4,149.055,7.590,0.01253,0.00151,0.01709;0.01988;0.01863;0.01576;0.01522;0.01213;0.00908;0.00774;0.00642;0.00452,
line-a-r00265,line-a,line-a-e05,33.2002857,-116.1543762,180.0,line-a-e06,33.2004451,-116.1541866,180.0,line-a-e12,33.2014015,-116.1530491,180.0,line-a-e13,33.2015609,-116.1528595,180.0,2026-08-17T14:53:00Z,dipole-dipole,6,6,1.159,690.4,154.101,6.936,0.01052,0.00109,0.01694;0.01415;0.01499;0.01300;0.01126;0.00916;0.00870;0.00624;0.00519;0.00359,
line-a-r00266,line-a,line-a-e05,33.2002857,-116.1543762,180.0,line-a-e06,33.2004451,-116.1541866,180.0,line-a-e12,33.2014015,-116.1530491,180.0,line-a-e13,33.2015609,-116.1528595,180.0,2026-08-17T14:53:12Z,dipole-dipole,6,5,1.226,652.4,161.208,8.864,0.01265,0.00177,0.01852;0.01787;0.01775;0.01575;0.01396;0.01290;0.01038;0.00864;0.00611;0.00455,
line-a-r00267,line-a,line-a-e05,33.2002857,-116.1543762,180.0,line-a-e06,33.2004451,-116.1541866,180.0,line-a-e12,33.2014015,-116.1530491,180.0,line-a-e13,33.2015609,-116.1528595,180.0,2026-08-17T14:53:24Z,dipole-dipole,6,6,1.354,590.8,159.258,6.311,0.01170,0.00144,0.01784;0.01720;0.01674;0.01465;0.01275;0.01117;0.00958;0.00716;0.00548;0.00393,
line-a-r00268,line-a,line-a-e05,33.2002857,-116.1543762,180.0,line-a-e06,33.2004451,-116.1541866,180.0,line-a-e12,33.2014015,-116.1530491,180.0,line-a-e13,33.2015609,-116.1528595,180.0,2026-08-17T14:53:36Z,dipole-dipole,6,3,1.109,721.6,150.404,4.420,0.01288,0.00159,0.02183;0.02057;0.01918;0.01566;0.01415;0.01422;0.00955;0.00835;0.00594;0.00495,
line-a-r00269,line-a,line-a-e05,33.2002857,-116.1543762,180.0,line-a-e06,33.2004451,-116.1541866,180.0,line-a-e12,33.2014015,-116.1530491,180.0,line-a-e13,33.2015609,-116.1528595,180.0,2026-08-17T14:53:48Z,dipole-dipole,6,6,1.362,587.5,155.718,6.687,0.01331,0.00122,0.02336;0.01914;0.01776;0.01455;0.01355;0.01197;0.01084;0.00871;0.00652;0.00459,
line-a-r00270,line-a,line-a-e05,33.2002857,-116.1543762,180.0,line-a-e06,33.2004451,-116.1541866,180.0,line-a-e12,33.2014015,-116.1530491,180.0,line-a-e13,33.2015609,-116.1528595,180.0,2026-08-17T14:54:00Z,dipole-dipole,6,5,1.368,585.0,165.778,6.209,0.01230,0.00197,0.01873;0.01820;0.01696;0.01592;0.01245;0.01160;0.00939;0.00829;0.00598;0.00433,
line-a-r00271,line-a,line-a-e05,33.2002857,-116.1543762,180.0,line-a-e06,33.2004451,-116.1541866,180.0,line-a-e13,33.2015609,-116.1528595,180.0,line-a-e14,33.2017203,-116.1526699,180.0,2026-08-17T14:54:12Z,dipole-dipole,7,6,1.365,586.0,135.004,4.985,0.02025,0.00169,0.03253;0.03144;0.02889;0.02565;0.02015;0.02051;0.01659;0.01267;0.01077;0.00775,
line-a-r00272,line-a,line-a-e05,33.2002857,-116.1543762,180.0,line-a-e06,33.2004451,-116.1541866,180.0,line-a-e13,33.2015609,-116.1528595,180.0,line-a-e14,33.2017203,-116.1526699,180.0,2026-08-17T14:54:24Z,dipole-dipole,7,3,1.098,728.7,134.880,5.188,0.01885,0.00172,0.02758;0.02838;0.02857;0.02383;0.01862;0.01947;0.01722;0.01149;0.00919;0.00613,
line-a-r00273,line-a,line-a-e05,33.2002857,-116.1543762,180.0,line-a-e06,33.2004451,-116.1541866,180.0,line-a-e13,33.2015609,-116.1528595,180.0,line-a-e14,33.2017203,-116.1526699,180.0,2026-08-17T14:54:36Z,dipole-dipole,7,6,1.437,556.7,134.813,6.016,0.02020,0.00166,0.03391;0.02800;0.02625;0.02501;0.02076;0.02081;0.01503;0.01227;0.00993;0.00683,
line-a-r00274,line-a,line-a-e05,33.2002857,-116.1543762,180.0,line-a-e06,33.2004451,-116.1541866,180.0,line-a-e13,33.2015609,-116.1528595,180.0,line-a-e14,33.2017203,-116.1526699,180.0,2026-08-17T14:54:48Z,dipole-dipole,7,5,1.449,552.2,137.507,6.187,0.01971,0.00188,0.03119;0.03121;0.02816;0.02451;0.02288;0.01816;0.01700;0.01261;0.00948;0.00703,
line-a-r00275,line-a,line-a-e05,33.2002857,-116.1543762,180.0,line-a-e06,33.2004451,-116.1541866,180.0,line-a-e13,33.2015609,-116.1528595,180.0,line-a-e14,33.2017203,-116.1526699,180.0,2026-08-17T14:55:00Z,dipole-dipole,7,5,1.642,487.2,145.687,7.395,0.01907,0.00134,0.02867;0.02807;0.02669;0.02359;0.01936;0.01660;0.01415;0.01243;0.00963;0.00637,
line-a-r00276,line-a,line-a-e05,33.2002857,-116.1543762,180.0,line-a-e06,33.2004451,-116.1541866,180.0,line-a-e13,33.2015609,-116.1528595,180.0,line-a-e14,33.2017203,-116.1526699,180.0,2026-08-17T14:55:12Z,dipole-dipole,7,8,1.356,589.8,131.586,5.804,0.02178,0.00154,0.03355;0.03390;0.02856;0.02844;0.02109;0.02230;0.01610;0.01350;0.01048;0.00695,
line-a-r00277,line-a,line-a-e05,33.2002857,-116.1543762,180.0,line-a-e06,33.2004451,-116.1541866,180.0,line-a-e13,33.2015609,-116.1528595,180.0,line-a-e14,33.2017203,-116.1526699,180.0,2026-08-17T14:55:24Z,dipole-dipole,7,6,1.236,647.5,139.683,4.770,0.02197,0.00183,0.03429;0.03408;0.03249;0.02748;0.02616;0.02218;0.01709;0.01337;0.01123;0.00818,
line-a-r00278,line-a,line-a-e05,33.2002857,-116.1543762,180.0,line-a-e06,33.2004451,-116.1541866,180.0,line-a-e13,33.2015609,-116.1528595,180.0,line-a-e14,33.2017203,-116.1526699,180.0,2026-08-17T14:55:36Z,dipole-dipole,7,3,0.910,879.3,134.672,7.512,0.01752,0.00166,0.03002;0.02642;0.02351;0.02145;0.01770;0.01602;0.01391;0.01227;0.00832;0.00558,
line-a-r00279,line-a,line-a-e05,33.2002857,-116.1543762,180.0,line-a-e06,33.2004451,-116.1541866,180.0,line-a-e14,33.2017203,-116.1526699,180.0,line-a-e15,33.2018797,-116.1524803,180.0,2026-08-17T14:55:48Z,dipole-dipole,8,7,1.340,596.9,125.158,5.329,0.02087,0.00196,0.03246;0.03271;0.03166;0.02569;0.02480;0.01973;0.01677;0.01326;0.00937;0.00738,
line-a-r00280,line-a,line-a-e05,33.2002857,-116.1543762,180.0,line-a-e06,33.2004451,-116.1541866,180.0,line-a-e14,33.2017203,-116.1526699,180.0,line-a-e15,33.2018797,-116.1524803,180.0,2026-08-17T14:56:00Z,dipole-dipole,8,7,1.134,705.2,118.560,5.609,0.02559,0.00169,0.03985;0.03961;0.03487;0.02818;0.02849;0.02565;0.01968;0.01594;0.01367;0.00965,
line-a-r00281,line-a,line-a-e05,33.2002857,-116.1543762,180.0,line-a-e06,33.2004451,-116.1541866,180.0,line-a-e14,33.2017203,-116.1526699,180.0,line-a-e15,33.2018797,-116.1524803,180.0,2026-08-17T14:56:12Z,dipole-dipole,8,7,1.129,708.5,112.190,4.535,0.02590,0.00180,0.03850;0.03727;0.03610;0.03228;0.02695;0.02315;0.02183;0.01816;0.01279;0.00944,
line-a-r00282,line-a,line-a-e05,33.2002857,-116.1543762,180.0,line-a-e06,33.2004451,-116.1541866,180.0,line-a-e14,33.2017203,-116.1526699,180.0,line-a-e15,33.2018797,-116.1524803,180.0,2026-08-17T14:56:24Z,dipole-dipole,8,7,1.693,472.6,128.207,5.331,0.02416,0.00197,0.04151;0.03320;0.03430;0.02921;0.02477;0.02257;0.02112;0.01498;0.01121;0.00837,
line-a-r00283,line-a,line-a-e05,33.2002857,-116.1543762,180.0,line-a-e06,33.2004451,-116.1541866,180.0,line-a-e14,33.2017203,-116.1526699,180.0,line-a-e15,,,,2026-08-17T14:56:36Z,dipole-dipole,8,5,1.263,633.2,123.636,5.058,0.02248,0.00203,0.03199;0.03161;0.02928;0.03147;0.02599;0.02343;0.01757;0.01443;0.01069;0.00736,
line-a-r00284,line-a,line-a-e05,33.2002857,-116.1543762,180.0,line-a-e06,33.2004451,-116.1541866,180.0,line-a-e14,33.2017203,-116.1526699,180.0,line-a-e15,33.2018797,-116.1524803,180.0,2026-08-17T14:56:48Z,dipole-dipole,8,6,1.677,477.1,131.243,7.135,0.02298,0.00156,0.03575;0.03735;0.03236;0.03065;0.02706;0.02049;0.01805;0.01440;0.01083;0.00820,
line-a-r00285,line-a,line-a-e05,33.2002857,-116.1543762,180.0,line-a-e06,33.2004451,-116.1541866,180.0,line-a-e14,33.2017203,-116.1526699,180.0,line-a-e15,33.2018797,-116.1524803,180.0,2026-08-17T14:57:00Z,dipole-dipole,8,5,1.337,598.4,128.268,4.704,0.02285,0.00186,0.03573;0.03261;0.03044;0.02697;0.02438;0.02199;0.01856;0.01476;0.01083;0.00774,
line-a-r00286,line-a,line-a-e05,33.2002857,-116.1543762,180.0,line-a-e06,33.2004451,-116.1541866,180.0,line-a-e14,33.2017203,-116.1526699,180.0,line-a-e15,33.2018797,-116.1524803,180.0,2026-08-17T14:57:12Z,dipole-dipole,8,7,0.989,808.9,114.831,5.975,0.02637,0.00190,0.04148;0.03854;0.03632;0.03594;0.02803;0.02232;0.02148;0.01644;0.01294;0.00851,
line-a-r00287,line-a,line-a-e06,33.2004451,-116.1541866,180.0,line-a-e07,33.2006045,-116.1539970,180.0,line-a-e08,33.2007639,-116.1538074,180.0,line-a-e09,33.2009233,-116.1536179,180.0,2026-08-17T14:57:24Z,dipole-dipole,1,4,1.169,684.5,209.352,8.208,0.00255,0.00094,0.00376;0.00408;0.00363;0.00294;0.00281;0.00196;0.00192;0.00187;0.00124;0.00093,
line-a-r00288,line-a,line-a-e06,33.2004451,-116.1541866,180.0,line-a-e07,33.2006045,-116.1539970,180.0,line-a-e08,33.2007639,-116.1538074,180.0,line-a-e09,33.2009233,-116.1536179,180.0,2026-08-17T14:57:36Z,dipole-dipole,1,6,1.347,593.7,200.335,8.129,0.00409,0.00092,0.00654;0.00640;0.00525;0.00533;0.00464;0.00386;0.00291;0.00296;0.00195;0.00140,
line-a-r00289,line-a,line-a-e06,33.2004451,-116.1541866,180.0,line-a-e07,33.2006045,-116.1539970,180.0,line-a-e08,33.2007639,-116.1538074,180.0,line-a-e09,33.2009233,-116.1536179,180.0,2026-08-17T14:57:48Z,dipole-dipole,1,5,1.201,666.0,208.577,6.562,0.00607,0.00124,0.00914;0.00956;0.00941;0.00754;0.00668;0.00650;0.00457;0.00388;0.00291;0.00209,
line-a-r00290,line-a,line-a-e06,33.2004451,-116.1541866,180.0,line-a-e07,33.2006045,-116.1539970,180.0,line-a-e08,33.2007639,-116.1538074,180.0,line-a-e09,33.2009233,-116.1536179,180.0,2026-08-17T14:58:00Z,dipole-dipole,1,6,1.649,485.3,193.832,6.465,0.00560,0.00085,0.00948;0.00805;0.00825;0.00701;0.00642;0.00567;0.00420;0.00321;0.00288;0.00219,
line-a-r00291,line-a,line-a-e06,33.2004451,-116.1541866,180.0,line-a-e07,33.2006045,-116.1539970,180.0,line-a-e08,33.2007639,-116.1538074,180.0,line-a-e09,33.2009233,-116.1536179,180.0,2026-08-17T14:58:12Z,dipole-dipole,1,6,1.248,641.2,192.958,7.264,0.00534,0.00104,0.00865;0.00796;0.00744;0.00725;0.00619;0.00529;0.00480;0.00328;0.00268;0.00179,
line-a-r00292,line-a,line-a-e06,33.2004451,-116.1541866,180.0,line-a-e07,33.2006045,-116.1539970,180.0,line-a-e08,33.2007639,-116.1538074,180.0,line-a-e09,33.2009233,-116.1536179,180.0,2026-08-17T14:58:24Z,dipole-dipole,1,8,1.472,543.4,196.624,449.897,0.00466,0.00100,0.00724;0.00699;0.00632;0.00604;0.00477;0.00455;0.00341;0.00281;0.00222;0.00166,
line-a-r00293,line-a,line-a-e06,33.2004451,-116.1541866,180.0,line-a-e07,33.2006045,-116.1539970,180.0,line-a-e09,33.2009233,-116.1536179,180.0,line-a-e10,33.2010827,-116.1534283,180.0,2026-08-17T14:58:36Z,dipole-dipole,2,6,1.037,771.7,191.064,5.833,0.00597,0.00088,0.00898;0.00883;0.00882;0.00644;0.00639;0.00503;0.00451;0.00367;0.00308;0.00198,
line-a-r00294,line-a,line-a-e06,33.2004451,-116.1541866,180.0,line-a-e07,33.2006045,-116.1539970,180.0,line-a-e09,33.2009233,-116.1536179,180.0,line-a-e10,33.2010827,-116.1534283,180.0,2026-08-17T14:58:48Z,dipole-dipole,2,5,1.305,613.1,202.283,7.311,0.00396,0.00115,0.00628;0.00593;0.00544;0.00475;0.00466;0.00374;0.00330;0.00263;0.00186;0.00148,
line-a-r00295,line-a,line-a-e06,33.2004451,-116.1541866,180.0,line-a-e07,33.2006045,-116.1539970,180.0,line-a-e09,33.2009233,-116.1536179,180.0,line-a-e10,33.2010827,-116.1534283,180.0,2026-08-17T14:59:00Z,dipole-dipole,2,7,1.206,663.3,198.221,8.076,0.00580,0.00097,0.00861;0.00913;0.00779;0.00722;0.00598;0.00531;0.00452;0.00389;0.00260;0.00207,
line-a-r00296,line-a,line-a-e06,33.2004451,-116.1541866,180.0,line-a-e07,33.2006045,-116.1539970,180.0,line-a-e09,33.2009233,-116.1536179,180.0,line-a-e10,33.2010827,-116.1534283,180.0,2026-08-17T14:59:12Z,dipole-dipole,2,5,1.019,785.0,203.246,7.254,0.00571,0.00089,0.00931;0.00820;0.00823;0.00692;0.00625;0.00550;0.00424;0.00379;0.00242;0.00199,
line-a-r00297,line-a,line-a-e06,33.2004451,-116.1541866,180.0,line-a-e07,33.2006045,-116.1539970,180.0,line-a-e09,33.2009233,-116.1536179,180.0,line-a-e10,33.2010827,-116.1534283,180.0,2026-08-17T14:59:24Z,dipole-dipole,2,6,1.127,710.1,216.596,6.963,0.00697,0.00097,0.01210;0.01056;0.00914;0.00857;0.00757;0.00718;0.00533;0.00457;0.00338;0.00219,
line-a-r00298,line-a,line-a-e06,33.2004451,-116.1541866,180.0,line-a-e07,33.2006045,-116.1539970,180.0,line-a-e09,33.2009233,-116.1536179,180.0,line-a-e10,33.2010827,-116.1534283,180.0,2026-08-17T14:59:36Z,dipole-dipole,2,4,1.364,586.6,197.218,8.149,0.00404,0.00112,0.00605;0.00653;0.00601;0.00452;0.00447;0.00388;0.00308;0.00268;0.00198;0.00146,
line-a-r00299,line-a,line-a-e06,33.2004451,-116.1541866,180.0,line-a-e07,33.2006045,-116.1539970,180.0,line-a-e09,33.2009233,-116.1536179,180.0,line-a-e10,33.2010827,-116.1534283,180.0,2026-08-17T14:59:48Z,dipole-dipole,2,6,1.223,654.3,191.841,6.767,0.00457,0.00141,0.00694;0.00676;0.00619;0.00613;0.00534;0.00445;0.00376;0.00284;0.00210;0.00161,
line-a-r00300,line-a,line-a-e06,33.2004451,-116.1541866,180.0,line-a-e07,33.2006045,-116.1539970,180.0,line-a-e10,33.2010827,-116.1534283,180.0,line-a-e11,33.2012421,-116.1532387,180.0,2026-08-17T15:00:00Z,dipole-dipole,3,8,1.308,611.7,191.088,6.824,0.00263,0.00111,0.00423;0.00350;0.00361;0.00322;0.00267;0.00243;0.00221;0.00153;0.00124;0.00092,
line-a-r00301,line-a,line-a-e06,33.2004451,-116.1541866,180.0,line-a-e07,33.2006045,-116.1539970,180.0,line-a-e10,33.2010827,-116.1534283,180.0,line-a-e11,33.2012421,-116.1532387,180.0,2026-08-17T15:00:12Z,dipole-dipole,3,5,0.963,830.8,190.046,8.336,0.00330,0.00088,0.00494;0.00498;0.00430;0.00399;0.00388;0.00292;0.00259;0.00198;0.00150;0.00118,
line-a-r00302,line-a,line-a-e06,33.2004451,-116.1541866,180.0,line-a-e07,33.2006045,-116.1539970,180.0,line-a-e10,33.2010827,-116.1534283,180.0,line-a-e11,33.2012421,-116.1532387,180.0,2026-08-17T15:00:24Z,dipole-dipole,3,4,1.367,585.4,202.017,7.193,0.00661,0.00131,0.01055;0.00895;0.01013;0.00796;0.00639;0.00641;0.00547;0.00427;0.00331;0.00253,
line-a-r00303,line-a,line-a-e06,33.2004451,-116.1541866,180.0,line-a-e07,33.2006045,-116.1539970,180.0,line-a-e10,33.2010827,-116.1534283,180.0,line-a-e11,33.2012421,-116.1532387,180.0,2026-08-17T15:00:36Z,dipole-dipole,3,3,1.387,576.9,188.678,7.471,0.00534,0.00099,0.00863;0.00834;0.00679;0.00613;0.00516;0.00479;0.00431;0.00317;0.00259;0.00186,
line-a-r00304,line-a,line-a-e06,33.2004451,-116.1541866,180.0,line-a-e07,33.2006045,-116.1539970,180.0,line-a-e10,33.2010827,-116.1534283,180.0,line-a-e11,33.2012421,-116.1532387,180.0,2026-08-17T15:00:48Z,dipole-dipole,3,5,1.231,649.8,202.010,8.419,0.00574,0.00096,0.00888;0.00922;0.00796;0.00661;0.00646;0.00575;0.00483;0.00368;0.00286;0.00206,
line-a-r00305,line-a,line-a-e06,33.2004451,-116.1541866,180.0,line-a-e07,33.2006045,-116.1539970,180.0,line-a-e10,33.2010827,-116.1534283,180.0,line-a-e11,33.2012421,-116.1532387,180.0,2026-08-17T15:01:00Z,dipole-dipole,3,4,0.992,806.4,191.953,6.836,0.00532,0.00113,0.00873;0.00762;0.00711;0.00699;0.00584;0.00506;0.00389;0.00303;0.00303;0.00183,
line-a-r00306,line-a,line-a-e06,33.2004451,-116.1541866,180.0,line-a-e07,33.2006045,-116.1539970,180.0,line-a-e11,33.2012421,-116.1532387,180.0,line-a-e12,33.2014015,-116.1530491,180.0,2026-08-17T15:01:12Z,dipole-dipole,4,7,1.243,643.5,182.167,8.166,0.00748,0.00191,0.00272;0.00367;0.00439;0.00549;0.00713;0.00869;0.00943;0.01192;0.01194;0.01182,
line-a-r00307,line-a,line-a-e06,33.2004451,-116.1541866,180.0,line-a-e07,33.2006045,-116.1539970,180.0,line-a-e11,33.2012421,-116.1532387,180.0,line-a-e12,33.2014015,-116.1530491,180.0,2026-08-17T15:01:24Z,dipole-dipole,4,7,1.033,774.8,179.669,7.921,0.00531,0.00143,0.00877;0.00761;0.00707;0.00643;0.00576;0.00500;0.00406;0.00315;0.00251;0.00181,
line-a-r00308,line-a,line-a-e06,33.2004451,-116.1541866,180.0,line-a-e07,33.2006045,-116.1539970,180.0,line-a-e11,33.2012421,-116.1532387,180.0,line-a-e12,33.2014015,-116.1530491,180.0,2026-08-17T15:01:36Z,dipole-dipole,4,6,1.613,496.1,177.466,6.323,0.00618,0.00108,0.00974;0.00955;0.00883;0.00866;0.00703;0.00556;0.00463;0.00403;0.00322;0.00224,
line-a-r00309,line-a,line-a-e06,33.2004451,-116.1541866,180.0,line-a-e07,33.2006045,-116.1539970,180.0,line-a-e11,33.2012421,-116.1532387,180.0,line-a-e12,33.2014015,-116.1530491,180.0,2026-08-17T15:01:48Z,dipole-dipole,4,4,1.449,552.0,184.446,6.400,0.00790,0.00142,0.01298;0.01220;0.01234;0.01028;0.00852;0.00705;0.00556;0.00515;0.00419;0.00275,
line-a-r00310,line-a,line-a-e06,33.2004451,-116.1541866,180.0,line-a-e07,33.2006045,-116.1539970,180.0,line-a-e11,33.2012421,-116.1532387,180.0,line-a-e12,33.2014015,-116.1530491,180.0,2026-08-17T15:02:00Z,dipole-dipole,4,6,1.305,613.0,191.078,8.075,0.00640,0.00147,0.00875;0.00992;0.00881;0.00764;0.00752;0.00627;0.00535;0.00390;0.00306;0.00256,
line-a-r00311,line-a,line-a-e06,33.2004451,-116.1541866,180.0,line-a-e07,33.2006045,-116.1539970,180.0,line-a-e11,33.2012421,-116.1532387,180.0,line-a-e12,33.2014015,-116.1530491,180.0,2026-08-17T15:02:12Z,dipole-dipole,4,3,1.120,714.0,178.429,7.214,0.00763,0.00099,0.01335;0.01210;0.00957;0.00983;0.00851;0.00584;0.00667;0.00458;0.00368;0.00283,
line-a-r00312,line-a,line-a-e06,33.2004451,-116.1541866,180.0,line-a-e07,33.2006045,-116.1539970,180.0,line-a-e12,33.2014015,-116.1530491,180.0,line-a-e13,33.2015609,-116.1528595,180.0,2026-08-17T15:02:24Z,dipole-dipole,5,6,1.123,712.1,171.010,8.594,0.01182,0.00133,0.01977;0.01718;0.01692;0.01435;0.01237;0.01233;0.00833;0.00758;0.00637;0.00416,
line-a-r00313,line-a,line-a-e06,33.2004451,-116.1541866,180.0,line-a-e07,33.2006045,-116.1539970,180.0,line-a-e12,33.2014015,-116.1530491,180.0,line-a-e13,33.2015609,-116.1528595,180.0,2026-08-17T15:02:36Z,dipole-dipole,5,5,1.073,745.6,168.562,6.461,0.01152,0.00135,0.01807;0.01563;0.01407;0.01381;0.01179;0.01057;0.00977;0.00756;0.00552;0.00413,
line-a-r00314,line-a,line-a-e06,33.2004451,-116.1541866,180.0,line-a-e07,33.2006045,-116.1539970,180.0,line-a-e12,33.2014015,-116.1530491,180.0,line-a-e13,33.2015609,-116.1528595,180.0,2026-08-17T15:02:48Z,dipole-dipole,5,3,1.594,501.8,173.315,8.483,0.01146,0.00243,0.01946;0.01965;0.01561;0.01460;0.01375;0.01088;0.00984;0.00722;0.00585;0.00392,
line-a-r00315,line-a,line-a-e06,33.2004451,-116.1541866,180.0,line-a-e07,33.2006045,-116.1539970,180.0,line-a-e12,33.2014015,-116.1530491,180.0,line-a-e13,33.2015609,-116.1528595,180.0,2026-08-17T15:03:00Z,dipole-dipole,5,3,1.388,576.3,162.646,6.762,0.00955,0.00130,0.01450;0.01385;0.01381;0.01142;0.00982;0.00907;0.00746;0.00603;0.00465;0.00288,
line-a-r00316,line-a,line-a-e06,33.2004451,-116.1541866,180.0,line-a-e07,33.2006045,-116.1539970,180.0,line-a-e12,33.2014015,-116.1530491,180.0,line-a-e13,33.2015609,-116.1528595,180.0,2026-08-17T15:03:12Z,dipole-dipole,5,7,1.203,665.0,167.443,6.546,0.01220,0.00112,0.02087;0.01755;0.01747;0.01303;0.01389;0.01188;0.00961;0.00841;0.00592;0.00444,
line-a-r00317,line-a,line-a-e06,33.2004451,-116.1541866,180.0,line-a-e07,33.2006045,-116.1539970,180.0,line-a-e12,33.2014015,-116.1530491,180.0,line-a-e13,33.2015609,-116.1528595,180.0,2026-08-17T15:03:24Z,dipole-dipole,5,5,1.277,626.5,167.895,5.131,0.01126,0.00140,0.01612;0.01817;0.01738;0.01271;0.01260;0.01046;0.00840;0.00792;0.00527;0.00396,
line-a-r00318,line-a,line-a-e06,33.2004451,-116.1541866,180.0,line-a-e07,33.2006045,-116.1539970,180.0,line-a-e13,33.2015609,-116.1528595,180.0,line-a-e14,33.2017203,-116.1526699,180.0,2026-08-17T15:03:36Z,dipole-dipole,6,5,1.214,658.9,148.054,5.811,0.01334,0.00155,0.02214;0.01725;0.01879;0.01864;0.01480;0.01265;0.01181;0.00878;0.00648;0.00485,
line-a-r00319,line-a,line-a-e06,33.2004451,-116.1541866,180.0,line-a-e07,33.2006045,-116.1539970,180.0,line-a-e13,33.2015609,-116.1528595,180.0,line-a-e14,33.2017203,-116.1526699,180.0,2026-08-17T15:03:48Z,dipole-dipole,6,6,1.260,634.9,146.756,6.396,0.01739,0.00149,0.02761;0.02532;0.02547;0.02439;0.01936;0.01611;0.01448;0.01070;0.00823;0.00591,
line-a-r00320,line-a,line-a-e06,33.2004451,-116.1541866,180.0,line-a-e07,33.2006045,-116.1539970,180.0,line-a-e13,33.2015609,-116.1528595,180.0,line-a-e14,33.2017203,-116.1526699,180.0,2026-08-17T15:04:00Z,dipole-dipole,6,8,1.214,658.9,152.364,5.442,0.01501,0.00173,0.02348;0.01989;0.01659;0.01815;0.01722;0.01312;0.01212;0.01012;0.00737;0.00513,
line-a-r00321,line-a,line-a-e06,33.2004451,-116.1541866,180.0,line-a-e07,33.2006045,-116.1539970,180.0,line-a-e13,33.2015609,-116.1528595,180.0,line-a-e14,33.2017203,-116.1526699,180.0,2026-08-17T15:04:12Z,dipole-dipole,6,8,1.228,651.5,140.935,6.403,0.01522,0.00138,0.02308;0.02296;0.01913;0.01947;0.01471;0.01446;0.01271;0.00943;0.00735;0.00549,
line-a-r00322,line-a,line-a-e06,33.2004451,-116.1541866,180.0,line-a-e07,33.2006045,-116.1539970,180.0,line-a-e13,33.2015609,-116.1528595,180.0,line-a-e14,33.2017203,-116.1526699,180.0,2026-08-17T15:04:24Z,dipole-dipole,6,3,1.369,584.6,151.385,5.354,0.01560,0.00148,0.02423;0.02505;0.02127;0.01956;0.01645;0.01478;0.01296;0.01042;0.00758;0.00585,
line-a-r00323,line-a,line-a-e06,33.2004451,-116.1541866,180.0,line-a-e07,33.2006045,-116.1539970,180.0,line-a-e13,33.2015609,-116.1528595,180.0,line-a-e14,33.2017203,-116.1526699,180.0,2026-08-17T15:04:36Z,dipole-dipole,6,5,1.328,602.2,141.265,6.627,0.01831,0.00161,0.02985;0.02913;0.02340;0.02337;0.01882;0.01710;0.01538;0.01187;0.00979;0.00691,
line-a-r00324,line-a,line-a-e06,33.2004451,-116.1541866,180.0,line-a-e07,33.2006045,-116.1539970,180.0,line-a-e13,33.2015609,-116.1528595,180.0,line-a-e14,33.2017203,-116.1526699,180.0,2026-08-17T15:04:48Z,dipole-dipole,6,6,1.244,643.0,143.925,5.672,0.01385,0.00147,0.02187;0.02209;0.01745;0.01760;0.01440;0.01399;0.01143;0.00862;0.00636;0.00523,
line-a-r00325,line-a,line-a-e06,33.2004451,-116.1541866,180.0,line-a-e07,33.2006045,-116.1539970,180.0,line-a-e13,33.2015609,-116.1528595,180.0,line-a-e14,33.2017203,-116.1526699,180.0,2026-08-17T15:05:00Z,dipole-dipole,6,8,1.131,707.1,146.304,5.007,0.01805,0.00192,0.03008;0.02613;0.02656;0.02142;0.01873;0.01636;0.01490;0.01104;0.00821;0.00635,
line-a-r00326,line-a,line-a-e06,33.2004451,-116.1541866,180.0,line-a-e07,33.2006045,-116.1539970,180.0,line-a-e14,33.2017203,-116.1526699,180.0,line-a-e15,33.2018797,-116.1524803,180.0,2026-08-17T15:05:12Z,dipole-dipole,7,8,1.132,706.5,131.671,4.910,0.01949,0.00197,0.03073;0.02824;0.02861;0.02338;0.02115;0.01978;0.01648;0.01286;0.00985;0.00655,
line-a-r00327,line-a,line-a-e06,33.2004451,-116.1541866,180.0,line-a-e07,33.2006045,-116.1539970,180.0,line-a-e14,33.2017203,-116.1526699,180.0,line-a-e15,33.2018797,-116.1524803,180.0,2026-08-17T15:05:24Z,dipole-dipole,7,4,1.127,710.0,122.865,5.697,0.01940,0.00191,0.02967;0.03036;0.02518;0.02074;0.01991;0.01963;0.01437;0.01243;0.00861;0.00675,
line-a-r00328,line-a,line-a-e06,33.2004451,-116.1541866,180.0,line-a-e07,33.2006045,-116.1539970,180.0,line-a-e14,33.2017203,-116.1526699,180.0,line-a-e15,33.2018797,-116.1524803,180.0,2026-08-17T15:05:36Z,dipole-dipole,7,6,1.113,718.7,126.934,4.316,0.01975,0.00186,0.03089;0.02679;0.02651;0.02458;0.02122;0.01818;0.01723;0.01248;0.01018;0.00724,
line-a-r00329,line-a,line-a-e06,33.2004451,-116.1541866,180.0,line-a-e07,33.2006045,-116.1539970,180.0,line-a-e14,33.2017203,-116.1526699,180.0,line-a-e15,33.2018797,-116.1524803,180.0,2026-08-17T15:05:48Z,dipole-dipole,7,3,1.574,508.4,117.674,6.154,0.01915,0.00176,0.03282;0.02911;0.02951;0.02287;0.02048;0.01848;0.01516;0.01030;0.00927;0.00654,
line-a-r00330,line-a,line-a-e06,33.2004451,-116.1541866,180.0,line-a-e07,33.2006045,-116.1539970,180.0,line-a-e14,33.2017203,-116.1526699,180.0,line-a-e15,33.2018797,-116.1524803,180.0,2026-08-17T15:06:00Z,dipole-dipole,7,4,0.974,821.2,127.007,5.472,0.01994,0.00150,0.03143;0.02880;0.02647;0.02719;0.02301;0.01910;0.01582;0.01219;0.00940;0.00742,
line-a-r00331,line-a,line-a-e06,33.2004451,-116.1541866,180.0,line-a-e07,33.2006045,-116.1539970,180.0,line-a-e14,33.2017203,-116.1526699,180.0,line-a-e15,33.2018797,-116.1524803,180.0,2026-08-17T15:06:12Z,dipole-dipole,7,6,1.153,693.6,129.896,5.086,0.02295,0.00162,0.03549;0.03279;0.03825;0.02634;0.02417;0.02216;0.01817;0.01360;0.01098;0.00747,
line-a-r00332,line-a,line-a-e06,33.2004451,-116.1541866,180.0,line-a-e07,33.2006045,-116.1539970,180.0,line-a-e14,33.2017203,-116.1526699,180.0,line-a-e15,33.2018797,-116.1524803,180.0,2026-08-17T15:06:24Z,dipole-dipole,7,7,1.397,572.5,124.866,4.246,0.02055,0.00163,0.03347;0.03123;0.02541;0.02359;0.02338;0.02003;0.01641;0.01285;0.00955;0.00678,
line-a-r00333,line-a,line-a-e06,33.2004451,-116.1541866,180.0,line-a-e07,33.2006045,-116.1539970,180.0,line-a-e14,33.2017203,-116.1526699,180.0,line-a-e15,33.2018797,-116.1524803,180.0,2026-08-17T15:06:36Z,dipole-dipole,7,8,1.069,748.4,122.668,4.110,0.01967,0.00175,0.02817;0.03000;0.02694;0.02602;0.01915;0.01838;0.01615;0.01314;0.00926;0.00637,
line-a-r00334,line-a,line-a-e06,33.2004451,-116.1541866,180.0,line-a-e07,33.2006045,-116.1539970,180.0,line-a-e15,33.2018797,-116.1524803,180.0,line-a-e16,33.2020391,-116.1522907,180.0,2026-08-17T15:06:48Z,dipole-dipole,8,3,1.092,732.7,109.666,5.021,0.02227,0.00240,0.03756;0.03509;0.03041;0.02704;0.02703;0.02002;0.01915;0.01405;0.01223;0.00817,
line-a-r00335,line-a,line-a-e06,33.2004451,-116.1541866,180.0,line-a-e07,33.2006045,-116.1539970,180.0,line-a-e15,33.2018797,-116.1524803,180.0,line-a-e16,33.2020391,-116.1522907,180.0,2026-08-17T15:07:00Z,dipole-dipole,8,7,1.322,605.1,119.438,4.759,0.02955,0.00204,0.04933;0.04181;0.03481;0.03594;0.03508;0.02588;0.02304;0.01679;0.01349;0.01054,
line-a-r00336,line-a,line-a-e06,33.2004451,-116.1541866,180.0,line-a-e07,33.2006045,-116.1539970,180.0,line-a-e15,33.2018797,-116.1524803,180.0,line-a-e16,33.2020391,-116.1522907,180.0,2026-08-17T15:07:12Z,dipole-dipole,8,4,1.391,575.0,118.846,4.623,0.02751,0.00229,0.04278;0.04243;0.03699;0.03578;0.03089;0.02688;0.02357;0.01780;0.01348;0.01015,
line-a-r00337,line-a,line-a-e06,33.2004451,-116.1541866,180.0,line-a-e07,33.2006045,-116.1539970,180.0,line-a-e15,33.2018797,-116.1524803,180.0,line-a-e16,33.2020391,-116.1522907,180.0,2026-08-17T15:07:24Z,dipole-dipole,8,5,1.514,528.5,118.701,6.503,0.02816,0.00259,0.04219;0.03997;0.03614;0.03922;0.03194;0.02857;0.02327;0.01797;0.01381;0.01028,
line-a-r00338,line-a,line-a-e06,33.2004451,-116.1541866,180.0,line-a-e07,33.2006045,-116.1539970,180.0,line-a-e15,33.2018797,-116.1524803,180.0,line-a-e16,33.2020391,-116.1522907,180.0,2026-08-17T15:07:36Z,dipole-dipole,8,5,1.253,638.5,114.526,4.496,0.02650,0.00310,0.03896;0.04137;0.03572;0.02972;0.02878;0.02466;0.02096;0.01575;0.01355;0.00908,
line-a-r00339,line-a,line-a-e06,33.2004451,-116.1541866,180.0,line-a-e07,33.2006045,-116.1539970,180.0,line-a-e15,33.2018797,-116.1524803,180.0,line-a-e16,33.2020391,-116.1522907,180.0,2026-08-17T15:07:48Z,dipole-dipole,8,7,1.217,657.6,115.680,4.794,0.02524,0.04282,0.03970;0.03837;0.03071;0.03079;0.02647;0.02166;0.01861;0.01527;0.01260;0.00894,
line-a-r00340,line-a,line-a-e06,33.2004451,-116.1541866,180.0,line-a-e07,33.2006045,-116.1539970,180.0,line-a-e15,33.2018797,-116.1524803,180.0,line-a-e16,33.2020391,-116.1522907,180.0,2026-08-17T15:08:00Z,dipole-dipole,8,7,1.273,628.3,106.161,3.845,0.02602,0.00233,0.04050;0.03845;0.03626;0.02960;0.02775;0.02604;0.02322;0.01778;0.01482;0.00865,
line-a-r00341,line-a,line-a-e06,33.2004451,-116.1541866,180.0,line-a-e07,33.2006045,-116.1539970,180.0,line-a-e15,33.2018797,-116.1524803,180.0,line-a-e16,33.2020391,-116.1522907,180.0,2026-08-17T15:08:12Z,dipole-dipole,8,8,1.313,609.5,115.640,4.538,0.02724,0.00207,0.04543;0.03712;0.03622;0.03485;0.03162;0.02495;0.02185;0.01863;0.01368;0.01025,
line-a-r00342,line-a,line-a-e07,33.2006045,-116.1539970,180.0,line-a-e08,33.2007639,-116.1538074,180.0,line-a-e09,33.2009233,-116.1536179,180.0,line-a-e10,33.2010827,-116.1534283,180.0,2026-08-17T15:08:24Z,dipole-dipole,1,4,2.000,273.3,210.075,10.347,0.00550,0.00108,0.00824;0.00864;0.00846;0.00707;0.00559;0.00528;0.00449;0.00349;0.00246;0.00207,
line-a-r00343,line-a,line-a-e07,33.2006045,-116.1539970,180.0,line-a-e08,33.2007639,-116.1538074,180.0,line-a-e09,33.2009233,-116.1536179,180.0,line-a-e10,33.2010827,-116.1534283,180.0,2026-08-17T15:08:36Z,dipole-dipole,1,6,2.000,269.9,223.421,7.835,0.00565,0.00088,0.01052;0.00903;0.00729;0.00612;0.00579;0.00531;0.00437;0.00326;0.00283;0.00209,
line-a-r00344,line-a,line-a-e07,33.2006045,-116.1539970,180.0,line-a-e08,33.2007639,-116.1538074,180.0,line-a-e09,33.2009233,-116.1536179,180.0,line-a-e10,33.2010827,-116.1534283,180.0,2026-08-17T15:08:48Z,dipole-dipole,1,7,2.000,297.7,206.675,6.464,0.00503,0.00081,0.00805;0.00731;0.00667;0.00562;0.00580;0.00514;0.00375;0.00294;0.00224;0.00185,
line-a-r00345,line-a,line-a-e07,33.2006045,-116.1539970,180.0,line-a-e08,33.2007639,-116.1538074,180.0,line-a-e09,33.2009233,-116.1536179,180.0,line-a-e10,33.2010827,-116.1534283,180.0,2026-08-17T15:09:00Z,dipole-dipole,1,7,2.000,236.4,204.697,9.580,0.00661,0.00119,0.00993;0.00979;0.00812;0.00889;0.00678;0.00582;0.00472;0.00443;0.00312;0.00230,
line-a-r00346,line-a,line-a-e07,33.2006045,-116.1539970,180.0,line-a-e08,33.2007639,-116.1538074,180.0,line-a-e09,33.2009233,-116.1536179,180.0,line-a-e10,33.2010827,-116.1534283,180.0,2026-08-17T15:09:12Z,dipole-dipole,1,3,2.000,342.9,195.359,10.480,0.00504,0.00090,0.00841;0.00684;0.00685;0.00547;0.00571;0.00492;0.00428;0.00346;0.00259;0.00177,
line-a-r00347,line-a,line-a-e07,33.2006045,-116.1539970,180.0,line-a-e08,33.2007639,-116.1538074,180.0,line-a-e09,33.2009233,-116.1536179,180.0,line-a-e10,33.2010827,-116.1534283,180.0,2026-08-17T15:09:24Z,dipole-dipole,1,4,2.000,346.8,189.021,7.226,0.00432,0.00099,0.00668;0.00636;0.00560;0.00542;0.00483;0.00403;0.00316;0.00291;0.00221;0.00149,
line-a-r00348,line-a,line-a-e07,33.2006045,-116.1539970,180.0,line-a-e08,33.2007639,-116.1538074,180.0,line-a-e09,33.2009233,-116.1536179,180.0,line-a-e10,33.2010827,-116.1534283,180.0,2026-08-17T15:09:36Z,dipole-dipole,1,8,2.000,336.7,203.992,9.879,0.00536,0.00117,0.00857;0.00721;0.00769;0.00663;0.00569;0.00470;0.00399;0.00320;0.00266;0.00188,
line-a-r00349,line-a,line-a-e07,33.2006045,-116.1539970,180.0,line-a-e08,33.2007639,-116.1538074,180.0,line-a-e10,33.2010827,-116.1534283,180.0,line-a-e11,33.2012421,-116.1532387,180.0,2026-08-17T15:09:48Z,dipole-dipole,2,5,2.000,266.0,205.583,7.069,0.00487,0.00095,0.00836;0.00652;0.00653;0.00530;0.00528;0.00440;0.00384;0.00309;0.00236;0.00167,
line-a-r00350,line-a,line-a-e07,33.2006045,-116.1539970,180.0,line-a-e08,33.2007639,-116.1538074,180.0,line-a-e10,33.2010827,-116.1534283,180.0,line-a-e11,33.2012421,-116.1532387,180.0,2026-08-17T15:10:00Z,dipole-dipole,2,3,2.000,285.2,204.867,8.037,0.00648,0.00101,0.00938;0.00916;0.00942;0.00779;0.00688;0.00579;0.00501;0.00417;0.00340;0.00238,
line-a-r00351,line-a,line-a-e07,33.2006045,-116.1539970,180.0,line-a-e08,33.2007639,-116.1538074,180.0,line-a-e10,33.2010827,-116.1534283,180.0,line-a-e11,33.2012421,-116.1532387,180.0,2026-08-17T15:10:12Z,dipole-dipole,2,8,2.000,259.0,201.648,7.972,0.00538,0.00146,0.00840;0.00837;0.00755;0.00694;0.00587;0.00537;0.00408;0.00339;0.00240;0.00182,
line-a-r00352,line-a,line-a-e07,33.2006045,-116.1539970,180.0,line-a-e08,33.2007639,-116.1538074,180.0,line-a-e10,33.2010827,-116.1534283,180.0,line-a-e11,33.2012421,-116.1532387,180.0,2026-08-17T15:10:24Z,dipole-dipole,2,4,2.000,255.8,206.336,8.271,0.00367,0.00137,0.00564;0.00593;0.00466;0.00419;0.00420;0.00338;0.00276;0.00252;0.00167;0.00134,
line-a-r00353,line-a,line-a-e07,33.2006045,-116.1539970,180.0,line-a-e08,33.2007639,-116.1538074,180.0,line-a-e10,33.2010827,-116.1534283,180.0,line-a-e11,33.2012421,-116.1532387,180.0,2026-08-17T15:10:36Z,dipole-dipole,2,5,2.000,257.7,207.302,7.512,0.00565,0.00095,0.00925;0.00884;0.00818;0.00700;0.00596;0.00568;0.00427;0.00372;0.00295;0.00190,
line-a-r00354,line-a,line-a-e07,33.2006045,-116.1539970,180.0,line-a-e08,33.2007639,-116.1538074,180.0,line-a-e10,33.2010827,-116.1534283,180.0,line-a-e11,33.2012421,-116.1532387,180.0,2026-08-17T15:10:48Z,dipole-dipole,2,7,2.000,298.3,203.878,5.822,0.00525,0.00138,0.00803;0.00738;0.00766;0.00646;0.00606;0.00497;0.00413;0.00339;0.00254;0.00205,
line-a-r00355,line-a,line-a-e07,33.2006045,-116.1539970,180.0,line-a-e08,33.2007639,-116.1538074,180.0,line-a-e10,33.2010827,-116.1534283,180.0,line-a-e11,33.2012421,-116.1532387,180.0,2026-08-17T15:11:00Z,dipole-dipole,2,8,2.000,342.6,202.848,6.769,0.00485,0.00110,0.00712;0.00693;0.00696;0.00654;0.00598;0.00421;0.00372;0.00282;0.00245;0.00179,
line-a-r00356,line-a,line-a-e07,33.2006045,-116.1539970,180.0,line-a-e08,33.2007639,-116.1538074,180.0,line-a-e10,33.2010827,-116.1534283,180.0,line-a-e11,33.2012421,-116.1532387,180.0,2026-08-17T15:11:12Z,dipole-dipole,2,8,2.000,257.5,210.004,10.882,0.00487,0.00171,0.00758;0.00733;0.00672;0.00651;0.00492;0.00497;0.00382;0.00287;0.00256;0.00182,
line-a-r00357,line-a,line-a-e07,33.2006045,-116.1539970,180.0,line-a-e08,33.2007639,-116.1538074,180.0,line-a-e11,33.2012421,-116.1532387,180.0,line-a-e12,33.2014015,-116.1530491,180.0,2026-08-17T15:11:24Z,dipole-dipole,3,6,2.000,300.1,190.323,9.584,0.00783,0.00165,0.01233;0.01264;0.01112;0.00989;0.00843;0.00749;0.00593;0.00568;0.00420;0.00281,
line-a-r00358,line-a,line-a-e07,33.2006045,-116.1539970,180.0,line-a-e08,33.2007639,-116.1538074,180.0,line-a-e11,33.2012421,-116.1532387,180.0,line-a-e12,33.2014015,-116.1530491,180.0,2026-08-17T15:11:36Z,dipole-dipole,3,5,2.000,293.2,190.323,7.240,0.00783,0.00095,0.01233;0.01264;0.01112;0.00989;0.00843;0.00749;0.00593;0.00568;0.00420;0.00281,
line-a-r00359,line-a,line-a-e07,33.2006045,-116.1539970,180.0,line-a-e08,33.2007639,-116.1538074,180.0,line-a-e11,33.2012421,-116.1532387,180.0,line-a-e12,33.2014015,-116.1530491,180.0,2026-08-17T15:11:48Z,dipole-dipole,3,7,2.000,298.1,190.323,6.634,0.00783,0.00113,0.01233;0.01264;0.01112;0.00989;0.00843;0.00749;0.00593;0.00568;0.00420;0.00281,
line-a-r00360,line-a,line-a-e07,33.2006045,-116.1539970,180.0,line-a-e08,33.2007639,-116.1538074,180.0,line-a-e11,33.2012421,-116.1532387,180.0,line-a-e12,33.2014015,-116.1530491,180.0,2026-08-17T15:12:00Z,dipole-dipole,3,6,2.000,277.6,190.323,6.007,0.00783,0.00105,0.01233;0.01264;0.01112;0.00989;0.00843;0.00749;0.00593;0.00568;0.00420;0.00281,
line-a-r00361,line-a,line-a-e07,33.2006045,-116.1539970,180.0,line-a-e08,33.2007639,-116.1538074,180.0,line-a-e11,33.2012421,-116.1532387,180.0,line-a-e12,33.2014015,-116.1530491,180.0,2026-08-17T15:12:12Z,dipole-dipole,3,8,2.000,322.8,190.323,6.477,0.00783,0.00116,0.01233;0.01264;0.01112;0.00989;0.00843;0.00749;0.00593;0.00568;0.00420;0.00281,
line-a-r00362,line-a,line-a-e07,33.2006045,-116.1539970,180.0,line-a-e08,33.2007639,-116.1538074,180.0,line-a-e11,33.2012421,-116.1532387,180.0,line-a-e12,33.2014015,-116.1530491,180.0,2026-08-17T15:12:24Z,dipole-dipole,3,3,2.000,279.4,190.323,5.892,0.00783,0.00092,0.01233;0.01264;0.01112;0.00989;0.00843;0.00749;0.00593;0.00568;0.00420;0.00281,
line-a-r00363,line-a,line-a-e07,33.2006045,-116.1539970,180.0,line-a-e08,33.2007639,-116.1538074,180.0,line-a-e11,33.2012421,-116.1532387,180.0,line-a-e12,33.2014015,-116.1530491,180.0,2026-08-17T15:12:36Z,dipole-dipole,3,4,2.000,277.5,190.323,7.575,0.00783,0.00129,0.01233;0.01264;0.01112;0.00989;0.00843;0.00749;0.00593;0.00568;0.00420;0.00281,
line-a-r00364,line-a,line-a-e07,33.2006045,-116.1539970,180.0,line-a-e08,33.2007639,-116.1538074,180.0,line-a-e11,33.2012421,-116.1532387,180.0,line-a-e12,33.2014015,-116.1530491,180.0,2026-08-17T15:12:48Z,dipole-dipole,3,4,2.000,337.3,190.323,6.865,0.00783,0.00126,0.01233;0.01264;0.01112;0.00989;0.00843;0.00749;0.00593;0.00568;0.00420;0.00281,
line-a-r00365,line-a,line-a-e07,33.2006045,-116.1539970,180.0,line-a-e08,33.2007639,-116.1538074,180.0,line-a-e12,33.2014015,-116.1530491,180.0,line-a-e13,33.2015609,-116.1528595,180.0,2026-08-17T15:13:00Z,dipole-dipole,4,8,2.000,284.3,184.505,7.415,0.00929,0.00148,0.01451;0.01288;0.01157;0.01230;0.01028;0.00975;0.00772;0.00650;0.00471;0.00321,
line-a-r00366,line-a,line-a-e07,33.2006045,-116.1539970,180.0,line-a-e08,33.2007639,-116.1538074,180.0,line-a-e12,33.2014015,-116.1530491,180.0,line-a-e13,33.2015609,-116.1528595,180.0,2026-08-17T15:13:12Z,dipole-dipole,4,3,2.000,327.2,178.772,5.683,0.01024,0.00104,0.01594;0.01546;0.01273;0.01195;0.01115;0.01039;0.00793;0.00614;0.00484;0.00364,
line-a-r00367,line-a,line-a-e07,33.2006045,-116.1539970,180.0,line-a-e08,33.2007639,-116.1538074,180.0,line-a-e12,33.2014015,-116.1530491,180.0,line-a-e13,33.2015609,-116.1528595,180.0,2026-08-17T15:13:24Z,dipole-dipole,4,6,2.000,305.2,180.081,8.828,0.00642,0.00088,0.01086;0.00971;0.00780;0.00767;0.00706;0.00666;0.00473;0.00425;0.00320;0.00250,
line-a-r00368,line-a,line-a-e07,33.2006045,-116.1539970,180.0,line-a-e08,33.2007639,-116.1538074,180.0,line-a-e12,33.2014015,-116.1530491,180.0,line-a-e13,33.2015609,-116.1528595,180.0,2026-08-17T15:13:36Z,dipole-dipole,4,6,2.000,302.5,183.047,6.936,0.00832,0.00148,0.01306;0.01342;0.01124;0.00960;0.00876;0.00768;0.00637;0.00513;0.00422;0.00247,
line-a-r00369,line-a,line-a-e07,33.2006045,-116.1539970,180.0,line-a-e08,33.2007639,-116.1538074,180.0,line-a-e12,33.2014015,-116.1530491,180.0,line-a-e13,33.2015609,-116.1528595,180.0,2026-08-17T15:13:48Z,dipole-dipole,4,5,2.000,278.3,177.519,6.579,0.00942,0.00134,0.01387;0.01418;0.01347;0.01193;0.01007;0.00932;0.00713;0.00640;0.00430;0.00313,
line-a-r00370,line-a,line-a-e07,33.2006045,-116.1539970,180.0,line-a-e08,33.2007639,-116.1538074,180.0,line-a-e12,33.2014015,-116.1530491,180.0,line-a-e13,33.2015609,-116.1528595,180.0,2026-08-17T15:14:00Z,dipole-dipole,4,6,2.000,287.7,174.642,6.176,0.01075,0.00097,0.01750;0.01558;0.01536;0.01221;0.01157;0.00991;0.00850;0.00687;0.00543;0.00354,
line-a-r00371,line-a,line-a-e07,33.2006045,-116.1539970,180.0,line-a-e08,33.2007639,-116.1538074,180.0,line-a-e13,33.2015609,-116.1528595,180.0,line-a-e14,33.2017203,-116.1526699,180.0,2026-08-17T15:14:12Z,dipole-dipole,5,3,2.000,284.9,161.573,364.999,0.01322,0.00145,0.02102;0.02031;0.01864;0.01716;0.01545;0.01289;0.00969;0.00810;0.00647;0.00454,
line-a-r00372,line-a,line-a-e07,33.2006045,-116.1539970,180.0,line-a-e08,33.2007639,-116.1538074,180.0,line-a-e13,33.2015609,-116.1528595,180.0,line-a-e14,33.2017203,-116.1526699,180.0,2026-08-17T15:14:24Z,dipole-dipole,5,6,2.000,296.6,144.450,6.295,0.01386,0.00133,0.02106;0.02148;0.01824;0.01741;0.01387;0.01334;0.01107;0.00803;0.00725;0.00507,
line-a-r00373,line-a,line-a-e07,33.2006045,-116.1539970,180.0,line-a-e08,33.2007639,-116.1538074,180.0,line-a-e13,33.2015609,-116.1528595,180.0,line-a-e14,33.2017203,-116.1526699,180.0,2026-08-17T15:14:36Z,dipole-dipole,5,4,2.000,348.1,151.155,6.381,0.01435,0.00136,0.02292;0.02224;0.01949;0.01837;0.01441;0.01402;0.01159;0.00944;0.00673;0.00446,
line-a-r00374,line-a,line-a-e07,33.2006045,-116.1539970,180.0,line-a-e08,33.2007639,-116.1538074,180.0,line-a-e13,33.2015609,-116.1528595,180.0,line-a-e14,33.2017203,-116.1526699,180.0,2026-08-17T15:14:48Z,dipole-dipole,5,3,2.000,319.2,145.901,4.761,0.01111,0.02210,0.01877;0.01591;0.01516;0.01398;0.01125;0.01055;0.00852;0.00743;0.00528;0.00391,
line-a-r00375,line-a,line-a-e07,33.2006045,-116.1539970,180.0,line-a-e08,33.2007639,-116.1538074,180.0,line-a-e13,33.2015609,-116.1528595,180.0,line-a-e14,33.2017203,-116.1526699,180.0,2026-08-17T15:15:00Z,dipole-dipole,5,8,2.000,257.0,165.386,5.975,0.01369,0.00125,0.02097;0.01932;0.01876;0.01809;0.01578;0.01348;0.01014;0.00804;0.00628;0.00533,
line-a-r00376,line-a,line-a-e07,33.2006045,-116.1539970,180.0,line-a-e08,33.2007639,-116.1538074,180.0,line-a-e13,33.2015609,-116.1528595,180.0,line-a-e14,33.2017203,-116.1526699,180.0,2026-08-17T15:15:12Z,dipole-dipole,5,8,2.000,332.7,167.666,7.514,0.01300,0.00132,0.02075;0.01986;0.01750;0.01519;0.01287;0.01273;0.01219;0.00786;0.00621;0.00424,
line-a-r00377,line-a,line-a-e07,33.2006045,-116.1539970,180.0,line-a-e08,33.2007639,-116.1538074,180.0,line-a-e14,33.2017203,-116.1526699,180.0,line-a-e15,33.2018797,-116.1524803,180.0,2026-08-17T15:15:24Z,dipole-dipole,6,7,2.000,318.6,138.455,5.494,0.01827,0.00173,0.03131;0.02648;0.02823;0.02281;0.01948;0.01777;0.01303;0.01214;0.00877;0.00718,
line-a-r00378,line-a,line-a-e07,33.2006045,-116.1539970,180.0,line-a-e08,33.2007639,-116.1538074,180.0,line-a-e14,33.2017203,-116.1526699,180.0,line-a-e15,33.2018797,-116.1524803,180.0,2026-08-17T15:15:36Z,dipole-dipole,6,7,2.000,264.8,139.231,4.775,0.01347,0.00152,0.02242;0.02107;0.01834;0.01589;0.01530;0.01240;0.01107;0.00793;0.00711;0.00457,
line-a-r00379,line-a,line-a-e07,33.2006045,-116.1539970,180.0,line-a-e08,33.2007639,-116.1538074,180.0,line-a-e14,33.2017203,-116.1526699,180.0,line-a-e15,33.2018797,-116.1524803,180.0,2026-08-17T15:15:48Z,dipole-dipole,6,3,2.000,281.9,129.267,6.274,0.01525,0.00209,0.02298;0.02417;0.02422;0.01886;0.01840;0.01402;0.01237;0.00975;0.00805;0.00534,
line-a-r00380,line-a,line-a-e07,33.2006045,-116.1539970,180.0,line-a-e08,33.2007639,-116.1538074,180.0,line-a-e14,33.2017203,-116.1526699,180.0,line-a-e15,33.2018797,-116.1524803,180.0,2026-08-17T15:16:00Z,dipole-dipole,6,6,2.000,380.6,143.282,5.769,0.01450,0.00158,0.02493;0.02210;0.02078;0.01798;0.01817;0.01541;0.01195;0.00897;0.00682;0.00530,
line-a-r00381,line-a,line-a-e07,33.2006045,-116.1539970,180.0,line-a-e08,33.2007639,-116.1538074,180.0,line-a-e14,33.2017203,-116.1526699,180.0,line-a-e15,33.2018797,-116.1524803,180.0,2026-08-17T15:16:12Z,dipole-dipole,6,7,2.000,296.1,139.646,5.634,0.01592,0.00165,0.02646;0.02493;0.02179;0.02140;0.01753;0.01432;0.01198;0.01028;0.00874;0.00565,
line-a-r00382,line-a,line-a-e07,33.2006045,-116.1539970,180.0,line-a-e08,33.2007639,-116.1538074,180.0,line-a-e14,33.2017203,-116.1526699,180.0,line-a-e15,33.2018797,-116.1524803,180.0,2026-08-17T15:16:24Z,dipole-dipole,6,8,2.000,351.2,129.874,5.222,0.01781,0.00162,0.02676;0.02648;0.02641;0.02380;0.01941;0.01671;0.01426;0.01155;0.00799;0.00599,
line-a-r00383,line-a,line-a-e07,33.2006045,-116.1539970,180.0,line-a-e08,33.2007639,-116.1538074,180.0,line-a-e14,33.2017203,-116.1526699,180.0,line-a-e15,33.2018797,-116.1524803,180.0,2026-08-17T15:16:36Z,dipole-dipole,6,8,2.000,281.1,136.954,4.940,0.01646,0.00172,0.02683;0.02433;0.02206;0.02119;0.01777;0.01564;0.01368;0.00951;0.00855;0.00549,
line-a-r00384,line-a,line-a-e07,33.2006045,-116.1539970,180.0,line-a-e08,33.2007639,-116.1538074,180.0,line-a-e14,33.2017203,-116.1526699,180.0,line-a-e15,33.2018797,-116.1524803,180.0,2026-08-17T15:16:48Z,dipole-dipole,6,5,2.000,352.5,145.872,4.553,0.01832,0.00167,0.02894;0.02595;0.02677;0.02195;0.01882;0.01748;0.01452;0.01168;0.00838;0.00596,
line-a-r00385,line-a,line-a-e07,33.2006045,-116.1539970,180.0,line-a-e08,33.2007639,-116.1538074,180.0,line-a-e15,33.2018797,-116.1524803,180.0,line-a-e16,33.2020391,-116.1522907,180.0,2026-08-17T15:17:00Z,dipole-dipole,7,4,2.000,278.2,128.820,5.009,0.02088,0.00193,0.03228;0.02780;0.03113;0.02870;0.02341;0.02000;0.01721;0.01308;0.01097;0.00701,
line-a-r00386,line-a,line-a-e07,33.2006045,-116.1539970,180.0,line-a-e08,33.2007639,-116.1538074,180.0,line-a-e15,33.2018797,-116.1524803,180.0,line-a-e16,33.2020391,-116.1522907,180.0,2026-08-17T15:17:12Z,dipole-dipole,7,3,2.000,310.1,118.481,5.748,0.02444,0.00185,0.03778;0.03683;0.03147;0.03141;0.02869;0.02363;0.01915;0.01627;0.01150;0.00878,
line-a-r00387,line-a,line-a-e07,33.2006045,-116.1539970,180.0,line-a-e08,33.2007639,-116.1538074,180.0,line-a-e15,33.2018797,-116.1524803,180.0,line-a-e16,33.2020391,-116.1522907,180.0,2026-08-17T15:17:24Z,dipole-dipole,7,7,2.000,271.2,125.422,6.449,0.02453,0.00310,0.04073;0.03566;0.03496;0.02979;0.02665;0.02318;0.02217;0.01548;0.01252;0.00890,
line-a-r00388,line-a,line-a-e07,33.2006045,-116.1539970,180.0,line-a-e08,33.2007639,-116.1538074,180.0,line-a-e15,33.2018797,-116.1524803,180.0,line-a-e16,33.2020391,-116.1522907,180.0,2026-08-17T15:17:36Z,dipole-dipole,7,8,1.919,417.0,112.194,7.443,0.02199,0.00188,0.03263;0.02927;0.02981;0.02961;0.02563;0.02150;0.01656;0.01285;0.01024;0.00807,
line-a-r00389,line-a,line-a-e07,33.2006045,-116.1539970,180.0,line-a-e08,33.2007639,-116.1538074,180.0,line-a-e15,33.2018797,-116.1524803,180.0,line-a-e16,33.2020391,-116.1522907,180.0,2026-08-17T15:17:48Z,dipole-dipole,7,6,2.000,309.2,120.386,7.204,0.02373,0.00177,0.03871;0.03257;0.03211;0.02700;0.02564;0.02380;0.01921;0.01493;0.01181;0.00773,
line-a-r00390,line-a,line-a-e07,33.2006045,-116.1539970,180.0,line-a-e08,33.2007639,-116.1538074,180.0,line-a-e15,33.2018797,-116.1524803,180.0,line-a-e16,33.2020391,-116.1522907,180.0,2026-08-17T15:18:00Z,dipole-dipole,7,8,2.000,233.7,118.809,4.651,0.02488,0.00159,0.03793;0.03468;0.03596;0.03029;0.02529;0.02167;0.02080;0.01559;0.01199;0.00877,
line-a-r00391,line-a,line-a-e07,33.2006045,-116.1539970,180.0,line-a-e08,33.2007639,-116.1538074,180.0,line-a-e15,33.2018797,-116.1524803,180.0,line-a-e16,33.2020391,-116.1522907,180.0,2026-08-17T15:18:12Z,dipole-dipole,7,3,2.000,386.7,122.914,6.629,0.02113,0.00194,0.03527;0.03536;0.02676;0.02797;0.02475;0.02025;0.01611;0.01290;0.01041;0.00750,
line-a-r00392,line-a,line-a-e07,33.2006045,-116.1539970,180.0,line-a-e08,33.2007639,-116.1538074,180.0,line-a-e15,33.2018797,-116.1524803,180.0,line-a-e16,33.2020391,-116.1522907,180.0,2026-08-17T15:18:24Z,dipole-dipole,7,8,2.000,269.8,114.533,4.773,0.01872,0.00168,0.02942;0.02619;0.02454;0.02291;0.02197;0.01733;0.01606;0.01166;0.00862;0.00663,
line-a-r00393,line-a,line-a-e07,33.2006045,-116.1539970,180.0,line-a-e08,33.2007639,-116.1538074,180.0,line-a-e16,33.2020391,-116.1522907,180.0,line-a-e17,33.2021985,-116.1521011,180.0,2026-08-17T15:18:36Z,dipole-dipole,8,4,2.000,286.5,118.232,4.599,0.02883,0.00153,0.04335;0.04350;0.03843;0.03256;0.03196;0.02801;0.02162;0.01870;0.01512;0.00980,
line-a-r00394,line-a,line-a-e07,33.2006045,-116.1539970,180.0,line-a-e08,33.2007639,-116.1538074,180.0,line-a-e16,33.2020391,-116.1522907,180.0,line-a-e17,33.2021985,-116.1521011,180.0,2026-08-17T15:18:48Z,dipole-dipole,8,5,2.000,280.3,117.526,5.771,0.02994,0.00211,0.05373;0.04542;0.03920;0.03683;0.03489;0.02694;0.02318;0.02099;0.01471;0.01028,
line-a-r00395,line-a,line-a-e07,33.2006045,-116.1539970,180.0,line-a-e08,33.2007639,-116.1538074,180.0,line-a-e16,33.2020391,-116.1522907,180.0,line-a-e17,33.2021985,-116.1521011,180.0,2026-08-17T15:19:00Z,dipole-dipole,8,7,2.000,244.8,116.490,5.022,0.02545,0.00213,0.04403;0.04257;0.04026;0.03047;0.02744;0.02289;0.01895;0.01512;0.01281;0.00883,
line-a-r00396,line-a,line-a-e07,33.2006045,-116.1539970,180.0,line-a-e08,33.2007639,-116.1538074,180.0,line-a-e16,33.2020391,-116.1522907,180.0,line-a-e17,33.2021985,-116.1521011,180.0,2026-08-17T15:19:12Z,dipole-dipole,8,3,2.000,343.6,112.268,4.295,0.02488,0.00196,0.03808;0.03846;0.03014;0.02997;0.02810;0.02319;0.02003;0.01596;0.01250;0.00870,
line-a-r00397,line-a,line-a-e07,33.2006045,-116.1539970,180.0,line-a-e08,33.2007639,-116.1538074,180.0,line-a-e16,33.2020391,-116.1522907,180.0,line-a-e17,33.2021985,-116.1521011,180.0,2026-08-17T15:19:24Z,dipole-dipole,8,5,2.000,253.2,114.155,5.833,0.02742,0.00249,0.04258;0.04213;0.03922;0.03592;0.03204;0.02401;0.02209;0.01672;0.01425;0.01001,
line-a-r00398,line-a,line-a-e07,33.2006045,-116.1539970,180.0,line-a-e08,33.2007639,-116.1538074,180.0,line-a-e16,33.2020391,-116.1522907,180.0,line-a-e17,33.2021985,-116.1521011,180.0,2026-08-17T15:19:36Z,dipole-dipole,8,8,2.000,311.2,118.457,3.794,0.03011,0.00169,0.05014;0.04528;0.03802;0.04461;0.03467;0.02710;0.02569;0.01775;0.01536;0.01087,
line-a-r00399,line-a,line-a-e08,33.2007639,-116.1538074,180.0,line-a-e09,33.2009233,-116.1536179,180.0,line-a-e10,33.2010827,-116.1534283,180.0,line-a-e11,33.2012421,-116.1532387,180.0,2026-08-17T15:19:48Z,dipole-dipole,1,3,2.000,387.8,205.548,7.687,0.00455,0.00122,0.00658;0.00666;0.00640;0.00578;0.00523;0.00444;0.00378;0.00294;0.00219;0.00158,
line-a-r00400,line-a,line-a-e08,33.2007639,-116.1538074,180.0,line-a-e09,33.2009233,-116.1536179,180.0,line-a-e10,33.2010827,-116.1534283,180.0,line-a-e11,33.2012421,-116.1532387,180.0,2026-08-17T15:20:00Z,dipole-dipole,1,4,2.000,272.5,208.303,6.786,0.00516,0.00106,0.00779;0.00761;0.00779;0.00606;0.00523;0.00481;0.00380;0.00324;0.00272;0.00179,
line-a-r00401,line-a,line-a-e08,33.2007639,-116.1538074,180.0,line-a-e09,33.2009233,-116.1536179,180.0,line-a-e10,33.2010827,-116.1534283,180.0,line-a-e11,33.2012421,-116.1532387,180.0,2026-08-17T15:20:12Z,dipole-dipole,1,8,2.000,306.3,195.519,8.441,0.00482,0.00082,0.00702;0.00679;0.00688;0.00572;0.00558;0.00463;0.00344;0.00298;0.00242;0.00177,
line-a-r00402,line-a,line-a-e08,33.2007639,-116.1538074,180.0,line-a-e09,33.2009233,-116.1536179,180.0,line-a-e10,33.2010827,-116.1534283,180.0,line-a-e11,33.2012421,-116.1532387,180.0,2026-08-17T15:20:24Z,dipole-dipole,1,4,2.000,381.8,204.960,6.519,0.00636,0.00117,0.00976;0.00893;0.00900;0.00756;0.00742;0.00579;0.00470;0.00413;0.00305;0.00215,
line-a-r00403,line-a,line-a-e08,33.2007639,-116.1538074,180.0,line-a-e09,33.2009233,-116.1536179,180.0,line-a-e10,33.2010827,-116.1534283,180.0,line-a-e11,33.2012421,-116.1532387,180.0,2026-08-17T15:20:36Z,dipole-dipole,1,8,2.000,348.9,191.009,7.961,0.00319,0.00113,0.00492;0.00489;0.00413;0.00383;0.00369;0.00298;0.00258;0.00203;0.00163;0.00106,
line-a-r00404,line-a,line-a-e08,33.2007639,-116.1538074,180.0,line-a-e09,33.2009233,-116.1536179,180.0,line-a-e10,33.2010827,-116.1534283,180.0,line-a-e11,33.2012421,-116.1532387,180.0,2026-08-17T15:20:48Z,dipole-dipole,1,8,2.000,315.5,199.876,7.071,0.00671,0.00086,0.01143;0.01094;0.00889;0.00869;0.00724;0.00621;0.00498;0.00429;0.00318;0.00255,
line-a-r00405,line-a,line-a-e08,33.2007639,-116.1538074,180.0,line-a-e09,33.2009233,-116.1536179,180.0,line-a-e11,33.2012421,-116.1532387,180.0,line-a-e12,33.2014015,-116.1530491,180.0,2026-08-17T15:21:00Z,dipole-dipole,2,8,2.000,302.6,184.543,8.045,0.00446,0.00121,0.00689;0.00643;0.00578;0.00563;0.00478;0.00410;0.00353;0.00316;0.00237;0.00154,
line-a-r00406,line-a,line-a-e08,33.2007639,-116.1538074,180.0,line-a-e09,33.2009233,-116.1536179,180.0,line-a-e11,33.2012421,-116.1532387,180.0,line-a-e12,33.2014015,-116.1530491,180.0,2026-08-17T15:21:12Z,dipole-dipole,2,4,2.000,264.5,198.418,9.188,0.00599,0.00096,0.00958;0.00921;0.00763;0.00726;0.00682;0.00503;0.00503;0.00369;0.00311;0.00219,
line-a-r00407,line-a,line-a-e08,33.2007639,-116.1538074,180.0,line-a-e09,33.2009233,-116.1536179,180.0,line-a-e11,33.2012421,-116.1532387,180.0,line-a-e12,33.2014015,-116.1530491,180.0,2026-08-17T15:21:24Z,dipole-dipole,2,3,2.000,269.2,196.521,7.245,0.00470,0.00123,0.00734;0.00697;0.00640;0.00577;0.00542;0.00437;0.00372;0.00291;0.00226;0.00153,
line-a-r00408,line-a,line-a-e08,33.2007639,-116.1538074,180.0,line-a-e09,33.2009233,-116.1536179,180.0,line-a-e11,33.2012421,-116.1532387,180.0,line-a-e12,33.2014015,-116.1530491,180.0,2026-08-17T15:21:36Z,dipole-dipole,2,3,2.000,229.8,183.827,8.255,0.00463,0.00097,0.00814;0.00651;0.00643;0.00565;0.00481;0.00441;0.00382;0.00267;0.00255;0.00168,
line-a-r00409,line-a,line-a-e08,33.2007639,-116.1538074,180.0,line-a-e09,33.2009233,-116.1536179,180.0,line-a-e11,33.2012421,-116.1532387,180.0,line-a-e12,33.2014015,-116.1530491,180.0,2026-08-17T15:21:48Z,dipole-dipole,2,5,2.000,273.3,196.958,7.948,0.00657,0.00096,0.01068;0.00997;0.00882;0.00733;0.00654;0.00610;0.00501;0.00457;0.00316;0.00275,
line-a-r00410,line-a,line-a-e08,33.2007639,-116.1538074,180.0,line-a-e09,33.2009233,-116.1536179,180.0,line-a-e11,33.2012421,-116.1532387,180.0,line-a-e12,33.2014015,-116.1530491,180.0,2026-08-17T15:22:00Z,dipole-dipole,2,6,2.000,331.7,202.144,4.954,0.00586,0.00102,0.00973;0.00841;0.00756;0.00689;0.00645;0.00524;0.00454;0.00380;0.00299;0.00200,
line-a-r00411,line-a,line-a-e08,33.2007639,-116.1538074,180.0,line-a-e09,33.2009233,-116.1536179,180.0,line-a-e11,33.2012421,-116.1532387,180.0,line-a-e12,33.2014015,-116.1530491,180.0,2026-08-17T15:22:12Z,dipole-dipole,2,3,2.000,240.2,199.248,8.535,0.00602,0.00110,0.00901;0.00855;0.00843;0.00812;0.00677;0.00546;0.00500;0.00370;0.00318;0.00242,
line-a-r00412,line-a,line-a-e08,33.2007639,-116.1538074,180.0,line-a-e09,33.2009233,-116.1536179,180.0,line-a-e11,33.2012421,-116.1532387,180.0,line-a-e12,33.2014015,-116.1530491,180.0,2026-08-17T15:22:24Z,dipole-dipole,2,5,2.000,283.8,208.781,6.173,0.00404,0.00105,0.00599;0.00589;0.00571;0.00502;0.00465;0.00360;0.00305;0.00259;0.00208;0.00153,
line-a-r00413,line-a,line-a-e08,33.2007639,-116.1538074,180.0,line-a-e09,33.2009233,-116.1536179,180.0,line-a-e12,33.2014015,-116.1530491,180.0,line-a-e13,33.2015609,-116.1528595,180.0,2026-08-17T15:22:36Z,dipole-dipole,3,7,2.000,289.3,183.861,7.745,0.00690,0.00131,0.01103;0.01013;0.00954;0.00821;0.00792;0.00606;0.00550;0.00470;0.00321;0.00242,
line-a-r00414,line-a,line-a-e08,33.2007639,-116.1538074,180.0,line-a-e09,33.2009233,-116.1536179,180.0,line-a-e12,33.2014015,-116.1530491,180.0,line-a-e13,33.2015609,-116.1528595,180.0,2026-08-17T15:22:48Z,dipole-dipole,3,4,1.824,438.5,177.952,7.350,0.00567,0.00163,0.00854;0.00967;0.00770;0.00735;0.00605;0.00582;0.00456;0.00368;0.00263;0.00202,
line-a-r00415,line-a,line-a-e08,33.2007639,-116.1538074,180.0,line-a-e09,33.2009233,-116.1536179,180.0,line-a-e12,33.2014015,-116.1530491,180.0,line-a-e13,33.2015609,-116.1528595,180.0,2026-08-17T15:23:00Z,dipole-dipole,3,7,2.000,302.7,168.806,6.920,0.00578,0.00095,0.00929;0.00825;0.00746;0.00747;0.00634;0.00573;0.00453;0.00375;0.00329;0.00202,
line-a-r00416,line-a,line-a-e08,33.2007639,-116.1538074,180.0,line-a-e09,33.2009233,-116.1536179,180.0,line-a-e12,33.2014015,-116.1530491,180.0,line-a-e13,33.2015609,-116.1528595,180.0,2026-08-17T15:23:12Z,dipole-dipole,3,5,2.000,285.3,191.125,7.014,0.00827,0.00113,0.01414;0.01112;0.01175;0.01032;0.00931;0.00774;0.00624;0.00513;0.00388;0.00285,
line-a-r00024,line-a,line-a-e08,33.2007639,-116.1538074,180.0,line-a-e09,33.2009233,-116.1536179,180.0,line-a-e12,33.2014015,-116.1530491,180.0,line-a-e13,33.2015609,-116.1528595,180.0,2026-08-17T15:23:24Z,dipole-dipole,3,3,2.000,277.5,183.422,6.531,0.00734,0.00096,0.01150;0.01036;0.00991;0.00969;0.00783;0.00679;0.00579;0.00461;0.00355;0.00240,
line-a-r00418,line-a,line-a-e08,33.2007639,-116.1538074,180.0,line-a-e09,33.2009233,-116.1536179,180.0,line-a-e12,33.2014015,-116.1530491,180.0,line-a-e13,33.2015609,-116.1528595,180.0,2026-08-17T15:23:36Z,dipole-dipole,3,5,2.000,267.3,183.819,7.035,0.00680,0.00105,0.01281;0.01031;0.00868;0.00890;0.00668;0.00684;0.00560;0.00437;0.00355;0.00242,
line-a-r00419,line-a,line-a-e08,33.2007639,-116.1538074,180.0,line-a-e09,33.2009233,-116.1536179,180.0,line-a-e13,33.2015609,-116.1528595,180.0,line-a-e14,33.2017203,-116.1526699,180.0,2026-08-17T15:23:48Z,dipole-dipole,4,4,2.000,285.3,170.279,6.199,0.00812,0.00143,0.01432;0.01287;0.00955;0.00976;0.00978;0.00847;0.00594;0.00477;0.00388;0.00324,
line-a-r00420,line-a,line-a-e08,33.2007639,-116.1538074,180.0,line-a-e09,33.2009233,-116.1536179,180.0,line-a-e13,33.2015609,-116.1528595,180.0,line-a-e14,33.2017203,-116.1526699,180.0,2026-08-17T15:24:00Z,dipole-dipole,4,3,2.000,302.5,176.835,7.562,0.00991,0.00124,0.01557;0.01498;0.01314;0.01258;0.01111;0.00991;0.00796;0.00642;0.00515;0.00333,
line-a-r00421,line-a,line-a-e08,,,,line-a-e09,33.2009233,-116.1536179,180.0,line-a-e13,33.2015609,-116.1528595,180.0,line-a-e14,33.2017203,-116.1526699,180.0,2026-08-17T15:24:12Z,dipole-dipole,4,4,2.000,271.7,164.854,8.708,0.01187,0.00125,0.01812;0.01981;0.01505;0.01370;0.01247;0.01056;0.00872;0.00734;0.00579;0.00435,
line-a-r00422,line-a,line-a-e08,33.2007639,-116.1538074,180.0,line-a-e09,33.2009233,-116.1536179,180.0,line-a-e13,33.2015609,-116.1528595,180.0,line-a-e14,33.2017203,-116.1526699,180.0,2026-08-17T15:24:24Z,dipole-dipole,4,5,2.000,228.9,171.018,7.041,0.01004,0.00104,0.01633;0.01525;0.01276;0.01216;0.01084;0.00920;0.00693;0.00639;0.00504;0.00351,
line-a-r00423,line-a,line-a-e08,33.2007639,-116.1538074,180.0,line-a-e09,33.2009233,-116.1536179,180.0,line-a-e13,33.2015609,-116.1528595,180.0,line-a-e14,33.2017203,-116.1526699,180.0,2026-08-17T15:24:36Z,dipole-dipole,4,5,2.000,300.9,171.993,7.838,0.01000,0.00108,0.01686;0.01680;0.01371;0.01249;0.01190;0.00907;0.00770;0.00689;0.00423;0.00332,
line-a-r00424,line-a,line-a-e08,33.2007639,-116.1538074,180.0,line-a-e09,33.2009233,-116.1536179,180.0,line-a-e13,33.2015609,-116.1528595,180.0,line-a-e14,33.2017203,-116.1526699,180.0,2026-08-17T15:24:48Z,dipole-dipole,4,8,2.000,309.3,177.098,7.811,0.01234,0.00107,0.02129;0.02100;0.01563;0.01497;0.01368;0.01162;0.00891;0.00786;0.00550;0.00446,
line-a-r00425,line-a,line-a-e08,33.2007639,-116.1538074,180.0,line-a-e09,33.2009233,-116.1536179,180.0,line-a-e13,33.2015609,-116.1528595,180.0,line-a-e14,33.2017203,-116.1526699,180.0,2026-08-17T15:25:00Z,dipole-dipole,4,3,2.000,254.1,164.662,6.320,0.00971,0.00118,0.01461;0.01379;0.01300;0.01194;0.01144;0.00948;0.00735;0.00622;0.00469;0.00347,
line-a-r00426,line-a,line-a-e08,33.2007639,-116.1538074,180.0,line-a-e09,33.2009233,-116.1536179,180.0,line-a-e14,33.2017203,-116.1526699,180.0,line-a-e15,33.2018797,-116.1524803,180.0,2026-08-17T15:25:12Z,dipole-dipole,5,4,2.000,255.3,139.378,6.793,0.01247,0.00117,0.02020;0.01966;0.01771;0.01698;0.01321;0.01294;0.01008;0.00879;0.00646;0.00439,
line-a-r00427,line-a,line-a-e08,33.2007639,-116.1538074,180.0,line-a-e09,33.2009233,-116.1536179,180.0,line-a-e14,33.2017203,-116.1526699,180.0,line-a-e15,33.2018797,-116.1524803,180.0,2026-08-17T15:25:24Z,dipole-dipole,5,6,2.000,241.1,145.871,5.885,0.01298,0.01707,0.02086;0.01948;0.01959;0.01630;0.01551;0.01210;0.00951;0.00789;0.00621;0.00491,
line-a-r00428,line-a,line-a-e08,33.2007639,-116.1538074,180.0,line-a-e09,33.2009233,-116.1536179,180.0,line-a-e14,33.2017203,-116.1526699,180.0,line-a-e15,33.2018797,-116.1524803,180.0,2026-08-17T15:25:36Z,dipole-dipole,5,6,2.000,231.4,140.752,5.228,0.01528,0.00141,0.02479;0.02260;0.02136;0.01989;0.01670;0.01407;0.01129;0.01029;0.00767;0.00558,
line-a-r00429,line-a,line-a-e08,33.2007639,-116.1538074,180.0,line-a-e09,33.2009233,-116.1536179,180.0,line-a-e14,33.2017203,-116.1526699,180.0,line-a-e15,33.2018797,-116.1524803,180.0,2026-08-17T15:25:48Z,dipole-dipole,5,7,2.000,215.0,164.794,276.085,0.01373,0.00145,0.02216;0.02270;0.01790;0.01691;0.01608;0.01241;0.01116;0.00944;0.00680;0.00412,
line-a-r00430,line-a,line-a-e08,33.2007639,-116.1538074,180.0,line-a-e09,33.2009233,-116.1536179,180.0,line-a-e14,33.2017203,-116.1526699,180.0,line-a-e15,33.2018797,-116.1524803,180.0,2026-08-17T15:26:00Z,dipole-dipole,5,7,2.000,226.1,143.347,5.385,0.01542,0.00126,0.02430;0.02158;0.02185;0.01863;0.01799;0.01578;0.01203;0.00972;0.00737;0.00607,
line-a-r00431,line-a,line-a-e08,33.2007639,-116.1538074,180.0,line-a-e09,33.2009233,-116.1536179,180.0,line-a-e14,33.2017203,-116.1526699,180.0,line-a-e15,33.2018797,-116.1524803,180.0,2026-08-17T15:26:12Z,dipole-dipole,5,7,2.000,302.7,137.443,5.825,0.01556,0.00120,0.02661;0.02367;0.02158;0.01965;0.01750;0.01525;0.01208;0.00946;0.00753;0.00575,
line-a-r00432,line-a,line-a-e08,33.2007639,-116.1538074,180.0,line-a-e09,33.2009233,-116.1536179,180.0,line-a-e14,33.2017203,-116.1526699,180.0,line-a-e15,33.2018797,-116.1524803,180.0,2026-08-17T15:26:24Z,dipole-dipole,5,5,2.000,309.1,146.161,5.958,0.01470,0.00132,0.02405;0.02134;0.02149;0.01747;0.01729;0.01385;0.01071;0.00901;0.00781;0.00492,
line-a-r00433,line-a,line-a-e08,33.2007639,-116.1538074,180.0,line-a-e09,33.2009233,-116.1536179,180.0,line-a-e15,33.2018797,-116.1524803,180.0,line-a-e16,33.2020391,-116.1522907,180.0,2026-08-17T15:26:36Z,dipole-dipole,6,4,2.000,298.7,128.582,5.807,0.01487,0.00157,0.02514;0.02301;0.02092;0.01954;0.01606;0.01398;0.01224;0.00919;0.00744;0.00539,
line-a-r00434,line-a,line-a-e08,33.2007639,-116.1538074,180.0,line-a-e09,33.2009233,-116.1536179,180.0,line-a-e15,33.2018797,-116.1524803,180.0,line-a-e16,33.2020391,-116.1522907,180.0,2026-08-17T15:26:48Z,dipole-dipole,6,3,2.000,284.4,138.484,5.491,0.01612,0.00185,0.02755;0.02780;0.02263;0.01929;0.01709;0.01641;0.01310;0.01098;0.00740;0.00543,
line-a-r00435,line-a,line-a-e08,33.2007639,-116.1538074,180.0,line-a-e09,33.2009233,-116.1536179,180.0,line-a-e15,33.2018797,-116.1524803,180.0,line-a-e16,33.2020391,-116.1522907,180.0,2026-08-17T15:27:00Z,dipole-dipole,6,7,2.000,256.0,131.184,5.714,0.02020,0.00167,0.03233;0.02738;0.02650;0.02620;0.02341;0.01805;0.01480;0.01283;0.01039;0.00717,
line-a-r00436,line-a,line-a-e08,33.2007639,-116.1538074,180.0,line-a-e09,33.2009233,-116.1536179,180.0,line-a-e15,33.2018797,-116.1524803,180.0,line-a-e16,33.2020391,-116.1522907,180.0,2026-08-17T15:27:12Z,dipole-dipole,6,8,2.000,386.9,123.372,5.787,0.01653,0.00153,0.02681;0.02874;0.02147;0.01823;0.01776;0.01655;0.01307;0.01026;0.00772;0.00549,
line-a-r00437,line-a,line-a-e08,33.2007639,-116.1538074,180.0,line-a-e09,33.2009233,-116.1536179,180.0,line-a-e15,33.2018797,-116.1524803,180.0,line-a-e16,33.2020391,-116.1522907,180.0,2026-08-17T15:27:24Z,dipole-dipole,6,8,2.000,232.3,123.992,5.004,0.01812,0.00188,0.02974;0.02540;0.02517;0.02164;0.02186;0.01662;0.01328;0.01157;0.00857;0.00586,
line-a-r00438,line-a,line-a-e08,33.2007639,-116.1538074,180.0,line-a-e09,33.2009233,-116.1536179,180.0,line-a-e15,33.2018797,-116.1524803,180.0,line-a-e16,33.2020391,-116.1522907,180.0,2026-08-17T15:27:36Z,dipole-dipole,6,6,2.000,223.4,145.902,3.584,0.01720,0.00195,0.03077;0.02632;0.02257;0.02210;0.01791;0.01800;0.01258;0.01116;0.00932;0.00645,
line-a-r00439,line-a,line-a-e08,33.2007639,-116.1538074,180.0,line-a-e09,33.2009233,-116.1536179,180.0,line-a-e15,33.2018797,-116.1524803,180.0,line-a-e16,33.2020391,-116.1522907,180.0,2026-08-17T15:27:48Z,dipole-dipole,6,8,2.000,315.7,130.564,5.305,0.01737,0.00177,0.02305;0.02417;0.02498;0.02460;0.01758;0.01600;0.01502;0.01023;0.00882;0.00692,
line-a-r00440,line-a,line-a-e08,33.2007639,-116.1538074,180.0,line-a-e09,33.2009233,-116.1536179,180.0,line-a-e15,33.2018797,-116.1524803,180.0,line-a-e16,33.2020391,-116.1522907,180.0,2026-08-17T15:28:00Z,dipole-dipole,6,6,2.000,319.7,136.040,4.878,0.01749,0.00183,0.02687;0.02963;0.02627;0.02383;0.01912;0.01571;0.01287;0.01205;0.00821;0.00617,
line-a-r00441,line-a,line-a-e08,33.2007639,-116.1538074,180.0,line-a-e09,33.2009233,-116.1536179,180.0,line-a-e16,33.2020391,-116.1522907,180.0,line-a-e17,33.2021985,-116.1521011,180.0,2026-08-17T15:28:12Z,dipole-dipole,7,4,2.000,225.7,117.915,6.707,0.01824,0.00230,0.03058;0.02888;0.02408;0.02102;0.02015;0.01667;0.01440;0.01201;0.00897;0.00629,
line-a-r00442,line-a,line-a-e08,33.2007639,-116.1538074,180.0,line-a-e09,33.2009233,-116.1536179,180.0,line-a-e16,33.2020391,-116.1522907,180.0,line-a-e17,33.2021985,-116.1521011,180.0,2026-08-17T15:28:24Z,dipole-dipole,7,8,1.899,421.3,112.900,4.584,0.02104,0.00167,0.03459;0.03060;0.02786;0.02628;0.02285;0.01988;0.01785;0.01328;0.00937;0.00816,
line-a-r00443,line-a,line-a-e08,33.2007639,-116.1538074,180.0,line-a-e09,33.2009233,-116.1536179,180.0,line-a-e16,33.2020391,-116.1522907,180.0,line-a-e17,33.2021985,-116.1521011,180.0,2026-08-17T15:28:36Z,dipole-dipole,7,8,2.000,233.6,125.256,6.148,0.02172,0.00177,0.03632;0.03357;0.02929;0.02822;0.02428;0.01912;0.01736;0.01448;0.01059;0.00754,
line-a-r00514,line-a,line-a-e08,33.2007639,-116.1538074,180.0,line-a-e09,33.2009233,-116.1536179,180.0,line-a-e16,33.2020391,-116.1522907,180.0,line-a-e17,33.2021985,-116.1521011,180.0,2026-08-17T15:28:48Z,dipole-dipole,7,8,2.000,298.8,114.699,4.858,0.02043,0.00192,0.03338;0.03237;0.03048;0.02537;0.02457;0.01862;0.01544;0.01358;0.01031;0.00703,
line-a-r00445,line-a,line-a-e08,33.2007639,-116.1538074,180.0,line-a-e09,33.2009233,-116.1536179,180.0,line-a-e16,33.2020391,-116.1522907,180.0,line-a-e17,33.2021985,-116.1521011,180.0,2026-08-17T15:29:00Z,dipole-dipole,7,4,2.000,244.4,116.333,5.243,0.02142,0.00207,0.03425;0.02802;0.03313;0.02631;0.02100;0.02057;0.01720;0.01359;0.01188;0.00744,
line-a-r00446,line-a,line-a-e08,33.2007639,-116.1538074,180.0,line-a-e09,33.2009233,-116.1536179,180.0,line-a-e16,33.2020391,-116.1522907,180.0,line-a-e17,33.2021985,-116.1521011,180.0,2026-08-17T15:29:12Z,dipole-dipole,7,6,2.000,275.8,117.463,3.806,0.01917,0.00162,0.02793;0.02995;0.02684;0.02346;0.02052;0.01696;0.01506;0.01137;0.00944;0.00693,
line-a-r00447,line-a,line-a-e08,33.2007639,-116.1538074,180.0,line-a-e09,33.2009233,-116.1536179,180.0,line-a-e16,33.2020391,-116.1522907,180.0,line-a-e17,33.2021985,-116.1521011,180.0,2026-08-17T15:29:24Z,dipole-dipole,7,4,2.000,294.6,116.634,4.773,0.02346,0.00217,0.03402;0.03901;0.03189;0.02952;0.02376;0.02221;0.01781;0.01467;0.01120;0.00816,
line-a-r00448,line-a,line-a-e08,33.2007639,-116.1538074,180.0,line-a-e09,33.2009233,-116.1536179,180.0,line-a-e17,33.2021985,-116.1521011,180.0,line-a-e18,33.2023579,-116.1519116,180.0,2026-08-17T15:29:36Z,dipole-dipole,8,3,2.000,282.6,110.120,6.538,0.02117,0.00218,0.03486;0.02983;0.02875;0.02669;0.02326;0.01941;0.01626;0.01432;0.01012;0.00769,
line-a-r00449,line-a,line-a-e08,33.2007639,-116.1538074,180.0,line-a-e09,33.2009233,-116.1536179,180.0,line-a-e17,33.2021985,-116.1521011,180.0,line-a-e18,33.2023579,-116.1519116,180.0,2026-08-17T15:29:48Z,dipole-dipole,8,3,2.000,303.6,109.593,4.674,0.02769,0.00238,0.04602;0.03614;0.03711;0.03047;0.02891;0.02554;0.02162;0.01771;0.01338;0.00955,
line-a-r00450,line-a,line-a-e08,33.2007639,-116.1538074,180.0,line-a-e09,33.2009233,-116.1536179,180.0,line-a-e17,33.2021985,-116.1521011,180.0,line-a-e18,33.2023579,-116.1519116,180.0,2026-08-17T15:30:00Z,dipole-dipole,8,8,2.000,312.0,99.606,5.563,0.02179,0.00165,0.03792;0.03175;0.02774;0.02473;0.02180;0.02159;0.01692;0.01513;0.00998;0.00790,
line-a-r00451,line-a,line-a-e08,33.2007639,-116.1538074,180.0,line-a-e09,33.2009233,-116.1536179,180.0,line-a-e17,33.2021985,-116.1521011,180.0,line-a-e18,33.2023579,-116.1519116,180.0,2026-08-17T15:30:12Z,dipole-dipole,8,6,2.000,254.4,106.042,4.622,0.02191,0.00210,0.03359;0.03204;0.03115;0.02803;0.02464;0.02124;0.01697;0.01347;0.01038;0.00805,
line-a-r00452,line-a,line-a-e08,33.2007639,-116.1538074,180.0,line-a-e09,33.2009233,-116.1536179,180.0,line-a-e17,33.2021985,-116.1521011,180.0,line-a-e18,33.2023579,-116.1519116,180.0,2026-08-17T15:30:24Z,dipole-dipole,8,8,2.000,335.2,100.528,4.554,0.02651,0.00295,0.04113;0.03867;0.03593;0.03419;0.02809;0.02772;0.02158;0.01725;0.01323;0.00907,
line-a-r00453,line-a,line-a-e08,33.2007639,-116.1538074,180.0,line-a-e09,33.2009233,-116.1536179,180.0,line-a-e17,33.2021985,-116.1521011,180.0,line-a-e18,33.2023579,-116.1519116,180.0,2026-08-17T15:30:36Z,dipole-dipole,8,7,2.000,308.3,113.444,4.676,0.02444,0.00243,0.04295;0.04276;0.03819;0.03150;0.02544;0.02419;0.01907;0.01622;0.01308;0.00885,
line-a-r00454,line-a,line-a-e08,33.2007639,-116.1538074,180.0,line-a-e09,33.2009233,-116.1536179,180.0,line-a-e17,33.2021985,-116.1521011,180.0,line-a-e18,33.2023579,-116.1519116,180.0,2026-08-17T15:30:48Z,dipole-dipole,8,3,2.000,305.6,111.425,6.078,0.02431,0.00174,0.03317;0.03989;0.03493;0.02974;0.02795;0.01978;0.01988;0.01560;0.01187;0.00850,
line-a-r00455,line-a,line-a-e09,33.2009233,-116.1536179,180.0,line-a-e10,33.2010827,-116.1534283,180.0,line-a-e11,33.2012421,-116.1532387,180.0,line-a-e12,33.2014015,-116.1530491,180.0,2026-08-17T15:31:00Z,dipole-dipole,1,7,0.768,1042.1,208.575,5.860,0.00338,0.00113,0.00534;0.00553;0.00428;0.00407;0.00363;0.00310;0.00263;0.00222;0.00180;0.00113,
line-a-r00456,line-a,line-a-e09,33.2009233,-116.1536179,180.0,line-a-e10,33.2010827,-116.1534283,180.0,line-a-e11,33.2012421,-116.1532387,180.0,line-a-e12,33.2014015,-116.1530491,180.0,2026-08-17T15:31:12Z,dipole-dipole,1,6,1.455,550.0,194.706,7.675,0.00380,0.00101,0.00136;0.00197;0.00232;0.00264;0.00334;0.00435;0.00537;0.00494;0.00599;0.00615,
line-a-r00457,line-a,line-a-e09,33.2009233,-116.1536179,180.0,line-a-e10,33.2010827,-116.1534283,180.0,line-a-e11,33.2012421,-116.1532387,180.0,line-a-e12,33.2014015,-116.1530491,180.0,2026-08-17T15:31:24Z,dipole-dipole,1,6,1.045,765.8,200.190,7.693,0.00628,0.00134,0.01087;0.00885;0.00799;0.00742;0.00671;0.00607;0.00460;0.00399;0.00264;0.00243,
line-a-r00458,line-a,line-a-e09,33.2009233,-116.1536179,180.0,line-a-e10,33.2010827,-116.1534283,180.0,line-a-e11,33.2012421,-116.1532387,180.0,line-a-e12,33.2014015,-116.1530491,180.0,2026-08-17T15:31:36Z,dipole-dipole,1,7,1.460,547.9,204.958,8.058,0.00613,0.00103,0.00971;0.00927;0.00750;0.00707;0.00637;0.00527;0.00469;0.00398;0.00291;0.00198,
line-a-r00459,line-a,line-a-e09,33.2009233,-116.1536179,180.0,line-a-e10,33.2010827,-116.1534283,180.0,line-a-e11,33.2012421,-116.1532387,180.0,line-a-e12,33.2014015,-116.1530491,180.0,2026-08-17T15:31:48Z,dipole-dipole,1,5,1.163,688.1,204.935,9.350,0.00529,0.00120,0.00776;0.00817;0.00790;0.00679;0.00571;0.00520;0.00413;0.00347;0.00245;0.00184,
line-a-r00460,line-a,line-a-e09,33.2009233,-116.1536179,180.0,line-a-e10,33.2010827,-116.1534283,180.0,line-a-e11,33.2012421,-116.1532387,180.0,line-a-e12,33.2014015,-116.1530491,180.0,2026-08-17T15:32:00Z,dipole-dipole,1,8,1.164,687.0,210.221,9.800,0.00361,0.00097,0.00574;0.00567;0.00516;0.00467;0.00387;0.00311;0.00289;0.00226;0.00173;0.00146,
line-a-r00461,line-a,line-a-e09,33.2009233,-116.1536179,180.0,line-a-e10,33.2010827,-116.1534283,180.0,line-a-e11,33.2012421,-116.1532387,180.0,line-a-e12,33.2014015,-116.1530491,180.0,2026-08-17T15:32:12Z,dipole-dipole,1,3,1.462,547.2,200.643,6.458,0.00445,0.00099,0.00720;0.00679;0.00644;0.00535;0.00495;0.00436;0.00366;0.00292;0.00217;0.00166,
line-a-r00462,line-a,line-a-e09,33.2009233,-116.1536179,180.0,line-a-e10,33.2010827,-116.1534283,180.0,line-a-e11,33.2012421,-116.1532387,180.0,line-a-e12,33.2014015,-116.1530491,180.0,2026-08-17T15:32:24Z,dipole-dipole,1,5,1.087,736.3,215.019,7.652,0.00581,0.00113,0.00913;0.00832;0.00748;0.00700;0.00624;0.00582;0.00477;0.00348;0.00319;0.00200,
line-a-r00463,line-a,line-a-e09,33.2009233,-116.1536179,180.0,line-a-e10,33.2010827,-116.1534283,180.0,line-a-e12,33.2014015,-116.1530491,180.0,line-a-e13,33.2015609,-116.1528595,180.0,2026-08-17T15:32:36Z,dipole-dipole,2,5,1.589,503.4,200.564,6.003,0.00442,0.00106,0.00695;0.00708;0.00620;0.00547;0.00509;0.00423;0.00374;0.00269;0.00220;0.00147,
line-a-r00464,line-a,line-a-e09,33.2009233,-116.1536179,180.0,line-a-e10,33.2010827,-116.1534283,180.0,line-a-e12,33.2014015,-116.1530491,180.0,line-a-e13,33.2015609,-116.1528595,180.0,2026-08-17T15:32:48Z,dipole-dipole,2,8,0.979,817.1,194.251,6.147,0.00365,0.00102,0.00583;0.00542;0.00492;0.00537;0.00400;0.00360;0.00286;0.00223;0.00181;0.00118,
line-a-r00465,line-a,line-a-e09,33.2009233,-116.1536179,180.0,line-a-e10,33.2010827,-116.1534283,180.0,line-a-e12,33.2014015,-116.1530491,180.0,line-a-e13,33.2015609,-116.1528595,180.0,2026-08-17T15:33:00Z,dipole-dipole,2,3,1.399,571.7,204.139,6.801,0.00586,0.00095,0.01005;0.00861;0.00790;0.00656;0.00602;0.00504;0.00469;0.00400;0.00276;0.00222,
line-a-r00466,line-a,line-a-e09,33.2009233,-116.1536179,180.0,line-a-e10,33.2010827,-116.1534283,180.0,line-a-e12,33.2014015,-116.1530491,180.0,line-a-e13,33.2015609,-116.1528595,180.0,2026-08-17T15:33:12Z,dipole-dipole,2,6,1.196,668.7,191.016,8.732,0.00546,0.00103,0.00928;0.00819;0.00720;0.00641;0.00604;0.00587;0.00463;0.00349;0.00255;0.00194,
line-a-r00467,line-a,line-a-e09,33.2009233,-116.1536179,180.0,line-a-e10,33.2010827,-116.1534283,180.0,line-a-e12,33.2014015,-116.1530491,180.0,line-a-e13,33.2015609,-116.1528595,180.0,2026-08-17T15:33:24Z,dipole-dipole,2,6,1.185,675.3,199.686,9.134,0.00544,0.00114,0.00803;0.00797;0.00800;0.00650;0.00653;0.00525;0.00409;0.00352;0.00275;0.00180,
line-a-r00468,line-a,line-a-e09,33.2009233,-116.1536179,180.0,line-a-e10,33.2010827,-116.1534283,180.0,line-a-e12,33.2014015,-116.1530491,180.0,line-a-e13,33.2015609,-116.1528595,180.0,2026-08-17T15:33:36Z,dipole-dipole,2,8,1.051,761.5,190.822,8.699,0.00533,0.00129,0.00841;0.00758;0.00672;0.00673;0.00572;0.00460;0.00402;0.00325;0.00248;0.00179,
line-a-r00469,line-a,line-a-e09,33.2009233,-116.1536179,180.0,line-a-e10,33.2010827,-116.1534283,180.0,line-a-e12,33.2014015,-116.1530491,180.0,line-a-e13,33.2015609,-116.1528595,180.0,2026-08-17T15:33:48Z,dipole-dipole,2,6,1.183,676.5,194.855,8.415,0.00637,0.00078,0.01161;0.00946;0.00771;0.00761;0.00650;0.00612;0.00477;0.00375;0.00326;0.00234,
line-a-r00470,line-a,line-a-e09,33.2009233,-116.1536179,180.0,line-a-e10,33.2010827,-116.1534283,180.0,line-a-e13,33.2015609,-116.1528595,180.0,line-a-e14,33.2017203,-116.1526699,180.0,2026-08-17T15:34:00Z,dipole-dipole,3,7,0.962,831.6,174.197,6.470,0.00576,0.00111,0.00894;0.00786;0.00824;0.00721;0.00593;0.00594;0.00459;0.00351;0.00285;0.00219,
line-a-r00471,line-a,line-a-e09,33.2009233,-116.1536179,180.0,line-a-e10,33.2010827,-116.1534283,180.0,line-a-e13,33.2015609,-116.1528595,180.0,line-a-e14,33.2017203,-116.1526699,180.0,2026-08-17T15:34:12Z,dipole-dipole,3,4,1.504,531.8,179.159,8.280,0.00776,0.00090,0.01381;0.01130;0.00948;0.00922;0.00858;0.00754;0.00574;0.00446;0.00385;0.00271,
line-a-r00472,line-a,line-a-e09,33.2009233,-116.1536179,180.0,line-a-e10,33.2010827,-116.1534283,180.0,line-a-e13,33.2015609,-116.1528595,180.0,line-a-e14,33.2017203,-116.1526699,180.0,2026-08-17T15:34:24Z,dipole-dipole,3,5,1.135,704.7,195.880,6.419,0.00532,0.00110,0.00760;0.00794;0.00752;0.00642;0.00573;0.00435;0.00411;0.00348;0.00268;0.00192,
line-a-r00473,line-a,line-a-e09,33.2009233,-116.1536179,180.0,line-a-e10,33.2010827,-116.1534283,180.0,line-a-e13,33.2015609,-116.1528595,180.0,line-a-e14,33.2017203,-116.1526699,180.0,2026-08-17T15:34:36Z,dipole-dipole,3,8,1.027,778.9,180.468,10.277,0.00564,0.00127,0.00817;0.00828;0.00756;0.00596;0.00673;0.00556;0.00401;0.00357;0.00259;0.00192,
line-a-r00474,line-a,line-a-e09,33.2009233,-116.1536179,180.0,line-a-e10,33.2010827,-116.1534283,180.0,line-a-e13,33.2015609,-116.1528595,180.0,line-a-e14,33.2017203,-116.1526699,180.0,2026-08-17T15:34:48Z,dipole-dipole,3,8,0.970,824.9,176.596,6.980,0.00713,0.00135,0.01132;0.01191;0.00877;0.00863;0.00818;0.00736;0.00599;0.00451;0.00351;0.00245,
line-a-r00475,line-a,line-a-e09,33.2009233,-116.1536179,180.0,line-a-e10,33.2010827,-116.1534283,180.0,line-a-e13,33.2015609,-116.1528595,180.0,line-a-e14,33.2017203,-116.1526699,180.0,2026-08-17T15:35:00Z,dipole-dipole,3,6,1.446,553.2,186.794,6.837,0.00669,0.00097,0.01086;0.01085;0.00991;0.00838;0.00691;0.00653;0.00472;0.00434;0.00313;0.00249,
line-a-r00476,line-a,line-a-e09,33.2009233,-116.1536179,180.0,line-a-e10,33.2010827,-116.1534283,180.0,line-a-e13,33.2015609,-116.1528595,180.0,line-a-e14,33.2017203,-116.1526699,180.0,2026-08-17T15:35:12Z,dipole-dipole,3,6,1.384,578.1,175.237,6.618,0.00602,0.00119,0.00960;0.00901;0.00781;0.00766;0.00650;0.00537;0.00474;0.00397;0.00293;0.00203,
line-a-r00477,line-a,line-a-e09,33.2009233,-116.1536179,180.0,line-a-e10,33.2010827,-116.1534283,180.0,line-a-e13,33.2015609,-116.1528595,180.0,line-a-e14,33.2017203,-116.1526699,180.0,2026-08-17T15:35:24Z,dipole-dipole,3,4,1.568,510.3,190.303,6.542,0.00512,0.00134,0.00848;0.00747;0.00757;0.00648;0.00549;0.00528;0.00421;0.00338;0.00269;0.00180,
line-a-r00478,line-a,line-a-e09,33.2009233,-116.1536179,180.0,line-a-e10,33.2010827,-116.1534283,180.0,line-a-e14,33.2017203,-116.1526699,180.0,line-a-e15,33.2018797,-116.1524803,180.0,2026-08-17T15:35:36Z,dipole-dipole,4,5,1.463,546.9,167.088,6.045,0.01086,0.00117,0.01927;0.01719;0.01489;0.01384;0.01260;0.01093;0.00911;0.00763;0.00515;0.00417,
line-a-r00479,line-a,line-a-e09,33.2009233,-116.1536179,180.0,line-a-e10,33.2010827,-116.1534283,180.0,line-a-e14,33.2017203,-116.1526699,180.0,line-a-e15,33.2018797,-116.1524803,180.0,2026-08-17T15:35:48Z,dipole-dipole,4,4,1.227,651.9,168.685,5.754,0.00929,0.00123,0.01622;0.01411;0.01359;0.01119;0.01043;0.00820;0.00778;0.00529;0.00452;0.00320,
line-a-r00480,line-a,line-a-e09,33.2009233,-116.1536179,180.0,line-a-e10,33.2010827,-116.1534283,180.0,line-a-e14,33.2017203,-116.1526699,180.0,line-a-e15,33.2018797,-116.1524803,180.0,2026-08-17T15:36:00Z,dipole-dipole,4,8,0.946,845.3,161.131,6.672,0.00802,0.00113,0.01076;0.01179;0.01004;0.00964;0.00962;0.00808;0.00669;0.00512;0.00397;0.00279,
line-a-r00481,line-a,line-a-e09,33.2009233,-116.1536179,180.0,line-a-e10,33.2010827,-116.1534283,180.0,line-a-e14,33.2017203,-116.1526699,180.0,line-a-e15,33.2018797,-116.1524803,180.0,2026-08-17T15:36:12Z,dipole-dipole,4,5,0.978,818.0,175.453,7.624,0.00779,0.00121,0.01227;0.01191;0.01158;0.01044;0.00749;0.00698;0.00629;0.00505;0.00377;0.00262,
line-a-r00482,line-a,line-a-e09,33.2009233,-116.1536179,180.0,line-a-e10,33.2010827,-116.1534283,180.0,line-a-e14,33.2017203,-116.1526699,180.0,line-a-e15,33.2018797,-116.1524803,180.0,2026-08-17T15:36:24Z,dipole-dipole,4,5,0.915,874.0,160.656,6.785,0.01066,0.00128,0.01676;0.01670;0.01446;0.01332;0.01249;0.00921;0.00822;0.00640;0.00555;0.00375,
line-a-r00483,line-a,line-a-e09,33.2009233,-116.1536179,180.0,line-a-e10,33.2010827,-116.1534283,180.0,line-a-e14,33.2017203,-116.1526699,180.0,line-a-e15,33.2018797,-116.1524803,180.0,2026-08-17T15:36:36Z,dipole-dipole,4,8,1.313,609.3,173.280,5.649,0.00773,0.00126,0.01316;0.01093;0.00999;0.00962;0.00848;0.00791;0.00591;0.00514;0.00376;0.00274,
line-a-r00484,line-a,line-a-e09,33.2009233,-116.1536179,180.0,line-a-e10,33.2010827,-116.1534283,180.0,line-a-e14,33.2017203,-116.1526699,180.0,line-a-e15,33.2018797,-116.1524803,180.0,2026-08-17T15:36:48Z,dipole-dipole,4,7,1.493,535.8,168.017,6.314,0.00625,0.00158,0.00951;0.00887;0.00894;0.00743;0.00709;0.00640;0.00532;0.00395;0.00286;0.00226,
line-a-r00485,line-a,line-a-e09,33.2009233,-116.1536179,180.0,line-a-e10,33.2010827,-116.1534283,180.0,line-a-e14,33.2017203,-116.1526699,180.0,line-a-e15,33.2018797,-116.1524803,180.0,2026-08-17T15:37:00Z,dipole-dipole,4,7,1.498,534.0,161.640,5.861,0.01088,0.01487,0.01881;0.01608;0.01484;0.01352;0.01122;0.01053;0.00874;0.00651;0.00494;0.00398,
line-a-r00486,line-a,line-a-e09,33.2009233,-116.1536179,180.0,line-a-e10,33.2010827,-116.1534283,180.0,line-a-e15,33.2018797,-116.1524803,180.0,line-a-e16,33.2020391,-116.1522907,180.0,2026-08-17T15:37:12Z,dipole-dipole,5,3,1.311,610.3,150.392,7.350,0.01046,0.00131,0.01632;0.01628;0.01495;0.01240;0.01145;0.00976;0.00828;0.00660;0.00559;0.00374,
line-a-r00487,line-a,line-a-e09,33.2009233,-116.1536179,180.0,line-a-e10,33.2010827,-116.1534283,180.0,line-a-e15,33.2018797,-116.1524803,180.0,line-a-e16,33.2020391,-116.1522907,180.0,2026-08-17T15:37:24Z,dipole-dipole,5,6,1.144,699.4,140.056,6.917,0.01191,0.00135,0.02020;0.01854;0.01563;0.01528;0.01488;0.01111;0.00914;0.00657;0.00544;0.00429,
line-a-r00488,line-a,line-a-e09,33.2009233,-116.1536179,180.0,line-a-e10,33.2010827,-116.1534283,180.0,line-a-e15,33.2018797,-116.1524803,180.0,line-a-e16,33.2020391,-116.1522907,180.0,2026-08-17T15:37:36Z,dipole-dipole,5,5,1.189,673.1,148.571,4.846,0.01135,0.00146,0.01855;0.01724;0.01562;0.01312;0.01237;0.01082;0.00971;0.00787;0.00598;0.00393,
line-a-r00489,line-a,line-a-e09,33.2009233,-116.1536179,180.0,line-a-e10,33.2010827,-116.1534283,180.0,line-a-e15,33.2018797,-116.1524803,180.0,line-a-e16,33.2020391,-116.1522907,180.0,2026-08-17T15:37:48Z,dipole-dipole,5,8,1.156,692.1,141.510,6.001,0.01253,0.00155,0.01883;0.01713;0.01557;0.01545;0.01519;0.01051;0.01032;0.00802;0.00569;0.00435,
line-a-r00490,line-a,line-a-e09,33.2009233,-116.1536179,180.0,line-a-e10,33.2010827,-116.1534283,180.0,line-a-e15,33.2018797,-116.1524803,180.0,line-a-e16,33.2020391,-116.1522907,180.0,2026-08-17T15:38:00Z,dipole-dipole,5,7,0.908,881.4,144.078,5.635,0.01211,0.00139,0.01781;0.01683;0.01775;0.01406;0.01363;0.01079;0.00985;0.00766;0.00576;0.00422,
line-a-r00491,line-a,line-a-e09,33.2009233,-116.1536179,180.0,line-a-e10,33.2010827,-116.1534283,180.0,line-a-e15,33.2018797,-116.1524803,180.0,line-a-e16,33.2020391,-116.1522907,180.0,2026-08-17T15:38:12Z,dipole-dipole,5,8,1.371,583.3,150.142,7.070,0.01329,0.00159,0.02125;0.01988;0.01746;0.01613;0.01359;0.01344;0.01035;0.00908;0.00607;0.00458,
line-a-r00492,line-a,line-a-e09,33.2009233,-116.1536179,180.0,line-a-e10,33.2010827,-116.1534283,180.0,line-a-e15,33.2018797,-116.1524803,180.0,line-a-e16,33.2020391,-116.1522907,180.0,2026-08-17T15:38:24Z,dipole-dipole,5,4,1.068,749.2,139.637,6.429,0.01103,0.00161,0.01633;0.01728;0.01398;0.01284;0.01159;0.00980;0.00895;0.00661;0.00540;0.00323,
line-a-r00493,line-a,line-a-e09,33.2009233,-116.1536179,180.0,line-a-e10,33.2010827,-116.1534283,180.0,line-a-e15,33.2018797,-116.1524803,180.0,line-a-e16,33.2020391,-116.1522907,180.0,2026-08-17T15:38:36Z,dipole-dipole,5,8,1.634,489.5,140.244,4.377,0.01407,0.00108,0.02286;0.02083;0.01952;0.01664;0.01534;0.01348;0.01116;0.00892;0.00698;0.00428,
line-a-r00494,line-a,line-a-e09,33.2009233,-116.1536179,180.0,line-a-e10,33.2010827,-116.1534283,180.0,line-a-e16,33.2020391,-116.1522907,180.0,line-a-e17,33.2021985,-116.1521011,180.0,2026-08-17T15:38:48Z,dipole-dipole,6,6,1.194,670.1,125.378,4.782,0.01710,0.00158,0.02868;0.02580;0.02308;0.02098;0.01773;0.01663;0.01198;0.01041;0.00808;0.00611,
line-a-r00495,line-a,line-a-e09,33.2009233,-116.1536179,180.0,line-a-e10,33.2010827,-116.1534283,180.0,line-a-e16,33.2020391,-116.1522907,180.0,line-a-e17,33.2021985,-116.1521011,180.0,2026-08-17T15:39:00Z,dipole-dipole,6,5,1.339,597.4,129.129,5.448,0.01664,0.00172,0.02603;0.02510;0.02519;0.02045;0.01954;0.01514;0.01358;0.01197;0.00799;0.00595,
line-a-r00496,line-a,line-a-e09,33.2009233,-116.1536179,180.0,line-a-e10,33.2010827,-116.1534283,180.0,line-a-e16,33.2020391,-116.1522907,180.0,line-a-e17,33.2021985,-116.1521011,180.0,2026-08-17T15:39:12Z,dipole-dipole,6,5,1.139,702.2,128.960,4.504,0.01550,0.00128,0.02404;0.02416;0.01966;0.01799;0.01629;0.01399;0.01252;0.01015;0.00815;0.00603,
line-a-r00497,line-a,line-a-e09,33.2009233,-116.1536179,180.0,line-a-e10,33.2010827,-116.1534283,180.0,line-a-e16,33.2020391,-116.1522907,180.0,line-a-e17,33.2021985,-116.1521011,180.0,2026-08-17T15:39:24Z,dipole-dipole,6,5,1.354,591.0,129.260,6.115,0.01810,0.00225,0.02738;0.02477;0.02557;0.02141;0.01986;0.01683;0.01528;0.01169;0.00889;0.00573,
line-a-r00498,line-a,line-a-e09,33.2009233,-116.1536179,180.0,line-a-e10,33.2010827,-116.1534283,180.0,line-a-e16,33.2020391,-116.1522907,180.0,line-a-e17,33.2021985,-116.1521011,180.0,2026-08-17T15:39:36Z,dipole-dipole,6,3,0.954,838.4,126.364,5.230,0.01635,0.00122,0.02816;0.02335;0.02142;0.01936;0.01927;0.01546;0.01361;0.01111;0.00841;0.00619,
line-a-r00499,line-a,line-a-e09,33.2009233,-116.1536179,180.0,line-a-e10,33.2010827,-116.1534283,180.0,line-a-e16,33.2020391,-116.1522907,180.0,line-a-e17,33.2021985,-116.1521011,180.0,2026-08-17T15:39:48Z,dipole-dipole,6,8,1.354,590.6,125.258,5.716,0.01467,0.00157,0.02283;0.02282;0.02075;0.01814;0.01612;0.01309;0.01234;0.00968;0.00690;0.00539,
line-a-r00500,line-a,line-a-e09,33.2009233,-116.1536179,180.0,line-a-e10,33.2010827,-116.1534283,180.0,line-a-e17,33.2021985,-116.1521011,180.0,line-a-e18,33.2023579,-116.1519116,180.0,2026-08-17T15:40:00Z,dipole-dipole,7,8,1.282,624.1,109.573,4.840,0.02134,0.00213,0.03221;0.03225;0.02669;0.02615;0.02299;0.02076;0.01591;0.01379;0.00946;0.00729,
line-a-r00501,line-a,line-a-e09,33.2009233,-116.1536179,180.0,line-a-e10,33.2010827,-116.1534283,180.0,line-a-e17,33.2021985,-116.1521011,180.0,line-a-e18,33.2023579,-116.1519116,180.0,2026-08-17T15:40:12Z,dipole-dipole,7,8,1.578,507.1,110.804,4.986,0.02087,0.00181,0.03276;0.03195;0.02731;0.02933;0.02314;0.02178;0.01720;0.01265;0.00959;0.00724,
line-a-r00502,line-a,line-a-e09,33.2009233,-116.1536179,180.0,line-a-e10,33.2010827,-116.1534283,180.0,line-a-e17,33.2021985,-116.1521011,180.0,line-a-e18,33.2023579,-116.1519116,180.0,2026-08-17T15:40:24Z,dipole-dipole,7,3,1.486,538.4,115.176,4.671,0.01666,0.00186,0.02730;0.02631;0.02283;0.02199;0.01879;0.01534;0.01371;0.01098;0.00876;0.00629,
line-a-r00503,line-a,line-a-e09,33.2009233,-116.1536179,180.0,line-a-e10,33.2010827,-116.1534283,180.0,line-a-e17,33.2021985,-116.1521011,180.0,line-a-e18,33.2023579,-116.1519116,180.0,2026-08-17T15:40:36Z,dipole-dipole,7,5,1.074,744.6,114.371,4.161,0.01941,0.00171,0.03148;0.02739;0.02828;0.02413;0.02071;0.01655;0.01559;0.01178;0.00970;0.00637,
line-a-r00504,line-a,line-a-e09,33.2009233,-116.1536179,180.0,line-a-e10,33.2010827,-116.1534283,180.0,line-a-e17,33.2021985,-116.1521011,180.0,line-a-e18,33.2023579,-116.1519116,180.0,2026-08-17T15:40:48Z,dipole-dipole,7,3,1.440,555.6,102.715,4.136,0.01879,0.00133,0.03167;0.02673;0.02599;0.02108;0.02284;0.01849;0.01465;0.01228;0.00956;0.00691,
line-a-r00505,line-a,line-a-e09,33.2009233,-116.1536179,180.0,line-a-e10,33.2010827,-116.1534283,180.0,line-a-e17,33.2021985,-116.1521011,180.0,line-a-e18,33.2023579,-116.1519116,180.0,2026-08-17T15:41:00Z,dipole-dipole,7,4,1.325,603.9,116.655,5.342,0.02312,0.00233,0.03584;0.03167;0.03062;0.02536;0.02305;0.02101;0.01941;0.01339;0.01009;0.00767,
line-a-r00506,line-a,line-a-e09,33.2009233,-116.1536179,180.0,line-a-e10,33.2010827,-116.1534283,180.0,line-a-e18,33.2023579,-116.1519116,180.0,line-a-e19,33.2025172,-116.1517220,180.0,2026-08-17T15:41:12Z,dipole-dipole,8,7,1.326,603.5,108.796,5.321,0.02332,0.00160,0.04085;0.03468;0.02976;0.02705;0.02542;0.02225;0.01774;0.01369;0.01237;0.00840,
line-a-r00507,line-a,line-a-e09,33.2009233,-116.1536179,180.0,line-a-e10,33.2010827,-116.1534283,180.0,line-a-e18,33.2023579,-116.1519116,180.0,line-a-e19,33.2025172,-116.1517220,180.0,2026-08-17T15:41:24Z,dipole-dipole,8,6,1.156,692.2,109.304,3.747,0.02084,0.00177,0.03549;0.03203;0.02719;0.02713;0.02236;0.02013;0.01597;0.01402;0.01035;0.00708,
line-a-r00508,line-a,line-a-e09,33.2009233,-116.1536179,180.0,line-a-e10,33.2010827,-116.1534283,180.0,line-a-e18,33.2023579,-116.1519116,180.0,line-a-e19,33.2025172,-116.1517220,180.0,2026-08-17T15:41:36Z,dipole-dipole,8,4,1.653,483.9,111.742,4.770,0.02436,0.00212,0.03800;0.03470;0.02952;0.03230;0.02700;0.02119;0.01887;0.01569;0.01082;0.00830,
line-a-r00509,line-a,line-a-e09,33.2009233,-116.1536179,180.0,line-a-e10,33.2010827,-116.1534283,180.0,line-a-e18,33.2023579,-116.1519116,180.0,line-a-e19,33.2025172,-116.1517220,180.0,2026-08-17T15:41:48Z,dipole-dipole,8,5,1.091,733.5,102.065,5.433,0.02550,0.00150,0.03655;0.03930;0.03563;0.03305;0.02775;0.02473;0.02103;0.01763;0.01214;0.00847,
line-a-r00510,line-a,line-a-e09,33.2009233,-116.1536179,180.0,line-a-e10,33.2010827,-116.1534283,180.0,line-a-e18,33.2023579,-116.1519116,180.0,line-a-e19,33.2025172,-116.1517220,180.0,2026-08-17T15:42:00Z,dipole-dipole,8,8,1.123,712.2,100.994,4.765,0.01933,0.00167,0.03281;0.03107;0.02570;0.02696;0.01911;0.01842;0.01613;0.01169;0.00867;0.00650,
line-a-r00511,line-a,line-a-e09,33.2009233,-116.1536179,180.0,line-a-e10,33.2010827,-116.1534283,180.0,line-a-e18,33.2023579,-116.1519116,180.0,line-a-e19,33.2025172,-116.1517220,180.0,2026-08-17T15:42:12Z,dipole-dipole,8,8,1.248,641.0,107.628,4.398,0.02481,0.00195,0.03800;0.03449;0.03712;0.02874;0.02674;0.02475;0.01942;0.01699;0.01253;0.00825,
line-a-r00512,line-a,line-a-e09,33.2009233,-116.1536179,180.0,line-a-e10,33.2010827,-116.1534283,180.0,line-a-e18,33.2023579,-116.1519116,180.0,line-a-e19,33.2025172,-116.1517220,180.0,2026-08-17T15:42:24Z,dipole-dipole,8,6,1.183,676.0,111.318,5.574,0.02384,0.00166,0.03527;0.03420;0.03148;0.03041;0.02719;0.02203;0.01819;0.01448;0.01201;0.00915,
line-a-r00513,line-a,line-a-e09,33.2009233,-116.1536179,180.0,line-a-e10,33.2010827,-116.1534283,180.0,line-a-e18,33.2023579,-116.1519116,180.0,line-a-e19,33.2025172,-116.1517220,180.0,2026-08-17T15:42:36Z,dipole-dipole,8,5,1.084,738.2,99.089,4.627,0.02030,0.00227,0.03425;0.02870;0.02873;0.02300;0.02453;0.01604;0.01561;0.01085;0.00958;0.00741,
line-a-r00514,line-a,line-a-e10,33.2010827,-116.1534283,180.0,line-a-e11,33.2012421,-116.1532387,180.0,line-a-e12,33.2014015,-116.1530491,180.0,line-a-e13,33.2015609,-116.1528595,180.0,2026-08-17T15:42:48Z,dipole-dipole,1,4,1.197,668.6,202.143,6.789,0.00584,0.00096,0.00934;0.00883;0.00802;0.00688;0.00728;0.00620;0.00444;0.00362;0.00253;0.00208,
line-a-r00515,line-a,line-a-e10,33.2010827,-116.1534283,180.0,line-a-e11,33.2012421,-116.1532387,180.0,line-a-e12,33.2014015,-116.1530491,180.0,line-a-e13,33.2015609,-116.1528595,180.0,2026-08-17T15:43:00Z,dipole-dipole,1,4,1.437,556.5,221.711,9.801,0.00484,0.00096,0.00714;0.00703;0.00700;0.00628;0.00490;0.00497;0.00386;0.00308;0.00229;0.00151,
line-a-r00516,line-a,line-a-e10,33.2010827,-116.1534283,180.0,line-a-e11,33.2012421,-116.1532387,180.0,line-a-e12,33.2014015,-116.1530491,180.0,line-a-e13,33.2015609,-116.1528595,180.0,2026-08-17T15:43:12Z,dipole-dipole,1,3,1.283,623.5,203.724,7.779,0.00724,0.00103,0.01106;0.01021;0.01065;0.01003;0.00893;0.00642;0.00591;0.00478;0.00358;0.00271,
line-a-r00517,line-a,line-a-e10,33.2010827,-116.1534283,180.0,line-a-e11,33.2012421,-116.1532387,180.0,line-a-e12,33.2014015,-116.1530491,180.0,line-a-e13,33.2015609,-116.1528595,180.0,2026-08-17T15:43:24Z,dipole-dipole,1,3,1.399,571.8,210.271,7.177,0.00251,0.00105,0.00406;0.00369;0.00345;0.00331;0.00287;0.00236;0.00193;0.00166;0.00123;0.00094,
line-a-r00518,line-a,line-a-e10,33.2010827,-116.1534283,180.0,line-a-e11,33.2012421,-116.1532387,180.0,line-a-e12,33.2014015,-116.1530491,180.0,line-a-e13,33.2015609,-116.1528595,180.0,2026-08-17T15:43:36Z,dipole-dipole,1,5,1.275,627.4,208.179,11.658,0.00596,0.00105,0.00975;0.00861;0.00930;0.00737;0.00610;0.00581;0.00475;0.00382;0.00294;0.00223,
line-a-r00519,line-a,line-a-e10,33.2010827,-116.1534283,180.0,line-a-e11,33.2012421,-116.1532387,180.0,line-a-e12,33.2014015,-116.1530491,180.0,line-a-e13,33.2015609,-116.1528595,180.0,2026-08-17T15:43:48Z,dipole-dipole,1,7,1.432,558.8,210.416,8.753,0.00549,0.00077,0.00854;0.00764;0.00793;0.00699;0.00578;0.00534;0.00414;0.00352;0.00272;0.00209,
line-a-r00520,line-a,line-a-e10,33.2010827,-116.1534283,180.0,line-a-e11,33.2012421,-116.1532387,180.0,line-a-e12,33.2014015,-116.1530491,180.0,line-a-e13,33.2015609,-116.1528595,180.0,2026-08-17T15:44:00Z,dipole-dipole,1,5,1.088,735.6,217.763,8.210,0.00564,0.00109,0.00868;0.00810;0.00791;0.00646;0.00653;0.00512;0.00460;0.00315;0.00245;0.00202,
line-a-r00521,line-a,line-a-e10,33.2010827,-116.1534283,180.0,line-a-e11,33.2012421,-116.1532387,180.0,line-a-e13,33.2015609,-116.1528595,180.0,line-a-e14,33.2017203,-116.1526699,180.0,2026-08-17T15:44:12Z,dipole-dipole,2,6,1.358,588.9,185.020,6.689,0.00656,0.00094,0.00975;0.01035;0.00927;0.00846;0.00755;0.00627;0.00503;0.00448;0.00305;0.00258,
line-a-r00522,line-a,line-a-e10,33.2010827,-116.1534283,180.0,line-a-e11,33.2012421,-116.1532387,180.0,line-a-e13,33.2015609,-116.1528595,180.0,line-a-e14,33.2017203,-116.1526699,180.0,2026-08-17T15:44:24Z,dipole-dipole,2,5,1.217,657.3,210.641,6.901,0.00503,0.00092,0.00774;0.00828;0.00786;0.00645;0.00487;0.00467;0.00358;0.00303;0.00263;0.00182,
line-a-r00523,line-a,line-a-e10,33.2010827,-116.1534283,180.0,line-a-e11,33.2012421,-116.1532387,180.0,line-a-e13,33.2015609,-116.1528595,180.0,line-a-e14,33.2017203,-116.1526699,180.0,2026-08-17T15:44:36Z,dipole-dipole,2,8,1.271,629.3,195.584,8.027,0.00384,0.00121,0.00608;0.00507;0.00517;0.00480;0.00430;0.00362;0.00275;0.00242;0.00169;0.00133,
line-a-r00524,line-a,line-a-e10,33.2010827,-116.1534283,180.0,line-a-e11,33.2012421,-116.1532387,180.0,line-a-e13,33.2015609,-116.1528595,180.0,line-a-e14,33.2017203,-116.1526699,180.0,2026-08-17T15:44:48Z,dipole-dipole,2,3,1.316,608.0,192.585,8.424,0.00493,0.00105,0.00768;0.00786;0.00631;0.00648;0.00563;0.00436;0.00411;0.00320;0.00223;0.00172,
line-a-r00525,line-a,line-a-e10,33.2010827,-116.1534283,180.0,line-a-e11,33.2012421,-116.1532387,180.0,line-a-e13,33.2015609,-116.1528595,180.0,line-a-e14,33.2017203,-116.1526699,180.0,2026-08-17T15:45:00Z,dipole-dipole,2,6,1.101,726.4,202.952,7.581,0.00583,0.00145,0.00966;0.00934;0.00814;0.00769;0.00671;0.00520;0.00478;0.00378;0.00289;0.00192,
line-a-r00526,line-a,line-a-e10,33.2010827,-116.1534283,180.0,line-a-e11,33.2012421,-116.1532387,180.0,line-a-e13,33.2015609,-116.1528595,180.0,line-a-e14,33.2017203,-116.1526699,180.0,2026-08-17T15:45:12Z,dipole-dipole,2,8,1.261,634.4,185.400,4.888,0.00491,0.00105,0.00810;0.00678;0.00664;0.00634;0.00507;0.00411;0.00396;0.00323;0.00243;0.00168,
line-a-r00527,line-a,line-a-e10,33.2010827,-116.1534283,180.0,line-a-e11,33.2012421,-116.1532387,180.0,line-a-e13,33.2015609,-116.1528595,180.0,line-a-e14,33.2017203,-116.1526699,180.0,2026-08-17T15:45:24Z,dipole-dipole,2,4,1.754,456.2,201.951,5.471,0.00413,0.00094,0.00642;0.00582;0.00570;0.00510;0.00421;0.00437;0.00309;0.00267;0.00213;0.00151,
line-a-r00528,line-a,line-a-e10,33.2010827,-116.1534283,180.0,line-a-e11,33.2012421,-116.1532387,180.0,line-a-e14,33.2017203,-116.1526699,180.0,line-a-e15,33.2018797,-116.1524803,180.0,2026-08-17T15:45:36Z,dipole-dipole,3,3,1.182,676.9,196.460,10.016,0.00558,0.00108,0.00911;0.00860;0.00802;0.00692;0.00639;0.00499;0.00494;0.00361;0.00270;0.00200,
line-a-r00529,line-a,line-a-e10,33.2010827,-116.1534283,180.0,line-a-e11,33.2012421,-116.1532387,180.0,line-a-e14,33.2017203,-116.1526699,180.0,line-a-e15,33.2018797,-116.1524803,180.0,2026-08-17T15:45:48Z,dipole-dipole,3,8,1.419,563.6,176.497,8.284,0.00659,0.00098,0.01073;0.01018;0.00881;0.00740;0.00785;0.00609;0.00537;0.00410;0.00278;0.00220,
line-a-r00530,line-a,line-a-e10,33.2010827,-116.1534283,180.0,line-a-e11,33.2012421,-116.1532387,180.0,line-a-e14,33.2017203,-116.1526699,180.0,line-a-e15,33.2018797,-116.1524803,180.0,2026-08-17T15:46:00Z,dipole-dipole,3,8,0.973,821.8,190.137,6.922,0.00471,0.00086,0.00733;0.00669;0.00651;0.00567;0.00507;0.00425;0.00398;0.00332;0.00229;0.00154,
line-a-r00531,line-a,line-a-e10,33.2010827,-116.1534283,180.0,line-a-e11,33.2012421,-116.1532387,180.0,line-a-e14,33.2017203,-116.1526699,180.0,line-a-e15,33.2018797,-116.1524803,180.0,2026-08-17T15:46:12Z,dipole-dipole,3,4,1.399,571.8,187.900,6.655,0.00792,0.00080,0.01303;0.01065;0.01029;0.01055;0.00938;0.00747;0.00631;0.00494;0.00406;0.00279,
line-a-r00532,line-a,line-a-e10,33.2010827,-116.1534283,180.0,line-a-e11,33.2012421,-116.1532387,180.0,line-a-e14,33.2017203,-116.1526699,180.0,line-a-e15,33.2018797,-116.1524803,180.0,2026-08-17T15:46:24Z,dipole-dipole,3,3,1.398,572.2,181.410,8.782,0.00695,0.00103,0.01104;0.01063;0.00948;0.00784;0.00742;0.00727;0.00544;0.00422;0.00355;0.00263,
line-a-r00533,line-a,line-a-e10,33.2010827,-116.1534283,180.0,line-a-e11,33.2012421,-116.1532387,180.0,line-a-e14,33.2017203,-116.1526699,180.0,line-a-e15,33.2018797,-116.1524803,180.0,2026-08-17T15:46:36Z,dipole-dipole,3,3,1.510,529.6,186.985,7.265,0.00672,0.00104,0.01062;0.01064;0.00991;0.00850;0.00739;0.00638;0.00536;0.00420;0.00321;0.00247,
line-a-r00534,line-a,line-a-e10,33.2010827,-116.1534283,180.0,line-a-e11,33.2012421,-116.1532387,180.0,line-a-e14,33.2017203,-116.1526699,180.0,line-a-e15,33.2018797,-116.1524803,180.0,2026-08-17T15:46:48Z,dipole-dipole,3,6,1.073,745.6,176.315,7.517,0.00646,0.00098,0.00972;0.01019;0.00882;0.00769;0.00690;0.00565;0.00492;0.00387;0.00334;0.00229,
line-a-r00535,line-a,line-a-e10,33.2010827,-116.1534283,180.0,line-a-e11,33.2012421,-116.1532387,180.0,line-a-e15,33.2018797,-116.1524803,180.0,line-a-e16,33.2020391,-116.1522907,180.0,2026-08-17T15:47:00Z,dipole-dipole,4,4,1.359,588.7,174.571,5.640,0.00676,0.00116,0.01089;0.01019;0.01000;0.00956;0.00698;0.00636;0.00532;0.00395;0.00336;0.00241,
line-a-r00536,line-a,line-a-e10,33.2010827,-116.1534283,180.0,line-a-e11,33.2012421,-116.1532387,180.0,line-a-e15,33.2018797,-116.1524803,180.0,line-a-e16,33.2020391,-116.1522907,180.0,2026-08-17T15:47:12Z,dipole-dipole,4,8,1.312,609.8,174.589,7.888,0.00795,0.00137,0.01302;0.01192;0.01037;0.00932;0.00926;0.00760;0.00553;0.00561;0.00428;0.00274,
line-a-r00537,line-a,line-a-e10,33.2010827,-116.1534283,180.0,line-a-e11,33.2012421,-116.1532387,180.0,line-a-e15,33.2018797,-116.1524803,180.0,line-a-e16,33.2020391,-116.1522907,180.0,2026-08-17T15:47:24Z,dipole-dipole,4,8,1.781,449.3,169.409,5.893,0.00596,0.00106,0.00905;0.00892;0.00856;0.00719;0.00609;0.00562;0.00484;0.00357;0.00297;0.00221,
line-a-r00538,line-a,line-a-e10,33.2010827,-116.1534283,180.0,line-a-e11,33.2012421,-116.1532387,180.0,line-a-e15,33.2018797,-116.1524803,180.0,line-a-e16,33.2020391,-116.1522907,180.0,2026-08-17T15:47:36Z,dipole-dipole,4,7,1.248,641.3,168.203,8.409,0.00623,0.00117,0.01021;0.00977;0.00811;0.00863;0.00779;0.00556;0.00534;0.00413;0.00314;0.00205,
line-a-r00539,line-a,line-a-e10,33.2010827,-116.1534283,180.0,line-a-e11,33.2012421,-116.1532387,180.0,line-a-e15,33.2018797,-116.1524803,180.0,line-a-e16,33.2020391,-116.1522907,180.0,2026-08-17T15:47:48Z,dipole-dipole,4,6,1.254,638.1,164.030,7.634,0.00787,0.00113,0.01262;0.01103;0.01207;0.00909;0.00870;0.00841;0.00594;0.00551;0.00391;0.00283,
line-a-r00540,line-a,line-a-e10,33.2010827,-116.1534283,180.0,line-a-e11,33.2012421,-116.1532387,180.0,line-a-e15,33.2018797,-116.1524803,180.0,line-a-e16,33.2020391,-116.1522907,180.0,2026-08-17T15:48:00Z,dipole-dipole,4,5,1.203,665.2,174.633,6.813,0.00823,0.00093,0.01241;0.01243;0.01202;0.01124;0.00905;0.00806;0.00668;0.00539;0.00384;0.00256,
line-a-r00541,line-a,line-a-e10,33.2010827,-116.1534283,180.0,line-a-e11,33.2012421,-116.1532387,180.0,line-a-e16,33.2020391,-116.1522907,180.0,line-a-e17,33.2021985,-116.1521011,180.0,2026-08-17T15:48:12Z,dipole-dipole,5,7,0.818,977.6,142.590,6.612,0.01397,0.00147,0.02234;0.02151;0.01882;0.01818;0.01455;0.01301;0.01108;0.00937;0.00664;0.00483,
line-a-r00542,line-a,line-a-e10,33.2010827,-116.1534283,180.0,line-a-e11,33.2012421,-116.1532387,180.0,line-a-e16,33.2020391,-116.1522907,180.0,line-a-e17,33.2021985,-116.1521011,180.0,2026-08-17T15:48:24Z,dipole-dipole,5,3,1.414,566.0,146.131,5.081,0.01215,0.00143,0.02064;0.01789;0.01730;0.01545;0.01424;0.01114;0.01020;0.00730;0.00573;0.00426,
line-a-r00543,line-a,line-a-e10,33.2010827,-116.1534283,180.0,line-a-e11,33.2012421,-116.1532387,180.0,line-a-e16,33.2020391,-116.1522907,180.0,line-a-e17,33.2021985,-116.1521011,180.0,2026-08-17T15:48:36Z,dipole-dipole,5,3,1.551,515.8,135.603,5.356,0.00990,0.00152,0.01515;0.01724;0.01404;0.01241;0.01009;0.00898;0.00738;0.00673;0.00518;0.00342,
line-a-r00544,line-a,line-a-e10,33.2010827,-116.1534283,180.0,line-a-e11,33.2012421,-116.1532387,180.0,line-a-e16,33.2020391,-116.1522907,180.0,line-a-e17,33.2021985,-116.1521011,180.0,2026-08-17T15:48:48Z,dipole-dipole,5,5,1.388,576.3,141.850,4.691,0.01092,0.00107,0.01824;0.01537;0.01447;0.01242;0.01311;0.01074;0.00903;0.00734;0.00529;0.00406,
line-a-r00545,line-a,line-a-e10,33.2010827,-116.1534283,180.0,line-a-e11,33.2012421,-116.1532387,180.0,line-a-e16,33.2020391,-116.1522907,180.0,line-a-e17,33.2021985,-116.1521011,180.0,2026-08-17T15:49:00Z,dipole-dipole,5,4,1.388,576.3,138.006,6.778,0.01145,0.00105,0.01872;0.01749;0.01979;0.01587;0.01288;0.01131;0.00896;0.00720;0.00577;0.00394,
line-a-r00546,line-a,line-a-e10,33.2010827,-116.1534283,180.0,line-a-e11,33.2012421,-116.1532387,180.0,line-a-e16,33.2020391,-116.1522907,180.0,line-a-e17,33.2021985,-116.1521011,180.0,2026-08-17T15:49:12Z,dipole-dipole,5,6,1.061,754.0,-114.439,4.598,0.01184,0.00142,0.02070;0.01884;0.01534;0.01420;0.01393;0.00967;0.00981;0.00775;0.00601;0.00423,
line-a-r00547,line-a,line-a-e10,33.2010827,-116.1534283,180.0,line-a-e11,33.2012421,-116.1532387,180.0,line-a-e17,33.2021985,-116.1521011,180.0,line-a-e18,33.2023579,-116.1519116,180.0,2026-08-17T15:49:24Z,dipole-dipole,6,5,1.390,575.4,127.218,5.857,0.01182,0.00164,0.01875;0.01917;0.01875;0.01545;0.01211;0.01195;0.00948;0.00776;0.00567;0.00384,
line-a-r00548,line-a,line-a-e10,33.2010827,-116.1534283,180.0,line-a-e11,33.2012421,-116.1532387,180.0,line-a-e17,33.2021985,-116.1521011,180.0,line-a-e18,33.2023579,-116.1519116,180.0,2026-08-17T15:49:36Z,dipole-dipole,6,3,1.239,645.6,122.497,5.514,0.01447,0.00155,0.02286;0.02123;0.01853;0.01648;0.01573;0.01331;0.00967;0.00895;0.00731;0.00519,
line-a-r00549,line-a,line-a-e10,33.2010827,-116.1534283,180.0,line-a-e11,33.2012421,-116.1532387,180.0,line-a-e17,33.2021985,-116.1521011,180.0,line-a-e18,33.2023579,-116.1519116,180.0,2026-08-17T15:49:48Z,dipole-dipole,6,8,1.421,563.0,121.521,6.573,0.01364,0.00148,0.02381;0.02123;0.01897;0.01694;0.01653;0.01272;0.01388;0.00839;0.00729;0.00454,
line-a-r00550,line-a,line-a-e10,33.2010827,-116.1534283,180.0,line-a-e11,33.2012421,-116.1532387,180.0,line-a-e17,33.2021985,-116.1521011,180.0,line-a-e18,33.2023579,-116.1519116,180.0,2026-08-17T15:50:00Z,dipole-dipole,6,6,1.280,624.8,128.529,5.559,0.01528,0.00134,0.02319;0.02230;0.02066;0.01931;0.01646;0.01450;0.01395;0.01021;0.00671;0.00571,
line-a-r00551,line-a,line-a-e10,33.2010827,-116.1534283,180.0,line-a-e11,33.2012421,-116.1532387,180.0,line-a-e17,33.2021985,-116.1521011,180.0,line-a-e18,33.2023579,-116.1519116,180.0,2026-08-17T15:50:12Z,dipole-dipole,6,8,1.190,672.2,128.390,4.115,0.01605,0.00169,0.02620;0.02391;0.02428;0.02063;0.01772;0.01645;0.01221;0.01101;0.00830;0.00549,
line-a-r00552,line-a,line-a-e10,33.2010827,-116.1534283,180.0,line-a-e11,33.2012421,-116.1532387,180.0,line-a-e17,33.2021985,-116.1521011,180.0,line-a-e18,33.2023579,-116.1519116,180.0,2026-08-17T15:50:24Z,dipole-dipole,6,7,1.175,680.9,124.716,4.163,0.01551,0.00174,0.02492;0.02267;0.02053;0.01818;0.01946;0.01659;0.01294;0.00982;0.00782;0.00581,
line-a-r00553,line-a,line-a-e10,33.2010827,-116.1534283,180.0,line-a-e11,33.2012421,-116.1532387,180.0,line-a-e17,33.2021985,-116.1521011,180.0,line-a-e18,33.2023579,-116.1519116,180.0,2026-08-17T15:50:36Z,dipole-dipole,6,7,1.007,794.2,122.301,6.430,0.01709,0.00175,0.02717;0.02475;0.02151;0.02004;0.01975;0.01636;0.01260;0.00996;0.00797;0.00620,
line-a-r00554,line-a,line-a-e10,33.2010827,-116.1534283,180.0,line-a-e11,33.2012421,-116.1532387,180.0,line-a-e17,33.2021985,-116.1521011,180.0,line-a-e18,33.2023579,-116.1519116,180.0,2026-08-17T15:50:48Z,dipole-dipole,6,7,1.179,678.8,120.420,3.973,0.01617,0.00161,0.02494;0.02502;0.02315;0.02009;0.01963;0.01654;0.01235;0.01178;0.00831;0.00574,
line-a-r00555,line-a,line-a-e10,33.2010827,-116.1534283,180.0,line-a-e11,33.2012421,-116.1532387,180.0,line-a-e18,33.2023579,-116.1519116,180.0,line-a-e19,33.2025172,-116.1517220,180.0,2026-08-17T15:51:00Z,dipole-dipole,7,3,1.231,649.7,104.945,3.532,0.01862,0.00131,0.03323;0.02725;0.02468;0.02331;0.01925;0.01711;0.01479;0.01177;0.00953;0.00700,
line-a-r00556,line-a,line-a-e10,33.2010827,-116.1534283,180.0,line-a-e11,33.2012421,-116.1532387,180.0,line-a-e18,33.2023579,-116.1519116,180.0,line-a-e19,33.2025172,-116.1517220,180.0,2026-08-17T15:51:12Z,dipole-dipole,7,3,1.109,721.2,115.643,5.443,0.01782,0.00169,0.02964;0.02652;0.02533;0.02263;0.02151;0.01833;0.01471;0.01066;0.00903;0.00667,
line-a-r00557,line-a,line-a-e10,33.2010827,-116.1534283,180.0,line-a-e11,33.2012421,-116.1532387,180.0,line-a-e18,33.2023579,-116.1519116,180.0,line-a-e19,33.2025172,-116.1517220,180.0,2026-08-17T15:51:24Z,dipole-dipole,7,8,1.238,646.4,111.787,5.744,0.01660,0.00155,0.02787;0.02224;0.02401;0.02205;0.01903;0.01708;0.01217;0.01068;0.00885;0.00600,
line-a-r00558,line-a,line-a-e10,33.2010827,-116.1534283,180.0,line-a-e11,33.2012421,-116.1532387,180.0,line-a-e18,33.2023579,-116.1519116,180.0,line-a-e19,33.2025172,-116.1517220,180.0,2026-08-17T15:51:36Z,dipole-dipole,7,4,1.122,712.7,107.618,4.547,0.01705,0.00142,0.02785;0.02499;0.02300;0.02208;0.01982;0.01574;0.01391;0.01054;0.00785;0.00583,
line-a-r00559,line-a,line-a-e10,33.2010827,-116.1534283,180.0,line-a-e11,33.2012421,-116.1532387,180.0,line-a-e18,33.2023579,-116.1519116,180.0,line-a-e19,33.2025172,-116.1517220,180.0,2026-08-17T15:51:48Z,dipole-dipole,7,8,1.392,574.7,100.461,4.541,0.01554,0.00149,0.02463;0.02328;0.02277;0.01763;0.01801;0.01451;0.01300;0.01087;0.00752;0.00539,
line-a-r00560,line-a,line-a-e10,33.2010827,-116.1534283,180.0,line-a-e11,33.2012421,-116.1532387,180.0,line-a-e18,33.2023579,-116.1519116,180.0,line-a-e19,33.2025172,-116.1517220,180.0,2026-08-17T15:52:00Z,dipole-dipole,7,8,0.978,818.0,109.057,5.291,0.02043,0.00182,0.03221;0.02767;0.02934;0.02414;0.02193;0.01930;0.01600;0.01180;0.00970;0.00715,
line-a-r00561,line-a,line-a-e10,33.2010827,-116.1534283,180.0,line-a-e11,33.2012421,-116.1532387,180.0,line-a-e18,33.2023579,-116.1519116,180.0,line-a-e19,33.2025172,-116.1517220,180.0,2026-08-17T15:52:12Z,dipole-dipole,7,6,1.309,611.4,100.777,5.759,0.01762,0.00155,0.02889;0.02504;0.02302;0.02084;0.01968;0.01564;0.01421;0.01197;0.00952;0.00611,
line-a-r00562,line-a,line-a-e10,33.2010827,-116.1534283,180.0,line-a-e11,33.2012421,-116.1532387,180.0,line-a-e19,33.2025172,-116.1517220,180.0,line-a-e20,33.2026766,-116.1515324,180.0,2026-08-17T15:52:24Z,dipole-dipole,8,5,1.280,625.1,96.918,3.782,0.01960,0.00234,0.02937;0.02701;0.02860;0.02542;0.02030;0.01963;0.01465;0.01317;0.00984;0.00621,
line-a-r00563,line-a,line-a-e10,33.2010827,-116.1534283,180.0,line-a-e11,33.2012421,-116.1532387,180.0,line-a-e19,33.2025172,-116.1517220,180.0,line-a-e20,33.2026766,-116.1515324,180.0,2026-08-17T15:52:36Z,dipole-dipole,8,8,1.037,771.8,103.196,6.149,0.01941,0.00203,0.03146;0.02789;0.02627;0.02571;0.02161;0.01876;0.01537;0.01174;0.00929;0.00721,
line-a-r00564,line-a,line-a-e10,33.2010827,-116.1534283,180.0,line-a-e11,33.2012421,-116.1532387,180.0,line-a-e19,33.2025172,-116.1517220,180.0,line-a-e20,33.2026766,-116.1515324,180.0,2026-08-17T15:52:48Z,dipole-dipole,8,6,1.015,788.1,-98.662,4.093,0.01964,0.00177,0.03360;0.02730;0.02599;0.02323;0.01984;0.01651;0.01552;0.01229;0.00995;0.00668,
line-a-r00565,line-a,line-a-e10,33.2010827,-116.1534283,180.0,line-a-e11,33.2012421,-116.1532387,180.0,line-a-e19,33.2025172,-116.1517220,180.0,line-a-e20,33.2026766,-116.1515324,180.0,2026-08-17T15:53:00Z,dipole-dipole,8,5,1.103,725.1,107.529,4.799,0.02105,0.00147,0.03241;0.03146;0.03124;0.02668;0.02249;0.01871;0.01669;0.01352;0.01054;0.00758,
line-a-r00566,line-a,line-a-e10,33.2010827,-116.1534283,180.0,line-a-e11,33.2012421,-116.1532387,180.0,line-a-e19,33.2025172,-116.1517220,180.0,line-a-e20,33.2026766,-116.1515324,180.0,2026-08-17T15:53:12Z,dipole-dipole,8,5,1.494,535.3,100.789,4.935,0.01854,0.00171,0.02886;0.02956;0.02620;0.02020;0.02066;0.01860;0.01504;0.01151;0.00936;0.00663,
line-a-r00567,line-a,line-a-e10,33.2010827,-116.1534283,180.0,line-a-e11,33.2012421,-116.1532387,180.0,line-a-e19,33.2025172,-116.1517220,180.0,line-a-e20,33.2026766,-116.1515324,180.0,2026-08-17T15:53:24Z,dipole-dipole,8,7,1.242,644.3,104.264,4.322,0.01676,0.00181,0.02715;0.02641;0.02388;0.02084;0.01985;0.01715;0.01258;0.01084;0.00693;0.00587,
line-a-r00568,line-a,line-a-e11,33.2012421,-116.1532387,180.0,line-a-e12,33.2014015,-116.1530491,180.0,line-a-e13,33.2015609,-116.1528595,180.0,line-a-e14,33.2017203,-116.1526699,180.0,2026-08-17T15:53:36Z,dipole-dipole,1,5,1.839,435.0,205.471,7.714,0.00510,0.00079,0.00812;0.00760;0.00696;0.00652;0.00597;0.00541;0.00385;0.00347;0.00254;0.00181,
line-a-r00569,line-a,line-a-e11,33.2012421,-116.1532387,180.0,line-a-e12,33.2014015,-116.1530491,180.0,line-a-e13,33.2015609,-116.1528595,180.0,line-a-e14,33.2017203,-116.1526699,180.0,2026-08-17T15:53:48Z,dipole-dipole,1,3,1.982,403.6,214.656,8.849,0.00673,0.00108,0.01129;0.01020;0.00908;0.00889;0.00697;0.00601;0.00525;0.00479;0.00315;0.00274,
line-a-r00570,line-a,line-a-e11,33.2012421,-116.1532387,180.0,line-a-e12,33.2014015,-116.1530491,180.0,line-a-e13,33.2015609,-116.1528595,180.0,line-a-e14,33.2017203,-116.1526699,180.0,2026-08-17T15:54:00Z,dipole-dipole,1,6,1.662,481.4,206.343,9.675,0.00343,0.00077,0.00558;0.00476;0.00499;0.00430;0.00386;0.00330;0.00275;0.00256;0.00171;0.00125,
line-a-r00571,line-a,line-a-e11,33.2012421,-116.1532387,180.0,line-a-e12,33.2014015,-116.1530491,180.0,line-a-e13,33.2015609,-116.1528595,180.0,line-a-e14,33.2017203,-116.1526699,180.0,2026-08-17T15:54:12Z,dipole-dipole,1,8,1.566,510.8,208.785,7.392,0.00489,0.00094,0.00808;0.00661;0.00648;0.00591;0.00533;0.00463;0.00391;0.00288;0.00201;0.00174,
line-a-r00572,line-a,line-a-e11,33.2012421,-116.1532387,180.0,line-a-e12,33.2014015,-116.1530491,180.0,line-a-e13,33.2015609,-116.1528595,180.0,line-a-e14,33.2017203,-116.1526699,180.0,2026-08-17T15:54:24Z,dipole-dipole,1,8,1.782,449.0,205.713,7.848,0.00470,0.00095,0.00775;0.00670;0.00606;0.00605;0.00525;0.00491;0.00356;0.00283;0.00244;0.00176,
line-a-r00573,line-a,line-a-e11,33.2012421,-116.1532387,180.0,line-a-e12,33.2014015,-116.1530491,180.0,line-a-e13,33.2015609,-116.1528595,180.0,line-a-e14,33.2017203,-116.1526699,180.0,2026-08-17T15:54:36Z,dipole-dipole,1,4,1.637,488.7,207.697,6.498,0.00290,0.00094,0.00430;0.00447;0.00373;0.00383;0.00296;0.00298;0.00216;0.00200;0.00132;0.00090,
line-a-r00574,line-a,line-a-e11,33.2012421,-116.1532387,180.0,line-a-e12,33.2014015,-116.1530491,180.0,line-a-e14,33.2017203,-116.1526699,180.0,line-a-e15,33.2018797,-116.1524803,180.0,2026-08-17T15:54:48Z,dipole-dipole,2,3,1.486,538.4,210.752,8.945,0.00543,0.00100,0.00920;0.00852;0.00754;0.00752;0.00644;0.00492;0.00423;0.00325;0.00294;0.00196,
line-a-r00575,line-a,line-a-e11,33.2012421,-116.1532387,180.0,line-a-e12,33.2014015,-116.1530491,180.0,line-a-e14,33.2017203,-116.1526699,180.0,line-a-e15,33.2018797,-116.1524803,180.0,2026-08-17T15:55:00Z,dipole-dipole,2,8,1.634,489.7,194.543,9.418,0.00504,0.00088,0.00815;0.00668;0.00660;0.00655;0.00548;0.00466;0.00411;0.00295;0.00278;0.00180,
line-a-r00576,line-a,line-a-e11,33.2012421,-116.1532387,180.0,line-a-e12,33.2014015,-116.1530491,180.0,line-a-e14,33.2017203,-116.1526699,180.0,line-a-e15,33.2018797,-116.1524803,180.0,2026-08-17T15:55:12Z,dipole-dipole,2,4,1.892,422.7,199.904,7.517,0.00405,0.00116,0.00645;0.00610;0.00582;0.00517;0.00445;0.00413;0.00350;0.00261;0.00177;0.00144,
line-a-r00577,line-a,line-a-e11,33.2012421,-116.1532387,180.0,line-a-e12,33.2014015,-116.1530491,180.0,line-a-e14,33.2017203,-116.1526699,180.0,line-a-e15,33.2018797,-116.1524803,180.0,2026-08-17T15:55:24Z,dipole-dipole,2,7,1.802,443.9,198.821,7.528,0.00417,0.00104,0.00623;0.00595;0.00538;0.00517;0.00428;0.00385;0.00324;0.00241;0.00186;0.00154,
line-a-r00578,line-a,line-a-e11,33.2012421,-116.1532387,180.0,line-a-e12,33.2014015,-116.1530491,180.0,line-a-e14,33.2017203,-116.1526699,180.0,line-a-e15,33.2018797,-116.1524803,180.0,2026-08-17T15:55:36Z,dipole-dipole,2,5,1.568,510.2,192.492,8.243,0.00607,0.00129,0.00983;0.00911;0.00767;0.00786;0.00622;0.00543;0.00452;0.00397;0.00301;0.00220,
line-a-r00579,line-a,line-a-e11,33.2012421,-116.1532387,180.0,line-a-e12,33.2014015,-116.1530491,180.0,line-a-e14,33.2017203,-116.1526699,180.0,line-a-e15,33.2018797,-116.1524803,180.0,2026-08-17T15:55:48Z,dipole-dipole,2,7,1.576,507.6,195.123,8.440,0.00351,0.00115,0.00579;0.00502;0.00465;0.00474;0.00381;0.00288;0.00292;0.00226;0.00175;0.00141,
line-a-r00580,line-a,line-a-e11,33.2012421,-116.1532387,180.0,line-a-e12,33.2014015,-116.1530491,180.0,line-a-e15,33.2018797,-116.1524803,180.0,line-a-e16,33.2020391,-116.1522907,180.0,2026-08-17T15:56:00Z,dipole-dipole,3,7,1.894,422.4,190.941,7.252,0.00744,0.00106,0.01119;0.01165;0.00919;0.00974;0.00823;0.00765;0.00537;0.00483;0.00346;0.00252,
line-a-r00581,line-a,line-a-e11,33.2012421,-116.1532387,180.0,line-a-e12,33.2014015,-116.1530491,180.0,line-a-e15,33.2018797,-116.1524803,180.0,line-a-e16,33.2020391,-116.1522907,180.0,2026-08-17T15:56:12Z,dipole-dipole,3,4,1.353,591.4,204.646,6.630,0.00551,0.00097,0.00886;0.00868;0.00774;0.00679;0.00579;0.00516;0.00429;0.00373;0.00252;0.00231,
line-a-r00582,line-a,line-a-e11,33.2012421,-116.1532387,180.0,line-a-e12,33.2014015,-116.1530491,180.0,line-a-e15,33.2018797,-116.1524803,180.0,line-a-e16,33.2020391,-116.1522907,180.0,2026-08-17T15:56:24Z,dipole-dipole,3,7,1.740,459.8,180.829,6.359,0.00556,0.00981,0.00811;0.00798;0.00780;0.00727;0.00583;0.00524;0.00449;0.00369;0.00282;0.00205,
line-a-r00583,line-a,line-a-e11,33.2012421,-116.1532387,180.0,line-a-e12,33.2014015,-116.1530491,180.0,line-a-e15,33.2018797,-116.1524803,180.0,line-a-e16,33.2020391,-116.1522907,180.0,2026-08-17T15:56:36Z,dipole-dipole,3,5,1.290,619.9,198.718,7.817,0.00438,0.00111,0.00651;0.00649;0.00648;0.00505;0.00444;0.00439;0.00357;0.00288;0.00209;0.00142,
line-a-r00584,line-a,line-a-e11,33.2012421,-116.1532387,180.0,line-a-e12,33.2014015,-116.1530491,180.0,line-a-e15,33.2018797,-116.1524803,180.0,line-a-e16,33.2020391,-116.1522907,180.0,2026-08-17T15:56:48Z,dipole-dipole,3,7,1.458,548.9,181.385,8.961,0.00706,0.00098,0.01159;0.00999;0.01045;0.01008;0.00801;0.00742;0.00523;0.00463;0.00331;0.00256,
line-a-r00585,line-a,line-a-e11,33.2012421,-116.1532387,180.0,line-a-e12,33.2014015,-116.1530491,180.0,line-a-e15,33.2018797,-116.1524803,180.0,line-a-e16,33.2020391,-116.1522907,180.0,2026-08-17T15:57:00Z,dipole-dipole,3,6,1.787,447.6,186.411,6.894,0.00336,0.00093,0.00517;0.00536;0.00420;0.00386;0.00389;0.00317;0.00273;0.00208;0.00165;0.00106,
line-a-r00586,line-a,line-a-e11,33.2012421,-116.1532387,180.0,line-a-e12,33.2014015,-116.1530491,180.0,line-a-e15,33.2018797,-116.1524803,180.0,line-a-e16,33.2020391,-116.1522907,180.0,2026-08-17T15:57:12Z,dipole-dipole,3,8,1.626,491.9,183.259,8.176,0.00578,0.00125,0.00898;0.00855;0.00853;0.00719;0.00620;0.00533;0.00461;0.00395;0.00272;0.00192,
line-a-r00587,line-a,line-a-e11,33.2012421,-116.1532387,180.0,line-a-e12,33.2014015,-116.1530491,180.0,line-a-e15,33.2018797,-116.1524803,180.0,line-a-e16,33.2020391,-116.1522907,180.0,2026-08-17T15:57:24Z,dipole-dipole,3,7,1.572,508.8,191.998,6.724,0.00517,0.00097,0.00774;0.00762;0.00795;0.00653;0.00577;0.00523;0.00435;0.00326;0.00258;0.00192,
line-a-r00588,line-a,line-a-e11,33.2012421,-116.1532387,180.0,line-a-e12,33.2014015,-116.1530491,180.0,line-a-e16,33.2020391,-116.1522907,180.0,line-a-e17,33.2021985,-116.1521011,180.0,2026-08-17T15:57:36Z,dipole-dipole,4,3,1.502,532.6,159.816,5.010,0.00825,0.00119,0.01339;0.01261;0.01107;0.00976;0.00921;0.00720;0.00646;0.00523;0.00424;0.00281,
line-a-r00589,line-a,line-a-e11,33.2012421,-116.1532387,180.0,line-a-e12,33.2014015,-116.1530491,180.0,line-a-e16,33.2020391,-116.1522907,180.0,line-a-e17,33.2021985,-116.1521011,180.0,2026-08-17T15:57:48Z,dipole-dipole,4,6,1.678,476.9,165.711,6.432,0.00756,0.00089,0.01241;0.01206;0.01138;0.00948;0.00797;0.00704;0.00606;0.00540;0.00341;0.00276,
line-a-r00590,line-a,line-a-e11,33.2012421,-116.1532387,180.0,line-a-e12,33.2014015,-116.1530491,180.0,line-a-e16,33.2020391,-116.1522907,180.0,line-a-e17,33.2021985,-116.1521011,180.0,2026-08-17T15:58:00Z,dipole-dipole,4,8,1.807,442.7,166.087,5.718,0.00946,0.00117,0.01485;0.01420;0.01372;0.01152;0.01004;0.00975;0.00683;0.00586;0.00461;0.00314,
line-a-r00591,line-a,line-a-e11,33.2012421,-116.1532387,180.0,line-a-e12,33.2014015,-116.1530491,180.0,line-a-e16,33.2020391,-116.1522907,180.0,line-a-e17,,,,2026-08-17T15:58:12Z,dipole-dipole,4,7,1.650,485.0,170.681,4.293,0.00485,0.00107,0.00803;0.00656;0.00675;0.00545;0.00518;0.00466;0.00369;0.00288;0.00262;0.00165,
line-a-r00592,line-a,line-a-e11,33.2012421,-116.1532387,180.0,line-a-e12,33.2014015,-116.1530491,180.0,line-a-e16,33.2020391,-116.1522907,180.0,line-a-e17,33.2021985,-116.1521011,180.0,2026-08-17T15:58:24Z,dipole-dipole,4,8,1.769,452.3,178.039,7.615,0.00638,0.00126,0.01009;0.00935;0.00856;0.00762;0.00745;0.00578;0.00547;0.00384;0.00271;0.00227,
line-a-r00593,line-a,line-a-e11,33.2012421,-116.1532387,180.0,line-a-e12,33.2014015,-116.1530491,180.0,line-a-e16,33.2020391,-116.1522907,180.0,line-a-e17,33.2021985,-116.1521011,180.0,2026-08-17T15:58:36Z,dipole-dipole,4,5,1.280,625.0,175.443,5.968,0.00669,0.00124,0.00983;0.01009;0.00859;0.00863;0.00780;0.00615;0.00538;0.00417;0.00314;0.00228,
line-a-r00594,line-a,line-a-e11,33.2012421,-116.1532387,180.0,line-a-e12,33.2014015,-116.1530491,180.0,line-a-e16,33.2020391,-116.1522907,180.0,line-a-e17,33.2021985,-116.1521011,180.0,2026-08-17T15:58:48Z,dipole-dipole,4,7,1.831,436.8,166.035,7.684,0.00807,0.00112,0.01299;0.01190;0.01093;0.00929;0.00878;0.00819;0.00677;0.00523;0.00388;0.00259,
line-a-r00595,line-a,line-a-e11,33.2012421,-116.1532387,180.0,line-a-e12,33.2014015,-116.1530491,180.0,line-a-e16,33.2020391,-116.1522907,180.0,line-a-e17,33.2021985,-116.1521011,180.0,2026-08-17T15:59:00Z,dipole-dipole,4,8,1.384,577.9,163.902,5.657,0.00662,0.00122,0.01097;0.01029;0.00905;0.00734;0.00694;0.00527;0.00526;0.00392;0.00323;0.00253,
line-a-r00596,line-a,line-a-e11,33.2012421,-116.1532387,180.0,line-a-e12,33.2014015,-116.1530491,180.0,line-a-e17,33.2021985,-116.1521011,180.0,line-a-e18,33.2023579,-116.1519116,180.0,2026-08-17T15:59:12Z,dipole-dipole,5,6,1.714,466.8,141.173,6.743,0.01099,0.00124,0.01834;0.01784;0.01333;0.01335;0.01365;0.01073;0.01007;0.00712;0.00534;0.00360,
line-a-r00597,line-a,line-a-e11,33.2012421,-116.1532387,180.0,line-a-e12,33.2014015,-116.1530491,180.0,line-a-e17,33.2021985,-116.1521011,180.0,line-a-e18,33.2023579,-116.1519116,180.0,2026-08-17T15:59:24Z,dipole-dipole,5,3,2.000,362.0,141.834,6.339,0.01057,0.00143,0.01801;0.01540;0.01338;0.01284;0.01142;0.01080;0.00831;0.00728;0.00467;0.00415,
line-a-r00598,line-a,line-a-e11,33.2012421,-116.1532387,180.0,line-a-e12,33.2014015,-116.1530491,180.0,line-a-e17,33.2021985,-116.1521011,180.0,line-a-e18,33.2023579,-116.1519116,180.0,2026-08-17T15:59:36Z,dipole-dipole,5,3,1.449,552.0,135.838,6.429,0.01118,0.00138,0.01744;0.01684;0.01485;0.01431;0.01171;0.01054;0.00850;0.00713;0.00530;0.00353,
line-a-r00599,line-a,line-a-e11,33.2012421,-116.1532387,180.0,line-a-e12,33.2014015,-116.1530491,180.0,line-a-e17,33.2021985,-116.1521011,180.0,line-a-e18,33.2023579,-116.1519116,180.0,2026-08-17T15:59:48Z,dipole-dipole,5,3,1.615,495.5,136.544,4.980,0.01161,0.00139,0.01812;0.01784;0.01523;0.01498;0.01298;0.01035;0.00946;0.00724;0.00523;0.00391,
line-a-r00600,line-a,line-a-e11,33.2012421,-116.1532387,180.0,line-a-e12,33.2014015,-116.1530491,180.0,line-a-e17,33.2021985,-116.1521011,180.0,line-a-e18,33.2023579,-116.1519116,180.0,2026-08-17T16:00:00Z,dipole-dipole,5,5,1.510,529.7,142.553,184.984,0.00869,0.00135,0.01232;0.01201;0.01305;0.01063;0.00955;0.00829;0.00702;0.00615;0.00400;0.00314,
line-a-r00601,line-a,line-a-e11,33.2012421,-116.1532387,180.0,line-a-e12,33.2014015,-116.1530491,180.0,line-a-e17,33.2021985,-116.1521011,180.0,line-a-e18,33.2023579,-116.1519116,180.0,2026-08-17T16:00:12Z,dipole-dipole,5,3,1.739,460.2,136.923,5.774,0.00980,0.00085,0.01462;0.01451;0.01266;0.01290;0.01115;0.00813;0.00753;0.00703;0.00440;0.00320,
line-a-r00602,line-a,line-a-e11,33.2012421,-116.1532387,180.0,line-a-e12,33.2014015,-116.1530491,180.0,line-a-e17,33.2021985,-116.1521011,180.0,line-a-e18,33.2023579,-116.1519116,180.0,2026-08-17T16:00:24Z,dipole-dipole,5,7,1.421,563.0,138.747,6.791,0.01279,0.00105,0.01985;0.02029;0.01732;0.01663;0.01367;0.01331;0.00986;0.00810;0.00623;0.00425,
line-a-r00603,line-a,line-a-e11,33.2012421,-116.1532387,180.0,line-a-e12,33.2014015,-116.1530491,180.0,line-a-e18,33.2023579,-116.1519116,180.0,line-a-e19,33.2025172,-116.1517220,180.0,2026-08-17T16:00:36Z,dipole-dipole,6,5,1.680,476.3,118.991,5.786,0.01400,0.00154,0.02167;0.02058;0.01778;0.01810;0.01511;0.01315;0.01076;0.00975;0.00678;0.00514,
line-a-r00604,line-a,line-a-e11,33.2012421,-116.1532387,180.0,line-a-e12,33.2014015,-116.1530491,180.0,line-a-e18,33.2023579,-116.1519116,180.0,line-a-e19,33.2025172,-116.1517220,180.0,2026-08-17T16:00:48Z,dipole-dipole,6,3,1.634,489.7,126.568,4.764,0.01697,0.00154,0.02846;0.02526;0.02370;0.01982;0.01987;0.01663;0.01361;0.01023;0.00900;0.00567,
line-a-r00605,line-a,line-a-e11,33.2012421,-116.1532387,180.0,line-a-e12,33.2014015,-116.1530491,180.0,line-a-e18,33.2023579,-116.1519116,180.0,line-a-e19,33.2025172,-116.1517220,180.0,2026-08-17T16:01:00Z,dipole-dipole,6,7,1.958,408.5,119.830,5.061,0.01484,0.00157,0.02348;0.02459;0.02080;0.01780;0.01573;0.01476;0.01235;0.00948;0.00662;0.00543,
line-a-r00606,line-a,line-a-e11,33.2012421,-116.1532387,180.0,line-a-e12,33.2014015,-116.1530491,180.0,line-a-e18,33.2023579,-116.1519116,180.0,line-a-e19,33.2025172,-116.1517220,180.0,2026-08-17T16:01:12Z,dipole-dipole,6,5,1.920,416.6,123.502,4.834,0.01421,0.00180,0.02111;0.01991;0.02128;0.01792;0.01670;0.01321;0.01108;0.00966;0.00750;0.00462,
line-a-r00607,line-a,line-a-e11,33.2012421,-116.1532387,180.0,line-a-e12,33.2014015,-116.1530491,180.0,line-a-e18,33.2023579,-116.1519116,180.0,line-a-e19,33.2025172,-116.1517220,180.0,2026-08-17T16:01:24Z,dipole-dipole,6,5,1.531,522.6,124.361,5.503,0.01489,0.00170,0.02447;0.02204;0.02015;0.01739;0.01549;0.01558;0.01231;0.00930;0.00729;0.00496,
line-a-r00608,line-a,line-a-e11,33.2012421,-116.1532387,180.0,line-a-e12,33.2014015,-116.1530491,180.0,line-a-e18,33.2023579,-116.1519116,180.0,line-a-e19,33.2025172,-116.1517220,180.0,2026-08-17T16:01:36Z,dipole-dipole,6,7,1.541,519.0,129.010,5.349,0.01352,0.00233,0.02388;0.01964;0.01791;0.01743;0.01476;0.01267;0.01070;0.00863;0.00636;0.00456,
line-a-r00609,line-a,line-a-e11,33.2012421,-116.1532387,180.0,line-a-e12,33.2014015,-116.1530491,180.0,line-a-e18,33.2023579,-116.1519116,180.0,line-a-e19,33.2025172,-116.1517220,180.0,2026-08-17T16:01:48Z,dipole-dipole,6,4,1.417,564.5,128.166,4.623,0.01310,0.00117,0.02060;0.02068;0.01864;0.01489;0.01514;0.01368;0.00958;0.00805;0.00584;0.00467,
line-a-r00610,line-a,line-a-e11,33.2012421,-116.1532387,180.0,line-a-e12,33.2014015,-116.1530491,180.0,line-a-e19,33.2025172,-116.1517220,180.0,line-a-e20,33.2026766,-116.1515324,180.0,2026-08-17T16:02:00Z,dipole-dipole,7,3,1.599,500.4,109.274,4.521,0.01736,0.00177,0.02983;0.02659;0.02396;0.02204;0.01687;0.01570;0.01444;0.01035;0.00938;0.00605,
line-a-r00611,line-a,line-a-e11,33.2012421,-116.1532387,180.0,line-a-e12,33.2014015,-116.1530491,180.0,line-a-e19,33.2025172,-116.1517220,180.0,line-a-e20,33.2026766,-116.1515324,180.0,2026-08-17T16:02:12Z,dipole-dipole,7,5,1.645,486.5,103.202,4.274,0.01881,0.00179,0.03059;0.02938;0.02589;0.02547;0.01993;0.01853;0.01537;0.01185;0.01014;0.00654,
line-a-r00612,line-a,line-a-e11,33.2012421,-116.1532387,180.0,line-a-e12,33.2014015,-116.1530491,180.0,line-a-e19,33.2025172,-116.1517220,180.0,line-a-e20,33.2026766,-116.1515324,180.0,2026-08-17T16:02:24Z,dipole-dipole,7,5,1.428,560.1,113.396,4.516,0.01800,0.00195,0.02865;0.02653;0.02644;0.02129;0.01853;0.01666;0.01557;0.01076;0.00796;0.00565,
line-a-r00613,line-a,line-a-e11,33.2012421,-116.1532387,180.0,line-a-e12,33.2014015,-116.1530491,180.0,line-a-e19,33.2025172,-116.1517220,180.0,line-a-e20,33.2026766,-116.1515324,180.0,2026-08-17T16:02:36Z,dipole-dipole,7,6,1.708,468.3,109.407,3.965,0.01802,0.00181,0.02754;0.02825;0.02593;0.02180;0.01942;0.01793;0.01401;0.01206;0.00890;0.00642,
line-a-r00614,line-a,line-a-e11,33.2012421,-116.1532387,180.0,line-a-e12,33.2014015,-116.1530491,180.0,line-a-e19,33.2025172,-116.1517220,180.0,line-a-e20,33.2026766,-116.1515324,180.0,2026-08-17T16:02:48Z,dipole-dipole,7,5,2.000,366.2,113.925,4.757,0.01763,0.00168,0.02713;0.02638;0.02320;0.02328;0.01855;0.01808;0.01559;0.01352;0.00819;0.00619,
line-a-r00615,line-a,line-a-e11,33.2012421,-116.1532387,180.0,line-a-e12,33.2014015,-116.1530491,180.0,line-a-e19,33.2025172,-116.1517220,180.0,line-a-e20,33.2026766,-116.1515324,180.0,2026-08-17T16:03:00Z,dipole-dipole,7,8,1.449,552.1,111.038,4.596,0.02137,0.00151,0.03480;0.03263;0.03019;0.02907;0.02366;0.01882;0.01709;0.01451;0.01096;0.00808,
line-a-r00616,line-a,line-a-e12,33.2014015,-116.1530491,180.0,line-a-e13,33.2015609,-116.1528595,180.0,line-a-e14,33.2017203,-116.1526699,180.0,line-a-e15,33.2018797,-116.1524803,180.0,2026-08-17T16:03:12Z,dipole-dipole,1,6,1.270,629.9,202.853,8.522,0.00561,0.00109,0.00984;0.00759;0.00788;0.00643;0.00661;0.00561;0.00471;0.00348;0.00268;0.00179,
line-a-r00617,line-a,line-a-e12,33.2014015,-116.1530491,180.0,line-a-e13,33.2015609,-116.1528595,180.0,line-a-e14,33.2017203,-116.1526699,180.0,line-a-e15,33.2018797,-116.1524803,180.0,2026-08-17T16:03:24Z,dipole-dipole,1,3,1.205,663.7,220.574,8.491,0.00483,0.00107,0.00751;0.00802;0.00669;0.00605;0.00558;0.00432;0.00367;0.00321;0.00204;0.00153,
line-a-r00618,line-a,line-a-e12,33.2014015,-116.1530491,180.0,line-a-e13,33.2015609,-116.1528595,180.0,line-a-e14,33.2017203,-116.1526699,180.0,line-a-e15,33.2018797,-116.1524803,180.0,2026-08-17T16:03:36Z,dipole-dipole,1,7,0.924,866.1,206.697,8.993,0.00429,0.00121,0.00623;0.00612;0.00614;0.00546;0.00434;0.00370;0.00327;0.00281;0.00200;0.00153,
line-a-r00619,line-a,line-a-e12,33.2014015,-116.1530491,180.0,line-a-e13,33.2015609,-116.1528595,180.0,line-a-e14,33.2017203,-116.1526699,180.0,line-a-e15,33.2018797,-116.1524803,180.0,2026-08-17T16:03:48Z,dipole-dipole,1,6,1.162,688.3,199.870,6.666,0.00468,0.00110,0.00728;0.00798;0.00634;0.00550;0.00533;0.00505;0.00389;0.00282;0.00244;0.00167,
line-a-r00620,line-a,line-a-e12,33.2014015,-116.1530491,180.0,line-a-e13,33.2015609,-116.1528595,180.0,line-a-e14,33.2017203,-116.1526699,180.0,line-a-e15,33.2018797,-116.1524803,180.0,2026-08-17T16:04:00Z,dipole-dipole,1,8,1.035,772.8,215.275,8.763,0.00469,0.00101,0.00703;0.00777;0.00632;0.00595;0.00464;0.00489;0.00353;0.00303;0.00229;0.00177,
line-a-r00621,line-a,line-a-e12,33.2014015,-116.1530491,180.0,line-a-e13,33.2015609,-116.1528595,180.0,line-a-e14,33.2017203,-116.1526699,180.0,line-a-e15,33.2018797,-116.1524803,180.0,2026-08-17T16:04:12Z,dipole-dipole,1,4,1.218,656.9,206.511,7.874,0.00422,0.00088,0.00675;0.00576;0.00561;0.00513;0.00483;0.00383;0.00311;0.00269;0.00201;0.00155,
line-a-r00622,line-a,line-a-e12,33.2014015,-116.1530491,180.0,line-a-e13,33.2015609,-116.1528595,180.0,line-a-e15,33.2018797,-116.1524803,180.0,line-a-e16,33.2020391,-116.1522907,180.0,2026-08-17T16:04:24Z,dipole-dipole,2,6,1.257,636.4,195.438,5.700,0.00591,0.00140,0.00942;0.00819;0.00807;0.00737;0.00631;0.00546;0.00507;0.00361;0.00277;0.00176,
line-a-r00623,line-a,line-a-e12,33.2014015,-116.1530491,180.0,line-a-e13,33.2015609,-116.1528595,180.0,line-a-e15,33.2018797,-116.1524803,180.0,line-a-e16,33.2020391,-116.1522907,180.0,2026-08-17T16:04:36Z,dipole-dipole,2,5,1.042,767.9,193.341,8.351,0.00468,0.00091,0.00772;0.00691;0.00677;0.00609;0.00581;0.00440;0.00365;0.00300;0.00212;0.00190,
line-a-r00624,line-a,line-a-e12,33.2014015,-116.1530491,180.0,line-a-e13,33.2015609,-116.1528595,180.0,line-a-e15,33.2018797,-116.1524803,180.0,line-a-e16,33.2020391,-116.1522907,180.0,2026-08-17T16:04:48Z,dipole-dipole,2,3,0.982,814.3,202.577,8.218,0.00362,0.00068,0.00584;0.00572;0.00455;0.00504;0.00418;0.00331;0.00275;0.00231;0.00188;0.00132,
line-a-r00625,line-a,line-a-e12,33.2014015,-116.1530491,180.0,line-a-e13,33.2015609,-116.1528595,180.0,line-a-e15,33.2018797,-116.1524803,180.0,line-a-e16,33.2020391,-116.1522907,180.0,2026-08-17T16:05:00Z,dipole-dipole,2,5,1.185,675.1,-221.968,7.558,0.00214,0.00091,0.00335;0.00317;0.00303;0.00229;0.00233;0.00211;0.00171;0.00148;0.00100;0.00073,
line-a-r00626,line-a,line-a-e12,33.2014015,-116.1530491,180.0,line-a-e13,33.2015609,-116.1528595,180.0,line-a-e15,33.2018797,-116.1524803,180.0,line-a-e16,33.2020391,-116.1522907,180.0,2026-08-17T16:05:12Z,dipole-dipole,2,3,1.006,795.1,208.442,6.862,0.00505,0.00094,0.00836;0.00786;0.00655;0.00656;0.00570;0.00463;0.00374;0.00328;0.00242;0.00181,
line-a-r00627,line-a,line-a-e12,33.2014015,-116.1530491,180.0,line-a-e13,33.2015609,-116.1528595,180.0,line-a-e15,33.2018797,-116.1524803,180.0,line-a-e16,33.2020391,-116.1522907,180.0,2026-08-17T16:05:24Z,dipole-dipole,2,4,1.067,749.5,190.133,8.620,0.00374,0.00107,0.00142;0.00176;0.00241;0.00301;0.00371;0.00394;0.00468;0.00455;0.00571;0.00680,
line-a-r00628,line-a,line-a-e12,33.2014015,-116.1530491,180.0,line-a-e13,33.2015609,-116.1528595,180.0,line-a-e15,33.2018797,-116.1524803,180.0,line-a-e16,33.2020391,-116.1522907,180.0,2026-08-17T16:05:36Z,dipole-dipole,2,6,1.748,457.6,-290.073,7.412,0.00436,0.00093,0.00693;0.00628;0.00615;0.00494;0.00482;0.00435;0.00320;0.00256;0.00245;0.00143,
line-a-r00629,line-a,line-a-e12,33.2014015,-116.1530491,180.0,line-a-e13,33.2015609,-116.1528595,180.0,line-a-e15,33.2018797,-116.1524803,180.0,line-a-e16,33.2020391,-116.1522907,180.0,2026-08-17T16:05:48Z,dipole-dipole,2,5,1.085,737.6,196.948,7.740,0.00249,0.00068,0.00396;0.00415;0.00338;0.00320;0.00264;0.00246;0.00198;0.00165;0.00123;0.00090,
line-a-r00630,line-a,line-a-e12,33.2014015,-116.1530491,180.0,line-a-e13,33.2015609,-116.1528595,180.0,line-a-e16,33.2020391,-116.1522907,180.0,line-a-e17,33.2021985,-116.1521011,180.0,2026-08-17T16:06:00Z,dipole-dipole,3,6,0.976,820.0,189.621,9.020,0.00571,0.00110,0.00906;0.00852;0.00787;0.00773;0.00613;0.00488;0.00442;0.00347;0.00287;0.00210,
line-a-r00631,line-a,line-a-e12,33.2014015,-116.1530491,180.0,line-a-e13,33.2015609,-116.1528595,180.0,line-a-e16,33.2020391,-116.1522907,180.0,line-a-e17,33.2021985,-116.1521011,180.0,2026-08-17T16:06:12Z,dipole-dipole,3,4,0.956,836.7,192.683,7.158,0.00457,0.00122,0.00629;0.00618;0.00636;0.00637;0.00459;0.00439;0.00373;0.00268;0.00222;0.00164,
line-a-r00632,line-a,line-a-e12,33.2014015,-116.1530491,180.0,line-a-e13,33.2015609,-116.1528595,180.0,line-a-e16,33.2020391,-116.1522907,180.0,line-a-e17,33.2021985,-116.1521011,180.0,2026-08-17T16:06:24Z,dipole-dipole,3,5,1.101,726.6,180.753,7.798,0.00292,0.00154,0.00443;0.00419;0.00366;0.00350;0.00284;0.00275;0.00234;0.00176;0.00143;0.00095,
line-a-r00633,line-a,line-a-e12,33.2014015,-116.1530491,180.0,line-a-e13,33.2015609,-116.1528595,180.0,line-a-e16,33.2020391,-116.1522907,180.0,line-a-e17,33.2021985,-116.1521011,180.0,2026-08-17T16:06:36Z,dipole-dipole,3,5,0.822,972.8,193.755,7.671,0.00437,0.00138,0.00778;0.00625;0.00602;0.00492;0.00464;0.00407;0.00326;0.00299;0.00226;0.00155,
line-a-r00634,line-a,line-a-e12,33.2014015,-116.1530491,180.0,line-a-e13,33.2015609,-116.1528595,180.0,line-a-e16,33.2020391,-116.1522907,180.0,line-a-e17,33.2021985,-116.1521011,180.0,2026-08-17T16:06:48Z,dipole-dipole,3,8,1.056,757.8,185.288,6.642,0.00552,0.00120,0.00920;0.00784;0.00624;0.00724;0.00579;0.00513;0.00464;0.00343;0.00264;0.00181,
line-a-r00635,line-a,line-a-e12,33.2014015,-116.1530491,180.0,line-a-e13,33.2015609,-116.1528595,180.0,line-a-e16,33.2020391,-116.1522907,180.0,line-a-e17,33.2021985,-116.1521011,180.0,2026-08-17T16:07:00Z,dipole-dipole,3,5,1.194,670.2,186.051,6.699,0.00742,0.00164,0.01135;0.01031;0.00962;0.00912;0.00830;0.00640;0.00537;0.00437;0.00354;0.00274,
line-a-r00636,line-a,line-a-e12,33.2014015,-116.1530491,180.0,line-a-e13,33.2015609,-116.1528595,180.0,line-a-e16,33.2020391,-116.1522907,180.0,line-a-e17,33.2021985,-116.1521011,180.0,2026-08-17T16:07:12Z,dipole-dipole,3,6,0.999,800.7,189.492,8.854,0.00494,0.00077,0.00792;0.00735;0.00701;0.00602;0.00521;0.00510;0.00407;0.00346;0.00238;0.00180,
line-a-r00637,line-a,line-a-e12,33.2014015,-116.1530491,180.0,line-a-e13,33.2015609,-116.1528595,180.0,line-a-e16,33.2020391,-116.1522907,180.0,line-a-e17,33.2021985,-116.1521011,180.0,2026-08-17T16:07:24Z,dipole-dipole,3,7,0.989,808.5,182.631,8.342,0.00345,0.00115,0.00512;0.00482;0.00451;0.00403;0.00357;0.00334;0.00265;0.00225;0.00174;0.00128,
line-a-r00638,line-a,line-a-e12,33.2014015,-116.1530491,180.0,line-a-e13,33.2015609,-116.1528595,180.0,line-a-e17,33.2021985,-116.1521011,180.0,line-a-e18,33.2023579,-116.1519116,180.0,2026-08-17T16:07:36Z,dipole-dipole,4,5,1.142,700.4,161.905,5.025,0.00817,0.00116,0.01267;0.01143;0.01145;0.01030;0.00956;0.00840;0.00638;0.00511;0.00400;0.00330,
line-a-r00639,line-a,line-a-e12,33.2014015,-116.1530491,180.0,line-a-e13,33.2015609,-116.1528595,180.0,line-a-e17,33.2021985,-116.1521011,180.0,line-a-e18,33.2023579,-116.1519116,180.0,2026-08-17T16:07:48Z,dipole-dipole,4,7,0.959,834.4,159.061,5.307,0.00643,0.00135,0.00990;0.00943;0.00839;0.00680;0.00676;0.00595;0.00489;0.00416;0.00264;0.00229,
line-a-r00640,line-a,line-a-e12,33.2014015,-116.1530491,180.0,line-a-e13,33.2015609,-116.1528595,180.0,line-a-e17,33.2021985,-116.1521011,180.0,line-a-e18,33.2023579,-116.1519116,180.0,2026-08-17T16:08:00Z,dipole-dipole,4,3,1.096,729.9,166.312,6.802,0.00739,0.00119,0.01154;0.01005;0.01111;0.00954;0.00848;0.00636;0.00608;0.00468;0.00360;0.00266,
line-a-r00641,line-a,line-a-e12,33.2014015,-116.1530491,180.0,line-a-e13,33.2015609,-116.1528595,180.0,line-a-e17,33.2021985,-116.1521011,180.0,line-a-e18,33.2023579,-116.1519116,180.0,2026-08-17T16:08:12Z,dipole-dipole,4,8,1.332,600.8,169.666,5.819,0.00795,0.00124,0.01379;0.01136;0.01086;0.00990;0.00842;0.00781;0.00612;0.00535;0.00378;0.00274,
line-a-r00642,line-a,line-a-e12,33.2014015,-116.1530491,180.0,line-a-e13,33.2015609,-116.1528595,180.0,line-a-e17,33.2021985,-116.1521011,180.0,line-a-e18,33.2023579,-116.1519116,180.0,2026-08-17T16:08:24Z,dipole-dipole,4,3,1.322,605.3,160.083,6.196,0.00742,0.00113,0.01211;0.01143;0.00968;0.00879;0.00841;0.00739;0.00568;0.00450;0.00353;0.00260,
line-a-r00643,line-a,line-a-e12,33.2014015,-116.1530491,180.0,line-a-e13,33.2015609,-116.1528595,180.0,line-a-e17,33.2021985,-116.1521011,180.0,line-a-e18,33.2023579,-116.1519116,180.0,2026-08-17T16:08:36Z,dipole-dipole,4,4,0.855,935.3,164.214,6.723,0.00691,0.00123,0.01152;0.00970;0.00940;0.00806;0.00747;0.00682;0.00540;0.00468;0.00333;0.00228,
line-a-r00644,line-a,line-a-e12,33.2014015,-116.1530491,180.0,line-a-e13,33.2015609,-116.1528595,180.0,line-a-e17,33.2021985,-116.1521011,180.0,line-a-e18,33.2023579,-116.1519116,180.0,2026-08-17T16:08:48Z,dipole-dipole,4,6,0.889,899.4,159.232,5.831,0.00663,0.00119,0.01080;0.01003;0.00876;0.00886;0.00744;0.00616;0.00532;0.00472;0.00332;0.00232,
line-a-r00645,line-a,line-a-e12,33.2014015,-116.1530491,180.0,line-a-e13,33.2015609,-116.1528595,180.0,line-a-e17,33.2021985,-116.1521011,180.0,line-a-e18,33.2023579,-116.1519116,180.0,2026-08-17T16:09:00Z,dipole-dipole,4,3,1.331,601.2,167.370,7.295,0.00705,0.00128,0.01079;0.01021;0.00976;0.00907;0.00751;0.00746;0.00508;0.00435;0.00317;0.00293,
line-a-r00646,line-a,line-a-e12,33.2014015,-116.1530491,180.0,line-a-e13,33.2015609,-116.1528595,180.0,line-a-e18,33.2023579,-116.1519116,180.0,line-a-e19,33.2025172,-116.1517220,180.0,2026-08-17T16:09:12Z,dipole-dipole,5,8,0.995,803.9,140.951,7.860,0.01163,0.00127,0.01985;0.01628;0.01543;0.01276;0.01280;0.00933;0.00849;0.00730;0.00718;0.00395,
line-a-r00647,line-a,line-a-e12,33.2014015,-116.1530491,180.0,line-a-e13,33.2015609,-116.1528595,180.0,line-a-e18,33.2023579,-116.1519116,180.0,line-a-e19,33.2025172,-116.1517220,180.0,2026-08-17T16:09:24Z,dipole-dipole,5,8,1.022,782.7,148.197,5.485,0.00948,0.00142,0.01363;0.01378;0.01381;0.01288;0.01114;0.00899;0.00736;0.00632;0.00461;0.00306,
line-a-r00648,line-a,line-a-e12,33.2014015,-116.1530491,180.0,line-a-e13,33.2015609,-116.1528595,180.0,line-a-e18,33.2023579,-116.1519116,180.0,line-a-e19,33.2025172,-116.1517220,180.0,2026-08-17T16:09:36Z,dipole-dipole,5,4,1.021,783.5,149.916,5.754,0.00845,0.00100,0.01243;0.01300;0.01121;0.01034;0.00951;0.00808;0.00653;0.00513;0.00428;0.00284,
line-a-r00649,line-a,line-a-e12,33.2014015,-116.1530491,180.0,line-a-e13,33.2015609,-116.1528595,180.0,line-a-e18,33.2023579,-116.1519116,180.0,line-a-e19,33.2025172,-116.1517220,180.0,2026-08-17T16:09:48Z,dipole-dipole,5,6,1.087,736.2,151.866,6.227,0.00983,0.00140,0.01669;0.01381;0.01451;0.01247;0.01088;0.00886;0.00718;0.00601;0.00446;0.00371,
line-a-r00650,line-a,line-a-e12,33.2014015,-116.1530491,180.0,line-a-e13,33.2015609,-116.1528595,180.0,line-a-e18,33.2023579,-116.1519116,180.0,line-a-e19,33.2025172,-116.1517220,180.0,2026-08-17T16:10:00Z,dipole-dipole,5,7,1.141,700.9,141.100,5.749,0.01240,0.00127,0.01948;0.01950;0.01519;0.01513;0.01386;0.01123;0.00990;0.00817;0.00573;0.00429,
line-a-r00651,line-a,line-a-e12,33.2014015,-116.1530491,180.0,line-a-e13,33.2015609,-116.1528595,180.0,line-a-e18,33.2023579,-116.1519116,180.0,line-a-e19,33.2025172,-116.1517220,180.0,2026-08-17T16:10:12Z,dipole-dipole,5,4,1.234,648.3,139.513,4.989,0.01079,0.00160,0.01606;0.01735;0.01458;0.01378;0.01184;0.00979;0.00860;0.00723;0.00499;0.00452,
line-a-r00652,line-a,line-a-e12,33.2014015,-116.1530491,180.0,line-a-e13,33.2015609,-116.1528595,180.0,line-a-e19,33.2025172,-116.1517220,180.0,line-a-e20,33.2026766,-116.1515324,180.0,2026-08-17T16:10:24Z,dipole-dipole,6,4,1.281,624.6,124.873,6.194,0.01881,0.00128,0.03129;0.02678;0.02508;0.02037;0.02126;0.01662;0.01427;0.01136;0.00923;0.00721,
line-a-r00653,line-a,line-a-e12,33.2014015,-116.1530491,180.0,line-a-e13,33.2015609,-116.1528595,180.0,line-a-e19,33.2025172,-116.1517220,180.0,line-a-e20,33.2026766,-116.1515324,180.0,2026-08-17T16:10:36Z,dipole-dipole,6,3,1.222,654.6,126.536,4.744,0.01636,0.00166,0.02542;0.02439;0.02309;0.01908;0.01777;0.01521;0.01284;0.01053;0.00771;0.00575,
line-a-r00654,line-a,line-a-e12,33.2014015,-116.1530491,180.0,line-a-e13,33.2015609,-116.1528595,180.0,line-a-e19,33.2025172,-116.1517220,180.0,line-a-e20,33.2026766,-116.1515324,180.0,2026-08-17T16:10:48Z,dipole-dipole,6,6,1.173,682.0,123.465,4.494,0.01443,0.00170,0.02319;0.02234;0.01919;0.01842;0.01543;0.01428;0.01283;0.00908;0.00704;0.00502,
line-a-r00655,line-a,line-a-e12,33.2014015,-116.1530491,180.0,line-a-e13,33.2015609,-116.1528595,180.0,line-a-e19,33.2025172,-116.1517220,180.0,line-a-e20,33.2026766,-116.1515324,180.0,2026-08-17T16:11:00Z,dipole-dipole,6,6,0.967,827.3,118.072,6.286,0.01551,0.00134,0.02741;0.02334;0.02175;0.01912;0.01702;0.01524;0.01188;0.00864;0.00778;0.00569,
line-a-r00656,line-a,line-a-e12,33.2014015,-116.1530491,180.0,line-a-e13,33.2015609,-116.1528595,180.0,line-a-e19,33.2025172,-116.1517220,180.0,line-a-e20,33.2026766,-116.1515324,180.0,2026-08-17T16:11:12Z,dipole-dipole,6,6,1.207,663.1,118.626,5.826,0.01579,0.00134,0.02296;0.02240;0.02024;0.02079;0.01801;0.01485;0.01304;0.00941;0.00738;0.00555,
line-a-r00657,line-a,line-a-e12,33.2014015,-116.1530491,180.0,line-a-e13,33.2015609,-116.1528595,180.0,line-a-e19,33.2025172,-116.1517220,180.0,line-a-e20,33.2026766,-116.1515324,180.0,2026-08-17T16:11:24Z,dipole-dipole,6,3,1.131,707.1,124.477,143.449,0.01606,0.00134,0.02250;0.02409;0.02558;0.01932;0.02049;0.01721;0.01248;0.01027;0.00783;0.00571,
line-a-r00658,line-a,line-a-e12,33.2014015,-116.1530491,180.0,line-a-e13,33.2015609,-116.1528595,180.0,line-a-e19,33.2025172,-116.1517220,180.0,line-a-e20,33.2026766,-116.1515324,180.0,2026-08-17T16:11:36Z,dipole-dipole,6,4,0.900,889.3,122.459,4.701,0.01465,0.00148,0.02376;0.02129;0.02031;0.01680;0.01661;0.01264;0.01287;0.00936;0.00699;0.00549,
line-a-r00659,line-a,line-a-e12,33.2014015,-116.1530491,180.0,line-a-e13,33.2015609,-116.1528595,180.0,line-a-e19,33.2025172,-116.1517220,180.0,line-a-e20,33.2026766,-116.1515324,180.0,2026-08-17T16:11:48Z,dipole-dipole,6,5,0.992,806.2,126.425,5.292,0.01518,0.00159,0.02329;0.02230;0.01898;0.02137;0.01475;0.01387;0.01276;0.00898;0.00804;0.00510,
line-a-r00660,line-a,line-a-e13,33.2015609,-116.1528595,180.0,line-a-e14,33.2017203,-116.1526699,180.0,line-a-e15,33.2018797,-116.1524803,180.0,line-a-e16,33.2020391,-116.1522907,180.0,2026-08-17T16:12:00Z,dipole-dipole,1,4,1.326,603.5,206.201,7.438,0.00365,0.00113,0.00585;0.00555;0.00444;0.00466;0.00416;0.00373;0.00300;0.00241;0.00188;0.00127,
line-a-r00661,line-a,line-a-e13,33.2015609,-116.1528595,180.0,line-a-e14,33.2017203,-116.1526699,180.0,line-a-e15,33.2018797,-116.1524803,180.0,line-a-e16,33.2020391,-116.1522907,180.0,2026-08-17T16:12:12Z,dipole-dipole,1,6,1.202,665.6,203.553,8.807,0.00724,0.00109,0.01033;0.01120;0.01072;0.00897;0.00752;0.00654;0.00636;0.00469;0.00306;0.00285,
line-a-r00662,line-a,line-a-e13,33.2015609,-116.1528595,180.0,line-a-e14,33.2017203,-116.1526699,180.0,line-a-e15,33.2018797,-116.1524803,180.0,line-a-e16,33.2020391,-116.1522907,180.0,2026-08-17T16:12:24Z,dipole-dipole,1,3,0.911,877.9,210.799,7.616,0.00448,0.00135,0.00629;0.00605;0.00627;0.00532;0.00507;0.00402;0.00345;0.00295;0.00222;0.00167,
line-a-r00663,line-a,line-a-e13,33.2015609,-116.1528595,180.0,line-a-e14,33.2017203,-116.1526699,180.0,line-a-e15,33.2018797,-116.1524803,180.0,line-a-e16,33.2020391,-116.1522907,180.0,2026-08-17T16:12:36Z,dipole-dipole,1,6,0.994,804.7,207.960,7.861,0.00653,0.00114,0.01067;0.00906;0.00834;0.00783;0.00721;0.00586;0.00527;0.00384;0.00339;0.00246,
line-a-r00664,line-a,line-a-e13,33.2015609,-116.1528595,180.0,line-a-e14,33.2017203,-116.1526699,180.0,line-a-e15,33.2018797,-116.1524803,180.0,line-a-e16,33.2020391,-116.1522907,180.0,2026-08-17T16:12:48Z,dipole-dipole,1,4,0.945,846.3,214.383,7.505,0.00339,0.00071,0.00588;0.00514;0.00469;0.00411;0.00348;0.00347;0.00278;0.00230;0.00150;0.00116,
line-a-r00665,line-a,line-a-e13,33.2015609,-116.1528595,180.0,line-a-e14,33.2017203,-116.1526699,180.0,line-a-e15,33.2018797,-116.1524803,180.0,line-a-e16,33.2020391,-116.1522907,180.0,2026-08-17T16:13:00Z,dipole-dipole,1,8,1.143,699.9,219.815,7.350,0.00454,0.00103,0.00731;0.00628;0.00625;0.00597;0.00467;0.00432;0.00352;0.00275;0.00237;0.00178,
line-a-r00666,line-a,line-a-e13,33.2015609,-116.1528595,180.0,line-a-e14,33.2017203,-116.1526699,180.0,line-a-e15,33.2018797,-116.1524803,180.0,line-a-e16,33.2020391,-116.1522907,180.0,2026-08-17T16:13:12Z,dipole-dipole,1,7,1.297,616.8,187.429,5.712,0.00463,0.00117,0.00752;0.00658;0.00656;0.00543;0.00521;0.00446;0.00339;0.00296;0.00240;0.00165,
line-a-r00667,line-a,line-a-e13,33.2015609,-116.1528595,180.0,line-a-e14,33.2017203,-116.1526699,180.0,line-a-e15,33.2018797,-116.1524803,180.0,line-a-e16,33.2020391,-116.1522907,180.0,2026-08-17T16:13:24Z,dipole-dipole,1,4,1.226,652.5,208.213,7.491,0.00331,0.00098,0.00495;0.00487;0.00428;0.00399;0.00372;0.00309;0.00284;0.00248;0.00169;0.00108,
line-a-r00668,line-a,line-a-e13,33.2015609,-116.1528595,180.0,line-a-e14,33.2017203,-116.1526699,180.0,line-a-e16,33.2020391,-116.1522907,180.0,line-a-e17,33.2021985,-116.1521011,180.0,2026-08-17T16:13:36Z,dipole-dipole,2,6,1.223,654.0,180.867,7.744,0.00407,0.00080,0.00617;0.00577;0.00483;0.00479;0.00458;0.00370;0.00335;0.00286;0.00193;0.00152,
line-a-r00669,line-a,line-a-e13,33.2015609,-116.1528595,180.0,line-a-e14,33.2017203,-116.1526699,180.0,line-a-e16,33.2020391,-116.1522907,180.0,line-a-e17,33.2021985,-116.1521011,180.0,2026-08-17T16:13:48Z,dipole-dipole,2,5,1.121,713.8,196.121,7.120,0.00277,0.00071,0.00440;0.00390;0.00384;0.00326;0.00305;0.00272;0.00244;0.00184;0.00123;0.00110,
line-a-r00670,line-a,line-a-e13,33.2015609,-116.1528595,180.0,line-a-e14,33.2017203,-116.1526699,180.0,line-a-e16,33.2020391,-116.1522907,180.0,line-a-e17,33.2021985,-116.1521011,180.0,2026-08-17T16:14:00Z,dipole-dipole,2,5,1.167,685.4,194.660,8.411,0.00491,0.00095,0.00740;0.00744;0.00678;0.00564;0.00558;0.00495;0.00373;0.00342;0.00248;0.00179,
line-a-r00671,line-a,line-a-e13,33.2015609,-116.1528595,180.0,line-a-e14,33.2017203,-116.1526699,180.0,line-a-e16,33.2020391,-116.1522907,180.0,line-a-e17,33.2021985,-116.1521011,180.0,2026-08-17T16:14:12Z,dipole-dipole,2,5,1.071,746.7,206.030,7.137,0.00411,0.00118,0.00653;0.00619;0.00521;0.00455;0.00508;0.00377;0.00333;0.00290;0.00180;0.00151,
line-a-r00672,line-a,line-a-e13,33.2015609,-116.1528595,180.0,line-a-e14,33.2017203,-116.1526699,180.0,line-a-e16,33.2020391,-116.1522907,180.0,line-a-e17,33.2021985,-116.1521011,180.0,2026-08-17T16:14:24Z,dipole-dipole,2,4,1.152,694.4,202.633,6.772,0.00591,0.00115,0.00958;0.00904;0.00757;0.00715;0.00709;0.00594;0.00448;0.00393;0.00316;0.00199,
line-a-r00673,line-a,line-a-e13,33.2015609,-116.1528595,180.0,line-a-e14,33.2017203,-116.1526699,180.0,line-a-e16,33.2020391,-116.1522907,180.0,line-a-e17,33.2021985,-116.1521011,180.0,2026-08-17T16:14:36Z,dipole-dipole,2,7,1.224,653.5,208.227,8.929,0.00525,0.00097,0.00779;0.00763;0.00651;0.00618;0.00638;0.00467;0.00394;0.00306;0.00290;0.00188,
line-a-r00674,line-a,line-a-e13,33.2015609,-116.1528595,180.0,line-a-e14,33.2017203,-116.1526699,180.0,line-a-e17,33.2021985,-116.1521011,180.0,line-a-e18,33.2023579,-116.1519116,180.0,2026-08-17T16:14:48Z,dipole-dipole,3,3,0.969,826.0,188.348,6.550,0.00643,0.00102,0.00971;0.00914;0.00825;0.00843;0.00714;0.00631;0.00582;0.00401;0.00289;0.00225,
line-a-r00675,line-a,line-a-e13,33.2015609,-116.1528595,180.0,line-a-e14,33.2017203,-116.1526699,180.0,line-a-e17,33.2021985,-116.1521011,180.0,line-a-e18,33.2023579,-116.1519116,180.0,2026-08-17T16:15:00Z,dipole-dipole,3,6,1.285,622.7,206.652,5.806,0.00568,0.00106,0.00881;0.00900;0.00793;0.00681;0.00609;0.00546;0.00422;0.00348;0.00244;0.00193,
line-a-r00676,line-a,line-a-e13,33.2015609,-116.1528595,180.0,line-a-e14,33.2017203,-116.1526699,180.0,line-a-e17,33.2021985,-116.1521011,180.0,line-a-e18,33.2023579,-116.1519116,180.0,2026-08-17T16:15:12Z,dipole-dipole,3,7,1.061,754.1,196.197,8.667,0.00735,0.00100,0.01120;0.01111;0.00919;0.00936;0.00748;0.00672;0.00555;0.00484;0.00359;0.00268,
line-a-r00677,line-a,line-a-e13,33.2015609,-116.1528595,180.0,line-a-e14,33.2017203,-116.1526699,180.0,line-a-e17,33.2021985,-116.1521011,180.0,line-a-e18,33.2023579,-116.1519116,180.0,2026-08-17T16:15:24Z,dipole-dipole,3,4,1.275,627.3,188.891,7.496,0.00620,0.00115,0.01032;0.00942;0.00863;0.00744;0.00817;0.00559;0.00548;0.00405;0.00304;0.00214,
line-a-r00678,line-a,line-a-e13,33.2015609,-116.1528595,180.0,line-a-e14,33.2017203,-116.1526699,180.0,line-a-e17,33.2021985,-116.1521011,180.0,line-a-e18,33.2023579,-116.1519116,180.0,2026-08-17T16:15:36Z,dipole-dipole,3,4,1.298,616.2,174.731,6.604,0.00429,0.00095,0.00690;0.00623;0.00562;0.00531;0.00495;0.00410;0.00368;0.00261;0.00220;0.00160,
line-a-r00679,line-a,line-a-e13,33.2015609,-116.1528595,180.0,line-a-e14,33.2017203,-116.1526699,180.0,line-a-e17,33.2021985,-116.1521011,180.0,line-a-e18,33.2023579,-116.1519116,180.0,2026-08-17T16:15:48Z,dipole-dipole,3,4,1.180,677.9,204.123,6.859,0.00428,0.00128,0.00648;0.00595;0.00551;0.00514;0.00463;0.00398;0.00339;0.00289;0.00208;0.00147,
line-a-r00680,line-a,line-a-e13,33.2015609,-116.1528595,180.0,line-a-e14,33.2017203,-116.1526699,180.0,line-a-e17,33.2021985,-116.1521011,180.0,line-a-e18,33.2023579,-116.1519116,180.0,2026-08-17T16:16:00Z,dipole-dipole,3,4,1.213,659.6,206.802,6.845,0.00458,0.00082,0.00744;0.00667;0.00677;0.00546;0.00516;0.00457;0.00353;0.00262;0.00225;0.00164,
line-a-r00681,line-a,line-a-e13,33.2015609,-116.1528595,180.0,line-a-e14,33.2017203,-116.1526699,180.0,line-a-e17,33.2021985,-116.1521011,180.0,line-a-e18,33.2023579,-116.1519116,180.0,2026-08-17T16:16:12Z,dipole-dipole,3,3,1.293,618.5,191.555,5.364,0.00495,0.00110,0.00780;0.00726;0.00670;0.00622;0.00535;0.00483;0.00437;0.00313;0.00237;0.00168,
line-a-r00682,line-a,line-a-e13,33.2015609,-116.1528595,180.0,line-a-e14,33.2017203,-116.1526699,180.0,line-a-e18,33.2023579,-116.1519116,180.0,line-a-e19,33.2025172,-116.1517220,180.0,2026-08-17T16:16:24Z,dipole-dipole,4,6,1.142,700.7,169.426,5.519,0.00711,0.00103,0.01049;0.01106;0.01043;0.00800;0.00843;0.00705;0.00533;0.00490;0.00344;0.00257,
line-a-r00683,line-a,line-a-e13,33.2015609,-116.1528595,180.0,line-a-e14,33.2017203,-116.1526699,180.0,line-a-e18,33.2023579,-116.1519116,180.0,line-a-e19,33.2025172,-116.1517220,180.0,2026-08-17T16:16:36Z,dipole-dipole,4,4,1.048,763.7,160.558,5.998,0.01016,0.00103,0.01454;0.01395;0.01389;0.01330;0.01145;0.01030;0.00790;0.00657;0.00556;0.00382,
line-a-r00684,line-a,line-a-e13,33.2015609,-116.1528595,180.0,line-a-e14,33.2017203,-116.1526699,180.0,line-a-e18,33.2023579,-116.1519116,180.0,line-a-e19,33.2025172,-116.1517220,180.0,2026-08-17T16:16:48Z,dipole-dipole,4,6,1.020,784.6,164.513,5.239,0.00816,0.00150,0.01405;0.01099;0.01236;0.01053;0.00782;0.00755;0.00646;0.00554;0.00409;0.00281,
line-a-r00685,line-a,line-a-e13,33.2015609,-116.1528595,180.0,line-a-e14,33.2017203,-116.1526699,180.0,line-a-e18,33.2023579,-116.1519116,180.0,line-a-e19,33.2025172,-116.1517220,180.0,2026-08-17T16:17:00Z,dipole-dipole,4,7,1.029,777.1,164.761,4.518,0.00812,0.00087,0.01270;0.01376;0.01103;0.01093;0.00905;0.00768;0.00607;0.00566;0.00397;0.00273,
line-a-r00686,line-a,line-a-e13,33.2015609,-116.1528595,180.0,line-a-e14,33.2017203,-116.1526699,180.0,line-a-e18,33.2023579,-116.1519116,180.0,line-a-e19,33.2025172,-116.1517220,180.0,2026-08-17T16:17:12Z,dipole-dipole,4,6,0.958,835.0,160.798,6.617,0.00856,0.00103,0.01433;0.01267;0.01099;0.01117;0.00903;0.00896;0.00682;0.00530;0.00444;0.00309,
line-a-r00687,line-a,line-a-e13,33.2015609,-116.1528595,180.0,line-a-e14,33.2017203,-116.1526699,180.0,line-a-e18,33.2023579,-116.1519116,180.0,line-a-e19,33.2025172,-116.1517220,180.0,2026-08-17T16:17:24Z,dipole-dipole,4,7,1.285,622.6,158.765,4.866,0.00769,0.00113,0.01216;0.01100;0.01047;0.00910;0.00834;0.00698;0.00686;0.00515;0.00402;0.00261,
line-a-r00688,line-a,line-a-e13,33.2015609,-116.1528595,180.0,line-a-e14,33.2017203,-116.1526699,180.0,line-a-e18,33.2023579,-116.1519116,180.0,line-a-e19,33.2025172,-116.1517220,180.0,2026-08-17T16:17:36Z,dipole-dipole,4,8,1.385,577.5,172.255,6.022,0.00949,0.00103,0.01545;0.01430;0.01318;0.01280;0.00924;0.00896;0.00743;0.00567;0.00465;0.00333,
line-a-r00689,line-a,line-a-e13,33.2015609,-116.1528595,180.0,line-a-e14,33.2017203,-116.1526699,180.0,line-a-e19,33.2025172,-116.1517220,180.0,line-a-e20,33.2026766,-116.1515324,180.0,2026-08-17T16:17:48Z,dipole-dipole,5,5,1.102,726.0,132.019,6.328,0.01146,0.00136,0.01698;0.01657;0.01506;0.01208;0.01220;0.01059;0.00994;0.00732;0.00587;0.00387,
line-a-r00690,line-a,line-a-e13,33.2015609,-116.1528595,180.0,line-a-e14,33.2017203,-116.1526699,180.0,line-a-e19,33.2025172,-116.1517220,180.0,line-a-e20,33.2026766,-116.1515324,180.0,2026-08-17T16:18:00Z,dipole-dipole,5,6,1.125,710.8,149.464,5.808,0.01109,0.01727,0.01790;0.01426;0.01491;0.01218;0.01194;0.01063;0.00858;0.00728;0.00497;0.00404,
line-a-r00691,line-a,line-a-e13,33.2015609,-116.1528595,180.0,line-a-e14,33.2017203,-116.1526699,180.0,line-a-e19,33.2025172,-116.1517220,180.0,line-a-e20,33.2026766,-116.1515324,180.0,2026-08-17T16:18:12Z,dipole-dipole,5,7,1.094,731.0,139.071,5.732,0.01123,0.00112,0.01597;0.01691;0.01478;0.01473;0.01263;0.01166;0.00916;0.00747;0.00527;0.00388,
line-a-r00692,line-a,line-a-e13,33.2015609,-116.1528595,180.0,line-a-e14,33.2017203,-116.1526699,180.0,line-a-e19,33.2025172,-116.1517220,180.0,line-a-e20,33.2026766,-116.1515324,180.0,2026-08-17T16:18:24Z,dipole-dipole,5,5,1.025,780.6,138.715,6.397,0.01125,0.00122,0.01666;0.01731;0.01572;0.01471;0.01244;0.01202;0.00955;0.00698;0.00547;0.00379,
line-a-r00693,line-a,line-a-e13,33.2015609,-116.1528595,180.0,line-a-e14,33.2017203,-116.1526699,180.0,line-a-e19,33.2025172,-116.1517220,180.0,line-a-e20,33.2026766,-116.1515324,180.0,2026-08-17T16:18:36Z,dipole-dipole,5,4,1.095,730.5,139.490,6.598,0.01376,0.00159,0.02363;0.02191;0.01944;0.01671;0.01594;0.01276;0.01093;0.00844;0.00677;0.00483,
line-a-r00694,line-a,line-a-e13,33.2015609,-116.1528595,180.0,line-a-e14,33.2017203,-116.1526699,180.0,line-a-e19,33.2025172,-116.1517220,180.0,line-a-e20,33.2026766,-116.1515324,180.0,2026-08-17T16:18:48Z,dipole-dipole,5,7,1.054,759.2,141.874,4.546,0.01122,0.00126,0.01759;0.01598;0.01607;0.01334;0.01047;0.00979;0.00846;0.00711;0.00552;0.00380,
line-a-r00695,line-a,line-a-e13,33.2015609,-116.1528595,180.0,line-a-e14,33.2017203,-116.1526699,180.0,line-a-e19,33.2025172,-116.1517220,180.0,line-a-e20,33.2026766,-116.1515324,180.0,2026-08-17T16:19:00Z,dipole-dipole,5,3,1.354,591.0,144.474,4.961,0.01004,0.00111,0.01543;0.01451;0.01252;0.01239;0.01126;0.00906;0.00861;0.00669;0.00505;0.00357,
line-a-r00696,line-a,line-a-e14,33.2017203,-116.1526699,180.0,line-a-e15,33.2018797,-116.1524803,180.0,line-a-e16,33.2020391,-116.1522907,180.0,line-a-e17,33.2021985,-116.1521011,180.0,2026-08-17T16:19:12Z,dipole-dipole,1,3,0.823,971.7,212.694,6.052,0.00467,0.00093,0.00741;0.00696;0.00609;0.00551;0.00526;0.00402;0.00353;0.00289;0.00225;0.00156,
line-a-r00697,line-a,line-a-e14,33.2017203,-116.1526699,180.0,line-a-e15,33.2018797,-116.1524803,180.0,line-a-e16,33.2020391,-116.1522907,180.0,line-a-e17,33.2021985,-116.1521011,180.0,2026-08-17T16:19:24Z,dipole-dipole,1,7,1.086,736.6,211.441,6.962,0.00559,0.00077,0.01013;0.00787;0.00790;0.00727;0.00646;0.00535;0.00463;0.00338;0.00294;0.00208,
line-a-r00698,line-a,line-a-e14,33.2017203,-116.1526699,180.0,line-a-e15,33.2018797,-116.1524803,180.0,line-a-e16,33.2020391,-116.1522907,180.0,line-a-e17,33.2021985,-116.1521011,180.0,2026-08-17T16:19:36Z,dipole-dipole,1,5,0.880,908.8,206.263,7.471,0.00388,0.00113,0.00647;0.00561;0.00518;0.00471;0.00402;0.00378;0.00313;0.00234;0.00191;0.00123,
line-a-r00699,line-a,line-a-e14,33.2017203,-116.1526699,180.0,line-a-e15,33.2018797,-116.1524803,180.0,line-a-e16,33.2020391,-116.1522907,180.0,line-a-e17,33.2021985,-116.1521011,180.0,2026-08-17T16:19:48Z,dipole-dipole,1,8,1.065,751.5,219.141,7.140,0.00411,0.00099,0.00633;0.00627;0.00622;0.00449;0.00423;0.00386;0.00377;0.00264;0.00197;0.00154,
line-a-r00700,line-a,line-a-e14,33.2017203,-116.1526699,180.0,line-a-e15,33.2018797,-116.1524803,180.0,line-a-e16,33.2020391,-116.1522907,180.0,line-a-e17,33.2021985,-116.1521011,180.0,2026-08-17T16:20:00Z,dipole-dipole,1,4,1.023,782.3,209.328,6.747,0.00735,0.00102,0.01270;0.01099;0.00993;0.00961;0.00883;0.00690;0.00622;0.00449;0.00331;0.00259,
line-a-r00701,line-a,line-a-e14,33.2017203,-116.1526699,180.0,line-a-e15,33.2018797,-116.1524803,180.0,line-a-e16,33.2020391,-116.1522907,180.0,line-a-e17,33.2021985,-116.1521011,180.0,2026-08-17T16:20:12Z,dipole-dipole,1,5,0.958,835.5,217.447,8.665,0.00318,0.00117,0.00512;0.00482;0.00450;0.00404;0.00361;0.00322;0.00240;0.00214;0.00153;0.00111,
line-a-r00702,line-a,line-a-e14,33.2017203,-116.1526699,180.0,line-a-e15,33.2018797,-116.1524803,180.0,line-a-e16,33.2020391,-116.1522907,180.0,line-a-e17,33.2021985,-116.1521011,180.0,2026-08-17T16:20:24Z,dipole-dipole,1,7,1.052,760.2,206.962,7.824,0.00374,0.00133,0.00546;0.00584;0.00521;0.00454;0.00442;0.00318;0.00293;0.00245;0.00180;0.00120,
line-a-r00703,line-a,line-a-e14,33.2017203,-116.1526699,180.0,line-a-e15,33.2018797,-116.1524803,180.0,line-a-e17,33.2021985,-116.1521011,180.0,line-a-e18,33.2023579,-116.1519116,180.0,2026-08-17T16:20:36Z,dipole-dipole,2,6,1.242,644.1,208.785,6.939,0.00593,0.00088,0.00946;0.00863;0.00864;0.00762;0.00682;0.00558;0.00469;0.00388;0.00308;0.00215,
line-a-r00704,line-a,line-a-e14,33.2017203,-116.1526699,180.0,line-a-e15,33.2018797,-116.1524803,180.0,line-a-e17,33.2021985,-116.1521011,180.0,line-a-e18,33.2023579,-116.1519116,180.0,2026-08-17T16:20:48Z,dipole-dipole,2,4,1.287,621.5,193.629,8.624,0.00469,0.00093,0.00733;0.00774;0.00660;0.00662;0.00488;0.00442;0.00342;0.00284;0.00232;0.00166,
line-a-r00705,line-a,line-a-e14,33.2017203,-116.1526699,180.0,line-a-e15,33.2018797,-116.1524803,180.0,line-a-e17,33.2021985,-116.1521011,180.0,line-a-e18,33.2023579,-116.1519116,180.0,2026-08-17T16:21:00Z,dipole-dipole,2,5,0.868,921.6,211.880,6.270,0.00069,0.00112,0.00104;0.00113;0.00099;0.00083;0.00073;0.00071;0.00057;0.00037;0.00029;0.00025,
line-a-r00706,line-a,line-a-e14,33.2017203,-116.1526699,180.0,line-a-e15,33.2018797,-116.1524803,180.0,line-a-e17,33.2021985,-116.1521011,180.0,line-a-e18,33.2023579,-116.1519116,180.0,2026-08-17T16:21:12Z,dipole-dipole,2,8,0.758,1054.8,202.846,6.443,0.00463,0.00115,0.00746;0.00704;0.00668;0.00586;0.00573;0.00460;0.00372;0.00254;0.00224;0.00158,
line-a-r00707,line-a,line-a-e14,33.2017203,-116.1526699,180.0,line-a-e15,33.2018797,-116.1524803,180.0,line-a-e17,33.2021985,-116.1521011,180.0,line-a-e18,33.2023579,-116.1519116,180.0,2026-08-17T16:21:24Z,dipole-dipole,2,4,0.836,957.4,205.767,6.571,0.00405,0.00099,0.00684;0.00631;0.00516;0.00504;0.00459;0.00399;0.00340;0.00264;0.00187;0.00133,
line-a-r00708,line-a,line-a-e14,33.2017203,-116.1526699,180.0,line-a-e15,33.2018797,-116.1524803,180.0,line-a-e17,,,,line-a-e18,33.2023579,-116.1519116,180.0,2026-08-17T16:21:36Z,dipole-dipole,2,6,1.014,789.2,215.471,7.877,0.00586,0.00129,0.00967;0.00975;0.00747;0.00780;0.00641;0.00619;0.00492;0.00384;0.00285;0.00208,
line-a-r00709,line-a,line-a-e14,33.2017203,-116.1526699,180.0,line-a-e15,33.2018797,-116.1524803,180.0,line-a-e17,33.2021985,-116.1521011,180.0,line-a-e18,33.2023579,-116.1519116,180.0,2026-08-17T16:21:48Z,dipole-dipole,2,7,0.902,887.0,201.204,6.905,0.00539,0.00115,0.00909;0.00743;0.00756;0.00569;0.00607;0.00561;0.00425;0.00326;0.00242;0.00200,
line-a-r00710,line-a,line-a-e14,33.2017203,-116.1526699,180.0,line-a-e15,33.2018797,-116.1524803,180.0,line-a-e18,33.2023579,-116.1519116,180.0,line-a-e19,33.2025172,-116.1517220,180.0,2026-08-17T16:22:00Z,dipole-dipole,3,3,1.132,706.6,203.518,8.881,0.00541,0.00107,0.00822;0.00813;0.00761;0.00687;0.00595;0.00511;0.00416;0.00322;0.00261;0.00196,
line-a-r00711,line-a,line-a-e14,33.2017203,-116.1526699,180.0,line-a-e15,33.2018797,-116.1524803,180.0,line-a-e18,33.2023579,-116.1519116,180.0,line-a-e19,33.2025172,-116.1517220,180.0,2026-08-17T16:22:12Z,dipole-dipole,3,7,0.882,907.1,181.044,7.542,0.00712,0.00096,0.00961;0.01091;0.01015;0.00851;0.00830;0.00725;0.00542;0.00429;0.00332;0.00232,
line-a-r00712,line-a,line-a-e14,33.2017203,-116.1526699,180.0,line-a-e15,33.2018797,-116.1524803,180.0,line-a-e18,33.2023579,-116.1519116,180.0,line-a-e19,33.2025172,-116.1517220,180.0,2026-08-17T16:22:24Z,dipole-dipole,3,5,1.060,754.7,184.242,6.558,0.00426,0.00111,0.00719;0.00618;0.00586;0.00516;0.00442;0.00416;0.00355;0.00235;0.00195;0.00130,
line-a-r00713,line-a,line-a-e14,33.2017203,-116.1526699,180.0,line-a-e15,33.2018797,-116.1524803,180.0,line-a-e18,33.2023579,-116.1519116,180.0,line-a-e19,33.2025172,-116.1517220,180.0,2026-08-17T16:22:36Z,dipole-dipole,3,8,0.690,1159.4,191.943,5.808,0.00285,0.00124,0.00498;0.00401;0.00422;0.00384;0.00318;0.00252;0.00232;0.00187;0.00134;0.00104,
line-a-r00714,line-a,line-a-e14,33.2017203,-116.1526699,180.0,line-a-e15,33.2018797,-116.1524803,180.0,line-a-e18,33.2023579,-116.1519116,180.0,line-a-e19,33.2025172,-116.1517220,180.0,2026-08-17T16:22:48Z,dipole-dipole,3,6,1.018,785.5,196.135,6.223,0.00523,0.00102,0.00874;0.00680;0.00626;0.00654;0.00597;0.00507;0.00423;0.00367;0.00266;0.00177,
line-a-r00715,line-a,line-a-e14,33.2017203,-116.1526699,180.0,line-a-e15,33.2018797,-116.1524803,180.0,line-a-e18,33.2023579,-116.1519116,180.0,line-a-e19,33.2025172,-116.1517220,180.0,2026-08-17T16:23:00Z,dipole-dipole,3,8,0.646,1239.1,205.422,5.470,0.00562,0.00101,0.00994;0.00813;0.00778;0.00713;0.00592;0.00485;0.00425;0.00345;0.00267;0.00189,
line-a-r00716,line-a,line-a-e14,33.2017203,-116.1526699,180.0,line-a-e15,33.2018797,-116.1524803,180.0,line-a-e19,33.2025172,-116.1517220,180.0,line-a-e20,33.2026766,-116.1515324,180.0,2026-08-17T16:23:12Z,dipole-dipole,4,8,1.006,795.1,-163.774,7.058,0.00719,0.00119,0.01199;0.01091;0.00954;0.00926;0.00769;0.00684;0.00546;0.00442;0.00336;0.00243,
line-a-r00717,line-a,line-a-e14,33.2017203,-116.1526699,180.0,line-a-e15,33.2018797,-116.1524803,180.0,line-a-e19,33.2025172,-116.1517220,180.0,line-a-e20,33.2026766,-116.1515324,180.0,2026-08-17T16:23:24Z,dipole-dipole,4,4,0.754,1060.5,162.434,7.823,0.00804,0.00106,0.01233;0.01269;0.01122;0.01035;0.00918;0.00787;0.00614;0.00544;0.00386;0.00299,
line-a-r00718,line-a,line-a-e14,33.2017203,-116.1526699,180.0,line-a-e15,33.2018797,-116.1524803,180.0,line-a-e19,33.2025172,-116.1517220,180.0,line-a-e20,33.2026766,-116.1515324,180.0,2026-08-17T16:23:36Z,dipole-dipole,4,7,0.849,941.7,175.282,4.248,0.00657,0.00143,0.00963;0.00916;0.00913;0.00837;0.00767;0.00573;0.00479;0.00418;0.00318;0.00210,
line-a-r00719,line-a,line-a-e14,33.2017203,-116.1526699,180.0,line-a-e15,33.2018797,-116.1524803,180.0,line-a-e19,33.2025172,-116.1517220,180.0,line-a-e20,33.2026766,-116.1515324,180.0,2026-08-17T16:23:48Z,dipole-dipole,4,5,1.358,589.3,173.553,7.518,0.00778,0.00123,0.01199;0.01151;0.01158;0.00955;0.00757;0.00691;0.00598;0.00501;0.00378;0.00332,
line-a-r00720,line-a,line-a-e14,33.2017203,-116.1526699,180.0,line-a-e15,33.2018797,-116.1524803,180.0,line-a-e19,33.2025172,-116.1517220,180.0,line-a-e20,33.2026766,-116.1515324,180.0,2026-08-17T16:24:00Z,dipole-dipole,4,4,1.011,790.9,167.628,6.390,0.00583,0.00144,0.01003;0.00888;0.00780;0.00727;0.00624;0.00530;0.00466;0.00403;0.00295;0.00187,
line-a-r00721,line-a,line-a-e14,33.2017203,-116.1526699,180.0,line-a-e15,33.2018797,-116.1524803,180.0,line-a-e19,33.2025172,-116.1517220,180.0,line-a-e20,33.2026766,-116.1515324,180.0,2026-08-17T16:24:12Z,dipole-dipole,4,6,0.835,958.3,172.906,6.559,0.00724,0.00113,0.01203;0.01116;0.01038;0.00912;0.00821;0.00616;0.00559;0.00507;0.00348;0.00275,
line-a-r00722,line-a,line-a-e14,33.2017203,-116.1526699,180.0,line-a-e15,33.2018797,-116.1524803,180.0,line-a-e19,33.2025172,-116.1517220,180.0,line-a-e20,33.2026766,-116.1515324,180.0,2026-08-17T16:24:24Z,dipole-dipole,4,4,0.866,923.5,162.854,7.757,0.00983,0.00139,0.01650;0.01503;0.01393;0.01184;0.01051;0.00973;0.00839;0.00584;0.00503;0.00334,
line-a-r00723,line-a,line-a-e15,33.2018797,-116.1524803,180.0,line-a-e16,33.2020391,-116.1522907,180.0,line-a-e17,33.2021985,-116.1521011,180.0,line-a-e18,33.2023579,-116.1519116,180.0,2026-08-17T16:24:36Z,dipole-dipole,1,3,1.006,795.3,214.235,8.763,0.00436,0.00134,0.00704;0.00600;0.00603;0.00452;0.00484;0.00377;0.00369;0.00263;0.00232;0.00154,
line-a-r00724,line-a,line-a-e15,33.2018797,-116.1524803,180.0,line-a-e16,33.2020391,-116.1522907,180.0,line-a-e17,33.2021985,-116.1521011,180.0,line-a-e18,33.2023579,-116.1519116,180.0,2026-08-17T16:24:48Z,dipole-dipole,1,8,0.922,868.0,219.671,7.643,0.00609,0.00108,0.01024;0.00926;0.00881;0.00712;0.00713;0.00580;0.00470;0.00379;0.00268;0.00203,
line-a-r00725,line-a,line-a-e15,33.2018797,-116.1524803,180.0,line-a-e16,33.2020391,-116.1522907,180.0,line-a-e17,33.2021985,-116.1521011,180.0,line-a-e18,33.2023579,-116.1519116,180.0,2026-08-17T16:25:00Z,dipole-dipole,1,8,0.891,898.2,197.186,8.138,0.00507,0.00124,0.00907;0.00702;0.00747;0.00599;0.00597;0.00553;0.00364;0.00351;0.00263;0.00187,
line-a-r00726,line-a,line-a-e15,33.2018797,-116.1524803,180.0,line-a-e16,33.2020391,-116.1522907,180.0,line-a-e17,33.2021985,-116.1521011,180.0,line-a-e18,33.2023579,-116.1519116,180.0,2026-08-17T16:25:12Z,dipole-dipole,1,8,0.757,1057.4,201.583,7.110,0.00572,0.00095,0.00947;0.00913;0.00772;0.00788;0.00624;0.00550;0.00451;0.00358;0.00268;0.00191,
line-a-r00727,line-a,line-a-e15,33.2018797,-116.1524803,180.0,line-a-e16,33.2020391,-116.1522907,180.0,line-a-e17,33.2021985,-116.1521011,180.0,line-a-e18,33.2023579,-116.1519116,180.0,2026-08-17T16:25:24Z,dipole-dipole,1,5,0.893,895.8,220.318,5.663,0.00285,0.00075,0.00429;0.00445;0.00409;0.00367;0.00334;0.00252;0.00212;0.00189;0.00153;0.00104,
line-a-r00728,line-a,line-a-e15,33.2018797,-116.1524803,180.0,line-a-e16,33.2020391,-116.1522907,180.0,line-a-e17,33.2021985,-116.1521011,180.0,line-a-e18,33.2023579,-116.1519116,180.0,2026-08-17T16:25:36Z,dipole-dipole,1,4,0.942,849.0,212.416,7.340,0.00515,0.00077,0.00849;0.00855;0.00722;0.00679;0.00602;0.00408;0.00421;0.00345;0.00251;0.00170,
line-a-r00729,line-a,line-a-e15,33.2018797,-116.1524803,180.0,line-a-e16,33.2020391,-116.1522907,180.0,line-a-e17,33.2021985,-116.1521011,180.0,line-a-e18,33.2023579,-116.1519116,180.0,2026-08-17T16:25:48Z,dipole-dipole,1,3,0.915,874.0,216.342,10.196,0.00564,0.00072,0.00926;0.00931;0.00850;0.00724;0.00626;0.00525;0.00462;0.00438;0.00281;0.00186,
line-a-r00730,line-a,line-a-e15,33.2018797,-116.1524803,180.0,line-a-e16,33.2020391,-116.1522907,180.0,line-a-e18,33.2023579,-116.1519116,180.0,line-a-e19,33.2025172,-116.1517220,180.0,2026-08-17T16:26:00Z,dipole-dipole,2,6,0.657,1218.0,192.723,6.185,0.00544,0.00113,0.00931;0.00770;0.00656;0.00629;0.00577;0.00481;0.00465;0.00369;0.00263;0.00192,
line-a-r00731,line-a,line-a-e15,33.2018797,-116.1524803,180.0,line-a-e16,33.2020391,-116.1522907,180.0,line-a-e18,33.2023579,-116.1519116,180.0,line-a-e19,33.2025172,-116.1517220,180.0,2026-08-17T16:26:12Z,dipole-dipole,2,5,1.180,677.9,209.080,6.983,0.00348,0.00124,0.00555;0.00522;0.00491;0.00432;0.00344;0.00304;0.00263;0.00219;0.00161;0.00119,
line-a-r00732,line-a,line-a-e15,33.2018797,-116.1524803,180.0,line-a-e16,33.2020391,-116.1522907,180.0,line-a-e18,33.2023579,-116.1519116,180.0,line-a-e19,33.2025172,-116.1517220,180.0,2026-08-17T16:26:24Z,dipole-dipole,2,3,0.704,1136.1,195.162,6.496,0.00348,0.00127,0.00614;0.00549;0.00474;0.00434;0.00363;0.00323;0.00259;0.00212;0.00171;0.00120,
line-a-r00733,line-a,line-a-e15,33.2018797,-116.1524803,180.0,line-a-e16,33.2020391,-116.1522907,180.0,line-a-e18,33.2023579,-116.1519116,180.0,line-a-e19,33.2025172,-116.1517220,180.0,2026-08-17T16:26:36Z,dipole-dipole,2,5,0.664,1204.2,198.892,7.342,0.00552,0.01222,0.00945;0.00749;0.00729;0.00748;0.00631;0.00495;0.00398;0.00314;0.00271;0.00191,
line-a-r00734,line-a,line-a-e15,33.2018797,-116.1524803,180.0,line-a-e16,33.2020391,-116.1522907,180.0,line-a-e18,33.2023579,-116.1519116,180.0,line-a-e19,33.2025172,-116.1517220,180.0,2026-08-17T16:26:48Z,dipole-dipole,2,3,0.999,800.5,186.353,8.527,0.00472,0.00097,0.00848;0.00690;0.00631;0.00551;0.00519;0.00447;0.00404;0.00301;0.00243;0.00163,
line-a-r00735,line-a,line-a-e15,33.2018797,-116.1524803,180.0,line-a-e16,33.2020391,-116.1522907,180.0,line-a-e18,33.2023579,-116.1519116,180.0,line-a-e19,33.2025172,-116.1517220,180.0,2026-08-17T16:27:00Z,dipole-dipole,2,3,0.958,835.5,211.725,6.960,0.00483,0.00137,0.00737;0.00775;0.00678;0.00572;0.00512;0.00408;0.00366;0.00286;0.00258;0.00157,
line-a-r00736,line-a,line-a-e15,33.2018797,-116.1524803,180.0,line-a-e16,33.2020391,-116.1522907,180.0,line-a-e19,33.2025172,-116.1517220,180.0,line-a-e20,33.2026766,-116.1515324,180.0,2026-08-17T16:27:12Z,dipole-dipole,3,7,0.973,822.4,197.231,7.041,0.00626,0.00109,0.00915;0.00921;0.00854;0.00782;0.00671;0.00573;0.00516;0.00331;0.00269;0.00242,
line-a-r00737,line-a,line-a-e15,33.2018797,-116.1524803,180.0,line-a-e16,33.2020391,-116.1522907,180.0,line-a-e19,,,,line-a-e20,33.2026766,-116.1515324,180.0,2026-08-17T16:27:24Z,dipole-dipole,3,5,1.045,765.4,176.682,7.229,0.00494,0.00105,0.00763;0.00782;0.00703;0.00585;0.00600;0.00458;0.00361;0.00304;0.00233;0.00160,
line-a-r00738,line-a,line-a-e15,33.2018797,-116.1524803,180.0,line-a-e16,33.2020391,-116.1522907,180.0,line-a-e19,33.2025172,-116.1517220,180.0,line-a-e20,33.2026766,-116.1515324,180.0,2026-08-17T16:27:36Z,dipole-dipole,3,6,0.971,823.5,194.101,5.959,0.00543,0.00121,0.00869;0.00789;0.00706;0.00639;0.00611;0.00512;0.00449;0.00308;0.00272;0.00189,
line-a-r00739,line-a,line-a-e15,33.2018797,-116.1524803,180.0,line-a-e16,33.2020391,-116.1522907,180.0,line-a-e19,33.2025172,-116.1517220,180.0,line-a-e20,33.2026766,-116.1515324,180.0,2026-08-17T16:27:48Z,dipole-dipole,3,5,0.895,893.4,186.742,7.719,0.00592,0.00123,0.01004;0.00886;0.00804;0.00732;0.00643;0.00549;0.00501;0.00387;0.00307;0.00215,
line-a-r00740,line-a,line-a-e15,33.2018797,-116.1524803,180.0,line-a-e16,33.2020391,-116.1522907,180.0,line-a-e19,33.2025172,-116.1517220,180.0,line-a-e20,33.2026766,-116.1515324,180.0,2026-08-17T16:28:00Z,dipole-dipole,3,4,0.935,855.2,190.402,6.438,0.00564,0.00099,0.00960;0.00758;0.00739;0.00746;0.00623;0.00576;0.00478;0.00354;0.00275;0.00211,
line-a-r00741,line-a,line-a-e15,33.2018797,-116.1524803,180.0,line-a-e16,33.2020391,-116.1522907,180.0,line-a-e19,33.2025172,-116.1517220,180.0,line-a-e20,33.2026766,-116.1515324,180.0,2026-08-17T16:28:12Z,dipole-dipole,3,7,1.051,761.1,170.181,6.596,0.00421,0.00992,0.00706;0.00614;0.00607;0.00467;0.00452;0.00414;0.00333;0.00265;0.00225;0.00148,
line-a-r00742,line-a,line-a-e15,33.2018797,-116.1524803,180.0,line-a-e16,33.2020391,-116.1522907,180.0,line-a-e19,33.2025172,-116.1517220,180.0,line-a-e20,33.2026766,-116.1515324,180.0,2026-08-17T16:28:24Z,dipole-dipole,3,7,0.953,839.8,183.484,6.751,0.00634,0.00102,0.01017;0.01036;0.00896;0.00798;0.00764;0.00618;0.00493;0.00443;0.00315;0.00220,
line-a-r00743,line-a,line-a-e16,33.2020391,-116.1522907,180.0,line-a-e17,33.2021985,-116.1521011,180.0,line-a-e18,33.2023579,-116.1519116,180.0,line-a-e19,33.2025172,-116.1517220,180.0,2026-08-17T16:28:36Z,dipole-dipole,1,4,0.956,837.1,209.288,5.084,0.00513,0.00098,0.00818;0.00756;0.00651;0.00660;0.00578;0.00479;0.00394;0.00330;0.00246;0.00192,
line-a-r00744,line-a,line-a-e16,33.2020391,-116.1522907,180.0,line-a-e17,33.2021985,-116.1521011,180.0,line-a-e18,33.2023579,-116.1519116,180.0,line-a-e19,33.2025172,-116.1517220,180.0,2026-08-17T16:28:48Z,dipole-dipole,1,3,0.906,882.7,212.246,8.989,0.00348,0.00120,0.00538;0.00511;0.00495;0.00429;0.00362;0.00340;0.00286;0.00200;0.00167;0.00119,
line-a-r00745,line-a,line-a-e16,33.2020391,-116.1522907,180.0,line-a-e17,33.2021985,-116.1521011,180.0,line-a-e18,33.2023579,-116.1519116,180.0,line-a-e19,33.2025172,-116.1517220,180.0,2026-08-17T16:29:00Z,dipole-dipole,1,8,0.800,1000.5,207.519,6.738,0.00512,0.00110,0.00818;0.00767;0.00724;0.00637;0.00577;0.00473;0.00419;0.00348;0.00237;0.00184,
line-a-r00746,line-a,line-a-e16,33.2020391,-116.1522907,180.0,line-a-e17,33.2021985,-116.1521011,180.0,line-a-e18,33.2023579,-116.1519116,180.0,line-a-e19,33.2025172,-116.1517220,180.0,2026-08-17T16:29:12Z,dipole-dipole,1,6,1.059,755.2,223.201,8.572,0.00386,0.00116,0.00719;0.00547;0.00494;0.00521;0.00415;0.00353;0.00303;0.00244;0.00176;0.00142,
line-a-r00747,line-a,line-a-e16,33.2020391,-116.1522907,180.0,line-a-e17,33.2021985,-116.1521011,180.0,line-a-e18,33.2023579,-116.1519116,180.0,line-a-e19,33.2025172,-116.1517220,180.0,2026-08-17T16:29:24Z,dipole-dipole,1,6,0.801,999.1,210.581,7.091,0.00383,0.00119,0.00591;0.00581;0.00513;0.00498;0.00387;0.00358;0.00289;0.00260;0.00185;0.00129,
line-a-r00748,line-a,line-a-e16,33.2020391,-116.1522907,180.0,line-a-e17,33.2021985,-116.1521011,180.0,line-a-e18,33.2023579,-116.1519116,180.0,line-a-e19,33.2025172,-116.1517220,180.0,2026-08-17T16:29:36Z,dipole-dipole,1,8,0.842,949.6,206.883,9.677,0.00482,0.00082,0.00780;0.00671;0.00661;0.00611;0.00511;0.00425;0.00412;0.00322;0.00219;0.00174,
line-a-r00749,line-a,line-a-e16,33.2020391,-116.1522907,180.0,line-a-e17,33.2021985,-116.1521011,180.0,line-a-e19,33.2025172,-116.1517220,180.0,line-a-e20,33.2026766,-116.1515324,180.0,2026-08-17T16:29:48Z,dipole-dipole,2,7,1.092,732.3,202.008,8.615,0.00552,0.00091,0.00834;0.00772;0.00723;0.00772;0.00647;0.00520;0.00417;0.00357;0.00280;0.00202,
line-a-r00750,line-a,line-a-e16,33.2020391,-116.1522907,180.0,line-a-e17,33.2021985,-116.1521011,180.0,line-a-e19,33.2025172,-116.1517220,180.0,line-a-e20,33.2026766,-116.1515324,180.0,2026-08-17T16:30:00Z,dipole-dipole,2,5,0.871,918.5,186.503,8.611,0.00470,0.00087,0.00709;0.00760;0.00626;0.00591;0.00544;0.00455;0.00355;0.00290;0.00218;0.00145,
line-a-r00751,line-a,line-a-e16,33.2020391,-116.1522907,180.0,line-a-e17,33.2021985,-116.1521011,180.0,line-a-e19,33.2025172,-116.1517220,180.0,line-a-e20,33.2026766,-116.1515324,180.0,2026-08-17T16:30:12Z,dipole-dipole,2,6,1.090,734.0,184.550,8.635,0.00397,0.00089,0.00650;0.00626;0.00532;0.00506;0.00404;0.00383;0.00349;0.00246;0.00186;0.00147,
line-a-r00752,line-a,line-a-e16,33.2020391,-116.1522907,180.0,line-a-e17,33.2021985,-116.1521011,180.0,line-a-e19,33.2025172,-116.1517220,180.0,line-a-e20,33.2026766,-116.1515324,180.0,2026-08-17T16:30:24Z,dipole-dipole,2,6,0.955,837.8,189.246,6.159,0.00650,0.00133,0.01110;0.00989;0.00823;0.00809;0.00727;0.00601;0.00500;0.00421;0.00341;0.00244,
line-a-r00753,line-a,line-a-e16,33.2020391,-116.1522907,180.0,line-a-e17,33.2021985,-116.1521011,180.0,line-a-e19,33.2025172,-116.1517220,180.0,line-a-e20,33.2026766,-116.1515324,180.0,2026-08-17T16:30:36Z,dipole-dipole,2,3,0.685,1167.7,205.236,7.783,0.00683,0.00099,0.01030;0.00936;0.00866;0.00779;0.00766;0.00640;0.00517;0.00448;0.00336;0.00228,
line-a-r00754,line-a,line-a-e16,33.2020391,-116.1522907,180.0,line-a-e17,33.2021985,-116.1521011,180.0,line-a-e19,33.2025172,-116.1517220,180.0,line-a-e20,33.2026766,-116.1515324,180.0,2026-08-17T16:30:48Z,dipole-dipole,2,4,0.783,1022.0,198.888,8.486,0.00519,0.00127,0.00820;0.00816;0.00687;0.00683;0.00573;0.00499;0.00460;0.00291;0.00237;0.00177,
line-a-r00755,line-a,line-a-e16,33.2020391,-116.1522907,180.0,line-a-e17,33.2021985,-116.1521011,180.0,line-a-e19,33.2025172,-116.1517220,180.0,line-a-e20,33.2026766,-116.1515324,180.0,2026-08-17T16:31:00Z,dipole-dipole,2,8,0.652,1226.7,194.641,6.992,0.00513,0.00090,0.00897;0.00754;0.00707;0.00614;0.00553;0.00493;0.00424;0.00313;0.00265;0.00182,
line-a-r00756,line-a,line-a-e17,33.2021985,-116.1521011,180.0,line-a-e18,33.2023579,-116.1519116,180.0,line-a-e19,33.2025172,-116.1517220,180.0,line-a-e20,33.2026766,-116.1515324,180.0,2026-08-17T16:31:12Z,dipole-dipole,1,7,1.262,633.9,203.702,6.989,0.00221,0.00115,0.00367;0.00369;0.00317;0.00296;0.00293;0.00220;0.00183;0.00147;0.00110;0.00076,
line-a-r00757,line-a,line-a-e17,33.2021985,-116.1521011,180.0,line-a-e18,33.2023579,-116.1519116,180.0,line-a-e19,33.2025172,-116.1517220,180.0,line-a-e20,33.2026766,-116.1515324,180.0,2026-08-17T16:31:24Z,dipole-dipole,1,4,1.228,651.5,210.489,9.335,0.00627,0.00106,0.00977;0.00970;0.00854;0.00755;0.00724;0.00571;0.00525;0.00419;0.00282;0.00243,
line-a-r00758,line-a,line-a-e17,33.2021985,-116.1521011,180.0,line-a-e18,33.2023579,-116.1519116,180.0,line-a-e19,33.2025172,-116.1517220,180.0,line-a-e20,33.2026766,-116.1515324,180.0,2026-08-17T16:31:36Z,dipole-dipole,1,8,0.966,828.1,217.645,8.128,0.00482,0.00098,0.00792;0.00706;0.00630;0.00606;0.00493;0.00444;0.00401;0.00297;0.00221;0.00146,
line-a-r00759,line-a,line-a-e17,33.2021985,-116.1521011,180.0,line-a-e18,33.2023579,-116.1519116,180.0,line-a-e19,33.2025172,-116.1517220,180.0,line-a-e20,33.2026766,-116.1515324,180.0,2026-08-17T16:31:48Z,dipole-dipole,1,6,1.272,629.0,211.045,6.150,0.00447,0.00119,0.00720;0.00634;0.00600;0.00547;0.00457;0.00392;0.00353;0.00303;0.00214;0.00154,
line-a-r00760,line-a,line-a-e17,33.2021985,-116.1521011,180.0,line-a-e18,33.2023579,-116.1519116,180.0,line-a-e19,33.2025172,-116.1517220,180.0,line-a-e20,33.2026766,-116.1515324,180.0,2026-08-17T16:32:00Z,dipole-dipole,1,7,0.910,878.9,215.913,6.893,0.00557,0.00097,0.00828;0.00800;0.00854;0.00694;0.00602;0.00522;0.00423;0.00363;0.00270;0.00181,
line-a-r00761,line-a,line-a-e17,33.2021985,-116.1521011,180.0,line-a-e18,33.2023579,-116.1519116,180.0,line-a-e19,33.2025172,-116.1517220,180.0,line-a-e20,33.2026766,-116.1515324,180.0,2026-08-17T16:32:12Z,dipole-dipole,1,7,1.028,778.2,203.413,8.802,0.00574,0.00093,0.00882;0.00867;0.00756;0.00782;0.00671;0.00522;0.00536;0.00357;0.00289;0.00206,
line-a-r00762,line-a,line-a-e17,33.2021985,-116.1521011,180.0,line-a-e18,33.2023579,-116.1519116,180.0,line-a-e19,33.2025172,-116.1517220,180.0,line-a-e20,33.2026766,-116.1515324,180.0,2026-08-17T16:32:24Z,dipole-dipole,1,5,0.995,804.2,193.200,8.333,0.00553,0.00092,0.00841;0.00752;0.00755;0.00692;0.00653;0.00545;0.00418;0.00353;0.00251;0.00179,
line-a-r00763,line-a,line-a-e17,33.2021985,-116.1521011,180.0,line-a-e18,33.2023579,-116.1519116,180.0,line-a-e19,33.2025172,-116.1517220,180.0,line-a-e20,33.2026766,-116.1515324,180.0,2026-08-17T16:32:36Z,dipole-dipole,1,4,0.916,873.4,203.855,7.900,0.00661,0.00123,0.01039;0.00951;0.00880;0.00791;0.00762;0.00581;0.00479;0.00404;0.00300;0.00206,
line-a-r00764,line-a,line-a-e11,33.2012421,-116.1532387,180.0,line-a-e12,33.2014015,-116.1530491,180.0,line-a-e20,33.2026766,-116.1515324,180.0,line-a-e21,33.2028360,-116.1513428,180.0,2026-08-17T16:57:48Z,dipole-dipole,8,3,1.496,534.6,108.348,4.484,0.01666,0.00189,0.02640;0.02583;0.02369;0.02070;0.01899;0.01729;0.01404;0.00978;0.00785;0.00651,
line-a-r00765,line-a,line-a-e11,33.2012421,-116.1532387,180.0,line-a-e12,33.2014015,-116.1530491,180.0,line-a-e20,33.2026766,-116.1515324,180.0,line-a-e21,33.2028360,-116.1513428,180.0,2026-08-17T16:58:00Z,dipole-dipole,8,4,1.818,440.1,113.512,162.436,0.02161,0.00174,0.03590;0.02984;0.02790;0.02774;0.02424;0.02007;0.01860;0.01372;0.01083;0.00699,
line-a-r00766,line-a,line-a-e11,33.2012421,-116.1532387,180.0,line-a-e12,33.2014015,-116.1530491,180.0,line-a-e20,33.2026766,-116.1515324,180.0,line-a-e21,33.2028360,-116.1513428,180.0,2026-08-17T16:58:12Z,dipole-dipole,8,3,1.382,579.0,111.403,4.958,0.02479,0.00176,0.04232;0.04293;0.03329;0.02982;0.02902;0.02286;0.01979;0.01729;0.01284;0.00895,
line-a-r00767,line-a,line-a-e11,33.2012421,-116.1532387,180.0,line-a-e12,33.2014015,-116.1530491,180.0,line-a-e20,33.2026766,-116.1515324,180.0,line-a-e21,33.2028360,-116.1513428,180.0,2026-08-17T16:58:24Z,dipole-dipole,8,7,1.451,551.5,100.443,4.746,0.02242,0.00208,0.03439;0.03509;0.02944;0.02794;0.02407;0.02125;0.01678;0.01333;0.01191;0.00827,
line-a-r00768,line-a,line-a-e11,33.2012421,-116.1532387,180.0,line-a-e12,33.2014015,-116.1530491,180.0,line-a-e20,33.2026766,-116.1515324,180.0,line-a-e21,33.2028360,-116.1513428,180.0,2026-08-17T16:58:36Z,dipole-dipole,8,8,1.763,453.7,108.961,5.432,0.01976,0.00204,0.03398;0.02848;0.02793;0.02340;0.02016;0.01977;0.01472;0.01261;0.01019;0.00745,
line-a-r00769,line-a,line-a-e11,33.2012421,-116.1532387,180.0,line-a-e12,33.2014015,-116.1530491,180.0,line-a-e20,33.2026766,-116.1515324,180.0,line-a-e21,33.2028360,-116.1513428,180.0,2026-08-17T16:58:48Z,dipole-dipole,8,5,1.343,595.9,112.661,4.232,0.02311,0.00184,0.04127;0.02801;0.03326;0.03059;0.02776;0.02437;0.01896;0.01358;0.01151;0.00799,
line-a-r00770,line-a,line-a-e11,33.2012421,-116.1532387,180.0,line-a-e12,33.2014015,-116.1530491,180.0,line-a-e20,33.2026766,-116.1515324,180.0,line-a-e21,33.2028360,-116.1513428,180.0,2026-08-17T16:59:00Z,dipole-dipole,8,6,1.552,515.4,106.801,3.859,0.02012,0.00163,0.02902;0.02664;0.02858;0.02509;0.02068;0.01859;0.01628;0.01309;0.00890;0.00716,
line-a-r00771,line-a,line-a-e11,33.2012421,-116.1532387,180.0,line-a-e12,33.2014015,-116.1530491,180.0,line-a-e20,33.2026766,-116.1515324,180.0,line-a-e21,33.2028360,-116.1513428,180.0,2026-08-17T16:59:12Z,dipole-dipole,8,7,2.000,396.2,101.060,5.136,0.01879,0.00154,0.03097;0.02574;0.02644;0.02235;0.02117;0.01689;0.01497;0.01340;0.00986;0.00652,
line-a-r00772,line-a,line-a-e12,33.2014015,-116.1530491,180.0,line-a-e13,33.2015609,-116.1528595,180.0,line-a-e20,33.2026766,-116.1515324,180.0,line-a-e21,33.2028360,-116.1513428,180.0,2026-08-17T16:59:24Z,dipole-dipole,7,3,1.148,696.8,109.604,5.268,0.01962,0.00205,0.02979;0.03066;0.02629;0.02601;0.02030;0.02003;0.01479;0.01264;0.00920;0.00647,
line-a-r00773,line-a,line-a-e12,33.2014015,-116.1530491,180.0,line-a-e13,33.2015609,-116.1528595,180.0,line-a-e20,33.2026766,-116.1515324,180.0,line-a-e21,33.2028360,-116.1513428,180.0,2026-08-17T16:59:36Z,dipole-dipole,7,8,0.857,933.4,108.083,5.120,0.02070,0.00177,0.03650;0.03140;0.02663;0.02656;0.02384;0.02049;0.01774;0.01391;0.01023;0.00759,
line-a-r00774,line-a,line-a-e12,33.2014015,-116.1530491,180.0,line-a-e13,33.2015609,-116.1528595,180.0,line-a-e20,33.2026766,-116.1515324,180.0,line-a-e21,33.2028360,-116.1513428,180.0,2026-08-17T16:59:48Z,dipole-dipole,7,8,1.006,795.6,115.465,5.251,0.01783,0.00183,0.02703;0.02486;0.02406;0.02106;0.01831;0.01677;0.01421;0.01040;0.00878;0.00631,
line-a-r00775,line-a,line-a-e12,33.2014015,-116.1530491,180.0,line-a-e13,33.2015609,-116.1528595,180.0,line-a-e20,33.2026766,-116.1515324,180.0,line-a-e21,33.2028360,-116.1513428,180.0,2026-08-17T17:00:00Z,dipole-dipole,7,7,1.064,751.9,111.364,4.828,0.02282,0.00174,0.03286;0.03523;0.03152;0.02780;0.02583;0.02297;0.01693;0.01422;0.01078;0.00777,
line-a-r00776,line-a,line-a-e12,33.2014015,-116.1530491,180.0,line-a-e13,33.2015609,-116.1528595,180.0,line-a-e20,33.2026766,-116.1515324,180.0,line-a-e21,33.2028360,-116.1513428,180.0,2026-08-17T17:00:12Z,dipole-dipole,7,5,0.955,838.1,103.923,4.132,0.01669,0.00214,0.02717;0.02508;0.02016;0.02164;0.01828;0.01677;0.01261;0.01034;0.00816;0.00517,
line-a-r00777,line-a,line-a-e12,33.2014015,-116.1530491,180.0,line-a-e13,33.2015609,-116.1528595,180.0,line-a-e20,33.2026766,-116.1515324,180.0,line-a-e21,33.2028360,-116.1513428,180.0,2026-08-17T17:00:24Z,dipole-dipole,7,5,1.240,645.2,108.188,5.774,0.02054,0.00141,0.03753;0.02894;0.02665;0.02336;0.02120;0.01689;0.01706;0.01120;0.01030;0.00715,
line-a-r00778,line-a,line-a-e12,33.2014015,-116.1530491,180.0,line-a-e13,33.2015609,-116.1528595,180.0,line-a-e21,33.2028360,-116.1513428,180.0,line-a-e22,33.2029954,-116.1511532,180.0,2026-08-17T17:00:36Z,dipole-dipole,8,4,1.268,631.2,113.656,4.841,0.02580,0.00220,0.04821;0.03802;0.03872;0.03299;0.02935;0.02316;0.01870;0.01868;0.01371;0.00858,
line-a-r00779,line-a,line-a-e12,33.2014015,-116.1530491,180.0,line-a-e13,33.2015609,-116.1528595,180.0,line-a-e21,33.2028360,-116.1513428,180.0,line-a-e22,33.2029954,-116.1511532,180.0,2026-08-17T17:00:48Z,dipole-dipole,8,4,1.113,718.9,106.070,5.491,0.02642,0.00174,0.04438;0.03493;0.03589;0.03255;0.02807;0.02344;0.01946;0.01690;0.01237;0.00998,
line-a-r00780,line-a,line-a-e12,33.2014015,-116.1530491,180.0,line-a-e13,33.2015609,-116.1528595,180.0,line-a-e21,33.2028360,-116.1513428,180.0,line-a-e22,33.2029954,-116.1511532,180.0,2026-08-17T17:01:00Z,dipole-dipole,8,5,0.857,933.5,120.737,297.700,0.02791,0.00173,0.04546;0.04269;0.03824;0.03582;0.03015;0.02695;0.02336;0.01998;0.01266;0.00987,
line-a-r00781,line-a,line-a-e12,33.2014015,-116.1530491,180.0,line-a-e13,33.2015609,-116.1528595,180.0,line-a-e21,33.2028360,-116.1513428,180.0,line-a-e22,33.2029954,-116.1511532,180.0,2026-08-17T17:01:12Z,dipole-dipole,8,3,1.021,783.7,108.022,4.800,0.02537,0.00205,0.04237;0.03459;0.03549;0.03334;0.02913;0.02590;0.02303;0.01562;0.01331;0.00992,
line-a-r00782,line-a,line-a-e12,33.2014015,-116.1530491,180.0,line-a-e13,33.2015609,-116.1528595,180.0,line-a-e21,33.2028360,-116.1513428,180.0,line-a-e22,33.2029954,-116.1511532,180.0,2026-08-17T17:01:24Z,dipole-dipole,8,4,1.114,718.1,108.875,4.492,0.02372,0.00236,0.04092;0.03473;0.03359;0.02980;0.02588;0.02196;0.01828;0.01545;0.01113;0.00819,
line-a-r00783,line-a,line-a-e12,33.2014015,-116.1530491,180.0,line-a-e13,33.2015609,-116.1528595,180.0,line-a-e21,33.2028360,-116.1513428,180.0,line-a-e22,33.2029954,-116.1511532,180.0,2026-08-17T17:01:36Z,dipole-dipole,8,6,1.243,643.7,113.509,5.526,0.02406,0.00212,0.03831;0.03683;0.03386;0.03177;0.02498;0.02005;0.01957;0.01483;0.01134;0.00829,
line-a-r00784,line-a,line-a-e12,33.2014015,-116.1530491,180.0,line-a-e13,33.2015609,-116.1528595,180.0,line-a-e21,33.2028360,-116.1513428,180.0,line-a-e22,33.2029954,-116.1511532,180.0,2026-08-17T17:01:48Z,dipole-dipole,8,7,1.318,607.0,118.516,3.663,0.02468,0.00225,0.03628;0.03658;0.03165;0.03204;0.02676;0.02540;0.01812;0.01364;0.01216;0.00789,
line-a-r00785,line-a,line-a-e13,33.2015609,-116.1528595,180.0,line-a-e14,33.2017203,-116.1526699,180.0,line-a-e20,33.2026766,-116.1515324,180.0,line-a-e21,33.2028360,-116.1513428,180.0,2026-08-17T17:02:00Z,dipole-dipole,6,6,0.973,822.4,123.242,4.944,0.01834,0.00181,0.03145;0.02540;0.02267;0.02398;0.01795;0.01828;0.01397;0.01186;0.00895;0.00628,
line-a-r00786,line-a,line-a-e13,33.2015609,-116.1528595,180.0,line-a-e14,33.2017203,-116.1526699,180.0,line-a-e20,33.2026766,-116.1515324,180.0,line-a-e21,33.2028360,-116.1513428,180.0,2026-08-17T17:02:12Z,dipole-dipole,6,5,1.134,705.7,125.360,4.174,0.01508,0.00162,0.02448;0.02392;0.02004;0.01882;0.01509;0.01345;0.01194;0.01033;0.00734;0.00547,
line-a-r00787,line-a,line-a-e13,33.2015609,-116.1528595,180.0,line-a-e14,33.2017203,-116.1526699,180.0,line-a-e20,33.2026766,-116.1515324,180.0,line-a-e21,33.2028360,-116.1513428,180.0,2026-08-17T17:02:24Z,dipole-dipole,6,6,1.072,746.6,117.250,4.382,0.01828,0.00205,0.02894;0.02811;0.02338;0.02423;0.01957;0.01728;0.01438;0.01156;0.00864;0.00644,
line-a-r00788,line-a,line-a-e13,33.2015609,-116.1528595,180.0,line-a-e14,33.2017203,-116.1526699,180.0,line-a-e20,33.2026766,-116.1515324,180.0,line-a-e21,33.2028360,-116.1513428,180.0,2026-08-17T17:02:36Z,dipole-dipole,6,6,1.034,773.6,130.041,4.824,0.01860,0.00163,0.03039;0.02782;0.02679;0.02221;0.02047;0.01802;0.01379;0.01188;0.00870;0.00731,
line-a-r00789,line-a,line-a-e13,33.2015609,-116.1528595,180.0,line-a-e14,33.2017203,-116.1526699,180.0,line-a-e20,33.2026766,-116.1515324,180.0,line-a-e21,33.2028360,-116.1513428,180.0,2026-08-17T17:02:48Z,dipole-dipole,6,6,1.297,617.0,125.547,5.975,0.01870,0.00158,0.03021;0.02889;0.02489;0.02387;0.02189;0.01654;0.01388;0.01183;0.00877;0.00704,
line-a-r00790,line-a,line-a-e13,33.2015609,-116.1528595,180.0,line-a-e14,33.2017203,-116.1526699,180.0,line-a-e20,33.2026766,-116.1515324,180.0,line-a-e21,33.2028360,-116.1513428,180.0,2026-08-17T17:03:00Z,dipole-dipole,6,6,1.325,603.9,123.643,4.569,0.01547,0.00165,0.02575;0.02207;0.01822;0.02003;0.01701;0.01358;0.01193;0.00930;0.00754;0.00518,
line-a-r00791,line-a,line-a-e13,33.2015609,-116.1528595,180.0,line-a-e14,33.2017203,-116.1526699,180.0,line-a-e20,33.2026766,-116.1515324,180.0,line-a-e21,33.2028360,-116.1513428,180.0,2026-08-17T17:03:12Z,dipole-dipole,6,6,0.789,1013.7,127.375,4.173,0.02023,0.00189,0.03548;0.03130;0.02928;0.02392;0.02360;0.01893;0.01647;0.01305;0.00981;0.00652,
line-a-r00792,line-a,line-a-e13,33.2015609,-116.1528595,180.0,line-a-e14,33.2017203,-116.1526699,180.0,line-a-e21,33.2028360,-116.1513428,180.0,line-a-e22,33.2029954,-116.1511532,180.0,2026-08-17T17:03:24Z,dipole-dipole,7,3,1.164,687.4,117.281,5.055,0.02263,0.00238,0.03267;0.03385;0.03126;0.02689;0.02488;0.02318;0.01791;0.01458;0.01094;0.00767,
line-a-r00793,line-a,line-a-e13,33.2015609,-116.1528595,180.0,line-a-e14,33.2017203,-116.1526699,180.0,line-a-e21,33.2028360,-116.1513428,180.0,line-a-e22,33.2029954,-116.1511532,180.0,2026-08-17T17:03:36Z,dipole-dipole,7,3,1.137,703.9,120.476,5.274,0.02279,0.00154,0.03971;0.03283;0.03142;0.02709;0.02429;0.02284;0.01786;0.01375;0.01079;0.00924,
line-a-r00794,line-a,line-a-e13,33.2015609,-116.1528595,180.0,line-a-e14,33.2017203,-116.1526699,180.0,line-a-e21,33.2028360,-116.1513428,180.0,line-a-e22,33.2029954,-116.1511532,180.0,2026-08-17T17:03:48Z,dipole-dipole,7,6,1.197,668.2,107.485,5.510,0.02328,0.00237,0.00891;0.01124;0.01516;0.01753;0.02090;0.02391;0.03512;0.03302;0.02946;0.03908,
line-a-r00795,line-a,line-a-e13,33.2015609,-116.1528595,180.0,line-a-e14,33.2017203,-116.1526699,180.0,line-a-e21,33.2028360,-116.1513428,180.0,line-a-e22,33.2029954,-116.1511532,180.0,2026-08-17T17:04:00Z,dipole-dipole,7,7,1.598,500.8,123.489,4.281,0.02657,0.00149,0.04043;0.03994;0.03884;0.03147;0.02961;0.02596;0.02031;0.01638;0.01296;0.00894,
line-a-r00796,line-a,line-a-e13,33.2015609,-116.1528595,180.0,line-a-e14,33.2017203,-116.1526699,180.0,line-a-e21,33.2028360,-116.1513428,180.0,line-a-e22,33.2029954,-116.1511532,180.0,2026-08-17T17:04:12Z,dipole-dipole,7,5,1.115,717.5,108.644,3.704,0.02314,0.00141,0.03656;0.03676;0.02950;0.02927;0.02430;0.02284;0.01801;0.01592;0.01142;0.00832,
line-a-r00797,line-a,line-a-e13,33.2015609,-116.1528595,180.0,line-a-e14,33.2017203,-116.1526699,180.0,line-a-e21,33.2028360,-116.1513428,180.0,line-a-e22,33.2029954,-116.1511532,180.0,2026-08-17T17:04:24Z,dipole-dipole,7,5,1.010,792.2,118.439,4.160,0.02061,0.00218,0.03514;0.02961;0.02963;0.02587;0.02036;0.01922;0.01463;0.01341;0.00933;0.00922,
line-a-r00798,line-a,line-a-e13,33.2015609,-116.1528595,180.0,line-a-e14,33.2017203,-116.1526699,180.0,line-a-e22,33.2029954,-116.1511532,180.0,line-a-e23,33.2031548,-116.1509636,180.0,2026-08-17T17:04:36Z,dipole-dipole,8,4,1.611,496.5,121.420,4.552,0.02749,0.00152,0.04682;0.04327;0.03441;0.03439;0.02915;0.02958;0.02222;0.01566;0.01324;0.00948,
line-a-r00799,line-a,line-a-e13,33.2015609,-116.1528595,180.0,line-a-e14,33.2017203,-116.1526699,180.0,line-a-e22,33.2029954,-116.1511532,180.0,line-a-e23,33.2031548,-116.1509636,180.0,2026-08-17T17:04:48Z,dipole-dipole,8,6,0.924,866.1,106.571,5.493,0.02544,0.00206,0.03550;0.03527;0.03334;0.03162;0.02631;0.02370;0.02013;0.01730;0.01273;0.00882,
line-a-r00800,line-a,line-a-e13,33.2015609,-116.1528595,180.0,line-a-e14,33.2017203,-116.1526699,180.0,line-a-e22,33.2029954,-116.1511532,180.0,line-a-e23,33.2031548,-116.1509636,180.0,2026-08-17T17:05:00Z,dipole-dipole,8,5,1.111,720.0,105.450,4.942,0.02764,0.00268,0.04545;0.04114;0.04246;0.03263;0.03091;0.02622;0.02184;0.01534;0.01262;0.00973,
line-a-r00801,line-a,line-a-e13,33.2015609,-116.1528595,180.0,line-a-e14,33.2017203,-116.1526699,180.0,line-a-e22,33.2029954,-116.1511532,180.0,line-a-e23,33.2031548,-116.1509636,180.0,2026-08-17T17:05:12Z,dipole-dipole,8,8,0.806,992.9,122.996,4.574,0.02250,0.00270,0.03706;0.03504;0.03082;0.02930;0.02501;0.01945;0.01733;0.01404;0.00939;0.00813,
line-a-r00802,line-a,line-a-e13,33.2015609,-116.1528595,180.0,line-a-e14,33.2017203,-116.1526699,180.0,line-a-e22,33.2029954,-116.1511532,180.0,line-a-e23,33.2031548,-116.1509636,180.0,2026-08-17T17:05:24Z,dipole-dipole,8,6,1.415,565.6,114.441,5.561,0.03096,0.00200,0.04544;0.04852;0.03901;0.03871;0.03466;0.02957;0.02464;0.01885;0.01626;0.01114,
line-a-r00803,line-a,line-a-e13,33.2015609,-116.1528595,180.0,line-a-e14,33.2017203,-116.1526699,180.0,line-a-e22,33.2029954,-116.1511532,180.0,line-a-e23,33.2031548,-116.1509636,180.0,2026-08-17T17:05:36Z,dipole-dipole,8,8,0.807,991.1,109.862,5.658,0.02499,0.00204,0.03654;0.03727;0.03510;0.03119;0.02898;0.02480;0.02108;0.01621;0.01201;0.00932,
line-a-r00804,line-a,line-a-e14,33.2017203,-116.1526699,180.0,line-a-e15,33.2018797,-116.1524803,180.0,line-a-e20,33.2026766,-116.1515324,180.0,line-a-e21,33.2028360,-116.1513428,180.0,2026-08-17T17:05:48Z,dipole-dipole,5,6,0.871,918.6,156.960,5.402,0.01174,0.00144,0.02059;0.01734;0.01705;0.01489;0.01379;0.01122;0.01001;0.00692;0.00615;0.00424,
line-a-r00805,line-a,line-a-e14,33.2017203,-116.1526699,180.0,line-a-e15,33.2018797,-116.1524803,180.0,line-a-e20,33.2026766,-116.1515324,180.0,line-a-e21,33.2028360,-116.1513428,180.0,2026-08-17T17:06:00Z,dipole-dipole,5,3,0.849,941.8,154.984,5.573,0.01049,0.00142,0.01733;0.01626;0.01471;0.01230;0.01206;0.01001;0.00780;0.00700;0.00514;0.00361,
line-a-r00806,line-a,line-a-e14,33.2017203,-116.1526699,180.0,line-a-e15,33.2018797,-116.1524803,180.0,line-a-e20,33.2026766,-116.1515324,180.0,line-a-e21,33.2028360,-116.1513428,180.0,2026-08-17T17:06:12Z,dipole-dipole,5,5,1.034,773.3,144.817,5.632,0.01299,0.00134,0.02015;0.01929;0.01875;0.01707;0.01363;0.01221;0.01099;0.00859;0.00577;0.00440,
line-a-r00807,line-a,line-a-e14,33.2017203,-116.1526699,180.0,line-a-e15,33.2018797,-116.1524803,180.0,line-a-e20,33.2026766,-116.1515324,180.0,line-a-e21,33.2028360,-116.1513428,180.0,2026-08-17T17:06:24Z,dipole-dipole,5,4,0.953,839.0,-211.423,4.711,0.01282,0.00141,0.01951;0.01805;0.01819;0.01557;0.01460;0.01271;0.01001;0.00785;0.00612;0.00505,
line-a-r00808,line-a,line-a-e14,33.2017203,-116.1526699,180.0,line-a-e15,33.2018797,-116.1524803,180.0,line-a-e20,33.2026766,-116.1515324,180.0,line-a-e21,33.2028360,-116.1513428,180.0,2026-08-17T17:06:36Z,dipole-dipole,5,7,0.774,1033.7,158.312,5.711,0.01165,0.00142,0.01828;0.01829;0.01543;0.01312;0.01294;0.01126;0.00894;0.00782;0.00594;0.00384,
line-a-r00809,line-a,line-a-e14,33.2017203,-116.1526699,180.0,line-a-e15,33.2018797,-116.1524803,180.0,line-a-e20,33.2026766,-116.1515324,180.0,line-a-e21,33.2028360,-116.1513428,180.0,2026-08-17T17:06:48Z,dipole-dipole,5,5,0.822,972.8,152.884,7.669,0.01628,0.00129,0.02518;0.02317;0.02196;0.01879;0.01918;0.01495;0.01332;0.00974;0.00848;0.00537,
line-a-r00810,line-a,line-a-e14,33.2017203,-116.1526699,180.0,line-a-e15,33.2018797,-116.1524803,180.0,line-a-e21,33.2028360,-116.1513428,180.0,line-a-e22,33.2029954,-116.1511532,180.0,2026-08-17T17:07:00Z,dipole-dipole,6,4,0.890,898.8,133.839,6.949,0.02125,0.00124,0.03782;0.03180;0.03160;0.02645;0.02400;0.02028;0.01832;0.01401;0.01011;0.00767,
line-a-r00811,line-a,line-a-e14,33.2017203,-116.1526699,180.0,line-a-e15,33.2018797,-116.1524803,180.0,line-a-e21,33.2028360,-116.1513428,180.0,line-a-e22,33.2029954,-116.1511532,180.0,2026-08-17T17:07:12Z,dipole-dipole,6,5,0.894,894.6,123.712,4.612,0.01826,0.00181,0.02830;0.02563;0.02460;0.02373;0.02101;0.01755;0.01455;0.01110;0.00885;0.00642,
line-a-r00812,line-a,line-a-e14,33.2017203,-116.1526699,180.0,line-a-e15,33.2018797,-116.1524803,180.0,line-a-e21,33.2028360,-116.1513428,180.0,line-a-e22,33.2029954,-116.1511532,180.0,2026-08-17T17:07:24Z,dipole-dipole,6,8,0.706,1133.4,127.357,3.614,0.01469,0.00210,0.02278;0.02168;0.02262;0.01743;0.01547;0.01416;0.01307;0.00953;0.00702;0.00535,
line-a-r00813,line-a,line-a-e14,33.2017203,-116.1526699,180.0,line-a-e15,33.2018797,-116.1524803,180.0,line-a-e21,33.2028360,-116.1513428,180.0,line-a-e22,33.2029954,-116.1511532,180.0,2026-08-17T17:07:36Z,dipole-dipole,6,5,0.816,980.3,124.111,5.382,0.01720,0.00181,0.02380;0.02678;0.02377;0.01853;0.02003;0.01575;0.01426;0.01113;0.00876;0.00688,
line-a-r00814,line-a,line-a-e14,33.2017203,-116.1526699,180.0,line-a-e15,33.2018797,-116.1524803,180.0,line-a-e21,33.2028360,-116.1513428,180.0,line-a-e22,33.2029954,-116.1511532,180.0,2026-08-17T17:07:48Z,dipole-dipole,6,8,0.772,1036.8,128.577,5.955,0.01544,0.00177,0.02523;0.02207;0.02151;0.01994;0.01657;0.01551;0.01197;0.00962;0.00740;0.00497,
line-a-r00815,line-a,line-a-e14,33.2017203,-116.1526699,180.0,line-a-e15,33.2018797,-116.1524803,180.0,line-a-e21,33.2028360,-116.1513428,180.0,line-a-e22,33.2029954,-116.1511532,180.0,2026-08-17T17:08:00Z,dipole-dipole,6,3,0.966,828.5,138.291,4.515,0.01712,0.00132,0.02886;0.02430;0.02516;0.02286;0.01817;0.01530;0.01373;0.01182;0.00680;0.00594,
line-a-r00816,line-a,line-a-e14,33.2017203,-116.1526699,180.0,line-a-e15,33.2018797,-116.1524803,180.0,line-a-e21,33.2028360,-116.1513428,180.0,line-a-e22,33.2029954,-116.1511532,180.0,2026-08-17T17:08:12Z,dipole-dipole,6,6,0.835,957.6,128.823,4.873,0.01835,0.00205,0.03082;0.02733;0.02278;0.02399;0.02051;0.01786;0.01297;0.01094;0.00782;0.00667,
line-a-r00817,line-a,line-a-e14,33.2017203,-116.1526699,180.0,line-a-e15,33.2018797,-116.1524803,180.0,line-a-e22,33.2029954,-116.1511532,180.0,line-a-e23,33.2031548,-116.1509636,180.0,2026-08-17T17:08:24Z,dipole-dipole,7,7,0.823,971.5,115.288,4.964,0.02087,0.00235,0.03125;0.03091;0.02794;0.02711;0.02261;0.01887;0.01582;0.01291;0.01009;0.00733,
line-a-r00818,line-a,line-a-e14,33.2017203,-116.1526699,180.0,line-a-e15,33.2018797,-116.1524803,180.0,line-a-e22,33.2029954,-116.1511532,180.0,line-a-e23,33.2031548,-116.1509636,180.0,2026-08-17T17:08:36Z,dipole-dipole,7,4,0.820,975.9,-104.359,7.777,0.02346,0.00190,0.03289;0.03549;0.03282;0.03055;0.02576;0.02372;0.01817;0.01419;0.01263;0.00861,
line-a-r00819,line-a,line-a-e14,33.2017203,-116.1526699,180.0,line-a-e15,33.2018797,-116.1524803,180.0,line-a-e22,33.2029954,-116.1511532,180.0,line-a-e23,33.2031548,-116.1509636,180.0,2026-08-17T17:08:48Z,dipole-dipole,7,8,0.960,833.0,118.790,4.219,0.02215,0.00160,0.03167;0.03285;0.02900;0.02875;0.02454;0.01861;0.01657;0.01307;0.01225;0.00812,
line-a-r00820,line-a,line-a-e14,33.2017203,-116.1526699,180.0,line-a-e15,33.2018797,-116.1524803,180.0,line-a-e22,33.2029954,-116.1511532,180.0,line-a-e23,33.2031548,-116.1509636,180.0,2026-08-17T17:09:00Z,dipole-dipole,7,8,1.160,689.5,121.089,5.399,0.02277,0.00191,0.03617;0.02970;0.03315;0.02751;0.02603;0.02219;0.01770;0.01472;0.01019;0.00800,
line-a-r00821,line-a,line-a-e14,33.2017203,-116.1526699,180.0,line-a-e15,33.2018797,-116.1524803,180.0,line-a-e22,33.2029954,-116.1511532,180.0,line-a-e23,33.2031548,-116.1509636,180.0,2026-08-17T17:09:12Z,dipole-dipole,7,3,0.907,882.3,118.091,5.218,0.02007,0.00243,0.03075;0.03011;0.02678;0.02729;0.02219;0.01949;0.01465;0.01255;0.00951;0.00825,
line-a-r00822,line-a,line-a-e14,33.2017203,-116.1526699,180.0,line-a-e15,33.2018797,-116.1524803,180.0,line-a-e22,33.2029954,-116.1511532,180.0,line-a-e23,33.2031548,-116.1509636,180.0,2026-08-17T17:09:24Z,dipole-dipole,7,3,0.772,1035.7,119.913,5.045,0.02350,0.00227,0.03466;0.03839;0.03373;0.02563;0.02295;0.02514;0.01807;0.01478;0.01228;0.00849,
line-a-r00823,line-a,line-a-e14,33.2017203,-116.1526699,180.0,line-a-e15,33.2018797,-116.1524803,180.0,line-a-e22,33.2029954,-116.1511532,180.0,line-a-e23,33.2031548,-116.1509636,180.0,2026-08-17T17:09:36Z,dipole-dipole,7,8,0.999,800.8,124.076,4.686,0.02298,0.00284,0.03633;0.02830;0.03045;0.02835;0.02071;0.02096;0.01903;0.01451;0.00981;0.00844,
line-a-r00824,line-a,line-a-e14,33.2017203,-116.1526699,180.0,line-a-e15,33.2018797,-116.1524803,180.0,line-a-e23,33.2031548,-116.1509636,180.0,line-a-e24,33.2033142,-116.1507740,180.0,2026-08-17T17:09:48Z,dipole-dipole,8,5,0.820,975.5,118.669,5.774,0.02386,0.00189,0.03793;0.03517;0.03256;0.02896;0.02837;0.02200;0.01919;0.01440;0.01214;0.00885,
line-a-r00825,line-a,line-a-e14,33.2017203,-116.1526699,180.0,line-a-e15,33.2018797,-116.1524803,180.0,line-a-e23,33.2031548,-116.1509636,180.0,line-a-e24,33.2033142,-116.1507740,180.0,2026-08-17T17:10:00Z,dipole-dipole,8,4,0.821,974.9,116.609,5.421,0.02780,0.00177,0.04527;0.03857;0.03981;0.03340;0.03088;0.02755;0.02488;0.01663;0.01453;0.01079,
line-a-r00826,line-a,line-a-e14,33.2017203,-116.1526699,180.0,line-a-e15,33.2018797,-116.1524803,180.0,line-a-e23,33.2031548,-116.1509636,180.0,line-a-e24,33.2033142,-116.1507740,180.0,2026-08-17T17:10:12Z,dipole-dipole,8,7,0.854,937.2,124.804,6.074,0.02575,0.00237,0.04520;0.03992;0.03700;0.03151;0.02935;0.02430;0.01967;0.01683;0.01381;0.00898,
line-a-r00827,line-a,line-a-e14,33.2017203,-116.1526699,180.0,line-a-e15,33.2018797,-116.1524803,180.0,line-a-e23,33.2031548,-116.1509636,180.0,line-a-e24,33.2033142,-116.1507740,180.0,2026-08-17T17:10:24Z,dipole-dipole,8,6,0.874,914.9,113.256,4.849,0.02754,0.00238,0.04123;0.04811;0.03453;0.03547;0.03315;0.02659;0.02012;0.01807;0.01282;0.01060,
line-a-r00828,line-a,line-a-e14,33.2017203,-116.1526699,180.0,line-a-e15,33.2018797,-116.1524803,180.0,line-a-e23,33.2031548,-116.1509636,180.0,line-a-e24,33.2033142,-116.1507740,180.0,2026-08-17T17:10:36Z,dipole-dipole,8,4,1.238,646.1,113.917,3.508,0.02812,0.00227,0.04671;0.04108;0.04085;0.03490;0.03060;0.02553;0.02238;0.01947;0.01303;0.00880,
line-a-r00829,line-a,line-a-e14,33.2017203,-116.1526699,180.0,line-a-e15,33.2018797,-116.1524803,180.0,line-a-e23,33.2031548,-116.1509636,180.0,line-a-e24,33.2033142,-116.1507740,180.0,2026-08-17T17:10:48Z,dipole-dipole,8,5,1.001,799.3,114.918,5.513,0.03029,0.00188,0.04601;0.04516;0.04732;0.03668;0.03233;0.02870;0.02342;0.01665;0.01601;0.01020,
line-a-r00830,line-a,line-a-e15,33.2018797,-116.1524803,180.0,line-a-e16,33.2020391,-116.1522907,180.0,line-a-e20,33.2026766,-116.1515324,180.0,line-a-e21,33.2028360,-116.1513428,180.0,2026-08-17T17:11:00Z,dipole-dipole,4,3,0.840,951.9,174.880,5.703,0.00894,0.00112,0.01368;0.01398;0.01151;0.01028;0.01035;0.00810;0.00717;0.00583;0.00469;0.00296,
line-a-r00831,line-a,line-a-e15,33.2018797,-116.1524803,180.0,line-a-e16,33.2020391,-116.1522907,180.0,line-a-e20,33.2026766,-116.1515324,180.0,line-a-e21,33.2028360,-116.1513428,180.0,2026-08-17T17:11:12Z,dipole-dipole,4,7,0.784,1020.0,179.857,5.279,0.00803,0.00148,0.01293;0.01251;0.01016;0.01006;0.00910;0.00832;0.00621;0.00509;0.00373;0.00294,
line-a-r00832,line-a,line-a-e15,33.2018797,-116.1524803,180.0,line-a-e16,33.2020391,-116.1522907,180.0,line-a-e20,33.2026766,-116.1515324,180.0,line-a-e21,33.2028360,-116.1513428,180.0,2026-08-17T17:11:24Z,dipole-dipole,4,5,1.039,770.0,165.192,6.278,0.01000,0.00091,0.01684;0.01484;0.01448;0.01309;0.01100;0.00963;0.00894;0.00697;0.00461;0.00344,
line-a-r00833,line-a,line-a-e15,33.2018797,-116.1524803,180.0,line-a-e16,33.2020391,-116.1522907,180.0,line-a-e20,33.2026766,-116.1515324,180.0,line-a-e21,33.2028360,-116.1513428,180.0,2026-08-17T17:11:36Z,dipole-dipole,4,6,0.806,993.0,165.350,6.141,0.00722,0.00097,0.01178;0.01147;0.00990;0.00939;0.00827;0.00656;0.00565;0.00460;0.00370;0.00273,
line-a-r00834,line-a,line-a-e15,33.2018797,-116.1524803,180.0,line-a-e16,33.2020391,-116.1522907,180.0,line-a-e20,33.2026766,-116.1515324,180.0,line-a-e21,33.2028360,-116.1513428,180.0,2026-08-17T17:11:48Z,dipole-dipole,4,7,0.856,934.9,177.631,9.532,0.00872,0.00122,0.01435;0.01296;0.01173;0.00986;0.00907;0.00694;0.00678;0.00580;0.00399;0.00318,
line-a-r00835,line-a,line-a-e15,33.2018797,-116.1524803,180.0,line-a-e16,33.2020391,-116.1522907,180.0,line-a-e20,33.2026766,-116.1515324,180.0,line-a-e21,33.2028360,-116.1513428,180.0,2026-08-17T17:12:00Z,dipole-dipole,4,3,0.883,906.3,158.510,6.809,0.00964,0.00104,0.01728;0.01352;0.01320;0.01076;0.01164;0.00915;0.00752;0.00609;0.00491;0.00363,
line-a-r00836,line-a,line-a-e15,33.2018797,-116.1524803,180.0,line-a-e16,33.2020391,-116.1522907,180.0,line-a-e20,33.2026766,-116.1515324,180.0,line-a-e21,33.2028360,-116.1513428,180.0,2026-08-17T17:12:12Z,dipole-dipole,4,6,0.953,839.3,171.009,5.599,0.00941,0.00130,0.01623;0.01429;0.01439;0.01164;0.01112;0.00879;0.00743;0.00615;0.00485;0.00336,
line-a-r00837,line-a,line-a-e15,33.2018797,-116.1524803,180.0,line-a-e16,33.2020391,-116.1522907,180.0,line-a-e21,33.2028360,-116.1513428,180.0,line-a-e22,33.2029954,-116.1511532,180.0,2026-08-17T17:12:24Z,dipole-dipole,5,6,0.851,939.8,138.323,7.504,0.01349,0.00139,0.02115;0.02038;0.01822;0.01532;0.01510;0.01220;0.01023;0.00834;0.00642;0.00516,
line-a-r00838,line-a,line-a-e15,33.2018797,-116.1524803,180.0,line-a-e16,33.2020391,-116.1522907,180.0,line-a-e21,33.2028360,-116.1513428,180.0,line-a-e22,33.2029954,-116.1511532,180.0,2026-08-17T17:12:36Z,dipole-dipole,5,7,1.054,758.8,142.885,6.518,0.01342,0.00137,0.02086;0.02233;0.01870;0.01646;0.01575;0.01215;0.00995;0.00975;0.00584;0.00445,
line-a-r00839,line-a,line-a-e15,33.2018797,-116.1524803,180.0,line-a-e16,33.2020391,-116.1522907,180.0,line-a-e21,33.2028360,-116.1513428,180.0,line-a-e22,33.2029954,-116.1511532,180.0,2026-08-17T17:12:48Z,dipole-dipole,5,6,0.885,904.4,152.785,7.618,0.01425,0.00166,0.02449;0.02217;0.01856;0.01946;0.01665;0.01440;0.01168;0.00926;0.00712;0.00521,
line-a-r00719,line-a,line-a-e15,33.2018797,-116.1524803,180.0,line-a-e16,33.2020391,-116.1522907,180.0,line-a-e21,33.2028360,-116.1513428,180.0,line-a-e22,33.2029954,-116.1511532,180.0,2026-08-17T17:13:00Z,dipole-dipole,5,5,0.942,849.5,149.544,6.638,0.01310,0.00161,0.02111;0.02119;0.01938;0.01646;0.01398;0.01268;0.01061;0.00750;0.00647;0.00521,
line-a-r00841,line-a,line-a-e15,33.2018797,-116.1524803,180.0,line-a-e16,33.2020391,-116.1522907,180.0,line-a-e21,33.2028360,-116.1513428,180.0,line-a-e22,33.2029954,-116.1511532,180.0,2026-08-17T17:13:12Z,dipole-dipole,5,7,0.840,952.9,153.511,5.450,0.01552,0.00116,0.02426;0.02517;0.02201;0.01930;0.01781;0.01448;0.01213;0.00948;0.00767;0.00569,
line-a-r00842,line-a,line-a-e15,33.2018797,-116.1524803,180.0,line-a-e16,33.2020391,-116.1522907,180.0,line-a-e21,33.2028360,-116.1513428,180.0,line-a-e22,33.2029954,-116.1511532,180.0,2026-08-17T17:13:24Z,dipole-dipole,5,6,0.898,891.2,144.366,8.619,0.01339,0.00158,0.02256;0.01839;0.01805;0.01593;0.01436;0.01379;0.00971;0.00902;0.00652;0.00461,
line-a-r00843,line-a,line-a-e15,33.2018797,-116.1524803,180.0,line-a-e16,33.2020391,-116.1522907,180.0,line-a-e21,33.2028360,-116.1513428,180.0,line-a-e22,33.2029954,-116.1511532,180.0,2026-08-17T17:13:36Z,dipole-dipole,5,7,0.727,1100.4,149.723,6.588,0.01269,0.00117,0.01997;0.01800;0.01657;0.01522;0.01403;0.01156;0.01030;0.00799;0.00570;0.00500,
line-a-r00844,line-a,line-a-e15,33.2018797,-116.1524803,180.0,line-a-e16,33.2020391,-116.1522907,180.0,line-a-e21,33.2028360,-116.1513428,180.0,line-a-e22,33.2029954,-116.1511532,180.0,2026-08-17T17:13:48Z,dipole-dipole,5,3,1.142,700.6,136.060,5.122,0.01533,0.00143,0.02403;0.02064;0.02266;0.01916;0.01638;0.01475;0.01246;0.00939;0.00815;0.00561,
line-a-r00845,line-a,line-a-e15,33.2018797,-116.1524803,180.0,line-a-e16,33.2020391,-116.1522907,180.0,line-a-e22,33.2029954,-116.1511532,180.0,line-a-e23,33.2031548,-116.1509636,180.0,2026-08-17T17:14:00Z,dipole-dipole,6,5,1.069,748.1,143.598,5.668,0.01827,0.00186,0.02954;0.02559;0.02581;0.02288;0.02014;0.01644;0.01337;0.01210;0.00946;0.00711,
line-a-r00846,line-a,line-a-e15,33.2018797,-116.1524803,180.0,line-a-e16,33.2020391,-116.1522907,180.0,line-a-e22,33.2029954,-116.1511532,180.0,line-a-e23,33.2031548,-116.1509636,180.0,2026-08-17T17:14:12Z,dipole-dipole,6,7,0.795,1005.7,136.532,5.975,0.01592,0.00209,0.02486;0.02404;0.02384;0.02028;0.01607;0.01551;0.01165;0.01040;0.00747;0.00549,
line-a-r00847,line-a,line-a-e15,33.2018797,-116.1524803,180.0,line-a-e16,33.2020391,-116.1522907,180.0,line-a-e22,33.2029954,-116.1511532,180.0,line-a-e23,33.2031548,-116.1509636,180.0,2026-08-17T17:14:24Z,dipole-dipole,6,8,1.275,627.4,134.303,4.878,0.01519,0.00221,0.02554;0.02056;0.02008;0.01902;0.01751;0.01370;0.01261;0.01006;0.00742;0.00543,
line-a-r00848,line-a,line-a-e15,33.2018797,-116.1524803,180.0,line-a-e16,33.2020391,-116.1522907,180.0,line-a-e22,33.2029954,-116.1511532,180.0,line-a-e23,33.2031548,-116.1509636,180.0,2026-08-17T17:14:36Z,dipole-dipole,6,7,0.758,1056.0,134.690,4.617,0.01846,0.00238,0.03033;0.02428;0.02541;0.02180;0.01937;0.01580;0.01439;0.01351;0.00842;0.00695,
line-a-r00849,line-a,line-a-e15,33.2018797,-116.1524803,180.0,line-a-e16,33.2020391,-116.1522907,180.0,line-a-e22,33.2029954,-116.1511532,180.0,line-a-e23,33.2031548,-116.1509636,180.0,2026-08-17T17:14:48Z,dipole-dipole,6,4,1.286,622.0,143.993,4.624,0.01844,0.00192,0.03203;0.02627;0.02281;0.02325;0.02031;0.01694;0.01408;0.01061;0.00904;0.00653,
line-a-r00850,line-a,line-a-e15,33.2018797,-116.1524803,180.0,line-a-e16,33.2020391,-116.1522907,180.0,line-a-e22,33.2029954,-116.1511532,180.0,line-a-e23,33.2031548,-116.1509636,180.0,2026-08-17T17:15:00Z,dipole-dipole,6,7,0.953,839.6,130.640,3.915,0.01780,0.00184,0.02884;0.02726;0.02561;0.02067;0.01941;0.01485;0.01390;0.01116;0.00876;0.00671,
line-a-r00851,line-a,line-a-e15,33.2018797,-116.1524803,180.0,line-a-e16,33.2020391,-116.1522907,180.0,line-a-e22,33.2029954,-116.1511532,180.0,line-a-e23,33.2031548,-116.1509636,180.0,2026-08-17T17:15:12Z,dipole-dipole,6,7,0.881,908.0,134.986,4.973,0.01809,0.00163,0.02944;0.02601;0.02535;0.02335;0.01971;0.01765;0.01329;0.01288;0.01025;0.00632,
line-a-r00852,line-a,line-a-e15,33.2018797,-116.1524803,180.0,line-a-e16,33.2020391,-116.1522907,180.0,line-a-e22,33.2029954,-116.1511532,180.0,line-a-e23,33.2031548,-116.1509636,180.0,2026-08-17T17:15:24Z,dipole-dipole,6,3,0.731,1094.1,137.764,6.611,0.01746,0.00163,0.02965;0.02852;0.02537;0.02019;0.01956;0.01609;0.01386;0.01091;0.00826;0.00598,
line-a-r00853,line-a,line-a-e15,33.2018797,-116.1524803,180.0,line-a-e16,33.2020391,-116.1522907,180.0,line-a-e23,33.2031548,-116.1509636,180.0,line-a-e24,33.2033142,-116.1507740,180.0,2026-08-17T17:15:36Z,dipole-dipole,7,4,0.888,900.6,131.556,5.650,0.02394,0.00185,0.03438;0.03483;0.02983;0.02702;0.02435;0.02618;0.01763;0.01556;0.01120;0.00806,
line-a-r00854,line-a,line-a-e15,33.2018797,-116.1524803,180.0,line-a-e16,33.2020391,-116.1522907,180.0,line-a-e23,33.2031548,-116.1509636,180.0,line-a-e24,33.2033142,-116.1507740,180.0,2026-08-17T17:15:48Z,dipole-dipole,7,4,0.774,1033.3,122.137,5.358,0.02194,0.00163,0.03369;0.03647;0.02851;0.02786;0.02085;0.02041;0.01509;0.01510;0.01081;0.00821,
line-a-r00855,line-a,line-a-e15,33.2018797,-116.1524803,180.0,line-a-e16,33.2020391,-116.1522907,180.0,line-a-e23,33.2031548,-116.1509636,180.0,line-a-e24,33.2033142,-116.1507740,180.0,2026-08-17T17:16:00Z,dipole-dipole,7,6,1.207,662.7,126.488,5.854,0.01880,0.00207,0.02841;0.02854;0.02621;0.02237;0.02114;0.01666;0.01463;0.01186;0.01021;0.00675,
line-a-r00856,line-a,line-a-e15,33.2018797,-116.1524803,180.0,line-a-e16,33.2020391,-116.1522907,180.0,line-a-e23,33.2031548,-116.1509636,180.0,line-a-e24,33.2033142,-116.1507740,180.0,2026-08-17T17:16:12Z,dipole-dipole,7,5,1.122,713.0,130.388,6.051,0.02029,0.00184,0.03012;0.02923;0.02864;0.02653;0.02047;0.02159;0.01440;0.01306;0.00980;0.00720,
line-a-r00857,line-a,line-a-e15,33.2018797,-116.1524803,180.0,line-a-e16,33.2020391,-116.1522907,180.0,line-a-e23,33.2031548,-116.1509636,180.0,line-a-e24,33.2033142,-116.1507740,180.0,2026-08-17T17:16:24Z,dipole-dipole,7,5,1.190,672.0,138.010,4.422,0.02313,0.00169,0.03664;0.03501;0.03069;0.02390;0.02331;0.02257;0.01678;0.01353;0.01141;0.00820,
line-a-r00858,line-a,line-a-e15,33.2018797,-116.1524803,180.0,line-a-e16,33.2020391,-116.1522907,180.0,line-a-e23,33.2031548,-116.1509636,180.0,line-a-e24,33.2033142,-116.1507740,180.0,2026-08-17T17:16:36Z,dipole-dipole,7,4,1.005,795.8,126.489,6.602,0.02098,0.03727,0.03722;0.03124;0.02759;0.02536;0.02144;0.01983;0.01573;0.01387;0.01081;0.00723,
line-a-r00859,line-a,line-a-e15,33.2018797,-116.1524803,180.0,line-a-e16,33.2020391,-116.1522907,180.0,line-a-e23,33.2031548,-116.1509636,180.0,line-a-e24,33.2033142,-116.1507740,180.0,2026-08-17T17:16:48Z,dipole-dipole,7,8,0.848,943.7,133.050,5.400,0.02060,0.00145,0.03556;0.02909;0.02961;0.02454;0.02119;0.01938;0.01848;0.01299;0.01014;0.00618,
line-a-r00860,line-a,line-a-e15,33.2018797,-116.1524803,180.0,line-a-e16,33.2020391,-116.1522907,180.0,line-a-e23,33.2031548,-116.1509636,180.0,line-a-e24,33.2033142,-116.1507740,180.0,2026-08-17T17:17:00Z,dipole-dipole,7,3,0.891,898.2,127.587,4.658,0.02057,0.00160,0.03437;0.03351;0.02562;0.02643;0.02297;0.02002;0.01553;0.01344;0.00943;0.00687,
line-a-r00861,line-a,line-a-e15,33.2018797,-116.1524803,180.0,line-a-e16,33.2020391,-116.1522907,180.0,line-a-e24,33.2033142,-116.1507740,180.0,line-a-e25,33.2034736,-116.1505844,180.0,2026-08-17T17:17:12Z,dipole-dipole,8,5,0.972,822.8,123.826,5.687,0.02480,0.00206,0.04031;0.03552;0.03094;0.03142;0.03010;0.02135;0.01992;0.01486;0.01238;0.00871,
line-a-r00862,line-a,line-a-e15,33.2018797,-116.1524803,180.0,line-a-e16,33.2020391,-116.1522907,180.0,line-a-e24,33.2033142,-116.1507740,180.0,line-a-e25,33.2034736,-116.1505844,180.0,2026-08-17T17:17:24Z,dipole-dipole,8,8,1.053,759.4,120.467,7.908,0.02139,0.00152,0.03653;0.03343;0.02678;0.02507;0.02351;0.02107;0.01766;0.01444;0.01026;0.00847,
line-a-r00863,line-a,line-a-e15,33.2018797,-116.1524803,180.0,line-a-e16,33.2020391,-116.1522907,180.0,line-a-e24,33.2033142,-116.1507740,180.0,line-a-e25,33.2034736,-116.1505844,180.0,2026-08-17T17:17:36Z,dipole-dipole,8,7,0.997,802.0,130.532,4.939,0.02134,0.00163,0.03263;0.03164;0.02646;0.02412;0.02151;0.02245;0.01808;0.01352;0.01087;0.00828,
line-a-r00864,line-a,line-a-e15,33.2018797,-116.1524803,180.0,line-a-e16,33.2020391,-116.1522907,180.0,line-a-e24,33.2033142,-116.1507740,180.0,line-a-e25,33.2034736,-116.1505844,180.0,2026-08-17T17:17:48Z,dipole-dipole,8,7,0.947,844.6,121.360,4.551,0.02470,0.00224,0.03596;0.03720;0.03174;0.03091;0.02839;0.02475;0.01930;0.01664;0.01272;0.00869,
line-a-r00865,line-a,line-a-e15,33.2018797,-116.1524803,180.0,line-a-e16,33.2020391,-116.1522907,180.0,line-a-e24,33.2033142,-116.1507740,180.0,line-a-e25,33.2034736,-116.1505844,180.0,2026-08-17T17:18:00Z,dipole-dipole,8,8,0.841,951.1,125.146,4.556,0.02235,0.00196,0.03603;0.03323;0.03158;0.02683;0.02661;0.02065;0.01693;0.01435;0.01052;0.00842,
line-a-r00866,line-a,line-a-e15,33.2018797,-116.1524803,180.0,line-a-e16,33.2020391,-116.1522907,180.0,line-a-e24,33.2033142,-116.1507740,180.0,line-a-e25,33.2034736,-116.1505844,180.0,2026-08-17T17:18:12Z,dipole-dipole,8,7,0.935,855.7,119.375,4.848,0.02589,0.00194,0.04014;0.03887;0.03355;0.03327;0.02657;0.02508;0.01879;0.01705;0.01171;0.00899,
line-a-r00867,line-a,line-a-e16,33.2020391,-116.1522907,180.0,line-a-e17,33.2021985,-116.1521011,180.0,line-a-e20,33.2026766,-116.1515324,180.0,line-a-e21,33.2028360,-116.1513428,180.0,2026-08-17T17:18:24Z,dipole-dipole,3,4,0.816,980.4,181.565,6.268,0.00433,0.00104,0.00737;0.00538;0.00569;0.00536;0.00455;0.00411;0.00355;0.00274;0.00196;0.00165,
line-a-r00868,line-a,line-a-e16,33.2020391,-116.1522907,180.0,line-a-e17,33.2021985,-116.1521011,180.0,line-a-e20,33.2026766,-116.1515324,180.0,line-a-e21,33.2028360,-116.1513428,180.0,2026-08-17T17:18:36Z,dipole-dipole,3,7,0.769,1040.3,189.813,6.419,0.00611,0.00141,0.00942;0.00992;0.00835;0.00720;0.00659;0.00548;0.00544;0.00349;0.00326;0.00212,
line-a-r00869,line-a,line-a-e16,33.2020391,-116.1522907,180.0,line-a-e17,33.2021985,-116.1521011,180.0,line-a-e20,33.2026766,-116.1515324,180.0,line-a-e21,33.2028360,-116.1513428,180.0,2026-08-17T17:18:48Z,dipole-dipole,3,5,0.923,866.6,180.044,9.460,0.00726,0.00124,0.01105;0.01100;0.01002;0.00881;0.00790;0.00726;0.00593;0.00504;0.00346;0.00266,
line-a-r00870,line-a,line-a-e16,33.2020391,-116.1522907,180.0,line-a-e17,33.2021985,-116.1521011,180.0,line-a-e20,33.2026766,-116.1515324,180.0,line-a-e21,33.2028360,-116.1513428,180.0,2026-08-17T17:19:00Z,dipole-dipole,3,8,0.800,1000.0,181.628,6.915,0.00678,0.00111,0.01095;0.01045;0.00921;0.00871;0.00820;0.00580;0.00543;0.00426;0.00311;0.00266,
line-a-r00871,line-a,line-a-e16,33.2020391,-116.1522907,180.0,line-a-e17,33.2021985,-116.1521011,180.0,line-a-e20,33.2026766,-116.1515324,180.0,line-a-e21,33.2028360,-116.1513428,180.0,2026-08-17T17:19:12Z,dipole-dipole,3,3,1.002,798.5,177.371,5.806,0.00520,0.00106,0.00842;0.00698;0.00688;0.00627;0.00597;0.00518;0.00407;0.00360;0.00251;0.00171,
line-a-r00872,line-a,line-a-e16,33.2020391,-116.1522907,180.0,line-a-e17,33.2021985,-116.1521011,180.0,line-a-e20,33.2026766,-116.1515324,180.0,line-a-e21,33.2028360,-116.1513428,180.0,2026-08-17T17:19:24Z,dipole-dipole,3,5,1.196,668.9,167.825,6.148,0.00416,0.00104,0.00567;0.00696;0.00610;0.00551;0.00453;0.00360;0.00312;0.00285;0.00190;0.00157,
line-a-r00873,line-a,line-a-e16,33.2020391,-116.1522907,180.0,line-a-e17,33.2021985,-116.1521011,180.0,line-a-e20,33.2026766,-116.1515324,180.0,line-a-e21,33.2028360,-116.1513428,180.0,2026-08-17T17:19:36Z,dipole-dipole,3,8,0.992,806.1,185.588,6.444,0.00762,0.00112,0.01213;0.01098;0.00935;0.00933;0.00852;0.00678;0.00612;0.00447;0.00401;0.00286,
line-a-r00874,line-a,line-a-e16,33.2020391,-116.1522907,180.0,line-a-e17,33.2021985,-116.1521011,180.0,line-a-e20,33.2026766,-116.1515324,180.0,line-a-e21,33.2028360,-116.1513428,180.0,2026-08-17T17:19:48Z,dipole-dipole,3,4,0.991,807.4,186.144,484.066,0.00689,0.00104,0.01166;0.01160;0.00933;0.00813;0.00773;0.00663;0.00562;0.00476;0.00333;0.00252,
line-a-r00875,line-a,line-a-e16,33.2020391,-116.1522907,180.0,line-a-e17,33.2021985,-116.1521011,180.0,line-a-e21,33.2028360,-116.1513428,180.0,line-a-e22,33.2029954,-116.1511532,180.0,2026-08-17T17:20:00Z,dipole-dipole,4,8,0.732,1092.7,179.578,6.910,0.00819,0.00093,0.01307;0.01291;0.01118;0.01053;0.00932;0.00800;0.00592;0.00534;0.00408;0.00278,
line-a-r00876,line-a,line-a-e16,33.2020391,-116.1522907,180.0,line-a-e17,33.2021985,-116.1521011,180.0,line-a-e21,33.2028360,-116.1513428,180.0,line-a-e22,33.2029954,-116.1511532,180.0,2026-08-17T17:20:12Z,dipole-dipole,4,6,0.774,1033.0,166.911,5.333,0.01117,0.00107,0.01919;0.01700;0.01517;0.01456;0.01215;0.00982;0.00863;0.00691;0.00530;0.00452,
line-a-r00877,line-a,line-a-e16,33.2020391,-116.1522907,180.0,line-a-e17,33.2021985,-116.1521011,180.0,line-a-e21,33.2028360,-116.1513428,180.0,line-a-e22,33.2029954,-116.1511532,180.0,2026-08-17T17:20:24Z,dipole-dipole,4,5,0.969,825.6,173.922,8.421,0.00964,0.00101,0.01686;0.01357;0.01280;0.01279;0.01075;0.00877;0.00776;0.00627;0.00461;0.00323,
line-a-r00878,line-a,line-a-e16,33.2020391,-116.1522907,180.0,line-a-e17,33.2021985,-116.1521011,180.0,line-a-e21,33.2028360,-116.1513428,180.0,line-a-e22,33.2029954,-116.1511532,180.0,2026-08-17T17:20:36Z,dipole-dipole,4,8,0.986,811.8,177.524,9.499,0.00975,0.00149,0.01607;0.01279;0.01246;0.01206;0.01166;0.00882;0.00778;0.00596;0.00444;0.00388,
line-a-r00879,line-a,line-a-e16,33.2020391,-116.1522907,180.0,line-a-e17,33.2021985,-116.1521011,180.0,line-a-e21,33.2028360,-116.1513428,180.0,line-a-e22,33.2029954,-116.1511532,180.0,2026-08-17T17:20:48Z,dipole-dipole,4,3,0.946,845.4,177.507,6.841,0.01178,0.00147,0.01801;0.01910;0.01634;0.01367;0.01172;0.01070;0.01057;0.00831;0.00623;0.00421,
line-a-r00880,line-a,line-a-e16,33.2020391,-116.1522907,180.0,line-a-e17,33.2021985,-116.1521011,180.0,line-a-e21,33.2028360,-116.1513428,180.0,line-a-e22,33.2029954,-116.1511532,180.0,2026-08-17T17:21:00Z,dipole-dipole,4,7,0.947,844.4,166.238,6.898,0.01114,0.00131,0.01773;0.01738;0.01491;0.01330;0.01321;0.01121;0.00815;0.00785;0.00491;0.00391,
line-a-r00881,line-a,line-a-e16,33.2020391,-116.1522907,180.0,line-a-e17,33.2021985,-116.1521011,180.0,line-a-e22,33.2029954,-116.1511532,180.0,line-a-e23,33.2031548,-116.1509636,180.0,2026-08-17T17:21:12Z,dipole-dipole,5,6,0.772,1036.2,143.060,7.219,0.01146,0.00153,0.01862;0.01659;0.01689;0.01438;0.01447;0.01056;0.00970;0.00751;0.00530;0.00403,
line-a-r00882,line-a,line-a-e16,33.2020391,-116.1522907,180.0,line-a-e17,33.2021985,-116.1521011,180.0,line-a-e22,33.2029954,-116.1511532,180.0,line-a-e23,33.2031548,-116.1509636,180.0,2026-08-17T17:21:24Z,dipole-dipole,5,8,0.985,812.1,-189.193,5.273,0.01188,0.00134,0.01847;0.01705;0.01589;0.01449;0.01226;0.01109;0.00960;0.00756;0.00573;0.00426,
line-a-r00883,line-a,line-a-e16,33.2020391,-116.1522907,180.0,line-a-e17,33.2021985,-116.1521011,180.0,line-a-e22,33.2029954,-116.1511532,180.0,line-a-e23,33.2031548,-116.1509636,180.0,2026-08-17T17:21:36Z,dipole-dipole,5,8,1.012,790.2,148.393,5.735,0.01617,0.00182,0.02502;0.02178;0.02039;0.01889;0.01519;0.01483;0.01281;0.01030;0.00916;0.00577,
line-a-r00884,line-a,line-a-e16,33.2020391,-116.1522907,180.0,line-a-e17,33.2021985,-116.1521011,180.0,line-a-e22,33.2029954,-116.1511532,180.0,line-a-e23,33.2031548,-116.1509636,180.0,2026-08-17T17:21:48Z,dipole-dipole,5,7,0.980,816.1,156.700,297.681,0.01084,0.00146,0.01537;0.01545;0.01520;0.01397;0.01277;0.00993;0.00883;0.00743;0.00553;0.00374,
line-a-r00885,line-a,line-a-e16,33.2020391,-116.1522907,180.0,line-a-e17,33.2021985,-116.1521011,180.0,line-a-e22,33.2029954,-116.1511532,180.0,line-a-e23,33.2031548,-116.1509636,180.0,2026-08-17T17:22:00Z,dipole-dipole,5,8,0.766,1044.5,153.713,6.720,0.01279,0.00122,0.01903;0.01929;0.01820;0.01678;0.01441;0.01238;0.01033;0.00846;0.00594;0.00455,
line-a-r00886,line-a,line-a-e16,33.2020391,-116.1522907,180.0,line-a-e17,33.2021985,-116.1521011,180.0,line-a-e22,33.2029954,-116.1511532,180.0,line-a-e23,33.2031548,-116.1509636,180.0,2026-08-17T17:22:12Z,dipole-dipole,5,4,1.221,655.4,153.671,5.995,0.01114,0.00128,0.01730;0.01581;0.01335;0.01337;0.01227;0.00962;0.00890;0.00682;0.00518;0.00423,
line-a-r00887,line-a,line-a-e16,33.2020391,-116.1522907,180.0,line-a-e17,33.2021985,-116.1521011,180.0,line-a-e22,33.2029954,-116.1511532,180.0,line-a-e23,33.2031548,-116.1509636,180.0,2026-08-17T17:22:24Z,dipole-dipole,5,4,0.878,911.0,154.904,4.894,0.01204,0.00143,0.01839;0.01764;0.01509;0.01385;0.01306;0.01209;0.00968;0.00790;0.00600;0.00424,
line-a-r00888,line-a,line-a-e16,33.2020391,-116.1522907,180.0,line-a-e17,33.2021985,-116.1521011,180.0,line-a-e23,33.2031548,-116.1509636,180.0,line-a-e24,33.2033142,-116.1507740,180.0,2026-08-17T17:22:36Z,dipole-dipole,6,4,0.968,826.2,141.805,5.143,0.01733,0.00163,0.02616;0.02562;0.02290;0.02291;0.02085;0.01622;0.01502;0.01097;0.00880;0.00571,
line-a-r00889,line-a,line-a-e16,33.2020391,-116.1522907,180.0,line-a-e17,33.2021985,-116.1521011,180.0,line-a-e23,33.2031548,-116.1509636,180.0,line-a-e24,33.2033142,-116.1507740,180.0,2026-08-17T17:22:48Z,dipole-dipole,6,5,1.304,613.3,150.659,4.670,0.01656,0.00146,0.02756;0.02331;0.02451;0.02076;0.01899;0.01552;0.01277;0.01038;0.00811;0.00564,
line-a-r00890,line-a,line-a-e16,33.2020391,-116.1522907,180.0,line-a-e17,33.2021985,-116.1521011,180.0,line-a-e23,33.2031548,-116.1509636,180.0,line-a-e24,33.2033142,-116.1507740,180.0,2026-08-17T17:23:00Z,dipole-dipole,6,3,0.725,1102.7,140.429,6.576,0.01459,0.00165,0.02368;0.02155;0.01920;0.01823;0.01404;0.01267;0.01230;0.00906;0.00778;0.00529,
line-a-r00891,line-a,line-a-e16,33.2020391,-116.1522907,180.0,line-a-e17,33.2021985,-116.1521011,180.0,line-a-e23,33.2031548,-116.1509636,180.0,line-a-e24,33.2033142,-116.1507740,180.0,2026-08-17T17:23:12Z,dipole-dipole,6,7,0.808,990.4,134.555,5.558,0.01506,0.00257,0.02342;0.02049;0.01927;0.02023;0.01693;0.01467;0.01243;0.01084;0.00770;0.00553,
line-a-r00892,line-a,line-a-e16,33.2020391,-116.1522907,180.0,line-a-e17,33.2021985,-116.1521011,180.0,line-a-e23,33.2031548,-116.1509636,180.0,line-a-e24,33.2033142,-116.1507740,180.0,2026-08-17T17:23:24Z,dipole-dipole,6,6,1.039,770.1,144.450,6.807,0.01781,0.00149,0.02990;0.02584;0.02279;0.02081;0.02066;0.01761;0.01395;0.01235;0.00842;0.00590,
line-a-r00893,line-a,line-a-e16,33.2020391,-116.1522907,180.0,line-a-e17,33.2021985,-116.1521011,180.0,line-a-e23,33.2031548,-116.1509636,180.0,line-a-e24,33.2033142,-116.1507740,180.0,2026-08-17T17:23:36Z,dipole-dipole,6,7,1.169,684.1,148.695,5.234,0.01647,0.00145,0.02525;0.02406;0.02096;0.01984;0.01841;0.01651;0.01313;0.01015;0.00717;0.00575,
line-a-r00894,line-a,line-a-e16,33.2020391,-116.1522907,180.0,line-a-e17,33.2021985,-116.1521011,180.0,line-a-e24,33.2033142,-116.1507740,180.0,line-a-e25,33.2034736,-116.1505844,180.0,2026-08-17T17:23:48Z,dipole-dipole,7,8,0.955,837.5,131.149,4.837,0.01968,0.00185,0.02870;0.03443;0.02700;0.02418;0.02280;0.01888;0.01600;0.01164;0.00948;0.00713,
line-a-r00895,line-a,line-a-e16,33.2020391,-116.1522907,180.0,line-a-e17,33.2021985,-116.1521011,180.0,line-a-e24,33.2033142,-116.1507740,180.0,line-a-e25,33.2034736,-116.1505844,180.0,2026-08-17T17:24:00Z,dipole-dipole,7,3,0.853,937.8,132.085,4.746,0.01910,0.00186,0.03271;0.02961;0.02589;0.02409;0.02062;0.01853;0.01533;0.01131;0.00859;0.00657,
line-a-r00896,line-a,line-a-e16,33.2020391,-116.1522907,180.0,line-a-e17,33.2021985,-116.1521011,180.0,line-a-e24,33.2033142,-116.1507740,180.0,line-a-e25,33.2034736,-116.1505844,180.0,2026-08-17T17:24:12Z,dipole-dipole,7,3,1.001,799.1,133.850,4.876,0.02016,0.00180,0.03318;0.02894;0.02765;0.02367;0.02202;0.01937;0.01659;0.01333;0.00954;0.00665,
line-a-r00897,line-a,line-a-e16,33.2020391,-116.1522907,180.0,line-a-e17,33.2021985,-116.1521011,180.0,line-a-e24,33.2033142,-116.1507740,180.0,line-a-e25,33.2034736,-116.1505844,180.0,2026-08-17T17:24:24Z,dipole-dipole,7,4,0.999,800.5,140.457,4.751,0.01681,0.00151,0.02695;0.02534;0.02295;0.01986;0.01888;0.01478;0.01278;0.01073;0.00757;0.00610,
line-a-r00898,line-a,line-a-e16,33.2020391,-116.1522907,180.0,line-a-e17,33.2021985,-116.1521011,180.0,line-a-e24,33.2033142,-116.1507740,180.0,line-a-e25,33.2034736,-116.1505844,180.0,2026-08-17T17:24:36Z,dipole-dipole,7,8,0.893,895.9,141.553,4.373,0.02062,0.00220,0.03344;0.02919;0.02903;0.02665;0.01735;0.01919;0.01458;0.01430;0.01029;0.00793,
line-a-r00899,line-a,line-a-e16,33.2020391,-116.1522907,180.0,line-a-e17,33.2021985,-116.1521011,180.0,line-a-e24,33.2033142,-116.1507740,180.0,line-a-e25,33.2034736,-116.1505844,180.0,2026-08-17T17:24:48Z,dipole-dipole,7,8,0.874,915.2,129.432,5.272,0.02107,0.00209,0.03764;0.03330;0.02800;0.02679;0.02373;0.02053;0.01825;0.01324;0.00954;0.00716,
line-a-r00900,line-a,line-a-e16,33.2020391,-116.1522907,180.0,line-a-e17,33.2021985,-116.1521011,180.0,line-a-e24,33.2033142,-116.1507740,180.0,line-a-e25,33.2034736,-116.1505844,180.0,2026-08-17T17:25:00Z,dipole-dipole,7,4,1.087,736.2,139.920,242.853,0.01872,0.00173,0.03059;0.03061;0.02330;0.02334;0.01801;0.01747;0.01568;0.01120;0.00928;0.00749,
line-a-r00901,line-a,line-a-e16,33.2020391,-116.1522907,180.0,line-a-e17,33.2021985,-116.1521011,180.0,line-a-e24,33.2033142,-116.1507740,180.0,line-a-e25,33.2034736,-116.1505844,180.0,2026-08-17T17:25:12Z,dipole-dipole,7,8,1.005,795.9,142.485,6.771,0.01761,0.00169,0.03026;0.02382;0.02296;0.02064;0.01849;0.01644;0.01367;0.01091;0.00793;0.00636,
line-a-r00902,line-a,line-a-e16,33.2020391,-116.1522907,180.0,line-a-e17,33.2021985,-116.1521011,180.0,line-a-e25,33.2034736,-116.1505844,180.0,line-a-e26,33.2036330,-116.1503948,180.0,2026-08-17T17:25:24Z,dipole-dipole,8,3,0.827,967.3,133.800,5.702,0.01981,0.00192,0.03200;0.02967;0.02910;0.02641;0.02016;0.01882;0.01486;0.01174;0.01005;0.00761,
line-a-r00903,line-a,line-a-e16,33.2020391,-116.1522907,180.0,line-a-e17,33.2021985,-116.1521011,180.0,line-a-e25,33.2034736,-116.1505844,180.0,line-a-e26,33.2036330,-116.1503948,180.0,2026-08-17T17:25:36Z,dipole-dipole,8,8,1.112,719.7,142.257,4.585,0.02088,0.00204,0.03174;0.03282;0.02787;0.03008;0.02449;0.02014;0.01740;0.01411;0.01165;0.00747,
line-a-r00904,line-a,line-a-e16,33.2020391,-116.1522907,180.0,line-a-e17,33.2021985,-116.1521011,180.0,line-a-e25,33.2034736,-116.1505844,180.0,line-a-e26,33.2036330,-116.1503948,180.0,2026-08-17T17:25:48Z,dipole-dipole,8,7,1.028,778.5,131.737,6.463,0.01823,0.00228,0.02815;0.02674;0.02338;0.02224;0.01985;0.01799;0.01499;0.01070;0.00864;0.00671,
line-a-r00905,line-a,line-a-e16,33.2020391,-116.1522907,180.0,line-a-e17,33.2021985,-116.1521011,180.0,line-a-e25,33.2034736,-116.1505844,180.0,line-a-e26,33.2036330,-116.1503948,180.0,2026-08-17T17:26:00Z,dipole-dipole,8,7,0.843,949.3,142.561,5.803,0.02558,0.00148,0.03949;0.03737;0.03141;0.03069;0.03184;0.02534;0.01829;0.01712;0.01410;0.00853,
line-a-r00906,line-a,line-a-e16,33.2020391,-116.1522907,180.0,line-a-e17,33.2021985,-116.1521011,180.0,line-a-e25,33.2034736,-116.1505844,180.0,line-a-e26,33.2036330,-116.1503948,180.0,2026-08-17T17:26:12Z,dipole-dipole,8,4,0.920,869.9,131.411,5.860,0.02333,0.00172,0.03724;0.03558;0.03373;0.02678;0.02558;0.02176;0.02034;0.01516;0.01096;0.00809,
line-a-r00907,line-a,line-a-e16,33.2020391,-116.1522907,180.0,line-a-e17,33.2021985,-116.1521011,180.0,line-a-e25,33.2034736,-116.1505844,180.0,line-a-e26,33.2036330,-116.1503948,180.0,2026-08-17T17:26:24Z,dipole-dipole,8,4,0.937,853.9,131.532,5.424,0.01602,0.00190,0.02661;0.02516;0.02251;0.02103;0.01722;0.01352;0.01208;0.01004;0.00714;0.00559,
line-a-r00908,line-a,line-a-e16,33.2020391,-116.1522907,180.0,line-a-e17,33.2021985,-116.1521011,180.0,line-a-e25,33.2034736,-116.1505844,180.0,line-a-e26,33.2036330,-116.1503948,180.0,2026-08-17T17:26:36Z,dipole-dipole,8,4,0.904,885.2,130.656,5.095,0.01941,0.00156,0.03088;0.03024;0.02439;0.02222;0.02096;0.01790;0.01495;0.01220;0.00818;0.00749,
line-a-r00909,line-a,line-a-e16,33.2020391,-116.1522907,180.0,line-a-e17,33.2021985,-116.1521011,180.0,line-a-e25,33.2034736,-116.1505844,180.0,line-a-e26,33.2036330,-116.1503948,180.0,2026-08-17T17:26:48Z,dipole-dipole,8,5,0.896,892.6,136.626,5.373,0.01908,0.00191,0.03121;0.02785;0.02630;0.02235;0.01921;0.01697;0.01394;0.01185;0.00841;0.00696,
line-a-r00910,line-a,line-a-e17,33.2021985,-116.1521011,180.0,line-a-e18,33.2023579,-116.1519116,180.0,line-a-e20,33.2026766,-116.1515324,180.0,line-a-e21,33.2028360,-116.1513428,180.0,2026-08-17T17:27:00Z,dipole-dipole,2,5,1.037,771.6,192.805,7.038,0.00570,0.00093,0.00915;0.00847;0.00789;0.00651;0.00630;0.00569;0.00445;0.00403;0.00305;0.00216,
line-a-r00911,line-a,line-a-e17,33.2021985,-116.1521011,180.0,line-a-e18,33.2023579,-116.1519116,180.0,line-a-e20,33.2026766,-116.1515324,180.0,line-a-e21,33.2028360,-116.1513428,180.0,2026-08-17T17:27:12Z,dipole-dipole,2,8,0.958,835.4,200.366,5.603,0.00438,0.00098,0.00637;0.00644;0.00645;0.00556;0.00494;0.00437;0.00334;0.00242;0.00218;0.00135,
line-a-r00912,line-a,line-a-e17,33.2021985,-116.1521011,180.0,line-a-e18,33.2023579,-116.1519116,180.0,line-a-e20,33.2026766,-116.1515324,180.0,line-a-e21,33.2028360,-116.1513428,180.0,2026-08-17T17:27:24Z,dipole-dipole,2,6,1.839,434.9,196.450,8.048,0.00482,0.00112,0.00845;0.00675;0.00710;0.00582;0.00505;0.00474;0.00378;0.00305;0.00207;0.00162,
line-a-r00913,line-a,line-a-e17,33.2021985,-116.1521011,180.0,line-a-e18,33.2023579,-116.1519116,180.0,line-a-e20,33.2026766,-116.1515324,180.0,line-a-e21,33.2028360,-116.1513428,180.0,2026-08-17T17:27:36Z,dipole-dipole,2,6,1.012,790.9,207.160,7.404,0.00367,0.00110,0.00549;0.00571;0.00475;0.00443;0.00406;0.00392;0.00296;0.00222;0.00181;0.00121,
line-a-r00914,line-a,line-a-e17,33.2021985,-116.1521011,180.0,line-a-e18,33.2023579,-116.1519116,180.0,line-a-e20,33.2026766,-116.1515324,180.0,line-a-e21,33.2028360,-116.1513428,180.0,2026-08-17T17:27:48Z,dipole-dipole,2,6,1.082,739.3,191.492,8.846,0.00687,0.00107,0.01224;0.00949;0.00943;0.00865;0.00718;0.00662;0.00548;0.00412;0.00346;0.00230,
line-a-r00915,line-a,line-a-e17,33.2021985,-116.1521011,180.0,line-a-e18,33.2023579,-116.1519116,180.0,line-a-e20,33.2026766,-116.1515324,180.0,line-a-e21,33.2028360,-116.1513428,180.0,2026-08-17T17:28:00Z,dipole-dipole,2,8,1.106,723.6,197.544,6.477,0.00522,0.00096,0.00812;0.00781;0.00673;0.00651;0.00626;0.00524;0.00390;0.00309;0.00257;0.00191,
line-a-r00916,line-a,line-a-e17,33.2021985,-116.1521011,180.0,line-a-e18,33.2023579,-116.1519116,180.0,line-a-e20,33.2026766,-116.1515324,180.0,line-a-e21,33.2028360,-116.1513428,180.0,2026-08-17T17:28:12Z,dipole-dipole,2,6,1.087,736.0,192.466,7.349,0.00607,0.00131,0.00995;0.00815;0.00894;0.00702;0.00702;0.00572;0.00438;0.00385;0.00287;0.00207,
line-a-r00917,line-a,line-a-e17,33.2021985,-116.1521011,180.0,line-a-e18,33.2023579,-116.1519116,180.0,line-a-e21,33.2028360,-116.1513428,180.0,line-a-e22,33.2029954,-116.1511532,180.0,2026-08-17T17:28:24Z,dipole-dipole,3,6,1.021,783.7,203.103,6.789,0.00325,0.00089,0.00542;0.00479;0.00459;0.00420;0.00359;0.00275;0.00255;0.00195;0.00146;0.00109,
line-a-r00918,line-a,line-a-e17,33.2021985,-116.1521011,180.0,line-a-e18,33.2023579,-116.1519116,180.0,line-a-e21,33.2028360,-116.1513428,180.0,line-a-e22,33.2029954,-116.1511532,180.0,2026-08-17T17:28:36Z,dipole-dipole,3,4,0.825,969.6,194.099,7.038,0.00641,0.00118,0.01054;0.00950;0.00832;0.00802;0.00707;0.00637;0.00502;0.00388;0.00296;0.00209,
line-a-r00919,line-a,line-a-e17,33.2021985,-116.1521011,180.0,line-a-e18,33.2023579,-116.1519116,180.0,line-a-e21,33.2028360,-116.1513428,180.0,line-a-e22,33.2029954,-116.1511532,180.0,2026-08-17T17:28:48Z,dipole-dipole,3,7,1.035,772.6,181.405,5.693,0.00695,0.00097,0.01100;0.01102;0.00909;0.00882;0.00699;0.00673;0.00516;0.00429;0.00361;0.00255,
line-a-r00920,line-a,line-a-e17,33.2021985,-116.1521011,180.0,line-a-e18,33.2023579,-116.1519116,180.0,line-a-e21,33.2028360,-116.1513428,180.0,line-a-e22,33.2029954,-116.1511532,180.0,2026-08-17T17:29:00Z,dipole-dipole,3,5,1.196,668.7,194.366,6.907,0.00582,0.00115,0.00818;0.00851;0.00785;0.00646;0.00677;0.00563;0.00449;0.00407;0.00284;0.00205,
line-a-r00921,line-a,line-a-e17,33.2021985,-116.1521011,180.0,line-a-e18,33.2023579,-116.1519116,180.0,line-a-e21,33.2028360,-116.1513428,180.0,line-a-e22,33.2029954,-116.1511532,180.0,2026-08-17T17:29:12Z,dipole-dipole,3,6,1.305,613.0,205.846,7.213,0.00819,0.00123,0.01248;0.01217;0.01050;0.01104;0.00959;0.00752;0.00640;0.00537;0.00417;0.00294,
line-a-r00922,line-a,line-a-e17,33.2021985,-116.1521011,180.0,line-a-e18,33.2023579,-116.1519116,180.0,line-a-e21,33.2028360,-116.1513428,180.0,line-a-e22,33.2029954,-116.1511532,180.0,2026-08-17T17:29:24Z,dipole-dipole,3,6,1.109,721.2,179.599,6.934,0.00698,0.00096,0.01169;0.00988;0.00910;0.00869;0.00816;0.00638;0.00526;0.00474;0.00349;0.00274,
line-a-r00923,line-a,line-a-e17,33.2021985,-116.1521011,180.0,line-a-e18,33.2023579,-116.1519116,180.0,line-a-e21,33.2028360,-116.1513428,180.0,line-a-e22,33.2029954,-116.1511532,180.0,2026-08-17T17:29:36Z,dipole-dipole,3,3,1.119,714.7,176.228,6.861,0.00738,0.00112,0.01094;0.01079;0.01064;0.00943;0.00795;0.00704;0.00644;0.00481;0.00354;0.00275,
line-a-r00924,line-a,line-a-e17,33.2021985,-116.1521011,180.0,line-a-e18,33.2023579,-116.1519116,180.0,line-a-e21,33.2028360,-116.1513428,180.0,line-a-e22,33.2029954,-116.1511532,180.0,2026-08-17T17:29:48Z,dipole-dipole,3,3,0.880,908.7,181.894,6.230,0.00642,0.00097,0.01126;0.00974;0.00850;0.00780;0.00676;0.00668;0.00513;0.00417;0.00301;0.00207,
line-a-r00925,line-a,line-a-e17,33.2021985,-116.1521011,180.0,line-a-e18,33.2023579,-116.1519116,180.0,line-a-e22,33.2029954,-116.1511532,180.0,line-a-e23,33.2031548,-116.1509636,180.0,2026-08-17T17:30:00Z,dipole-dipole,4,7,0.854,936.8,177.290,7.493,0.00937,0.00147,0.01448;0.01350;0.01208;0.01176;0.01096;0.00885;0.00717;0.00582;0.00460;0.00325,
line-a-r00926,line-a,line-a-e17,33.2021985,-116.1521011,180.0,line-a-e18,33.2023579,-116.1519116,180.0,line-a-e22,33.2029954,-116.1511532,180.0,line-a-e23,33.2031548,-116.1509636,180.0,2026-08-17T17:30:12Z,dipole-dipole,4,5,0.992,806.1,180.366,6.848,0.00968,0.00149,0.01615;0.01325;0.01344;0.01286;0.01032;0.00876;0.00746;0.00611;0.00466;0.00347,
line-a-r00927,line-a,line-a-e17,33.2021985,-116.1521011,180.0,line-a-e18,33.2023579,-116.1519116,180.0,line-a-e22,33.2029954,-116.1511532,180.0,line-a-e23,33.2031548,-116.1509636,180.0,2026-08-17T17:30:24Z,dipole-dipole,4,8,0.944,847.7,167.139,6.622,0.01127,0.00096,0.00446;0.00544;0.00741;0.00850;0.01179;0.01299;0.01415;0.01475;0.01678;0.01839,
line-a-r00928,line-a,line-a-e17,33.2021985,-116.1521011,180.0,line-a-e18,33.2023579,-116.1519116,180.0,line-a-e22,33.2029954,-116.1511532,180.0,line-a-e23,33.2031548,-116.1509636,180.0,2026-08-17T17:30:36Z,dipole-dipole,4,4,1.118,715.8,172.898,5.203,0.00877,0.00141,0.01445;0.01186;0.01141;0.01020;0.00869;0.00914;0.00688;0.00571;0.00446;0.00348,
line-a-r00929,line-a,line-a-e17,33.2021985,-116.1521011,180.0,line-a-e18,33.2023579,-116.1519116,180.0,line-a-e22,33.2029954,-116.1511532,180.0,line-a-e23,33.2031548,-116.1509636,180.0,2026-08-17T17:30:48Z,dipole-dipole,4,3,0.993,805.8,179.615,6.938,0.00958,0.00133,0.01596;0.01393;0.01438;0.01332;0.01022;0.00863;0.00838;0.00620;0.00443;0.00346,
line-a-r00930,line-a,line-a-e17,33.2021985,-116.1521011,180.0,line-a-e18,33.2023579,-116.1519116,180.0,line-a-e22,33.2029954,-116.1511532,180.0,line-a-e23,33.2031548,-116.1509636,180.0,2026-08-17T17:31:00Z,dipole-dipole,4,8,1.213,659.5,171.764,5.567,0.00791,0.00129,0.01298;0.01196;0.01039;0.01051;0.01006;0.00788;0.00640;0.00510;0.00401;0.00312,
line-a-r00931,line-a,line-a-e17,33.2021985,-116.1521011,180.0,line-a-e18,33.2023579,-116.1519116,180.0,line-a-e22,33.2029954,-116.1511532,180.0,line-a-e23,33.2031548,-116.1509636,180.0,2026-08-17T17:31:12Z,dipole-dipole,4,4,1.012,790.2,177.469,6.342,0.00784,0.00089,0.01278;0.01198;0.01097;0.00859;0.00853;0.00751;0.00607;0.00483;0.00380;0.00271,
line-a-r00932,line-a,line-a-e17,33.2021985,-116.1521011,180.0,line-a-e18,33.2023579,-116.1519116,180.0,line-a-e23,33.2031548,-116.1509636,180.0,line-a-e24,33.2033142,-116.1507740,180.0,2026-08-17T17:31:24Z,dipole-dipole,5,5,1.165,686.8,164.977,5.339,0.01294,0.00135,0.02031;0.02006;0.01623;0.01589;0.01378;0.01181;0.01027;0.00754;0.00663;0.00422,
line-a-r00933,line-a,line-a-e17,33.2021985,-116.1521011,180.0,line-a-e18,33.2023579,-116.1519116,180.0,line-a-e23,33.2031548,-116.1509636,180.0,line-a-e24,33.2033142,-116.1507740,180.0,2026-08-17T17:31:36Z,dipole-dipole,5,3,1.297,617.0,165.868,5.105,0.00966,0.00153,0.01372;0.01447;0.01199;0.01173;0.00980;0.00843;0.00721;0.00718;0.00522;0.00352,
line-a-r00934,line-a,line-a-e17,33.2021985,-116.1521011,180.0,line-a-e18,33.2023579,-116.1519116,180.0,line-a-e23,33.2031548,-116.1509636,180.0,line-a-e24,33.2033142,-116.1507740,180.0,2026-08-17T17:31:48Z,dipole-dipole,5,4,0.981,815.2,161.920,5.653,0.01078,0.00105,0.01627;0.01596;0.01394;0.01375;0.01250;0.00989;0.00820;0.00754;0.00562;0.00355,
line-a-r00935,line-a,line-a-e17,33.2021985,-116.1521011,180.0,line-a-e18,33.2023579,-116.1519116,180.0,line-a-e23,33.2031548,-116.1509636,180.0,line-a-e24,33.2033142,-116.1507740,180.0,2026-08-17T17:32:00Z,dipole-dipole,5,7,1.182,676.6,160.310,7.372,0.01194,0.00125,0.01865;0.01701;0.01658;0.01391;0.01326;0.01133;0.00926;0.00750;0.00696;0.00428,
line-a-r00936,line-a,line-a-e17,33.2021985,-116.1521011,180.0,line-a-e18,33.2023579,-116.1519116,180.0,line-a-e23,33.2031548,-116.1509636,180.0,line-a-e24,33.2033142,-116.1507740,180.0,2026-08-17T17:32:12Z,dipole-dipole,5,4,1.060,754.6,164.856,6.015,0.01239,0.00166,0.02090;0.01756;0.01504;0.01589;0.01344;0.01165;0.00968;0.00778;0.00616;0.00443,
line-a-r00937,line-a,line-a-e17,33.2021985,-116.1521011,180.0,line-a-e18,33.2023579,-116.1519116,180.0,line-a-e23,33.2031548,-116.1509636,180.0,line-a-e24,33.2033142,-116.1507740,180.0,2026-08-17T17:32:24Z,dipole-dipole,5,4,1.085,737.2,144.940,7.607,0.00977,0.00132,0.01648;0.01519;0.01322;0.01191;0.01031;0.00842;0.00759;0.00694;0.00507;0.00313,
line-a-r00938,line-a,line-a-e17,33.2021985,-116.1521011,180.0,line-a-e18,33.2023579,-116.1519116,180.0,line-a-e23,33.2031548,-116.1509636,180.0,line-a-e24,33.2033142,-116.1507740,180.0,2026-08-17T17:32:36Z,dipole-dipole,5,7,0.958,835.1,156.703,6.587,0.00985,0.00136,0.01483;0.01474;0.01396;0.01094;0.01109;0.00964;0.00769;0.00538;0.00435;0.00313,
line-a-r00939,line-a,line-a-e17,33.2021985,-116.1521011,180.0,line-a-e18,33.2023579,-116.1519116,180.0,line-a-e24,33.2033142,-116.1507740,180.0,line-a-e25,33.2034736,-116.1505844,180.0,2026-08-17T17:32:48Z,dipole-dipole,6,3,0.828,966.5,156.485,6.589,0.01448,0.00126,0.02545;0.02187;0.01825;0.01860;0.01579;0.01458;0.01042;0.00963;0.00676;0.00481,
line-a-r00940,line-a,line-a-e17,33.2021985,-116.1521011,180.0,line-a-e18,33.2023579,-116.1519116,180.0,line-a-e24,33.2033142,-116.1507740,180.0,line-a-e25,33.2034736,-116.1505844,180.0,2026-08-17T17:33:00Z,dipole-dipole,6,7,1.072,746.3,157.315,6.617,0.01284,0.00128,0.02266;0.01828;0.01889;0.01416;0.01164;0.01292;0.01056;0.00884;0.00605;0.00437,
line-a-r00941,line-a,line-a-e17,33.2021985,-116.1521011,180.0,line-a-e18,33.2023579,-116.1519116,180.0,line-a-e24,33.2033142,-116.1507740,180.0,line-a-e25,33.2034736,-116.1505844,180.0,2026-08-17T17:33:12Z,dipole-dipole,6,5,1.608,497.4,144.201,5.834,0.01271,0.00148,0.02171;0.01802;0.01899;0.01536;0.01415;0.01066;0.00993;0.00847;0.00649;0.00472,
line-a-r00942,line-a,line-a-e17,33.2021985,-116.1521011,180.0,line-a-e18,33.2023579,-116.1519116,180.0,line-a-e24,33.2033142,-116.1507740,180.0,line-a-e25,33.2034736,-116.1505844,180.0,2026-08-17T17:33:24Z,dipole-dipole,6,7,1.032,775.2,160.569,5.737,0.01333,0.00176,0.01993;0.02209;0.01824;0.01913;0.01428;0.01354;0.01112;0.00796;0.00677;0.00436,
line-a-r00943,line-a,line-a-e17,33.2021985,-116.1521011,180.0,line-a-e18,33.2023579,-116.1519116,180.0,line-a-e24,33.2033142,-116.1507740,180.0,line-a-e25,33.2034736,-116.1505844,180.0,2026-08-17T17:33:36Z,dipole-dipole,6,8,1.180,677.8,163.011,7.251,0.01508,0.00150,0.02280;0.02310;0.02089;0.01717;0.01670;0.01341;0.01230;0.00982;0.00744;0.00536,
line-a-r00944,line-a,line-a-e17,33.2021985,-116.1521011,180.0,line-a-e18,33.2023579,-116.1519116,180.0,line-a-e24,33.2033142,-116.1507740,180.0,line-a-e25,33.2034736,-116.1505844,180.0,2026-08-17T17:33:48Z,dipole-dipole,6,8,1.144,699.2,160.012,6.011,0.01417,0.00143,0.02216;0.02052;0.01926;0.01670;0.01523;0.01272;0.01110;0.00930;0.00642;0.00523,
line-a-r00945,line-a,line-a-e17,33.2021985,-116.1521011,180.0,line-a-e18,33.2023579,-116.1519116,180.0,line-a-e25,33.2034736,-116.1505844,180.0,line-a-e26,33.2036330,-116.1503948,180.0,2026-08-17T17:34:00Z,dipole-dipole,7,8,1.123,712.6,158.372,6.039,0.01461,0.00183,0.02210;0.02202;0.02028;0.01727;0.01653;0.01416;0.01178;0.00937;0.00787;0.00478,
line-a-r00946,line-a,line-a-e17,33.2021985,-116.1521011,180.0,line-a-e18,33.2023579,-116.1519116,180.0,line-a-e25,33.2034736,-116.1505844,180.0,line-a-e26,33.2036330,-116.1503948,180.0,2026-08-17T17:34:12Z,dipole-dipole,7,8,0.970,824.9,143.473,7.613,0.01337,0.00175,0.01973;0.02319;0.01809;0.01704;0.01475;0.01252;0.01057;0.00887;0.00684;0.00487,
line-a-r00947,line-a,line-a-e17,33.2021985,-116.1521011,180.0,line-a-e18,33.2023579,-116.1519116,180.0,line-a-e25,33.2034736,-116.1505844,180.0,line-a-e26,33.2036330,-116.1503948,180.0,2026-08-17T17:34:24Z,dipole-dipole,7,5,1.073,745.3,143.874,6.021,0.01330,0.00164,0.02166;0.02007;0.01933;0.01468;0.01577;0.01229;0.01066;0.00795;0.00651;0.00458,
line-a-r00948,line-a,line-a-e17,33.2021985,-116.1521011,180.0,line-a-e18,33.2023579,-116.1519116,180.0,line-a-e25,33.2034736,-116.1505844,180.0,line-a-e26,33.2036330,-116.1503948,180.0,2026-08-17T17:34:36Z,dipole-dipole,7,3,1.206,663.4,150.136,6.961,0.01525,0.00151,0.02427;0.02305;0.02096;0.01744;0.01716;0.01451;0.01182;0.01020;0.00781;0.00559,
line-a-r00949,line-a,line-a-e17,33.2021985,-116.1521011,180.0,line-a-e18,33.2023579,-116.1519116,180.0,line-a-e25,33.2034736,-116.1505844,180.0,line-a-e26,33.2036330,-116.1503948,180.0,2026-08-17T17:34:48Z,dipole-dipole,7,7,1.098,728.9,142.877,7.330,0.01613,0.00150,0.02630;0.02604;0.02131;0.02149;0.01754;0.01510;0.01212;0.00922;0.00802;0.00608,
line-a-r00950,line-a,line-a-e17,33.2021985,-116.1521011,180.0,line-a-e18,33.2023579,-116.1519116,180.0,line-a-e25,33.2034736,-116.1505844,180.0,line-a-e26,33.2036330,-116.1503948,180.0,2026-08-17T17:35:00Z,dipole-dipole,7,3,0.906,882.7,149.541,5.413,0.01659,0.00253,0.02640;0.02198;0.02185;0.01998;0.01795;0.01742;0.01392;0.00976;0.00765;0.00573,
line-a-r00951,line-a,line-a-e17,33.2021985,-116.1521011,180.0,line-a-e18,33.2023579,-116.1519116,180.0,line-a-e25,33.2034736,-116.1505844,180.0,line-a-e26,33.2036330,-116.1503948,180.0,2026-08-17T17:35:12Z,dipole-dipole,7,5,1.046,764.5,150.336,5.533,0.01717,0.00149,0.02868;0.02692;0.02381;0.02209;0.01955;0.01481;0.01381;0.01137;0.00841;0.00631,
line-a-r00952,line-a,line-a-e17,33.2021985,-116.1521011,180.0,line-a-e18,33.2023579,-116.1519116,180.0,line-a-e26,33.2036330,-116.1503948,180.0,line-a-e27,33.2037924,-116.1502052,180.0,2026-08-17T17:35:24Z,dipole-dipole,8,4,1.291,619.5,151.828,4.937,0.01704,0.00191,0.02747;0.02426;0.02060;0.02358;0.02143;0.01682;0.01359;0.01112;0.00847;0.00657,
line-a-r00953,line-a,line-a-e17,33.2021985,-116.1521011,180.0,line-a-e18,33.2023579,-116.1519116,180.0,line-a-e26,33.2036330,-116.1503948,180.0,line-a-e27,33.2037924,-116.1502052,180.0,2026-08-17T17:35:36Z,dipole-dipole,8,3,1.155,692.6,157.609,5.606,0.01700,0.00217,0.02699;0.02579;0.02332;0.02106;0.01874;0.01680;0.01464;0.01007;0.00744;0.00592,
line-a-r00954,line-a,line-a-e17,33.2021985,-116.1521011,180.0,line-a-e18,33.2023579,-116.1519116,180.0,line-a-e26,33.2036330,-116.1503948,180.0,line-a-e27,33.2037924,-116.1502052,180.0,2026-08-17T17:35:48Z,dipole-dipole,8,6,0.935,855.3,144.034,6.272,0.01558,0.00120,0.02475;0.02481;0.02290;0.01843;0.01534;0.01411;0.01286;0.00980;0.00803;0.00468,
line-a-r00955,line-a,line-a-e17,33.2021985,-116.1521011,180.0,line-a-e18,33.2023579,-116.1519116,180.0,line-a-e26,33.2036330,-116.1503948,180.0,line-a-e27,33.2037924,-116.1502052,180.0,2026-08-17T17:36:00Z,dipole-dipole,8,5,1.039,770.3,146.983,4.963,0.01577,0.00149,0.02437;0.02379;0.02251;0.01786;0.01581;0.01389;0.01242;0.01008;0.00760;0.00628,
line-a-r00956,line-a,line-a-e17,33.2021985,-116.1521011,180.0,line-a-e18,33.2023579,-116.1519116,180.0,line-a-e26,33.2036330,-116.1503948,180.0,line-a-e27,33.2037924,-116.1502052,180.0,2026-08-17T17:36:12Z,dipole-dipole,8,4,1.072,746.6,147.547,5.686,0.01674,0.00148,0.02552;0.02376;0.02269;0.01873;0.01833;0.01541;0.01215;0.01063;0.00817;0.00593,
line-a-r00957,line-a,line-a-e17,33.2021985,-116.1521011,180.0,line-a-e18,33.2023579,-116.1519116,180.0,line-a-e26,33.2036330,-116.1503948,180.0,line-a-e27,33.2037924,-116.1502052,180.0,2026-08-17T17:36:24Z,dipole-dipole,8,3,1.003,797.4,150.053,4.557,0.01549,0.00205,0.02540;0.02154;0.02066;0.01689;0.01702;0.01520;0.01158;0.00914;0.00760;0.00625,
line-a-r00958,line-a,line-a-e17,33.2021985,-116.1521011,180.0,line-a-e18,33.2023579,-116.1519116,180.0,line-a-e26,33.2036330,-116.1503948,180.0,line-a-e27,33.2037924,-116.1502052,180.0,2026-08-17T17:36:36Z,dipole-dipole,8,3,1.059,755.3,140.534,5.382,0.01480,0.00140,0.02386;0.02347;0.02002;0.01815;0.01608;0.01353;0.01198;0.01029;0.00700;0.00522,
line-a-r00959,line-a,line-a-e18,33.2023579,-116.1519116,180.0,line-a-e19,33.2025172,-116.1517220,180.0,line-a-e20,33.2026766,-116.1515324,180.0,line-a-e21,33.2028360,-116.1513428,180.0,2026-08-17T17:36:48Z,dipole-dipole,1,7,1.081,739.8,209.985,7.910,0.00432,0.00102,0.00730;0.00658;0.00552;0.00548;0.00497;0.00454;0.00335;0.00271;0.00209;0.00168,
line-a-r00960,line-a,line-a-e18,33.2023579,-116.1519116,180.0,line-a-e19,33.2025172,-116.1517220,180.0,line-a-e20,33.2026766,-116.1515324,180.0,line-a-e21,33.2028360,-116.1513428,180.0,2026-08-17T17:37:00Z,dipole-dipole,1,4,1.167,685.6,192.010,8.660,0.00775,0.00098,0.01086;0.01196;0.01090;0.00933;0.00822;0.00769;0.00611;0.00459;0.00379;0.00277,
line-a-r00961,line-a,line-a-e18,33.2023579,-116.1519116,180.0,line-a-e19,33.2025172,-116.1517220,180.0,line-a-e20,33.2026766,-116.1515324,180.0,line-a-e21,33.2028360,-116.1513428,180.0,2026-08-17T17:37:12Z,dipole-dipole,1,4,1.088,735.2,219.914,8.710,0.00343,0.00100,0.00596;0.00503;0.00491;0.00421;0.00376;0.00311;0.00256;0.00197;0.00171;0.00114,
line-a-r00962,line-a,line-a-e18,33.2023579,-116.1519116,180.0,line-a-e19,33.2025172,-116.1517220,180.0,line-a-e20,33.2026766,-116.1515324,180.0,line-a-e21,33.2028360,-116.1513428,180.0,2026-08-17T17:37:24Z,dipole-dipole,1,4,1.407,568.8,205.129,6.289,0.00604,0.00094,0.00984;0.00868;0.00801;0.00739;0.00652;0.00586;0.00503;0.00420;0.00309;0.00214,
line-a-r00963,line-a,line-a-e18,33.2023579,-116.1519116,180.0,line-a-e19,33.2025172,-116.1517220,180.0,line-a-e20,33.2026766,-116.1515324,180.0,line-a-e21,33.2028360,-116.1513428,180.0,2026-08-17T17:37:36Z,dipole-dipole,1,7,1.226,652.6,200.941,7.516,0.00627,0.00113,0.00937;0.00919;0.00887;0.00800;0.00681;0.00530;0.00441;0.00391;0.00296;0.00208,
line-a-r00964,line-a,line-a-e18,33.2023579,-116.1519116,180.0,line-a-e19,33.2025172,-116.1517220,180.0,line-a-e20,33.2026766,-116.1515324,180.0,line-a-e21,33.2028360,-116.1513428,180.0,2026-08-17T17:37:48Z,dipole-dipole,1,5,0.894,894.5,198.235,9.331,0.00474,0.00138,0.00722;0.00604;0.00624;0.00563;0.00481;0.00488;0.00401;0.00310;0.00230;0.00166,
line-a-r00965,line-a,line-a-e18,33.2023579,-116.1519116,180.0,line-a-e19,33.2025172,-116.1517220,180.0,line-a-e20,33.2026766,-116.1515324,180.0,line-a-e21,33.2028360,-116.1513428,180.0,2026-08-17T17:38:00Z,dipole-dipole,1,4,1.156,691.8,212.709,6.548,0.00526,0.00085,0.00847;0.00864;0.00695;0.00640;0.00545;0.00482;0.00377;0.00322;0.00228;0.00201,
line-a-r00966,line-a,line-a-e18,33.2023579,-116.1519116,180.0,line-a-e19,33.2025172,-116.1517220,180.0,line-a-e21,33.2028360,-116.1513428,180.0,line-a-e22,33.2029954,-116.1511532,180.0,2026-08-17T17:38:12Z,dipole-dipole,2,4,1.005,796.0,198.060,5.920,0.00479,0.00118,0.00703;0.00774;0.00655;0.00537;0.00559;0.00460;0.00377;0.00293;0.00249;0.00180,
line-a-r00967,line-a,line-a-e18,33.2023579,-116.1519116,180.0,line-a-e19,33.2025172,-116.1517220,180.0,line-a-e21,33.2028360,-116.1513428,180.0,line-a-e22,33.2029954,-116.1511532,180.0,2026-08-17T17:38:24Z,dipole-dipole,2,6,1.051,761.3,206.431,5.683,0.00329,0.00099,0.00534;0.00555;0.00454;0.00395;0.00364;0.00295;0.00251;0.00209;0.00164;0.00117,
line-a-r00968,line-a,line-a-e18,33.2023579,-116.1519116,180.0,line-a-e19,33.2025172,-116.1517220,180.0,line-a-e21,33.2028360,-116.1513428,180.0,line-a-e22,33.2029954,-116.1511532,180.0,2026-08-17T17:38:36Z,dipole-dipole,2,3,1.006,795.2,197.170,6.785,0.00683,0.00082,0.01004;0.01106;0.00851;0.00775;0.00824;0.00580;0.00563;0.00403;0.00378;0.00283,
line-a-r00969,line-a,line-a-e18,33.2023579,-116.1519116,180.0,line-a-e19,33.2025172,-116.1517220,180.0,line-a-e21,33.2028360,-116.1513428,180.0,line-a-e22,33.2029954,-116.1511532,180.0,2026-08-17T17:38:48Z,dipole-dipole,2,3,1.397,572.5,198.368,8.540,0.00408,0.00125,0.00677;0.00610;0.00587;0.00451;0.00459;0.00402;0.00315;0.00273;0.00198;0.00135,
line-a-r00970,line-a,line-a-e18,33.2023579,-116.1519116,180.0,line-a-e19,33.2025172,-116.1517220,180.0,line-a-e21,33.2028360,-116.1513428,180.0,line-a-e22,33.2029954,-116.1511532,180.0,2026-08-17T17:39:00Z,dipole-dipole,2,8,1.184,675.6,185.687,7.796,0.00467,0.00122,0.00712;0.00772;0.00654;0.00518;0.00542;0.00441;0.00376;0.00287;0.00239;0.00161,
line-a-r00971,line-a,line-a-e18,33.2023579,-116.1519116,180.0,line-a-e19,33.2025172,-116.1517220,180.0,line-a-e21,33.2028360,-116.1513428,180.0,line-a-e22,33.2029954,-116.1511532,180.0,2026-08-17T17:39:12Z,dipole-dipole,2,4,1.319,606.3,208.258,7.728,0.00386,0.00109,0.00544;0.00580;0.00479;0.00476;0.00422;0.00418;0.00301;0.00235;0.00190;0.00138,
line-a-r00972,line-a,line-a-e18,33.2023579,-116.1519116,180.0,line-a-e19,33.2025172,-116.1517220,180.0,line-a-e21,33.2028360,-116.1513428,180.0,line-a-e22,33.2029954,-116.1511532,180.0,2026-08-17T17:39:24Z,dipole-dipole,2,6,0.895,893.5,209.074,6.390,0.00375,0.00140,0.00551;0.00552;0.00521;0.00467;0.00413;0.00340;0.00308;0.00239;0.00176;0.00138,
line-a-r00973,line-a,line-a-e18,33.2023579,-116.1519116,180.0,line-a-e19,33.2025172,-116.1517220,180.0,line-a-e21,33.2028360,-116.1513428,180.0,line-a-e22,33.2029954,-116.1511532,180.0,2026-08-17T17:39:36Z,dipole-dipole,2,5,0.959,834.5,182.925,8.830,0.00603,0.00124,0.00899;0.00956;0.00920;0.00683;0.00656;0.00559;0.00483;0.00409;0.00261;0.00204,
line-a-r00974,line-a,line-a-e18,33.2023579,-116.1519116,180.0,line-a-e19,33.2025172,-116.1517220,180.0,line-a-e22,33.2029954,-116.1511532,180.0,line-a-e23,33.2031548,-116.1509636,180.0,2026-08-17T17:39:48Z,dipole-dipole,3,5,1.266,631.8,188.773,5.526,0.00528,0.00110,0.00880;0.00831;0.00691;0.00665;0.00532;0.00528;0.00447;0.00348;0.00258;0.00175,
line-a-r00975,line-a,line-a-e18,33.2023579,-116.1519116,180.0,line-a-e19,33.2025172,-116.1517220,180.0,line-a-e22,33.2029954,-116.1511532,180.0,line-a-e23,33.2031548,-116.1509636,180.0,2026-08-17T17:40:00Z,dipole-dipole,3,3,0.960,833.4,198.868,8.315,0.00685,0.00114,0.01203;0.00999;0.00865;0.00898;0.00795;0.00607;0.00526;0.00410;0.00331;0.00216,
line-a-r00976,line-a,line-a-e18,33.2023579,-116.1519116,180.0,line-a-e19,33.2025172,-116.1517220,180.0,line-a-e22,33.2029954,-116.1511532,180.0,line-a-e23,33.2031548,-116.1509636,180.0,2026-08-17T17:40:12Z,dipole-dipole,3,7,1.121,713.7,193.673,9.221,0.00707,0.00137,0.01168;0.01145;0.00949;0.00890;0.00840;0.00642;0.00547;0.00488;0.00339;0.00255,
line-a-r00977,line-a,line-a-e18,33.2023579,-116.1519116,180.0,line-a-e19,33.2025172,-116.1517220,180.0,line-a-e22,33.2029954,-116.1511532,180.0,line-a-e23,33.2031548,-116.1509636,180.0,2026-08-17T17:40:24Z,dipole-dipole,3,6,1.133,705.8,176.699,7.410,0.00663,0.00112,0.01054;0.00990;0.00965;0.00746;0.00804;0.00598;0.00518;0.00442;0.00311;0.00242,
line-a-r00978,line-a,line-a-e18,33.2023579,-116.1519116,180.0,line-a-e19,33.2025172,-116.1517220,180.0,line-a-e22,33.2029954,-116.1511532,180.0,line-a-e23,33.2031548,-116.1509636,180.0,2026-08-17T17:40:36Z,dipole-dipole,3,7,1.266,631.7,187.929,8.453,0.00663,0.00111,0.01208;0.00972;0.00957;0.00830;0.00641;0.00655;0.00592;0.00429;0.00324;0.00228,
line-a-r00979,line-a,line-a-e18,33.2023579,-116.1519116,180.0,line-a-e19,33.2025172,-116.1517220,180.0,line-a-e22,33.2029954,-116.1511532,180.0,line-a-e23,33.2031548,-116.1509636,180.0,2026-08-17T17:40:48Z,dipole-dipole,3,4,1.096,730.1,195.641,7.269,0.00550,0.00076,0.00847;0.00889;0.00757;0.00663;0.00617;0.00529;0.00429;0.00312;0.00273;0.00173,
line-a-r00980,line-a,line-a-e18,33.2023579,-116.1519116,180.0,line-a-e19,33.2025172,-116.1517220,180.0,line-a-e23,33.2031548,-116.1509636,180.0,line-a-e24,33.2033142,-116.1507740,180.0,2026-08-17T17:41:00Z,dipole-dipole,4,5,0.867,922.6,199.855,7.002,0.00750,0.00103,0.01124;0.01098;0.01149;0.00951;0.00845;0.00722;0.00542;0.00483;0.00372;0.00278,
line-a-r00981,line-a,line-a-e18,33.2023579,-116.1519116,180.0,line-a-e19,33.2025172,-116.1517220,180.0,line-a-e23,33.2031548,-116.1509636,180.0,line-a-e24,33.2033142,-116.1507740,180.0,2026-08-17T17:41:12Z,dipole-dipole,4,4,1.127,709.9,170.945,6.581,0.01004,0.00102,0.01589;0.01617;0.01310;0.01290;0.01037;0.01009;0.00863;0.00619;0.00532;0.00358,
line-a-r00982,line-a,line-a-e18,33.2023579,-116.1519116,180.0,line-a-e19,33.2025172,-116.1517220,180.0,line-a-e23,33.2031548,-116.1509636,180.0,line-a-e24,33.2033142,-116.1507740,180.0,2026-08-17T17:41:24Z,dipole-dipole,4,3,1.067,749.6,172.229,7.149,0.00805,0.00095,0.01296;0.01153;0.01133;0.00951;0.00834;0.00733;0.00563;0.00520;0.00418;0.00298,
line-a-r00983,line-a,line-a-e18,33.2023579,-116.1519116,180.0,line-a-e19,33.2025172,-116.1517220,180.0,line-a-e23,33.2031548,-116.1509636,180.0,line-a-e24,33.2033142,-116.1507740,180.0,2026-08-17T17:41:36Z,dipole-dipole,4,4,1.248,641.0,190.873,6.026,0.00759,0.00104,0.01126;0.01194;0.00991;0.00901;0.00835;0.00680;0.00594;0.00483;0.00380;0.00275,
line-a-r00984,line-a,line-a-e18,33.2023579,-116.1519116,180.0,line-a-e19,33.2025172,-116.1517220,180.0,line-a-e23,33.2031548,-116.1509636,180.0,line-a-e24,33.2033142,-116.1507740,180.0,2026-08-17T17:41:48Z,dipole-dipole,4,5,1.192,671.2,177.660,5.652,0.00743,0.00095,0.01212;0.01080;0.01129;0.00903;0.00769;0.00654;0.00531;0.00521;0.00349;0.00293,
line-a-r00985,line-a,line-a-e18,33.2023579,-116.1519116,180.0,line-a-e19,33.2025172,-116.1517220,180.0,line-a-e23,33.2031548,-116.1509636,180.0,line-a-e24,33.2033142,-116.1507740,180.0,2026-08-17T17:42:00Z,dipole-dipole,4,4,1.011,791.6,196.097,7.328,0.00507,0.00117,0.00805;0.00695;0.00745;0.00685;0.00564;0.00485;0.00406;0.00351;0.00235;0.00177,
line-a-r00986,line-a,line-a-e18,33.2023579,-116.1519116,180.0,line-a-e19,33.2025172,-116.1517220,180.0,line-a-e23,33.2031548,-116.1509636,180.0,line-a-e24,33.2033142,-116.1507740,180.0,2026-08-17T17:42:12Z,dipole-dipole,4,6,1.154,693.3,190.741,8.256,0.00799,0.00104,0.01399;0.01119;0.01052;0.01026;0.00818;0.00742;0.00609;0.00520;0.00368;0.00296,
line-a-r00987,line-a,line-a-e18,33.2023579,-116.1519116,180.0,line-a-e19,33.2025172,-116.1517220,180.0,line-a-e24,33.2033142,-116.1507740,180.0,line-a-e25,33.2034736,-116.1505844,180.0,2026-08-17T17:42:24Z,dipole-dipole,5,3,1.187,673.8,175.540,9.645,0.00930,0.00115,0.01407;0.01290;0.01376;0.01178;0.00952;0.00986;0.00718;0.00577;0.00448;0.00318,
line-a-r00988,line-a,line-a-e18,33.2023579,-116.1519116,180.0,line-a-e19,33.2025172,-116.1517220,180.0,line-a-e24,33.2033142,-116.1507740,180.0,line-a-e25,33.2034736,-116.1505844,180.0,2026-08-17T17:42:36Z,dipole-dipole,5,3,1.083,738.8,179.731,7.058,0.01011,0.00103,0.01526;0.01503;0.01298;0.01199;0.01029;0.00915;0.00757;0.00662;0.00502;0.00389,
line-a-r00989,line-a,line-a-e18,33.2023579,-116.1519116,180.0,line-a-e19,33.2025172,-116.1517220,180.0,line-a-e24,33.2033142,-116.1507740,180.0,line-a-e25,33.2034736,-116.1505844,180.0,2026-08-17T17:42:48Z,dipole-dipole,5,7,1.029,777.4,-191.881,8.381,0.01067,0.00127,0.01622;0.01651;0.01439;0.01386;0.01217;0.00968;0.00979;0.00638;0.00525;0.00402,
line-a-r00990,line-a,line-a-e18,33.2023579,-116.1519116,180.0,line-a-e19,33.2025172,-116.1517220,180.0,line-a-e24,33.2033142,-116.1507740,180.0,line-a-e25,33.2034736,-116.1505844,180.0,2026-08-17T17:43:00Z,dipole-dipole,5,6,1.125,711.0,175.306,6.515,0.00786,0.00104,0.01169;0.01109;0.01121;0.01123;0.00858;0.00763;0.00594;0.00467;0.00373;0.00250,
line-a-r00991,line-a,line-a-e18,33.2023579,-116.1519116,180.0,line-a-e19,33.2025172,-116.1517220,180.0,line-a-e24,33.2033142,-116.1507740,180.0,line-a-e25,33.2034736,-116.1505844,180.0,2026-08-17T17:43:12Z,dipole-dipole,5,6,1.121,713.4,181.580,5.896,0.00737,0.00136,0.01111;0.01133;0.01061;0.00956;0.00808;0.00659;0.00574;0.00457;0.00356;0.00287,
line-a-r00992,line-a,line-a-e18,33.2023579,-116.1519116,180.0,line-a-e19,33.2025172,-116.1517220,180.0,line-a-e24,33.2033142,-116.1507740,180.0,line-a-e25,33.2034736,-116.1505844,180.0,2026-08-17T17:43:24Z,dipole-dipole,5,3,0.879,910.1,184.316,7.344,0.00907,0.00098,0.01400;0.01387;0.01296;0.01234;0.00998;0.00871;0.00774;0.00559;0.00475;0.00348,
line-a-r00993,line-a,line-a-e18,33.2023579,-116.1519116,180.0,line-a-e19,33.2025172,-116.1517220,180.0,line-a-e24,33.2033142,-116.1507740,180.0,line-a-e25,33.2034736,-116.1505844,180.0,2026-08-17T17:43:36Z,dipole-dipole,5,8,1.112,719.3,-114.634,9.390,0.00915,0.00111,0.01387;0.01347;0.01139;0.01073;0.01020;0.00921;0.00763;0.00577;0.00454;0.00304,
line-a-r00994,line-a,line-a-e18,33.2023579,-116.1519116,180.0,line-a-e19,33.2025172,-116.1517220,180.0,line-a-e25,33.2034736,-116.1505844,180.0,line-a-e26,33.2036330,-116.1503948,180.0,2026-08-17T17:43:48Z,dipole-dipole,6,4,1.163,687.7,181.661,5.181,0.01014,0.02007,0.01649;0.01678;0.01423;0.01218;0.01121;0.00950;0.00808;0.00644;0.00463;0.00408,
line-a-r00995,line-a,line-a-e18,33.2023579,-116.1519116,180.0,line-a-e19,33.2025172,-116.1517220,180.0,line-a-e25,33.2034736,-116.1505844,180.0,line-a-e26,33.2036330,-116.1503948,180.0,2026-08-17T17:44:00Z,dipole-dipole,6,6,1.010,791.9,179.375,7.851,0.00800,0.00118,0.01138;0.01227;0.01181;0.01039;0.00910;0.00766;0.00619;0.00493;0.00386;0.00279,
line-a-r00996,line-a,line-a-e18,33.2023579,-116.1519116,180.0,line-a-e19,33.2025172,-116.1517220,180.0,line-a-e25,33.2034736,-116.1505844,180.0,line-a-e26,33.2036330,-116.1503948,180.0,2026-08-17T17:44:12Z,dipole-dipole,6,8,1.064,751.8,172.286,8.028,0.00853,0.00155,0.01315;0.01246;0.01121;0.01056;0.00948;0.00920;0.00707;0.00501;0.00393;0.00362,
line-a-r00997,line-a,line-a-e18,33.2023579,-116.1519116,180.0,line-a-e19,33.2025172,-116.1517220,180.0,line-a-e25,33.2034736,-116.1505844,180.0,line-a-e26,33.2036330,-116.1503948,180.0,2026-08-17T17:44:24Z,dipole-dipole,6,3,1.126,710.7,172.323,5.504,0.01007,0.00107,0.01572;0.01352;0.01457;0.01266;0.00987;0.01021;0.00855;0.00655;0.00472;0.00334,
line-a-r00998,line-a,line-a-e18,33.2023579,-116.1519116,180.0,line-a-e19,33.2025172,-116.1517220,180.0,line-a-e25,33.2034736,-116.1505844,180.0,line-a-e26,33.2036330,-116.1503948,180.0,2026-08-17T17:44:36Z,dipole-dipole,6,8,1.242,644.0,167.223,5.455,0.01139,0.00136,0.01852;0.01742;0.01499;0.01427;0.01320;0.00982;0.00801;0.00738;0.00573;0.00432,
line-a-r00999,line-a,line-a-e18,33.2023579,-116.1519116,180.0,line-a-e19,33.2025172,-116.1517220,180.0,line-a-e25,33.2034736,-116.1505844,180.0,line-a-e26,33.2036330,-116.1503948,180.0,2026-08-17T17:44:48Z,dipole-dipole,6,6,1.112,719.7,159.200,5.694,0.00927,0.00123,0.01635;0.01265;0.01288;0.01128;0.01164;0.00844;0.00673;0.00590;0.00456;0.00350,
line-a-r01000,line-a,line-a-e18,33.2023579,-116.1519116,180.0,line-a-e19,33.2025172,-116.1517220,180.0,line-a-e25,33.2034736,-116.1505844,180.0,line-a-e26,33.2036330,-116.1503948,180.0,2026-08-17T17:45:00Z,dipole-dipole,6,7,1.517,527.2,168.113,5.327,0.00979,0.00118,0.01683;0.01561;0.01411;0.01201;0.01145;0.00928;0.00809;0.00607;0.00511;0.00338,
line-a-r01001,line-a,line-a-e18,33.2023579,-116.1519116,180.0,line-a-e19,33.2025172,-116.1517220,180.0,line-a-e26,33.2036330,-116.1503948,180.0,line-a-e27,33.2037924,-116.1502052,180.0,2026-08-17T17:45:12Z,dipole-dipole,7,7,1.069,748.0,174.595,506.090,0.01230,0.00144,0.01943;0.01673;0.01625;0.01564;0.01300;0.01181;0.01016;0.00809;0.00572;0.00423,
line-a-r01002,line-a,line-a-e18,33.2023579,-116.1519116,180.0,line-a-e19,33.2025172,-116.1517220,180.0,line-a-e26,33.2036330,-116.1503948,180.0,line-a-e27,33.2037924,-116.1502052,180.0,2026-08-17T17:45:24Z,dipole-dipole,7,5,1.107,722.6,163.920,7.493,0.00875,0.00114,0.01395;0.01282;0.01177;0.01114;0.00964;0.00873;0.00588;0.00552;0.00409;0.00284,
line-a-r01003,line-a,line-a-e18,33.2023579,-116.1519116,180.0,line-a-e19,33.2025172,-116.1517220,180.0,line-a-e26,33.2036330,-116.1503948,180.0,line-a-e27,33.2037924,-116.1502052,180.0,2026-08-17T17:45:36Z,dipole-dipole,7,6,1.314,609.0,171.918,6.556,0.00987,0.00138,0.01524;0.01416;0.01286;0.01147;0.01069;0.01018;0.00744;0.00595;0.00501;0.00311,
line-a-r01004,line-a,line-a-e18,33.2023579,-116.1519116,180.0,line-a-e19,33.2025172,-116.1517220,180.0,line-a-e26,33.2036330,-116.1503948,180.0,line-a-e27,33.2037924,-116.1502052,180.0,2026-08-17T17:45:48Z,dipole-dipole,7,5,0.983,813.4,175.467,8.917,0.01014,0.00140,0.01748;0.01389;0.01383;0.01245;0.01034;0.00836;0.00738;0.00605;0.00467;0.00368,
line-a-r01005,line-a,line-a-e18,33.2023579,-116.1519116,180.0,line-a-e19,33.2025172,-116.1517220,180.0,line-a-e26,33.2036330,-116.1503948,180.0,line-a-e27,33.2037924,-116.1502052,180.0,2026-08-17T17:46:00Z,dipole-dipole,7,8,0.876,913.0,178.603,6.011,0.01152,0.00116,0.01933;0.01724;0.01638;0.01436;0.01158;0.01018;0.00971;0.00675;0.00580;0.00431,
line-a-r01006,line-a,line-a-e18,33.2023579,-116.1519116,180.0,line-a-e19,33.2025172,-116.1517220,180.0,line-a-e26,33.2036330,-116.1503948,180.0,line-a-e27,33.2037924,-116.1502052,180.0,2026-08-17T17:46:12Z,dipole-dipole,7,5,1.242,644.2,169.180,5.529,0.01248,0.00171,0.01961;0.01817;0.01679;0.01645;0.01391;0.01247;0.00901;0.00736;0.00651;0.00435,
line-a-r01007,line-a,line-a-e18,33.2023579,-116.1519116,180.0,line-a-e19,33.2025172,-116.1517220,180.0,line-a-e26,33.2036330,-116.1503948,180.0,line-a-e27,33.2037924,-116.1502052,180.0,2026-08-17T17:46:24Z,dipole-dipole,7,4,0.902,887.3,173.025,6.692,0.00994,0.00162,0.01646;0.01625;0.01535;0.01323;0.01105;0.00897;0.00797;0.00629;0.00458;0.00366,
line-a-r01008,line-a,line-a-e18,33.2023579,-116.1519116,180.0,line-a-e19,33.2025172,-116.1517220,180.0,line-a-e26,33.2036330,-116.1503948,180.0,line-a-e27,33.2037924,-116.1502052,180.0,2026-08-17T17:46:36Z,dipole-dipole,7,6,1.092,732.7,160.609,6.016,0.00968,0.00137,0.01532;0.01502;0.01394;0.01110;0.01171;0.00847;0.00770;0.00575;0.00487;0.00323,
line-a-r01009,line-a,line-a-e18,33.2023579,-116.1519116,180.0,line-a-e19,33.2025172,-116.1517220,180.0,line-a-e27,33.2037924,-116.1502052,180.0,line-a-e28,33.2039518,-116.1500156,180.0,2026-08-17T17:46:48Z,dipole-dipole,8,6,1.118,715.8,166.509,8.968,0.01178,0.00111,0.01670;0.01840;0.01728;0.01462;0.01368;0.01087;0.00983;0.00723;0.00583;0.00400,
line-a-r01010,line-a,line-a-e18,33.2023579,-116.1519116,180.0,line-a-e19,33.2025172,-116.1517220,180.0,line-a-e27,33.2037924,-116.1502052,180.0,line-a-e28,33.2039518,-116.1500156,180.0,2026-08-17T17:47:00Z,dipole-dipole,8,8,1.206,663.5,157.894,7.246,0.01206,0.00117,0.02043;0.01841;0.01560;0.01444;0.01365;0.01066;0.00947;0.00775;0.00563;0.00445,
line-a-r01011,line-a,line-a-e18,33.2023579,-116.1519116,180.0,line-a-e19,33.2025172,-116.1517220,180.0,line-a-e27,33.2037924,-116.1502052,180.0,line-a-e28,33.2039518,-116.1500156,180.0,2026-08-17T17:47:12Z,dipole-dipole,8,3,1.401,571.2,162.073,4.627,0.01169,0.00193,0.02104;0.01833;0.01484;0.01529;0.01358;0.01114;0.00944;0.00739;0.00589;0.00445,
line-a-r01012,line-a,line-a-e18,33.2023579,-116.1519116,180.0,line-a-e19,33.2025172,-116.1517220,180.0,line-a-e27,33.2037924,-116.1502052,180.0,line-a-e28,33.2039518,-116.1500156,180.0,2026-08-17T17:47:24Z,dipole-dipole,8,7,1.102,725.6,165.486,6.766,0.01194,0.00118,0.01953;0.01768;0.01546;0.01366;0.01272;0.01146;0.00988;0.00766;0.00536;0.00432,
line-a-r01013,line-a,line-a-e18,33.2023579,-116.1519116,180.0,line-a-e19,33.2025172,-116.1517220,180.0,line-a-e27,33.2037924,-116.1502052,180.0,line-a-e28,33.2039518,-116.1500156,180.0,2026-08-17T17:47:36Z,dipole-dipole,8,3,0.998,801.9,164.354,7.587,0.01117,0.00105,0.01665;0.01556;0.01465;0.01524;0.01201;0.01085;0.00918;0.00699;0.00529;0.00397,
line-a-r01014,line-a,line-a-e18,33.2023579,-116.1519116,180.0,line-a-e19,33.2025172,-116.1517220,180.0,line-a-e27,33.2037924,-116.1502052,180.0,line-a-e28,33.2039518,-116.1500156,180.0,2026-08-17T17:47:48Z,dipole-dipole,8,6,1.151,694.9,172.406,6.413,0.01301,0.00139,0.02136;0.01948;0.02005;0.01644;0.01493;0.01320;0.01021;0.00739;0.00623;0.00474,
line-a-r01015,line-a,line-a-e18,33.2023579,-116.1519116,180.0,line-a-e19,33.2025172,-116.1517220,180.0,line-a-e27,33.2037924,-116.1502052,180.0,line-a-e28,33.2039518,-116.1500156,180.0,2026-08-17T17:48:00Z,dipole-dipole,8,7,1.186,674.7,169.973,7.473,0.01204,0.00116,0.02050;0.01705;0.01781;0.01492;0.01352;0.01116;0.00927;0.00716;0.00541;0.00440,
line-a-r01016,line-a,line-a-e18,33.2023579,-116.1519116,180.0,line-a-e19,33.2025172,-116.1517220,180.0,line-a-e27,33.2037924,-116.1502052,180.0,line-a-e28,33.2039518,-116.1500156,180.0,2026-08-17T17:48:12Z,dipole-dipole,8,3,1.115,717.4,162.987,5.753,0.01274,0.00131,0.02102;0.02007;0.01919;0.01604;0.01486;0.01273;0.01021;0.00756;0.00644;0.00454,
line-a-r01017,line-a,line-a-e19,33.2025172,-116.1517220,180.0,line-a-e20,33.2026766,-116.1515324,180.0,line-a-e21,33.2028360,-116.1513428,180.0,line-a-e22,33.2029954,-116.1511532,180.0,2026-08-17T17:48:24Z,dipole-dipole,1,6,1.649,485.2,201.563,6.882,0.00488,0.00092,0.00172;0.00234;0.00345;0.00393;0.00450;0.00557;0.00586;0.00744;0.00690;0.00765,
line-a-r01018,line-a,line-a-e19,33.2025172,-116.1517220,180.0,line-a-e20,33.2026766,-116.1515324,180.0,line-a-e21,33.2028360,-116.1513428,180.0,line-a-e22,33.2029954,-116.1511532,180.0,2026-08-17T17:48:36Z,dipole-dipole,1,7,1.247,641.7,210.393,7.533,0.00496,0.00083,0.00785;0.00721;0.00662;0.00645;0.00502;0.00457;0.00402;0.00286;0.00226;0.00177,
line-a-r01019,line-a,line-a-e19,33.2025172,-116.1517220,180.0,line-a-e20,33.2026766,-116.1515324,180.0,line-a-e21,33.2028360,-116.1513428,180.0,line-a-e22,33.2029954,-116.1511532,180.0,2026-08-17T17:48:48Z,dipole-dipole,1,8,1.267,631.2,201.410,8.528,0.00517,0.00113,0.00756;0.00843;0.00746;0.00673;0.00556;0.00462;0.00440;0.00323;0.00243;0.00169,
line-a-r01020,line-a,line-a-e19,33.2025172,-116.1517220,180.0,line-a-e20,33.2026766,-116.1515324,180.0,line-a-e21,33.2028360,-116.1513428,180.0,line-a-e22,33.2029954,-116.1511532,180.0,2026-08-17T17:49:00Z,dipole-dipole,1,6,1.242,644.3,188.889,6.846,0.00576,0.00144,0.00912;0.00880;0.00812;0.00743;0.00637;0.00555;0.00475;0.00386;0.00278;0.00206,
line-a-r01021,line-a,line-a-e19,33.2025172,-116.1517220,180.0,line-a-e20,33.2026766,-116.1515324,180.0,line-a-e21,33.2028360,-116.1513428,180.0,line-a-e22,33.2029954,-116.1511532,180.0,2026-08-17T17:49:12Z,dipole-dipole,1,8,1.249,640.6,206.553,8.796,0.00602,0.00102,0.00973;0.00858;0.00807;0.00741;0.00665;0.00553;0.00487;0.00391;0.00261;0.00220,
line-a-r01022,line-a,line-a-e19,33.2025172,-116.1517220,180.0,line-a-e20,33.2026766,-116.1515324,180.0,line-a-e21,33.2028360,-116.1513428,180.0,line-a-e22,33.2029954,-116.1511532,180.0,2026-08-17T17:49:24Z,dipole-dipole,1,8,1.435,557.6,217.786,6.819,0.00383,0.00113,0.00554;0.00559;0.00517;0.00505;0.00436;0.00341;0.00284;0.00245;0.00164;0.00139,
line-a-r01023,line-a,line-a-e19,33.2025172,-116.1517220,180.0,line-a-e20,33.2026766,-116.1515324,180.0,line-a-e21,33.2028360,-116.1513428,180.0,line-a-e22,33.2029954,-116.1511532,180.0,2026-08-17T17:49:36Z,dipole-dipole,1,4,1.474,542.8,194.788,7.253,0.00637,0.00090,0.01133;0.00955;0.00888;0.00816;0.00732;0.00533;0.00549;0.00425;0.00319;0.00242,
line-a-r01024,line-a,line-a-e19,33.2025172,-116.1517220,180.0,line-a-e20,33.2026766,-116.1515324,180.0,line-a-e22,33.2029954,-116.1511532,180.0,line-a-e23,33.2031548,-116.1509636,180.0,2026-08-17T17:49:48Z,dipole-dipole,2,5,1.184,675.9,196.164,4.723,0.00215,0.00125,0.00371;0.00292;0.00295;0.00279;0.00214;0.00211;0.00154;0.00126;0.00109;0.00069,
line-a-r01025,line-a,line-a-e19,33.2025172,-116.1517220,180.0,line-a-e20,33.2026766,-116.1515324,180.0,line-a-e22,33.2029954,-116.1511532,180.0,line-a-e23,33.2031548,-116.1509636,180.0,2026-08-17T17:50:00Z,dipole-dipole,2,5,1.045,765.3,201.843,7.280,0.00545,0.00128,0.00874;0.00799;0.00794;0.00744;0.00612;0.00487;0.00435;0.00324;0.00276;0.00170,
line-a-r01026,line-a,line-a-e19,33.2025172,-116.1517220,180.0,line-a-e20,33.2026766,-116.1515324,180.0,line-a-e22,33.2029954,-116.1511532,180.0,line-a-e23,33.2031548,-116.1509636,180.0,2026-08-17T17:50:12Z,dipole-dipole,2,3,1.421,562.9,211.345,6.572,0.00531,0.00114,0.00785;0.00682;0.00733;0.00645;0.00589;0.00525;0.00430;0.00340;0.00262;0.00199,
line-a-r01027,line-a,line-a-e19,33.2025172,-116.1517220,180.0,line-a-e20,33.2026766,-116.1515324,180.0,line-a-e22,33.2029954,-116.1511532,180.0,line-a-e23,33.2031548,-116.1509636,180.0,2026-08-17T17:50:24Z,dipole-dipole,2,3,1.308,611.6,196.171,9.309,0.00652,0.00145,0.01048;0.00987;0.00835;0.00818;0.00732;0.00640;0.00537;0.00513;0.00321;0.00273,
line-a-r01028,line-a,line-a-e19,33.2025172,-116.1517220,180.0,line-a-e20,33.2026766,-116.1515324,180.0,line-a-e22,33.2029954,-116.1511532,180.0,line-a-e23,33.2031548,-116.1509636,180.0,2026-08-17T17:50:36Z,dipole-dipole,2,7,1.426,560.9,186.209,9.408,0.00536,0.00123,0.00808;0.00785;0.00660;0.00668;0.00571;0.00518;0.00390;0.00331;0.00263;0.00190,
line-a-r01029,line-a,line-a-e19,33.2025172,-116.1517220,180.0,line-a-e20,33.2026766,-116.1515324,180.0,line-a-e22,33.2029954,-116.1511532,180.0,line-a-e23,33.2031548,-116.1509636,180.0,2026-08-17T17:50:48Z,dipole-dipole,2,6,1.790,447.0,190.016,6.089,0.00560,0.00114,0.00861;0.00879;0.00762;0.00770;0.00554;0.00553;0.00429;0.00347;0.00282;0.00193,
line-a-r01030,line-a,line-a-e19,33.2025172,-116.1517220,180.0,line-a-e20,33.2026766,-116.1515324,180.0,line-a-e22,33.2029954,-116.1511532,180.0,line-a-e23,33.2031548,-116.1509636,180.0,2026-08-17T17:51:00Z,dipole-dipole,2,8,1.328,602.6,194.015,6.805,0.00575,0.00101,0.00975;0.00789;0.00781;0.00709;0.00666;0.00559;0.00466;0.00365;0.00289;0.00211,
line-a-r01031,line-a,line-a-e19,33.2025172,-116.1517220,180.0,line-a-e20,33.2026766,-116.1515324,180.0,line-a-e22,33.2029954,-116.1511532,180.0,line-a-e23,33.2031548,-116.1509636,180.0,2026-08-17T17:51:12Z,dipole-dipole,2,7,1.390,575.5,190.063,6.801,0.00620,0.00124,0.00214;0.00340;0.00387;0.00505;0.00605;0.00724;0.00788;0.00851;0.00917;0.01012,
line-a-r01032,line-a,line-a-e19,33.2025172,-116.1517220,180.0,line-a-e20,33.2026766,-116.1515324,180.0,line-a-e23,33.2031548,-116.1509636,180.0,line-a-e24,33.2033142,-116.1507740,180.0,2026-08-17T17:51:24Z,dipole-dipole,3,8,1.031,776.2,193.099,8.824,0.00557,0.00127,0.00923;0.00910;0.00771;0.00704;0.00587;0.00504;0.00442;0.00333;0.00269;0.00189,
line-a-r01033,line-a,line-a-e19,33.2025172,-116.1517220,180.0,line-a-e20,33.2026766,-116.1515324,180.0,line-a-e23,33.2031548,-116.1509636,180.0,line-a-e24,33.2033142,-116.1507740,180.0,2026-08-17T17:51:36Z,dipole-dipole,3,6,1.772,451.6,214.854,8.364,0.00622,0.00091,0.01008;0.00927;0.00774;0.00696;0.00661;0.00613;0.00537;0.00384;0.00283;0.00227,
line-a-r01034,line-a,line-a-e19,33.2025172,-116.1517220,180.0,line-a-e20,33.2026766,-116.1515324,180.0,line-a-e23,33.2031548,-116.1509636,180.0,line-a-e24,33.2033142,-116.1507740,180.0,2026-08-17T17:51:48Z,dipole-dipole,3,7,1.574,508.3,195.134,296.389,0.00511,0.00111,0.00769;0.00770;0.00737;0.00617;0.00583;0.00507;0.00403;0.00284;0.00260;0.00164,
line-a-r01035,line-a,line-a-e19,33.2025172,-116.1517220,180.0,line-a-e20,33.2026766,-116.1515324,180.0,line-a-e23,33.2031548,-116.1509636,180.0,line-a-e24,33.2033142,-116.1507740,180.0,2026-08-17T17:52:00Z,dipole-dipole,3,5,1.083,738.7,-253.816,8.174,0.00538,0.00118,0.00883;0.00715;0.00695;0.00590;0.00584;0.00570;0.00407;0.00358;0.00276;0.00199,
line-a-r01036,line-a,line-a-e19,33.2025172,-116.1517220,180.0,line-a-e20,33.2026766,-116.1515324,180.0,line-a-e23,33.2031548,-116.1509636,180.0,line-a-e24,33.2033142,-116.1507740,180.0,2026-08-17T17:52:12Z,dipole-dipole,3,4,1.701,470.3,205.373,6.507,0.00584,0.00103,0.00886;0.00883;0.00800;0.00833;0.00654;0.00571;0.00417;0.00331;0.00280;0.00201,
line-a-r01037,line-a,line-a-e19,33.2025172,-116.1517220,180.0,line-a-e20,33.2026766,-116.1515324,180.0,line-a-e23,33.2031548,-116.1509636,180.0,line-a-e24,33.2033142,-116.1507740,180.0,2026-08-17T17:52:24Z,dipole-dipole,3,5,1.237,646.8,196.740,5.505,0.00639,0.00093,0.01050;0.01028;0.00802;0.00766;0.00726;0.00573;0.00544;0.00393;0.00321;0.00226,
line-a-r01038,line-a,line-a-e19,33.2025172,-116.1517220,180.0,line-a-e20,33.2026766,-116.1515324,180.0,line-a-e23,33.2031548,-116.1509636,180.0,line-a-e24,33.2033142,-116.1507740,180.0,2026-08-17T17:52:36Z,dipole-dipole,3,7,1.594,502.0,218.969,7.383,0.00471,0.00111,0.00782;0.00723;0.00598;0.00659;0.00497;0.00457;0.00416;0.00315;0.00236;0.00165,
line-a-r01039,line-a,line-a-e19,33.2025172,-116.1517220,180.0,line-a-e20,33.2026766,-116.1515324,180.0,line-a-e24,33.2033142,-116.1507740,180.0,line-a-e25,33.2034736,-116.1505844,180.0,2026-08-17T17:52:48Z,dipole-dipole,4,6,1.599,500.3,213.014,7.861,0.00630,0.00119,0.01007;0.00896;0.00732;0.00779;0.00758;0.00604;0.00520;0.00442;0.00301;0.00229,
line-a-r01040,line-a,line-a-e19,33.2025172,-116.1517220,180.0,line-a-e20,33.2026766,-116.1515324,180.0,line-a-e24,33.2033142,-116.1507740,180.0,line-a-e25,33.2034736,-116.1505844,180.0,2026-08-17T17:53:00Z,dipole-dipole,4,7,1.287,621.4,194.904,8.433,0.00631,0.00112,0.01003;0.00900;0.00875;0.00773;0.00644;0.00598;0.00571;0.00335;0.00299;0.00217,
line-a-r01041,line-a,line-a-e19,33.2025172,-116.1517220,180.0,line-a-e20,33.2026766,-116.1515324,180.0,line-a-e24,33.2033142,-116.1507740,180.0,line-a-e25,33.2034736,-116.1505844,180.0,2026-08-17T17:53:12Z,dipole-dipole,4,7,1.077,742.8,-267.709,5.868,0.00623,0.00078,0.01012;0.01052;0.00779;0.00689;0.00759;0.00598;0.00477;0.00401;0.00299;0.00243,
line-a-r01042,line-a,line-a-e19,33.2025172,-116.1517220,180.0,line-a-e20,33.2026766,-116.1515324,180.0,line-a-e24,33.2033142,-116.1507740,180.0,line-a-e25,33.2034736,-116.1505844,180.0,2026-08-17T17:53:24Z,dipole-dipole,4,5,1.564,511.5,196.936,7.363,0.00622,0.00090,0.01096;0.00902;0.00814;0.00700;0.00701;0.00560;0.00490;0.00410;0.00289;0.00224,
line-a-r01043,line-a,line-a-e19,33.2025172,-116.1517220,180.0,line-a-e20,33.2026766,-116.1515324,180.0,line-a-e24,33.2033142,-116.1507740,180.0,line-a-e25,33.2034736,-116.1505844,180.0,2026-08-17T17:53:36Z,dipole-dipole,4,6,1.097,729.3,203.153,8.711,0.00564,0.00108,0.00883;0.00856;0.00754;0.00648;0.00670;0.00541;0.00420;0.00395;0.00282;0.00200,
line-a-r01044,line-a,line-a-e19,33.2025172,-116.1517220,180.0,line-a-e20,33.2026766,-116.1515324,180.0,line-a-e24,33.2033142,-116.1507740,180.0,line-a-e25,33.2034736,-116.1505844,180.0,2026-08-17T17:53:48Z,dipole-dipole,4,6,1.219,656.1,193.211,7.465,0.00486,0.00093,0.00833;0.00642;0.00659;0.00614;0.00501;0.00444;0.00383;0.00274;0.00218;0.00179,
line-a-r01045,line-a,line-a-e19,33.2025172,-116.1517220,180.0,line-a-e20,33.2026766,-116.1515324,180.0,line-a-e24,33.2033142,-116.1507740,180.0,line-a-e25,33.2034736,-116.1505844,180.0,2026-08-17T17:54:00Z,dipole-dipole,4,4,1.091,733.6,201.516,7.452,0.00618,0.00123,0.01014;0.00897;0.00852;0.00835;0.00641;0.00549;0.00516;0.00365;0.00306;0.00236,
line-a-r01046,line-a,line-a-e19,33.2025172,-116.1517220,180.0,line-a-e20,33.2026766,-116.1515324,180.0,line-a-e24,33.2033142,-116.1507740,180.0,line-a-e25,33.2034736,-116.1505844,180.0,2026-08-17T17:54:12Z,dipole-dipole,4,3,1.495,535.0,199.335,9.218,0.00564,0.00111,0.00840;0.00886;0.00803;0.00706;0.00576;0.00492;0.00434;0.00343;0.00282;0.00194,
line-a-r01047,line-a,line-a-e19,33.2025172,-116.1517220,180.0,line-a-e20,33.2026766,-116.1515324,180.0,line-a-e25,33.2034736,-116.1505844,180.0,line-a-e26,33.2036330,-116.1503948,180.0,2026-08-17T17:54:24Z,dipole-dipole,5,8,1.730,462.5,191.880,9.061,0.00720,0.00108,0.01094;0.01159;0.01069;0.00914;0.00820;0.00708;0.00577;0.00539;0.00356;0.00251,
line-a-r01048,line-a,line-a-e19,33.2025172,-116.1517220,180.0,line-a-e20,33.2026766,-116.1515324,180.0,line-a-e25,33.2034736,-116.1505844,180.0,line-a-e26,33.2036330,-116.1503948,180.0,2026-08-17T17:54:36Z,dipole-dipole,5,8,1.471,543.8,206.174,6.884,0.00608,0.00091,0.00998;0.01002;0.00803;0.00670;0.00641;0.00554;0.00497;0.00405;0.00269;0.00238,
line-a-r01049,line-a,line-a-e19,33.2025172,-116.1517220,180.0,line-a-e20,33.2026766,-116.1515324,180.0,line-a-e25,33.2034736,-116.1505844,180.0,line-a-e26,33.2036330,-116.1503948,180.0,2026-08-17T17:54:48Z,dipole-dipole,5,3,1.154,693.1,205.921,8.280,0.00507,0.00109,0.00859;0.00722;0.00705;0.00596;0.00553;0.00464;0.00427;0.00314;0.00225;0.00174,
line-a-r01050,line-a,line-a-e19,33.2025172,-116.1517220,180.0,line-a-e20,33.2026766,-116.1515324,180.0,line-a-e25,33.2034736,-116.1505844,180.0,line-a-e26,33.2036330,-116.1503948,180.0,2026-08-17T17:55:00Z,dipole-dipole,5,6,1.382,578.8,189.479,7.732,0.00596,0.00100,0.00941;0.00861;0.00802;0.00665;0.00595;0.00593;0.00426;0.00391;0.00273;0.00209,
line-a-r01051,line-a,line-a-e19,33.2025172,-116.1517220,180.0,line-a-e20,33.2026766,-116.1515324,180.0,line-a-e25,33.2034736,-116.1505844,180.0,line-a-e26,33.2036330,-116.1503948,180.0,2026-08-17T17:55:12Z,dipole-dipole,5,8,1.104,724.6,190.951,5.786,0.00774,0.00092,0.01223;0.01190;0.01022;0.00998;0.00846;0.00704;0.00627;0.00500;0.00372;0.00272,
line-a-r01052,line-a,line-a-e19,33.2025172,-116.1517220,180.0,line-a-e20,33.2026766,-116.1515324,180.0,line-a-e25,33.2034736,-116.1505844,180.0,line-a-e26,33.2036330,-116.1503948,180.0,2026-08-17T17:55:24Z,dipole-dipole,5,8,1.202,665.4,198.347,8.534,0.00763,0.00102,0.01280;0.01109;0.01122;0.00884;0.00833;0.00706;0.00594;0.00461;0.00389;0.00259,
line-a-r01053,line-a,line-a-e19,33.2025172,-116.1517220,180.0,line-a-e20,33.2026766,-116.1515324,180.0,line-a-e25,33.2034736,-116.1505844,180.0,line-a-e26,33.2036330,-116.1503948,180.0,2026-08-17T17:55:36Z,dipole-dipole,5,7,1.124,711.6,194.193,9.738,0.00599,0.00174,0.01054;0.00859;0.00774;0.00695;0.00694;0.00586;0.00489;0.00370;0.00280;0.00208,
line-a-r01054,line-a,line-a-e19,33.2025172,-116.1517220,180.0,line-a-e20,33.2026766,-116.1515324,180.0,line-a-e25,33.2034736,-116.1505844,180.0,line-a-e26,33.2036330,-116.1503948,180.0,2026-08-17T17:55:48Z,dipole-dipole,5,3,1.584,505.0,195.375,8.266,0.00759,0.00139,0.01137;0.01188;0.01100;0.00983;0.00820;0.00768;0.00614;0.00448;0.00389;0.00258,
line-a-r01055,line-a,line-a-e19,33.2025172,-116.1517220,180.0,line-a-e20,33.2026766,-116.1515324,180.0,line-a-e26,33.2036330,-116.1503948,180.0,line-a-e27,33.2037924,-116.1502052,180.0,2026-08-17T17:56:00Z,dipole-dipole,6,6,1.499,533.6,191.834,8.316,0.00553,0.00104,0.00910;0.00818;0.00762;0.00659;0.00613;0.00558;0.00441;0.00374;0.00252;0.00196,
line-a-r01056,line-a,line-a-e19,33.2025172,-116.1517220,180.0,line-a-e20,33.2026766,-116.1515324,180.0,line-a-e26,33.2036330,-116.1503948,180.0,line-a-e27,33.2037924,-116.1502052,180.0,2026-08-17T17:56:12Z,dipole-dipole,6,8,1.427,560.5,188.054,8.936,0.00815,0.00098,0.01437;0.01124;0.01081;0.01104;0.00941;0.00713;0.00651;0.00551;0.00438;0.00288,
line-a-r01057,line-a,line-a-e19,33.2025172,-116.1517220,180.0,line-a-e20,33.2026766,-116.1515324,180.0,line-a-e26,33.2036330,-116.1503948,180.0,line-a-e27,33.2037924,-116.1502052,180.0,2026-08-17T17:56:24Z,dipole-dipole,6,7,1.417,564.6,187.345,7.350,0.00667,0.00168,0.01019;0.01028;0.01003;0.00859;0.00797;0.00638;0.00496;0.00396;0.00322;0.00234,
line-a-r01058,line-a,line-a-e19,33.2025172,-116.1517220,180.0,line-a-e20,33.2026766,-116.1515324,180.0,line-a-e26,33.2036330,-116.1503948,180.0,line-a-e27,33.2037924,-116.1502052,180.0,2026-08-17T17:56:36Z,dipole-dipole,6,4,0.916,873.7,205.913,7.166,0.00758,0.00114,0.01205;0.01130;0.00905;0.00952;0.00872;0.00668;0.00606;0.00518;0.00406;0.00266,
line-a-r01059,line-a,line-a-e19,33.2025172,-116.1517220,180.0,line-a-e20,33.2026766,-116.1515324,180.0,line-a-e26,33.2036330,-116.1503948,180.0,line-a-e27,33.2037924,-116.1502052,180.0,2026-08-17T17:56:48Z,dipole-dipole,6,4,1.245,642.4,189.448,7.500,0.00758,0.00117,0.01171;0.01091;0.01044;0.00856;0.00824;0.00618;0.00573;0.00501;0.00420;0.00282,
line-a-r01060,line-a,line-a-e19,33.2025172,-116.1517220,180.0,line-a-e20,33.2026766,-116.1515324,180.0,line-a-e26,33.2036330,-116.1503948,180.0,line-a-e27,33.2037924,-116.1502052,180.0,2026-08-17T17:57:00Z,dipole-dipole,6,3,1.175,680.7,191.474,8.253,0.00594,0.00093,0.00990;0.00782;0.00781;0.00674;0.00714;0.00520;0.00504;0.00400;0.00282;0.00229,
line-a-r01061,line-a,line-a-e19,33.2025172,-116.1517220,180.0,line-a-e20,33.2026766,-116.1515324,180.0,line-a-e26,33.2036330,-116.1503948,180.0,line-a-e27,33.2037924,-116.1502052,180.0,2026-08-17T17:57:12Z,dipole-dipole,6,7,1.805,443.3,194.227,7.237,0.00860,0.00117,0.01362;0.01263;0.01168;0.01036;0.00874;0.00846;0.00653;0.00568;0.00419;0.00297,
line-a-r01062,line-a,line-a-e19,33.2025172,-116.1517220,180.0,line-a-e20,33.2026766,-116.1515324,180.0,line-a-e26,33.2036330,-116.1503948,180.0,line-a-e27,33.2037924,-116.1502052,180.0,2026-08-17T17:57:24Z,dipole-dipole,6,8,1.368,584.9,198.137,6.432,0.00640,0.00138,0.00904;0.00886;0.00911;0.00838;0.00703;0.00587;0.00473;0.00359;0.00340;0.00214,
line-a-r01063,line-a,line-a-e19,33.2025172,-116.1517220,180.0,line-a-e20,33.2026766,-116.1515324,180.0,line-a-e27,33.2037924,-116.1502052,180.0,line-a-e28,33.2039518,-116.1500156,180.0,2026-08-17T17:57:36Z,dipole-dipole,7,8,1.454,550.1,185.983,6.601,0.00659,0.00123,0.01007;0.00966;0.00904;0.00860;0.00742;0.00644;0.00489;0.00437;0.00306;0.00223,
line-a-r01064,line-a,line-a-e19,33.2025172,-116.1517220,180.0,line-a-e20,33.2026766,-116.1515324,180.0,line-a-e27,33.2037924,-116.1502052,180.0,line-a-e28,33.2039518,-116.1500156,180.0,2026-08-17T17:57:48Z,dipole-dipole,7,6,1.546,517.4,193.486,6.974,0.00535,0.00101,0.00869;0.00774;0.00703;0.00648;0.00538;0.00426;0.00405;0.00364;0.00246;0.00177,
line-a-r01065,line-a,line-a-e19,33.2025172,-116.1517220,180.0,line-a-e20,33.2026766,-116.1515324,180.0,line-a-e27,33.2037924,-116.1502052,180.0,line-a-e28,33.2039518,-116.1500156,180.0,2026-08-17T17:58:00Z,dipole-dipole,7,4,1.444,553.9,197.578,8.517,0.00530,0.00125,0.00787;0.00847;0.00787;0.00689;0.00576;0.00529;0.00360;0.00329;0.00275;0.00191,
line-a-r01066,line-a,line-a-e19,33.2025172,-116.1517220,180.0,line-a-e20,33.2026766,-116.1515324,180.0,line-a-e27,33.2037924,-116.1502052,180.0,line-a-e28,33.2039518,-116.1500156,180.0,2026-08-17T17:58:12Z,dipole-dipole,7,5,1.464,546.4,199.896,7.175,0.00548,0.00125,0.00895;0.00875;0.00676;0.00686;0.00658;0.00524;0.00411;0.00357;0.00253;0.00197,
line-a-r01067,line-a,line-a-e19,33.2025172,-116.1517220,180.0,line-a-e20,33.2026766,-116.1515324,180.0,line-a-e27,33.2037924,-116.1502052,180.0,line-a-e28,33.2039518,-116.1500156,180.0,2026-08-17T17:58:24Z,dipole-dipole,7,6,1.169,684.6,183.516,6.471,0.00728,0.00105,0.01210;0.01053;0.00993;0.01039;0.00789;0.00732;0.00591;0.00402;0.00364;0.00269,
line-a-r01068,line-a,line-a-e19,33.2025172,-116.1517220,180.0,line-a-e20,33.2026766,-116.1515324,180.0,line-a-e27,33.2037924,-116.1502052,180.0,line-a-e28,33.2039518,-116.1500156,180.0,2026-08-17T17:58:36Z,dipole-dipole,7,5,1.580,506.4,202.647,6.527,0.00518,0.00111,0.00807;0.00685;0.00726;0.00668;0.00566;0.00466;0.00405;0.00315;0.00253;0.00190,
line-a-r01069,line-a,line-a-e19,33.2025172,-116.1517220,180.0,line-a-e20,33.2026766,-116.1515324,180.0,line-a-e27,33.2037924,-116.1502052,180.0,line-a-e28,33.2039518,-116.1500156,180.0,2026-08-17T17:58:48Z,dipole-dipole,7,4,1.141,701.4,190.078,7.338,0.00616,0.00144,0.01082;0.00832;0.00803;0.00831;0.00613;0.00612;0.00501;0.00415;0.00291;0.00209,
line-a-r01070,line-a,line-a-e19,33.2025172,-116.1517220,180.0,line-a-e20,33.2026766,-116.1515324,180.0,line-a-e27,33.2037924,-116.1502052,180.0,line-a-e28,33.2039518,-116.1500156,180.0,2026-08-17T17:59:00Z,dipole-dipole,7,7,1.260,634.9,195.058,7.646,0.00764,0.00114,0.01158;0.01055;0.01023;0.00881;0.00798;0.00771;0.00567;0.00478;0.00399;0.00283,
line-a-r01071,line-a,line-a-e19,33.2025172,-116.1517220,180.0,line-a-e20,33.2026766,-116.1515324,180.0,line-a-e28,33.2039518,-116.1500156,180.0,line-a-e29,33.2041112,-116.1498260,180.0,2026-08-17T17:59:12Z,dipole-dipole,8,3,1.656,483.0,203.216,8.447,0.00751,0.00120,0.01325;0.01077;0.00992;0.00961;0.00859;0.00759;0.00605;0.00478;0.00385;0.00285,
line-a-r01072,line-a,line-a-e19,33.2025172,-116.1517220,180.0,line-a-e20,33.2026766,-116.1515324,180.0,line-a-e28,33.2039518,-116.1500156,180.0,line-a-e29,33.2041112,-116.1498260,180.0,2026-08-17T17:59:24Z,dipole-dipole,8,7,1.407,568.5,175.285,7.585,0.00711,0.00108,0.01181;0.01071;0.01022;0.00914;0.00815;0.00636;0.00535;0.00451;0.00344;0.00256,
line-a-r01073,line-a,line-a-e19,33.2025172,-116.1517220,180.0,line-a-e20,33.2026766,-116.1515324,180.0,line-a-e28,33.2039518,-116.1500156,180.0,line-a-e29,33.2041112,-116.1498260,180.0,2026-08-17T17:59:36Z,dipole-dipole,8,3,1.456,549.6,192.719,7.020,0.00517,0.00113,0.00824;0.00757;0.00704;0.00650;0.00556;0.00492;0.00400;0.00331;0.00254;0.00171,
line-a-r01074,line-a,line-a-e19,33.2025172,-116.1517220,180.0,line-a-e20,33.2026766,-116.1515324,180.0,line-a-e28,33.2039518,-116.1500156,180.0,line-a-e29,33.2041112,-116.1498260,180.0,2026-08-17T17:59:48Z,dipole-dipole,8,3,1.402,570.7,186.380,5.194,0.00897,0.00097,0.01392;0.01343;0.01259;0.00962;0.00957;0.00838;0.00733;0.00510;0.00427;0.00335,
line-a-r01075,line-a,line-a-e19,33.2025172,-116.1517220,180.0,line-a-e20,33.2026766,-116.1515324,180.0,line-a-e28,33.2039518,-116.1500156,180.0,line-a-e29,33.2041112,-116.1498260,180.0,2026-08-17T18:00:00Z,dipole-dipole,8,8,1.474,542.8,180.098,4.864,0.00550,0.00100,0.00891;0.00851;0.00736;0.00661;0.00561;0.00538;0.00367;0.00346;0.00264;0.00227,
line-a-r01076,line-a,line-a-e19,33.2025172,-116.1517220,180.0,line-a-e20,33.2026766,-116.1515324,180.0,line-a-e28,33.2039518,-116.1500156,180.0,line-a-e29,33.2041112,-116.1498260,180.0,2026-08-17T18:00:12Z,dipole-dipole,8,8,1.413,566.3,190.363,6.955,0.00658,0.00105,0.01072;0.00952;0.00957;0.00840;0.00733;0.00655;0.00530;0.00398;0.00316;0.00199,
line-a-r01077,line-a,line-a-e19,33.2025172,-116.1517220,180.0,line-a-e20,33.2026766,-116.1515324,180.0,line-a-e28,33.2039518,-116.1500156,180.0,line-a-e29,33.2041112,-116.1498260,180.0,2026-08-17T18:00:24Z,dipole-dipole,8,7,1.446,553.2,193.635,8.628,0.00698,0.00118,0.01237;0.01066;0.00912;0.00926;0.00743;0.00637;0.00581;0.00466;0.00366;0.00274,
line-a-r01078,line-a,line-a-e19,33.2025172,-116.1517220,180.0,line-a-e20,33.2026766,-116.1515324,180.0,line-a-e28,33.2039518,-116.1500156,180.0,line-a-e29,33.2041112,-116.1498260,180.0,2026-08-17T18:00:36Z,dipole-dipole,8,5,1.461,547.6,179.485,7.666,0.00696,0.00113,0.01150;0.01021;0.00949;0.00886;0.00811;0.00629;0.00545;0.00488;0.00342;0.00263,
line-a-r01079,line-a,line-a-e20,33.2026766,-116.1515324,180.0,line-a-e21,33.2028360,-116.1513428,180.0,line-a-e22,33.2029954,-116.1511532,180.0,line-a-e23,33.2031548,-116.1509636,180.0,2026-08-17T18:00:48Z,dipole-dipole,1,3,1.433,558.1,219.100,9.373,0.00431,0.00105,0.00715;0.00621;0.00613;0.00502;0.00496;0.00364;0.00363;0.00258;0.00210;0.00147,
line-a-r01080,line-a,line-a-e20,33.2026766,-116.1515324,180.0,line-a-e21,33.2028360,-116.1513428,180.0,line-a-e22,33.2029954,-116.1511532,180.0,line-a-e23,33.2031548,-116.1509636,180.0,2026-08-17T18:01:00Z,dipole-dipole,1,3,1.330,601.6,193.906,7.367,0.00444,0.00110,0.00722;0.00647;0.00620;0.00574;0.00531;0.00429;0.00332;0.00279;0.00218;0.00151,
line-a-r01081,line-a,line-a-e20,33.2026766,-116.1515324,180.0,line-a-e21,33.2028360,-116.1513428,180.0,line-a-e22,33.2029954,-116.1511532,180.0,line-a-e23,33.2031548,-116.1509636,180.0,2026-08-17T18:01:12Z,dipole-dipole,1,7,1.592,502.4,214.318,7.997,0.00503,0.00076,0.00753;0.00773;0.00732;0.00619;0.00515;0.00457;0.00425;0.00321;0.00238;0.00177,
line-a-r01082,line-a,line-a-e20,33.2026766,-116.1515324,180.0,line-a-e21,33.2028360,-116.1513428,180.0,line-a-e22,33.2029954,-116.1511532,180.0,line-a-e23,33.2031548,-116.1509636,180.0,2026-08-17T18:01:24Z,dipole-dipole,1,5,1.179,678.8,210.282,7.210,0.00473,0.00110,0.00778;0.00698;0.00695;0.00671;0.00461;0.00444;0.00400;0.00288;0.00222;0.00174,
line-a-r01083,line-a,line-a-e20,33.2026766,-116.1515324,180.0,line-a-e21,33.2028360,-116.1513428,180.0,line-a-e22,33.2029954,-116.1511532,180.0,line-a-e23,33.2031548,-116.1509636,180.0,2026-08-17T18:01:36Z,dipole-dipole,1,5,1.391,575.1,198.426,8.262,0.00488,0.00806,0.00750;0.00808;0.00659;0.00600;0.00503;0.00435;0.00409;0.00320;0.00237;0.00185,
line-a-r01084,line-a,line-a-e20,33.2026766,-116.1515324,180.0,line-a-e21,33.2028360,-116.1513428,180.0,line-a-e22,33.2029954,-116.1511532,180.0,line-a-e23,33.2031548,-116.1509636,180.0,2026-08-17T18:01:48Z,dipole-dipole,1,5,1.425,561.5,206.249,6.719,0.00573,0.00096,0.00902;0.00911;0.00727;0.00673;0.00600;0.00565;0.00486;0.00372;0.00279;0.00211,
line-a-r01085,line-a,line-a-e20,33.2026766,-116.1515324,180.0,line-a-e21,33.2028360,-116.1513428,180.0,line-a-e23,33.2031548,-116.1509636,180.0,line-a-e24,33.2033142,-116.1507740,180.0,2026-08-17T18:02:00Z,dipole-dipole,2,5,1.676,477.3,211.315,5.662,0.00429,0.00085,0.00638;0.00666;0.00592;0.00469;0.00481;0.00455;0.00360;0.00304;0.00221;0.00142,
line-a-r01086,line-a,line-a-e20,33.2026766,-116.1515324,180.0,line-a-e21,33.2028360,-116.1513428,180.0,line-a-e23,33.2031548,-116.1509636,180.0,line-a-e24,33.2033142,-116.1507740,180.0,2026-08-17T18:02:12Z,dipole-dipole,2,8,1.605,498.5,190.187,7.784,0.00397,0.00089,0.00590;0.00574;0.00537;0.00488;0.00424;0.00354;0.00306;0.00242;0.00207;0.00134,
line-a-r01087,line-a,line-a-e20,33.2026766,-116.1515324,180.0,line-a-e21,33.2028360,-116.1513428,180.0,line-a-e23,33.2031548,-116.1509636,180.0,line-a-e24,33.2033142,-116.1507740,180.0,2026-08-17T18:02:24Z,dipole-dipole,2,3,1.047,764.0,204.759,8.173,0.00513,0.00095,0.00842;0.00745;0.00648;0.00604;0.00558;0.00524;0.00378;0.00315;0.00238;0.00177,
line-a-r01088,line-a,line-a-e20,33.2026766,-116.1515324,180.0,line-a-e21,33.2028360,-116.1513428,180.0,line-a-e23,33.2031548,-116.1509636,180.0,line-a-e24,33.2033142,-116.1507740,180.0,2026-08-17T18:02:36Z,dipole-dipole,2,5,1.567,510.4,207.688,6.058,0.00398,0.00083,0.00623;0.00562;0.00576;0.00492;0.00430;0.00347;0.00335;0.00242;0.00199;0.00146,
line-a-r01089,line-a,line-a-e20,33.2026766,-116.1515324,180.0,line-a-e21,33.2028360,-116.1513428,180.0,line-a-e23,33.2031548,-116.1509636,180.0,line-a-e24,33.2033142,-116.1507740,180.0,2026-08-17T18:02:48Z,dipole-dipole,2,5,1.211,660.8,196.797,8.655,0.00621,0.00110,0.01004;0.00935;0.00793;0.00715;0.00652;0.00607;0.00495;0.00382;0.00280;0.00194,
line-a-r01090,line-a,line-a-e20,33.2026766,-116.1515324,180.0,line-a-e21,33.2028360,-116.1513428,180.0,line-a-e23,33.2031548,-116.1509636,180.0,line-a-e24,33.2033142,-116.1507740,180.0,2026-08-17T18:03:00Z,dipole-dipole,2,8,1.502,532.6,198.737,6.703,0.00547,0.00085,0.00793;0.00823;0.00776;0.00597;0.00666;0.00480;0.00420;0.00318;0.00255;0.00183,
line-a-r01091,line-a,line-a-e20,33.2026766,-116.1515324,180.0,line-a-e21,33.2028360,-116.1513428,180.0,line-a-e24,33.2033142,-116.1507740,180.0,line-a-e25,33.2034736,-116.1505844,180.0,2026-08-17T18:03:12Z,dipole-dipole,3,4,1.542,518.8,200.581,6.995,0.00431,0.00113,0.00651;0.00650;0.00616;0.00562;0.00490;0.00394;0.00359;0.00264;0.00214;0.00149,
line-a-r01092,line-a,line-a-e20,33.2026766,-116.1515324,180.0,line-a-e21,33.2028360,-116.1513428,180.0,line-a-e24,33.2033142,-116.1507740,180.0,line-a-e25,33.2034736,-116.1505844,180.0,2026-08-17T18:03:24Z,dipole-dipole,3,6,1.040,769.4,200.581,7.052,0.00431,0.00116,0.00651;0.00650;0.00616;0.00562;0.00490;0.00394;0.00359;0.00264;0.00214;0.00149,
line-a-r01093,line-a,line-a-e20,33.2026766,-116.1515324,180.0,line-a-e21,33.2028360,-116.1513428,180.0,line-a-e24,33.2033142,-116.1507740,180.0,line-a-e25,33.2034736,-116.1505844,180.0,2026-08-17T18:03:36Z,dipole-dipole,3,5,1.489,537.2,200.581,8.709,0.00431,0.00108,0.00651;0.00650;0.00616;0.00562;0.00490;0.00394;0.00359;0.00264;0.00214;0.00149,
line-a-r01094,line-a,line-a-e20,33.2026766,-116.1515324,180.0,line-a-e21,33.2028360,-116.1513428,180.0,line-a-e24,33.2033142,-116.1507740,180.0,line-a-e25,33.2034736,-116.1505844,180.0,2026-08-17T18:03:48Z,dipole-dipole,3,3,1.469,544.7,200.581,8.887,0.00431,0.00101,0.00651;0.00650;0.00616;0.00562;0.00490;0.00394;0.00359;0.00264;0.00214;0.00149,
line-a-r01095,line-a,line-a-e20,33.2026766,-116.1515324,180.0,line-a-e21,33.2028360,-116.1513428,180.0,line-a-e24,33.2033142,-116.1507740,180.0,line-a-e25,33.2034736,-116.1505844,180.0,2026-08-17T18:04:00Z,dipole-dipole,3,5,1.119,714.9,200.581,6.601,0.00431,0.00100,0.00651;0.00650;0.00616;0.00562;0.00490;0.00394;0.00359;0.00264;0.00214;0.00149,
line-a-r01096,line-a,line-a-e20,33.2026766,-116.1515324,180.0,line-a-e21,33.2028360,-116.1513428,180.0,line-a-e24,33.2033142,-116.1507740,180.0,line-a-e25,33.2034736,-116.1505844,180.0,2026-08-17T18:04:12Z,dipole-dipole,3,8,1.387,576.6,200.581,9.749,0.00431,0.00092,0.00651;0.00650;0.00616;0.00562;0.00490;0.00394;0.00359;0.00264;0.00214;0.00149,
line-a-r01097,line-a,line-a-e20,33.2026766,-116.1515324,180.0,line-a-e21,33.2028360,-116.1513428,180.0,line-a-e24,33.2033142,-116.1507740,180.0,line-a-e25,33.2034736,-116.1505844,180.0,2026-08-17T18:04:24Z,dipole-dipole,3,6,1.392,574.6,200.581,7.205,0.00431,0.00163,0.00651;0.00650;0.00616;0.00562;0.00490;0.00394;0.00359;0.00264;0.00214;0.00149,
line-a-r01098,line-a,line-a-e20,33.2026766,-116.1515324,180.0,line-a-e21,33.2028360,-116.1513428,180.0,line-a-e24,33.2033142,-116.1507740,180.0,line-a-e25,33.2034736,-116.1505844,180.0,2026-08-17T18:04:36Z,dipole-dipole,3,5,1.523,525.1,200.581,7.463,0.00431,0.00114,0.00651;0.00650;0.00616;0.00562;0.00490;0.00394;0.00359;0.00264;0.00214;0.00149,
line-a-r01099,line-a,line-a-e20,33.2026766,-116.1515324,180.0,line-a-e21,33.2028360,-116.1513428,180.0,line-a-e25,33.2034736,-116.1505844,180.0,line-a-e26,33.2036330,-116.1503948,180.0,2026-08-17T18:04:48Z,dipole-dipole,4,3,1.424,561.9,204.298,8.747,0.00490,0.00107,0.00805;0.00726;0.00647;0.00587;0.00546;0.00467;0.00407;0.00332;0.00252;0.00175,
line-a-r01100,line-a,line-a-e20,33.2026766,-116.1515324,180.0,line-a-e21,33.2028360,-116.1513428,180.0,line-a-e25,33.2034736,-116.1505844,180.0,line-a-e26,33.2036330,-116.1503948,180.0,2026-08-17T18:05:00Z,dipole-dipole,4,8,1.481,540.3,205.953,9.988,0.00443,0.00079,0.00780;0.00675;0.00638;0.00555;0.00457;0.00431;0.00339;0.00280;0.00223;0.00171,
line-a-r01101,line-a,line-a-e20,33.2026766,-116.1515324,180.0,line-a-e21,33.2028360,-116.1513428,180.0,line-a-e25,33.2034736,-116.1505844,180.0,line-a-e26,33.2036330,-116.1503948,180.0,2026-08-17T18:05:12Z,dipole-dipole,4,4,1.273,628.7,193.356,6.835,0.00609,0.00099,0.01084;0.00868;0.00832;0.00782;0.00635;0.00581;0.00448;0.00367;0.00285;0.00209,
line-a-r01102,line-a,line-a-e20,33.2026766,-116.1515324,180.0,line-a-e21,33.2028360,-116.1513428,180.0,line-a-e25,33.2034736,-116.1505844,180.0,line-a-e26,33.2036330,-116.1503948,180.0,2026-08-17T18:05:24Z,dipole-dipole,4,3,1.479,540.8,200.989,7.286,0.00634,0.00085,0.01024;0.00924;0.00830;0.00817;0.00665;0.00696;0.00500;0.00383;0.00313;0.00218,
line-a-r01103,line-a,line-a-e20,33.2026766,-116.1515324,180.0,line-a-e21,33.2028360,-116.1513428,180.0,line-a-e25,33.2034736,-116.1505844,180.0,line-a-e26,33.2036330,-116.1503948,180.0,2026-08-17T18:05:36Z,dipole-dipole,4,7,1.427,560.6,196.654,7.979,0.00438,0.00123,0.00673;0.00642;0.00586;0.00519;0.00495;0.00365;0.00375;0.00284;0.00217;0.00158,
line-a-r01104,line-a,line-a-e20,33.2026766,-116.1515324,180.0,line-a-e21,33.2028360,-116.1513428,180.0,line-a-e25,33.2034736,-116.1505844,180.0,line-a-e26,33.2036330,-116.1503948,180.0,2026-08-17T18:05:48Z,dipole-dipole,4,7,1.247,641.6,200.429,9.221,0.00400,0.00102,0.00593;0.00593;0.00512;0.00516;0.00421;0.00372;0.00343;0.00278;0.00188;0.00151,
line-a-r01105,line-a,line-a-e20,33.2026766,-116.1515324,180.0,line-a-e21,33.2028360,-116.1513428,180.0,line-a-e26,33.2036330,-116.1503948,180.0,line-a-e27,33.2037924,-116.1502052,180.0,2026-08-17T18:06:00Z,dipole-dipole,5,4,1.330,601.4,203.963,8.621,0.00441,0.00091,0.00701;0.00639;0.00622;0.00547;0.00493;0.00424;0.00363;0.00272;0.00210;0.00144,
line-a-r01106,line-a,line-a-e20,33.2026766,-116.1515324,180.0,line-a-e21,33.2028360,-116.1513428,180.0,line-a-e26,33.2036330,-116.1503948,180.0,line-a-e27,33.2037924,-116.1502052,180.0,2026-08-17T18:06:12Z,dipole-dipole,5,4,1.217,657.4,206.559,7.750,0.00435,0.00125,0.00744;0.00632;0.00588;0.00564;0.00513;0.00429;0.00348;0.00301;0.00212;0.00156,
line-a-r01107,line-a,line-a-e20,33.2026766,-116.1515324,180.0,line-a-e21,33.2028360,-116.1513428,180.0,line-a-e26,33.2036330,-116.1503948,180.0,line-a-e27,33.2037924,-116.1502052,180.0,2026-08-17T18:06:24Z,dipole-dipole,5,8,1.150,695.9,211.493,9.020,0.00684,0.01833,0.01020;0.01053;0.01003;0.00829;0.00786;0.00607;0.00551;0.00451;0.00339;0.00248,
line-a-r01108,line-a,line-a-e20,33.2026766,-116.1515324,180.0,line-a-e21,33.2028360,-116.1513428,180.0,line-a-e26,33.2036330,-116.1503948,180.0,line-a-e27,33.2037924,-116.1502052,180.0,2026-08-17T18:06:36Z,dipole-dipole,5,4,0.963,830.5,206.780,8.403,0.00500,0.00107,0.00776;0.00725;0.00670;0.00583;0.00525;0.00433;0.00430;0.00349;0.00245;0.00192,
line-a-r01109,line-a,line-a-e20,33.2026766,-116.1515324,180.0,line-a-e21,33.2028360,-116.1513428,180.0,line-a-e26,33.2036330,-116.1503948,180.0,line-a-e27,33.2037924,-116.1502052,180.0,2026-08-17T18:06:48Z,dipole-dipole,5,5,1.773,451.3,214.068,9.222,0.00399,0.00137,0.00616;0.00651;0.00542;0.00495;0.00457;0.00390;0.00326;0.00259;0.00200;0.00149,
line-a-r01110,line-a,line-a-e20,33.2026766,-116.1515324,180.0,line-a-e21,33.2028360,-116.1513428,180.0,line-a-e26,33.2036330,-116.1503948,180.0,line-a-e27,33.2037924,-116.1502052,180.0,2026-08-17T18:07:00Z,dipole-dipole,5,8,1.334,599.6,208.944,7.443,0.00569,0.00152,0.00858;0.00835;0.00791;0.00683;0.00580;0.00484;0.00454;0.00383;0.00291;0.00187,
line-a-r01111,line-a,line-a-e20,33.2026766,-116.1515324,180.0,line-a-e21,33.2028360,-116.1513428,180.0,line-a-e26,33.2036330,-116.1503948,180.0,line-a-e27,33.2037924,-116.1502052,180.0,2026-08-17T18:07:12Z,dipole-dipole,5,8,1.597,500.8,208.756,8.954,0.00431,0.00109,0.00665;0.00687;0.00579;0.00563;0.00472;0.00436;0.00313;0.00281;0.00203;0.00147,
line-a-r01112,line-a,line-a-e20,33.2026766,-116.1515324,180.0,line-a-e21,33.2028360,-116.1513428,180.0,line-a-e26,33.2036330,-116.1503948,180.0,line-a-e27,33.2037924,-116.1502052,180.0,2026-08-17T18:07:24Z,dipole-dipole,5,3,1.340,597.2,209.418,9.715,0.00337,0.00092,0.00523;0.00503;0.00430;0.00452;0.00363;0.00293;0.00253;0.00219;0.00165;0.00116,
line-a-r01113,line-a,line-a-e20,33.2026766,-116.1515324,180.0,line-a-e21,33.2028360,-116.1513428,180.0,line-a-e27,33.2037924,-116.1502052,180.0,line-a-e28,33.2039518,-116.1500156,180.0,2026-08-17T18:07:36Z,dipole-dipole,6,4,1.268,630.7,-210.355,6.921,0.00665,0.00087,0.01087;0.00940;0.00835;0.00847;0.00776;0.00663;0.00517;0.00448;0.00322;0.00237,
line-a-r01114,line-a,line-a-e20,33.2026766,-116.1515324,180.0,line-a-e21,33.2028360,-116.1513428,180.0,line-a-e27,33.2037924,-116.1502052,180.0,line-a-e28,33.2039518,-116.1500156,180.0,2026-08-17T18:07:48Z,dipole-dipole,6,7,1.357,589.4,211.459,6.314,0.00406,0.00089,0.00611;0.00662;0.00610;0.00458;0.00457;0.00373;0.00341;0.00268;0.00198;0.00144,
line-a-r01115,line-a,line-a-e20,33.2026766,-116.1515324,180.0,line-a-e21,33.2028360,-116.1513428,180.0,line-a-e27,33.2037924,-116.1502052,180.0,line-a-e28,33.2039518,-116.1500156,180.0,2026-08-17T18:08:00Z,dipole-dipole,6,7,1.112,719.4,219.867,9.334,0.00406,0.00113,0.00662;0.00640;0.00556;0.00450;0.00436;0.00381;0.00326;0.00271;0.00209;0.00133,
line-a-r01116,line-a,line-a-e20,33.2026766,-116.1515324,180.0,line-a-e21,33.2028360,-116.1513428,180.0,line-a-e27,33.2037924,-116.1502052,180.0,line-a-e28,33.2039518,-116.1500156,180.0,2026-08-17T18:08:12Z,dipole-dipole,6,6,1.469,544.6,216.988,8.293,0.00458,0.00134,0.00648;0.00687;0.00656;0.00564;0.00505;0.00429;0.00350;0.00300;0.00246;0.00160,
line-a-r01117,line-a,line-a-e20,33.2026766,-116.1515324,180.0,line-a-e21,33.2028360,-116.1513428,180.0,line-a-e27,33.2037924,-116.1502052,180.0,line-a-e28,33.2039518,-116.1500156,180.0,2026-08-17T18:08:24Z,dipole-dipole,6,3,1.374,582.1,203.235,6.774,0.00330,0.00106,0.00463;0.00492;0.00462;0.00388;0.00320;0.00284;0.00241;0.00232;0.00155;0.00112,
line-a-r01118,line-a,line-a-e20,33.2026766,-116.1515324,180.0,line-a-e21,33.2028360,-116.1513428,180.0,line-a-e27,33.2037924,-116.1502052,180.0,line-a-e28,33.2039518,-116.1500156,180.0,2026-08-17T18:08:36Z,dipole-dipole,6,7,1.790,447.0,208.429,7.419,0.00488,0.00101,0.00847;0.00691;0.00680;0.00599;0.00519;0.00533;0.00386;0.00322;0.00237;0.00180,
line-a-r01119,line-a,line-a-e20,33.2026766,-116.1515324,180.0,line-a-e21,33.2028360,-116.1513428,180.0,line-a-e27,33.2037924,-116.1502052,180.0,line-a-e28,33.2039518,-116.1500156,180.0,2026-08-17T18:08:48Z,dipole-dipole,6,5,1.419,563.7,207.075,9.159,0.00475,0.00116,0.00791;0.00746;0.00641;0.00590;0.00502;0.00448;0.00349;0.00329;0.00245;0.00170,
line-a-r01120,line-a,line-a-e20,33.2026766,-116.1515324,180.0,line-a-e21,33.2028360,-116.1513428,180.0,line-a-e28,33.2039518,-116.1500156,180.0,line-a-e29,33.2041112,-116.1498260,180.0,2026-08-17T18:09:00Z,dipole-dipole,7,6,1.642,487.1,213.131,6.235,0.00324,0.00128,0.00511;0.00492;0.00460;0.00408;0.00388;0.00328;0.00256;0.00198;0.00169;0.00103,
line-a-r01121,line-a,line-a-e20,33.2026766,-116.1515324,180.0,line-a-e21,33.2028360,-116.1513428,180.0,line-a-e28,33.2039518,-116.1500156,180.0,line-a-e29,33.2041112,-116.1498260,180.0,2026-08-17T18:09:12Z,dipole-dipole,7,8,1.154,693.5,202.204,8.501,0.00480,0.00083,0.00733;0.00741;0.00693;0.00624;0.00578;0.00446;0.00360;0.00289;0.00225;0.00196,
line-a-r01122,line-a,line-a-e20,33.2026766,-116.1515324,180.0,line-a-e21,33.2028360,-116.1513428,180.0,line-a-e28,33.2039518,-116.1500156,180.0,line-a-e29,33.2041112,-116.1498260,180.0,2026-08-17T18:09:24Z,dipole-dipole,7,6,1.141,701.1,191.864,6.884,0.00349,0.00095,0.00560;0.00436;0.00490;0.00450;0.00360;0.00332;0.00270;0.00234;0.00206;0.00115,
line-a-r01123,line-a,line-a-e20,33.2026766,-116.1515324,180.0,line-a-e21,33.2028360,-116.1513428,180.0,line-a-e28,33.2039518,-116.1500156,180.0,line-a-e29,33.2041112,-116.1498260,180.0,2026-08-17T18:09:36Z,dipole-dipole,7,5,1.287,621.7,198.780,8.822,0.00374,0.00091,0.00552;0.00541;0.00506;0.00419;0.00403;0.00323;0.00282;0.00243;0.00173;0.00137,
line-a-r01124,line-a,line-a-e20,33.2026766,-116.1515324,180.0,line-a-e21,33.2028360,-116.1513428,180.0,line-a-e28,33.2039518,-116.1500156,180.0,line-a-e29,33.2041112,-116.1498260,180.0,2026-08-17T18:09:48Z,dipole-dipole,7,5,1.629,491.0,202.990,6.745,0.00365,0.00097,0.00570;0.00539;0.00475;0.00449;0.00413;0.00373;0.00266;0.00236;0.00171;0.00132,
line-a-r01125,line-a,line-a-e20,33.2026766,-116.1515324,180.0,line-a-e21,33.2028360,-116.1513428,180.0,line-a-e28,33.2039518,-116.1500156,180.0,line-a-e29,33.2041112,-116.1498260,180.0,2026-08-17T18:10:00Z,dipole-dipole,7,5,1.726,463.5,204.454,8.210,0.00403,0.00102,0.00660;0.00598;0.00556;0.00479;0.00391;0.00412;0.00316;0.00213;0.00196;0.00149,
line-a-r01126,line-a,line-a-e20,33.2026766,-116.1515324,180.0,line-a-e21,33.2028360,-116.1513428,180.0,line-a-e28,33.2039518,-116.1500156,180.0,line-a-e29,33.2041112,-116.1498260,180.0,2026-08-17T18:10:12Z,dipole-dipole,7,4,1.036,772.3,210.570,7.078,0.00307,0.00095,0.00519;0.00445;0.00452;0.00368;0.00353;0.00307;0.00249;0.00182;0.00146;0.00124,
line-a-r01127,line-a,line-a-e20,33.2026766,-116.1515324,180.0,line-a-e21,33.2028360,-116.1513428,180.0,line-a-e29,33.2041112,-116.1498260,180.0,line-a-e30,33.2042705,-116.1496364,180.0,2026-08-17T18:10:24Z,dipole-dipole,8,6,1.234,648.4,208.714,7.380,0.00345,0.00131,0.00514;0.00539;0.00520;0.00465;0.00338;0.00317;0.00299;0.00216;0.00178;0.00134,
line-a-r01128,line-a,line-a-e20,33.2026766,-116.1515324,180.0,line-a-e21,33.2028360,-116.1513428,180.0,line-a-e29,33.2041112,-116.1498260,180.0,line-a-e30,33.2042705,-116.1496364,180.0,2026-08-17T18:10:36Z,dipole-dipole,8,5,1.441,555.1,214.372,9.601,0.00582,0.01294,0.00952;0.00810;0.00823;0.00681;0.00592;0.00586;0.00477;0.00385;0.00277;0.00219,
line-a-r01129,line-a,line-a-e20,33.2026766,-116.1515324,180.0,line-a-e21,33.2028360,-116.1513428,180.0,line-a-e29,33.2041112,-116.1498260,180.0,line-a-e30,33.2042705,-116.1496364,180.0,2026-08-17T18:10:48Z,dipole-dipole,8,6,1.808,442.5,203.479,6.623,0.00748,0.00119,0.01201;0.01140;0.01032;0.00855;0.00824;0.00744;0.00642;0.00409;0.00379;0.00289,
line-a-r01130,line-a,line-a-e20,33.2026766,-116.1515324,180.0,line-a-e21,33.2028360,-116.1513428,180.0,line-a-e29,33.2041112,-116.1498260,180.0,line-a-e30,33.2042705,-116.1496364,180.0,2026-08-17T18:11:00Z,dipole-dipole,8,5,1.579,506.8,205.051,9.638,0.00464,0.00786,0.00825;0.00752;0.00641;0.00561;0.00566;0.00467;0.00375;0.00338;0.00221;0.00175,
line-a-r01131,line-a,line-a-e20,33.2026766,-116.1515324,180.0,line-a-e21,33.2028360,-116.1513428,180.0,line-a-e29,33.2041112,-116.1498260,180.0,line-a-e30,33.2042705,-116.1496364,180.0,2026-08-17T18:11:12Z,dipole-dipole,8,4,1.155,692.8,210.493,7.394,0.00498,0.00125,0.00713;0.00733;0.00620;0.00584;0.00608;0.00523;0.00411;0.00300;0.00250;0.00171,
line-a-r01132,line-a,line-a-e20,33.2026766,-116.1515324,180.0,line-a-e21,33.2028360,-116.1513428,180.0,line-a-e29,33.2041112,-116.1498260,180.0,line-a-e30,33.2042705,-116.1496364,180.0,2026-08-17T18:11:24Z,dipole-dipole,8,7,1.343,595.9,201.177,7.154,0.00415,0.00116,0.00590;0.00564;0.00498;0.00495;0.00464;0.00391;0.00316;0.00286;0.00223;0.00152,
line-a-r01133,line-a,line-a-e20,33.2026766,-116.1515324,180.0,line-a-e21,33.2028360,-116.1513428,180.0,line-a-e29,33.2041112,-116.1498260,180.0,line-a-e30,33.2042705,-116.1496364,180.0,2026-08-17T18:11:36Z,dipole-dipole,8,3,1.501,533.1,200.957,8.531,0.00411,0.00126,0.00665;0.00614;0.00607;0.00547;0.00477;0.00354;0.00324;0.00263;0.00194;0.00160,
line-a-r01134,line-a,line-a-e21,33.2028360,-116.1513428,180.0,line-a-e22,33.2029954,-116.1511532,180.0,line-a-e23,33.2031548,-116.1509636,180.0,line-a-e24,33.2033142,-116.1507740,180.0,2026-08-17T18:11:48Z,dipole-dipole,1,3,1.739,460.2,213.967,6.600,0.00515,0.00136,0.00880;0.00765;0.00687;0.00616;0.00535;0.00551;0.00417;0.00332;0.00249;0.00184,
line-a-r01135,line-a,line-a-e21,33.2028360,-116.1513428,180.0,line-a-e22,33.2029954,-116.1511532,180.0,line-a-e23,33.2031548,-116.1509636,180.0,line-a-e24,33.2033142,-116.1507740,180.0,2026-08-17T18:12:00Z,dipole-dipole,1,4,1.981,403.8,216.473,7.517,0.00465,0.00090,0.00745;0.00701;0.00656;0.00594;0.00508;0.00444;0.00384;0.00303;0.00222;0.00161,
line-a-r01136,line-a,line-a-e21,33.2028360,-116.1513428,180.0,line-a-e22,33.2029954,-116.1511532,180.0,line-a-e23,33.2031548,-116.1509636,180.0,line-a-e24,33.2033142,-116.1507740,180.0,2026-08-17T18:12:12Z,dipole-dipole,1,7,2.000,334.8,210.656,6.915,0.00426,0.00114,0.00743;0.00626;0.00538;0.00522;0.00505;0.00405;0.00323;0.00278;0.00214;0.00164,
line-a-r01137,line-a,line-a-e21,33.2028360,-116.1513428,180.0,line-a-e22,33.2029954,-116.1511532,180.0,line-a-e23,33.2031548,-116.1509636,180.0,line-a-e24,33.2033142,-116.1507740,180.0,2026-08-17T18:12:24Z,dipole-dipole,1,7,1.889,423.5,210.913,7.476,0.00649,0.00104,0.00998;0.00972;0.00931;0.00832;0.00733;0.00686;0.00520;0.00465;0.00362;0.00224,
line-a-r01138,line-a,line-a-e21,33.2028360,-116.1513428,180.0,line-a-e22,33.2029954,-116.1511532,180.0,line-a-e23,33.2031548,-116.1509636,180.0,line-a-e24,33.2033142,-116.1507740,180.0,2026-08-17T18:12:36Z,dipole-dipole,1,3,1.707,468.6,200.144,6.431,0.00428,0.00103,0.00601;0.00641;0.00503;0.00530;0.00509;0.00389;0.00344;0.00256;0.00212;0.00151,
line-a-r01139,line-a,line-a-e21,33.2028360,-116.1513428,180.0,line-a-e22,33.2029954,-116.1511532,180.0,line-a-e23,33.2031548,-116.1509636,180.0,line-a-e24,33.2033142,-116.1507740,180.0,2026-08-17T18:12:48Z,dipole-dipole,1,5,2.000,375.2,205.692,7.546,0.00431,0.00102,0.00651;0.00620;0.00574;0.00561;0.00450;0.00430;0.00355;0.00261;0.00218;0.00153,
line-a-r01140,line-a,line-a-e21,33.2028360,-116.1513428,180.0,line-a-e22,33.2029954,-116.1511532,180.0,line-a-e23,33.2031548,-116.1509636,180.0,line-a-e24,33.2033142,-116.1507740,180.0,2026-08-17T18:13:00Z,dipole-dipole,1,8,2.000,378.8,203.505,7.597,0.00468,0.00105,0.00723;0.00696;0.00600;0.00552;0.00505;0.00438;0.00376;0.00276;0.00222;0.00159,
line-a-r01141,line-a,line-a-e21,33.2028360,-116.1513428,180.0,line-a-e22,33.2029954,-116.1511532,180.0,line-a-e23,33.2031548,-116.1509636,180.0,line-a-e24,33.2033142,-116.1507740,180.0,2026-08-17T18:13:12Z,dipole-dipole,1,6,1.507,530.8,215.935,9.106,0.00261,0.00085,0.00391;0.00398;0.00347;0.00322;0.00301;0.00234;0.00229;0.00162;0.00130;0.00093,
line-a-r01142,line-a,line-a-e21,33.2028360,-116.1513428,180.0,line-a-e22,33.2029954,-116.1511532,180.0,line-a-e24,33.2033142,-116.1507740,180.0,line-a-e25,33.2034736,-116.1505844,180.0,2026-08-17T18:13:24Z,dipole-dipole,2,4,2.000,361.1,211.179,7.070,0.00605,0.00128,0.00938;0.00870;0.00735;0.00711;0.00689;0.00518;0.00518;0.00381;0.00294;0.00215,
line-a-r01143,line-a,line-a-e21,33.2028360,-116.1513428,180.0,line-a-e22,33.2029954,-116.1511532,180.0,line-a-e24,33.2033142,-116.1507740,180.0,line-a-e25,33.2034736,-116.1505844,180.0,2026-08-17T18:13:36Z,dipole-dipole,2,3,1.358,589.0,190.504,5.524,0.00473,0.00104,0.00693;0.00696;0.00626;0.00578;0.00491;0.00494;0.00356;0.00316;0.00220;0.00185,
line-a-r01144,line-a,line-a-e21,33.2028360,-116.1513428,180.0,line-a-e22,33.2029954,-116.1511532,180.0,line-a-e24,33.2033142,-116.1507740,180.0,line-a-e25,33.2034736,-116.1505844,180.0,2026-08-17T18:13:48Z,dipole-dipole,2,5,1.760,454.5,200.113,8.162,0.00491,0.00112,0.00777;0.00677;0.00653;0.00584;0.00537;0.00443;0.00418;0.00279;0.00257;0.00180,
line-a-r01145,line-a,line-a-e21,33.2028360,-116.1513428,180.0,line-a-e22,33.2029954,-116.1511532,180.0,line-a-e24,,,,line-a-e25,33.2034736,-116.1505844,180.0,2026-08-17T18:14:00Z,dipole-dipole,2,6,1.992,401.6,203.062,6.921,0.00406,0.00098,0.00628;0.00663;0.00639;0.00535;0.00398;0.00369;0.00335;0.00253;0.00197;0.00172,
line-a-r01146,line-a,line-a-e21,33.2028360,-116.1513428,180.0,line-a-e22,33.2029954,-116.1511532,180.0,line-a-e24,33.2033142,-116.1507740,180.0,line-a-e25,33.2034736,-116.1505844,180.0,2026-08-17T18:14:12Z,dipole-dipole,2,7,1.641,487.5,195.332,8.129,0.00548,0.00093,0.00831;0.00761;0.00794;0.00656;0.00580;0.00469;0.00424;0.00329;0.00246;0.00215,
line-a-r01147,line-a,line-a-e21,33.2028360,-116.1513428,180.0,line-a-e22,33.2029954,-116.1511532,180.0,line-a-e24,33.2033142,-116.1507740,180.0,line-a-e25,33.2034736,-116.1505844,180.0,2026-08-17T18:14:24Z,dipole-dipole,2,5,2.000,354.1,197.047,9.396,0.00582,0.00111,0.00991;0.00856;0.00734;0.00670;0.00626;0.00538;0.00476;0.00362;0.00282;0.00208,
line-a-r01148,line-a,line-a-e21,33.2028360,-116.1513428,180.0,line-a-e22,33.2029954,-116.1511532,180.0,line-a-e24,33.2033142,-116.1507740,180.0,line-a-e25,33.2034736,-116.1505844,180.0,2026-08-17T18:14:36Z,dipole-dipole,2,5,1.670,479.1,222.577,9.243,0.00544,0.00079,0.00834;0.00889;0.00735;0.00686;0.00610;0.00550;0.00451;0.00344;0.00246;0.00182,
line-a-r01149,line-a,line-a-e21,33.2028360,-116.1513428,180.0,line-a-e22,33.2029954,-116.1511532,180.0,line-a-e24,33.2033142,-116.1507740,180.0,line-a-e25,33.2034736,-116.1505844,180.0,2026-08-17T18:14:48Z,dipole-dipole,2,7,2.000,321.8,201.169,7.490,0.00391,0.00112,0.00537;0.00530;0.00594;0.00509;0.00435;0.00374;0.00295;0.00239;0.00169;0.00141,
line-a-r01150,line-a,line-a-e21,33.2028360,-116.1513428,180.0,line-a-e22,33.2029954,-116.1511532,180.0,line-a-e25,33.2034736,-116.1505844,180.0,line-a-e26,33.2036330,-116.1503948,180.0,2026-08-17T18:15:00Z,dipole-dipole,3,3,1.984,403.2,203.553,8.301,0.00543,0.00086,0.00823;0.00820;0.00668;0.00703;0.00554;0.00550;0.00369;0.00349;0.00260;0.00204,
line-a-r01151,line-a,line-a-e21,33.2028360,-116.1513428,180.0,line-a-e22,33.2029954,-116.1511532,180.0,line-a-e25,33.2034736,-116.1505844,180.0,line-a-e26,33.2036330,-116.1503948,180.0,2026-08-17T18:15:12Z,dipole-dipole,3,5,2.000,379.3,212.244,6.009,0.00387,0.00081,0.00638;0.00590;0.00487;0.00479;0.00405;0.00353;0.00327;0.00251;0.00198;0.00134,
line-a-r01152,line-a,line-a-e21,33.2028360,-116.1513428,180.0,line-a-e22,33.2029954,-116.1511532,180.0,line-a-e25,33.2034736,-116.1505844,180.0,line-a-e26,33.2036330,-116.1503948,180.0,2026-08-17T18:15:24Z,dipole-dipole,3,4,1.602,499.2,216.272,8.326,0.00530,0.00102,0.00908;0.00780;0.00725;0.00718;0.00557;0.00549;0.00419;0.00312;0.00253;0.00190,
line-a-r01153,line-a,line-a-e21,33.2028360,-116.1513428,180.0,line-a-e22,33.2029954,-116.1511532,180.0,line-a-e25,33.2034736,-116.1505844,180.0,line-a-e26,33.2036330,-116.1503948,180.0,2026-08-17T18:15:36Z,dipole-dipole,3,3,1.452,550.8,199.057,6.533,0.00483,0.00124,0.00775;0.00806;0.00725;0.00608;0.00513;0.00470;0.00335;0.00305;0.00228;0.00170,
line-a-r01154,line-a,line-a-e21,33.2028360,-116.1513428,180.0,line-a-e22,33.2029954,-116.1511532,180.0,line-a-e25,33.2034736,-116.1505844,180.0,line-a-e26,33.2036330,-116.1503948,180.0,2026-08-17T18:15:48Z,dipole-dipole,3,8,1.984,403.2,197.917,6.375,0.00326,0.00082,0.00516;0.00544;0.00481;0.00396;0.00352;0.00297;0.00239;0.00224;0.00180;0.00106,
line-a-r01155,line-a,line-a-e21,33.2028360,-116.1513428,180.0,line-a-e22,33.2029954,-116.1511532,180.0,line-a-e25,33.2034736,-116.1505844,180.0,line-a-e26,33.2036330,-116.1503948,180.0,2026-08-17T18:16:00Z,dipole-dipole,3,4,1.644,486.5,212.168,6.521,0.00644,0.00111,0.00953;0.01023;0.00910;0.00931;0.00812;0.00598;0.00510;0.00439;0.00320;0.00216,
line-a-r01156,line-a,line-a-e21,33.2028360,-116.1513428,180.0,line-a-e22,33.2029954,-116.1511532,180.0,line-a-e25,33.2034736,-116.1505844,180.0,line-a-e26,33.2036330,-116.1503948,180.0,2026-08-17T18:16:12Z,dipole-dipole,3,3,1.527,524.0,210.290,7.534,0.00629,0.00129,0.01046;0.00889;0.00835;0.00844;0.00688;0.00526;0.00485;0.00384;0.00276;0.00199,
line-a-r01157,line-a,line-a-e21,33.2028360,-116.1513428,180.0,line-a-e22,33.2029954,-116.1511532,180.0,line-a-e25,33.2034736,-116.1505844,180.0,line-a-e26,33.2036330,-116.1503948,180.0,2026-08-17T18:16:24Z,dipole-dipole,3,5,1.979,404.3,207.499,9.490,0.00595,0.00115,0.00966;0.00858;0.00807;0.00735;0.00665;0.00553;0.00418;0.00362;0.00261;0.00211,
line-a-r01158,line-a,line-a-e21,33.2028360,-116.1513428,180.0,line-a-e22,33.2029954,-116.1511532,180.0,line-a-e26,33.2036330,-116.1503948,180.0,line-a-e27,33.2037924,-116.1502052,180.0,2026-08-17T18:16:36Z,dipole-dipole,4,6,1.915,417.8,197.977,8.839,0.00462,0.00118,0.00742;0.00671;0.00578;0.00574;0.00526;0.00454;0.00371;0.00322;0.00244;0.00168,
line-a-r01159,line-a,line-a-e21,33.2028360,-116.1513428,180.0,line-a-e22,33.2029954,-116.1511532,180.0,line-a-e26,33.2036330,-116.1503948,180.0,line-a-e27,33.2037924,-116.1502052,180.0,2026-08-17T18:16:48Z,dipole-dipole,4,7,1.446,553.3,220.689,7.959,0.00455,0.00104,0.00725;0.00667;0.00619;0.00589;0.00500;0.00410;0.00350;0.00287;0.00244;0.00164,
line-a-r01160,line-a,line-a-e21,33.2028360,-116.1513428,180.0,line-a-e22,33.2029954,-116.1511532,180.0,line-a-e26,33.2036330,-116.1503948,180.0,line-a-e27,33.2037924,-116.1502052,180.0,2026-08-17T18:17:00Z,dipole-dipole,4,7,2.000,391.4,211.751,8.461,0.00419,0.00085,0.00704;0.00609;0.00599;0.00467;0.00451;0.00410;0.00329;0.00276;0.00227;0.00147,
line-a-r01161,line-a,line-a-e21,33.2028360,-116.1513428,180.0,line-a-e22,33.2029954,-116.1511532,180.0,line-a-e26,33.2036330,-116.1503948,180.0,line-a-e27,33.2037924,-116.1502052,180.0,2026-08-17T18:17:12Z,dipole-dipole,4,7,1.980,404.1,204.922,8.888,0.00450,0.00090,0.00715;0.00650;0.00622;0.00563;0.00502;0.00443;0.00374;0.00302;0.00228;0.00147,
line-a-r01162,line-a,line-a-e21,33.2028360,-116.1513428,180.0,line-a-e22,33.2029954,-116.1511532,180.0,line-a-e26,33.2036330,-116.1503948,180.0,line-a-e27,33.2037924,-116.1502052,180.0,2026-08-17T18:17:24Z,dipole-dipole,4,5,1.874,426.9,202.885,7.695,0.00249,0.00111,0.00370;0.00408;0.00313;0.00307;0.00296;0.00254;0.00208;0.00169;0.00117;0.00087,
line-a-r01163,line-a,line-a-e21,33.2028360,-116.1513428,180.0,line-a-e22,33.2029954,-116.1511532,180.0,line-a-e26,33.2036330,-116.1503948,180.0,line-a-e27,33.2037924,-116.1502052,180.0,2026-08-17T18:17:36Z,dipole-dipole,4,4,1.652,484.2,210.204,9.174,0.00437,0.00092,0.00653;0.00653;0.00651;0.00490;0.00468;0.00431;0.00345;0.00276;0.00214;0.00155,
line-a-r01164,line-a,line-a-e21,33.2028360,-116.1513428,180.0,line-a-e22,33.2029954,-116.1511532,180.0,line-a-e26,33.2036330,-116.1503948,180.0,line-a-e27,33.2037924,-116.1502052,180.0,2026-08-17T18:17:48Z,dipole-dipole,4,7,2.000,394.3,206.138,7.162,0.00283,0.00077,0.00459;0.00427;0.00421;0.00347;0.00317;0.00259;0.00225;0.00188;0.00148;0.00103,
line-a-r01165,line-a,line-a-e21,33.2028360,-116.1513428,180.0,line-a-e22,33.2029954,-116.1511532,180.0,line-a-e27,33.2037924,-116.1502052,180.0,line-a-e28,33.2039518,-116.1500156,180.0,2026-08-17T18:18:00Z,dipole-dipole,5,4,1.571,509.3,203.217,6.528,0.00292,0.00126,0.00439;0.00404;0.00418;0.00356;0.00333;0.00304;0.00263;0.00183;0.00160;0.00099,
line-a-r01166,line-a,line-a-e21,33.2028360,-116.1513428,180.0,line-a-e22,33.2029954,-116.1511532,180.0,line-a-e27,33.2037924,-116.1502052,180.0,line-a-e28,33.2039518,-116.1500156,180.0,2026-08-17T18:18:12Z,dipole-dipole,5,3,1.559,513.2,203.567,8.236,0.00306,0.00109,0.00448;0.00482;0.00411;0.00383;0.00335;0.00290;0.00230;0.00204;0.00139;0.00111,
line-a-r01167,line-a,line-a-e21,33.2028360,-116.1513428,180.0,line-a-e22,33.2029954,-116.1511532,180.0,line-a-e27,33.2037924,-116.1502052,180.0,line-a-e28,33.2039518,-116.1500156,180.0,2026-08-17T18:18:24Z,dipole-dipole,5,8,2.000,332.0,217.122,8.138,0.00548,0.00129,0.00850;0.00926;0.00733;0.00650;0.00600;0.00534;0.00480;0.00330;0.00259;0.00193,
line-a-r01168,line-a,line-a-e21,33.2028360,-116.1513428,180.0,line-a-e22,33.2029954,-116.1511532,180.0,line-a-e27,33.2037924,-116.1502052,180.0,line-a-e28,33.2039518,-116.1500156,180.0,2026-08-17T18:18:36Z,dipole-dipole,5,8,2.000,361.9,213.164,7.969,0.00475,0.00090,0.00699;0.00690;0.00610;0.00601;0.00555;0.00445;0.00408;0.00318;0.00235;0.00170,
line-a-r01169,line-a,line-a-e21,33.2028360,-116.1513428,180.0,line-a-e22,33.2029954,-116.1511532,180.0,line-a-e27,33.2037924,-116.1502052,180.0,line-a-e28,33.2039518,-116.1500156,180.0,2026-08-17T18:18:48Z,dipole-dipole,5,8,1.951,410.0,212.536,9.855,0.00471,0.00089,0.00745;0.00732;0.00660;0.00661;0.00569;0.00423;0.00365;0.00283;0.00249;0.00169,
line-a-r01170,line-a,line-a-e21,33.2028360,-116.1513428,180.0,line-a-e22,33.2029954,-116.1511532,180.0,line-a-e27,33.2037924,-116.1502052,180.0,line-a-e28,33.2039518,-116.1500156,180.0,2026-08-17T18:19:00Z,dipole-dipole,5,6,1.772,451.6,205.303,7.524,0.00586,0.00084,0.00993;0.00861;0.00847;0.00701;0.00664;0.00585;0.00501;0.00364;0.00282;0.00221,
line-a-r01171,line-a,line-a-e21,33.2028360,-116.1513428,180.0,line-a-e22,33.2029954,-116.1511532,180.0,line-a-e27,33.2037924,-116.1502052,180.0,line-a-e28,33.2039518,-116.1500156,180.0,2026-08-17T18:19:12Z,dipole-dipole,5,8,1.732,461.9,206.009,6.321,0.00338,0.00107,0.00565;0.00540;0.00486;0.00470;0.00355;0.00276;0.00270;0.00228;0.00155;0.00124,
line-a-r01172,line-a,line-a-e21,33.2028360,-116.1513428,180.0,line-a-e22,33.2029954,-116.1511532,180.0,line-a-e28,33.2039518,-116.1500156,180.0,line-a-e29,33.2041112,-116.1498260,180.0,2026-08-17T18:19:24Z,dipole-dipole,6,6,2.000,378.2,211.977,7.928,0.00592,0.00074,0.00958;0.00888;0.00909;0.00738;0.00631;0.00560;0.00472;0.00366;0.00280;0.00224,
line-a-r01173,line-a,line-a-e21,33.2028360,-116.1513428,180.0,line-a-e22,33.2029954,-116.1511532,180.0,line-a-e28,33.2039518,-116.1500156,180.0,line-a-e29,33.2041112,-116.1498260,180.0,2026-08-17T18:19:36Z,dipole-dipole,6,5,1.810,441.9,207.364,8.770,0.00530,0.00097,0.00864;0.00703;0.00759;0.00583;0.00578;0.00529;0.00436;0.00359;0.00254;0.00176,
line-a-r01174,line-a,line-a-e21,33.2028360,-116.1513428,180.0,line-a-e22,33.2029954,-116.1511532,180.0,line-a-e28,33.2039518,-116.1500156,180.0,line-a-e29,33.2041112,-116.1498260,180.0,2026-08-17T18:19:48Z,dipole-dipole,6,6,1.548,516.6,214.665,7.260,0.00527,0.00104,0.00821;0.00719;0.00704;0.00623;0.00558;0.00531;0.00406;0.00342;0.00239;0.00166,
line-a-r01175,line-a,line-a-e21,33.2028360,-116.1513428,180.0,line-a-e22,33.2029954,-116.1511532,180.0,line-a-e28,33.2039518,-116.1500156,180.0,line-a-e29,33.2041112,-116.1498260,180.0,2026-08-17T18:20:00Z,dipole-dipole,6,8,1.954,409.5,204.069,6.203,0.00455,0.00098,0.00747;0.00599;0.00602;0.00511;0.00505;0.00420;0.00362;0.00311;0.00229;0.00152,
line-a-r01176,line-a,line-a-e21,33.2028360,-116.1513428,180.0,line-a-e22,33.2029954,-116.1511532,180.0,line-a-e28,33.2039518,-116.1500156,180.0,line-a-e29,33.2041112,-116.1498260,180.0,2026-08-17T18:20:12Z,dipole-dipole,6,6,1.978,404.4,194.496,7.092,0.00427,0.00095,0.00686;0.00619;0.00573;0.00605;0.00468;0.00453;0.00365;0.00244;0.00212;0.00163,
line-a-r01177,line-a,line-a-e21,33.2028360,-116.1513428,180.0,line-a-e22,33.2029954,-116.1511532,180.0,line-a-e28,33.2039518,-116.1500156,180.0,line-a-e29,33.2041112,-116.1498260,180.0,2026-08-17T18:20:24Z,dipole-dipole,6,3,1.777,450.1,207.773,6.934,0.00255,0.00103,0.00398;0.00358;0.00359;0.00305;0.00260;0.00254;0.00217;0.00160;0.00123;0.00092,
line-a-r01178,line-a,line-a-e21,33.2028360,-116.1513428,180.0,line-a-e22,33.2029954,-116.1511532,180.0,line-a-e29,33.2041112,-116.1498260,180.0,line-a-e30,33.2042705,-116.1496364,180.0,2026-08-17T18:20:36Z,dipole-dipole,7,5,1.584,505.1,208.642,11.389,0.00150,0.00099,0.00236;0.00229;0.00205;0.00179;0.00179;0.00153;0.00126;0.00097;0.00075;0.00053,
line-a-r01179,line-a,line-a-e21,33.2028360,-116.1513428,180.0,line-a-e22,33.2029954,-116.1511532,180.0,line-a-e29,33.2041112,-116.1498260,180.0,line-a-e30,33.2042705,-116.1496364,180.0,2026-08-17T18:20:48Z,dipole-dipole,7,8,1.486,538.5,201.489,7.050,0.00364,0.00096,0.00593;0.00513;0.00525;0.00447;0.00415;0.00405;0.00297;0.00229;0.00187;0.00122,
line-a-r01180,line-a,line-a-e21,33.2028360,-116.1513428,180.0,line-a-e22,33.2029954,-116.1511532,180.0,line-a-e29,33.2041112,-116.1498260,180.0,line-a-e30,33.2042705,-116.1496364,180.0,2026-08-17T18:21:00Z,dipole-dipole,7,7,1.748,457.8,206.423,8.659,0.00359,0.00105,0.00556;0.00615;0.00536;0.00469;0.00428;0.00368;0.00281;0.00220;0.00177;0.00135,
line-a-r01181,line-a,line-a-e21,33.2028360,-116.1513428,180.0,line-a-e22,33.2029954,-116.1511532,180.0,line-a-e29,33.2041112,-116.1498260,180.0,line-a-e30,33.2042705,-116.1496364,180.0,2026-08-17T18:21:12Z,dipole-dipole,7,7,1.726,463.6,201.645,9.376,0.00305,0.00092,0.00486;0.00418;0.00405;0.00365;0.00321;0.00321;0.00244;0.00200;0.00138;0.00114,
line-a-r01182,line-a,line-a-e21,33.2028360,-116.1513428,180.0,line-a-e22,33.2029954,-116.1511532,180.0,line-a-e29,33.2041112,-116.1498260,180.0,line-a-e30,33.2042705,-116.1496364,180.0,2026-08-17T18:21:24Z,dipole-dipole,7,5,1.906,419.7,212.361,8.383,0.00302,0.00089,0.00506;0.00452;0.00399;0.00367;0.00371;0.00301;0.00216;0.00190;0.00148;0.00091,
line-a-r01183,line-a,line-a-e21,33.2028360,-116.1513428,180.0,line-a-e22,33.2029954,-116.1511532,180.0,line-a-e29,33.2041112,-116.1498260,180.0,line-a-e30,33.2042705,-116.1496364,180.0,2026-08-17T18:21:36Z,dipole-dipole,7,5,2.000,382.4,205.229,8.625,0.00320,0.00093,0.00510;0.00452;0.00454;0.00430;0.00392;0.00304;0.00288;0.00200;0.00152;0.00111,
line-a-r01184,line-a,line-a-e21,33.2028360,-116.1513428,180.0,line-a-e22,33.2029954,-116.1511532,180.0,line-a-e29,33.2041112,-116.1498260,180.0,line-a-e30,33.2042705,-116.1496364,180.0,2026-08-17T18:21:48Z,dipole-dipole,7,4,1.631,490.4,215.802,7.700,0.00375,0.00108,0.00567;0.00531;0.00524;0.00500;0.00387;0.00343;0.00316;0.00239;0.00187;0.00127,
line-a-r01185,line-a,line-a-e22,33.2029954,-116.1511532,180.0,line-a-e23,33.2031548,-116.1509636,180.0,line-a-e24,33.2033142,-116.1507740,180.0,line-a-e25,33.2034736,-116.1505844,180.0,2026-08-17T18:22:00Z,dipole-dipole,1,7,1.804,443.5,213.993,6.127,0.00467,0.00093,0.00754;0.00706;0.00582;0.00562;0.00480;0.00449;0.00344;0.00327;0.00218;0.00165,
line-a-r01186,line-a,line-a-e22,33.2029954,-116.1511532,180.0,line-a-e23,33.2031548,-116.1509636,180.0,line-a-e24,33.2033142,-116.1507740,180.0,line-a-e25,33.2034736,-116.1505844,180.0,2026-08-17T18:22:12Z,dipole-dipole,1,4,1.564,511.4,212.517,7.325,0.00612,0.00117,0.00984;0.00817;0.00851;0.00791;0.00661;0.00560;0.00488;0.00376;0.00295;0.00198,
line-a-r01187,line-a,line-a-e22,33.2029954,-116.1511532,180.0,line-a-e23,33.2031548,-116.1509636,180.0,line-a-e24,33.2033142,-116.1507740,180.0,line-a-e25,33.2034736,-116.1505844,180.0,2026-08-17T18:22:24Z,dipole-dipole,1,8,2.000,396.8,192.122,6.692,0.00426,0.00111,0.00706;0.00692;0.00652;0.00553;0.00435;0.00406;0.00347;0.00263;0.00198;0.00151,
line-a-r01188,line-a,line-a-e22,33.2029954,-116.1511532,180.0,line-a-e23,33.2031548,-116.1509636,180.0,line-a-e24,33.2033142,-116.1507740,180.0,line-a-e25,33.2034736,-116.1505844,180.0,2026-08-17T18:22:36Z,dipole-dipole,1,4,1.470,544.1,201.879,542.299,0.00437,0.00122,0.00721;0.00581;0.00612;0.00617;0.00469;0.00444;0.00340;0.00282;0.00210;0.00154,
line-a-r01189,line-a,line-a-e22,33.2029954,-116.1511532,180.0,line-a-e23,33.2031548,-116.1509636,180.0,line-a-e24,33.2033142,-116.1507740,180.0,line-a-e25,33.2034736,-116.1505844,180.0,2026-08-17T18:22:48Z,dipole-dipole,1,7,1.314,609.0,212.129,7.243,0.00524,0.00101,0.00859;0.00729;0.00779;0.00667;0.00600;0.00489;0.00391;0.00380;0.00235;0.00197,
line-a-r01190,line-a,line-a-e22,33.2029954,-116.1511532,180.0,line-a-e23,33.2031548,-116.1509636,180.0,line-a-e24,33.2033142,-116.1507740,180.0,line-a-e25,33.2034736,-116.1505844,180.0,2026-08-17T18:23:00Z,dipole-dipole,1,5,1.582,505.8,210.036,9.181,0.00643,0.00137,0.01137;0.00981;0.00928;0.00789;0.00716;0.00629;0.00490;0.00424;0.00315;0.00233,
line-a-r01191,line-a,line-a-e22,33.2029954,-116.1511532,180.0,line-a-e23,33.2031548,-116.1509636,180.0,line-a-e25,33.2034736,-116.1505844,180.0,line-a-e26,33.2036330,-116.1503948,180.0,2026-08-17T18:23:12Z,dipole-dipole,2,3,1.369,584.5,182.372,7.489,0.00352,0.00145,0.00574;0.00556;0.00484;0.00387;0.00428;0.00326;0.00302;0.00227;0.00164;0.00124,
line-a-r01192,line-a,line-a-e22,33.2029954,-116.1511532,180.0,line-a-e23,33.2031548,-116.1509636,180.0,line-a-e25,33.2034736,-116.1505844,180.0,line-a-e26,33.2036330,-116.1503948,180.0,2026-08-17T18:23:24Z,dipole-dipole,2,3,1.522,525.6,184.585,7.568,0.00485,0.00095,0.00713;0.00661;0.00614;0.00557;0.00489;0.00455;0.00381;0.00309;0.00238;0.00166,
line-a-r01193,line-a,line-a-e22,33.2029954,-116.1511532,180.0,line-a-e23,33.2031548,-116.1509636,180.0,line-a-e25,33.2034736,-116.1505844,180.0,line-a-e26,33.2036330,-116.1503948,180.0,2026-08-17T18:23:36Z,dipole-dipole,2,4,1.449,552.2,200.072,8.032,0.00802,0.00109,0.01271;0.01093;0.01098;0.00997;0.00865;0.00750;0.00622;0.00464;0.00370;0.00312,
line-a-r01194,line-a,line-a-e22,33.2029954,-116.1511532,180.0,line-a-e23,33.2031548,-116.1509636,180.0,line-a-e25,33.2034736,-116.1505844,180.0,line-a-e26,33.2036330,-116.1503948,180.0,2026-08-17T18:23:48Z,dipole-dipole,2,8,1.456,549.4,206.810,7.351,0.00582,0.00091,0.00885;0.00868;0.00773;0.00649;0.00607;0.00488;0.00459;0.00372;0.00307;0.00216,
line-a-r01195,line-a,line-a-e22,33.2029954,-116.1511532,180.0,line-a-e23,33.2031548,-116.1509636,180.0,line-a-e25,33.2034736,-116.1505844,180.0,line-a-e26,33.2036330,-116.1503948,180.0,2026-08-17T18:24:00Z,dipole-dipole,2,6,1.448,552.5,195.624,7.944,0.00392,0.00112,0.00606;0.00569;0.00567;0.00514;0.00434;0.00335;0.00344;0.00247;0.00197;0.00152,
line-a-r01196,line-a,line-a-e22,33.2029954,-116.1511532,180.0,line-a-e23,33.2031548,-116.1509636,180.0,line-a-e25,33.2034736,-116.1505844,180.0,line-a-e26,33.2036330,-116.1503948,180.0,2026-08-17T18:24:12Z,dipole-dipole,2,3,1.259,635.4,203.869,10.740,0.00509,0.00112,0.00773;0.00744;0.00734;0.00659;0.00592;0.00529;0.00386;0.00313;0.00238;0.00184,
line-a-r01197,line-a,line-a-e22,33.2029954,-116.1511532,180.0,line-a-e23,33.2031548,-116.1509636,180.0,line-a-e26,33.2036330,-116.1503948,180.0,line-a-e27,33.2037924,-116.1502052,180.0,2026-08-17T18:24:24Z,dipole-dipole,3,5,1.673,478.2,202.768,5.579,0.00467,0.00096,0.00745;0.00685;0.00566;0.00570;0.00517;0.00473;0.00373;0.00289;0.00232;0.00168,
line-a-r01198,line-a,line-a-e22,33.2029954,-116.1511532,180.0,line-a-e23,33.2031548,-116.1509636,180.0,line-a-e26,33.2036330,-116.1503948,180.0,line-a-e27,33.2037924,-116.1502052,180.0,2026-08-17T18:24:36Z,dipole-dipole,3,7,1.981,403.9,199.750,8.057,0.00564,0.00143,0.00857;0.00828;0.00741;0.00763;0.00640;0.00504;0.00444;0.00362;0.00285;0.00209,
line-a-r01199,line-a,line-a-e22,33.2029954,-116.1511532,180.0,line-a-e23,33.2031548,-116.1509636,180.0,line-a-e26,33.2036330,-116.1503948,180.0,line-a-e27,33.2037924,-116.1502052,180.0,2026-08-17T18:24:48Z,dipole-dipole,3,3,1.623,493.0,195.520,6.569,0.00533,0.00103,0.00940;0.00819;0.00837;0.00667;0.00597;0.00501;0.00416;0.00358;0.00248;0.00171,
line-a-r01200,line-a,line-a-e22,33.2029954,-116.1511532,180.0,line-a-e23,33.2031548,-116.1509636,180.0,line-a-e26,33.2036330,-116.1503948,180.0,line-a-e27,33.2037924,-116.1502052,180.0,2026-08-17T18:25:00Z,dipole-dipole,3,3,1.144,699.1,201.635,6.302,0.00484,0.00100,0.00754;0.00692;0.00702;0.00641;0.00521;0.00412;0.00392;0.00298;0.00223;0.00166,
line-a-r01201,line-a,line-a-e22,33.2029954,-116.1511532,180.0,line-a-e23,33.2031548,-116.1509636,180.0,line-a-e26,33.2036330,-116.1503948,180.0,line-a-e27,33.2037924,-116.1502052,180.0,2026-08-17T18:25:12Z,dipole-dipole,3,6,1.262,634.0,197.089,6.380,0.00647,0.00098,0.00993;0.00891;0.00966;0.00847;0.00778;0.00615;0.00488;0.00419;0.00326;0.00227,
line-a-r01202,line-a,line-a-e22,33.2029954,-116.1511532,180.0,line-a-e23,33.2031548,-116.1509636,180.0,line-a-e26,33.2036330,-116.1503948,180.0,line-a-e27,33.2037924,-116.1502052,180.0,2026-08-17T18:25:24Z,dipole-dipole,3,5,1.325,603.8,201.525,8.667,0.00660,0.00092,0.01099;0.00942;0.00886;0.00819;0.00666;0.00687;0.00540;0.00481;0.00336;0.00247,
line-a-r01203,line-a,line-a-e22,33.2029954,-116.1511532,180.0,line-a-e23,33.2031548,-116.1509636,180.0,line-a-e27,33.2037924,-116.1502052,180.0,line-a-e28,33.2039518,-116.1500156,180.0,2026-08-17T18:25:36Z,dipole-dipole,4,4,1.674,477.9,199.788,10.825,0.00350,0.00114,0.00533;0.00534;0.00471;0.00446;0.00370;0.00321;0.00270;0.00218;0.00173;0.00124,
line-a-r01204,line-a,line-a-e22,33.2029954,-116.1511532,180.0,line-a-e23,33.2031548,-116.1509636,180.0,line-a-e27,33.2037924,-116.1502052,180.0,line-a-e28,33.2039518,-116.1500156,180.0,2026-08-17T18:25:48Z,dipole-dipole,4,3,1.201,666.4,209.197,7.157,0.00374,0.00095,0.00604;0.00595;0.00484;0.00418;0.00400;0.00350;0.00347;0.00232;0.00178;0.00136,
line-a-r01205,line-a,line-a-e22,33.2029954,-116.1511532,180.0,line-a-e23,33.2031548,-116.1509636,180.0,line-a-e27,33.2037924,-116.1502052,180.0,line-a-e28,33.2039518,-116.1500156,180.0,2026-08-17T18:26:00Z,dipole-dipole,4,8,2.000,389.4,206.758,12.647,0.00370,0.00103,0.00558;0.00543;0.00453;0.00489;0.00411;0.00346;0.00281;0.00217;0.00178;0.00136,
line-a-r01206,line-a,line-a-e22,33.2029954,-116.1511532,180.0,line-a-e23,33.2031548,-116.1509636,180.0,line-a-e27,33.2037924,-116.1502052,180.0,line-a-e28,33.2039518,-116.1500156,180.0,2026-08-17T18:26:12Z,dipole-dipole,4,3,1.277,626.4,193.111,7.533,0.00388,0.00083,0.00567;0.00636;0.00533;0.00481;0.00441;0.00382;0.00266;0.00242;0.00181;0.00151,
line-a-r01207,line-a,line-a-e22,33.2029954,-116.1511532,180.0,line-a-e23,33.2031548,-116.1509636,180.0,line-a-e27,33.2037924,-116.1502052,180.0,line-a-e28,33.2039518,-116.1500156,180.0,2026-08-17T18:26:24Z,dipole-dipole,4,5,1.208,662.2,195.527,9.640,0.00306,0.00124,0.00505;0.00448;0.00397;0.00418;0.00372;0.00314;0.00236;0.00184;0.00162;0.00126,
line-a-r01208,line-a,line-a-e22,33.2029954,-116.1511532,180.0,line-a-e23,33.2031548,-116.1509636,180.0,line-a-e27,33.2037924,-116.1502052,180.0,line-a-e28,33.2039518,-116.1500156,180.0,2026-08-17T18:26:36Z,dipole-dipole,4,8,1.498,534.0,212.696,5.592,0.00435,0.00134,0.00723;0.00643;0.00537;0.00510;0.00475;0.00373;0.00346;0.00265;0.00203;0.00145,
line-a-r01209,line-a,line-a-e22,33.2029954,-116.1511532,180.0,line-a-e23,33.2031548,-116.1509636,180.0,line-a-e28,33.2039518,-116.1500156,180.0,line-a-e29,33.2041112,-116.1498260,180.0,2026-08-17T18:26:48Z,dipole-dipole,5,3,1.195,669.2,210.049,7.440,0.00345,0.00085,0.00465;0.00570;0.00468;0.00366;0.00365;0.00318;0.00271;0.00205;0.00151;0.00131,
line-a-r01210,line-a,line-a-e22,33.2029954,-116.1511532,180.0,line-a-e23,33.2031548,-116.1509636,180.0,line-a-e28,33.2039518,-116.1500156,180.0,line-a-e29,33.2041112,-116.1498260,180.0,2026-08-17T18:27:00Z,dipole-dipole,5,3,1.624,492.5,206.853,8.371,0.00597,0.00090,0.00219;0.00287;0.00360;0.00471;0.00562;0.00634;0.00742;0.00744;0.00854;0.00868,
line-a-r01211,line-a,line-a-e22,33.2029954,-116.1511532,180.0,line-a-e23,33.2031548,-116.1509636,180.0,line-a-e28,33.2039518,-116.1500156,180.0,line-a-e29,33.2041112,-116.1498260,180.0,2026-08-17T18:27:12Z,dipole-dipole,5,8,1.360,588.1,196.820,7.246,0.00781,0.00121,0.01191;0.01144;0.01064;0.01024;0.00807;0.00832;0.00588;0.00516;0.00372;0.00302,
line-a-r01212,line-a,line-a-e22,33.2029954,-116.1511532,180.0,line-a-e23,33.2031548,-116.1509636,180.0,line-a-e28,33.2039518,-116.1500156,180.0,line-a-e29,33.2041112,-116.1498260,180.0,2026-08-17T18:27:24Z,dipole-dipole,5,3,1.507,530.8,211.473,6.459,0.00462,0.00100,0.00678;0.00643;0.00659;0.00594;0.00516;0.00413;0.00387;0.00345;0.00215;0.00163,
line-a-r01213,line-a,line-a-e22,33.2029954,-116.1511532,180.0,line-a-e23,33.2031548,-116.1509636,180.0,line-a-e28,33.2039518,-116.1500156,180.0,line-a-e29,33.2041112,-116.1498260,180.0,2026-08-17T18:27:36Z,dipole-dipole,5,7,1.558,513.5,207.411,8.668,0.00301,0.00095,0.00461;0.00442;0.00456;0.00339;0.00328;0.00298;0.00242;0.00200;0.00147;0.00103,
line-a-r01214,line-a,line-a-e22,33.2029954,-116.1511532,180.0,line-a-e23,33.2031548,-116.1509636,180.0,line-a-e28,33.2039518,-116.1500156,180.0,line-a-e29,33.2041112,-116.1498260,180.0,2026-08-17T18:27:48Z,dipole-dipole,5,8,2.000,366.8,209.856,6.945,0.00510,0.00098,0.00796;0.00749;0.00671;0.00613;0.00547;0.00472;0.00412;0.00291;0.00261;0.00187,
line-a-r01215,line-a,line-a-e22,33.2029954,-116.1511532,180.0,line-a-e23,33.2031548,-116.1509636,180.0,line-a-e28,33.2039518,-116.1500156,180.0,line-a-e29,33.2041112,-116.1498260,180.0,2026-08-17T18:28:00Z,dipole-dipole,5,4,1.415,565.3,207.357,6.729,0.00366,0.00107,0.00527;0.00592;0.00487;0.00477;0.00378;0.00368;0.00266;0.00235;0.00187;0.00113,
line-a-r01216,line-a,line-a-e22,33.2029954,-116.1511532,180.0,line-a-e23,33.2031548,-116.1509636,180.0,line-a-e29,33.2041112,-116.1498260,180.0,line-a-e30,33.2042705,-116.1496364,180.0,2026-08-17T18:28:12Z,dipole-dipole,6,7,1.253,638.3,204.722,6.354,0.00514,0.00117,0.00832;0.00870;0.00788;0.00674;0.00584;0.00474;0.00456;0.00347;0.00267;0.00175,
line-a-r01217,line-a,line-a-e22,33.2029954,-116.1511532,180.0,line-a-e23,33.2031548,-116.1509636,180.0,line-a-e29,33.2041112,-116.1498260,180.0,line-a-e30,33.2042705,-116.1496364,180.0,2026-08-17T18:28:24Z,dipole-dipole,6,3,1.145,698.6,211.221,7.374,0.00445,0.00103,0.00656;0.00750;0.00588;0.00594;0.00434;0.00428;0.00342;0.00272;0.00216;0.00143,
line-a-r01218,line-a,line-a-e22,33.2029954,-116.1511532,180.0,line-a-e23,33.2031548,-116.1509636,180.0,line-a-e29,33.2041112,-116.1498260,180.0,line-a-e30,33.2042705,-116.1496364,180.0,2026-08-17T18:28:36Z,dipole-dipole,6,8,2.000,359.5,200.223,9.094,0.00353,0.00102,0.00512;0.00498;0.00473;0.00473;0.00377;0.00336;0.00338;0.00225;0.00162;0.00132,
line-a-r01219,line-a,line-a-e22,33.2029954,-116.1511532,180.0,line-a-e23,33.2031548,-116.1509636,180.0,line-a-e29,33.2041112,-116.1498260,180.0,line-a-e30,33.2042705,-116.1496364,180.0,2026-08-17T18:28:48Z,dipole-dipole,6,4,1.077,743.0,-105.237,6.910,0.00388,0.00084,0.00641;0.00563;0.00554;0.00490;0.00426;0.00367;0.00336;0.00267;0.00174;0.00143,
line-a-r01220,line-a,line-a-e22,33.2029954,-116.1511532,180.0,line-a-e23,33.2031548,-116.1509636,180.0,line-a-e29,33.2041112,-116.1498260,180.0,line-a-e30,33.2042705,-116.1496364,180.0,2026-08-17T18:29:00Z,dipole-dipole,6,7,1.051,761.2,217.933,8.437,0.00261,0.00120,0.00430;0.00436;0.00382;0.00322;0.00293;0.00225;0.00197;0.00171;0.00137;0.00096,
line-a-r01221,line-a,line-a-e22,33.2029954,-116.1511532,180.0,line-a-e23,33.2031548,-116.1509636,180.0,line-a-e29,33.2041112,-116.1498260,180.0,line-a-e30,33.2042705,-116.1496364,180.0,2026-08-17T18:29:12Z,dipole-dipole,6,8,1.389,575.9,217.686,7.898,0.00344,0.00084,0.00535;0.00465;0.00422;0.00398;0.00382;0.00320;0.00284;0.00205;0.00174;0.00131,
line-a-r01222,line-a,line-a-e22,33.2029954,-116.1511532,180.0,line-a-e23,33.2031548,-116.1509636,180.0,line-a-e29,33.2041112,-116.1498260,180.0,line-a-e30,33.2042705,-116.1496364,180.0,2026-08-17T18:29:24Z,dipole-dipole,6,3,1.647,485.7,217.796,8.273,0.00376,0.00098,0.00584;0.00570;0.00458;0.00450;0.00396;0.00377;0.00288;0.00234;0.00164;0.00128,
line-a-r01223,line-a,line-a-e22,33.2029954,-116.1511532,180.0,line-a-e23,33.2031548,-116.1509636,180.0,line-a-e29,33.2041112,-116.1498260,180.0,line-a-e30,33.2042705,-116.1496364,180.0,2026-08-17T18:29:36Z,dipole-dipole,6,4,1.302,614.6,216.259,7.882,0.00457,0.00124,0.00693;0.00652;0.00577;0.00559;0.00572;0.00420;0.00343;0.00269;0.00235;0.00174,
line-a-r01224,line-a,line-a-e23,33.2031548,-116.1509636,180.0,line-a-e24,33.2033142,-116.1507740,180.0,line-a-e25,33.2034736,-116.1505844,180.0,line-a-e26,33.2036330,-116.1503948,180.0,2026-08-17T18:29:48Z,dipole-dipole,1,8,1.222,654.5,200.772,8.858,0.00421,0.00117,0.00657;0.00570;0.00590;0.00523;0.00464;0.00386;0.00345;0.00276;0.00217;0.00153,
line-a-r01225,line-a,line-a-e23,33.2031548,-116.1509636,180.0,line-a-e24,33.2033142,-116.1507740,180.0,line-a-e25,33.2034736,-116.1505844,180.0,line-a-e26,33.2036330,-116.1503948,180.0,2026-08-17T18:30:00Z,dipole-dipole,1,5,1.708,468.5,208.677,7.759,0.00493,0.00105,0.00823;0.00766;0.00653;0.00575;0.00527;0.00458;0.00402;0.00294;0.00248;0.00194,
line-a-r01226,line-a,line-a-e23,33.2031548,-116.1509636,180.0,line-a-e24,33.2033142,-116.1507740,180.0,line-a-e25,33.2034736,-116.1505844,180.0,line-a-e26,33.2036330,-116.1503948,180.0,2026-08-17T18:30:12Z,dipole-dipole,1,6,1.159,690.1,207.195,8.323,0.00513,0.00107,0.00779;0.00850;0.00685;0.00619;0.00593;0.00507;0.00420;0.00323;0.00292;0.00169,
line-a-r01227,line-a,line-a-e23,33.2031548,-116.1509636,180.0,line-a-e24,33.2033142,-116.1507740,180.0,line-a-e25,33.2034736,-116.1505844,180.0,line-a-e26,33.2036330,-116.1503948,180.0,2026-08-17T18:30:24Z,dipole-dipole,1,5,1.668,479.5,200.149,7.846,0.00529,0.00089,0.00789;0.00799;0.00712;0.00707;0.00602;0.00491;0.00445;0.00330;0.00274;0.00183,
line-a-r01228,line-a,line-a-e23,33.2031548,-116.1509636,180.0,line-a-e24,33.2033142,-116.1507740,180.0,line-a-e25,33.2034736,-116.1505844,180.0,line-a-e26,33.2036330,-116.1503948,180.0,2026-08-17T18:30:36Z,dipole-dipole,1,3,1.667,479.8,208.169,6.994,0.00467,0.00070,0.00820;0.00722;0.00686;0.00568;0.00509;0.00407;0.00330;0.00279;0.00236;0.00147,
line-a-r01229,line-a,line-a-e23,33.2031548,-116.1509636,180.0,line-a-e24,33.2033142,-116.1507740,180.0,line-a-e25,33.2034736,-116.1505844,180.0,line-a-e26,33.2036330,-116.1503948,180.0,2026-08-17T18:30:48Z,dipole-dipole,1,4,1.697,471.3,209.331,8.226,0.00489,0.00092,0.00699;0.00699;0.00661;0.00553;0.00543;0.00488;0.00372;0.00306;0.00230;0.00175,
line-a-r01230,line-a,line-a-e23,33.2031548,-116.1509636,180.0,line-a-e24,33.2033142,-116.1507740,180.0,line-a-e25,33.2034736,-116.1505844,180.0,line-a-e26,33.2036330,-116.1503948,180.0,2026-08-17T18:31:00Z,dipole-dipole,1,5,1.254,637.9,219.417,6.568,0.00474,0.00135,0.00799;0.00704;0.00679;0.00570;0.00495;0.00399;0.00382;0.00295;0.00221;0.00186,
line-a-r01231,line-a,line-a-e23,33.2031548,-116.1509636,180.0,line-a-e24,33.2033142,-116.1507740,180.0,line-a-e25,33.2034736,-116.1505844,180.0,line-a-e26,33.2036330,-116.1503948,180.0,2026-08-17T18:31:12Z,dipole-dipole,1,7,1.369,584.5,197.929,6.542,0.00526,0.00098,0.00836;0.00791;0.00729;0.00618;0.00613;0.00473;0.00417;0.00343;0.00268;0.00207,
line-a-r01232,line-a,line-a-e23,33.2031548,-116.1509636,180.0,line-a-e24,33.2033142,-116.1507740,180.0,line-a-e26,33.2036330,-116.1503948,180.0,line-a-e27,33.2037924,-116.1502052,180.0,2026-08-17T18:31:24Z,dipole-dipole,2,3,1.299,616.0,212.828,7.974,0.00451,0.00063,0.00668;0.00654;0.00638;0.00519;0.00482;0.00375;0.00362;0.00299;0.00231;0.00161,
line-a-r01233,line-a,line-a-e23,33.2031548,-116.1509636,180.0,line-a-e24,33.2033142,-116.1507740,180.0,line-a-e26,33.2036330,-116.1503948,180.0,line-a-e27,33.2037924,-116.1502052,180.0,2026-08-17T18:31:36Z,dipole-dipole,2,3,1.687,474.3,197.210,7.331,0.00460,0.00098,0.00668;0.00694;0.00674;0.00542;0.00502;0.00404;0.00381;0.00324;0.00230;0.00166,
line-a-r01234,line-a,line-a-e23,33.2031548,-116.1509636,180.0,line-a-e24,33.2033142,-116.1507740,180.0,line-a-e26,33.2036330,-116.1503948,180.0,line-a-e27,33.2037924,-116.1502052,180.0,2026-08-17T18:31:48Z,dipole-dipole,2,8,1.260,635.0,193.148,8.036,0.00469,0.00112,0.00686;0.00673;0.00639;0.00542;0.00504;0.00440;0.00364;0.00295;0.00217;0.00172,
line-a-r01235,line-a,line-a-e23,33.2031548,-116.1509636,180.0,line-a-e24,33.2033142,-116.1507740,180.0,line-a-e26,33.2036330,-116.1503948,180.0,line-a-e27,33.2037924,-116.1502052,180.0,2026-08-17T18:32:00Z,dipole-dipole,2,3,1.620,493.8,190.796,6.622,0.00510,0.00088,0.00763;0.00781;0.00679;0.00647;0.00502;0.00467;0.00405;0.00355;0.00250;0.00173,
line-a-r01236,line-a,line-a-e23,33.2031548,-116.1509636,180.0,line-a-e24,33.2033142,-116.1507740,180.0,line-a-e26,33.2036330,-116.1503948,180.0,line-a-e27,33.2037924,-116.1502052,180.0,2026-08-17T18:32:12Z,dipole-dipole,2,3,1.219,656.3,196.484,8.123,0.00379,0.00084,0.00615;0.00559;0.00525;0.00493;0.00409;0.00359;0.00300;0.00254;0.00202;0.00137,
line-a-r01237,line-a,line-a-e23,33.2031548,-116.1509636,180.0,line-a-e24,33.2033142,-116.1507740,180.0,line-a-e26,33.2036330,-116.1503948,180.0,line-a-e27,33.2037924,-116.1502052,180.0,2026-08-17T18:32:24Z,dipole-dipole,2,8,1.470,544.2,185.166,7.421,0.00608,0.00128,0.00980;0.00947;0.00797;0.00713;0.00652;0.00553;0.00465;0.00402;0.00277;0.00210,
line-a-r01238,line-a,line-a-e23,33.2031548,-116.1509636,180.0,line-a-e24,33.2033142,-116.1507740,180.0,line-a-e27,33.2037924,-116.1502052,180.0,line-a-e28,33.2039518,-116.1500156,180.0,2026-08-17T18:32:36Z,dipole-dipole,3,5,1.678,476.7,201.054,5.464,0.00270,0.00106,0.00426;0.00440;0.00400;0.00345;0.00306;0.00265;0.00212;0.00180;0.00138;0.00087,
line-a-r01239,line-a,line-a-e23,33.2031548,-116.1509636,180.0,line-a-e24,33.2033142,-116.1507740,180.0,line-a-e27,33.2037924,-116.1502052,180.0,line-a-e28,33.2039518,-116.1500156,180.0,2026-08-17T18:32:48Z,dipole-dipole,3,4,1.518,526.8,193.814,7.254,0.00719,0.00102,0.01171;0.01010;0.01054;0.00929;0.00785;0.00713;0.00541;0.00445;0.00341;0.00240,
line-a-r01240,line-a,line-a-e23,33.2031548,-116.1509636,180.0,line-a-e24,33.2033142,-116.1507740,180.0,line-a-e27,33.2037924,-116.1502052,180.0,line-a-e28,33.2039518,-116.1500156,180.0,2026-08-17T18:33:00Z,dipole-dipole,3,3,1.551,515.6,208.286,8.090,0.00587,0.00103,0.00895;0.00914;0.00765;0.00679;0.00629;0.00510;0.00464;0.00391;0.00270;0.00205,
line-a-r01241,line-a,line-a-e23,33.2031548,-116.1509636,180.0,line-a-e24,33.2033142,-116.1507740,180.0,line-a-e27,33.2037924,-116.1502052,180.0,line-a-e28,33.2039518,-116.1500156,180.0,2026-08-17T18:33:12Z,dipole-dipole,3,6,1.651,484.5,204.784,6.359,0.00316,0.00104,0.00490;0.00441;0.00436;0.00385;0.00344;0.00288;0.00258;0.00207;0.00171;0.00132,
line-a-r01242,line-a,line-a-e23,33.2031548,-116.1509636,180.0,line-a-e24,33.2033142,-116.1507740,180.0,line-a-e27,33.2037924,-116.1502052,180.0,line-a-e28,33.2039518,-116.1500156,180.0,2026-08-17T18:33:24Z,dipole-dipole,3,3,1.124,711.8,198.420,7.433,0.00393,0.00082,0.00652;0.00604;0.00604;0.00506;0.00415;0.00358;0.00296;0.00235;0.00184;0.00135,
line-a-r01243,line-a,line-a-e23,33.2031548,-116.1509636,180.0,line-a-e24,33.2033142,-116.1507740,180.0,line-a-e27,33.2037924,-116.1502052,180.0,line-a-e28,33.2039518,-116.1500156,180.0,2026-08-17T18:33:36Z,dipole-dipole,3,7,1.485,538.6,200.687,6.967,0.00429,0.00114,0.00700;0.00621;0.00638;0.00519;0.00478;0.00423;0.00326;0.00291;0.00207;0.00152,
line-a-r01244,line-a,line-a-e23,33.2031548,-116.1509636,180.0,line-a-e24,33.2033142,-116.1507740,180.0,line-a-e27,33.2037924,-116.1502052,180.0,line-a-e28,33.2039518,-116.1500156,180.0,2026-08-17T18:33:48Z,dipole-dipole,3,4,1.778,449.8,193.798,8.920,0.00587,0.00094,0.00995;0.00866;0.00821;0.00781;0.00572;0.00550;0.00503;0.00391;0.00257;0.00212,
line-a-r01245,line-a,line-a-e23,33.2031548,-116.1509636,180.0,line-a-e24,33.2033142,-116.1507740,180.0,line-a-e27,33.2037924,-116.1502052,180.0,line-a-e28,33.2039518,-116.1500156,180.0,2026-08-17T18:34:00Z,dipole-dipole,3,5,1.112,719.1,198.572,7.535,0.00444,0.00083,0.00736;0.00674;0.00637;0.00594;0.00490;0.00388;0.00333;0.00281;0.00224;0.00166,
line-a-r01246,line-a,line-a-e23,33.2031548,-116.1509636,180.0,line-a-e24,33.2033142,-116.1507740,180.0,line-a-e28,33.2039518,-116.1500156,180.0,line-a-e29,33.2041112,-116.1498260,180.0,2026-08-17T18:34:12Z,dipole-dipole,4,7,1.792,446.5,199.105,5.849,0.00291,0.00086,0.00471;0.00417;0.00405;0.00349;0.00318;0.00266;0.00231;0.00185;0.00138;0.00109,
line-a-r01247,line-a,line-a-e23,33.2031548,-116.1509636,180.0,line-a-e24,33.2033142,-116.1507740,180.0,line-a-e28,33.2039518,-116.1500156,180.0,line-a-e29,33.2041112,-116.1498260,180.0,2026-08-17T18:34:24Z,dipole-dipole,4,7,1.396,573.2,188.397,9.243,0.00352,0.00095,0.00557;0.00505;0.00491;0.00489;0.00353;0.00348;0.00312;0.00233;0.00179;0.00125,
line-a-r01248,line-a,line-a-e23,33.2031548,-116.1509636,180.0,line-a-e24,33.2033142,-116.1507740,180.0,line-a-e28,33.2039518,-116.1500156,180.0,line-a-e29,33.2041112,-116.1498260,180.0,2026-08-17T18:34:36Z,dipole-dipole,4,3,1.405,569.5,207.860,8.747,0.00201,0.00108,0.00318;0.00327;0.00285;0.00224;0.00185;0.00180;0.00174;0.00126;0.00113;0.00071,
line-a-r01249,line-a,line-a-e23,33.2031548,-116.1509636,180.0,line-a-e24,33.2033142,-116.1507740,180.0,line-a-e28,33.2039518,-116.1500156,180.0,line-a-e29,33.2041112,-116.1498260,180.0,2026-08-17T18:34:48Z,dipole-dipole,4,8,1.437,556.6,205.596,8.129,0.00575,0.00141,0.00978;0.00860;0.00778;0.00711;0.00687;0.00533;0.00456;0.00365;0.00254;0.00197,
line-a-r01250,line-a,line-a-e23,33.2031548,-116.1509636,180.0,line-a-e24,33.2033142,-116.1507740,180.0,line-a-e28,33.2039518,-116.1500156,180.0,line-a-e29,33.2041112,-116.1498260,180.0,2026-08-17T18:35:00Z,dipole-dipole,4,4,1.619,494.2,205.865,5.769,0.00297,0.00096,0.00485;0.00400;0.00406;0.00412;0.00369;0.00284;0.00214;0.00200;0.00137;0.00099,
line-a-r01251,line-a,line-a-e23,33.2031548,-116.1509636,180.0,line-a-e24,33.2033142,-116.1507740,180.0,line-a-e28,33.2039518,-116.1500156,180.0,line-a-e29,33.2041112,-116.1498260,180.0,2026-08-17T18:35:12Z,dipole-dipole,4,7,1.683,475.2,211.459,7.090,0.00553,0.00127,0.00934;0.00846;0.00761;0.00586;0.00691;0.00540;0.00508;0.00345;0.00270;0.00200,
line-a-r01252,line-a,line-a-e23,33.2031548,-116.1509636,180.0,line-a-e24,33.2033142,-116.1507740,180.0,line-a-e28,33.2039518,-116.1500156,180.0,line-a-e29,33.2041112,-116.1498260,180.0,2026-08-17T18:35:24Z,dipole-dipole,4,6,1.155,692.6,205.614,8.510,0.00504,0.00111,0.00790;0.00814;0.00664;0.00748;0.00571;0.00446;0.00424;0.00318;0.00227;0.00180,
line-a-r01253,line-a,line-a-e23,33.2031548,-116.1509636,180.0,line-a-e24,33.2033142,-116.1507740,180.0,line-a-e29,33.2041112,-116.1498260,180.0,line-a-e30,33.2042705,-116.1496364,180.0,2026-08-17T18:35:36Z,dipole-dipole,5,4,1.689,473.7,204.615,8.151,0.00324,0.00131,0.00511;0.00457;0.00384;0.00396;0.00402;0.00302;0.00277;0.00212;0.00149;0.00113,
line-a-r01254,line-a,line-a-e23,33.2031548,-116.1509636,180.0,line-a-e24,33.2033142,-116.1507740,180.0,line-a-e29,33.2041112,-116.1498260,180.0,line-a-e30,33.2042705,-116.1496364,180.0,2026-08-17T18:35:48Z,dipole-dipole,5,6,1.114,717.8,194.210,7.463,0.00419,0.00095,0.00753;0.00677;0.00581;0.00542;0.00430;0.00415;0.00346;0.00247;0.00192;0.00142,
line-a-r01255,line-a,line-a-e23,33.2031548,-116.1509636,180.0,line-a-e24,33.2033142,-116.1507740,180.0,line-a-e29,33.2041112,-116.1498260,180.0,line-a-e30,33.2042705,-116.1496364,180.0,2026-08-17T18:36:00Z,dipole-dipole,5,8,1.204,664.2,208.294,7.348,0.00405,0.00119,0.00632;0.00600;0.00534;0.00508;0.00437;0.00405;0.00318;0.00265;0.00197;0.00141,
line-a-r01256,line-a,line-a-e23,33.2031548,-116.1509636,180.0,line-a-e24,33.2033142,-116.1507740,180.0,line-a-e29,33.2041112,-116.1498260,180.0,line-a-e30,33.2042705,-116.1496364,180.0,2026-08-17T18:36:12Z,dipole-dipole,5,6,1.228,651.3,199.168,6.408,0.00246,0.00119,0.00407;0.00393;0.00363;0.00288;0.00286;0.00253;0.00200;0.00162;0.00116;0.00096,
line-a-r01257,line-a,line-a-e23,33.2031548,-116.1509636,180.0,line-a-e24,33.2033142,-116.1507740,180.0,line-a-e29,33.2041112,-116.1498260,180.0,line-a-e30,33.2042705,-116.1496364,180.0,2026-08-17T18:36:24Z,dipole-dipole,5,8,1.291,619.6,186.778,9.944,0.00393,0.00099,0.00693;0.00543;0.00582;0.00509;0.00372;0.00379;0.00319;0.00216;0.00204;0.00143,
line-a-r01258,line-a,line-a-e23,33.2031548,-116.1509636,180.0,line-a-e24,33.2033142,-116.1507740,180.0,line-a-e29,33.2041112,-116.1498260,180.0,line-a-e30,33.2042705,-116.1496364,180.0,2026-08-17T18:36:36Z,dipole-dipole,5,7,1.145,698.4,196.530,8.225,0.00393,0.00107,0.00589;0.00563;0.00519;0.00476;0.00456;0.00362;0.00295;0.00271;0.00169;0.00144,
line-a-r01259,line-a,line-a-e23,33.2031548,-116.1509636,180.0,line-a-e24,33.2033142,-116.1507740,180.0,line-a-e29,33.2041112,-116.1498260,180.0,line-a-e30,33.2042705,-116.1496364,180.0,2026-08-17T18:36:48Z,dipole-dipole,5,6,1.736,460.9,196.828,7.556,0.00316,0.00082,0.00463;0.00532;0.00460;0.00352;0.00306;0.00311;0.00252;0.00210;0.00152;0.00109,
line-a-r01260,line-a,line-a-e23,33.2031548,-116.1509636,180.0,line-a-e24,33.2033142,-116.1507740,180.0,line-a-e29,33.2041112,-116.1498260,180.0,line-a-e30,33.2042705,-116.1496364,180.0,2026-08-17T18:37:00Z,dipole-dipole,5,3,1.632,490.3,211.679,6.874,0.00404,0.00079,0.00663;0.00521;0.00505;0.00519;0.00434;0.00393;0.00333;0.00272;0.00187;0.00129,
line-a-r01261,line-a,line-a-e24,33.2033142,-116.1507740,180.0,line-a-e25,33.2034736,-116.1505844,180.0,line-a-e26,33.2036330,-116.1503948,180.0,line-a-e27,33.2037924,-116.1502052,180.0,2026-08-17T18:37:12Z,dipole-dipole,1,7,1.836,435.7,197.366,7.040,0.00641,0.00095,0.01104;0.00925;0.00847;0.00803;0.00709;0.00604;0.00531;0.00389;0.00358;0.00234,
line-a-r01262,line-a,line-a-e24,33.2033142,-116.1507740,180.0,line-a-e25,33.2034736,-116.1505844,180.0,line-a-e26,33.2036330,-116.1503948,180.0,line-a-e27,33.2037924,-116.1502052,180.0,2026-08-17T18:37:24Z,dipole-dipole,1,6,1.463,546.9,208.239,7.532,0.00531,0.00104,0.00863;0.00806;0.00740;0.00679;0.00551;0.00546;0.00395;0.00311;0.00251;0.00183,
line-a-r01263,line-a,line-a-e24,33.2033142,-116.1507740,180.0,line-a-e25,33.2034736,-116.1505844,180.0,line-a-e26,33.2036330,-116.1503948,180.0,line-a-e27,33.2037924,-116.1502052,180.0,2026-08-17T18:37:36Z,dipole-dipole,1,6,1.598,500.5,210.240,8.377,0.00398,0.00081,0.00685;0.00616;0.00538;0.00513;0.00414;0.00394;0.00315;0.00252;0.00189;0.00131,
line-a-r01264,line-a,line-a-e24,33.2033142,-116.1507740,180.0,line-a-e25,33.2034736,-116.1505844,180.0,line-a-e26,33.2036330,-116.1503948,180.0,line-a-e27,33.2037924,-116.1502052,180.0,2026-08-17T18:37:48Z,dipole-dipole,1,4,1.832,436.7,213.176,6.322,0.00577,0.00132,0.01003;0.00904;0.00844;0.00666;0.00640;0.00556;0.00476;0.00415;0.00304;0.00219,
line-a-r01265,line-a,line-a-e24,33.2033142,-116.1507740,180.0,line-a-e25,33.2034736,-116.1505844,180.0,line-a-e26,33.2036330,-116.1503948,180.0,line-a-e27,33.2037924,-116.1502052,180.0,2026-08-17T18:38:00Z,dipole-dipole,1,4,1.703,469.6,200.167,6.057,0.00444,0.00117,0.00808;0.00652;0.00635;0.00575;0.00495;0.00417;0.00317;0.00240;0.00242;0.00157,
line-a-r01266,line-a,line-a-e24,33.2033142,-116.1507740,180.0,line-a-e25,33.2034736,-116.1505844,180.0,line-a-e26,33.2036330,-116.1503948,180.0,line-a-e27,33.2037924,-116.1502052,180.0,2026-08-17T18:38:12Z,dipole-dipole,1,5,1.757,455.2,202.364,6.699,0.00550,0.00116,0.00895;0.00845;0.00740;0.00654;0.00664;0.00505;0.00454;0.00347;0.00255;0.00179,
line-a-r01267,line-a,line-a-e24,33.2033142,-116.1507740,180.0,line-a-e25,33.2034736,-116.1505844,180.0,line-a-e26,33.2036330,-116.1503948,180.0,line-a-e27,33.2037924,-116.1502052,180.0,2026-08-17T18:38:24Z,dipole-dipole,1,7,1.890,423.3,192.276,9.030,0.00517,0.00073,0.00825;0.00811;0.00758;0.00602;0.00619;0.00501;0.00408;0.00302;0.00246;0.00194,
line-a-r01268,line-a,line-a-e24,33.2033142,-116.1507740,180.0,line-a-e25,33.2034736,-116.1505844,180.0,line-a-e27,33.2037924,-116.1502052,180.0,line-a-e28,33.2039518,-116.1500156,180.0,2026-08-17T18:38:36Z,dipole-dipole,2,7,1.688,474.0,-127.115,7.224,0.00413,0.00081,0.00611;0.00605;0.00573;0.00502;0.00455;0.00391;0.00365;0.00248;0.00173;0.00151,
line-a-r01269,line-a,line-a-e24,33.2033142,-116.1507740,180.0,line-a-e25,33.2034736,-116.1505844,180.0,line-a-e27,33.2037924,-116.1502052,180.0,line-a-e28,33.2039518,-116.1500156,180.0,2026-08-17T18:38:48Z,dipole-dipole,2,6,1.879,425.8,199.442,6.973,0.00568,0.00106,0.00862;0.00914;0.00759;0.00762;0.00607;0.00555;0.00452;0.00336;0.00280;0.00218,
line-a-r01270,line-a,line-a-e24,33.2033142,-116.1507740,180.0,line-a-e25,33.2034736,-116.1505844,180.0,line-a-e27,33.2037924,-116.1502052,180.0,line-a-e28,33.2039518,-116.1500156,180.0,2026-08-17T18:39:00Z,dipole-dipole,2,5,1.609,497.2,200.978,6.908,0.00493,0.00120,0.00791;0.00746;0.00689;0.00627;0.00550;0.00514;0.00380;0.00326;0.00226;0.00185,
line-a-r01271,line-a,line-a-e24,33.2033142,-116.1507740,180.0,line-a-e25,33.2034736,-116.1505844,180.0,line-a-e27,33.2037924,-116.1502052,180.0,line-a-e28,33.2039518,-116.1500156,180.0,2026-08-17T18:39:12Z,dipole-dipole,2,3,1.778,449.8,194.015,6.277,0.00610,0.00097,0.00970;0.00888;0.00919;0.00808;0.00682;0.00616;0.00460;0.00382;0.00277;0.00241,
line-a-r01272,line-a,line-a-e24,33.2033142,-116.1507740,180.0,line-a-e25,33.2034736,-116.1505844,180.0,line-a-e27,33.2037924,-116.1502052,180.0,line-a-e28,33.2039518,-116.1500156,180.0,2026-08-17T18:39:24Z,dipole-dipole,2,7,1.975,405.0,192.215,7.487,0.00538,0.00089,0.00842;0.00781;0.00756;0.00652;0.00592;0.00490;0.00424;0.00312;0.00268;0.00195,
line-a-r01273,line-a,line-a-e24,33.2033142,-116.1507740,180.0,line-a-e25,33.2034736,-116.1505844,180.0,line-a-e27,33.2037924,-116.1502052,180.0,line-a-e28,33.2039518,-116.1500156,180.0,2026-08-17T18:39:36Z,dipole-dipole,2,3,1.887,423.8,196.075,7.640,0.00558,0.00099,0.00798;0.00921;0.00758;0.00660;0.00644;0.00514;0.00446;0.00362;0.00274;0.00202,
line-a-r01274,line-a,line-a-e24,33.2033142,-116.1507740,180.0,line-a-e25,33.2034736,-116.1505844,180.0,line-a-e28,33.2039518,-116.1500156,180.0,line-a-e29,33.2041112,-116.1498260,180.0,2026-08-17T18:39:48Z,dipole-dipole,3,5,1.858,430.6,205.079,7.829,0.00311,0.00106,0.00476;0.00439;0.00468;0.00380;0.00354;0.00288;0.00252;0.00211;0.00144;0.00099,
line-a-r01275,line-a,line-a-e24,33.2033142,-116.1507740,180.0,line-a-e25,33.2034736,-116.1505844,180.0,line-a-e28,33.2039518,-116.1500156,180.0,line-a-e29,33.2041112,-116.1498260,180.0,2026-08-17T18:40:00Z,dipole-dipole,3,8,1.546,517.6,188.358,7.373,0.00306,0.00098,0.00478;0.00433;0.00403;0.00368;0.00333;0.00308;0.00250;0.00210;0.00161;0.00108,
line-a-r01276,line-a,line-a-e24,33.2033142,-116.1507740,180.0,line-a-e25,33.2034736,-116.1505844,180.0,line-a-e28,33.2039518,-116.1500156,180.0,line-a-e29,33.2041112,-116.1498260,180.0,2026-08-17T18:40:12Z,dipole-dipole,3,6,2.000,362.7,208.256,7.548,0.00505,0.00143,0.00821;0.00640;0.00657;0.00646;0.00580;0.00460;0.00408;0.00327;0.00243;0.00178,
line-a-r01277,line-a,line-a-e24,33.2033142,-116.1507740,180.0,line-a-e25,33.2034736,-116.1505844,180.0,line-a-e28,33.2039518,-116.1500156,180.0,line-a-e29,33.2041112,-116.1498260,180.0,2026-08-17T18:40:24Z,dipole-dipole,3,4,1.685,474.7,216.080,8.285,0.00641,0.00080,0.01112;0.00860;0.00837;0.00799;0.00773;0.00550;0.00486;0.00399;0.00348;0.00227,
line-a-r01278,line-a,line-a-e24,33.2033142,-116.1507740,180.0,line-a-e25,33.2034736,-116.1505844,180.0,line-a-e28,33.2039518,-116.1500156,180.0,line-a-e29,33.2041112,-116.1498260,180.0,2026-08-17T18:40:36Z,dipole-dipole,3,8,2.000,394.7,198.343,6.024,0.00354,0.00116,0.00582;0.00453;0.00459;0.00440;0.00375;0.00347;0.00291;0.00209;0.00176;0.00120,
line-a-r01279,line-a,line-a-e24,33.2033142,-116.1507740,180.0,line-a-e25,33.2034736,-116.1505844,180.0,line-a-e28,33.2039518,-116.1500156,180.0,line-a-e29,33.2041112,-116.1498260,180.0,2026-08-17T18:40:48Z,dipole-dipole,3,5,1.785,448.2,189.573,6.676,0.00547,0.00138,0.00949;0.00901;0.00681;0.00671;0.00613;0.00565;0.00427;0.00325;0.00278;0.00202,
line-a-r01280,line-a,line-a-e24,33.2033142,-116.1507740,180.0,line-a-e25,33.2034736,-116.1505844,180.0,line-a-e28,33.2039518,-116.1500156,180.0,line-a-e29,33.2041112,-116.1498260,180.0,2026-08-17T18:41:00Z,dipole-dipole,3,5,1.958,408.7,200.081,7.576,0.00549,0.00118,0.00844;0.00791;0.00775;0.00652;0.00569;0.00453;0.00406;0.00344;0.00269;0.00183,
line-a-r01281,line-a,line-a-e24,33.2033142,-116.1507740,180.0,line-a-e25,33.2034736,-116.1505844,180.0,line-a-e28,33.2039518,-116.1500156,180.0,line-a-e29,33.2041112,-116.1498260,180.0,2026-08-17T18:41:12Z,dipole-dipole,3,7,1.645,486.4,200.810,7.359,0.00480,0.00101,0.00793;0.00752;0.00633;0.00626;0.00514;0.00449;0.00371;0.00317;0.00239;0.00165,
line-a-r01282,line-a,line-a-e24,33.2033142,-116.1507740,180.0,line-a-e25,33.2034736,-116.1505844,180.0,line-a-e29,33.2041112,-116.1498260,180.0,line-a-e30,33.2042705,-116.1496364,180.0,2026-08-17T18:41:24Z,dipole-dipole,4,3,1.702,470.1,190.609,5.338,0.00337,0.00123,0.00572;0.00478;0.00459;0.00416;0.00396;0.00316;0.00255;0.00214;0.00144;0.00132,
line-a-r01283,line-a,line-a-e24,33.2033142,-116.1507740,180.0,line-a-e25,33.2034736,-116.1505844,180.0,line-a-e29,33.2041112,-116.1498260,180.0,line-a-e30,33.2042705,-116.1496364,180.0,2026-08-17T18:41:36Z,dipole-dipole,4,6,1.929,414.7,203.433,7.550,0.00484,0.00107,0.00800;0.00680;0.00656;0.00615;0.00565;0.00502;0.00401;0.00289;0.00238;0.00166,
line-a-r01284,line-a,line-a-e24,33.2033142,-116.1507740,180.0,line-a-e25,33.2034736,-116.1505844,180.0,line-a-e29,33.2041112,-116.1498260,180.0,line-a-e30,33.2042705,-116.1496364,180.0,2026-08-17T18:41:48Z,dipole-dipole,4,6,2.000,361.2,201.658,7.393,0.00347,0.00115,0.00127;0.00178;0.00192;0.00261;0.00344;0.00410;0.00399;0.00463;0.00544;0.00549,
line-a-r01285,line-a,line-a-e24,33.2033142,-116.1507740,180.0,line-a-e25,33.2034736,-116.1505844,180.0,line-a-e29,33.2041112,-116.1498260,180.0,line-a-e30,33.2042705,-116.1496364,180.0,2026-08-17T18:42:00Z,dipole-dipole,4,8,1.480,540.6,206.105,7.237,0.00508,0.00113,0.00855;0.00745;0.00692;0.00627;0.00577;0.00481;0.00479;0.00351;0.00224;0.00186,
line-a-r01286,line-a,line-a-e24,33.2033142,-116.1507740,180.0,line-a-e25,33.2034736,-116.1505844,180.0,line-a-e29,33.2041112,-116.1498260,180.0,line-a-e30,33.2042705,-116.1496364,180.0,2026-08-17T18:42:12Z,dipole-dipole,4,7,1.754,456.1,201.793,7.538,0.00658,0.00098,0.01107;0.01001;0.00867;0.00741;0.00692;0.00656;0.00541;0.00414;0.00335;0.00237,
line-a-r01287,line-a,line-a-e24,33.2033142,-116.1507740,180.0,line-a-e25,33.2034736,-116.1505844,180.0,line-a-e29,33.2041112,-116.1498260,180.0,line-a-e30,33.2042705,-116.1496364,180.0,2026-08-17T18:42:24Z,dipole-dipole,4,8,2.000,357.0,198.693,8.902,0.00630,0.00109,0.01089;0.00976;0.00881;0.00763;0.00685;0.00619;0.00492;0.00371;0.00278;0.00237,
line-a-r01288,line-a,line-a-e25,33.2034736,-116.1505844,180.0,line-a-e26,33.2036330,-116.1503948,180.0,line-a-e27,33.2037924,-116.1502052,180.0,line-a-e28,33.2039518,-116.1500156,180.0,2026-08-17T18:42:36Z,dipole-dipole,1,8,1.730,462.4,196.928,9.785,0.00412,0.00105,0.00731;0.00612;0.00519;0.00524;0.00477;0.00397;0.00333;0.00256;0.00200;0.00152,
line-a-r01289,line-a,line-a-e25,33.2034736,-116.1505844,180.0,line-a-e26,33.2036330,-116.1503948,180.0,line-a-e27,33.2037924,-116.1502052,180.0,line-a-e28,33.2039518,-116.1500156,180.0,2026-08-17T18:42:48Z,dipole-dipole,1,5,2.000,364.5,210.802,8.161,0.00348,0.00121,0.00591;0.00511;0.00458;0.00395;0.00382;0.00348;0.00253;0.00213;0.00163;0.00124,
line-a-r01290,line-a,line-a-e25,33.2034736,-116.1505844,180.0,line-a-e26,33.2036330,-116.1503948,180.0,line-a-e27,33.2037924,-116.1502052,180.0,line-a-e28,33.2039518,-116.1500156,180.0,2026-08-17T18:43:00Z,dipole-dipole,1,8,2.000,363.8,202.255,7.596,0.00575,0.00079,0.00963;0.00859;0.00804;0.00686;0.00601;0.00487;0.00474;0.00346;0.00278;0.00201,
line-a-r01291,line-a,line-a-e25,33.2034736,-116.1505844,180.0,line-a-e26,33.2036330,-116.1503948,180.0,line-a-e27,33.2037924,-116.1502052,180.0,line-a-e28,33.2039518,-116.1500156,180.0,2026-08-17T18:43:12Z,dipole-dipole,1,5,2.000,363.9,194.334,7.237,0.00413,0.00112,0.00653;0.00635;0.00533;0.00512;0.00467;0.00379;0.00319;0.00275;0.00206;0.00142,
line-a-r01292,line-a,line-a-e25,33.2034736,-116.1505844,180.0,line-a-e26,33.2036330,-116.1503948,180.0,line-a-e27,33.2037924,-116.1502052,180.0,line-a-e28,33.2039518,-116.1500156,180.0,2026-08-17T18:43:24Z,dipole-dipole,1,6,2.000,365.6,188.801,8.485,0.00499,0.00104,0.00861;0.00754;0.00716;0.00564;0.00587;0.00474;0.00398;0.00303;0.00231;0.00167,
line-a-r01293,line-a,line-a-e25,33.2034736,-116.1505844,180.0,line-a-e26,33.2036330,-116.1503948,180.0,line-a-e27,33.2037924,-116.1502052,180.0,line-a-e28,33.2039518,-116.1500156,180.0,2026-08-17T18:43:36Z,dipole-dipole,1,3,1.902,420.5,207.287,7.665,0.00548,0.00117,0.00916;0.00780;0.00708;0.00785;0.00613;0.00497;0.00450;0.00348;0.00241;0.00196,
line-a-r01294,line-a,line-a-e25,33.2034736,-116.1505844,180.0,line-a-e26,33.2036330,-116.1503948,180.0,line-a-e27,33.2037924,-116.1502052,180.0,line-a-e28,33.2039518,-116.1500156,180.0,2026-08-17T18:43:48Z,dipole-dipole,1,4,1.550,516.2,204.827,6.837,0.00337,0.00114,0.00571;0.00530;0.00464;0.00476;0.00424;0.00312;0.00254;0.00221;0.00173;0.00124,
line-a-r01295,line-a,line-a-e25,33.2034736,-116.1505844,180.0,line-a-e26,33.2036330,-116.1503948,180.0,line-a-e27,33.2037924,-116.1502052,180.0,line-a-e28,33.2039518,-116.1500156,180.0,2026-08-17T18:44:00Z,dipole-dipole,1,3,1.722,464.7,198.396,9.111,0.00539,0.00134,0.00840;0.00823;0.00762;0.00673;0.00601;0.00544;0.00445;0.00366;0.00270;0.00179,
line-a-r01296,line-a,line-a-e25,33.2034736,-116.1505844,180.0,line-a-e26,33.2036330,-116.1503948,180.0,line-a-e28,33.2039518,-116.1500156,180.0,line-a-e29,33.2041112,-116.1498260,180.0,2026-08-17T18:44:12Z,dipole-dipole,2,5,1.994,401.3,200.652,7.489,0.00410,0.00099,0.00635;0.00591;0.00571;0.00493;0.00470;0.00377;0.00321;0.00268;0.00210;0.00147,
line-a-r01297,line-a,line-a-e25,33.2034736,-116.1505844,180.0,line-a-e26,33.2036330,-116.1503948,180.0,line-a-e28,33.2039518,-116.1500156,180.0,line-a-e29,33.2041112,-116.1498260,180.0,2026-08-17T18:44:24Z,dipole-dipole,2,6,2.000,382.8,204.754,9.218,0.00430,0.00084,0.00704;0.00642;0.00628;0.00577;0.00477;0.00412;0.00333;0.00288;0.00189;0.00147,
line-a-r01298,line-a,line-a-e25,33.2034736,-116.1505844,180.0,line-a-e26,33.2036330,-116.1503948,180.0,line-a-e28,33.2039518,-116.1500156,180.0,line-a-e29,33.2041112,-116.1498260,180.0,2026-08-17T18:44:36Z,dipole-dipole,2,5,1.940,412.4,198.776,6.306,0.00442,0.00079,0.00664;0.00644;0.00631;0.00482;0.00512;0.00398;0.00382;0.00291;0.00218;0.00155,
line-a-r01299,line-a,line-a-e25,33.2034736,-116.1505844,180.0,line-a-e26,33.2036330,-116.1503948,180.0,line-a-e28,33.2039518,-116.1500156,180.0,line-a-e29,33.2041112,-116.1498260,180.0,2026-08-17T18:44:48Z,dipole-dipole,2,3,2.000,363.1,199.085,5.547,0.00499,0.00096,0.00750;0.00798;0.00751;0.00587;0.00586;0.00446;0.00382;0.00306;0.00220;0.00157,
line-a-r01300,line-a,line-a-e25,33.2034736,-116.1505844,180.0,line-a-e26,33.2036330,-116.1503948,180.0,line-a-e28,33.2039518,-116.1500156,180.0,line-a-e29,33.2041112,-116.1498260,180.0,2026-08-17T18:45:00Z,dipole-dipole,2,4,2.000,387.8,193.212,8.077,0.00369,0.00092,0.00536;0.00569;0.00538;0.00441;0.00407;0.00344;0.00312;0.00218;0.00181;0.00140,
line-a-r01301,line-a,line-a-e25,33.2034736,-116.1505844,180.0,line-a-e26,33.2036330,-116.1503948,180.0,line-a-e28,33.2039518,-116.1500156,180.0,line-a-e29,33.2041112,-116.1498260,180.0,2026-08-17T18:45:12Z,dipole-dipole,2,4,2.000,398.8,203.588,6.392,0.00491,0.00106,0.00804;0.00769;0.00677;0.00597;0.00536;0.00498;0.00389;0.00335;0.00219;0.00160,
line-a-r01302,line-a,line-a-e25,33.2034736,-116.1505844,180.0,line-a-e26,33.2036330,-116.1503948,180.0,line-a-e28,33.2039518,-116.1500156,180.0,line-a-e29,33.2041112,-116.1498260,180.0,2026-08-17T18:45:24Z,dipole-dipole,2,7,2.000,399.1,195.635,9.364,0.00492,0.00100,0.00692;0.00786;0.00755;0.00601;0.00554;0.00426;0.00421;0.00301;0.00239;0.00164,
line-a-r01303,line-a,line-a-e25,33.2034736,-116.1505844,180.0,line-a-e26,33.2036330,-116.1503948,180.0,line-a-e29,33.2041112,-116.1498260,180.0,line-a-e30,33.2042705,-116.1496364,180.0,2026-08-17T18:45:36Z,dipole-dipole,3,7,1.911,418.7,196.237,7.528,0.00628,0.00145,0.00879;0.00914;0.00909;0.00779;0.00644;0.00558;0.00486;0.00383;0.00320;0.00238,
line-a-r01304,line-a,line-a-e25,33.2034736,-116.1505844,180.0,line-a-e26,33.2036330,-116.1503948,180.0,line-a-e29,33.2041112,-116.1498260,180.0,line-a-e30,33.2042705,-116.1496364,180.0,2026-08-17T18:45:48Z,dipole-dipole,3,7,2.000,344.3,194.459,6.808,0.00180,0.00112,0.00274;0.00276;0.00252;0.00216;0.00202;0.00172;0.00141;0.00112;0.00089;0.00061,
line-a-r01305,line-a,line-a-e25,33.2034736,-116.1505844,180.0,line-a-e26,33.2036330,-116.1503948,180.0,line-a-e29,33.2041112,-116.1498260,180.0,line-a-e30,33.2042705,-116.1496364,180.0,2026-08-17T18:46:00Z,dipole-dipole,3,8,2.000,376.3,196.723,10.671,0.00391,0.00094,0.00663;0.00550;0.00576;0.00521;0.00448;0.00393;0.00296;0.00233;0.00222;0.00140,
line-a-r01306,line-a,line-a-e25,33.2034736,-116.1505844,180.0,line-a-e26,33.2036330,-116.1503948,180.0,line-a-e29,33.2041112,-116.1498260,180.0,line-a-e30,33.2042705,-116.1496364,180.0,2026-08-17T18:46:12Z,dipole-dipole,3,6,2.000,397.4,205.679,5.974,0.00456,0.00117,0.00759;0.00637;0.00610;0.00558;0.00524;0.00460;0.00354;0.00290;0.00218;0.00164,
line-a-r01307,line-a,line-a-e25,33.2034736,-116.1505844,180.0,line-a-e26,33.2036330,-116.1503948,180.0,line-a-e29,33.2041112,-116.1498260,180.0,line-a-e30,33.2042705,-116.1496364,180.0,2026-08-17T18:46:24Z,dipole-dipole,3,5,2.000,370.5,211.999,8.694,0.00514,0.00094,0.00910;0.00824;0.00677;0.00584;0.00517;0.00459;0.00384;0.00322;0.00260;0.00180,
line-a-r01308,line-a,line-a-e25,33.2034736,-116.1505844,180.0,line-a-e26,33.2036330,-116.1503948,180.0,line-a-e29,33.2041112,-116.1498260,180.0,line-a-e30,33.2042705,-116.1496364,180.0,2026-08-17T18:46:36Z,dipole-dipole,3,8,1.525,524.5,192.878,5.289,0.00716,0.01142,0.01061;0.01128;0.00911;0.01014;0.00811;0.00623;0.00588;0.00495;0.00358;0.00247,
line-a-r01309,line-a,line-a-e25,33.2034736,-116.1505844,180.0,line-a-e26,33.2036330,-116.1503948,180.0,line-a-e29,33.2041112,-116.1498260,180.0,line-a-e30,33.2042705,-116.1496364,180.0,2026-08-17T18:46:48Z,dipole-dipole,3,5,1.761,454.4,200.951,6.991,0.00368,0.00149,0.00603;0.00603;0.00512;0.00439;0.00418;0.00343;0.00277;0.00238;0.00178;0.00123,
line-a-r01310,line-a,line-a-e25,33.2034736,-116.1505844,180.0,line-a-e26,33.2036330,-116.1503948,180.0,line-a-e29,33.2041112,-116.1498260,180.0,line-a-e30,33.2042705,-116.1496364,180.0,2026-08-17T18:47:00Z,dipole-dipole,3,7,1.838,435.2,190.854,7.996,0.00410,0.00086,0.00672;0.00639;0.00537;0.00510;0.00465;0.00411;0.00317;0.00264;0.00220;0.00146,
line-a-r01311,line-a,line-a-e26,33.2036330,-116.1503948,180.0,line-a-e27,33.2037924,-116.1502052,180.0,line-a-e28,33.2039518,-116.1500156,180.0,line-a-e29,33.2041112,-116.1498260,180.0,2026-08-17T18:47:12Z,dipole-dipole,1,6,2.000,351.1,198.438,9.693,0.00523,0.00123,0.00886;0.00793;0.00681;0.00637;0.00598;0.00525;0.00408;0.00311;0.00242;0.00209,
line-a-r01312,line-a,line-a-e26,33.2036330,-116.1503948,180.0,line-a-e27,33.2037924,-116.1502052,180.0,line-a-e28,33.2039518,-116.1500156,180.0,line-a-e29,33.2041112,-116.1498260,180.0,2026-08-17T18:47:24Z,dipole-dipole,1,7,1.685,474.6,215.346,10.234,0.00522,0.00096,0.00814;0.00722;0.00810;0.00622;0.00632;0.00501;0.00407;0.00348;0.00272;0.00167,
line-a-r01313,line-a,line-a-e26,33.2036330,-116.1503948,180.0,line-a-e27,33.2037924,-116.1502052,180.0,line-a-e28,33.2039518,-116.1500156,180.0,line-a-e29,33.2041112,-116.1498260,180.0,2026-08-17T18:47:36Z,dipole-dipole,1,8,2.000,375.2,207.999,7.316,0.00603,0.00119,0.00971;0.00856;0.00780;0.00694;0.00623;0.00565;0.00472;0.00376;0.00311;0.00203,
line-a-r01314,line-a,line-a-e26,33.2036330,-116.1503948,180.0,line-a-e27,33.2037924,-116.1502052,180.0,line-a-e28,33.2039518,-116.1500156,180.0,line-a-e29,33.2041112,-116.1498260,180.0,2026-08-17T18:47:48Z,dipole-dipole,1,3,1.847,433.2,203.931,8.301,0.00473,0.00115,0.00714;0.00678;0.00708;0.00646;0.00562;0.00420;0.00384;0.00279;0.00208;0.00159,
line-a-r01315,line-a,line-a-e26,33.2036330,-116.1503948,180.0,line-a-e27,33.2037924,-116.1502052,180.0,line-a-e28,33.2039518,-116.1500156,180.0,line-a-e29,33.2041112,-116.1498260,180.0,2026-08-17T18:48:00Z,dipole-dipole,1,5,2.000,373.6,203.532,7.650,0.00642,0.00139,0.00950;0.00885;0.00832;0.00849;0.00650;0.00708;0.00457;0.00385;0.00311;0.00224,
line-a-r01316,line-a,line-a-e26,33.2036330,-116.1503948,180.0,line-a-e27,33.2037924,-116.1502052,180.0,line-a-e28,33.2039518,-116.1500156,180.0,line-a-e29,33.2041112,-116.1498260,180.0,2026-08-17T18:48:12Z,dipole-dipole,1,5,2.000,392.3,-262.936,8.131,0.00571,0.00097,0.01061;0.00870;0.00790;0.00719;0.00690;0.00572;0.00495;0.00358;0.00266;0.00198,
line-a-r01317,line-a,line-a-e26,33.2036330,-116.1503948,180.0,line-a-e27,33.2037924,-116.1502052,180.0,line-a-e28,33.2039518,-116.1500156,180.0,line-a-e29,33.2041112,-116.1498260,180.0,2026-08-17T18:48:24Z,dipole-dipole,1,6,2.000,383.5,208.445,8.669,0.00583,0.00090,0.00868;0.00961;0.00795;0.00725;0.00652;0.00486;0.00467;0.00346;0.00290;0.00225,
line-a-r01318,line-a,line-a-e26,33.2036330,-116.1503948,180.0,line-a-e27,33.2037924,-116.1502052,180.0,line-a-e28,33.2039518,-116.1500156,180.0,line-a-e29,33.2041112,-116.1498260,180.0,2026-08-17T18:48:36Z,dipole-dipole,1,6,1.946,411.0,208.375,7.331,0.00464,0.00109,0.00729;0.00743;0.00541;0.00608;0.00479;0.00471;0.00351;0.00300;0.00239;0.00158,
line-a-r01319,line-a,line-a-e26,33.2036330,-116.1503948,180.0,line-a-e27,33.2037924,-116.1502052,180.0,line-a-e29,33.2041112,-116.1498260,180.0,line-a-e30,33.2042705,-116.1496364,180.0,2026-08-17T18:48:48Z,dipole-dipole,2,3,1.446,553.4,186.483,7.472,0.00414,0.00106,0.00678;0.00646;0.00564;0.00501;0.00491;0.00394;0.00346;0.00293;0.00211;0.00163,
line-a-r01320,line-a,line-a-e26,33.2036330,-116.1503948,180.0,line-a-e27,33.2037924,-116.1502052,180.0,line-a-e29,33.2041112,-116.1498260,180.0,line-a-e30,33.2042705,-116.1496364,180.0,2026-08-17T18:49:00Z,dipole-dipole,2,6,1.884,424.6,208.705,6.693,0.00345,0.00080,0.00614;0.00528;0.00522;0.00430;0.00355;0.00289;0.00286;0.00207;0.00164;0.00109,
line-a-r01321,line-a,line-a-e26,33.2036330,-116.1503948,180.0,line-a-e27,33.2037924,-116.1502052,180.0,line-a-e29,33.2041112,-116.1498260,180.0,line-a-e30,33.2042705,-116.1496364,180.0,2026-08-17T18:49:12Z,dipole-dipole,2,6,2.000,354.8,200.148,6.996,0.00659,0.00094,0.01071;0.00961;0.00795;0.00941;0.00736;0.00615;0.00522;0.00434;0.00300;0.00250,
line-a-r01322,line-a,line-a-e26,33.2036330,-116.1503948,180.0,line-a-e27,33.2037924,-116.1502052,180.0,line-a-e29,33.2041112,-116.1498260,180.0,line-a-e30,33.2042705,-116.1496364,180.0,2026-08-17T18:49:24Z,dipole-dipole,2,5,1.813,441.2,190.598,9.775,0.00473,0.00117,0.00721;0.00652;0.00682;0.00561;0.00533;0.00431;0.00394;0.00295;0.00240;0.00151,
line-a-r01323,line-a,line-a-e26,33.2036330,-116.1503948,180.0,line-a-e27,33.2037924,-116.1502052,180.0,line-a-e29,33.2041112,-116.1498260,180.0,line-a-e30,33.2042705,-116.1496364,180.0,2026-08-17T18:49:36Z,dipole-dipole,2,5,1.831,436.8,198.456,6.528,0.00489,0.00110,0.00859;0.00674;0.00716;0.00620;0.00539;0.00469;0.00411;0.00317;0.00254;0.00182,
line-a-r01324,line-a,line-a-e26,33.2036330,-116.1503948,180.0,line-a-e27,33.2037924,-116.1502052,180.0,line-a-e29,33.2041112,-116.1498260,180.0,line-a-e30,33.2042705,-116.1496364,180.0,2026-08-17T18:49:48Z,dipole-dipole,2,8,1.915,417.8,200.852,6.431,0.00534,0.01541,0.00825;0.00725;0.00761;0.00660;0.00581;0.00492;0.00470;0.00299;0.00246;0.00183,
line-a-r01325,line-a,line-a-e26,33.2036330,-116.1503948,180.0,line-a-e27,33.2037924,-116.1502052,180.0,line-a-e29,33.2041112,-116.1498260,180.0,line-a-e30,33.2042705,-116.1496364,180.0,2026-08-17T18:50:00Z,dipole-dipole,2,6,1.960,408.1,196.728,7.134,0.00648,0.00128,0.00983;0.00973;0.00833;0.00807;0.00645;0.00654;0.00567;0.00437;0.00315;0.00226,
line-a-r01326,line-a,line-a-e27,33.2037924,-116.1502052,180.0,line-a-e28,33.2039518,-116.1500156,180.0,line-a-e29,33.2041112,-116.1498260,180.0,line-a-e30,33.2042705,-116.1496364,180.0,2026-08-17T18:50:12Z,dipole-dipole,1,8,1.968,406.5,202.918,7.007,0.00579,0.00096,0.01035;0.00874;0.00799;0.00747;0.00684;0.00559;0.00434;0.00371;0.00293;0.00200,
line-a-r01327,line-a,line-a-e27,33.2037924,-116.1502052,180.0,line-a-e28,33.2039518,-116.1500156,180.0,line-a-e29,33.2041112,-116.1498260,180.0,line-a-e30,33.2042705,-116.1496364,180.0,2026-08-17T18:50:24Z,dipole-dipole,1,4,1.578,506.9,204.698,9.376,0.00426,0.00087,0.00691;0.00729;0.00554;0.00531;0.00502;0.00401;0.00369;0.00280;0.00209;0.00157,
line-a-r01328,line-a,line-a-e27,33.2037924,-116.1502052,180.0,line-a-e28,33.2039518,-116.1500156,180.0,line-a-e29,33.2041112,-116.1498260,180.0,line-a-e30,33.2042705,-116.1496364,180.0,2026-08-17T18:50:36Z,dipole-dipole,1,6,1.419,563.8,209.411,6.040,0.00551,0.00094,0.00866;0.00713;0.00795;0.00710;0.00606;0.00563;0.00471;0.00349;0.00319;0.00199,
line-a-r01329,line-a,line-a-e27,33.2037924,-116.1502052,180.0,line-a-e28,33.2039518,-116.1500156,180.0,line-a-e29,33.2041112,-116.1498260,180.0,line-a-e30,33.2042705,-116.1496364,180.0,2026-08-17T18:50:48Z,dipole-dipole,1,3,1.628,491.5,204.498,5.284,0.00341,0.00119,0.00554;0.00522;0.00458;0.00408;0.00379;0.00300;0.00298;0.00216;0.00189;0.00119,
line-a-r01330,line-a,line-a-e27,33.2037924,-116.1502052,180.0,line-a-e28,33.2039518,-116.1500156,180.0,line-a-e29,33.2041112,-116.1498260,180.0,line-a-e30,33.2042705,-116.1496364,180.0,2026-08-17T18:51:00Z,dipole-dipole,1,3,1.739,460.0,195.176,8.737,0.00413,0.00091,0.00679;0.00625;0.00561;0.00471;0.00426;0.00406;0.00320;0.00270;0.00201;0.00151,
line-a-r01331,line-a,line-a-e27,33.2037924,-116.1502052,180.0,line-a-e28,33.2039518,-116.1500156,180.0,line-a-e29,33.2041112,-116.1498260,180.0,line-a-e30,33.2042705,-116.1496364,180.0,2026-08-17T18:51:12Z,dipole-dipole,1,4,2.000,300.8,207.089,5.832,0.00613,0.00108,0.01018;0.00948;0.00893;0.00773;0.00714;0.00532;0.00499;0.00374;0.00312;0.00207,
line-a-r01332,line-a,line-a-e21,33.2028360,-116.1513428,180.0,line-a-e22,33.2029954,-116.1511532,180.0,line-a-e30,33.2042705,-116.1496364,180.0,line-a-e31,33.2044299,-116.1494468,180.0,2026-08-17T19:16:24Z,dipole-dipole,8,6,1.659,482.3,206.808,9.790,0.00296,0.00097,0.00475;0.00421;0.00394;0.00354;0.00299;0.00274;0.00227;0.00216;0.00146;0.00102,
line-a-r01333,line-a,line-a-e21,33.2028360,-116.1513428,180.0,line-a-e22,33.2029954,-116.1511532,180.0,line-a-e30,33.2042705,-116.1496364,180.0,line-a-e31,33.2044299,-116.1494468,180.0,2026-08-17T19:16:36Z,dipole-dipole,8,4,1.484,538.9,214.296,8.961,0.00263,0.00085,0.00429;0.00385;0.00362;0.00341;0.00294;0.00232;0.00190;0.00168;0.00113;0.00079,
line-a-r01334,line-a,line-a-e21,33.2028360,-116.1513428,180.0,line-a-e22,33.2029954,-116.1511532,180.0,line-a-e30,33.2042705,-116.1496364,180.0,line-a-e31,33.2044299,-116.1494468,180.0,2026-08-17T19:16:48Z,dipole-dipole,8,3,2.000,355.6,208.606,6.973,0.00454,0.00092,0.00718;0.00689;0.00634;0.00526;0.00465;0.00454;0.00351;0.00276;0.00238;0.00161,
line-a-r01335,line-a,line-a-e21,33.2028360,-116.1513428,180.0,line-a-e22,33.2029954,-116.1511532,180.0,line-a-e30,33.2042705,-116.1496364,180.0,line-a-e31,33.2044299,-116.1494468,180.0,2026-08-17T19:17:00Z,dipole-dipole,8,4,1.704,469.4,210.921,8.764,0.00329,0.00112,0.00496;0.00503;0.00452;0.00432;0.00372;0.00330;0.00231;0.00213;0.00154;0.00126,
line-a-r01336,line-a,line-a-e21,33.2028360,-116.1513428,180.0,line-a-e22,33.2029954,-116.1511532,180.0,line-a-e30,33.2042705,-116.1496364,180.0,line-a-e31,33.2044299,-116.1494468,180.0,2026-08-17T19:17:12Z,dipole-dipole,8,8,1.821,439.2,214.791,9.667,0.00415,0.00101,0.00698;0.00629;0.00631;0.00512;0.00498;0.00411;0.00350;0.00278;0.00202;0.00141,
line-a-r01337,line-a,line-a-e21,33.2028360,-116.1513428,180.0,line-a-e22,33.2029954,-116.1511532,180.0,line-a-e30,33.2042705,-116.1496364,180.0,line-a-e31,33.2044299,-116.1494468,180.0,2026-08-17T19:17:24Z,dipole-dipole,8,4,1.521,526.1,202.924,6.433,0.00508,0.00085,0.00776;0.00844;0.00669;0.00645;0.00562;0.00521;0.00399;0.00342;0.00248;0.00181,
line-a-r01338,line-a,line-a-e22,33.2029954,-116.1511532,180.0,line-a-e23,33.2031548,-116.1509636,180.0,line-a-e30,33.2042705,-116.1496364,180.0,line-a-e31,33.2044299,-116.1494468,180.0,2026-08-17T19:17:36Z,dipole-dipole,7,4,2.000,329.6,213.145,6.727,0.00429,0.00079,0.00635;0.00609;0.00606;0.00520;0.00457;0.00406;0.00332;0.00268;0.00203;0.00139,
line-a-r01339,line-a,line-a-e22,33.2029954,-116.1511532,180.0,line-a-e23,33.2031548,-116.1509636,180.0,line-a-e30,33.2042705,-116.1496364,180.0,line-a-e31,33.2044299,-116.1494468,180.0,2026-08-17T19:17:48Z,dipole-dipole,7,7,2.000,382.9,208.809,7.449,0.00361,0.00074,0.00560;0.00529;0.00471;0.00408;0.00395;0.00348;0.00283;0.00207;0.00196;0.00128,
line-a-r01340,line-a,line-a-e22,33.2029954,-116.1511532,180.0,line-a-e23,33.2031548,-116.1509636,180.0,line-a-e30,33.2042705,-116.1496364,180.0,line-a-e31,33.2044299,-116.1494468,180.0,2026-08-17T19:18:00Z,dipole-dipole,7,7,1.563,511.8,198.961,6.259,0.00470,0.00103,0.00789;0.00689;0.00659;0.00640;0.00561;0.00457;0.00386;0.00300;0.00227;0.00178,
line-a-r01341,line-a,line-a-e22,33.2029954,-116.1511532,180.0,line-a-e23,33.2031548,-116.1509636,180.0,line-a-e30,33.2042705,-116.1496364,180.0,line-a-e31,33.2044299,-116.1494468,180.0,2026-08-17T19:18:12Z,dipole-dipole,7,8,1.361,587.8,208.957,5.867,0.00116,0.00093,0.00184;0.00171;0.00164;0.00133;0.00134;0.00120;0.00096;0.00068;0.00054;0.00046,
line-a-r01342,line-a,line-a-e22,33.2029954,-116.1511532,180.0,line-a-e23,33.2031548,-116.1509636,180.0,line-a-e30,33.2042705,-116.1496364,180.0,line-a-e31,33.2044299,-116.1494468,180.0,2026-08-17T19:18:24Z,dipole-dipole,7,3,1.254,637.9,204.857,8.236,0.00303,0.00075,0.00487;0.00489;0.00403;0.00432;0.00348;0.00274;0.00231;0.00178;0.00161;0.00108,
line-a-r01343,line-a,line-a-e22,33.2029954,-116.1511532,180.0,line-a-e23,33.2031548,-116.1509636,180.0,line-a-e30,33.2042705,-116.1496364,180.0,line-a-e31,33.2044299,-116.1494468,180.0,2026-08-17T19:18:36Z,dipole-dipole,7,6,1.531,522.6,220.836,10.067,0.00495,0.00087,0.00779;0.00785;0.00646;0.00622;0.00545;0.00472;0.00403;0.00315;0.00222;0.00170,
line-a-r01344,line-a,line-a-e22,33.2029954,-116.1511532,180.0,line-a-e23,33.2031548,-116.1509636,180.0,line-a-e30,33.2042705,-116.1496364,180.0,line-a-e31,33.2044299,-116.1494468,180.0,2026-08-17T19:18:48Z,dipole-dipole,7,6,1.738,460.3,205.508,9.626,0.00313,0.00085,0.00482;0.00453;0.00420;0.00383;0.00316;0.00288;0.00265;0.00188;0.00142;0.00098,
line-a-r01345,line-a,line-a-e22,33.2029954,-116.1511532,180.0,line-a-e23,33.2031548,-116.1509636,180.0,line-a-e30,33.2042705,-116.1496364,180.0,line-a-e31,33.2044299,-116.1494468,180.0,2026-08-17T19:19:00Z,dipole-dipole,7,4,1.333,599.9,200.234,7.102,0.00474,0.00109,0.00732;0.00661;0.00708;0.00629;0.00520;0.00423;0.00375;0.00290;0.00216;0.00161,
line-a-r01346,line-a,line-a-e22,33.2029954,-116.1511532,180.0,line-a-e23,33.2031548,-116.1509636,180.0,line-a-e31,33.2044299,-116.1494468,180.0,line-a-e32,33.2045893,-116.1492572,180.0,2026-08-17T19:19:12Z,dipole-dipole,8,3,1.431,559.0,195.567,11.344,0.00294,0.00090,0.00474;0.00456;0.00417;0.00370;0.00342;0.00297;0.00217;0.00187;0.00155;0.00118,
line-a-r01347,line-a,line-a-e22,33.2029954,-116.1511532,180.0,line-a-e23,33.2031548,-116.1509636,180.0,line-a-e31,33.2044299,-116.1494468,180.0,line-a-e32,33.2045893,-116.1492572,180.0,2026-08-17T19:19:24Z,dipole-dipole,8,4,1.465,546.1,206.177,7.926,0.00408,0.00094,0.00695;0.00548;0.00583;0.00500;0.00477;0.00393;0.00301;0.00247;0.00208;0.00142,
line-a-r01348,line-a,line-a-e22,33.2029954,-116.1511532,180.0,line-a-e23,33.2031548,-116.1509636,180.0,line-a-e31,33.2044299,-116.1494468,180.0,line-a-e32,33.2045893,-116.1492572,180.0,2026-08-17T19:19:36Z,dipole-dipole,8,3,1.565,511.2,217.480,6.499,0.00400,0.00082,0.00623;0.00561;0.00555;0.00470;0.00428;0.00360;0.00331;0.00256;0.00202;0.00137,
line-a-r01349,line-a,line-a-e22,33.2029954,-116.1511532,180.0,line-a-e23,33.2031548,-116.1509636,180.0,line-a-e31,33.2044299,-116.1494468,180.0,line-a-e32,33.2045893,-116.1492572,180.0,2026-08-17T19:19:48Z,dipole-dipole,8,6,1.755,455.8,217.503,10.211,0.00475,0.00107,0.00743;0.00760;0.00601;0.00586;0.00526;0.00472;0.00347;0.00314;0.00235;0.00166,
line-a-r01350,line-a,line-a-e22,33.2029954,-116.1511532,180.0,line-a-e23,33.2031548,-116.1509636,180.0,line-a-e31,33.2044299,-116.1494468,180.0,line-a-e32,33.2045893,-116.1492572,180.0,2026-08-17T19:20:00Z,dipole-dipole,8,5,1.649,485.2,220.475,9.532,0.00248,0.00088,0.00427;0.00404;0.00333;0.00270;0.00244;0.00249;0.00198;0.00149;0.00125;0.00085,
line-a-r01351,line-a,line-a-e22,33.2029954,-116.1511532,180.0,line-a-e23,33.2031548,-116.1509636,180.0,line-a-e31,33.2044299,-116.1494468,180.0,line-a-e32,33.2045893,-116.1492572,180.0,2026-08-17T19:20:12Z,dipole-dipole,8,7,1.185,675.1,202.551,7.037,0.00516,0.00104,0.00771;0.00778;0.00779;0.00623;0.00505;0.00473;0.00408;0.00327;0.00268;0.00189,
line-a-r01352,line-a,line-a-e22,33.2029954,-116.1511532,180.0,line-a-e23,33.2031548,-116.1509636,180.0,line-a-e31,33.2044299,-116.1494468,180.0,line-a-e32,33.2045893,-116.1492572,180.0,2026-08-17T19:20:24Z,dipole-dipole,8,3,1.510,529.8,208.947,7.921,0.00421,0.00081,0.00722;0.00612;0.00602;0.00498;0.00447;0.00399;0.00318;0.00277;0.00203;0.00149,
line-a-r01353,line-a,line-a-e22,33.2029954,-116.1511532,180.0,line-a-e23,33.2031548,-116.1509636,180.0,line-a-e31,33.2044299,-116.1494468,180.0,line-a-e32,33.2045893,-116.1492572,180.0,2026-08-17T19:20:36Z,dipole-dipole,8,3,2.000,329.2,199.820,6.417,0.00341,0.00126,0.00505;0.00510;0.00459;0.00402;0.00393;0.00332;0.00276;0.00218;0.00176;0.00121,
line-a-r01354,line-a,line-a-e23,33.2031548,-116.1509636,180.0,line-a-e24,33.2033142,-116.1507740,180.0,line-a-e30,33.2042705,-116.1496364,180.0,line-a-e31,33.2044299,-116.1494468,180.0,2026-08-17T19:20:48Z,dipole-dipole,6,7,1.592,502.7,208.767,9.549,0.00414,0.00092,0.00637;0.00559;0.00564;0.00507;0.00471;0.00376;0.00314;0.00282;0.00181;0.00141,
line-a-r01355,line-a,line-a-e23,33.2031548,-116.1509636,180.0,line-a-e24,33.2033142,-116.1507740,180.0,line-a-e30,33.2042705,-116.1496364,180.0,line-a-e31,33.2044299,-116.1494468,180.0,2026-08-17T19:21:00Z,dipole-dipole,6,4,1.484,539.1,216.041,6.898,0.00348,0.00098,0.00515;0.00467;0.00541;0.00393;0.00398;0.00317;0.00275;0.00217;0.00152;0.00123,
line-a-r01356,line-a,line-a-e23,33.2031548,-116.1509636,180.0,line-a-e24,33.2033142,-116.1507740,180.0,line-a-e30,33.2042705,-116.1496364,180.0,line-a-e31,33.2044299,-116.1494468,180.0,2026-08-17T19:21:12Z,dipole-dipole,6,4,1.638,488.4,201.882,7.940,0.00456,0.00096,0.00741;0.00711;0.00632;0.00620;0.00527;0.00428;0.00368;0.00271;0.00240;0.00160,
line-a-r01357,line-a,line-a-e23,33.2031548,-116.1509636,180.0,line-a-e24,33.2033142,-116.1507740,180.0,line-a-e30,33.2042705,-116.1496364,180.0,line-a-e31,33.2044299,-116.1494468,180.0,2026-08-17T19:21:24Z,dipole-dipole,6,5,1.600,499.8,208.324,7.862,0.00424,0.00103,0.00720;0.00620;0.00598;0.00511;0.00520;0.00375;0.00336;0.00249;0.00182;0.00153,
line-a-r01358,line-a,line-a-e23,33.2031548,-116.1509636,180.0,line-a-e24,33.2033142,-116.1507740,180.0,line-a-e30,33.2042705,-116.1496364,180.0,line-a-e31,33.2044299,-116.1494468,180.0,2026-08-17T19:21:36Z,dipole-dipole,6,6,1.743,459.1,204.436,6.907,0.00482,0.00118,0.00773;0.00701;0.00681;0.00540;0.00525;0.00446;0.00393;0.00304;0.00233;0.00165,
line-a-r00587,line-a,line-a-e23,33.2031548,-116.1509636,180.0,line-a-e24,33.2033142,-116.1507740,180.0,line-a-e30,33.2042705,-116.1496364,180.0,line-a-e31,33.2044299,-116.1494468,180.0,2026-08-17T19:21:48Z,dipole-dipole,6,3,1.521,526.0,197.038,7.957,0.00372,0.00106,0.00596;0.00543;0.00518;0.00500;0.00404;0.00331;0.00282;0.00216;0.00174;0.00115,
line-a-r01360,line-a,line-a-e23,33.2031548,-116.1509636,180.0,line-a-e24,33.2033142,-116.1507740,180.0,line-a-e30,33.2042705,-116.1496364,180.0,line-a-e31,33.2044299,-116.1494468,180.0,2026-08-17T19:22:00Z,dipole-dipole,6,3,1.091,733.4,205.872,5.955,0.00453,0.00123,0.00709;0.00622;0.00577;0.00551;0.00464;0.00435;0.00345;0.00302;0.00213;0.00170,
line-a-r01361,line-a,line-a-e23,33.2031548,-116.1509636,180.0,line-a-e24,33.2033142,-116.1507740,180.0,line-a-e31,33.2044299,-116.1494468,180.0,line-a-e32,33.2045893,-116.1492572,180.0,2026-08-17T19:22:12Z,dipole-dipole,7,8,1.741,459.6,206.000,8.011,0.00384,0.00103,0.00638;0.00567;0.00527;0.00441;0.00458;0.00385;0.00344;0.00232;0.00192;0.00130,
line-a-r01362,line-a,line-a-e23,33.2031548,-116.1509636,180.0,line-a-e24,33.2033142,-116.1507740,180.0,line-a-e31,33.2044299,-116.1494468,180.0,line-a-e32,33.2045893,-116.1492572,180.0,2026-08-17T19:22:24Z,dipole-dipole,7,3,1.411,566.8,206.237,6.205,0.00466,0.00109,0.00796;0.00639;0.00638;0.00570;0.00517;0.00391;0.00356;0.00299;0.00218;0.00175,
line-a-r01363,line-a,line-a-e23,33.2031548,-116.1509636,180.0,line-a-e24,33.2033142,-116.1507740,180.0,line-a-e31,33.2044299,-116.1494468,180.0,line-a-e32,33.2045893,-116.1492572,180.0,2026-08-17T19:22:36Z,dipole-dipole,7,6,1.692,472.9,197.394,6.954,0.00461,0.00100,0.00740;0.00685;0.00700;0.00545;0.00523;0.00431;0.00362;0.00284;0.00227;0.00168,
line-a-r01364,line-a,line-a-e23,33.2031548,-116.1509636,180.0,line-a-e24,33.2033142,-116.1507740,180.0,line-a-e31,33.2044299,-116.1494468,180.0,line-a-e32,33.2045893,-116.1492572,180.0,2026-08-17T19:22:48Z,dipole-dipole,7,6,1.854,431.5,207.744,7.094,0.00381,0.00079,0.00585;0.00614;0.00504;0.00480;0.00409;0.00376;0.00289;0.00253;0.00197;0.00151,
line-a-r01365,line-a,line-a-e23,33.2031548,-116.1509636,180.0,line-a-e24,33.2033142,-116.1507740,180.0,line-a-e31,33.2044299,-116.1494468,180.0,line-a-e32,33.2045893,-116.1492572,180.0,2026-08-17T19:23:00Z,dipole-dipole,7,3,1.418,564.3,216.694,9.402,0.00430,0.00110,0.00692;0.00679;0.00525;0.00536;0.00478;0.00390;0.00337;0.00248;0.00204;0.00141,
line-a-r01366,line-a,line-a-e23,33.2031548,-116.1509636,180.0,line-a-e24,33.2033142,-116.1507740,180.0,line-a-e31,33.2044299,-116.1494468,180.0,line-a-e32,33.2045893,-116.1492572,180.0,2026-08-17T19:23:12Z,dipole-dipole,7,8,1.599,500.2,183.484,9.273,0.00662,0.00126,0.01035;0.01004;0.00900;0.00696;0.00653;0.00661;0.00485;0.00434;0.00311;0.00245,
line-a-r01367,line-a,line-a-e23,33.2031548,-116.1509636,180.0,line-a-e24,33.2033142,-116.1507740,180.0,line-a-e31,33.2044299,-116.1494468,180.0,line-a-e32,33.2045893,-116.1492572,180.0,2026-08-17T19:23:24Z,dipole-dipole,7,6,1.754,456.0,213.361,8.584,0.00691,0.00088,0.00976;0.01114;0.00959;0.00895;0.00766;0.00688;0.00554;0.00436;0.00337;0.00226,
line-a-r01368,line-a,line-a-e23,33.2031548,-116.1509636,180.0,line-a-e24,33.2033142,-116.1507740,180.0,line-a-e32,33.2045893,-116.1492572,180.0,line-a-e33,33.2047487,-116.1490676,180.0,2026-08-17T19:23:36Z,dipole-dipole,8,5,1.363,586.9,203.101,7.378,0.00490,0.00096,0.00866;0.00780;0.00682;0.00613;0.00572;0.00485;0.00365;0.00317;0.00221;0.00162,
line-a-r01369,line-a,line-a-e23,33.2031548,-116.1509636,180.0,line-a-e24,33.2033142,-116.1507740,180.0,line-a-e32,33.2045893,-116.1492572,180.0,line-a-e33,33.2047487,-116.1490676,180.0,2026-08-17T19:23:48Z,dipole-dipole,8,5,1.506,531.3,210.827,9.731,0.00519,0.00131,0.00880;0.00794;0.00618;0.00595;0.00537;0.00510;0.00433;0.00302;0.00264;0.00190,
line-a-r01370,line-a,line-a-e23,33.2031548,-116.1509636,180.0,line-a-e24,33.2033142,-116.1507740,180.0,line-a-e32,33.2045893,-116.1492572,180.0,line-a-e33,33.2047487,-116.1490676,180.0,2026-08-17T19:24:00Z,dipole-dipole,8,3,1.473,543.1,205.344,7.816,0.00502,0.00107,0.00771;0.00741;0.00668;0.00609;0.00568;0.00427;0.00423;0.00314;0.00233;0.00217,
line-a-r01371,line-a,line-a-e23,33.2031548,-116.1509636,180.0,line-a-e24,33.2033142,-116.1507740,180.0,line-a-e32,33.2045893,-116.1492572,180.0,line-a-e33,33.2047487,-116.1490676,180.0,2026-08-17T19:24:12Z,dipole-dipole,8,5,1.321,605.8,203.996,8.015,0.00338,0.00099,0.00534;0.00568;0.00433;0.00425;0.00358;0.00312;0.00291;0.00230;0.00149;0.00117,
line-a-r01372,line-a,line-a-e23,33.2031548,-116.1509636,180.0,line-a-e24,33.2033142,-116.1507740,180.0,line-a-e32,33.2045893,-116.1492572,180.0,line-a-e33,33.2047487,-116.1490676,180.0,2026-08-17T19:24:24Z,dipole-dipole,8,4,1.458,548.7,194.352,7.001,0.00387,0.00096,0.00618;0.00564;0.00581;0.00521;0.00429;0.00347;0.00335;0.00257;0.00164;0.00113,
line-a-r01373,line-a,line-a-e23,33.2031548,-116.1509636,180.0,line-a-e24,33.2033142,-116.1507740,180.0,line-a-e32,33.2045893,-116.1492572,180.0,line-a-e33,33.2047487,-116.1490676,180.0,2026-08-17T19:24:36Z,dipole-dipole,8,3,1.436,557.0,201.263,8.176,0.00268,0.00078,0.00451;0.00369;0.00370;0.00317;0.00292;0.00250;0.00228;0.00176;0.00134;0.00101,
line-a-r01374,line-a,line-a-e23,33.2031548,-116.1509636,180.0,line-a-e24,33.2033142,-116.1507740,180.0,line-a-e32,33.2045893,-116.1492572,180.0,line-a-e33,33.2047487,-116.1490676,180.0,2026-08-17T19:24:48Z,dipole-dipole,8,4,1.317,607.6,206.218,8.015,0.00292,0.00085,0.00464;0.00430;0.00366;0.00382;0.00326;0.00271;0.00264;0.00192;0.00146;0.00103,
line-a-r01375,line-a,line-a-e23,33.2031548,-116.1509636,180.0,line-a-e24,33.2033142,-116.1507740,180.0,line-a-e32,33.2045893,-116.1492572,180.0,line-a-e33,33.2047487,-116.1490676,180.0,2026-08-17T19:25:00Z,dipole-dipole,8,4,1.473,543.3,199.423,6.167,0.00446,0.00090,0.00652;0.00654;0.00655;0.00541;0.00518;0.00401;0.00360;0.00274;0.00214;0.00172,
line-a-r01376,line-a,line-a-e24,33.2033142,-116.1507740,180.0,line-a-e25,33.2034736,-116.1505844,180.0,line-a-e30,33.2042705,-116.1496364,180.0,line-a-e31,33.2044299,-116.1494468,180.0,2026-08-17T19:25:12Z,dipole-dipole,5,3,1.793,446.1,207.022,7.648,0.00401,0.00106,0.00720;0.00553;0.00590;0.00528;0.00451;0.00367;0.00330;0.00270;0.00170;0.00145,
line-a-r01377,line-a,line-a-e24,33.2033142,-116.1507740,180.0,line-a-e25,33.2034736,-116.1505844,180.0,line-a-e30,33.2042705,-116.1496364,180.0,line-a-e31,33.2044299,-116.1494468,180.0,2026-08-17T19:25:24Z,dipole-dipole,5,7,2.000,374.6,205.276,10.192,0.00554,0.00147,0.00846;0.00835;0.00798;0.00661;0.00654;0.00586;0.00444;0.00339;0.00271;0.00208,
line-a-r01378,line-a,line-a-e24,33.2033142,-116.1507740,180.0,line-a-e25,33.2034736,-116.1505844,180.0,line-a-e30,33.2042705,-116.1496364,180.0,line-a-e31,33.2044299,-116.1494468,180.0,2026-08-17T19:25:36Z,dipole-dipole,5,4,1.512,529.2,203.843,7.607,0.00375,0.00121,0.00619;0.00592;0.00555;0.00448;0.00411;0.00368;0.00276;0.00257;0.00194;0.00136,
line-a-r01379,line-a,line-a-e24,33.2033142,-116.1507740,180.0,line-a-e25,33.2034736,-116.1505844,180.0,line-a-e30,33.2042705,-116.1496364,180.0,line-a-e31,33.2044299,-116.1494468,180.0,2026-08-17T19:25:48Z,dipole-dipole,5,4,2.000,337.2,212.719,6.493,0.00390,0.00088,0.00612;0.00595;0.00537;0.00497;0.00483;0.00398;0.00298;0.00247;0.00199;0.00134,
line-a-r01380,line-a,line-a-e24,33.2033142,-116.1507740,180.0,line-a-e25,33.2034736,-116.1505844,180.0,line-a-e30,33.2042705,-116.1496364,180.0,line-a-e31,33.2044299,-116.1494468,180.0,2026-08-17T19:26:00Z,dipole-dipole,5,6,1.582,505.6,218.182,6.149,0.00462,0.00106,0.00659;0.00618;0.00618;0.00579;0.00558;0.00422;0.00368;0.00285;0.00217;0.00160,
line-a-r01381,line-a,line-a-e24,33.2033142,-116.1507740,180.0,line-a-e25,33.2034736,-116.1505844,180.0,line-a-e30,33.2042705,-116.1496364,180.0,line-a-e31,33.2044299,-116.1494468,180.0,2026-08-17T19:26:12Z,dipole-dipole,5,8,2.000,389.5,212.880,7.126,0.00421,0.00104,0.00663;0.00652;0.00608;0.00517;0.00443;0.00374;0.00301;0.00269;0.00220;0.00164,
line-a-r01382,line-a,line-a-e24,33.2033142,-116.1507740,180.0,line-a-e25,33.2034736,-116.1505844,180.0,line-a-e31,33.2044299,-116.1494468,180.0,line-a-e32,33.2045893,-116.1492572,180.0,2026-08-17T19:26:24Z,dipole-dipole,6,8,1.800,444.5,208.437,6.006,0.00356,0.00092,0.00574;0.00539;0.00551;0.00406;0.00375;0.00305;0.00325;0.00254;0.00180;0.00124,
line-a-r01383,line-a,line-a-e24,33.2033142,-116.1507740,180.0,line-a-e25,33.2034736,-116.1505844,180.0,line-a-e31,33.2044299,-116.1494468,180.0,line-a-e32,33.2045893,-116.1492572,180.0,2026-08-17T19:26:36Z,dipole-dipole,6,7,1.760,454.4,205.613,8.430,0.00244,0.00091,0.00375;0.00347;0.00341;0.00311;0.00257;0.00198;0.00199;0.00147;0.00125;0.00082,
line-a-r01384,line-a,line-a-e24,33.2033142,-116.1507740,180.0,line-a-e25,33.2034736,-116.1505844,180.0,line-a-e31,33.2044299,-116.1494468,180.0,line-a-e32,33.2045893,-116.1492572,180.0,2026-08-17T19:26:48Z,dipole-dipole,6,3,1.717,466.0,201.534,8.299,0.00475,0.00092,0.00698;0.00751;0.00622;0.00630;0.00477;0.00449;0.00360;0.00299;0.00247;0.00150,
line-a-r01385,line-a,line-a-e24,33.2033142,-116.1507740,180.0,line-a-e25,33.2034736,-116.1505844,180.0,line-a-e31,33.2044299,-116.1494468,180.0,line-a-e32,33.2045893,-116.1492572,180.0,2026-08-17T19:27:00Z,dipole-dipole,6,4,1.350,592.5,216.706,8.323,0.00616,0.00109,0.00951;0.00896;0.00775;0.00715;0.00667;0.00592;0.00444;0.00423;0.00309;0.00221,
line-a-r01386,line-a,line-a-e24,33.2033142,-116.1507740,180.0,line-a-e25,33.2034736,-116.1505844,180.0,line-a-e31,33.2044299,-116.1494468,180.0,line-a-e32,33.2045893,-116.1492572,180.0,2026-08-17T19:27:12Z,dipole-dipole,6,5,2.000,348.2,206.057,5.668,0.00488,0.00503,0.00779;0.00800;0.00589;0.00615;0.00511;0.00538;0.00363;0.00348;0.00236;0.00190,
line-a-r01387,line-a,line-a-e24,33.2033142,-116.1507740,180.0,line-a-e25,33.2034736,-116.1505844,180.0,line-a-e31,33.2044299,-116.1494468,180.0,line-a-e32,33.2045893,-116.1492572,180.0,2026-08-17T19:27:24Z,dipole-dipole,6,4,1.804,443.3,205.035,7.923,0.00472,0.00094,0.00704;0.00750;0.00619;0.00584;0.00541;0.00424;0.00371;0.00337;0.00218;0.00159,
line-a-r01388,line-a,line-a-e24,33.2033142,-116.1507740,180.0,line-a-e25,33.2034736,-116.1505844,180.0,line-a-e32,33.2045893,-116.1492572,180.0,line-a-e33,33.2047487,-116.1490676,180.0,2026-08-17T19:27:36Z,dipole-dipole,7,7,1.879,425.7,213.245,7.200,0.00384,0.00125,0.00647;0.00587;0.00514;0.00453;0.00443;0.00365;0.00348;0.00238;0.00182;0.00130,
line-a-r01389,line-a,line-a-e24,33.2033142,-116.1507740,180.0,line-a-e25,33.2034736,-116.1505844,180.0,line-a-e32,33.2045893,-116.1492572,180.0,line-a-e33,33.2047487,-116.1490676,180.0,2026-08-17T19:27:48Z,dipole-dipole,7,7,1.346,594.4,200.595,5.125,0.00504,0.00124,0.00824;0.00765;0.00697;0.00616;0.00551;0.00462;0.00392;0.00320;0.00252;0.00176,
line-a-r01390,line-a,line-a-e24,33.2033142,-116.1507740,180.0,line-a-e25,33.2034736,-116.1505844,180.0,line-a-e32,33.2045893,-116.1492572,180.0,line-a-e33,33.2047487,-116.1490676,180.0,2026-08-17T19:28:00Z,dipole-dipole,7,3,1.601,499.8,200.091,6.988,0.00497,0.00075,0.00728;0.00709;0.00658;0.00663;0.00564;0.00475;0.00390;0.00295;0.00275;0.00172,
line-a-r01391,line-a,line-a-e24,33.2033142,-116.1507740,180.0,line-a-e25,33.2034736,-116.1505844,180.0,line-a-e32,33.2045893,-116.1492572,180.0,line-a-e33,33.2047487,-116.1490676,180.0,2026-08-17T19:28:12Z,dipole-dipole,7,3,1.473,543.0,198.744,7.684,0.00438,0.00109,0.00664;0.00724;0.00597;0.00583;0.00533;0.00419;0.00346;0.00283;0.00187;0.00149,
line-a-r01392,line-a,line-a-e24,33.2033142,-116.1507740,180.0,line-a-e25,33.2034736,-116.1505844,180.0,line-a-e32,33.2045893,-116.1492572,180.0,line-a-e33,33.2047487,-116.1490676,180.0,2026-08-17T19:28:24Z,dipole-dipole,7,3,1.846,433.5,194.043,5.741,0.00495,0.00098,0.00769;0.00739;0.00750;0.00536;0.00548;0.00411;0.00410;0.00313;0.00253;0.00177,
line-a-r01393,line-a,line-a-e24,33.2033142,-116.1507740,180.0,line-a-e25,33.2034736,-116.1505844,180.0,line-a-e32,33.2045893,-116.1492572,180.0,line-a-e33,33.2047487,-116.1490676,180.0,2026-08-17T19:28:36Z,dipole-dipole,7,5,1.340,596.9,209.535,8.962,0.00436,0.00111,0.00752;0.00673;0.00598;0.00524;0.00464;0.00409;0.00321;0.00326;0.00236;0.00144,
line-a-r01394,line-a,line-a-e24,33.2033142,-116.1507740,180.0,line-a-e25,33.2034736,-116.1505844,180.0,line-a-e32,33.2045893,-116.1492572,180.0,line-a-e33,33.2047487,-116.1490676,180.0,2026-08-17T19:28:48Z,dipole-dipole,7,7,1.830,437.2,210.705,10.396,0.00467,0.00091,0.00753;0.00714;0.00607;0.00545;0.00482;0.00432;0.00337;0.00280;0.00223;0.00157,
line-a-r01395,line-a,line-a-e24,33.2033142,-116.1507740,180.0,line-a-e25,33.2034736,-116.1505844,180.0,line-a-e32,33.2045893,-116.1492572,180.0,line-a-e33,33.2047487,-116.1490676,180.0,2026-08-17T19:29:00Z,dipole-dipole,7,8,1.696,471.7,206.930,6.812,0.00356,0.00111,0.00536;0.00473;0.00452;0.00441;0.00390;0.00335;0.00271;0.00225;0.00165;0.00129,
line-a-r01396,line-a,line-a-e24,33.2033142,-116.1507740,180.0,line-a-e25,33.2034736,-116.1505844,180.0,line-a-e33,33.2047487,-116.1490676,180.0,line-a-e34,33.2049081,-116.1488780,180.0,2026-08-17T19:29:12Z,dipole-dipole,8,8,1.315,608.4,203.684,7.845,0.00424,0.00095,0.00678;0.00602;0.00540;0.00509;0.00469;0.00468;0.00343;0.00271;0.00210;0.00153,
line-a-r01397,line-a,line-a-e24,33.2033142,-116.1507740,180.0,line-a-e25,33.2034736,-116.1505844,180.0,line-a-e33,33.2047487,-116.1490676,180.0,line-a-e34,33.2049081,-116.1488780,180.0,2026-08-17T19:29:24Z,dipole-dipole,8,4,1.527,523.8,208.614,7.253,0.00281,0.00101,0.00431;0.00407;0.00352;0.00338;0.00296;0.00254;0.00220;0.00176;0.00134;0.00099,
line-a-r01398,line-a,line-a-e24,33.2033142,-116.1507740,180.0,line-a-e25,33.2034736,-116.1505844,180.0,line-a-e33,33.2047487,-116.1490676,180.0,line-a-e34,33.2049081,-116.1488780,180.0,2026-08-17T19:29:36Z,dipole-dipole,8,5,1.403,570.2,208.314,8.818,0.00516,0.00085,0.00812;0.00765;0.00709;0.00699;0.00571;0.00544;0.00422;0.00329;0.00272;0.00163,
line-a-r01399,line-a,line-a-e24,33.2033142,-116.1507740,180.0,line-a-e25,33.2034736,-116.1505844,180.0,line-a-e33,33.2047487,-116.1490676,180.0,line-a-e34,33.2049081,-116.1488780,180.0,2026-08-17T19:29:48Z,dipole-dipole,8,3,2.000,393.4,201.734,8.224,0.00426,0.00105,0.00629;0.00617;0.00527;0.00495;0.00438;0.00403;0.00325;0.00278;0.00210;0.00150,
line-a-r01400,line-a,line-a-e24,33.2033142,-116.1507740,180.0,line-a-e25,33.2034736,-116.1505844,180.0,line-a-e33,33.2047487,-116.1490676,180.0,line-a-e34,33.2049081,-116.1488780,180.0,2026-08-17T19:30:00Z,dipole-dipole,8,6,1.548,516.7,191.353,6.592,0.00463,0.00105,0.00714;0.00654;0.00623;0.00515;0.00467;0.00460;0.00339;0.00272;0.00199;0.00165,
line-a-r01401,line-a,line-a-e24,33.2033142,-116.1507740,180.0,line-a-e25,33.2034736,-116.1505844,180.0,line-a-e33,33.2047487,-116.1490676,180.0,line-a-e34,33.2049081,-116.1488780,180.0,2026-08-17T19:30:12Z,dipole-dipole,8,4,2.000,359.1,208.679,9.090,0.00664,0.00109,0.00950;0.00938;0.00857;0.00830;0.00675;0.00581;0.00538;0.00419;0.00322;0.00237,
line-a-r01402,line-a,line-a-e24,33.2033142,-116.1507740,180.0,line-a-e25,33.2034736,-116.1505844,180.0,line-a-e33,33.2047487,-116.1490676,180.0,line-a-e34,33.2049081,-116.1488780,180.0,2026-08-17T19:30:24Z,dipole-dipole,8,7,1.981,403.8,202.978,6.479,0.00544,0.00087,0.00906;0.00803;0.00776;0.00677;0.00634;0.00552;0.00451;0.00327;0.00246;0.00183,
line-a-r01403,line-a,line-a-e24,33.2033142,-116.1507740,180.0,line-a-e25,33.2034736,-116.1505844,180.0,line-a-e33,33.2047487,-116.1490676,180.0,line-a-e34,33.2049081,-116.1488780,180.0,2026-08-17T19:30:36Z,dipole-dipole,8,7,1.678,476.8,205.577,7.730,0.00346,0.00122,0.00485;0.00564;0.00450;0.00408;0.00366;0.00362;0.00254;0.00217;0.00178;0.00126,
line-a-r01404,line-a,line-a-e25,33.2034736,-116.1505844,180.0,line-a-e26,33.2036330,-116.1503948,180.0,line-a-e30,33.2042705,-116.1496364,180.0,line-a-e31,33.2044299,-116.1494468,180.0,2026-08-17T19:30:48Z,dipole-dipole,4,7,2.000,371.7,187.265,8.109,0.00561,0.00109,0.00969;0.00777;0.00796;0.00639;0.00635;0.00525;0.00456;0.00334;0.00279;0.00214,
line-a-r01405,line-a,line-a-e25,33.2034736,-116.1505844,180.0,line-a-e26,33.2036330,-116.1503948,180.0,line-a-e30,33.2042705,-116.1496364,180.0,line-a-e31,33.2044299,-116.1494468,180.0,2026-08-17T19:31:00Z,dipole-dipole,4,6,1.626,492.2,198.544,9.758,0.00389,0.00111,0.00595;0.00560;0.00486;0.00482;0.00411;0.00355;0.00301;0.00258;0.00186;0.00150,
line-a-r01406,line-a,line-a-e25,33.2034736,-116.1505844,180.0,line-a-e26,33.2036330,-116.1503948,180.0,line-a-e30,33.2042705,-116.1496364,180.0,line-a-e31,33.2044299,-116.1494468,180.0,2026-08-17T19:31:12Z,dipole-dipole,4,5,1.511,529.3,222.500,8.432,0.00420,0.00102,0.00667;0.00703;0.00584;0.00533;0.00406;0.00371;0.00329;0.00265;0.00233;0.00144,
line-a-r01407,line-a,line-a-e25,33.2034736,-116.1505844,180.0,line-a-e26,33.2036330,-116.1503948,180.0,line-a-e30,33.2042705,-116.1496364,180.0,line-a-e31,33.2044299,-116.1494468,180.0,2026-08-17T19:31:24Z,dipole-dipole,4,8,1.846,433.4,216.806,9.157,0.00517,0.00108,0.00822;0.00710;0.00776;0.00621;0.00567;0.00462;0.00426;0.00340;0.00244;0.00170,
line-a-r01408,line-a,line-a-e25,33.2034736,-116.1505844,180.0,line-a-e26,33.2036330,-116.1503948,180.0,line-a-e30,33.2042705,-116.1496364,180.0,line-a-e31,33.2044299,-116.1494468,180.0,2026-08-17T19:31:36Z,dipole-dipole,4,8,2.000,304.4,209.630,6.723,0.00482,0.00104,0.00858;0.00724;0.00646;0.00574;0.00507;0.00461;0.00371;0.00302;0.00222;0.00163,
line-a-r01409,line-a,line-a-e25,33.2034736,-116.1505844,180.0,line-a-e26,33.2036330,-116.1503948,180.0,line-a-e30,33.2042705,-116.1496364,180.0,line-a-e31,33.2044299,-116.1494468,180.0,2026-08-17T19:31:48Z,dipole-dipole,4,4,2.000,353.6,-135.092,8.403,0.00619,0.00087,0.00941;0.00775;0.00914;0.00775;0.00666;0.00601;0.00467;0.00384;0.00300;0.00209,
line-a-r01410,line-a,line-a-e25,33.2034736,-116.1505844,180.0,line-a-e26,33.2036330,-116.1503948,180.0,line-a-e30,33.2042705,-116.1496364,180.0,line-a-e31,33.2044299,-116.1494468,180.0,2026-08-17T19:32:00Z,dipole-dipole,4,7,2.000,387.3,185.281,7.467,0.00447,0.00108,0.00676;0.00697;0.00624;0.00540;0.00463;0.00425;0.00386;0.00298;0.00238;0.00160,
line-a-r01411,line-a,line-a-e25,33.2034736,-116.1505844,180.0,line-a-e26,33.2036330,-116.1503948,180.0,line-a-e31,33.2044299,-116.1494468,180.0,line-a-e32,33.2045893,-116.1492572,180.0,2026-08-17T19:32:12Z,dipole-dipole,5,8,1.808,442.5,194.575,10.218,0.00386,0.00115,0.00610;0.00584;0.00538;0.00433;0.00480;0.00332;0.00287;0.00222;0.00211;0.00136,
line-a-r01412,line-a,line-a-e25,33.2034736,-116.1505844,180.0,line-a-e26,33.2036330,-116.1503948,180.0,line-a-e31,33.2044299,-116.1494468,180.0,line-a-e32,33.2045893,-116.1492572,180.0,2026-08-17T19:32:24Z,dipole-dipole,5,7,2.000,348.4,201.177,9.687,0.00474,0.00108,0.00777;0.00649;0.00669;0.00561;0.00530;0.00450;0.00412;0.00280;0.00229;0.00175,
line-a-r01413,line-a,line-a-e25,33.2034736,-116.1505844,180.0,line-a-e26,33.2036330,-116.1503948,180.0,line-a-e31,33.2044299,-116.1494468,180.0,line-a-e32,,,,2026-08-17T19:32:36Z,dipole-dipole,5,5,1.711,467.7,192.760,8.958,0.00606,0.00108,0.00968;0.00940;0.00888;0.00734;0.00670;0.00574;0.00516;0.00376;0.00283;0.00218,
line-a-r01414,line-a,line-a-e25,33.2034736,-116.1505844,180.0,line-a-e26,33.2036330,-116.1503948,180.0,line-a-e31,33.2044299,-116.1494468,180.0,line-a-e32,33.2045893,-116.1492572,180.0,2026-08-17T19:32:48Z,dipole-dipole,5,5,1.397,572.5,190.943,6.940,0.00507,0.00090,0.00886;0.00793;0.00652;0.00569;0.00507;0.00468;0.00417;0.00343;0.00252;0.00169,
line-a-r01415,line-a,line-a-e25,33.2034736,-116.1505844,180.0,line-a-e26,33.2036330,-116.1503948,180.0,line-a-e31,33.2044299,-116.1494468,180.0,line-a-e32,33.2045893,-116.1492572,180.0,2026-08-17T19:33:00Z,dipole-dipole,5,5,2.000,339.9,198.358,6.514,0.00318,0.00100,0.00496;0.00529;0.00416;0.00409;0.00368;0.00283;0.00274;0.00194;0.00156;0.00118,
line-a-r01416,line-a,line-a-e25,33.2034736,-116.1505844,180.0,line-a-e26,33.2036330,-116.1503948,180.0,line-a-e31,33.2044299,-116.1494468,180.0,line-a-e32,33.2045893,-116.1492572,180.0,2026-08-17T19:33:12Z,dipole-dipole,5,3,2.000,362.9,201.217,7.737,0.00415,0.00143,0.00761;0.00613;0.00548;0.00503;0.00434;0.00409;0.00363;0.00276;0.00199;0.00139,
line-a-r01417,line-a,line-a-e25,33.2034736,-116.1505844,180.0,line-a-e26,33.2036330,-116.1503948,180.0,line-a-e32,33.2045893,-116.1492572,180.0,line-a-e33,33.2047487,-116.1490676,180.0,2026-08-17T19:33:24Z,dipole-dipole,6,8,1.836,435.7,206.742,8.755,0.00449,0.00121,0.00715;0.00718;0.00651;0.00507;0.00496;0.00417;0.00383;0.00328;0.00215;0.00152,
line-a-r01418,line-a,line-a-e25,33.2034736,-116.1505844,180.0,line-a-e26,33.2036330,-116.1503948,180.0,line-a-e32,33.2045893,-116.1492572,180.0,line-a-e33,33.2047487,-116.1490676,180.0,2026-08-17T19:33:36Z,dipole-dipole,6,4,1.843,434.0,206.276,6.619,0.00323,0.00093,0.00533;0.00494;0.00407;0.00406;0.00371;0.00281;0.00230;0.00205;0.00166;0.00108,
line-a-r01419,line-a,line-a-e25,33.2034736,-116.1505844,180.0,line-a-e26,33.2036330,-116.1503948,180.0,line-a-e32,33.2045893,-116.1492572,180.0,line-a-e33,33.2047487,-116.1490676,180.0,2026-08-17T19:33:48Z,dipole-dipole,6,4,1.829,437.3,191.163,6.668,0.00554,0.00107,0.00887;0.00863;0.00827;0.00718;0.00633;0.00506;0.00454;0.00366;0.00271;0.00195,
line-a-r01420,line-a,line-a-e25,33.2034736,-116.1505844,180.0,line-a-e26,33.2036330,-116.1503948,180.0,line-a-e32,33.2045893,-116.1492572,180.0,line-a-e33,33.2047487,-116.1490676,180.0,2026-08-17T19:34:00Z,dipole-dipole,6,4,2.000,397.1,200.531,10.518,0.00549,0.00092,0.00909;0.00809;0.00766;0.00692;0.00516;0.00545;0.00492;0.00349;0.00285;0.00181,
line-a-r01421,line-a,line-a-e25,33.2034736,-116.1505844,180.0,line-a-e26,33.2036330,-116.1503948,180.0,line-a-e32,33.2045893,-116.1492572,180.0,line-a-e33,33.2047487,-116.1490676,180.0,2026-08-17T19:34:12Z,dipole-dipole,6,8,1.895,422.1,202.711,6.431,0.00483,0.00111,0.00786;0.00758;0.00679;0.00686;0.00528;0.00462;0.00349;0.00293;0.00220;0.00180,
line-a-r01422,line-a,line-a-e25,33.2034736,-116.1505844,180.0,line-a-e26,33.2036330,-116.1503948,180.0,line-a-e32,33.2045893,-116.1492572,180.0,line-a-e33,33.2047487,-116.1490676,180.0,2026-08-17T19:34:24Z,dipole-dipole,6,8,2.000,325.6,206.007,5.713,0.00492,0.00105,0.00794;0.00744;0.00666;0.00607;0.00574;0.00396;0.00417;0.00304;0.00245;0.00177,
line-a-r01423,line-a,line-a-e25,33.2034736,-116.1505844,180.0,line-a-e26,33.2036330,-116.1503948,180.0,line-a-e32,33.2045893,-116.1492572,180.0,line-a-e33,33.2047487,-116.1490676,180.0,2026-08-17T19:34:36Z,dipole-dipole,6,8,1.840,434.9,195.969,5.888,0.00535,0.00099,0.00802;0.00801;0.00800;0.00619;0.00538;0.00574;0.00421;0.00351;0.00255;0.00172,
line-a-r01424,line-a,line-a-e25,33.2034736,-116.1505844,180.0,line-a-e26,33.2036330,-116.1503948,180.0,line-a-e33,33.2047487,-116.1490676,180.0,line-a-e34,33.2049081,-116.1488780,180.0,2026-08-17T19:34:48Z,dipole-dipole,7,5,1.824,438.5,203.185,6.956,0.00325,0.00103,0.00579;0.00489;0.00431;0.00415;0.00330;0.00342;0.00267;0.00182;0.00157;0.00119,
line-a-r01425,line-a,line-a-e25,33.2034736,-116.1505844,180.0,line-a-e26,33.2036330,-116.1503948,180.0,line-a-e33,33.2047487,-116.1490676,180.0,line-a-e34,33.2049081,-116.1488780,180.0,2026-08-17T19:35:00Z,dipole-dipole,7,4,1.558,513.3,-268.094,10.318,0.00523,0.00094,0.00835;0.00758;0.00620;0.00617;0.00555;0.00542;0.00422;0.00339;0.00237;0.00170,
line-a-r01426,line-a,line-a-e25,33.2034736,-116.1505844,180.0,line-a-e26,33.2036330,-116.1503948,180.0,line-a-e33,33.2047487,-116.1490676,180.0,line-a-e34,33.2049081,-116.1488780,180.0,2026-08-17T19:35:12Z,dipole-dipole,7,6,1.890,423.3,189.424,7.424,0.00472,0.00147,0.00680;0.00688;0.00607;0.00581;0.00483;0.00478;0.00354;0.00323;0.00237;0.00165,
line-a-r01427,line-a,line-a-e25,33.2034736,-116.1505844,180.0,line-a-e26,33.2036330,-116.1503948,180.0,line-a-e33,33.2047487,-116.1490676,180.0,line-a-e34,33.2049081,-116.1488780,180.0,2026-08-17T19:35:24Z,dipole-dipole,7,7,1.754,456.0,207.642,6.429,0.00456,0.00088,0.00673;0.00660;0.00651;0.00627;0.00470;0.00427;0.00385;0.00311;0.00214;0.00167,
line-a-r01428,line-a,line-a-e25,33.2034736,-116.1505844,180.0,line-a-e26,33.2036330,-116.1503948,180.0,line-a-e33,33.2047487,-116.1490676,180.0,line-a-e34,33.2049081,-116.1488780,180.0,2026-08-17T19:35:36Z,dipole-dipole,7,3,1.741,459.5,198.469,6.846,0.00309,0.00111,0.00482;0.00453;0.00411;0.00411;0.00341;0.00281;0.00234;0.00188;0.00150;0.00101,
line-a-r01429,line-a,line-a-e25,33.2034736,-116.1505844,180.0,line-a-e26,33.2036330,-116.1503948,180.0,line-a-e33,33.2047487,-116.1490676,180.0,line-a-e34,33.2049081,-116.1488780,180.0,2026-08-17T19:35:48Z,dipole-dipole,7,6,2.000,376.4,194.166,421.687,0.00396,0.00116,0.00653;0.00535;0.00540;0.00472;0.00430;0.00364;0.00339;0.00252;0.00192;0.00147,
line-a-r01430,line-a,line-a-e25,33.2034736,-116.1505844,180.0,line-a-e26,33.2036330,-116.1503948,180.0,line-a-e34,33.2049081,-116.1488780,180.0,line-a-e35,33.2050675,-116.1486884,180.0,2026-08-17T19:36:00Z,dipole-dipole,8,5,1.742,459.2,213.286,7.356,0.00375,0.00115,0.00611;0.00521;0.00491;0.00456;0.00417;0.00365;0.00267;0.00260;0.00178;0.00137,
line-a-r01431,line-a,line-a-e25,33.2034736,-116.1505844,180.0,line-a-e26,33.2036330,-116.1503948,180.0,line-a-e34,33.2049081,-116.1488780,180.0,line-a-e35,33.2050675,-116.1486884,180.0,2026-08-17T19:36:12Z,dipole-dipole,8,7,2.000,323.0,202.460,7.943,0.00391,0.00117,0.00642;0.00632;0.00551;0.00454;0.00444;0.00420;0.00330;0.00274;0.00189;0.00125,
line-a-r01432,line-a,line-a-e25,33.2034736,-116.1505844,180.0,line-a-e26,33.2036330,-116.1503948,180.0,line-a-e34,33.2049081,-116.1488780,180.0,line-a-e35,33.2050675,-116.1486884,180.0,2026-08-17T19:36:24Z,dipole-dipole,8,7,1.689,473.8,199.451,7.679,0.00519,0.00121,0.00794;0.00710;0.00668;0.00626;0.00559;0.00542;0.00403;0.00307;0.00226;0.00179,
line-a-r01433,line-a,line-a-e25,33.2034736,-116.1505844,180.0,line-a-e26,33.2036330,-116.1503948,180.0,line-a-e34,33.2049081,-116.1488780,180.0,line-a-e35,33.2050675,-116.1486884,180.0,2026-08-17T19:36:36Z,dipole-dipole,8,3,1.752,456.6,196.418,8.591,0.00321,0.00077,0.00583;0.00473;0.00429;0.00368;0.00330;0.00314;0.00257;0.00198;0.00168;0.00114,
line-a-r01434,line-a,line-a-e25,33.2034736,-116.1505844,180.0,line-a-e26,33.2036330,-116.1503948,180.0,line-a-e34,33.2049081,-116.1488780,180.0,line-a-e35,33.2050675,-116.1486884,180.0,2026-08-17T19:36:48Z,dipole-dipole,8,5,1.636,489.0,193.788,7.210,0.00504,0.00112,0.00857;0.00767;0.00717;0.00601;0.00532;0.00458;0.00373;0.00317;0.00241;0.00186,
line-a-r01435,line-a,line-a-e25,33.2034736,-116.1505844,180.0,line-a-e26,33.2036330,-116.1503948,180.0,line-a-e34,33.2049081,-116.1488780,180.0,line-a-e35,33.2050675,-116.1486884,180.0,2026-08-17T19:37:00Z,dipole-dipole,8,3,1.813,441.2,207.668,7.232,0.00374,0.00095,0.00558;0.00517;0.00486;0.00454;0.00421;0.00368;0.00281;0.00235;0.00193;0.00122,
line-a-r01436,line-a,line-a-e26,33.2036330,-116.1503948,180.0,line-a-e27,33.2037924,-116.1502052,180.0,line-a-e30,33.2042705,-116.1496364,180.0,line-a-e31,33.2044299,-116.1494468,180.0,2026-08-17T19:37:12Z,dipole-dipole,3,5,2.000,392.1,192.114,6.392,0.00497,0.00085,0.00781;0.00686;0.00736;0.00641;0.00548;0.00449;0.00388;0.00343;0.00235;0.00176,
line-a-r01437,line-a,line-a-e26,33.2036330,-116.1503948,180.0,line-a-e27,33.2037924,-116.1502052,180.0,line-a-e30,33.2042705,-116.1496364,180.0,line-a-e31,33.2044299,-116.1494468,180.0,2026-08-17T19:37:24Z,dipole-dipole,3,8,1.690,473.3,213.956,7.942,0.00431,0.00079,0.00694;0.00570;0.00607;0.00607;0.00422;0.00440;0.00372;0.00274;0.00223;0.00143,
line-a-r01438,line-a,line-a-e26,33.2036330,-116.1503948,180.0,line-a-e27,33.2037924,-116.1502052,180.0,line-a-e30,33.2042705,-116.1496364,180.0,line-a-e31,33.2044299,-116.1494468,180.0,2026-08-17T19:37:36Z,dipole-dipole,3,7,1.817,440.2,201.298,7.508,0.00592,0.00087,0.00944;0.00828;0.00776;0.00775;0.00678;0.00543;0.00492;0.00365;0.00279;0.00219,
line-a-r01439,line-a,line-a-e26,33.2036330,-116.1503948,180.0,line-a-e27,33.2037924,-116.1502052,180.0,line-a-e30,33.2042705,-116.1496364,180.0,line-a-e31,33.2044299,-116.1494468,180.0,2026-08-17T19:37:48Z,dipole-dipole,3,7,1.967,406.7,196.753,6.462,0.00402,0.00100,0.00638;0.00509;0.00620;0.00505;0.00436;0.00366;0.00310;0.00268;0.00190;0.00148,
line-a-r01440,line-a,line-a-e26,33.2036330,-116.1503948,180.0,line-a-e27,33.2037924,-116.1502052,180.0,line-a-e30,33.2042705,-116.1496364,180.0,line-a-e31,33.2044299,-116.1494468,180.0,2026-08-17T19:38:00Z,dipole-dipole,3,4,1.667,479.9,197.536,7.929,0.00408,0.00103,0.00717;0.00557;0.00623;0.00506;0.00450;0.00364;0.00330;0.00289;0.00201;0.00139,
line-a-r01441,line-a,line-a-e26,33.2036330,-116.1503948,180.0,line-a-e27,33.2037924,-116.1502052,180.0,line-a-e30,33.2042705,-116.1496364,180.0,line-a-e31,33.2044299,-116.1494468,180.0,2026-08-17T19:38:12Z,dipole-dipole,3,8,1.645,486.3,197.681,7.868,0.00734,0.00131,0.01130;0.01139;0.00960;0.00907;0.00812;0.00746;0.00612;0.00459;0.00372;0.00257,
line-a-r01442,line-a,line-a-e26,33.2036330,-116.1503948,180.0,line-a-e27,33.2037924,-116.1502052,180.0,line-a-e31,33.2044299,-116.1494468,180.0,line-a-e32,33.2045893,-116.1492572,180.0,2026-08-17T19:38:24Z,dipole-dipole,4,7,2.000,399.8,188.559,6.691,0.00580,0.00113,0.00828;0.00848;0.00746;0.00756;0.00630;0.00551;0.00446;0.00378;0.00292;0.00213,
line-a-r01443,line-a,line-a-e26,33.2036330,-116.1503948,180.0,line-a-e27,33.2037924,-116.1502052,180.0,line-a-e31,33.2044299,-116.1494468,180.0,line-a-e32,33.2045893,-116.1492572,180.0,2026-08-17T19:38:36Z,dipole-dipole,4,5,2.000,283.3,201.280,7.923,0.00621,0.00093,0.00956;0.00854;0.00880;0.00725;0.00653;0.00598;0.00502;0.00391;0.00316;0.00237,
line-a-r01444,line-a,line-a-e26,33.2036330,-116.1503948,180.0,line-a-e27,33.2037924,-116.1502052,180.0,line-a-e31,33.2044299,-116.1494468,180.0,line-a-e32,33.2045893,-116.1492572,180.0,2026-08-17T19:38:48Z,dipole-dipole,4,7,1.939,412.5,194.002,7.032,0.00562,0.00124,0.00933;0.00895;0.00875;0.00723;0.00553;0.00595;0.00419;0.00360;0.00264;0.00195,
line-a-r01445,line-a,line-a-e26,33.2036330,-116.1503948,180.0,line-a-e27,33.2037924,-116.1502052,180.0,line-a-e31,33.2044299,-116.1494468,180.0,line-a-e32,33.2045893,-116.1492572,180.0,2026-08-17T19:39:00Z,dipole-dipole,4,8,1.699,470.9,184.384,5.990,0.00607,0.00111,0.00985;0.00827;0.00827;0.00739;0.00679;0.00588;0.00484;0.00405;0.00308;0.00212,
line-a-r01446,line-a,line-a-e26,33.2036330,-116.1503948,180.0,line-a-e27,33.2037924,-116.1502052,180.0,line-a-e31,33.2044299,-116.1494468,180.0,line-a-e32,33.2045893,-116.1492572,180.0,2026-08-17T19:39:12Z,dipole-dipole,4,3,1.915,417.7,198.742,8.091,0.00587,0.00087,0.00832;0.00788;0.00785;0.00674;0.00595;0.00556;0.00494;0.00389;0.00271;0.00193,
line-a-r01447,line-a,line-a-e26,33.2036330,-116.1503948,180.0,line-a-e27,33.2037924,-116.1502052,180.0,line-a-e31,33.2044299,-116.1494468,180.0,line-a-e32,33.2045893,-116.1492572,180.0,2026-08-17T19:39:24Z,dipole-dipole,4,6,2.000,390.4,190.413,6.662,0.00418,0.00084,0.00654;0.00641;0.00581;0.00521;0.00460;0.00381;0.00349;0.00286;0.00212;0.00166,
line-a-r01448,line-a,line-a-e26,33.2036330,-116.1503948,180.0,line-a-e27,33.2037924,-116.1502052,180.0,line-a-e31,33.2044299,-116.1494468,180.0,line-a-e32,33.2045893,-116.1492572,180.0,2026-08-17T19:39:36Z,dipole-dipole,4,6,2.000,344.7,201.370,7.949,0.00447,0.00108,0.00716;0.00583;0.00609;0.00537;0.00525;0.00456;0.00375;0.00295;0.00221;0.00172,
line-a-r01449,line-a,line-a-e26,33.2036330,-116.1503948,180.0,line-a-e27,33.2037924,-116.1502052,180.0,line-a-e31,33.2044299,-116.1494468,180.0,line-a-e32,33.2045893,-116.1492572,180.0,2026-08-17T19:39:48Z,dipole-dipole,4,6,1.689,473.7,201.214,9.361,0.00686,0.00110,0.01208;0.01011;0.00942;0.00890;0.00684;0.00702;0.00514;0.00418;0.00334;0.00235,
line-a-r01450,line-a,line-a-e26,33.2036330,-116.1503948,180.0,line-a-e27,33.2037924,-116.1502052,180.0,line-a-e32,33.2045893,-116.1492572,180.0,line-a-e33,33.2047487,-116.1490676,180.0,2026-08-17T19:40:00Z,dipole-dipole,5,4,1.601,499.7,209.073,8.975,0.00393,0.00132,0.00619;0.00617;0.00561;0.00505;0.00465;0.00344;0.00303;0.00254;0.00200;0.00146,
line-a-r01451,line-a,line-a-e26,33.2036330,-116.1503948,180.0,line-a-e27,33.2037924,-116.1502052,180.0,line-a-e32,33.2045893,-116.1492572,180.0,line-a-e33,33.2047487,-116.1490676,180.0,2026-08-17T19:40:12Z,dipole-dipole,5,7,2.000,372.2,209.073,8.109,0.00393,0.00085,0.00619;0.00617;0.00561;0.00505;0.00465;0.00344;0.00303;0.00254;0.00200;0.00146,
line-a-r01452,line-a,line-a-e26,33.2036330,-116.1503948,180.0,line-a-e27,33.2037924,-116.1502052,180.0,line-a-e32,33.2045893,-116.1492572,180.0,line-a-e33,33.2047487,-116.1490676,180.0,2026-08-17T19:40:24Z,dipole-dipole,5,3,1.501,533.1,209.073,7.202,0.00393,0.00123,0.00619;0.00617;0.00561;0.00505;0.00465;0.00344;0.00303;0.00254;0.00200;0.00146,
line-a-r01453,line-a,line-a-e26,33.2036330,-116.1503948,180.0,line-a-e27,33.2037924,-116.1502052,180.0,line-a-e32,33.2045893,-116.1492572,180.0,line-a-e33,33.2047487,-116.1490676,180.0,2026-08-17T19:40:36Z,dipole-dipole,5,6,2.000,303.5,209.073,6.484,0.00393,0.00117,0.00619;0.00617;0.00561;0.00505;0.00465;0.00344;0.00303;0.00254;0.00200;0.00146,
line-a-r01454,line-a,line-a-e26,33.2036330,-116.1503948,180.0,line-a-e27,33.2037924,-116.1502052,180.0,line-a-e32,33.2045893,-116.1492572,180.0,line-a-e33,33.2047487,-116.1490676,180.0,2026-08-17T19:40:48Z,dipole-dipole,5,8,2.000,381.6,209.073,4.947,0.00393,0.00094,0.00619;0.00617;0.00561;0.00505;0.00465;0.00344;0.00303;0.00254;0.00200;0.00146,
line-a-r01455,line-a,line-a-e26,33.2036330,-116.1503948,180.0,line-a-e27,33.2037924,-116.1502052,180.0,line-a-e32,33.2045893,-116.1492572,180.0,line-a-e33,33.2047487,-116.1490676,180.0,2026-08-17T19:41:00Z,dipole-dipole,5,3,2.000,372.2,209.073,8.230,0.00393,0.00110,0.00619;0.00617;0.00561;0.00505;0.00465;0.00344;0.00303;0.00254;0.00200;0.00146,
line-a-r01456,line-a,line-a-e26,33.2036330,-116.1503948,180.0,line-a-e27,33.2037924,-116.1502052,180.0,line-a-e33,33.2047487,-116.1490676,180.0,line-a-e34,33.2049081,-116.1488780,180.0,2026-08-17T19:41:12Z,dipole-dipole,6,8,2.000,389.7,204.190,5.037,0.00522,0.00105,0.00867;0.00815;0.00717;0.00615;0.00593;0.00548;0.00403;0.00332;0.00269;0.00196,
line-a-r01457,line-a,line-a-e26,33.2036330,-116.1503948,180.0,line-a-e27,33.2037924,-116.1502052,180.0,line-a-e33,33.2047487,-116.1490676,180.0,line-a-e34,33.2049081,-116.1488780,180.0,2026-08-17T19:41:24Z,dipole-dipole,6,3,1.565,511.1,184.728,8.292,0.00451,0.00112,0.00724;0.00633;0.00646;0.00539;0.00497;0.00417;0.00335;0.00274;0.00212;0.00165,
line-a-r01458,line-a,line-a-e26,33.2036330,-116.1503948,180.0,line-a-e27,33.2037924,-116.1502052,180.0,line-a-e33,33.2047487,-116.1490676,180.0,line-a-e34,33.2049081,-116.1488780,180.0,2026-08-17T19:41:36Z,dipole-dipole,6,3,2.000,355.5,196.012,7.367,0.00278,0.00119,0.00438;0.00413;0.00374;0.00400;0.00295;0.00260;0.00229;0.00193;0.00142;0.00093,
line-a-r01459,line-a,line-a-e26,33.2036330,-116.1503948,180.0,line-a-e27,33.2037924,-116.1502052,180.0,line-a-e33,33.2047487,-116.1490676,180.0,line-a-e34,33.2049081,-116.1488780,180.0,2026-08-17T19:41:48Z,dipole-dipole,6,5,1.454,550.2,204.609,7.858,0.00504,0.00097,0.00723;0.00784;0.00684;0.00597;0.00560;0.00474;0.00387;0.00333;0.00238;0.00183,
line-a-r01460,line-a,line-a-e26,33.2036330,-116.1503948,180.0,line-a-e27,33.2037924,-116.1502052,180.0,line-a-e33,33.2047487,-116.1490676,180.0,line-a-e34,33.2049081,-116.1488780,180.0,2026-08-17T19:42:00Z,dipole-dipole,6,6,2.000,378.0,193.985,6.190,0.00457,0.00138,0.00668;0.00749;0.00621;0.00579;0.00491;0.00404;0.00410;0.00281;0.00212;0.00150,
line-a-r01461,line-a,line-a-e26,33.2036330,-116.1503948,180.0,line-a-e27,33.2037924,-116.1502052,180.0,line-a-e33,33.2047487,-116.1490676,180.0,line-a-e34,33.2049081,-116.1488780,180.0,2026-08-17T19:42:12Z,dipole-dipole,6,5,1.969,406.2,209.970,9.078,0.00491,0.00113,0.00701;0.00718;0.00650;0.00591;0.00493;0.00450;0.00363;0.00317;0.00231;0.00186,
line-a-r01462,line-a,line-a-e26,33.2036330,-116.1503948,180.0,line-a-e27,33.2037924,-116.1502052,180.0,line-a-e33,33.2047487,-116.1490676,180.0,line-a-e34,33.2049081,-116.1488780,180.0,2026-08-17T19:42:24Z,dipole-dipole,6,4,2.000,359.1,194.838,9.508,0.00557,0.00103,0.00878;0.00793;0.00774;0.00722;0.00588;0.00525;0.00438;0.00323;0.00259;0.00184,
line-a-r01463,line-a,line-a-e26,33.2036330,-116.1503948,180.0,line-a-e27,33.2037924,-116.1502052,180.0,line-a-e33,33.2047487,-116.1490676,180.0,line-a-e34,33.2049081,-116.1488780,180.0,2026-08-17T19:42:36Z,dipole-dipole,6,4,2.000,325.3,198.025,6.872,0.00496,0.00126,0.00838;0.00727;0.00625;0.00629;0.00550;0.00482;0.00384;0.00330;0.00247;0.00195,
line-a-r01464,line-a,line-a-e26,33.2036330,-116.1503948,180.0,line-a-e27,33.2037924,-116.1502052,180.0,line-a-e34,33.2049081,-116.1488780,180.0,line-a-e35,33.2050675,-116.1486884,180.0,2026-08-17T19:42:48Z,dipole-dipole,7,6,1.888,423.8,197.480,8.524,0.00483,0.00083,0.00796;0.00773;0.00620;0.00604;0.00552;0.00457;0.00379;0.00322;0.00226;0.00161,
line-a-r01465,line-a,line-a-e26,33.2036330,-116.1503948,180.0,line-a-e27,33.2037924,-116.1502052,180.0,line-a-e34,33.2049081,-116.1488780,180.0,line-a-e35,33.2050675,-116.1486884,180.0,2026-08-17T19:43:00Z,dipole-dipole,7,3,2.000,316.0,196.563,7.719,0.00400,0.00089,0.00598;0.00595;0.00540;0.00510;0.00444;0.00358;0.00333;0.00236;0.00199;0.00147,
line-a-r01466,line-a,line-a-e26,33.2036330,-116.1503948,180.0,line-a-e27,33.2037924,-116.1502052,180.0,line-a-e34,33.2049081,-116.1488780,180.0,line-a-e35,33.2050675,-116.1486884,180.0,2026-08-17T19:43:12Z,dipole-dipole,7,3,1.670,478.9,189.132,5.294,0.00492,0.00113,0.00791;0.00786;0.00676;0.00571;0.00582;0.00490;0.00396;0.00333;0.00234;0.00176,
line-a-r01467,line-a,line-a-e26,33.2036330,-116.1503948,180.0,line-a-e27,33.2037924,-116.1502052,180.0,line-a-e34,33.2049081,-116.1488780,180.0,line-a-e35,33.2050675,-116.1486884,180.0,2026-08-17T19:43:24Z,dipole-dipole,7,8,1.809,442.1,187.809,7.526,0.00397,0.00112,0.00643;0.00629;0.00519;0.00501;0.00434;0.00370;0.00314;0.00265;0.00177;0.00134,
line-a-r01468,line-a,line-a-e26,33.2036330,-116.1503948,180.0,line-a-e27,33.2037924,-116.1502052,180.0,line-a-e34,33.2049081,-116.1488780,180.0,line-a-e35,33.2050675,-116.1486884,180.0,2026-08-17T19:43:36Z,dipole-dipole,7,5,1.592,502.6,197.191,8.242,0.00394,0.00098,0.00623;0.00607;0.00593;0.00455;0.00427;0.00373;0.00330;0.00251;0.00200;0.00142,
line-a-r01469,line-a,line-a-e26,33.2036330,-116.1503948,180.0,line-a-e27,33.2037924,-116.1502052,180.0,line-a-e34,33.2049081,-116.1488780,180.0,line-a-e35,33.2050675,-116.1486884,180.0,2026-08-17T19:43:48Z,dipole-dipole,7,5,1.923,416.1,202.283,8.962,0.00303,0.00088,0.00440;0.00511;0.00420;0.00382;0.00346;0.00320;0.00225;0.00203;0.00139;0.00104,
line-a-r01470,line-a,line-a-e26,33.2036330,-116.1503948,180.0,line-a-e27,33.2037924,-116.1502052,180.0,line-a-e35,33.2050675,-116.1486884,180.0,line-a-e36,33.2052269,-116.1484988,180.0,2026-08-17T19:44:00Z,dipole-dipole,8,8,1.898,421.4,206.537,9.383,0.00523,0.00113,0.00173;0.00272;0.00334;0.00428;0.00448;0.00594;0.00616;0.00742;0.00833;0.00871,
line-a-r01471,line-a,line-a-e26,33.2036330,-116.1503948,180.0,line-a-e27,33.2037924,-116.1502052,180.0,line-a-e35,33.2050675,-116.1486884,180.0,line-a-e36,33.2052269,-116.1484988,180.0,2026-08-17T19:44:12Z,dipole-dipole,8,7,2.000,390.5,218.508,7.351,0.00590,0.00085,0.00924;0.00869;0.00847;0.00696;0.00616;0.00581;0.00468;0.00395;0.00275;0.00215,
line-a-r01472,line-a,line-a-e26,33.2036330,-116.1503948,180.0,line-a-e27,33.2037924,-116.1502052,180.0,line-a-e35,33.2050675,-116.1486884,180.0,line-a-e36,33.2052269,-116.1484988,180.0,2026-08-17T19:44:24Z,dipole-dipole,8,7,1.774,450.9,198.729,6.585,0.00542,0.00107,0.00849;0.00841;0.00742;0.00713;0.00565;0.00479;0.00427;0.00348;0.00264;0.00203,
line-a-r01473,line-a,line-a-e26,33.2036330,-116.1503948,180.0,line-a-e27,33.2037924,-116.1502052,180.0,line-a-e35,33.2050675,-116.1486884,180.0,line-a-e36,33.2052269,-116.1484988,180.0,2026-08-17T19:44:36Z,dipole-dipole,8,8,1.714,466.7,200.227,8.150,0.00686,0.00093,0.00980;0.00919;0.00992;0.00843;0.00806;0.00621;0.00534;0.00417;0.00316;0.00233,
line-a-r01474,line-a,line-a-e26,33.2036330,-116.1503948,180.0,line-a-e27,33.2037924,-116.1502052,180.0,line-a-e35,33.2050675,-116.1486884,180.0,line-a-e36,33.2052269,-116.1484988,180.0,2026-08-17T19:44:48Z,dipole-dipole,8,8,1.943,411.6,195.027,7.869,0.00314,0.00111,0.00516;0.00485;0.00423;0.00365;0.00363;0.00304;0.00237;0.00195;0.00153;0.00129,
line-a-r01475,line-a,line-a-e26,33.2036330,-116.1503948,180.0,line-a-e27,33.2037924,-116.1502052,180.0,line-a-e35,33.2050675,-116.1486884,180.0,line-a-e36,33.2052269,-116.1484988,180.0,2026-08-17T19:45:00Z,dipole-dipole,8,3,2.000,338.5,198.661,8.367,0.00447,0.00126,0.00783;0.00655;0.00610;0.00522;0.00482;0.00431;0.00352;0.00311;0.00239;0.00159,
line-a-r01476,line-a,line-a-e26,33.2036330,-116.1503948,180.0,line-a-e27,33.2037924,-116.1502052,180.0,line-a-e35,33.2050675,-116.1486884,180.0,line-a-e36,33.2052269,-116.1484988,180.0,2026-08-17T19:45:12Z,dipole-dipole,8,5,1.961,408.0,208.649,6.585,0.00428,0.00100,0.00717;0.00686;0.00539;0.00508;0.00449;0.00447;0.00342;0.00271;0.00192;0.00162,
line-a-r01477,line-a,line-a-e26,33.2036330,-116.1503948,180.0,line-a-e27,33.2037924,-116.1502052,180.0,line-a-e35,33.2050675,-116.1486884,180.0,line-a-e36,33.2052269,-116.1484988,180.0,2026-08-17T19:45:24Z,dipole-dipole,8,7,2.000,360.2,199.239,9.138,0.00537,0.00087,0.00821;0.00748;0.00724;0.00562;0.00586;0.00589;0.00465;0.00308;0.00269;0.00198,
line-a-r01478,line-a,line-a-e27,33.2037924,-116.1502052,180.0,line-a-e28,33.2039518,-116.1500156,180.0,line-a-e30,33.2042705,-116.1496364,180.0,line-a-e31,33.2044299,-116.1494468,180.0,2026-08-17T19:45:36Z,dipole-dipole,2,5,2.000,373.6,202.712,7.073,0.00656,0.00116,0.01027;0.00942;0.00912;0.00767;0.00736;0.00611;0.00505;0.00415;0.00286;0.00251,
line-a-r01479,line-a,line-a-e27,33.2037924,-116.1502052,180.0,line-a-e28,33.2039518,-116.1500156,180.0,line-a-e30,33.2042705,-116.1496364,180.0,line-a-e31,33.2044299,-116.1494468,180.0,2026-08-17T19:45:48Z,dipole-dipole,2,4,2.000,355.2,200.828,601.408,0.00616,0.00107,0.01010;0.00912;0.00867;0.00758;0.00758;0.00551;0.00452;0.00392;0.00324;0.00225,
line-a-r01480,line-a,line-a-e27,33.2037924,-116.1502052,180.0,line-a-e28,33.2039518,-116.1500156,180.0,line-a-e30,33.2042705,-116.1496364,180.0,line-a-e31,33.2044299,-116.1494468,180.0,2026-08-17T19:46:00Z,dipole-dipole,2,3,1.725,463.7,182.640,6.342,0.00382,0.00100,0.00595;0.00567;0.00527;0.00509;0.00385;0.00381;0.00349;0.00238;0.00189;0.00133,
line-a-r01481,line-a,line-a-e27,33.2037924,-116.1502052,180.0,line-a-e28,33.2039518,-116.1500156,180.0,line-a-e30,33.2042705,-116.1496364,180.0,line-a-e31,33.2044299,-116.1494468,180.0,2026-08-17T19:46:12Z,dipole-dipole,2,4,1.881,425.4,195.039,7.361,0.00565,0.00094,0.00919;0.00899;0.00747;0.00793;0.00567;0.00572;0.00431;0.00341;0.00290;0.00212,
line-a-r01482,line-a,line-a-e27,33.2037924,-116.1502052,180.0,line-a-e28,33.2039518,-116.1500156,180.0,line-a-e30,33.2042705,-116.1496364,180.0,line-a-e31,33.2044299,-116.1494468,180.0,2026-08-17T19:46:24Z,dipole-dipole,2,4,1.519,526.7,203.487,8.348,0.00399,0.00107,0.00612;0.00695;0.00538;0.00496;0.00429;0.00391;0.00295;0.00238;0.00204;0.00137,
line-a-r01483,line-a,line-a-e27,33.2037924,-116.1502052,180.0,line-a-e28,33.2039518,-116.1500156,180.0,line-a-e30,33.2042705,-116.1496364,180.0,line-a-e31,33.2044299,-116.1494468,180.0,2026-08-17T19:46:36Z,dipole-dipole,2,8,2.000,373.5,216.616,8.042,0.00434,0.00103,0.00756;0.00614;0.00585;0.00559;0.00553;0.00463;0.00348;0.00268;0.00191;0.00152,
line-a-r01484,line-a,line-a-e27,33.2037924,-116.1502052,180.0,line-a-e28,33.2039518,-116.1500156,180.0,line-a-e31,33.2044299,-116.1494468,180.0,line-a-e32,33.2045893,-116.1492572,180.0,2026-08-17T19:46:48Z,dipole-dipole,3,8,1.958,408.5,206.128,8.422,0.00531,0.00124,0.00883;0.00812;0.00682;0.00695;0.00567;0.00504;0.00467;0.00321;0.00283;0.00201,
line-a-r01485,line-a,line-a-e27,33.2037924,-116.1502052,180.0,line-a-e28,33.2039518,-116.1500156,180.0,line-a-e31,33.2044299,-116.1494468,180.0,line-a-e32,33.2045893,-116.1492572,180.0,2026-08-17T19:47:00Z,dipole-dipole,3,6,1.628,491.5,198.886,7.199,0.00399,0.00105,0.00628;0.00603;0.00658;0.00440;0.00414;0.00385;0.00295;0.00269;0.00229;0.00137,
line-a-r01486,line-a,line-a-e27,33.2037924,-116.1502052,180.0,line-a-e28,33.2039518,-116.1500156,180.0,line-a-e31,33.2044299,-116.1494468,180.0,line-a-e32,33.2045893,-116.1492572,180.0,2026-08-17T19:47:12Z,dipole-dipole,3,3,1.343,595.7,206.794,7.557,0.00585,0.00098,0.00207;0.00299;0.00355;0.00472;0.00552;0.00642;0.00670;0.00805;0.00825;0.00899,
line-a-r01487,line-a,line-a-e27,33.2037924,-116.1502052,180.0,line-a-e28,33.2039518,-116.1500156,180.0,line-a-e31,33.2044299,-116.1494468,180.0,line-a-e32,33.2045893,-116.1492572,180.0,2026-08-17T19:47:24Z,dipole-dipole,3,6,1.755,455.8,203.425,4.757,0.00403,0.00093,0.00646;0.00579;0.00549;0.00561;0.00450;0.00328;0.00310;0.00257;0.00174;0.00153,
line-a-r01488,line-a,line-a-e27,33.2037924,-116.1502052,180.0,line-a-e28,33.2039518,-116.1500156,180.0,line-a-e31,33.2044299,-116.1494468,180.0,line-a-e32,33.2045893,-116.1492572,180.0,2026-08-17T19:47:36Z,dipole-dipole,3,6,1.987,402.6,208.101,8.145,0.00548,0.00088,0.00886;0.00832;0.00722;0.00692;0.00599;0.00507;0.00479;0.00379;0.00279;0.00199,
line-a-r01489,line-a,line-a-e27,33.2037924,-116.1502052,180.0,line-a-e28,33.2039518,-116.1500156,180.0,line-a-e31,33.2044299,-116.1494468,180.0,line-a-e32,33.2045893,-116.1492572,180.0,2026-08-17T19:47:48Z,dipole-dipole,3,6,1.507,530.7,197.649,9.872,0.00510,0.00143,0.00859;0.00776;0.00668;0.00618;0.00571;0.00465;0.00356;0.00307;0.00247;0.00179,
line-a-r01490,line-a,line-a-e27,33.2037924,-116.1502052,180.0,line-a-e28,33.2039518,-116.1500156,180.0,line-a-e31,33.2044299,-116.1494468,180.0,line-a-e32,33.2045893,-116.1492572,180.0,2026-08-17T19:48:00Z,dipole-dipole,3,4,1.745,458.4,198.763,6.304,0.00497,0.00117,0.00769;0.00708;0.00694;0.00622;0.00509;0.00487;0.00340;0.00345;0.00243;0.00162,
line-a-r01491,line-a,line-a-e27,33.2037924,-116.1502052,180.0,line-a-e28,33.2039518,-116.1500156,180.0,line-a-e31,33.2044299,-116.1494468,180.0,line-a-e32,33.2045893,-116.1492572,180.0,2026-08-17T19:48:12Z,dipole-dipole,3,8,1.455,549.8,202.639,7.539,0.00316,0.00096,0.00493;0.00452;0.00396;0.00418;0.00331;0.00283;0.00270;0.00196;0.00148;0.00102,
line-a-r01492,line-a,line-a-e27,33.2037924,-116.1502052,180.0,line-a-e28,33.2039518,-116.1500156,180.0,line-a-e32,33.2045893,-116.1492572,180.0,line-a-e33,33.2047487,-116.1490676,180.0,2026-08-17T19:48:24Z,dipole-dipole,4,3,1.729,462.7,194.767,8.363,0.00441,0.00097,0.00704;0.00684;0.00506;0.00509;0.00474;0.00453;0.00364;0.00313;0.00201;0.00147,
line-a-r01493,line-a,line-a-e27,33.2037924,-116.1502052,180.0,line-a-e28,33.2039518,-116.1500156,180.0,line-a-e32,33.2045893,-116.1492572,180.0,line-a-e33,33.2047487,-116.1490676,180.0,2026-08-17T19:48:36Z,dipole-dipole,4,6,2.000,352.8,200.540,6.908,0.00524,0.00127,0.00747;0.00790;0.00785;0.00709;0.00566;0.00525;0.00356;0.00338;0.00269;0.00186,
line-a-r01494,line-a,line-a-e27,33.2037924,-116.1502052,180.0,line-a-e28,33.2039518,-116.1500156,180.0,line-a-e32,33.2045893,-116.1492572,180.0,line-a-e33,33.2047487,-116.1490676,180.0,2026-08-17T19:48:48Z,dipole-dipole,4,6,2.000,389.2,193.034,8.067,0.00574,0.00088,0.00862;0.00725;0.00868;0.00733;0.00601;0.00549;0.00496;0.00339;0.00273;0.00187,
line-a-r01495,line-a,line-a-e27,33.2037924,-116.1502052,180.0,line-a-e28,33.2039518,-116.1500156,180.0,line-a-e32,33.2045893,-116.1492572,180.0,line-a-e33,33.2047487,-116.1490676,180.0,2026-08-17T19:49:00Z,dipole-dipole,4,6,1.915,417.7,197.708,8.848,0.00465,0.00090,0.00791;0.00685;0.00587;0.00551;0.00506;0.00438;0.00343;0.00301;0.00216;0.00156,
line-a-r01496,line-a,line-a-e27,33.2037924,-116.1502052,180.0,line-a-e28,33.2039518,-116.1500156,180.0,line-a-e32,33.2045893,-116.1492572,180.0,line-a-e33,33.2047487,-116.1490676,180.0,2026-08-17T19:49:12Z,dipole-dipole,4,6,1.680,476.2,196.393,8.210,0.00269,0.00139,0.00439;0.00418;0.00358;0.00325;0.00310;0.00257;0.00201;0.00176;0.00127;0.00107,
line-a-r01497,line-a,line-a-e27,33.2037924,-116.1502052,180.0,line-a-e28,33.2039518,-116.1500156,180.0,line-a-e32,33.2045893,-116.1492572,180.0,line-a-e33,33.2047487,-116.1490676,180.0,2026-08-17T19:49:24Z,dipole-dipole,4,3,1.961,407.9,196.921,9.803,0.00347,0.00117,0.00559;0.00526;0.00477;0.00428;0.00395;0.00331;0.00315;0.00214;0.00165;0.00118,
line-a-r01498,line-a,line-a-e27,33.2037924,-116.1502052,180.0,line-a-e28,33.2039518,-116.1500156,180.0,line-a-e32,33.2045893,-116.1492572,180.0,line-a-e33,33.2047487,-116.1490676,180.0,2026-08-17T19:49:36Z,dipole-dipole,4,4,1.698,471.3,211.618,8.575,0.00472,0.00084,0.00735;0.00659;0.00678;0.00586;0.00495;0.00436;0.00401;0.00307;0.00246;0.00184,
line-a-r01499,line-a,line-a-e27,33.2037924,-116.1502052,180.0,line-a-e28,33.2039518,-116.1500156,180.0,line-a-e32,33.2045893,-116.1492572,180.0,line-a-e33,33.2047487,-116.1490676,180.0,2026-08-17T19:49:48Z,dipole-dipole,4,7,2.000,372.8,201.904,6.305,0.00393,0.00108,0.00689;0.00561;0.00528;0.00481;0.00436;0.00369;0.00316;0.00260;0.00174;0.00149,
line-a-r01500,line-a,line-a-e27,33.2037924,-116.1502052,180.0,line-a-e28,33.2039518,-116.1500156,180.0,line-a-e33,33.2047487,-116.1490676,180.0,line-a-e34,33.2049081,-116.1488780,180.0,2026-08-17T19:50:00Z,dipole-dipole,5,4,2.000,393.7,204.394,8.903,0.00465,0.00083,0.00655;0.00736;0.00652;0.00597;0.00515;0.00438;0.00399;0.00296;0.00218;0.00165,
line-a-r01501,line-a,line-a-e27,33.2037924,-116.1502052,180.0,line-a-e28,33.2039518,-116.1500156,180.0,line-a-e33,33.2047487,-116.1490676,180.0,line-a-e34,33.2049081,-116.1488780,180.0,2026-08-17T19:50:12Z,dipole-dipole,5,6,1.382,578.7,208.968,7.003,0.00674,0.00106,0.01007;0.00963;0.00854;0.00891;0.00772;0.00602;0.00533;0.00401;0.00297;0.00218,
line-a-r01502,line-a,line-a-e27,33.2037924,-116.1502052,180.0,line-a-e28,33.2039518,-116.1500156,180.0,line-a-e33,33.2047487,-116.1490676,180.0,line-a-e34,33.2049081,-116.1488780,180.0,2026-08-17T19:50:24Z,dipole-dipole,5,5,1.884,424.6,188.064,7.395,0.00565,0.00090,0.00994;0.00860;0.00751;0.00692;0.00606;0.00563;0.00471;0.00342;0.00265;0.00204,
line-a-r01503,line-a,line-a-e27,33.2037924,-116.1502052,180.0,line-a-e28,33.2039518,-116.1500156,180.0,line-a-e33,33.2047487,-116.1490676,180.0,line-a-e34,33.2049081,-116.1488780,180.0,2026-08-17T19:50:36Z,dipole-dipole,5,6,1.858,430.6,208.008,7.149,0.00541,0.00092,0.00850;0.00751;0.00689;0.00715;0.00578;0.00510;0.00391;0.00365;0.00244;0.00179,
line-a-r01504,line-a,line-a-e27,33.2037924,-116.1502052,180.0,line-a-e28,33.2039518,-116.1500156,180.0,line-a-e33,33.2047487,-116.1490676,180.0,line-a-e34,33.2049081,-116.1488780,180.0,2026-08-17T19:50:48Z,dipole-dipole,5,7,2.000,338.8,207.574,7.469,0.00539,0.00120,0.00827;0.00753;0.00754;0.00608;0.00539;0.00532;0.00487;0.00351;0.00269;0.00209,
line-a-r01505,line-a,line-a-e27,33.2037924,-116.1502052,180.0,line-a-e28,33.2039518,-116.1500156,180.0,line-a-e33,33.2047487,-116.1490676,180.0,line-a-e34,33.2049081,-116.1488780,180.0,2026-08-17T19:51:00Z,dipole-dipole,5,8,1.757,455.4,195.228,9.497,0.00585,0.00101,0.00972;0.00823;0.00820;0.00758;0.00661;0.00527;0.00515;0.00368;0.00337;0.00211,
line-a-r01506,line-a,line-a-e27,33.2037924,-116.1502052,180.0,line-a-e28,33.2039518,-116.1500156,180.0,line-a-e33,33.2047487,-116.1490676,180.0,line-a-e34,33.2049081,-116.1488780,180.0,2026-08-17T19:51:12Z,dipole-dipole,5,3,1.736,461.0,181.774,8.936,0.00494,0.00114,0.00766;0.00666;0.00652;0.00533;0.00538;0.00459;0.00351;0.00314;0.00252;0.00177,
line-a-r01507,line-a,line-a-e27,33.2037924,-116.1502052,180.0,line-a-e28,33.2039518,-116.1500156,180.0,line-a-e33,33.2047487,-116.1490676,180.0,line-a-e34,33.2049081,-116.1488780,180.0,2026-08-17T19:51:24Z,dipole-dipole,5,7,1.739,460.1,206.608,6.335,0.00488,0.00130,0.00745;0.00718;0.00644;0.00604;0.00542;0.00475;0.00385;0.00290;0.00214;0.00165,
line-a-r01508,line-a,line-a-e27,33.2037924,-116.1502052,180.0,line-a-e28,33.2039518,-116.1500156,180.0,line-a-e34,33.2049081,-116.1488780,180.0,line-a-e35,33.2050675,-116.1486884,180.0,2026-08-17T19:51:36Z,dipole-dipole,6,6,1.578,507.1,195.042,8.497,0.00412,0.00133,0.00621;0.00557;0.00497;0.00480;0.00482;0.00349;0.00307;0.00258;0.00210;0.00155,
line-a-r01509,line-a,line-a-e27,33.2037924,-116.1502052,180.0,line-a-e28,33.2039518,-116.1500156,180.0,line-a-e34,33.2049081,-116.1488780,180.0,line-a-e35,33.2050675,-116.1486884,180.0,2026-08-17T19:51:48Z,dipole-dipole,6,4,2.000,360.2,196.389,7.010,0.00507,0.00101,0.00743;0.00704;0.00747;0.00634;0.00612;0.00482;0.00407;0.00323;0.00249;0.00182,
line-a-r01510,line-a,line-a-e27,33.2037924,-116.1502052,180.0,line-a-e28,33.2039518,-116.1500156,180.0,line-a-e34,33.2049081,-116.1488780,180.0,line-a-e35,33.2050675,-116.1486884,180.0,2026-08-17T19:52:00Z,dipole-dipole,6,7,2.000,398.3,200.706,5.493,0.00456,0.00097,0.00700;0.00650;0.00646;0.00467;0.00471;0.00423;0.00371;0.00297;0.00216;0.00147,
line-a-r01511,line-a,line-a-e27,33.2037924,-116.1502052,180.0,line-a-e28,33.2039518,-116.1500156,180.0,line-a-e34,33.2049081,-116.1488780,180.0,line-a-e35,33.2050675,-116.1486884,180.0,2026-08-17T19:52:12Z,dipole-dipole,6,6,2.000,397.4,194.091,7.545,0.00486,0.00112,0.00772;0.00742;0.00713;0.00700;0.00531;0.00467;0.00395;0.00318;0.00230;0.00187,
line-a-r01512,line-a,line-a-e27,33.2037924,-116.1502052,180.0,line-a-e28,33.2039518,-116.1500156,180.0,line-a-e34,33.2049081,-116.1488780,180.0,line-a-e35,33.2050675,-116.1486884,180.0,2026-08-17T19:52:24Z,dipole-dipole,6,3,2.000,385.8,209.396,8.364,0.00533,0.00099,0.00896;0.00768;0.00777;0.00650;0.00572;0.00466;0.00419;0.00356;0.00311;0.00180,
line-a-r01513,line-a,line-a-e27,33.2037924,-116.1502052,180.0,line-a-e28,33.2039518,-116.1500156,180.0,line-a-e34,33.2049081,-116.1488780,180.0,line-a-e35,33.2050675,-116.1486884,180.0,2026-08-17T19:52:36Z,dipole-dipole,6,5,1.832,436.6,198.834,7.705,0.00594,0.00117,0.00814;0.00900;0.00852;0.00751;0.00618;0.00502;0.00484;0.00367;0.00303;0.00204,
line-a-r01514,line-a,line-a-e27,33.2037924,-116.1502052,180.0,line-a-e28,33.2039518,-116.1500156,180.0,line-a-e35,33.2050675,-116.1486884,180.0,line-a-e36,33.2052269,-116.1484988,180.0,2026-08-17T19:52:48Z,dipole-dipole,7,5,1.470,544.1,206.481,7.105,0.00483,0.00108,0.00801;0.00704;0.00692;0.00588;0.00578;0.00452;0.00378;0.00307;0.00222;0.00176,
line-a-r01515,line-a,line-a-e27,33.2037924,-116.1502052,180.0,line-a-e28,33.2039518,-116.1500156,180.0,line-a-e35,33.2050675,-116.1486884,180.0,line-a-e36,33.2052269,-116.1484988,180.0,2026-08-17T19:53:00Z,dipole-dipole,7,3,1.789,447.2,207.861,5.950,0.00542,0.00078,0.00892;0.00851;0.00692;0.00693;0.00558;0.00505;0.00502;0.00372;0.00273;0.00176,
line-a-r01516,line-a,line-a-e27,33.2037924,-116.1502052,180.0,line-a-e28,33.2039518,-116.1500156,180.0,line-a-e35,33.2050675,-116.1486884,180.0,line-a-e36,33.2052269,-116.1484988,180.0,2026-08-17T19:53:12Z,dipole-dipole,7,6,1.730,462.4,210.770,5.913,0.00543,0.00101,0.00854;0.00833;0.00740;0.00677;0.00592;0.00565;0.00401;0.00353;0.00247;0.00200,
line-a-r01517,line-a,line-a-e27,33.2037924,-116.1502052,180.0,line-a-e28,33.2039518,-116.1500156,180.0,line-a-e35,33.2050675,-116.1486884,180.0,line-a-e36,33.2052269,-116.1484988,180.0,2026-08-17T19:53:24Z,dipole-dipole,7,6,1.655,483.5,212.060,9.928,0.00488,0.00142,0.00752;0.00696;0.00611;0.00616;0.00515;0.00445;0.00378;0.00292;0.00250;0.00159,
line-a-r01518,line-a,line-a-e27,33.2037924,-116.1502052,180.0,line-a-e28,33.2039518,-116.1500156,180.0,line-a-e35,33.2050675,-116.1486884,180.0,line-a-e36,33.2052269,-116.1484988,180.0,2026-08-17T19:53:36Z,dipole-dipole,7,4,1.853,431.7,204.087,7.545,0.00569,0.00073,0.00909;0.00764;0.00855;0.00675;0.00728;0.00487;0.00476;0.00384;0.00307;0.00221,
line-a-r01519,line-a,line-a-e27,33.2037924,-116.1502052,180.0,line-a-e28,33.2039518,-116.1500156,180.0,line-a-e35,33.2050675,-116.1486884,180.0,line-a-e36,33.2052269,-116.1484988,180.0,2026-08-17T19:53:48Z,dipole-dipole,7,3,2.000,350.1,195.853,6.514,0.00444,0.00112,0.00698;0.00667;0.00674;0.00546;0.00473;0.00400;0.00382;0.00315;0.00210;0.00168,
line-a-r01520,line-a,line-a-e27,33.2037924,-116.1502052,180.0,line-a-e28,33.2039518,-116.1500156,180.0,line-a-e35,33.2050675,-116.1486884,180.0,line-a-e36,33.2052269,-116.1484988,180.0,2026-08-17T19:54:00Z,dipole-dipole,7,6,1.829,437.3,206.761,7.381,0.00393,0.00131,0.00541;0.00573;0.00522;0.00500;0.00412;0.00356;0.00324;0.00239;0.00201;0.00133,
line-a-r01521,line-a,line-a-e27,33.2037924,-116.1502052,180.0,line-a-e28,33.2039518,-116.1500156,180.0,line-a-e35,33.2050675,-116.1486884,180.0,line-a-e36,33.2052269,-116.1484988,180.0,2026-08-17T19:54:12Z,dipole-dipole,7,3,1.648,485.6,200.379,7.045,0.00692,0.00075,0.01035;0.00998;0.00951;0.00818;0.00795;0.00684;0.00574;0.00448;0.00331;0.00230,
line-a-r01522,line-a,line-a-e27,33.2037924,-116.1502052,180.0,line-a-e28,33.2039518,-116.1500156,180.0,line-a-e36,33.2052269,-116.1484988,180.0,line-a-e37,33.2053863,-116.1483092,180.0,2026-08-17T19:54:24Z,dipole-dipole,8,3,1.883,424.8,212.682,7.885,0.00418,0.00120,0.00732;0.00655;0.00588;0.00488;0.00481;0.00391;0.00317;0.00270;0.00213;0.00137,
line-a-r01523,line-a,line-a-e27,33.2037924,-116.1502052,180.0,line-a-e28,33.2039518,-116.1500156,180.0,line-a-e36,33.2052269,-116.1484988,180.0,line-a-e37,33.2053863,-116.1483092,180.0,2026-08-17T19:54:36Z,dipole-dipole,8,8,2.000,292.4,207.512,7.171,0.00372,0.00096,0.00621;0.00557;0.00500;0.00479;0.00381;0.00348;0.00296;0.00254;0.00171;0.00133,
line-a-r01524,line-a,line-a-e27,33.2037924,-116.1502052,180.0,line-a-e28,33.2039518,-116.1500156,180.0,line-a-e36,33.2052269,-116.1484988,180.0,line-a-e37,33.2053863,-116.1483092,180.0,2026-08-17T19:54:48Z,dipole-dipole,8,5,1.628,491.3,205.246,7.924,0.00504,0.00108,0.00812;0.00783;0.00646;0.00651;0.00552;0.00469;0.00441;0.00343;0.00274;0.00179,
line-a-r01525,line-a,line-a-e27,33.2037924,-116.1502052,180.0,line-a-e28,33.2039518,-116.1500156,180.0,line-a-e36,33.2052269,-116.1484988,180.0,line-a-e37,33.2053863,-116.1483092,180.0,2026-08-17T19:55:00Z,dipole-dipole,8,5,1.818,440.0,199.076,6.496,0.00364,0.00094,0.00622;0.00551;0.00511;0.00418;0.00392;0.00353;0.00285;0.00214;0.00184;0.00143,
line-a-r01526,line-a,line-a-e27,33.2037924,-116.1502052,180.0,line-a-e28,33.2039518,-116.1500156,180.0,line-a-e36,33.2052269,-116.1484988,180.0,line-a-e37,33.2053863,-116.1483092,180.0,2026-08-17T19:55:12Z,dipole-dipole,8,4,1.601,499.6,197.826,6.954,0.00633,0.00086,0.01006;0.00943;0.00948;0.00845;0.00724;0.00681;0.00527;0.00392;0.00303;0.00219,
line-a-r01527,line-a,line-a-e27,33.2037924,-116.1502052,180.0,line-a-e28,33.2039518,-116.1500156,180.0,line-a-e36,33.2052269,-116.1484988,180.0,line-a-e37,33.2053863,-116.1483092,180.0,2026-08-17T19:55:24Z,dipole-dipole,8,4,2.000,374.0,206.266,7.292,0.00546,0.00109,0.00871;0.00884;0.00716;0.00741;0.00571;0.00536;0.00439;0.00365;0.00277;0.00198,
line-a-r01528,line-a,line-a-e28,33.2039518,-116.1500156,180.0,line-a-e29,33.2041112,-116.1498260,180.0,line-a-e30,33.2042705,-116.1496364,180.0,line-a-e31,33.2044299,-116.1494468,180.0,2026-08-17T19:55:36Z,dipole-dipole,1,8,1.829,437.3,206.847,7.531,0.00387,0.00099,0.00693;0.00532;0.00532;0.00557;0.00499;0.00344;0.00329;0.00250;0.00190;0.00136,
line-a-r01529,line-a,line-a-e28,33.2039518,-116.1500156,180.0,line-a-e29,33.2041112,-116.1498260,180.0,line-a-e30,33.2042705,-116.1496364,180.0,line-a-e31,33.2044299,-116.1494468,180.0,2026-08-17T19:55:48Z,dipole-dipole,1,5,1.920,416.6,215.621,6.747,0.00406,0.00093,0.00627;0.00603;0.00565;0.00540;0.00448;0.00388;0.00295;0.00265;0.00210;0.00143,
line-a-r01530,line-a,line-a-e28,33.2039518,-116.1500156,180.0,line-a-e29,33.2041112,-116.1498260,180.0,line-a-e30,33.2042705,-116.1496364,180.0,line-a-e31,33.2044299,-116.1494468,180.0,2026-08-17T19:56:00Z,dipole-dipole,1,5,1.560,512.7,199.058,8.582,0.00592,0.00094,0.00975;0.00931;0.00862;0.00750;0.00688;0.00594;0.00492;0.00393;0.00320;0.00206,
line-a-r01531,line-a,line-a-e28,33.2039518,-116.1500156,180.0,line-a-e29,33.2041112,-116.1498260,180.0,line-a-e30,33.2042705,-116.1496364,180.0,line-a-e31,33.2044299,-116.1494468,180.0,2026-08-17T19:56:12Z,dipole-dipole,1,4,2.000,383.6,207.028,6.826,0.00370,0.00131,0.00574;0.00582;0.00511;0.00475;0.00391;0.00360;0.00338;0.00219;0.00169;0.00117,
line-a-r01532,line-a,line-a-e28,33.2039518,-116.1500156,180.0,line-a-e29,33.2041112,-116.1498260,180.0,line-a-e30,33.2042705,-116.1496364,180.0,line-a-e31,33.2044299,-116.1494468,180.0,2026-08-17T19:56:24Z,dipole-dipole,1,7,1.938,412.9,204.193,9.664,0.00563,0.00112,0.00840;0.00894;0.00741;0.00730;0.00644;0.00539;0.00449;0.00357;0.00286;0.00196,
line-a-r01533,line-a,line-a-e28,33.2039518,-116.1500156,180.0,line-a-e29,33.2041112,-116.1498260,180.0,line-a-e30,33.2042705,-116.1496364,180.0,line-a-e31,33.2044299,-116.1494468,180.0,2026-08-17T19:56:36Z,dipole-dipole,1,4,1.763,453.7,199.552,7.366,0.00528,0.00095,0.00829;0.00795;0.00749;0.00695;0.00627;0.00515;0.00396;0.00337;0.00245;0.00175,
line-a-r01534,line-a,line-a-e28,33.2039518,-116.1500156,180.0,line-a-e29,33.2041112,-116.1498260,180.0,line-a-e30,33.2042705,-116.1496364,180.0,line-a-e31,33.2044299,-116.1494468,180.0,2026-08-17T19:56:48Z,dipole-dipole,1,3,1.697,471.3,207.679,7.636,0.00487,0.00092,0.00784;0.00758;0.00634;0.00593;0.00516;0.00484;0.00424;0.00310;0.00249;0.00173,
line-a-r01535,line-a,line-a-e28,33.2039518,-116.1500156,180.0,line-a-e29,33.2041112,-116.1498260,180.0,line-a-e30,33.2042705,-116.1496364,180.0,line-a-e31,33.2044299,-116.1494468,180.0,2026-08-17T19:57:00Z,dipole-dipole,1,5,1.990,402.0,214.003,8.067,0.00582,0.00100,0.01013;0.00887;0.00811;0.00659;0.00671;0.00549;0.00454;0.00426;0.00251;0.00215,
line-a-r01536,line-a,line-a-e28,33.2039518,-116.1500156,180.0,line-a-e29,33.2041112,-116.1498260,180.0,line-a-e31,33.2044299,-116.1494468,180.0,line-a-e32,33.2045893,-116.1492572,180.0,2026-08-17T19:57:12Z,dipole-dipole,2,7,1.918,417.1,198.059,8.480,0.00617,0.00124,0.00965;0.00992;0.00904;0.00724;0.00674;0.00626;0.00484;0.00366;0.00279;0.00214,
line-a-r01537,line-a,line-a-e28,33.2039518,-116.1500156,180.0,line-a-e29,33.2041112,-116.1498260,180.0,line-a-e31,33.2044299,-116.1494468,180.0,line-a-e32,33.2045893,-116.1492572,180.0,2026-08-17T19:57:24Z,dipole-dipole,2,8,1.641,487.4,205.419,6.907,0.00321,0.00095,0.00475;0.00501;0.00459;0.00404;0.00395;0.00294;0.00247;0.00193;0.00150;0.00109,
line-a-r01538,line-a,line-a-e28,33.2039518,-116.1500156,180.0,line-a-e29,33.2041112,-116.1498260,180.0,line-a-e31,33.2044299,-116.1494468,180.0,line-a-e32,33.2045893,-116.1492572,180.0,2026-08-17T19:57:36Z,dipole-dipole,2,8,1.515,528.1,208.218,7.303,0.00398,0.00106,0.00637;0.00598;0.00556;0.00541;0.00406;0.00374;0.00326;0.00240;0.00182;0.00138,
line-a-r01539,line-a,line-a-e28,33.2039518,-116.1500156,180.0,line-a-e29,33.2041112,-116.1498260,180.0,line-a-e31,33.2044299,-116.1494468,180.0,line-a-e32,33.2045893,-116.1492572,180.0,2026-08-17T19:57:48Z,dipole-dipole,2,7,2.000,399.8,201.056,7.119,0.00191,0.00103,0.00289;0.00268;0.00241;0.00246;0.00209;0.00181;0.00148;0.00130;0.00090;0.00068,
line-a-r01540,line-a,line-a-e28,33.2039518,-116.1500156,180.0,line-a-e29,33.2041112,-116.1498260,180.0,line-a-e31,33.2044299,-116.1494468,180.0,line-a-e32,33.2045893,-116.1492572,180.0,2026-08-17T19:58:00Z,dipole-dipole,2,5,1.459,548.5,194.414,9.405,0.00398,0.00129,0.00632;0.00621;0.00576;0.00545;0.00422;0.00357;0.00304;0.00249;0.00203;0.00137,
line-a-r01541,line-a,line-a-e28,33.2039518,-116.1500156,180.0,line-a-e29,33.2041112,-116.1498260,180.0,line-a-e31,33.2044299,-116.1494468,180.0,line-a-e32,33.2045893,-116.1492572,180.0,2026-08-17T19:58:12Z,dipole-dipole,2,8,1.468,545.1,203.727,5.733,0.00558,0.00140,0.00853;0.00752;0.00758;0.00677;0.00661;0.00522;0.00468;0.00342;0.00257;0.00181,
line-a-r01542,line-a,line-a-e28,33.2039518,-116.1500156,180.0,line-a-e29,33.2041112,-116.1498260,180.0,line-a-e31,33.2044299,-116.1494468,180.0,line-a-e32,33.2045893,-116.1492572,180.0,2026-08-17T19:58:24Z,dipole-dipole,2,6,2.000,349.3,195.049,10.060,0.00522,0.00106,0.00909;0.00715;0.00682;0.00675;0.00590;0.00473;0.00406;0.00313;0.00280;0.00204,
line-a-r01543,line-a,line-a-e28,33.2039518,-116.1500156,180.0,line-a-e29,33.2041112,-116.1498260,180.0,line-a-e31,33.2044299,-116.1494468,180.0,line-a-e32,33.2045893,-116.1492572,180.0,2026-08-17T19:58:36Z,dipole-dipole,2,8,1.747,458.0,203.175,8.861,0.00310,0.00142,0.00551;0.00468;0.00443;0.00368;0.00342;0.00355;0.00264;0.00200;0.00143;0.00111,
line-a-r01544,line-a,line-a-e28,33.2039518,-116.1500156,180.0,line-a-e29,33.2041112,-116.1498260,180.0,line-a-e32,33.2045893,-116.1492572,180.0,line-a-e33,33.2047487,-116.1490676,180.0,2026-08-17T19:58:48Z,dipole-dipole,3,3,1.697,471.3,196.827,8.250,0.00549,0.00132,0.00907;0.00833;0.00734;0.00764;0.00638;0.00467;0.00434;0.00351;0.00281;0.00197,
line-a-r01545,line-a,line-a-e28,33.2039518,-116.1500156,180.0,line-a-e29,33.2041112,-116.1498260,180.0,line-a-e32,33.2045893,-116.1492572,180.0,line-a-e33,33.2047487,-116.1490676,180.0,2026-08-17T19:59:00Z,dipole-dipole,3,8,1.991,401.9,211.647,9.186,0.00436,0.00101,0.00652;0.00682;0.00657;0.00536;0.00496;0.00452;0.00355;0.00276;0.00209;0.00160,
line-a-r01546,line-a,line-a-e28,33.2039518,-116.1500156,180.0,line-a-e29,33.2041112,-116.1498260,180.0,line-a-e32,33.2045893,-116.1492572,180.0,line-a-e33,33.2047487,-116.1490676,180.0,2026-08-17T19:59:12Z,dipole-dipole,3,8,1.935,413.5,194.999,8.133,0.00422,0.00121,0.00710;0.00610;0.00564;0.00552;0.00449;0.00397;0.00334;0.00255;0.00202;0.00146,
line-a-r01547,line-a,line-a-e28,33.2039518,-116.1500156,180.0,line-a-e29,33.2041112,-116.1498260,180.0,line-a-e32,33.2045893,-116.1492572,180.0,line-a-e33,33.2047487,-116.1490676,180.0,2026-08-17T19:59:24Z,dipole-dipole,3,8,1.700,470.6,193.294,7.822,0.00490,0.00101,0.00829;0.00761;0.00697;0.00578;0.00533;0.00427;0.00389;0.00297;0.00245;0.00167,
line-a-r01548,line-a,line-a-e28,33.2039518,-116.1500156,180.0,line-a-e29,33.2041112,-116.1498260,180.0,line-a-e32,33.2045893,-116.1492572,180.0,line-a-e33,33.2047487,-116.1490676,180.0,2026-08-17T19:59:36Z,dipole-dipole,3,3,2.000,371.6,202.436,7.578,0.00487,0.00110,0.00817;0.00641;0.00676;0.00673;0.00525;0.00517;0.00392;0.00299;0.00228;0.00157,
line-a-r01549,line-a,line-a-e28,33.2039518,-116.1500156,180.0,line-a-e29,33.2041112,-116.1498260,180.0,line-a-e32,33.2045893,-116.1492572,180.0,line-a-e33,33.2047487,-116.1490676,180.0,2026-08-17T19:59:48Z,dipole-dipole,3,8,1.560,513.0,184.895,8.257,0.00332,0.00109,0.00520;0.00498;0.00457;0.00441;0.00350;0.00329;0.00272;0.00204;0.00164;0.00108,
line-a-r01550,line-a,line-a-e28,33.2039518,-116.1500156,180.0,line-a-e29,33.2041112,-116.1498260,180.0,line-a-e33,33.2047487,-116.1490676,180.0,line-a-e34,33.2049081,-116.1488780,180.0,2026-08-17T20:00:00Z,dipole-dipole,4,4,1.988,402.5,196.188,7.291,0.00390,0.00110,0.00603;0.00491;0.00499;0.00530;0.00408;0.00402;0.00291;0.00243;0.00191;0.00127,
line-a-r01551,line-a,line-a-e28,33.2039518,-116.1500156,180.0,line-a-e29,33.2041112,-116.1498260,180.0,line-a-e33,33.2047487,-116.1490676,180.0,line-a-e34,33.2049081,-116.1488780,180.0,2026-08-17T20:00:12Z,dipole-dipole,4,4,1.845,433.7,205.915,7.966,0.00169,0.00109,0.00267;0.00247;0.00239;0.00198;0.00178;0.00163;0.00118;0.00102;0.00077;0.00060,
line-a-r01552,line-a,line-a-e28,33.2039518,-116.1500156,180.0,line-a-e29,33.2041112,-116.1498260,180.0,line-a-e33,33.2047487,-116.1490676,180.0,line-a-e34,33.2049081,-116.1488780,180.0,2026-08-17T20:00:24Z,dipole-dipole,4,8,2.000,322.2,194.173,8.327,0.00374,0.00122,0.00570;0.00557;0.00518;0.00478;0.00386;0.00380;0.00287;0.00233;0.00158;0.00122,
line-a-r01553,line-a,line-a-e28,33.2039518,-116.1500156,180.0,line-a-e29,33.2041112,-116.1498260,180.0,line-a-e33,33.2047487,-116.1490676,180.0,line-a-e34,33.2049081,-116.1488780,180.0,2026-08-17T20:00:36Z,dipole-dipole,4,6,2.000,352.1,198.345,6.036,0.00560,0.00086,0.00885;0.00813;0.00770;0.00717;0.00620;0.00571;0.00415;0.00354;0.00304;0.00203,
line-a-r01554,line-a,line-a-e28,33.2039518,-116.1500156,180.0,line-a-e29,33.2041112,-116.1498260,180.0,line-a-e33,33.2047487,-116.1490676,180.0,line-a-e34,33.2049081,-116.1488780,180.0,2026-08-17T20:00:48Z,dipole-dipole,4,8,1.731,462.3,200.802,8.234,0.00393,0.00121,0.00582;0.00548;0.00547;0.00431;0.00394;0.00387;0.00305;0.00263;0.00180;0.00147,
line-a-r01555,line-a,line-a-e28,33.2039518,-116.1500156,180.0,line-a-e29,33.2041112,-116.1498260,180.0,line-a-e33,33.2047487,-116.1490676,180.0,line-a-e34,33.2049081,-116.1488780,180.0,2026-08-17T20:01:00Z,dipole-dipole,4,6,1.950,410.3,197.003,7.057,0.00489,0.00120,0.00755;0.00745;0.00726;0.00625;0.00511;0.00471;0.00372;0.00339;0.00232;0.00165,
line-a-r01556,line-a,line-a-e28,33.2039518,-116.1500156,180.0,line-a-e29,33.2041112,-116.1498260,180.0,line-a-e33,33.2047487,-116.1490676,180.0,line-a-e34,33.2049081,-116.1488780,180.0,2026-08-17T20:01:12Z,dipole-dipole,4,3,1.615,495.2,205.390,5.836,0.00570,0.00105,0.00867;0.00824;0.00760;0.00703;0.00568;0.00551;0.00467;0.00395;0.00280;0.00209,
line-a-r01557,line-a,line-a-e28,33.2039518,-116.1500156,180.0,line-a-e29,33.2041112,-116.1498260,180.0,line-a-e33,33.2047487,-116.1490676,180.0,line-a-e34,33.2049081,-116.1488780,180.0,2026-08-17T20:01:24Z,dipole-dipole,4,3,1.770,451.9,196.902,7.549,0.00586,0.00106,0.00915;0.00820;0.00917;0.00783;0.00728;0.00546;0.00467;0.00377;0.00293;0.00207,
line-a-r01558,line-a,line-a-e28,33.2039518,-116.1500156,180.0,line-a-e29,33.2041112,-116.1498260,180.0,line-a-e34,33.2049081,-116.1488780,180.0,line-a-e35,33.2050675,-116.1486884,180.0,2026-08-17T20:01:36Z,dipole-dipole,5,3,1.434,557.9,-118.899,10.246,0.00462,0.00117,0.00799;0.00636;0.00570;0.00602;0.00492;0.00392;0.00388;0.00324;0.00234;0.00173,
line-a-r01559,line-a,line-a-e28,33.2039518,-116.1500156,180.0,line-a-e29,33.2041112,-116.1498260,180.0,line-a-e34,33.2049081,-116.1488780,180.0,line-a-e35,33.2050675,-116.1486884,180.0,2026-08-17T20:01:48Z,dipole-dipole,5,8,1.349,593.2,190.619,8.085,0.00516,0.00143,0.00833;0.00769;0.00747;0.00612;0.00510;0.00494;0.00417;0.00323;0.00266;0.00170,
line-a-r01560,line-a,line-a-e28,33.2039518,-116.1500156,180.0,line-a-e29,33.2041112,-116.1498260,180.0,line-a-e34,33.2049081,-116.1488780,180.0,line-a-e35,33.2050675,-116.1486884,180.0,2026-08-17T20:02:00Z,dipole-dipole,5,4,2.000,382.7,208.387,6.820,0.00623,0.00123,0.00920;0.00945;0.00824;0.00784;0.00697;0.00546;0.00478;0.00382;0.00295;0.00219,
line-a-r01561,line-a,line-a-e28,33.2039518,-116.1500156,180.0,line-a-e29,33.2041112,-116.1498260,180.0,line-a-e34,33.2049081,-116.1488780,180.0,line-a-e35,33.2050675,-116.1486884,180.0,2026-08-17T20:02:12Z,dipole-dipole,5,4,1.363,587.1,190.833,5.777,0.00576,0.00105,0.00820;0.00819;0.00835;0.00699;0.00667;0.00563;0.00448;0.00376;0.00274;0.00203,
line-a-r01562,line-a,line-a-e28,33.2039518,-116.1500156,180.0,line-a-e29,33.2041112,-116.1498260,180.0,line-a-e34,33.2049081,-116.1488780,180.0,line-a-e35,33.2050675,-116.1486884,180.0,2026-08-17T20:02:24Z,dipole-dipole,5,3,1.718,465.7,198.151,8.832,0.00429,0.00104,0.00696;0.00615;0.00615;0.00443;0.00467;0.00461;0.00350;0.00271;0.00229;0.00151,
line-a-r01563,line-a,line-a-e28,33.2039518,-116.1500156,180.0,line-a-e29,33.2041112,-116.1498260,180.0,line-a-e34,33.2049081,-116.1488780,180.0,line-a-e35,33.2050675,-116.1486884,180.0,2026-08-17T20:02:36Z,dipole-dipole,5,3,1.383,578.3,191.865,7.758,0.00504,0.00112,0.00817;0.00786;0.00703;0.00599;0.00512;0.00437;0.00436;0.00337;0.00264;0.00159,
line-a-r01564,line-a,line-a-e28,33.2039518,-116.1500156,180.0,line-a-e29,33.2041112,-116.1498260,180.0,line-a-e34,33.2049081,-116.1488780,180.0,line-a-e35,33.2050675,-116.1486884,180.0,2026-08-17T20:02:48Z,dipole-dipole,5,3,2.000,385.1,200.582,5.220,0.00482,0.00091,0.00802;0.00764;0.00577;0.00590;0.00585;0.00454;0.00373;0.00323;0.00237;0.00173,
line-a-r01565,line-a,line-a-e28,33.2039518,-116.1500156,180.0,line-a-e29,33.2041112,-116.1498260,180.0,line-a-e35,33.2050675,-116.1486884,180.0,line-a-e36,33.2052269,-116.1484988,180.0,2026-08-17T20:03:00Z,dipole-dipole,6,7,2.000,386.3,199.798,6.719,0.00514,0.00109,0.00738;0.00867;0.00721;0.00676;0.00553;0.00467;0.00419;0.00382;0.00253;0.00183,
line-a-r01566,line-a,line-a-e28,33.2039518,-116.1500156,180.0,line-a-e29,33.2041112,-116.1498260,180.0,line-a-e35,33.2050675,-116.1486884,180.0,line-a-e36,33.2052269,-116.1484988,180.0,2026-08-17T20:03:12Z,dipole-dipole,6,4,1.773,451.2,190.811,8.699,0.00510,0.00113,0.00868;0.00735;0.00669;0.00675;0.00586;0.00528;0.00385;0.00325;0.00257;0.00171,
line-a-r01567,line-a,line-a-e28,33.2039518,-116.1500156,180.0,line-a-e29,33.2041112,-116.1498260,180.0,line-a-e35,33.2050675,-116.1486884,180.0,line-a-e36,33.2052269,-116.1484988,180.0,2026-08-17T20:03:24Z,dipole-dipole,6,6,1.392,574.6,187.996,6.415,0.00526,0.00993,0.00823;0.00828;0.00729;0.00618;0.00540;0.00504;0.00440;0.00364;0.00261;0.00177,
line-a-r01568,line-a,line-a-e28,33.2039518,-116.1500156,180.0,line-a-e29,33.2041112,-116.1498260,180.0,line-a-e35,33.2050675,-116.1486884,180.0,line-a-e36,33.2052269,-116.1484988,180.0,2026-08-17T20:03:36Z,dipole-dipole,6,6,1.657,482.9,207.082,8.882,0.00579,0.00104,0.00938;0.00766;0.00841;0.00727;0.00586;0.00541;0.00409;0.00323;0.00243;0.00208,
line-a-r01569,line-a,line-a-e28,33.2039518,-116.1500156,180.0,line-a-e29,33.2041112,-116.1498260,180.0,line-a-e35,33.2050675,-116.1486884,180.0,line-a-e36,33.2052269,-116.1484988,180.0,2026-08-17T20:03:48Z,dipole-dipole,6,5,1.615,495.4,198.513,8.762,0.00501,0.00087,0.00768;0.00756;0.00723;0.00654;0.00590;0.00456;0.00384;0.00313;0.00241;0.00179,
line-a-r01570,line-a,line-a-e28,33.2039518,-116.1500156,180.0,line-a-e29,33.2041112,-116.1498260,180.0,line-a-e35,33.2050675,-116.1486884,180.0,line-a-e36,33.2052269,-116.1484988,180.0,2026-08-17T20:04:00Z,dipole-dipole,6,7,1.814,440.9,199.189,7.452,0.00427,0.00088,0.00717;0.00672;0.00594;0.00501;0.00436;0.00427;0.00341;0.00270;0.00197;0.00162,
line-a-r01571,line-a,line-a-e28,33.2039518,-116.1500156,180.0,line-a-e29,33.2041112,-116.1498260,180.0,line-a-e35,33.2050675,-116.1486884,180.0,line-a-e36,33.2052269,-116.1484988,180.0,2026-08-17T20:04:12Z,dipole-dipole,6,7,2.000,392.6,177.411,6.516,0.00358,0.00110,0.00627;0.00508;0.00493;0.00462;0.00393;0.00348;0.00268;0.00215;0.00164;0.00120,
line-a-r01572,line-a,line-a-e28,33.2039518,-116.1500156,180.0,line-a-e29,33.2041112,-116.1498260,180.0,line-a-e36,33.2052269,-116.1484988,180.0,line-a-e37,33.2053863,-116.1483092,180.0,2026-08-17T20:04:24Z,dipole-dipole,7,6,1.794,445.9,198.504,9.478,0.00440,0.00126,0.00760;0.00618;0.00588;0.00536;0.00451;0.00438;0.00325;0.00308;0.00204;0.00145,
line-a-r01573,line-a,line-a-e28,33.2039518,-116.1500156,180.0,line-a-e29,33.2041112,-116.1498260,180.0,line-a-e36,33.2052269,-116.1484988,180.0,line-a-e37,33.2053863,-116.1483092,180.0,2026-08-17T20:04:36Z,dipole-dipole,7,5,1.396,573.1,199.450,7.984,0.00466,0.00079,0.00713;0.00672;0.00650;0.00603;0.00520;0.00416;0.00394;0.00311;0.00243;0.00169,
line-a-r01574,line-a,line-a-e28,33.2039518,-116.1500156,180.0,line-a-e29,33.2041112,-116.1498260,180.0,line-a-e36,33.2052269,-116.1484988,180.0,line-a-e37,33.2053863,-116.1483092,180.0,2026-08-17T20:04:48Z,dipole-dipole,7,3,1.899,421.3,196.176,6.184,0.00689,0.00092,0.01128;0.00980;0.00974;0.00885;0.00739;0.00650;0.00579;0.00466;0.00358;0.00240,
line-a-r01575,line-a,line-a-e28,33.2039518,-116.1500156,180.0,line-a-e29,33.2041112,-116.1498260,180.0,line-a-e36,33.2052269,-116.1484988,180.0,line-a-e37,33.2053863,-116.1483092,180.0,2026-08-17T20:05:00Z,dipole-dipole,7,6,1.765,453.2,-190.248,7.535,0.00612,0.00129,0.00956;0.00878;0.00785;0.00764;0.00648;0.00533;0.00494;0.00375;0.00310;0.00204,
line-a-r01576,line-a,line-a-e28,33.2039518,-116.1500156,180.0,line-a-e29,33.2041112,-116.1498260,180.0,line-a-e36,33.2052269,-116.1484988,180.0,line-a-e37,33.2053863,-116.1483092,180.0,2026-08-17T20:05:12Z,dipole-dipole,7,6,2.000,380.3,196.992,7.390,0.00460,0.00095,0.00674;0.00723;0.00668;0.00499;0.00466;0.00419;0.00376;0.00304;0.00215;0.00148,
line-a-r01577,line-a,line-a-e28,33.2039518,-116.1500156,180.0,line-a-e29,33.2041112,-116.1498260,180.0,line-a-e36,33.2052269,-116.1484988,180.0,line-a-e37,33.2053863,-116.1483092,180.0,2026-08-17T20:05:24Z,dipole-dipole,7,5,2.000,395.9,201.602,7.901,0.00551,0.00088,0.00871;0.00886;0.00748;0.00665;0.00578;0.00524;0.00434;0.00339;0.00251;0.00199,
line-a-r01578,line-a,line-a-e28,33.2039518,-116.1500156,180.0,line-a-e29,33.2041112,-116.1498260,180.0,line-a-e36,33.2052269,-116.1484988,180.0,line-a-e37,33.2053863,-116.1483092,180.0,2026-08-17T20:05:36Z,dipole-dipole,7,8,2.000,386.4,195.215,6.158,0.00478,0.00092,0.00778;0.00689;0.00701;0.00608;0.00521;0.00397;0.00384;0.00309;0.00233;0.00167,
line-a-r01579,line-a,line-a-e28,33.2039518,-116.1500156,180.0,line-a-e29,33.2041112,-116.1498260,180.0,line-a-e36,33.2052269,-116.1484988,180.0,line-a-e37,33.2053863,-116.1483092,180.0,2026-08-17T20:05:48Z,dipole-dipole,7,8,2.000,382.6,200.788,8.625,0.00576,0.00115,0.00928;0.00830;0.00719;0.00730;0.00646;0.00564;0.00450;0.00364;0.00279;0.00203,
line-a-r01580,line-a,line-a-e28,33.2039518,-116.1500156,180.0,line-a-e29,33.2041112,-116.1498260,180.0,line-a-e37,33.2053863,-116.1483092,180.0,line-a-e38,33.2055457,-116.1481196,180.0,2026-08-17T20:06:00Z,dipole-dipole,8,8,1.575,508.0,186.595,8.188,0.00562,0.00098,0.00852;0.00852;0.00769;0.00727;0.00599;0.00566;0.00421;0.00365;0.00279;0.00190,
line-a-r01581,line-a,line-a-e28,33.2039518,-116.1500156,180.0,line-a-e29,33.2041112,-116.1498260,180.0,line-a-e37,33.2053863,-116.1483092,180.0,line-a-e38,33.2055457,-116.1481196,180.0,2026-08-17T20:06:12Z,dipole-dipole,8,8,1.613,495.9,199.816,5.887,0.00489,0.00106,0.00792;0.00750;0.00668;0.00522;0.00571;0.00467;0.00401;0.00310;0.00269;0.00164,
line-a-r01582,line-a,line-a-e28,33.2039518,-116.1500156,180.0,line-a-e29,33.2041112,-116.1498260,180.0,line-a-e37,33.2053863,-116.1483092,180.0,line-a-e38,33.2055457,-116.1481196,180.0,2026-08-17T20:06:24Z,dipole-dipole,8,4,1.430,559.6,199.375,6.629,0.00550,0.00105,0.00831;0.00848;0.00759;0.00715;0.00530;0.00538;0.00447;0.00335;0.00277;0.00207,
line-a-r01583,line-a,line-a-e28,33.2039518,-116.1500156,180.0,line-a-e29,33.2041112,-116.1498260,180.0,line-a-e37,33.2053863,-116.1483092,180.0,line-a-e38,33.2055457,-116.1481196,180.0,2026-08-17T20:06:36Z,dipole-dipole,8,7,1.653,484.1,201.267,418.001,0.00509,0.00118,0.00830;0.00756;0.00708;0.00632;0.00527;0.00501;0.00429;0.00317;0.00233;0.00202,
line-a-r01584,line-a,line-a-e28,33.2039518,-116.1500156,180.0,line-a-e29,33.2041112,-116.1498260,180.0,line-a-e37,33.2053863,-116.1483092,180.0,line-a-e38,33.2055457,-116.1481196,180.0,2026-08-17T20:06:48Z,dipole-dipole,8,3,1.655,483.3,210.733,6.208,0.00417,0.00129,0.00667;0.00581;0.00587;0.00490;0.00399;0.00377;0.00338;0.00253;0.00212;0.00150,
line-a-r01585,line-a,line-a-e28,33.2039518,-116.1500156,180.0,line-a-e29,33.2041112,-116.1498260,180.0,line-a-e37,33.2053863,-116.1483092,180.0,line-a-e38,33.2055457,-116.1481196,180.0,2026-08-17T20:07:00Z,dipole-dipole,8,7,1.814,441.1,204.005,8.223,0.00695,0.00110,0.01120;0.01086;0.00903;0.00852;0.00734;0.00691;0.00536;0.00436;0.00336;0.00283,
line-a-r01586,line-a,line-a-e28,33.2039518,-116.1500156,180.0,line-a-e29,33.2041112,-116.1498260,180.0,line-a-e37,33.2053863,-116.1483092,180.0,line-a-e38,33.2055457,-116.1481196,180.0,2026-08-17T20:07:12Z,dipole-dipole,8,3,1.689,473.8,204.243,6.015,0.00606,0.00126,0.00913;0.00944;0.00801;0.00810;0.00714;0.00630;0.00427;0.00377;0.00307;0.00210,
line-a-r01587,line-a,line-a-e29,33.2041112,-116.1498260,180.0,line-a-e30,33.2042705,-116.1496364,180.0,line-a-e31,33.2044299,-116.1494468,180.0,line-a-e32,33.2045893,-116.1492572,180.0,2026-08-17T20:07:24Z,dipole-dipole,1,3,2.000,366.8,206.628,8.286,0.00407,0.00749,0.00611;0.00572;0.00511;0.00501;0.00456;0.00369;0.00325;0.00273;0.00229;0.00145,
line-a-r01588,line-a,line-a-e29,33.2041112,-116.1498260,180.0,line-a-e30,33.2042705,-116.1496364,180.0,line-a-e31,33.2044299,-116.1494468,180.0,line-a-e32,33.2045893,-116.1492572,180.0,2026-08-17T20:07:36Z,dipole-dipole,1,8,2.000,297.6,200.181,8.773,0.00406,0.00079,0.00649;0.00591;0.00573;0.00488;0.00462;0.00397;0.00311;0.00251;0.00213;0.00150,
line-a-r01589,line-a,line-a-e29,33.2041112,-116.1498260,180.0,line-a-e30,33.2042705,-116.1496364,180.0,line-a-e31,33.2044299,-116.1494468,180.0,line-a-e32,33.2045893,-116.1492572,180.0,2026-08-17T20:07:48Z,dipole-dipole,1,6,1.901,420.9,200.080,9.219,0.00832,0.00124,0.01343;0.01220;0.01153;0.01138;0.00867;0.00751;0.00690;0.00577;0.00415;0.00291,
line-a-r01590,line-a,line-a-e29,33.2041112,-116.1498260,180.0,line-a-e30,33.2042705,-116.1496364,180.0,line-a-e31,33.2044299,-116.1494468,180.0,line-a-e32,33.2045893,-116.1492572,180.0,2026-08-17T20:08:00Z,dipole-dipole,1,6,2.000,316.8,204.180,8.698,0.00504,0.00089,0.00811;0.00698;0.00767;0.00628;0.00539;0.00434;0.00392;0.00301;0.00234;0.00193,
line-a-r01591,line-a,line-a-e29,33.2041112,-116.1498260,180.0,line-a-e30,33.2042705,-116.1496364,180.0,line-a-e31,33.2044299,-116.1494468,180.0,line-a-e32,33.2045893,-116.1492572,180.0,2026-08-17T20:08:12Z,dipole-dipole,1,8,2.000,295.0,195.505,6.551,0.00560,0.00090,0.00961;0.00805;0.00797;0.00710;0.00611;0.00516;0.00453;0.00339;0.00264;0.00193,
line-a-r01592,line-a,line-a-e29,33.2041112,-116.1498260,180.0,line-a-e30,33.2042705,-116.1496364,180.0,line-a-e31,33.2044299,-116.1494468,180.0,line-a-e32,33.2045893,-116.1492572,180.0,2026-08-17T20:08:24Z,dipole-dipole,1,5,1.988,402.3,210.035,7.243,0.00505,0.00102,0.00826;0.00753;0.00746;0.00632;0.00546;0.00478;0.00403;0.00313;0.00241;0.00178,
line-a-r01593,line-a,line-a-e29,33.2041112,-116.1498260,180.0,line-a-e30,33.2042705,-116.1496364,180.0,line-a-e31,33.2044299,-116.1494468,180.0,line-a-e32,33.2045893,-116.1492572,180.0,2026-08-17T20:08:36Z,dipole-dipole,1,8,2.000,305.3,215.254,10.570,0.00482,0.00147,0.00774;0.00682;0.00681;0.00621;0.00538;0.00477;0.00361;0.00321;0.00235;0.00169,
line-a-r01594,line-a,line-a-e29,33.2041112,-116.1498260,180.0,line-a-e30,33.2042705,-116.1496364,180.0,line-a-e32,33.2045893,-116.1492572,180.0,line-a-e33,33.2047487,-116.1490676,180.0,2026-08-17T20:08:48Z,dipole-dipole,2,5,2.000,260.9,202.125,6.434,0.00568,0.00107,0.00863;0.00787;0.00729;0.00667;0.00555;0.00521;0.00441;0.00345;0.00283;0.00173,
line-a-r01595,line-a,line-a-e29,33.2041112,-116.1498260,180.0,line-a-e30,33.2042705,-116.1496364,180.0,line-a-e32,33.2045893,-116.1492572,180.0,line-a-e33,33.2047487,-116.1490676,180.0,2026-08-17T20:09:00Z,dipole-dipole,2,3,2.000,286.1,203.278,6.168,0.00382,0.00107,0.00628;0.00565;0.00523;0.00463;0.00394;0.00397;0.00289;0.00227;0.00192;0.00136,
line-a-r01596,line-a,line-a-e29,33.2041112,-116.1498260,180.0,line-a-e30,33.2042705,-116.1496364,180.0,line-a-e32,33.2045893,-116.1492572,180.0,line-a-e33,33.2047487,-116.1490676,180.0,2026-08-17T20:09:12Z,dipole-dipole,2,4,2.000,293.2,203.874,8.026,0.00498,0.00123,0.00797;0.00723;0.00643;0.00629;0.00538;0.00536;0.00421;0.00341;0.00235;0.00176,
line-a-r01597,line-a,line-a-e29,33.2041112,-116.1498260,180.0,line-a-e30,33.2042705,-116.1496364,180.0,line-a-e32,33.2045893,-116.1492572,180.0,line-a-e33,33.2047487,-116.1490676,180.0,2026-08-17T20:09:24Z,dipole-dipole,2,8,2.000,377.2,198.564,7.873,0.00403,0.00121,0.00604;0.00606;0.00584;0.00479;0.00476;0.00361;0.00307;0.00249;0.00215;0.00138,
line-a-r01598,line-a,line-a-e29,33.2041112,-116.1498260,180.0,line-a-e30,33.2042705,-116.1496364,180.0,line-a-e32,33.2045893,-116.1492572,180.0,line-a-e33,33.2047487,-116.1490676,180.0,2026-08-17T20:09:36Z,dipole-dipole,2,8,2.000,368.0,191.326,6.966,0.00529,0.00116,0.00808;0.00741;0.00733;0.00754;0.00606;0.00511;0.00422;0.00376;0.00258;0.00200,
line-a-r01599,line-a,line-a-e29,33.2041112,-116.1498260,180.0,line-a-e30,,,,line-a-e32,33.2045893,-116.1492572,180.0,line-a-e33,33.2047487,-116.1490676,180.0,2026-08-17T20:09:48Z,dipole-dipole,2,3,2.000,285.1,191.582,7.167,0.00389,0.00134,0.00582;0.00548;0.00542;0.00538;0.00458;0.00353;0.00320;0.00228;0.00186;0.00132,
line-a-r01600,line-a,line-a-e29,33.2041112,-116.1498260,180.0,line-a-e30,33.2042705,-116.1496364,180.0,line-a-e32,33.2045893,-116.1492572,180.0,line-a-e33,33.2047487,-116.1490676,180.0,2026-08-17T20:10:00Z,dipole-dipole,2,3,2.000,308.2,189.440,9.709,0.00627,0.00118,0.01028;0.00860;0.00851;0.00755;0.00764;0.00590;0.00520;0.00418;0.00321;0.00220,
line-a-r01601,line-a,line-a-e29,33.2041112,-116.1498260,180.0,line-a-e30,33.2042705,-116.1496364,180.0,line-a-e32,33.2045893,-116.1492572,180.0,line-a-e33,33.2047487,-116.1490676,180.0,2026-08-17T20:10:12Z,dipole-dipole,2,4,1.803,443.8,199.076,6.231,0.00425,0.00112,0.00731;0.00643;0.00604;0.00485;0.00449;0.00405;0.00338;0.00233;0.00209;0.00159,
line-a-r01602,line-a,line-a-e29,33.2041112,-116.1498260,180.0,line-a-e30,33.2042705,-116.1496364,180.0,line-a-e33,33.2047487,-116.1490676,180.0,line-a-e34,33.2049081,-116.1488780,180.0,2026-08-17T20:10:24Z,dipole-dipole,3,8,2.000,300.7,212.630,6.525,0.00415,0.00115,0.00608;0.00598;0.00579;0.00485;0.00457;0.00414;0.00333;0.00251;0.00200;0.00134,
line-a-r01603,line-a,line-a-e29,33.2041112,-116.1498260,180.0,line-a-e30,33.2042705,-116.1496364,180.0,line-a-e33,33.2047487,-116.1490676,180.0,line-a-e34,33.2049081,-116.1488780,180.0,2026-08-17T20:10:36Z,dipole-dipole,3,6,2.000,286.8,199.000,6.063,0.00366,0.00113,0.00540;0.00534;0.00563;0.00459;0.00378;0.00336;0.00307;0.00217;0.00195;0.00134,
line-a-r01604,line-a,line-a-e29,33.2041112,-116.1498260,180.0,line-a-e30,33.2042705,-116.1496364,180.0,line-a-e33,33.2047487,-116.1490676,180.0,line-a-e34,33.2049081,-116.1488780,180.0,2026-08-17T20:10:48Z,dipole-dipole,3,5,2.000,313.5,199.899,7.349,0.00549,0.00112,0.00740;0.00794;0.00679;0.00673;0.00601;0.00520;0.00444;0.00335;0.00260;0.00203,
line-a-r01605,line-a,line-a-e29,33.2041112,-116.1498260,180.0,line-a-e30,33.2042705,-116.1496364,180.0,line-a-e33,33.2047487,-116.1490676,180.0,line-a-e34,33.2049081,-116.1488780,180.0,2026-08-17T20:11:00Z,dipole-dipole,3,4,2.000,352.8,214.681,7.489,0.00430,0.00100,0.00762;0.00597;0.00612;0.00562;0.00486;0.00412;0.00333;0.00256;0.00209;0.00154,
line-a-r01606,line-a,line-a-e29,33.2041112,-116.1498260,180.0,line-a-e30,33.2042705,-116.1496364,180.0,line-a-e33,33.2047487,-116.1490676,180.0,line-a-e34,33.2049081,-116.1488780,180.0,2026-08-17T20:11:12Z,dipole-dipole,3,5,2.000,317.2,193.645,479.365,0.00302,0.00104,0.00440;0.00508;0.00398;0.00377;0.00328;0.00291;0.00247;0.00198;0.00149;0.00099,
line-a-r01607,line-a,line-a-e29,33.2041112,-116.1498260,180.0,line-a-e30,33.2042705,-116.1496364,180.0,line-a-e33,33.2047487,-116.1490676,180.0,line-a-e34,33.2049081,-116.1488780,180.0,2026-08-17T20:11:24Z,dipole-dipole,3,3,2.000,302.7,191.760,4.623,0.00314,0.00096,0.00491;0.00416;0.00442;0.00425;0.00315;0.00296;0.00221;0.00219;0.00155;0.00112,
line-a-r01608,line-a,line-a-e29,33.2041112,-116.1498260,180.0,line-a-e30,33.2042705,-116.1496364,180.0,line-a-e34,33.2049081,-116.1488780,180.0,line-a-e35,33.2050675,-116.1486884,180.0,2026-08-17T20:11:36Z,dipole-dipole,4,5,2.000,359.6,193.601,7.120,0.00329,0.00139,0.00559;0.00499;0.00455;0.00388;0.00346;0.00305;0.00265;0.00195;0.00155;0.00110,
line-a-r01609,line-a,line-a-e29,33.2041112,-116.1498260,180.0,line-a-e30,33.2042705,-116.1496364,180.0,line-a-e34,33.2049081,-116.1488780,180.0,line-a-e35,33.2050675,-116.1486884,180.0,2026-08-17T20:11:48Z,dipole-dipole,4,7,2.000,346.7,200.781,7.371,0.00532,0.00098,0.00900;0.00873;0.00683;0.00669;0.00591;0.00467;0.00391;0.00327;0.00270;0.00166,
line-a-r01610,line-a,line-a-e29,33.2041112,-116.1498260,180.0,line-a-e30,33.2042705,-116.1496364,180.0,line-a-e34,33.2049081,-116.1488780,180.0,line-a-e35,33.2050675,-116.1486884,180.0,2026-08-17T20:12:00Z,dipole-dipole,4,8,2.000,356.9,196.050,7.923,0.00565,0.00094,0.00935;0.00756;0.00736;0.00644;0.00547;0.00545;0.00513;0.00350;0.00246;0.00176,
line-a-r01611,line-a,line-a-e29,33.2041112,-116.1498260,180.0,line-a-e30,33.2042705,-116.1496364,180.0,line-a-e34,33.2049081,-116.1488780,180.0,line-a-e35,33.2050675,-116.1486884,180.0,2026-08-17T20:12:12Z,dipole-dipole,4,6,1.985,403.1,203.997,5.097,0.00715,0.00091,0.01239;0.01181;0.00961;0.00881;0.00813;0.00709;0.00608;0.00470;0.00368;0.00246,
line-a-r01612,line-a,line-a-e29,33.2041112,-116.1498260,180.0,line-a-e30,33.2042705,-116.1496364,180.0,line-a-e34,33.2049081,-116.1488780,180.0,line-a-e35,33.2050675,-116.1486884,180.0,2026-08-17T20:12:24Z,dipole-dipole,4,4,2.000,345.2,198.175,6.412,0.00546,0.00105,0.00908;0.00801;0.00798;0.00727;0.00523;0.00495;0.00387;0.00349;0.00262;0.00194,
line-a-r01613,line-a,line-a-e29,33.2041112,-116.1498260,180.0,line-a-e30,33.2042705,-116.1496364,180.0,line-a-e34,33.2049081,-116.1488780,180.0,line-a-e35,33.2050675,-116.1486884,180.0,2026-08-17T20:12:36Z,dipole-dipole,4,5,2.000,296.2,204.247,7.588,0.00415,0.00146,0.00667;0.00602;0.00576;0.00505;0.00458;0.00379;0.00305;0.00261;0.00190;0.00155,
line-a-r01614,line-a,line-a-e29,33.2041112,-116.1498260,180.0,line-a-e30,33.2042705,-116.1496364,180.0,line-a-e34,33.2049081,-116.1488780,180.0,line-a-e35,33.2050675,-116.1486884,180.0,2026-08-17T20:12:48Z,dipole-dipole,4,3,2.000,280.5,194.139,8.187,0.00468,0.00091,0.00686;0.00693;0.00633;0.00617;0.00525;0.00461;0.00350;0.00283;0.00224;0.00176,
line-a-r01615,line-a,line-a-e29,33.2041112,-116.1498260,180.0,line-a-e30,33.2042705,-116.1496364,180.0,line-a-e35,33.2050675,-116.1486884,180.0,line-a-e36,33.2052269,-116.1484988,180.0,2026-08-17T20:13:00Z,dipole-dipole,5,5,2.000,258.9,198.983,8.417,0.00531,0.00086,0.00901;0.00817;0.00757;0.00631;0.00622;0.00534;0.00436;0.00329;0.00270;0.00226,
line-a-r01616,line-a,line-a-e29,33.2041112,-116.1498260,180.0,line-a-e30,33.2042705,-116.1496364,180.0,line-a-e35,33.2050675,-116.1486884,180.0,line-a-e36,33.2052269,-116.1484988,180.0,2026-08-17T20:13:12Z,dipole-dipole,5,6,2.000,269.2,200.180,8.595,0.00386,0.00078,0.00666;0.00600;0.00548;0.00479;0.00430;0.00363;0.00292;0.00240;0.00203;0.00135,
line-a-r01617,line-a,line-a-e29,33.2041112,-116.1498260,180.0,line-a-e30,33.2042705,-116.1496364,180.0,line-a-e35,33.2050675,-116.1486884,180.0,line-a-e36,33.2052269,-116.1484988,180.0,2026-08-17T20:13:24Z,dipole-dipole,5,6,1.919,416.8,188.819,8.277,0.00261,0.00106,0.00400;0.00363;0.00361;0.00296;0.00301;0.00243;0.00218;0.00161;0.00117;0.00090,
line-a-r01618,line-a,line-a-e29,33.2041112,-116.1498260,180.0,line-a-e30,33.2042705,-116.1496364,180.0,line-a-e35,33.2050675,-116.1486884,180.0,line-a-e36,33.2052269,-116.1484988,180.0,2026-08-17T20:13:36Z,dipole-dipole,5,7,1.956,409.0,195.210,6.726,0.00526,0.00115,0.00851;0.00832;0.00777;0.00685;0.00574;0.00423;0.00412;0.00326;0.00261;0.00186,
line-a-r01619,line-a,line-a-e29,33.2041112,-116.1498260,180.0,line-a-e30,33.2042705,-116.1496364,180.0,line-a-e35,33.2050675,-116.1486884,180.0,line-a-e36,33.2052269,-116.1484988,180.0,2026-08-17T20:13:48Z,dipole-dipole,5,4,2.000,347.8,189.087,7.556,0.00463,0.00094,0.00706;0.00669;0.00680;0.00546;0.00517;0.00437;0.00351;0.00299;0.00220;0.00154,
line-a-r01620,line-a,line-a-e29,33.2041112,-116.1498260,180.0,line-a-e30,33.2042705,-116.1496364,180.0,line-a-e35,33.2050675,-116.1486884,180.0,line-a-e36,33.2052269,-116.1484988,180.0,2026-08-17T20:14:00Z,dipole-dipole,5,5,2.000,277.3,209.318,12.058,0.00610,0.00111,0.01050;0.00854;0.00875;0.00796;0.00752;0.00535;0.00494;0.00385;0.00290;0.00218,
line-a-r01621,line-a,line-a-e29,33.2041112,-116.1498260,180.0,line-a-e30,33.2042705,-116.1496364,180.0,line-a-e35,33.2050675,-116.1486884,180.0,line-a-e36,33.2052269,-116.1484988,180.0,2026-08-17T20:14:12Z,dipole-dipole,5,6,2.000,297.4,205.354,11.301,0.00540,0.00084,0.00841;0.00787;0.00756;0.00646;0.00593;0.00437;0.00410;0.00349;0.00276;0.00167,
line-a-r01622,line-a,line-a-e29,33.2041112,-116.1498260,180.0,line-a-e30,33.2042705,-116.1496364,180.0,line-a-e36,33.2052269,-116.1484988,180.0,line-a-e37,33.2053863,-116.1483092,180.0,2026-08-17T20:14:24Z,dipole-dipole,6,4,2.000,292.2,202.691,7.133,0.00501,0.00113,0.00759;0.00759;0.00679;0.00569;0.00565;0.00539;0.00420;0.00321;0.00244;0.00192,
line-a-r01623,line-a,line-a-e29,33.2041112,-116.1498260,180.0,line-a-e30,33.2042705,-116.1496364,180.0,line-a-e36,33.2052269,-116.1484988,180.0,line-a-e37,33.2053863,-116.1483092,180.0,2026-08-17T20:14:36Z,dipole-dipole,6,3,2.000,312.5,202.926,6.985,0.00457,0.00114,0.00774;0.00666;0.00613;0.00529;0.00517;0.00433;0.00331;0.00289;0.00226;0.00159,
line-a-r01624,line-a,line-a-e29,33.2041112,-116.1498260,180.0,line-a-e30,33.2042705,-116.1496364,180.0,line-a-e36,33.2052269,-116.1484988,180.0,line-a-e37,33.2053863,-116.1483092,180.0,2026-08-17T20:14:48Z,dipole-dipole,6,3,2.000,335.5,211.944,10.342,0.00389,0.00098,0.00586;0.00615;0.00555;0.00445;0.00416;0.00350;0.00278;0.00239;0.00206;0.00143,
line-a-r01625,line-a,line-a-e29,33.2041112,-116.1498260,180.0,line-a-e30,33.2042705,-116.1496364,180.0,line-a-e36,33.2052269,-116.1484988,180.0,line-a-e37,33.2053863,-116.1483092,180.0,2026-08-17T20:15:00Z,dipole-dipole,6,6,1.965,407.1,203.687,8.696,0.00466,0.00107,0.00736;0.00745;0.00645;0.00622;0.00538;0.00448;0.00395;0.00300;0.00205;0.00149,
line-a-r01626,line-a,line-a-e29,33.2041112,-116.1498260,180.0,line-a-e30,33.2042705,-116.1496364,180.0,line-a-e36,33.2052269,-116.1484988,180.0,line-a-e37,33.2053863,-116.1483092,180.0,2026-08-17T20:15:12Z,dipole-dipole,6,6,2.000,318.3,203.592,7.605,0.00484,0.00100,0.00682;0.00749;0.00638;0.00662;0.00514;0.00467;0.00387;0.00305;0.00218;0.00174,
line-a-r01627,line-a,line-a-e29,33.2041112,-116.1498260,180.0,line-a-e30,33.2042705,-116.1496364,180.0,line-a-e36,33.2052269,-116.1484988,180.0,line-a-e37,33.2053863,-116.1483092,180.0,2026-08-17T20:15:24Z,dipole-dipole,6,6,2.000,318.2,199.339,8.783,0.00501,0.00091,0.00821;0.00754;0.00737;0.00575;0.00541;0.00446;0.00383;0.00332;0.00253;0.00176,
line-a-r01628,line-a,line-a-e29,33.2041112,-116.1498260,180.0,line-a-e30,33.2042705,-116.1496364,180.0,line-a-e36,33.2052269,-116.1484988,180.0,line-a-e37,33.2053863,-116.1483092,180.0,2026-08-17T20:15:36Z,dipole-dipole,6,8,2.000,332.6,209.598,8.369,0.00332,0.00108,0.00541;0.00478;0.00467;0.00409;0.00375;0.00301;0.00236;0.00205;0.00168;0.00119,
line-a-r01629,line-a,line-a-e29,33.2041112,-116.1498260,180.0,line-a-e30,33.2042705,-116.1496364,180.0,line-a-e36,33.2052269,-116.1484988,180.0,line-a-e37,33.2053863,-116.1483092,180.0,2026-08-17T20:15:48Z,dipole-dipole,6,3,2.000,363.0,200.780,8.701,0.00790,0.00118,0.01337;0.01290;0.01011;0.01051;0.00862;0.00757;0.00622;0.00561;0.00388;0.00282,
line-a-r01630,line-a,line-a-e29,33.2041112,-116.1498260,180.0,line-a-e30,33.2042705,-116.1496364,180.0,line-a-e37,33.2053863,-116.1483092,180.0,line-a-e38,33.2055457,-116.1481196,180.0,2026-08-17T20:16:00Z,dipole-dipole,7,8,2.000,286.9,199.480,7.330,0.00738,0.00080,0.01277;0.01088;0.01077;0.00980;0.00790;0.00763;0.00554;0.00496;0.00376;0.00265,
line-a-r01631,line-a,line-a-e29,33.2041112,-116.1498260,180.0,line-a-e30,33.2042705,-116.1496364,180.0,line-a-e37,33.2053863,-116.1483092,180.0,line-a-e38,33.2055457,-116.1481196,180.0,2026-08-17T20:16:12Z,dipole-dipole,7,6,2.000,306.9,187.804,7.614,0.00469,0.00650,0.00764;0.00755;0.00643;0.00653;0.00505;0.00457;0.00432;0.00283;0.00236;0.00168,
line-a-r01632,line-a,line-a-e29,33.2041112,-116.1498260,180.0,line-a-e30,33.2042705,-116.1496364,180.0,line-a-e37,33.2053863,-116.1483092,180.0,line-a-e38,33.2055457,-116.1481196,180.0,2026-08-17T20:16:24Z,dipole-dipole,7,4,2.000,309.1,212.600,8.748,0.00521,0.00093,0.00784;0.00772;0.00713;0.00695;0.00573;0.00495;0.00412;0.00308;0.00260;0.00201,
line-a-r01633,line-a,line-a-e29,33.2041112,-116.1498260,180.0,line-a-e30,33.2042705,-116.1496364,180.0,line-a-e37,33.2053863,-116.1483092,180.0,line-a-e38,33.2055457,-116.1481196,180.0,2026-08-17T20:16:36Z,dipole-dipole,7,3,2.000,287.1,202.174,6.831,0.00467,0.00100,0.00702;0.00659;0.00709;0.00590;0.00528;0.00448;0.00387;0.00302;0.00232;0.00165,
line-a-r01634,line-a,line-a-e29,33.2041112,-116.1498260,180.0,line-a-e30,33.2042705,-116.1496364,180.0,line-a-e37,33.2053863,-116.1483092,180.0,line-a-e38,33.2055457,-116.1481196,180.0,2026-08-17T20:16:48Z,dipole-dipole,7,4,2.000,256.1,195.594,7.040,0.00296,0.00082,0.00477;0.00438;0.00420;0.00315;0.00312;0.00271;0.00217;0.00196;0.00149;0.00108,
line-a-r01635,line-a,line-a-e29,33.2041112,-116.1498260,180.0,line-a-e30,33.2042705,-116.1496364,180.0,line-a-e37,33.2053863,-116.1483092,180.0,line-a-e38,33.2055457,-116.1481196,180.0,2026-08-17T20:17:00Z,dipole-dipole,7,7,2.000,249.3,197.600,8.568,0.00670,0.00095,0.01014;0.01030;0.00857;0.00784;0.00706;0.00678;0.00533;0.00446;0.00344;0.00228,
line-a-r01636,line-a,line-a-e29,33.2041112,-116.1498260,180.0,line-a-e30,33.2042705,-116.1496364,180.0,line-a-e37,33.2053863,-116.1483092,180.0,line-a-e38,33.2055457,-116.1481196,180.0,2026-08-17T20:17:12Z,dipole-dipole,7,4,2.000,306.8,195.418,5.470,0.00570,0.00094,0.00806;0.00818;0.00782;0.00765;0.00620;0.00578;0.00438;0.00319;0.00292;0.00185,
line-a-r01637,line-a,line-a-e29,33.2041112,-116.1498260,180.0,line-a-e30,33.2042705,-116.1496364,180.0,line-a-e38,33.2055457,-116.1481196,180.0,line-a-e39,33.2057050,-116.1479300,180.0,2026-08-17T20:17:24Z,dipole-dipole,8,7,2.000,321.8,203.631,7.043,0.00363,0.00104,0.00595;0.00535;0.00510;0.00454;0.00405;0.00378;0.00290;0.00223;0.00175;0.00121,
line-a-r01638,line-a,line-a-e29,33.2041112,-116.1498260,180.0,line-a-e30,33.2042705,-116.1496364,180.0,line-a-e38,33.2055457,-116.1481196,180.0,line-a-e39,33.2057050,-116.1479300,180.0,2026-08-17T20:17:36Z,dipole-dipole,8,3,2.000,323.4,202.912,8.857,0.00344,0.00097,0.00510;0.00556;0.00462;0.00424;0.00369;0.00287;0.00254;0.00214;0.00150;0.00126,
line-a-r01639,line-a,line-a-e29,33.2041112,-116.1498260,180.0,line-a-e30,33.2042705,-116.1496364,180.0,line-a-e38,33.2055457,-116.1481196,180.0,line-a-e39,33.2057050,-116.1479300,180.0,2026-08-17T20:17:48Z,dipole-dipole,8,8,2.000,344.7,200.558,6.857,0.00279,0.00112,0.00479;0.00411;0.00384;0.00329;0.00295;0.00278;0.00222;0.00180;0.00134;0.00101,
line-a-r01640,line-a,line-a-e29,33.2041112,-116.1498260,180.0,line-a-e30,33.2042705,-116.1496364,180.0,line-a-e38,33.2055457,-116.1481196,180.0,line-a-e39,33.2057050,-116.1479300,180.0,2026-08-17T20:18:00Z,dipole-dipole,8,6,2.000,296.9,197.755,8.059,0.00527,0.00087,0.00879;0.00801;0.00666;0.00617;0.00562;0.00490;0.00425;0.00330;0.00274;0.00179,
line-a-r01641,line-a,line-a-e29,33.2041112,-116.1498260,180.0,line-a-e30,33.2042705,-116.1496364,180.0,line-a-e38,33.2055457,-116.1481196,180.0,line-a-e39,33.2057050,-116.1479300,180.0,2026-08-17T20:18:12Z,dipole-dipole,8,5,2.000,262.7,208.843,7.486,0.00786,0.00119,0.01142;0.01088;0.01054;0.00942;0.00877;0.00717;0.00674;0.00538;0.00420;0.00257,
line-a-r01642,line-a,line-a-e29,33.2041112,-116.1498260,180.0,line-a-e30,33.2042705,-116.1496364,180.0,line-a-e38,33.2055457,-116.1481196,180.0,line-a-e39,33.2057050,-116.1479300,180.0,2026-08-17T20:18:24Z,dipole-dipole,8,3,1.863,429.3,200.238,8.940,0.00569,0.00106,0.01002;0.00908;0.00740;0.00773;0.00716;0.00522;0.00475;0.00400;0.00256;0.00211,
line-a-r01643,line-a,line-a-e29,33.2041112,-116.1498260,180.0,line-a-e30,33.2042705,-116.1496364,180.0,line-a-e38,33.2055457,-116.1481196,180.0,line-a-e39,33.2057050,-116.1479300,180.0,2026-08-17T20:18:36Z,dipole-dipole,8,6,2.000,296.5,188.398,7.944,0.00481,0.00094,0.00753;0.00711;0.00679;0.00652;0.00440;0.00462;0.00399;0.00296;0.00223;0.00170,
line-a-r01644,line-a,line-a-e30,33.2042705,-116.1496364,180.0,line-a-e31,33.2044299,-116.1494468,180.0,line-a-e32,33.2045893,-116.1492572,180.0,line-a-e33,33.2047487,-116.1490676,180.0,2026-08-17T20:18:48Z,dipole-dipole,1,4,2.000,377.3,212.001,6.524,0.00465,0.00171,0.00678;0.00647;0.00597;0.00586;0.00561;0.00472;0.00352;0.00270;0.00207;0.00175,
line-a-r01645,line-a,line-a-e30,33.2042705,-116.1496364,180.0,line-a-e31,33.2044299,-116.1494468,180.0,line-a-e32,33.2045893,-116.1492572,180.0,line-a-e33,33.2047487,-116.1490676,180.0,2026-08-17T20:19:00Z,dipole-dipole,1,4,2.000,257.1,198.213,7.262,0.00483,0.00126,0.00747;0.00690;0.00667;0.00660;0.00538;0.00438;0.00384;0.00297;0.00223;0.00172,
line-a-r01646,line-a,line-a-e30,33.2042705,-116.1496364,180.0,line-a-e31,33.2044299,-116.1494468,180.0,line-a-e32,33.2045893,-116.1492572,180.0,line-a-e33,33.2047487,-116.1490676,180.0,2026-08-17T20:19:12Z,dipole-dipole,1,6,2.000,274.5,209.958,8.525,0.00483,0.00103,0.00796;0.00751;0.00643;0.00606;0.00537;0.00448;0.00444;0.00316;0.00217;0.00157,
line-a-r01647,line-a,line-a-e30,33.2042705,-116.1496364,180.0,line-a-e31,33.2044299,-116.1494468,180.0,line-a-e32,33.2045893,-116.1492572,180.0,line-a-e33,33.2047487,-116.1490676,180.0,2026-08-17T20:19:24Z,dipole-dipole,1,6,2.000,355.3,208.776,8.948,0.00410,0.00109,0.00664;0.00564;0.00633;0.00521;0.00399;0.00403;0.00333;0.00256;0.00211;0.00146,
line-a-r01648,line-a,line-a-e30,33.2042705,-116.1496364,180.0,line-a-e31,33.2044299,-116.1494468,180.0,line-a-e32,33.2045893,-116.1492572,180.0,line-a-e33,33.2047487,-116.1490676,180.0,2026-08-17T20:19:36Z,dipole-dipole,1,8,2.000,357.5,194.775,8.018,0.00704,0.00102,0.01076;0.01017;0.01001;0.00840;0.00782;0.00663;0.00582;0.00444;0.00313;0.00250,
line-a-r01649,line-a,line-a-e30,33.2042705,-116.1496364,180.0,line-a-e31,33.2044299,-116.1494468,180.0,line-a-e32,33.2045893,-116.1492572,180.0,line-a-e33,33.2047487,-116.1490676,180.0,2026-08-17T20:19:48Z,dipole-dipole,1,6,2.000,321.5,200.427,7.514,0.00405,0.00143,0.00591;0.00630;0.00512;0.00503;0.00430;0.00428;0.00283;0.00246;0.00187;0.00148,
line-a-r01650,line-a,line-a-e30,33.2042705,-116.1496364,180.0,line-a-e31,33.2044299,-116.1494468,180.0,line-a-e32,33.2045893,-116.1492572,180.0,line-a-e33,33.2047487,-116.1490676,180.0,2026-08-17T20:20:00Z,dipole-dipole,1,3,2.000,395.7,198.747,7.752,0.00611,0.00107,0.00915;0.00897;0.00835;0.00778;0.00775;0.00592;0.00513;0.00386;0.00313;0.00205,
line-a-r01651,line-a,line-a-e30,33.2042705,-116.1496364,180.0,line-a-e31,33.2044299,-116.1494468,180.0,line-a-e32,33.2045893,-116.1492572,180.0,line-a-e33,33.2047487,-116.1490676,180.0,2026-08-17T20:20:12Z,dipole-dipole,1,3,2.000,334.2,211.809,9.188,0.00499,0.00119,0.00762;0.00669;0.00620;0.00670;0.00508;0.00481;0.00406;0.00339;0.00257;0.00200,
line-a-r01652,line-a,line-a-e30,33.2042705,-116.1496364,180.0,line-a-e31,33.2044299,-116.1494468,180.0,line-a-e33,33.2047487,-116.1490676,180.0,line-a-e34,33.2049081,-116.1488780,180.0,2026-08-17T20:20:24Z,dipole-dipole,2,6,2.000,326.8,200.797,6.933,0.00596,0.00114,0.00911;0.00907;0.00832;0.00700;0.00645;0.00534;0.00452;0.00337;0.00277;0.00226,
line-a-r01653,line-a,line-a-e30,33.2042705,-116.1496364,180.0,line-a-e31,33.2044299,-116.1494468,180.0,line-a-e33,33.2047487,-116.1490676,180.0,line-a-e34,33.2049081,-116.1488780,180.0,2026-08-17T20:20:36Z,dipole-dipole,2,3,2.000,323.0,202.320,8.944,0.00501,0.00119,0.00756;0.00729;0.00725;0.00565;0.00562;0.00489;0.00348;0.00309;0.00219;0.00165,
line-a-r01654,line-a,line-a-e30,33.2042705,-116.1496364,180.0,line-a-e31,33.2044299,-116.1494468,180.0,line-a-e33,33.2047487,-116.1490676,180.0,line-a-e34,33.2049081,-116.1488780,180.0,2026-08-17T20:20:48Z,dipole-dipole,2,3,2.000,313.2,189.530,7.544,0.00430,0.00105,0.00679;0.00672;0.00590;0.00602;0.00460;0.00440;0.00362;0.00284;0.00217;0.00146,
line-a-r01655,line-a,line-a-e30,33.2042705,-116.1496364,180.0,line-a-e31,33.2044299,-116.1494468,180.0,line-a-e33,33.2047487,-116.1490676,180.0,line-a-e34,33.2049081,-116.1488780,180.0,2026-08-17T20:21:00Z,dipole-dipole,2,3,2.000,336.3,207.410,6.462,0.00528,0.00122,0.00914;0.00750;0.00807;0.00605;0.00581;0.00495;0.00389;0.00333;0.00263;0.00170,
line-a-r01656,line-a,line-a-e30,33.2042705,-116.1496364,180.0,line-a-e31,33.2044299,-116.1494468,180.0,line-a-e33,33.2047487,-116.1490676,180.0,line-a-e34,33.2049081,-116.1488780,180.0,2026-08-17T20:21:12Z,dipole-dipole,2,4,2.000,385.0,201.159,7.059,0.00601,0.00106,0.00994;0.00889;0.00878;0.00712;0.00676;0.00556;0.00492;0.00383;0.00309;0.00202,
line-a-r01657,line-a,line-a-e30,33.2042705,-116.1496364,180.0,line-a-e31,33.2044299,-116.1494468,180.0,line-a-e33,33.2047487,-116.1490676,180.0,line-a-e34,33.2049081,-116.1488780,180.0,2026-08-17T20:21:24Z,dipole-dipole,2,3,2.000,265.7,183.935,9.772,0.00613,0.00110,0.00906;0.00926;0.00770;0.00849;0.00623;0.00566;0.00502;0.00368;0.00275;0.00205,
line-a-r01658,line-a,line-a-e30,33.2042705,-116.1496364,180.0,line-a-e31,33.2044299,-116.1494468,180.0,line-a-e33,33.2047487,-116.1490676,180.0,line-a-e34,33.2049081,-116.1488780,180.0,2026-08-17T20:21:36Z,dipole-dipole,2,3,2.000,277.4,194.006,6.454,0.00561,0.00093,0.01015;0.00881;0.00796;0.00620;0.00586;0.00539;0.00463;0.00350;0.00300;0.00207,
line-a-r01659,line-a,line-a-e30,33.2042705,-116.1496364,180.0,line-a-e31,33.2044299,-116.1494468,180.0,line-a-e33,33.2047487,-116.1490676,180.0,line-a-e34,33.2049081,-116.1488780,180.0,2026-08-17T20:21:48Z,dipole-dipole,2,8,2.000,316.5,197.197,8.012,0.00491,0.00104,0.00790;0.00735;0.00695;0.00588;0.00528;0.00469;0.00437;0.00286;0.00237;0.00169,
line-a-r01660,line-a,line-a-e30,33.2042705,-116.1496364,180.0,line-a-e31,33.2044299,-116.1494468,180.0,line-a-e34,33.2049081,-116.1488780,180.0,line-a-e35,33.2050675,-116.1486884,180.0,2026-08-17T20:22:00Z,dipole-dipole,3,4,2.000,273.2,197.605,6.823,0.00475,0.00100,0.00815;0.00682;0.00658;0.00667;0.00468;0.00481;0.00357;0.00335;0.00241;0.00185,
line-a-r01661,line-a,line-a-e30,33.2042705,-116.1496364,180.0,line-a-e31,33.2044299,-116.1494468,180.0,line-a-e34,33.2049081,-116.1488780,180.0,line-a-e35,33.2050675,-116.1486884,180.0,2026-08-17T20:22:12Z,dipole-dipole,3,4,2.000,396.5,205.370,6.576,0.00528,0.00106,0.00954;0.00814;0.00681;0.00652;0.00599;0.00468;0.00445;0.00321;0.00247;0.00172,
line-a-r01662,line-a,line-a-e30,33.2042705,-116.1496364,180.0,line-a-e31,33.2044299,-116.1494468,180.0,line-a-e34,33.2049081,-116.1488780,180.0,line-a-e35,33.2050675,-116.1486884,180.0,2026-08-17T20:22:24Z,dipole-dipole,3,3,2.000,270.4,186.597,7.462,0.00469,0.00086,0.00773;0.00734;0.00639;0.00587;0.00467;0.00439;0.00403;0.00286;0.00232;0.00165,
line-a-r01663,line-a,line-a-e30,33.2042705,-116.1496364,180.0,line-a-e31,33.2044299,-116.1494468,180.0,line-a-e34,33.2049081,-116.1488780,180.0,line-a-e35,33.2050675,-116.1486884,180.0,2026-08-17T20:22:36Z,dipole-dipole,3,8,2.000,301.6,203.475,7.042,0.00376,0.00116,0.00658;0.00569;0.00487;0.00441;0.00421;0.00368;0.00299;0.00230;0.00195;0.00129,
line-a-r01664,line-a,line-a-e30,33.2042705,-116.1496364,180.0,line-a-e31,33.2044299,-116.1494468,180.0,line-a-e34,33.2049081,-116.1488780,180.0,line-a-e35,33.2050675,-116.1486884,180.0,2026-08-17T20:22:48Z,dipole-dipole,3,6,2.000,302.5,203.103,6.392,0.00546,0.00099,0.00851;0.00818;0.00705;0.00708;0.00628;0.00541;0.00506;0.00367;0.00275;0.00197,
line-a-r01665,line-a,line-a-e30,33.2042705,-116.1496364,180.0,line-a-e31,33.2044299,-116.1494468,180.0,line-a-e34,33.2049081,-116.1488780,180.0,line-a-e35,33.2050675,-116.1486884,180.0,2026-08-17T20:23:00Z,dipole-dipole,3,3,2.000,396.3,192.747,8.593,0.00408,0.00092,0.00640;0.00604;0.00541;0.00500;0.00420;0.00337;0.00309;0.00271;0.00186;0.00141,
line-a-r01666,line-a,line-a-e30,33.2042705,-116.1496364,180.0,line-a-e31,33.2044299,-116.1494468,180.0,line-a-e34,33.2049081,-116.1488780,180.0,line-a-e35,33.2050675,-116.1486884,180.0,2026-08-17T20:23:12Z,dipole-dipole,3,7,1.775,450.8,209.947,6.997,0.00707,0.00116,0.01148;0.01108;0.00901;0.00826;0.00767;0.00621;0.00574;0.00448;0.00330;0.00237,
line-a-r01667,line-a,line-a-e30,33.2042705,-116.1496364,180.0,line-a-e31,33.2044299,-116.1494468,180.0,line-a-e34,33.2049081,-116.1488780,180.0,line-a-e35,33.2050675,-116.1486884,180.0,2026-08-17T20:23:24Z,dipole-dipole,3,8,2.000,273.7,204.481,7.971,0.00507,0.00107,0.00758;0.00710;0.00780;0.00542;0.00532;0.00460;0.00385;0.00307;0.00236;0.00165,
line-a-r01668,line-a,line-a-e30,33.2042705,-116.1496364,180.0,line-a-e31,33.2044299,-116.1494468,180.0,line-a-e35,33.2050675,-116.1486884,180.0,line-a-e36,33.2052269,-116.1484988,180.0,2026-08-17T20:23:36Z,dipole-dipole,4,4,2.000,295.0,202.544,6.492,0.00551,0.00118,0.00854;0.00819;0.00778;0.00762;0.00663;0.00506;0.00416;0.00325;0.00280;0.00206,
line-a-r01669,line-a,line-a-e30,33.2042705,-116.1496364,180.0,line-a-e31,33.2044299,-116.1494468,180.0,line-a-e35,33.2050675,-116.1486884,180.0,line-a-e36,33.2052269,-116.1484988,180.0,2026-08-17T20:23:48Z,dipole-dipole,4,6,2.000,395.6,186.280,7.244,0.00508,0.00106,0.00838;0.00872;0.00710;0.00618;0.00584;0.00518;0.00435;0.00325;0.00238;0.00169,
line-a-r01670,line-a,line-a-e30,33.2042705,-116.1496364,180.0,line-a-e31,33.2044299,-116.1494468,180.0,line-a-e35,33.2050675,-116.1486884,180.0,line-a-e36,33.2052269,-116.1484988,180.0,2026-08-17T20:24:00Z,dipole-dipole,4,4,2.000,286.5,195.159,6.386,0.00441,0.00118,0.00783;0.00627;0.00664;0.00608;0.00512;0.00414;0.00340;0.00287;0.00216;0.00163,
line-a-r01671,line-a,line-a-e30,33.2042705,-116.1496364,180.0,line-a-e31,33.2044299,-116.1494468,180.0,line-a-e35,33.2050675,-116.1486884,180.0,line-a-e36,33.2052269,-116.1484988,180.0,2026-08-17T20:24:12Z,dipole-dipole,4,4,2.000,351.9,196.618,8.564,0.00732,0.00099,0.01186;0.01091;0.01010;0.00933;0.00715;0.00619;0.00620;0.00526;0.00338;0.00237,
line-a-r01672,line-a,line-a-e30,33.2042705,-116.1496364,180.0,line-a-e31,33.2044299,-116.1494468,180.0,line-a-e35,33.2050675,-116.1486884,180.0,line-a-e36,33.2052269,-116.1484988,180.0,2026-08-17T20:24:24Z,dipole-dipole,4,7,1.662,481.3,207.170,7.128,0.00629,0.00086,0.00979;0.01024;0.00838;0.00894;0.00692;0.00548;0.00535;0.00388;0.00335;0.00224,
line-a-r01673,line-a,line-a-e30,33.2042705,-116.1496364,180.0,line-a-e31,33.2044299,-116.1494468,180.0,line-a-e35,33.2050675,-116.1486884,180.0,line-a-e36,33.2052269,-116.1484988,180.0,2026-08-17T20:24:36Z,dipole-dipole,4,3,2.000,277.2,209.489,7.842,0.00379,0.00117,0.00615;0.00551;0.00482;0.00495;0.00386;0.00380;0.00285;0.00234;0.00192;0.00133,
line-a-r01674,line-a,line-a-e30,33.2042705,-116.1496364,180.0,line-a-e31,33.2044299,-116.1494468,180.0,line-a-e36,33.2052269,-116.1484988,180.0,line-a-e37,33.2053863,-116.1483092,180.0,2026-08-17T20:24:48Z,dipole-dipole,5,5,2.000,341.4,190.675,8.323,0.00543,0.00094,0.00833;0.00739;0.00784;0.00766;0.00640;0.00488;0.00446;0.00335;0.00265;0.00196,
line-a-r01675,line-a,line-a-e30,33.2042705,-116.1496364,180.0,line-a-e31,33.2044299,-116.1494468,180.0,line-a-e36,33.2052269,-116.1484988,180.0,line-a-e37,33.2053863,-116.1483092,180.0,2026-08-17T20:25:00Z,dipole-dipole,5,8,2.000,384.8,199.946,6.094,0.00511,0.00093,0.00733;0.00737;0.00679;0.00663;0.00582;0.00548;0.00423;0.00345;0.00216;0.00190,
line-a-r01676,line-a,line-a-e30,33.2042705,-116.1496364,180.0,line-a-e31,33.2044299,-116.1494468,180.0,line-a-e36,33.2052269,-116.1484988,180.0,line-a-e37,33.2053863,-116.1483092,180.0,2026-08-17T20:25:12Z,dipole-dipole,5,5,1.565,511.2,204.722,8.173,0.00495,0.00088,0.00792;0.00683;0.00692;0.00579;0.00545;0.00458;0.00371;0.00293;0.00237;0.00181,
line-a-r01677,line-a,line-a-e30,33.2042705,-116.1496364,180.0,line-a-e31,33.2044299,-116.1494468,180.0,line-a-e36,33.2052269,-116.1484988,180.0,line-a-e37,33.2053863,-116.1483092,180.0,2026-08-17T20:25:24Z,dipole-dipole,5,8,2.000,262.2,193.965,6.140,0.00493,0.00098,0.00787;0.00770;0.00663;0.00632;0.00562;0.00447;0.00405;0.00306;0.00251;0.00172,
line-a-r01678,line-a,line-a-e30,33.2042705,-116.1496364,180.0,line-a-e31,33.2044299,-116.1494468,180.0,line-a-e36,33.2052269,-116.1484988,180.0,line-a-e37,33.2053863,-116.1483092,180.0,2026-08-17T20:25:36Z,dipole-dipole,5,8,2.000,315.3,189.269,8.968,0.00636,0.00103,0.01059;0.00845;0.00931;0.00790;0.00735;0.00564;0.00495;0.00406;0.00313;0.00239,
line-a-r01679,line-a,line-a-e30,33.2042705,-116.1496364,180.0,line-a-e31,33.2044299,-116.1494468,180.0,line-a-e36,33.2052269,-116.1484988,180.0,line-a-e37,33.2053863,-116.1483092,180.0,2026-08-17T20:25:48Z,dipole-dipole,5,4,2.000,313.1,198.093,7.806,0.00491,0.00085,0.00749;0.00872;0.00741;0.00571;0.00530;0.00499;0.00399;0.00342;0.00203;0.00158,
line-a-r01680,line-a,line-a-e30,33.2042705,-116.1496364,180.0,line-a-e31,33.2044299,-116.1494468,180.0,line-a-e36,33.2052269,-116.1484988,180.0,line-a-e37,33.2053863,-116.1483092,180.0,2026-08-17T20:26:00Z,dipole-dipole,5,4,2.000,304.9,194.369,7.892,0.00412,0.00118,0.00627;0.00582;0.00535;0.00499;0.00459;0.00405;0.00327;0.00278;0.00215;0.00146,
line-a-r01681,line-a,line-a-e30,33.2042705,-116.1496364,180.0,line-a-e31,33.2044299,-116.1494468,180.0,line-a-e37,33.2053863,-116.1483092,180.0,line-a-e38,33.2055457,-116.1481196,180.0,2026-08-17T20:26:12Z,dipole-dipole,6,6,2.000,310.3,190.206,8.722,0.00617,0.00117,0.00958;0.00810;0.00867;0.00787;0.00654;0.00608;0.00513;0.00386;0.00306;0.00202,
line-a-r01682,line-a,line-a-e30,33.2042705,-116.1496364,180.0,line-a-e31,33.2044299,-116.1494468,180.0,line-a-e37,33.2053863,-116.1483092,180.0,line-a-e38,33.2055457,-116.1481196,180.0,2026-08-17T20:26:24Z,dipole-dipole,6,6,2.000,310.6,204.649,5.704,0.00426,0.00101,0.00635;0.00594;0.00553;0.00586;0.00485;0.00377;0.00331;0.00282;0.00205;0.00171,
line-a-r01683,line-a,line-a-e30,33.2042705,-116.1496364,180.0,line-a-e31,33.2044299,-116.1494468,180.0,line-a-e37,33.2053863,-116.1483092,180.0,line-a-e38,33.2055457,-116.1481196,180.0,2026-08-17T20:26:36Z,dipole-dipole,6,8,2.000,363.4,192.824,8.736,0.00627,0.00113,0.00945;0.01025;0.00857;0.00809;0.00685;0.00725;0.00473;0.00480;0.00329;0.00212,
line-a-r01684,line-a,line-a-e30,33.2042705,-116.1496364,180.0,line-a-e31,33.2044299,-116.1494468,180.0,line-a-e37,33.2053863,-116.1483092,180.0,line-a-e38,33.2055457,-116.1481196,180.0,2026-08-17T20:26:48Z,dipole-dipole,6,7,1.942,412.0,200.982,7.364,0.00598,0.00087,0.00944;0.00872;0.00676;0.00803;0.00659;0.00509;0.00465;0.00408;0.00310;0.00212,
line-a-r01685,line-a,line-a-e30,33.2042705,-116.1496364,180.0,line-a-e31,33.2044299,-116.1494468,180.0,line-a-e37,33.2053863,-116.1483092,180.0,line-a-e38,33.2055457,-116.1481196,180.0,2026-08-17T20:27:00Z,dipole-dipole,6,5,2.000,323.6,202.153,7.596,0.00612,0.00111,0.00930;0.00820;0.00829;0.00792;0.00670;0.00574;0.00477;0.00368;0.00313;0.00222,
line-a-r01686,line-a,line-a-e30,33.2042705,-116.1496364,180.0,line-a-e31,33.2044299,-116.1494468,180.0,line-a-e37,33.2053863,-116.1483092,180.0,line-a-e38,33.2055457,-116.1481196,180.0,2026-08-17T20:27:12Z,dipole-dipole,6,8,2.000,315.4,189.001,8.690,0.00553,0.00089,0.00982;0.00737;0.00697;0.00728;0.00586;0.00519;0.00431;0.00362;0.00247;0.00205,
line-a-r01687,line-a,line-a-e30,33.2042705,-116.1496364,180.0,line-a-e31,33.2044299,-116.1494468,180.0,line-a-e38,33.2055457,-116.1481196,180.0,line-a-e39,33.2057050,-116.1479300,180.0,2026-08-17T20:27:24Z,dipole-dipole,7,5,2.000,346.4,202.869,7.869,0.00510,0.00131,0.00766;0.00740;0.00696;0.00561;0.00591;0.00495;0.00407;0.00311;0.00255;0.00174,
line-a-r01688,line-a,line-a-e30,33.2042705,-116.1496364,180.0,line-a-e31,33.2044299,-116.1494468,180.0,line-a-e38,33.2055457,-116.1481196,180.0,line-a-e39,33.2057050,-116.1479300,180.0,2026-08-17T20:27:36Z,dipole-dipole,7,8,2.000,285.1,196.461,7.724,0.00206,0.00086,0.00292;0.00332;0.00255;0.00265;0.00233;0.00184;0.00160;0.00127;0.00097;0.00067,
line-a-r01689,line-a,line-a-e30,33.2042705,-116.1496364,180.0,line-a-e31,33.2044299,-116.1494468,180.0,line-a-e38,33.2055457,-116.1481196,180.0,line-a-e39,33.2057050,-116.1479300,180.0,2026-08-17T20:27:48Z,dipole-dipole,7,6,2.000,370.3,197.866,5.952,0.00557,0.00100,0.00964;0.00775;0.00815;0.00671;0.00684;0.00525;0.00425;0.00353;0.00278;0.00206,
line-a-r01690,line-a,line-a-e30,33.2042705,-116.1496364,180.0,line-a-e31,33.2044299,-116.1494468,180.0,line-a-e38,33.2055457,-116.1481196,180.0,line-a-e39,33.2057050,-116.1479300,180.0,2026-08-17T20:28:00Z,dipole-dipole,7,4,2.000,292.4,207.322,6.552,0.00528,0.00096,0.00892;0.00808;0.00758;0.00694;0.00665;0.00494;0.00401;0.00351;0.00231;0.00183,
line-a-r01691,line-a,line-a-e30,33.2042705,-116.1496364,180.0,line-a-e31,33.2044299,-116.1494468,180.0,line-a-e38,33.2055457,-116.1481196,180.0,line-a-e39,33.2057050,-116.1479300,180.0,2026-08-17T20:28:12Z,dipole-dipole,7,6,2.000,339.8,197.823,5.987,0.00520,0.00105,0.00826;0.00881;0.00744;0.00607;0.00576;0.00531;0.00443;0.00344;0.00280;0.00184,
line-a-r01692,line-a,line-a-e30,33.2042705,-116.1496364,180.0,line-a-e31,33.2044299,-116.1494468,180.0,line-a-e38,33.2055457,-116.1481196,180.0,line-a-e39,33.2057050,-116.1479300,180.0,2026-08-17T20:28:24Z,dipole-dipole,7,8,2.000,363.1,196.966,7.576,0.00443,0.00126,0.00655;0.00670;0.00639;0.00553;0.00449;0.00369;0.00338;0.00286;0.00216;0.00158,
line-a-r01693,line-a,line-a-e30,33.2042705,-116.1496364,180.0,line-a-e31,33.2044299,-116.1494468,180.0,line-a-e38,33.2055457,-116.1481196,180.0,line-a-e39,33.2057050,-116.1479300,180.0,2026-08-17T20:28:36Z,dipole-dipole,7,6,2.000,319.4,200.703,415.345,0.00392,0.00103,0.00625;0.00605;0.00557;0.00459;0.00380;0.00357;0.00295;0.00236;0.00190;0.00136,
line-a-r01694,line-a,line-a-e30,33.2042705,-116.1496364,180.0,line-a-e31,33.2044299,-116.1494468,180.0,line-a-e39,33.2057050,-116.1479300,180.0,line-a-e40,33.2058644,-116.1477404,180.0,2026-08-17T20:28:48Z,dipole-dipole,8,4,2.000,307.0,201.846,7.548,0.00473,0.00067,0.00751;0.00678;0.00651;0.00608;0.00562;0.00451;0.00361;0.00287;0.00234;0.00164,
line-a-r01695,line-a,line-a-e30,33.2042705,-116.1496364,180.0,line-a-e31,33.2044299,-116.1494468,180.0,line-a-e39,33.2057050,-116.1479300,180.0,line-a-e40,33.2058644,-116.1477404,180.0,2026-08-17T20:29:00Z,dipole-dipole,8,7,2.000,259.8,194.154,7.656,0.00457,0.00096,0.00748;0.00671;0.00630;0.00577;0.00530;0.00401;0.00344;0.00307;0.00230;0.00156,
line-a-r01696,line-a,line-a-e30,33.2042705,-116.1496364,180.0,line-a-e31,33.2044299,-116.1494468,180.0,line-a-e39,33.2057050,-116.1479300,180.0,line-a-e40,33.2058644,-116.1477404,180.0,2026-08-17T20:29:12Z,dipole-dipole,8,6,2.000,380.5,183.834,7.979,0.00445,0.00120,0.00753;0.00709;0.00572;0.00500;0.00539;0.00433;0.00334;0.00293;0.00223;0.00147,
line-a-r01697,line-a,line-a-e30,33.2042705,-116.1496364,180.0,line-a-e31,33.2044299,-116.1494468,180.0,line-a-e39,33.2057050,-116.1479300,180.0,line-a-e40,33.2058644,-116.1477404,180.0,2026-08-17T20:29:24Z,dipole-dipole,8,5,2.000,378.3,196.539,6.855,0.00610,0.00101,0.00948;0.00937;0.00833;0.00673;0.00668;0.00507;0.00525;0.00412;0.00290;0.00210,
line-a-r01698,line-a,line-a-e30,33.2042705,-116.1496364,180.0,line-a-e31,33.2044299,-116.1494468,180.0,line-a-e39,33.2057050,-116.1479300,180.0,line-a-e40,33.2058644,-116.1477404,180.0,2026-08-17T20:29:36Z,dipole-dipole,8,4,1.986,402.8,200.578,6.688,0.00606,0.00089,0.00845;0.00895;0.00873;0.00809;0.00664;0.00545;0.00474;0.00389;0.00286;0.00268,
line-a-r01699,line-a,line-a-e30,33.2042705,-116.1496364,180.0,line-a-e31,33.2044299,-116.1494468,180.0,line-a-e39,33.2057050,-116.1479300,180.0,line-a-e40,33.2058644,-116.1477404,180.0,2026-08-17T20:29:48Z,dipole-dipole,8,5,2.000,342.9,197.849,8.095,0.00455,0.00092,0.00697;0.00718;0.00628;0.00515;0.00548;0.00433;0.00369;0.00302;0.00213;0.00155,
line-a-r01700,line-a,line-a-e30,33.2042705,-116.1496364,180.0,line-a-e31,33.2044299,-116.1494468,180.0,line-a-e39,33.2057050,-116.1479300,180.0,line-a-e40,33.2058644,-116.1477404,180.0,2026-08-17T20:30:00Z,dipole-dipole,8,7,2.000,345.7,205.411,6.666,0.00487,0.00087,0.00792;0.00760;0.00674;0.00616;0.00534;0.00497;0.00392;0.00337;0.00290;0.00179,
line-a-r01701,line-a,line-a-e31,33.2044299,-116.1494468,180.0,line-a-e32,33.2045893,-116.1492572,180.0,line-a-e33,33.2047487,-116.1490676,180.0,line-a-e34,33.2049081,-116.1488780,180.0,2026-08-17T20:30:12Z,dipole-dipole,1,5,2.000,340.6,207.708,8.257,0.00586,0.00091,0.00965;0.00838;0.00832;0.00729;0.00609;0.00569;0.00451;0.00384;0.00266;0.00212,
line-a-r01702,line-a,line-a-e31,33.2044299,-116.1494468,180.0,line-a-e32,33.2045893,-116.1492572,180.0,line-a-e33,33.2047487,-116.1490676,180.0,line-a-e34,33.2049081,-116.1488780,180.0,2026-08-17T20:30:24Z,dipole-dipole,1,6,2.000,346.6,207.637,6.268,0.00481,0.00117,0.00736;0.00744;0.00642;0.00669;0.00501;0.00456;0.00392;0.00327;0.00218;0.00183,
line-a-r01703,line-a,line-a-e31,33.2044299,-116.1494468,180.0,line-a-e32,33.2045893,-116.1492572,180.0,line-a-e33,33.2047487,-116.1490676,180.0,line-a-e34,33.2049081,-116.1488780,180.0,2026-08-17T20:30:36Z,dipole-dipole,1,8,2.000,337.9,190.176,7.144,0.00469,0.00116,0.00747;0.00815;0.00613;0.00546;0.00553;0.00491;0.00348;0.00289;0.00241;0.00184,
line-a-r01704,line-a,line-a-e31,33.2044299,-116.1494468,180.0,line-a-e32,33.2045893,-116.1492572,180.0,line-a-e33,33.2047487,-116.1490676,180.0,line-a-e34,33.2049081,-116.1488780,180.0,2026-08-17T20:30:48Z,dipole-dipole,1,3,2.000,361.3,200.912,6.995,0.00400,0.00087,0.00676;0.00564;0.00540;0.00473;0.00412;0.00387;0.00313;0.00231;0.00185;0.00145,
line-a-r01705,line-a,line-a-e31,33.2044299,-116.1494468,180.0,line-a-e32,33.2045893,-116.1492572,180.0,line-a-e33,33.2047487,-116.1490676,180.0,line-a-e34,33.2049081,-116.1488780,180.0,2026-08-17T20:31:00Z,dipole-dipole,1,5,2.000,352.1,211.367,7.126,0.00500,0.00109,0.00779;0.00661;0.00748;0.00662;0.00546;0.00455;0.00419;0.00297;0.00252;0.00175,
line-a-r01706,line-a,line-a-e31,33.2044299,-116.1494468,180.0,line-a-e32,33.2045893,-116.1492572,180.0,line-a-e33,33.2047487,-116.1490676,180.0,line-a-e34,33.2049081,-116.1488780,180.0,2026-08-17T20:31:12Z,dipole-dipole,1,4,2.000,330.7,199.296,8.774,0.00295,0.00125,0.00492;0.00447;0.00406;0.00353;0.00277;0.00259;0.00248;0.00204;0.00141;0.00110,
line-a-r01707,line-a,line-a-e31,33.2044299,-116.1494468,180.0,line-a-e32,33.2045893,-116.1492572,180.0,line-a-e34,33.2049081,-116.1488780,180.0,line-a-e35,33.2050675,-116.1486884,180.0,2026-08-17T20:31:24Z,dipole-dipole,2,7,2.000,375.6,210.222,6.603,0.00449,0.00098,0.00686;0.00660;0.00638;0.00528;0.00501;0.00418;0.00327;0.00286;0.00216;0.00168,
line-a-r01708,line-a,line-a-e31,33.2044299,-116.1494468,180.0,line-a-e32,33.2045893,-116.1492572,180.0,line-a-e34,33.2049081,-116.1488780,180.0,line-a-e35,33.2050675,-116.1486884,180.0,2026-08-17T20:31:36Z,dipole-dipole,2,6,2.000,311.6,202.669,8.347,0.00556,0.00086,0.00815;0.00837;0.00669;0.00641;0.00651;0.00534;0.00448;0.00348;0.00256;0.00197,
line-a-r01709,line-a,line-a-e31,33.2044299,-116.1494468,180.0,line-a-e32,33.2045893,-116.1492572,180.0,line-a-e34,33.2049081,-116.1488780,180.0,line-a-e35,33.2050675,-116.1486884,180.0,2026-08-17T20:31:48Z,dipole-dipole,2,3,2.000,299.1,192.167,8.367,0.00267,0.00086,0.00434;0.00393;0.00362;0.00333;0.00286;0.00260;0.00219;0.00159;0.00143;0.00088,
line-a-r01710,line-a,line-a-e31,33.2044299,-116.1494468,180.0,line-a-e32,33.2045893,-116.1492572,180.0,line-a-e34,33.2049081,-116.1488780,180.0,line-a-e35,33.2050675,-116.1486884,180.0,2026-08-17T20:32:00Z,dipole-dipole,2,4,2.000,370.9,191.551,5.411,0.00510,0.00091,0.00820;0.00764;0.00719;0.00593;0.00545;0.00489;0.00441;0.00317;0.00257;0.00181,
line-a-r01711,line-a,line-a-e31,33.2044299,-116.1494468,180.0,line-a-e32,33.2045893,-116.1492572,180.0,line-a-e34,33.2049081,-116.1488780,180.0,line-a-e35,33.2050675,-116.1486884,180.0,2026-08-17T20:32:12Z,dipole-dipole,2,5,1.969,406.3,197.479,7.818,0.00521,0.00143,0.00793;0.00720;0.00743;0.00598;0.00574;0.00468;0.00427;0.00319;0.00257;0.00196,
line-a-r01712,line-a,line-a-e31,33.2044299,-116.1494468,180.0,line-a-e32,33.2045893,-116.1492572,180.0,line-a-e34,33.2049081,-116.1488780,180.0,line-a-e35,33.2050675,-116.1486884,180.0,2026-08-17T20:32:24Z,dipole-dipole,2,8,2.000,355.9,207.591,9.298,0.00487,0.00070,0.00691;0.00760;0.00649;0.00613;0.00522;0.00520;0.00411;0.00342;0.00225;0.00157,
line-a-r01713,line-a,line-a-e31,33.2044299,-116.1494468,180.0,line-a-e32,33.2045893,-116.1492572,180.0,line-a-e35,33.2050675,-116.1486884,180.0,line-a-e36,33.2052269,-116.1484988,180.0,2026-08-17T20:32:36Z,dipole-dipole,3,7,2.000,331.4,206.349,10.114,0.00414,0.00089,0.00632;0.00690;0.00505;0.00516;0.00456;0.00395;0.00310;0.00271;0.00215;0.00122,
line-a-r01714,line-a,line-a-e31,33.2044299,-116.1494468,180.0,line-a-e32,33.2045893,-116.1492572,180.0,line-a-e35,33.2050675,-116.1486884,180.0,line-a-e36,33.2052269,-116.1484988,180.0,2026-08-17T20:32:48Z,dipole-dipole,3,6,2.000,310.7,204.622,8.009,0.00538,0.00123,0.00908;0.00855;0.00681;0.00664;0.00530;0.00543;0.00468;0.00383;0.00267;0.00183,
line-a-r01715,line-a,line-a-e31,33.2044299,-116.1494468,180.0,line-a-e32,33.2045893,-116.1492572,180.0,line-a-e35,33.2050675,-116.1486884,180.0,line-a-e36,33.2052269,-116.1484988,180.0,2026-08-17T20:33:00Z,dipole-dipole,3,3,2.000,277.8,211.090,7.941,0.00444,0.00100,0.00715;0.00656;0.00594;0.00498;0.00506;0.00407;0.00322;0.00290;0.00233;0.00152,
line-a-r01716,line-a,line-a-e31,33.2044299,-116.1494468,180.0,line-a-e32,33.2045893,-116.1492572,180.0,line-a-e35,33.2050675,-116.1486884,180.0,line-a-e36,33.2052269,-116.1484988,180.0,2026-08-17T20:33:12Z,dipole-dipole,3,7,2.000,277.1,185.628,7.615,0.00413,0.00145,0.00628;0.00602;0.00534;0.00491;0.00498;0.00369;0.00333;0.00263;0.00195;0.00140,
line-a-r01717,line-a,line-a-e31,33.2044299,-116.1494468,180.0,line-a-e32,33.2045893,-116.1492572,180.0,line-a-e35,33.2050675,-116.1486884,180.0,line-a-e36,33.2052269,-116.1484988,180.0,2026-08-17T20:33:24Z,dipole-dipole,3,5,2.000,298.5,203.537,7.230,0.00575,0.00104,0.00833;0.00873;0.00774;0.00729;0.00597;0.00525;0.00448;0.00349;0.00278;0.00211,
line-a-r01718,line-a,line-a-e31,33.2044299,-116.1494468,180.0,line-a-e32,33.2045893,-116.1492572,180.0,line-a-e35,33.2050675,-116.1486884,180.0,line-a-e36,33.2052269,-116.1484988,180.0,2026-08-17T20:33:36Z,dipole-dipole,3,3,1.904,420.3,193.934,7.665,0.00359,0.00125,0.00510;0.00527;0.00480;0.00463;0.00385;0.00369;0.00284;0.00215;0.00179;0.00131,
line-a-r01719,line-a,line-a-e31,33.2044299,-116.1494468,180.0,line-a-e32,33.2045893,-116.1492572,180.0,line-a-e36,33.2052269,-116.1484988,180.0,line-a-e37,33.2053863,-116.1483092,180.0,2026-08-17T20:33:48Z,dipole-dipole,4,3,2.000,390.8,185.801,6.854,0.00459,0.00143,0.00768;0.00675;0.00674;0.00575;0.00535;0.00462;0.00343;0.00285;0.00226;0.00194,
line-a-r01720,line-a,line-a-e31,33.2044299,-116.1494468,180.0,line-a-e32,33.2045893,-116.1492572,180.0,line-a-e36,33.2052269,-116.1484988,180.0,line-a-e37,33.2053863,-116.1483092,180.0,2026-08-17T20:34:00Z,dipole-dipole,4,4,2.000,352.2,208.733,6.488,0.00450,0.00113,0.00707;0.00593;0.00634;0.00563;0.00456;0.00443;0.00350;0.00294;0.00239;0.00142,
line-a-r01721,line-a,line-a-e31,33.2044299,-116.1494468,180.0,line-a-e32,33.2045893,-116.1492572,180.0,line-a-e36,33.2052269,-116.1484988,180.0,line-a-e37,33.2053863,-116.1483092,180.0,2026-08-17T20:34:12Z,dipole-dipole,4,6,2.000,238.8,210.821,9.024,0.00461,0.00108,0.00710;0.00666;0.00605;0.00578;0.00485;0.00453;0.00368;0.00299;0.00201;0.00183,
line-a-r01722,line-a,line-a-e31,33.2044299,-116.1494468,180.0,line-a-e32,33.2045893,-116.1492572,180.0,line-a-e36,33.2052269,-116.1484988,180.0,line-a-e37,33.2053863,-116.1483092,180.0,2026-08-17T20:34:24Z,dipole-dipole,4,8,2.000,344.1,194.616,9.450,0.00574,0.00113,0.00867;0.00872;0.00780;0.00729;0.00558;0.00550;0.00493;0.00374;0.00284;0.00191,
line-a-r01723,line-a,line-a-e31,33.2044299,-116.1494468,180.0,line-a-e32,33.2045893,-116.1492572,180.0,line-a-e36,33.2052269,-116.1484988,180.0,line-a-e37,33.2053863,-116.1483092,180.0,2026-08-17T20:34:36Z,dipole-dipole,4,4,2.000,293.2,201.255,9.641,0.00481,0.00131,0.00785;0.00718;0.00671;0.00533;0.00503;0.00436;0.00381;0.00346;0.00225;0.00176,
line-a-r01724,line-a,line-a-e31,33.2044299,-116.1494468,180.0,line-a-e32,33.2045893,-116.1492572,180.0,line-a-e36,33.2052269,-116.1484988,180.0,line-a-e37,33.2053863,-116.1483092,180.0,2026-08-17T20:34:48Z,dipole-dipole,4,7,2.000,353.6,197.800,7.229,0.00361,0.00090,0.00597;0.00567;0.00469;0.00477;0.00400;0.00350;0.00277;0.00236;0.00167;0.00126,
line-a-r01725,line-a,line-a-e31,33.2044299,-116.1494468,180.0,line-a-e32,33.2045893,-116.1492572,180.0,line-a-e36,33.2052269,-116.1484988,180.0,line-a-e37,33.2053863,-116.1483092,180.0,2026-08-17T20:35:00Z,dipole-dipole,4,8,2.000,398.3,207.723,8.269,0.00732,0.00086,0.01057;0.01047;0.01089;0.00881;0.00720;0.00711;0.00649;0.00457;0.00363;0.00253,
line-a-r01726,line-a,line-a-e31,33.2044299,-116.1494468,180.0,line-a-e32,33.2045893,-116.1492572,180.0,line-a-e37,33.2053863,-116.1483092,180.0,line-a-e38,33.2055457,-116.1481196,180.0,2026-08-17T20:35:12Z,dipole-dipole,5,3,2.000,366.7,201.463,7.541,0.00457,0.00107,0.00689;0.00623;0.00615;0.00531;0.00503;0.00439;0.00373;0.00299;0.00242;0.00179,
line-a-r01727,line-a,line-a-e31,33.2044299,-116.1494468,180.0,line-a-e32,33.2045893,-116.1492572,180.0,line-a-e37,33.2053863,-116.1483092,180.0,line-a-e38,33.2055457,-116.1481196,180.0,2026-08-17T20:35:24Z,dipole-dipole,5,6,2.000,342.1,196.841,5.548,0.00444,0.00077,0.00677;0.00640;0.00577;0.00500;0.00490;0.00364;0.00321;0.00308;0.00218;0.00149,
line-a-r01728,line-a,line-a-e31,33.2044299,-116.1494468,180.0,line-a-e32,33.2045893,-116.1492572,180.0,line-a-e37,33.2053863,-116.1483092,180.0,line-a-e38,33.2055457,-116.1481196,180.0,2026-08-17T20:35:36Z,dipole-dipole,5,7,2.000,304.6,198.118,7.004,0.00288,0.00092,0.00422;0.00444;0.00415;0.00340;0.00314;0.00276;0.00246;0.00187;0.00139;0.00113,
line-a-r01729,line-a,line-a-e31,33.2044299,-116.1494468,180.0,line-a-e32,33.2045893,-116.1492572,180.0,line-a-e37,33.2053863,-116.1483092,180.0,line-a-e38,33.2055457,-116.1481196,180.0,2026-08-17T20:35:48Z,dipole-dipole,5,6,2.000,371.6,188.775,6.741,0.00481,0.00107,0.00759;0.00780;0.00643;0.00550;0.00556;0.00527;0.00362;0.00325;0.00238;0.00158,
line-a-r01730,line-a,line-a-e31,33.2044299,-116.1494468,180.0,line-a-e32,33.2045893,-116.1492572,180.0,line-a-e37,33.2053863,-116.1483092,180.0,line-a-e38,33.2055457,-116.1481196,180.0,2026-08-17T20:36:00Z,dipole-dipole,5,8,2.000,226.0,198.440,7.012,0.00340,0.00140,0.00541;0.00490;0.00466;0.00403;0.00332;0.00340;0.00282;0.00189;0.00165;0.00116,
line-a-r01731,line-a,line-a-e31,33.2044299,-116.1494468,180.0,line-a-e32,33.2045893,-116.1492572,180.0,line-a-e37,33.2053863,-116.1483092,180.0,line-a-e38,33.2055457,-116.1481196,180.0,2026-08-17T20:36:12Z,dipole-dipole,5,5,2.000,356.3,187.507,6.180,0.00354,0.00118,0.00611;0.00500;0.00461;0.00451;0.00403;0.00333;0.00283;0.00248;0.00185;0.00113,
line-a-r01732,line-a,line-a-e31,33.2044299,-116.1494468,180.0,line-a-e32,33.2045893,-116.1492572,180.0,line-a-e38,33.2055457,-116.1481196,180.0,line-a-e39,33.2057050,-116.1479300,180.0,2026-08-17T20:36:24Z,dipole-dipole,6,7,2.000,358.4,201.812,7.294,0.00529,0.00129,0.00891;0.00866;0.00740;0.00648;0.00606;0.00533;0.00428;0.00314;0.00258;0.00200,
line-a-r01733,line-a,line-a-e31,33.2044299,-116.1494468,180.0,line-a-e32,33.2045893,-116.1492572,180.0,line-a-e38,33.2055457,-116.1481196,180.0,line-a-e39,33.2057050,-116.1479300,180.0,2026-08-17T20:36:36Z,dipole-dipole,6,5,1.887,423.9,193.196,6.875,0.00681,0.00123,0.01054;0.01134;0.00917;0.00756;0.00713;0.00579;0.00527;0.00452;0.00327;0.00223,
line-a-r01734,line-a,line-a-e31,33.2044299,-116.1494468,180.0,line-a-e32,33.2045893,-116.1492572,180.0,line-a-e38,33.2055457,-116.1481196,180.0,line-a-e39,33.2057050,-116.1479300,180.0,2026-08-17T20:36:48Z,dipole-dipole,6,7,2.000,392.7,206.050,9.723,0.00488,0.00102,0.00848;0.00707;0.00655;0.00662;0.00560;0.00427;0.00369;0.00304;0.00230;0.00187,
line-a-r01735,line-a,line-a-e31,33.2044299,-116.1494468,180.0,line-a-e32,33.2045893,-116.1492572,180.0,line-a-e38,33.2055457,-116.1481196,180.0,line-a-e39,33.2057050,-116.1479300,180.0,2026-08-17T20:37:00Z,dipole-dipole,6,5,2.000,256.7,195.572,7.476,0.00355,0.00116,0.00588;0.00533;0.00530;0.00423;0.00395;0.00351;0.00277;0.00221;0.00197;0.00128,
line-a-r01736,line-a,line-a-e31,33.2044299,-116.1494468,180.0,line-a-e32,33.2045893,-116.1492572,180.0,line-a-e38,33.2055457,-116.1481196,180.0,line-a-e39,33.2057050,-116.1479300,180.0,2026-08-17T20:37:12Z,dipole-dipole,6,8,2.000,374.9,187.655,7.050,0.00382,0.00091,0.00567;0.00596;0.00487;0.00481;0.00418;0.00335;0.00303;0.00244;0.00211;0.00130,
line-a-r01737,line-a,line-a-e31,33.2044299,-116.1494468,180.0,line-a-e32,33.2045893,-116.1492572,180.0,line-a-e38,33.2055457,-116.1481196,180.0,line-a-e39,33.2057050,-116.1479300,180.0,2026-08-17T20:37:24Z,dipole-dipole,6,4,2.000,314.9,200.653,9.806,0.00490,0.00130,0.00671;0.00684;0.00681;0.00616;0.00524;0.00456;0.00405;0.00291;0.00242;0.00177,
line-a-r01738,line-a,line-a-e31,33.2044299,-116.1494468,180.0,line-a-e32,33.2045893,-116.1492572,180.0,line-a-e38,33.2055457,-116.1481196,180.0,line-a-e39,33.2057050,-116.1479300,180.0,2026-08-17T20:37:36Z,dipole-dipole,6,3,2.000,373.9,209.255,7.204,0.00632,0.00132,0.00977;0.00989;0.00849;0.00788;0.00655;0.00563;0.00490;0.00371;0.00313;0.00234,
line-a-r01739,line-a,line-a-e31,33.2044299,-116.1494468,180.0,line-a-e32,33.2045893,-116.1492572,180.0,line-a-e39,33.2057050,-116.1479300,180.0,line-a-e40,33.2058644,-116.1477404,180.0,2026-08-17T20:37:48Z,dipole-dipole,7,5,2.000,274.0,201.722,7.547,0.00346,0.00120,0.00531;0.00486;0.00446;0.00453;0.00376;0.00345;0.00235;0.00215;0.00169;0.00115,
line-a-r01740,line-a,line-a-e31,33.2044299,-116.1494468,180.0,line-a-e32,33.2045893,-116.1492572,180.0,line-a-e39,33.2057050,-116.1479300,180.0,line-a-e40,33.2058644,-116.1477404,180.0,2026-08-17T20:38:00Z,dipole-dipole,7,3,2.000,275.7,202.037,7.103,0.00515,0.00115,0.00764;0.00728;0.00709;0.00646;0.00607;0.00544;0.00445;0.00326;0.00267;0.00171,
line-a-r01741,line-a,line-a-e31,33.2044299,-116.1494468,180.0,line-a-e32,33.2045893,-116.1492572,180.0,line-a-e39,33.2057050,-116.1479300,180.0,line-a-e40,33.2058644,-116.1477404,180.0,2026-08-17T20:38:12Z,dipole-dipole,7,7,2.000,306.8,205.617,8.652,0.00433,0.00120,0.00717;0.00686;0.00629;0.00538;0.00502;0.00359;0.00333;0.00282;0.00215;0.00153,
line-a-r01742,line-a,line-a-e31,33.2044299,-116.1494468,180.0,line-a-e32,33.2045893,-116.1492572,180.0,line-a-e39,33.2057050,-116.1479300,180.0,line-a-e40,33.2058644,-116.1477404,180.0,2026-08-17T20:38:24Z,dipole-dipole,7,3,2.000,305.0,194.685,10.130,0.00458,0.00104,0.00752;0.00651;0.00593;0.00549;0.00544;0.00409;0.00345;0.00286;0.00251;0.00153,
line-a-r01743,line-a,line-a-e31,33.2044299,-116.1494468,180.0,line-a-e32,33.2045893,-116.1492572,180.0,line-a-e39,33.2057050,-116.1479300,180.0,line-a-e40,33.2058644,-116.1477404,180.0,2026-08-17T20:38:36Z,dipole-dipole,7,7,2.000,364.6,202.676,12.274,0.00262,0.00109,0.00400;0.00368;0.00346;0.00353;0.00274;0.00252;0.00205;0.00200;0.00121;0.00096,
line-a-r01744,line-a,line-a-e31,33.2044299,-116.1494468,180.0,line-a-e32,33.2045893,-116.1492572,180.0,line-a-e39,33.2057050,-116.1479300,180.0,line-a-e40,33.2058644,-116.1477404,180.0,2026-08-17T20:38:48Z,dipole-dipole,7,5,2.000,279.5,203.330,8.054,0.00597,0.00112,0.00999;0.00952;0.00871;0.00739;0.00668;0.00591;0.00446;0.00377;0.00265;0.00229,
line-a-r01745,line-a,line-a-e32,33.2045893,-116.1492572,180.0,line-a-e33,33.2047487,-116.1490676,180.0,line-a-e34,33.2049081,-116.1488780,180.0,line-a-e35,33.2050675,-116.1486884,180.0,2026-08-17T20:39:00Z,dipole-dipole,1,6,1.575,507.9,203.510,6.506,0.00529,0.00121,0.00912;0.00749;0.00710;0.00706;0.00612;0.00526;0.00451;0.00334;0.00253;0.00180,
line-a-r01746,line-a,line-a-e32,33.2045893,-116.1492572,180.0,line-a-e33,33.2047487,-116.1490676,180.0,line-a-e34,33.2049081,-116.1488780,180.0,line-a-e35,33.2050675,-116.1486884,180.0,2026-08-17T20:39:12Z,dipole-dipole,1,5,1.387,576.7,199.629,8.177,0.00579,0.00118,0.00900;0.00890;0.00802;0.00756;0.00631;0.00554;0.00496;0.00409;0.00293;0.00196,
line-a-r01747,line-a,line-a-e32,33.2045893,-116.1492572,180.0,line-a-e33,33.2047487,-116.1490676,180.0,line-a-e34,33.2049081,-116.1488780,180.0,line-a-e35,33.2050675,-116.1486884,180.0,2026-08-17T20:39:24Z,dipole-dipole,1,4,1.637,488.7,215.303,8.907,0.00467,0.00122,0.00800;0.00705;0.00684;0.00634;0.00551;0.00473;0.00338;0.00319;0.00245;0.00165,
line-a-r01748,line-a,line-a-e32,33.2045893,-116.1492572,180.0,line-a-e33,33.2047487,-116.1490676,180.0,line-a-e34,33.2049081,-116.1488780,180.0,line-a-e35,33.2050675,-116.1486884,180.0,2026-08-17T20:39:36Z,dipole-dipole,1,7,1.601,499.7,206.703,7.723,0.00385,0.00119,0.00582;0.00548;0.00665;0.00484;0.00401;0.00394;0.00362;0.00241;0.00186;0.00146,
line-a-r01749,line-a,line-a-e32,33.2045893,-116.1492572,180.0,line-a-e33,33.2047487,-116.1490676,180.0,line-a-e34,33.2049081,-116.1488780,180.0,line-a-e35,33.2050675,-116.1486884,180.0,2026-08-17T20:39:48Z,dipole-dipole,1,3,1.525,524.7,190.336,9.752,0.00761,0.00114,0.01254;0.01095;0.01084;0.00980;0.00790;0.00698;0.00639;0.00469;0.00383;0.00261,
line-a-r01750,line-a,line-a-e32,33.2045893,-116.1492572,180.0,line-a-e33,33.2047487,-116.1490676,180.0,line-a-e34,33.2049081,-116.1488780,180.0,line-a-e35,33.2050675,-116.1486884,180.0,2026-08-17T20:40:00Z,dipole-dipole,1,8,1.987,402.5,192.538,7.798,0.00593,0.00085,0.00847;0.00885;0.00836;0.00668;0.00588;0.00569;0.00413;0.00385;0.00291;0.00191,
line-a-r01751,line-a,line-a-e32,33.2045893,-116.1492572,180.0,line-a-e33,33.2047487,-116.1490676,180.0,line-a-e34,33.2049081,-116.1488780,180.0,line-a-e35,33.2050675,-116.1486884,180.0,2026-08-17T20:40:12Z,dipole-dipole,1,6,1.419,563.8,205.481,6.220,0.00530,0.00118,0.00765;0.00750;0.00771;0.00641;0.00615;0.00473;0.00428;0.00317;0.00269;0.00202,
line-a-r01752,line-a,line-a-e32,33.2045893,-116.1492572,180.0,line-a-e33,33.2047487,-116.1490676,180.0,line-a-e35,33.2050675,-116.1486884,180.0,line-a-e36,33.2052269,-116.1484988,180.0,2026-08-17T20:40:24Z,dipole-dipole,2,5,1.572,509.0,188.363,6.258,0.00515,0.00114,0.00782;0.00823;0.00668;0.00659;0.00572;0.00418;0.00428;0.00306;0.00253;0.00182,
line-a-r01753,line-a,line-a-e32,33.2045893,-116.1492572,180.0,line-a-e33,33.2047487,-116.1490676,180.0,line-a-e35,33.2050675,-116.1486884,180.0,line-a-e36,33.2052269,-116.1484988,180.0,2026-08-17T20:40:36Z,dipole-dipole,2,5,1.461,547.4,205.030,316.046,0.00536,0.00128,0.00878;0.00796;0.00717;0.00671;0.00615;0.00531;0.00461;0.00327;0.00274;0.00176,
line-a-r01754,line-a,line-a-e32,33.2045893,-116.1492572,180.0,line-a-e33,33.2047487,-116.1490676,180.0,line-a-e35,33.2050675,-116.1486884,180.0,line-a-e36,33.2052269,-116.1484988,180.0,2026-08-17T20:40:48Z,dipole-dipole,2,5,1.099,728.0,205.568,6.937,0.00397,0.00097,0.00589;0.00560;0.00490;0.00471;0.00410;0.00353;0.00302;0.00248;0.00176;0.00140,
line-a-r01755,line-a,line-a-e32,33.2045893,-116.1492572,180.0,line-a-e33,33.2047487,-116.1490676,180.0,line-a-e35,33.2050675,-116.1486884,180.0,line-a-e36,33.2052269,-116.1484988,180.0,2026-08-17T20:41:00Z,dipole-dipole,2,6,1.398,572.2,197.075,332.850,0.00543,0.00106,0.00855;0.00909;0.00711;0.00667;0.00618;0.00495;0.00504;0.00352;0.00282;0.00192,
line-a-r01756,line-a,line-a-e32,33.2045893,-116.1492572,180.0,line-a-e33,33.2047487,-116.1490676,180.0,line-a-e35,33.2050675,-116.1486884,180.0,line-a-e36,33.2052269,-116.1484988,180.0,2026-08-17T20:41:12Z,dipole-dipole,2,3,1.500,533.5,201.301,8.873,0.00437,0.00103,0.00716;0.00650;0.00595;0.00531;0.00487;0.00355;0.00311;0.00289;0.00198;0.00151,
line-a-r01757,line-a,line-a-e32,33.2045893,-116.1492572,180.0,line-a-e33,33.2047487,-116.1490676,180.0,line-a-e35,33.2050675,-116.1486884,180.0,line-a-e36,33.2052269,-116.1484988,180.0,2026-08-17T20:41:24Z,dipole-dipole,2,8,1.506,531.1,204.936,5.035,0.00537,0.00116,0.00768;0.00820;0.00742;0.00655;0.00544;0.00528;0.00414;0.00340;0.00260;0.00197,
line-a-r01758,line-a,line-a-e32,33.2045893,-116.1492572,180.0,line-a-e33,33.2047487,-116.1490676,180.0,line-a-e36,33.2052269,-116.1484988,180.0,line-a-e37,33.2053863,-116.1483092,180.0,2026-08-17T20:41:36Z,dipole-dipole,3,6,1.609,497.1,203.569,7.138,0.00477,0.00080,0.00743;0.00650;0.00618;0.00581;0.00565;0.00412;0.00349;0.00303;0.00214;0.00163,
line-a-r01759,line-a,line-a-e32,33.2045893,-116.1492572,180.0,line-a-e33,33.2047487,-116.1490676,180.0,line-a-e36,33.2052269,-116.1484988,180.0,line-a-e37,33.2053863,-116.1483092,180.0,2026-08-17T20:41:48Z,dipole-dipole,3,5,1.432,558.8,198.812,7.198,0.00291,0.00111,0.00431;0.00423;0.00408;0.00320;0.00321;0.00259;0.00221;0.00189;0.00139;0.00111,
line-a-r01760,line-a,line-a-e32,33.2045893,-116.1492572,180.0,line-a-e33,33.2047487,-116.1490676,180.0,line-a-e36,33.2052269,-116.1484988,180.0,line-a-e37,33.2053863,-116.1483092,180.0,2026-08-17T20:42:00Z,dipole-dipole,3,5,1.166,686.2,202.080,7.443,0.00627,0.00097,0.01125;0.00914;0.00884;0.00785;0.00712;0.00619;0.00513;0.00426;0.00310;0.00233,
line-a-r01761,line-a,line-a-e32,33.2045893,-116.1492572,180.0,line-a-e33,33.2047487,-116.1490676,180.0,line-a-e36,33.2052269,-116.1484988,180.0,line-a-e37,33.2053863,-116.1483092,180.0,2026-08-17T20:42:12Z,dipole-dipole,3,8,1.782,448.8,201.709,8.593,0.00332,0.00094,0.00553;0.00516;0.00453;0.00405;0.00368;0.00307;0.00262;0.00205;0.00179;0.00114,
line-a-r01762,line-a,line-a-e32,33.2045893,-116.1492572,180.0,line-a-e33,33.2047487,-116.1490676,180.0,line-a-e36,33.2052269,-116.1484988,180.0,line-a-e37,33.2053863,-116.1483092,180.0,2026-08-17T20:42:24Z,dipole-dipole,3,3,1.792,446.5,208.687,6.683,0.00528,0.00112,0.00871;0.00797;0.00770;0.00683;0.00639;0.00478;0.00395;0.00341;0.00254;0.00177,
line-a-r01763,line-a,line-a-e32,33.2045893,-116.1492572,180.0,line-a-e33,33.2047487,-116.1490676,180.0,line-a-e36,33.2052269,-116.1484988,180.0,line-a-e37,33.2053863,-116.1483092,180.0,2026-08-17T20:42:36Z,dipole-dipole,3,6,1.411,567.1,192.074,6.941,0.00567,0.00103,0.00861;0.00810;0.00723;0.00682;0.00644;0.00581;0.00438;0.00338;0.00273;0.00205,
line-a-r01764,line-a,line-a-e32,33.2045893,-116.1492572,180.0,line-a-e33,33.2047487,-116.1490676,180.0,line-a-e37,33.2053863,-116.1483092,180.0,line-a-e38,33.2055457,-116.1481196,180.0,2026-08-17T20:42:48Z,dipole-dipole,4,3,1.732,461.9,198.951,7.174,0.00507,0.00161,0.00780;0.00800;0.00685;0.00620;0.00606;0.00462;0.00395;0.00308;0.00282;0.00181,
line-a-r01765,line-a,line-a-e32,33.2045893,-116.1492572,180.0,line-a-e33,33.2047487,-116.1490676,180.0,line-a-e37,33.2053863,-116.1483092,180.0,line-a-e38,33.2055457,-116.1481196,180.0,2026-08-17T20:43:00Z,dipole-dipole,4,6,1.232,649.5,212.065,7.440,0.00582,0.00122,0.00959;0.00949;0.00862;0.00718;0.00690;0.00603;0.00513;0.00383;0.00283;0.00212,
line-a-r01766,line-a,line-a-e32,33.2045893,-116.1492572,180.0,line-a-e33,33.2047487,-116.1490676,180.0,line-a-e37,33.2053863,-116.1483092,180.0,line-a-e38,33.2055457,-116.1481196,180.0,2026-08-17T20:43:12Z,dipole-dipole,4,8,1.656,483.1,209.733,8.109,0.00543,0.00115,0.00856;0.00829;0.00714;0.00647;0.00614;0.00547;0.00396;0.00344;0.00239;0.00184,
line-a-r01767,line-a,line-a-e32,33.2045893,-116.1492572,180.0,line-a-e33,33.2047487,-116.1490676,180.0,line-a-e37,33.2053863,-116.1483092,180.0,line-a-e38,33.2055457,-116.1481196,180.0,2026-08-17T20:43:24Z,dipole-dipole,4,6,1.090,734.1,200.657,7.316,0.00404,0.00111,0.00590;0.00660;0.00557;0.00496;0.00471;0.00374;0.00304;0.00256;0.00227;0.00152,
line-a-r01768,line-a,line-a-e32,33.2045893,-116.1492572,180.0,line-a-e33,33.2047487,-116.1490676,180.0,line-a-e37,33.2053863,-116.1483092,180.0,line-a-e38,33.2055457,-116.1481196,180.0,2026-08-17T20:43:36Z,dipole-dipole,4,5,1.240,644.9,197.378,7.622,0.00405,0.00108,0.00639;0.00588;0.00540;0.00514;0.00479;0.00367;0.00295;0.00251;0.00196;0.00132,
line-a-r01769,line-a,line-a-e32,33.2045893,-116.1492572,180.0,line-a-e33,33.2047487,-116.1490676,180.0,line-a-e37,33.2053863,-116.1483092,180.0,line-a-e38,33.2055457,-116.1481196,180.0,2026-08-17T20:43:48Z,dipole-dipole,4,8,1.459,548.4,203.524,205.314,0.00652,0.00109,0.01054;0.00891;0.00955;0.00837;0.00679;0.00624;0.00517;0.00410;0.00312;0.00208,
line-a-r01770,line-a,line-a-e32,33.2045893,-116.1492572,180.0,line-a-e33,33.2047487,-116.1490676,180.0,line-a-e37,33.2053863,-116.1483092,180.0,line-a-e38,33.2055457,-116.1481196,180.0,2026-08-17T20:44:00Z,dipole-dipole,4,7,1.753,456.5,199.179,5.797,0.00827,0.00117,0.01301;0.01123;0.01149;0.01104;0.00862;0.00811;0.00635;0.00496;0.00392;0.00314,
line-a-r01771,line-a,line-a-e32,33.2045893,-116.1492572,180.0,line-a-e33,33.2047487,-116.1490676,180.0,line-a-e37,33.2053863,-116.1483092,180.0,line-a-e38,33.2055457,-116.1481196,180.0,2026-08-17T20:44:12Z,dipole-dipole,4,6,1.266,631.7,202.119,567.629,0.00583,0.00122,0.00877;0.00867;0.00811;0.00690;0.00618;0.00533;0.00465;0.00394;0.00312;0.00197,
line-a-r01772,line-a,line-a-e32,33.2045893,-116.1492572,180.0,line-a-e33,33.2047487,-116.1490676,180.0,line-a-e38,33.2055457,-116.1481196,180.0,line-a-e39,33.2057050,-116.1479300,180.0,2026-08-17T20:44:24Z,dipole-dipole,5,3,1.301,614.8,186.080,7.911,0.00472,0.00113,0.00837;0.00747;0.00710;0.00636;0.00502;0.00447;0.00403;0.00299;0.00264;0.00168,
line-a-r01773,line-a,line-a-e32,33.2045893,-116.1492572,180.0,line-a-e33,33.2047487,-116.1490676,180.0,line-a-e38,33.2055457,-116.1481196,180.0,line-a-e39,33.2057050,-116.1479300,180.0,2026-08-17T20:44:36Z,dipole-dipole,5,7,1.685,474.7,213.888,6.725,0.00474,0.00110,0.00756;0.00751;0.00629;0.00589;0.00570;0.00429;0.00378;0.00300;0.00228;0.00155,
line-a-r01774,line-a,line-a-e32,33.2045893,-116.1492572,180.0,line-a-e33,33.2047487,-116.1490676,180.0,line-a-e38,33.2055457,-116.1481196,180.0,line-a-e39,33.2057050,-116.1479300,180.0,2026-08-17T20:44:48Z,dipole-dipole,5,7,1.314,608.7,198.846,7.911,0.00439,0.00112,0.00725;0.00669;0.00603;0.00611;0.00464;0.00383;0.00355;0.00274;0.00191;0.00168,
line-a-r01775,line-a,line-a-e32,33.2045893,-116.1492572,180.0,line-a-e33,33.2047487,-116.1490676,180.0,line-a-e38,33.2055457,-116.1481196,180.0,line-a-e39,33.2057050,-116.1479300,180.0,2026-08-17T20:45:00Z,dipole-dipole,5,5,1.401,571.0,208.088,6.598,0.00558,0.00119,0.00928;0.00981;0.00754;0.00746;0.00586;0.00570;0.00465;0.00382;0.00264;0.00210,
line-a-r01776,line-a,line-a-e32,33.2045893,-116.1492572,180.0,line-a-e33,33.2047487,-116.1490676,180.0,line-a-e38,33.2055457,-116.1481196,180.0,line-a-e39,33.2057050,-116.1479300,180.0,2026-08-17T20:45:12Z,dipole-dipole,5,3,1.362,587.4,192.348,7.776,0.00566,0.00118,0.00909;0.00775;0.00698;0.00727;0.00621;0.00572;0.00401;0.00382;0.00285;0.00180,
line-a-r01777,line-a,line-a-e32,33.2045893,-116.1492572,180.0,line-a-e33,33.2047487,-116.1490676,180.0,line-a-e38,33.2055457,-116.1481196,180.0,line-a-e39,33.2057050,-116.1479300,180.0,2026-08-17T20:45:24Z,dipole-dipole,5,3,1.045,765.6,198.625,7.966,0.00392,0.00096,0.00619;0.00573;0.00529;0.00485;0.00439;0.00384;0.00291;0.00233;0.00208;0.00130,
line-a-r01778,line-a,line-a-e32,33.2045893,-116.1492572,180.0,line-a-e33,33.2047487,-116.1490676,180.0,line-a-e38,33.2055457,-116.1481196,180.0,line-a-e39,33.2057050,-116.1479300,180.0,2026-08-17T20:45:36Z,dipole-dipole,5,3,1.623,493.0,203.828,8.629,0.00487,0.00101,0.00691;0.00704;0.00718;0.00613;0.00539;0.00446;0.00445;0.00332;0.00235;0.00162,
line-a-r01779,line-a,line-a-e32,33.2045893,-116.1492572,180.0,line-a-e33,33.2047487,-116.1490676,180.0,line-a-e39,33.2057050,-116.1479300,180.0,line-a-e40,33.2058644,-116.1477404,180.0,2026-08-17T20:45:48Z,dipole-dipole,6,4,1.857,430.9,205.849,8.082,0.00420,0.00083,0.00661;0.00584;0.00550;0.00511;0.00460;0.00406;0.00354;0.00297;0.00199;0.00150,
line-a-r01780,line-a,line-a-e32,33.2045893,-116.1492572,180.0,line-a-e33,33.2047487,-116.1490676,180.0,line-a-e39,33.2057050,-116.1479300,180.0,line-a-e40,33.2058644,-116.1477404,180.0,2026-08-17T20:46:00Z,dipole-dipole,6,8,1.327,602.9,202.906,7.389,0.00543,0.00105,0.00822;0.00803;0.00598;0.00726;0.00600;0.00513;0.00428;0.00335;0.00285;0.00176,
line-a-r01781,line-a,line-a-e32,33.2045893,-116.1492572,180.0,line-a-e33,33.2047487,-116.1490676,180.0,line-a-e39,33.2057050,-116.1479300,180.0,line-a-e40,33.2058644,-116.1477404,180.0,2026-08-17T20:46:12Z,dipole-dipole,6,7,1.425,561.3,208.470,7.838,0.00496,0.00092,0.00705;0.00747;0.00657;0.00567;0.00520;0.00455;0.00407;0.00314;0.00212;0.00173,
line-a-r01782,line-a,line-a-e32,33.2045893,-116.1492572,180.0,line-a-e33,33.2047487,-116.1490676,180.0,line-a-e39,33.2057050,-116.1479300,180.0,line-a-e40,33.2058644,-116.1477404,180.0,2026-08-17T20:46:24Z,dipole-dipole,6,5,1.607,497.8,206.654,6.633,0.00679,0.00122,0.01075;0.01063;0.00948;0.00850;0.00703;0.00658;0.00536;0.00417;0.00344;0.00241,
line-a-r01783,line-a,line-a-e32,33.2045893,-116.1492572,180.0,line-a-e33,33.2047487,-116.1490676,180.0,line-a-e39,33.2057050,-116.1479300,180.0,line-a-e40,33.2058644,-116.1477404,180.0,2026-08-17T20:46:36Z,dipole-dipole,6,7,1.110,721.0,190.539,7.859,0.00449,0.00121,0.00742;0.00630;0.00638;0.00586;0.00546;0.00475;0.00329;0.00249;0.00212;0.00153,
line-a-r01784,line-a,line-a-e32,33.2045893,-116.1492572,180.0,line-a-e33,33.2047487,-116.1490676,180.0,line-a-e39,33.2057050,-116.1479300,180.0,line-a-e40,33.2058644,-116.1477404,180.0,2026-08-17T20:46:48Z,dipole-dipole,6,3,1.692,472.7,206.186,6.191,0.00571,0.00105,0.00924;0.00844;0.00690;0.00704;0.00598;0.00524;0.00488;0.00386;0.00257;0.00185,
line-a-r01785,line-a,line-a-e33,33.2047487,-116.1490676,180.0,line-a-e34,33.2049081,-116.1488780,180.0,line-a-e35,33.2050675,-116.1486884,180.0,line-a-e36,33.2052269,-116.1484988,180.0,2026-08-17T20:47:00Z,dipole-dipole,1,7,1.582,505.6,202.809,9.004,0.00573,0.00121,0.00877;0.00827;0.00813;0.00783;0.00598;0.00484;0.00453;0.00387;0.00288;0.00204,
line-a-r01786,line-a,line-a-e33,33.2047487,-116.1490676,180.0,line-a-e34,33.2049081,-116.1488780,180.0,line-a-e35,33.2050675,-116.1486884,180.0,line-a-e36,33.2052269,-116.1484988,180.0,2026-08-17T20:47:12Z,dipole-dipole,1,5,1.586,504.4,-272.847,10.166,0.00554,0.00083,0.01000;0.00778;0.00771;0.00702;0.00652;0.00559;0.00421;0.00368;0.00276;0.00191,
line-a-r01787,line-a,line-a-e33,33.2047487,-116.1490676,180.0,line-a-e34,33.2049081,-116.1488780,180.0,line-a-e35,33.2050675,-116.1486884,180.0,line-a-e36,33.2052269,-116.1484988,180.0,2026-08-17T20:47:24Z,dipole-dipole,1,3,1.800,444.5,191.649,6.909,0.00485,0.00109,0.00774;0.00826;0.00692;0.00574;0.00501;0.00437;0.00367;0.00285;0.00227;0.00170,
line-a-r01788,line-a,line-a-e33,33.2047487,-116.1490676,180.0,line-a-e34,33.2049081,-116.1488780,180.0,line-a-e35,33.2050675,-116.1486884,180.0,line-a-e36,33.2052269,-116.1484988,180.0,2026-08-17T20:47:36Z,dipole-dipole,1,4,1.288,620.9,203.392,8.262,0.00459,0.00103,0.00726;0.00714;0.00633;0.00604;0.00517;0.00419;0.00347;0.00281;0.00233;0.00165,
line-a-r01789,line-a,line-a-e33,33.2047487,-116.1490676,180.0,line-a-e34,33.2049081,-116.1488780,180.0,line-a-e35,33.2050675,-116.1486884,180.0,line-a-e36,33.2052269,-116.1484988,180.0,2026-08-17T20:47:48Z,dipole-dipole,1,3,1.744,458.7,204.438,9.106,0.00597,0.00096,0.01043;0.00924;0.00744;0.00746;0.00606;0.00556;0.00449;0.00381;0.00309;0.00212,
line-a-r01790,line-a,line-a-e33,33.2047487,-116.1490676,180.0,line-a-e34,33.2049081,-116.1488780,180.0,line-a-e35,33.2050675,-116.1486884,180.0,line-a-e36,33.2052269,-116.1484988,180.0,2026-08-17T20:48:00Z,dipole-dipole,1,6,1.173,681.8,208.533,6.620,0.00401,0.00098,0.00627;0.00610;0.00578;0.00509;0.00423;0.00391;0.00313;0.00259;0.00209;0.00140,
line-a-r01791,line-a,line-a-e33,33.2047487,-116.1490676,180.0,line-a-e34,33.2049081,-116.1488780,180.0,line-a-e36,33.2052269,-116.1484988,180.0,line-a-e37,33.2053863,-116.1483092,180.0,2026-08-17T20:48:12Z,dipole-dipole,2,7,1.637,488.8,208.082,9.874,0.00463,0.00135,0.00725;0.00698;0.00633;0.00567;0.00474;0.00410;0.00388;0.00258;0.00217;0.00158,
line-a-r01792,line-a,line-a-e33,33.2047487,-116.1490676,180.0,line-a-e34,33.2049081,-116.1488780,180.0,line-a-e36,33.2052269,-116.1484988,180.0,line-a-e37,33.2053863,-116.1483092,180.0,2026-08-17T20:48:24Z,dipole-dipole,2,8,1.227,652.2,204.891,8.555,0.00414,0.00082,0.00623;0.00674;0.00553;0.00504;0.00435;0.00372;0.00316;0.00249;0.00202;0.00146,
line-a-r01793,line-a,line-a-e33,33.2047487,-116.1490676,180.0,line-a-e34,33.2049081,-116.1488780,180.0,line-a-e36,33.2052269,-116.1484988,180.0,line-a-e37,33.2053863,-116.1483092,180.0,2026-08-17T20:48:36Z,dipole-dipole,2,5,1.370,583.7,200.424,7.130,0.00622,0.00113,0.01024;0.00962;0.00988;0.00764;0.00615;0.00574;0.00487;0.00402;0.00309;0.00257,
line-a-r01794,line-a,line-a-e33,33.2047487,-116.1490676,180.0,line-a-e34,33.2049081,-116.1488780,180.0,line-a-e36,33.2052269,-116.1484988,180.0,line-a-e37,33.2053863,-116.1483092,180.0,2026-08-17T20:48:48Z,dipole-dipole,2,6,1.335,599.0,196.705,6.438,0.00628,0.00097,0.01016;0.00942;0.00863;0.00756;0.00706;0.00540;0.00472;0.00422;0.00310;0.00229,
line-a-r01795,line-a,line-a-e33,33.2047487,-116.1490676,180.0,line-a-e34,33.2049081,-116.1488780,180.0,line-a-e36,33.2052269,-116.1484988,180.0,line-a-e37,33.2053863,-116.1483092,180.0,2026-08-17T20:49:00Z,dipole-dipole,2,8,1.781,449.2,200.962,7.621,0.00400,0.00078,0.00645;0.00589;0.00575;0.00489;0.00443;0.00385;0.00314;0.00261;0.00190;0.00131,
line-a-r01796,line-a,line-a-e33,33.2047487,-116.1490676,180.0,line-a-e34,33.2049081,-116.1488780,180.0,line-a-e36,33.2052269,-116.1484988,180.0,line-a-e37,33.2053863,-116.1483092,180.0,2026-08-17T20:49:12Z,dipole-dipole,2,7,1.436,557.2,192.972,6.280,0.00504,0.00109,0.00734;0.00858;0.00623;0.00725;0.00566;0.00508;0.00420;0.00314;0.00254;0.00166,
line-a-r01797,line-a,line-a-e33,33.2047487,-116.1490676,180.0,line-a-e34,33.2049081,-116.1488780,180.0,line-a-e37,33.2053863,-116.1483092,180.0,line-a-e38,33.2055457,-116.1481196,180.0,2026-08-17T20:49:24Z,dipole-dipole,3,7,1.401,570.9,199.268,6.615,0.00462,0.00146,0.00753;0.00713;0.00593;0.00609;0.00491;0.00452;0.00352;0.00311;0.00228;0.00156,
line-a-r01798,line-a,line-a-e33,33.2047487,-116.1490676,180.0,line-a-e34,33.2049081,-116.1488780,180.0,line-a-e37,33.2053863,-116.1483092,180.0,line-a-e38,33.2055457,-116.1481196,180.0,2026-08-17T20:49:36Z,dipole-dipole,3,4,1.806,442.9,194.747,10.348,0.00495,0.00120,0.00803;0.00704;0.00636;0.00622;0.00574;0.00455;0.00389;0.00291;0.00219;0.00171,
line-a-r01799,line-a,line-a-e33,33.2047487,-116.1490676,180.0,line-a-e34,33.2049081,-116.1488780,180.0,line-a-e37,33.2053863,-116.1483092,180.0,line-a-e38,33.2055457,-116.1481196,180.0,2026-08-17T20:49:48Z,dipole-dipole,3,8,1.420,563.2,188.485,7.985,0.00652,0.00118,0.00993;0.00978;0.00902;0.00760;0.00708;0.00590;0.00519;0.00390;0.00320;0.00223,
line-a-r01800,line-a,line-a-e33,33.2047487,-116.1490676,180.0,line-a-e34,33.2049081,-116.1488780,180.0,line-a-e37,33.2053863,-116.1483092,180.0,line-a-e38,33.2055457,-116.1481196,180.0,2026-08-17T20:50:00Z,dipole-dipole,3,8,1.334,599.9,195.666,6.895,0.00545,0.00121,0.00862;0.00835;0.00757;0.00706;0.00567;0.00527;0.00423;0.00311;0.00270;0.00197,
line-a-r01801,line-a,line-a-e33,33.2047487,-116.1490676,180.0,line-a-e34,33.2049081,-116.1488780,180.0,line-a-e37,33.2053863,-116.1483092,180.0,line-a-e38,33.2055457,-116.1481196,180.0,2026-08-17T20:50:12Z,dipole-dipole,3,3,1.301,615.1,203.966,9.070,0.00372,0.00110,0.00672;0.00575;0.00517;0.00437;0.00411;0.00361;0.00292;0.00244;0.00177;0.00141,
line-a-r01802,line-a,line-a-e33,33.2047487,-116.1490676,180.0,line-a-e34,33.2049081,-116.1488780,180.0,line-a-e37,33.2053863,-116.1483092,180.0,line-a-e38,33.2055457,-116.1481196,180.0,2026-08-17T20:50:24Z,dipole-dipole,3,6,1.205,664.0,194.352,8.697,0.00465,0.00103,0.00767;0.00727;0.00650;0.00580;0.00565;0.00442;0.00387;0.00294;0.00239;0.00175,
line-a-r01803,line-a,line-a-e33,33.2047487,-116.1490676,180.0,line-a-e34,33.2049081,-116.1488780,180.0,line-a-e37,33.2053863,-116.1483092,180.0,line-a-e38,33.2055457,-116.1481196,180.0,2026-08-17T20:50:36Z,dipole-dipole,3,8,1.523,525.3,196.452,7.585,0.00357,0.00097,0.00581;0.00474;0.00543;0.00427;0.00422;0.00335;0.00271;0.00220;0.00174;0.00120,
line-a-r01804,line-a,line-a-e33,33.2047487,-116.1490676,180.0,line-a-e34,33.2049081,-116.1488780,180.0,line-a-e38,33.2055457,-116.1481196,180.0,line-a-e39,33.2057050,-116.1479300,180.0,2026-08-17T20:50:48Z,dipole-dipole,4,8,1.318,607.0,187.053,7.343,0.00484,0.00122,0.00749;0.00661;0.00651;0.00553;0.00492;0.00493;0.00418;0.00293;0.00213;0.00165,
line-a-r01805,line-a,line-a-e33,33.2047487,-116.1490676,180.0,line-a-e34,33.2049081,-116.1488780,180.0,line-a-e38,33.2055457,-116.1481196,180.0,line-a-e39,33.2057050,-116.1479300,180.0,2026-08-17T20:51:00Z,dipole-dipole,4,8,1.587,504.0,193.395,7.290,0.00590,0.00094,0.00921;0.00814;0.00815;0.00678;0.00648;0.00524;0.00487;0.00401;0.00313;0.00214,
line-a-r01806,line-a,line-a-e33,33.2047487,-116.1490676,180.0,line-a-e34,33.2049081,-116.1488780,180.0,line-a-e38,33.2055457,-116.1481196,180.0,line-a-e39,33.2057050,-116.1479300,180.0,2026-08-17T20:51:12Z,dipole-dipole,4,3,1.261,634.5,199.645,8.877,0.00423,0.00105,0.00722;0.00602;0.00608;0.00517;0.00430;0.00416;0.00348;0.00286;0.00206;0.00147,
line-a-r01807,line-a,line-a-e33,33.2047487,-116.1490676,180.0,line-a-e34,33.2049081,-116.1488780,180.0,line-a-e38,33.2055457,-116.1481196,180.0,line-a-e39,33.2057050,-116.1479300,180.0,2026-08-17T20:51:24Z,dipole-dipole,4,3,1.255,637.5,214.317,9.521,0.00514,0.00106,0.00821;0.00777;0.00708;0.00612;0.00553;0.00496;0.00436;0.00320;0.00259;0.00178,
line-a-r01808,line-a,line-a-e33,33.2047487,-116.1490676,180.0,line-a-e34,33.2049081,-116.1488780,180.0,line-a-e38,33.2055457,-116.1481196,180.0,line-a-e39,33.2057050,-116.1479300,180.0,2026-08-17T20:51:36Z,dipole-dipole,4,6,1.453,550.5,209.207,6.734,0.00436,0.00114,0.00662;0.00665;0.00647;0.00571;0.00457;0.00443;0.00338;0.00289;0.00191;0.00140,
line-a-r01809,line-a,line-a-e33,33.2047487,-116.1490676,180.0,line-a-e34,33.2049081,-116.1488780,180.0,line-a-e38,33.2055457,-116.1481196,180.0,line-a-e39,33.2057050,-116.1479300,180.0,2026-08-17T20:51:48Z,dipole-dipole,4,4,1.208,662.3,211.462,5.415,0.00502,0.00109,0.00831;0.00749;0.00719;0.00671;0.00539;0.00494;0.00375;0.00324;0.00241;0.00179,
line-a-r01810,line-a,line-a-e33,33.2047487,-116.1490676,180.0,line-a-e34,33.2049081,-116.1488780,180.0,line-a-e38,33.2055457,-116.1481196,180.0,line-a-e39,33.2057050,-116.1479300,180.0,2026-08-17T20:52:00Z,dipole-dipole,4,8,1.502,532.7,207.177,8.696,0.00397,0.00124,0.00676;0.00624;0.00518;0.00445;0.00443;0.00377;0.00320;0.00276;0.00203;0.00137,
line-a-r01811,line-a,line-a-e33,33.2047487,-116.1490676,180.0,line-a-e34,33.2049081,-116.1488780,180.0,line-a-e38,33.2055457,-116.1481196,180.0,line-a-e39,33.2057050,-116.1479300,180.0,2026-08-17T20:52:12Z,dipole-dipole,4,4,1.537,520.4,185.673,8.976,0.00688,0.00146,0.01050;0.00905;0.00850;0.00890;0.00802;0.00648;0.00526;0.00408;0.00351;0.00236,
line-a-r01812,line-a,line-a-e33,33.2047487,-116.1490676,180.0,line-a-e34,33.2049081,-116.1488780,180.0,line-a-e39,33.2057050,-116.1479300,180.0,line-a-e40,33.2058644,-116.1477404,180.0,2026-08-17T20:52:24Z,dipole-dipole,5,4,1.676,477.3,201.529,8.598,0.00598,0.00095,0.00921;0.00886;0.00758;0.00682;0.00650;0.00581;0.00472;0.00357;0.00284;0.00199,
line-a-r01813,line-a,line-a-e33,33.2047487,-116.1490676,180.0,line-a-e34,33.2049081,-116.1488780,180.0,line-a-e39,33.2057050,-116.1479300,180.0,line-a-e40,33.2058644,-116.1477404,180.0,2026-08-17T20:52:36Z,dipole-dipole,5,4,1.411,566.8,-140.237,7.502,0.00545,0.00096,0.00853;0.00753;0.00742;0.00678;0.00624;0.00549;0.00465;0.00360;0.00269;0.00177,
line-a-r01814,line-a,line-a-e33,33.2047487,-116.1490676,180.0,line-a-e34,33.2049081,-116.1488780,180.0,line-a-e39,33.2057050,-116.1479300,180.0,line-a-e40,33.2058644,-116.1477404,180.0,2026-08-17T20:52:48Z,dipole-dipole,5,5,1.309,611.1,198.589,7.172,0.00421,0.00108,0.00635;0.00642;0.00521;0.00517;0.00450;0.00466;0.00361;0.00248;0.00216;0.00148,
line-a-r01815,line-a,line-a-e33,33.2047487,-116.1490676,180.0,line-a-e34,33.2049081,-116.1488780,180.0,line-a-e39,33.2057050,-116.1479300,180.0,line-a-e40,33.2058644,-116.1477404,180.0,2026-08-17T20:53:00Z,dipole-dipole,5,6,1.604,498.9,206.015,601.096,0.00660,0.00092,0.01142;0.01001;0.00916;0.00930;0.00681;0.00641;0.00565;0.00447;0.00310;0.00232,
line-a-r01816,line-a,line-a-e33,33.2047487,-116.1490676,180.0,line-a-e34,33.2049081,-116.1488780,180.0,line-a-e39,33.2057050,-116.1479300,180.0,line-a-e40,33.2058644,-116.1477404,180.0,2026-08-17T20:53:12Z,dipole-dipole,5,6,1.276,626.8,191.592,7.723,0.00446,0.00097,0.00736;0.00716;0.00634;0.00524;0.00455;0.00470;0.00316;0.00286;0.00232;0.00150,
line-a-r01817,line-a,line-a-e33,33.2047487,-116.1490676,180.0,line-a-e34,33.2049081,-116.1488780,180.0,line-a-e39,33.2057050,-116.1479300,180.0,line-a-e40,33.2058644,-116.1477404,180.0,2026-08-17T20:53:24Z,dipole-dipole,5,4,1.336,598.9,200.144,7.954,0.00625,0.00187,0.00894;0.00986;0.00816;0.00882;0.00690;0.00581;0.00470;0.00428;0.00312;0.00213,
line-a-r01818,line-a,line-a-e34,33.2049081,-116.1488780,180.0,line-a-e35,33.2050675,-116.1486884,180.0,line-a-e36,33.2052269,-116.1484988,180.0,line-a-e37,33.2053863,-116.1483092,180.0,2026-08-17T20:53:36Z,dipole-dipole,1,8,2.000,285.1,199.281,8.819,0.00549,0.00080,0.00825;0.00774;0.00740;0.00722;0.00637;0.00549;0.00432;0.00374;0.00310;0.00208,
line-a-r01819,line-a,line-a-e34,33.2049081,-116.1488780,180.0,line-a-e35,33.2050675,-116.1486884,180.0,line-a-e36,33.2052269,-116.1484988,180.0,line-a-e37,33.2053863,-116.1483092,180.0,2026-08-17T20:53:48Z,dipole-dipole,1,5,2.000,365.4,212.071,7.600,0.00554,0.00107,0.00899;0.00791;0.00749;0.00610;0.00580;0.00486;0.00476;0.00353;0.00258;0.00226,
line-a-r01820,line-a,line-a-e34,33.2049081,-116.1488780,180.0,line-a-e35,33.2050675,-116.1486884,180.0,line-a-e36,33.2052269,-116.1484988,180.0,line-a-e37,33.2053863,-116.1483092,180.0,2026-08-17T20:54:00Z,dipole-dipole,1,3,2.000,374.6,203.295,8.173,0.00415,0.00112,0.00640;0.00602;0.00633;0.00472;0.00476;0.00381;0.00351;0.00287;0.00187;0.00146,
line-a-r01821,line-a,line-a-e34,33.2049081,-116.1488780,180.0,line-a-e35,33.2050675,-116.1486884,180.0,line-a-e36,33.2052269,-116.1484988,180.0,line-a-e37,33.2053863,-116.1483092,180.0,2026-08-17T20:54:12Z,dipole-dipole,1,8,2.000,389.9,207.779,523.274,0.00354,0.00077,0.00575;0.00577;0.00441;0.00456;0.00404;0.00319;0.00282;0.00228;0.00191;0.00120,
line-a-r01822,line-a,line-a-e34,33.2049081,-116.1488780,180.0,line-a-e35,33.2050675,-116.1486884,180.0,line-a-e36,33.2052269,-116.1484988,180.0,line-a-e37,33.2053863,-116.1483092,180.0,2026-08-17T20:54:24Z,dipole-dipole,1,3,2.000,323.6,205.708,6.723,0.00265,0.00113,0.00412;0.00404;0.00372;0.00313;0.00277;0.00253;0.00202;0.00179;0.00127;0.00099,
line-a-r01823,line-a,line-a-e34,33.2049081,-116.1488780,180.0,line-a-e35,33.2050675,-116.1486884,180.0,line-a-e36,33.2052269,-116.1484988,180.0,line-a-e37,33.2053863,-116.1483092,180.0,2026-08-17T20:54:36Z,dipole-dipole,1,4,2.000,374.3,204.672,7.000,0.00549,0.00099,0.00879;0.00842;0.00746;0.00692;0.00630;0.00531;0.00472;0.00394;0.00272;0.00184,
line-a-r01824,line-a,line-a-e34,33.2049081,-116.1488780,180.0,line-a-e35,33.2050675,-116.1486884,180.0,line-a-e36,33.2052269,-116.1484988,180.0,line-a-e37,33.2053863,-116.1483092,180.0,2026-08-17T20:54:48Z,dipole-dipole,1,7,1.897,421.8,215.257,5.313,0.00525,0.00098,0.00872;0.00745;0.00745;0.00732;0.00590;0.00561;0.00398;0.00332;0.00228;0.00178,
line-a-r01825,line-a,line-a-e34,33.2049081,-116.1488780,180.0,line-a-e35,33.2050675,-116.1486884,180.0,line-a-e36,33.2052269,-116.1484988,180.0,line-a-e37,33.2053863,-116.1483092,180.0,2026-08-17T20:55:00Z,dipole-dipole,1,8,2.000,390.4,206.591,8.104,0.00313,0.00106,0.00527;0.00399;0.00445;0.00415;0.00338;0.00337;0.00237;0.00190;0.00147;0.00111,
line-a-r01826,line-a,line-a-e34,33.2049081,-116.1488780,180.0,line-a-e35,33.2050675,-116.1486884,180.0,line-a-e37,33.2053863,-116.1483092,180.0,line-a-e38,33.2055457,-116.1481196,180.0,2026-08-17T20:55:12Z,dipole-dipole,2,3,1.844,433.8,202.161,6.036,0.00666,0.00128,0.01045;0.01016;0.00869;0.00788;0.00789;0.00613;0.00565;0.00398;0.00356;0.00246,
line-a-r01827,line-a,line-a-e34,33.2049081,-116.1488780,180.0,line-a-e35,33.2050675,-116.1486884,180.0,line-a-e37,33.2053863,-116.1483092,180.0,line-a-e38,33.2055457,-116.1481196,180.0,2026-08-17T20:55:24Z,dipole-dipole,2,6,2.000,392.1,190.181,6.400,0.00518,0.00100,0.00871;0.00732;0.00735;0.00674;0.00567;0.00535;0.00431;0.00374;0.00265;0.00183,
line-a-r01828,line-a,line-a-e34,33.2049081,-116.1488780,180.0,line-a-e35,33.2050675,-116.1486884,180.0,line-a-e37,33.2053863,-116.1483092,180.0,line-a-e38,33.2055457,-116.1481196,180.0,2026-08-17T20:55:36Z,dipole-dipole,2,7,1.958,408.7,211.630,10.186,0.00541,0.00086,0.00828;0.00915;0.00700;0.00637;0.00568;0.00520;0.00408;0.00340;0.00236;0.00192,
line-a-r01829,line-a,line-a-e34,33.2049081,-116.1488780,180.0,line-a-e35,33.2050675,-116.1486884,180.0,line-a-e37,33.2053863,-116.1483092,180.0,line-a-e38,33.2055457,-116.1481196,180.0,2026-08-17T20:55:48Z,dipole-dipole,2,7,2.000,322.9,188.993,8.844,0.00763,0.00099,0.00275;0.00380;0.00482;0.00590;0.00722;0.00815;0.00851;0.01063;0.01120;0.01283,
line-a-r01830,line-a,line-a-e34,33.2049081,-116.1488780,180.0,line-a-e35,33.2050675,-116.1486884,180.0,line-a-e37,33.2053863,-116.1483092,180.0,line-a-e38,33.2055457,-116.1481196,180.0,2026-08-17T20:56:00Z,dipole-dipole,2,7,1.780,449.4,190.201,440.915,0.00477,0.00109,0.00715;0.00751;0.00611;0.00576;0.00453;0.00508;0.00405;0.00260;0.00236;0.00185,
line-a-r01831,line-a,line-a-e34,33.2049081,-116.1488780,180.0,line-a-e35,33.2050675,-116.1486884,180.0,line-a-e37,33.2053863,-116.1483092,180.0,line-a-e38,33.2055457,-116.1481196,180.0,2026-08-17T20:56:12Z,dipole-dipole,2,5,2.000,314.3,186.736,6.039,0.00635,0.00096,0.00996;0.00943;0.00883;0.00794;0.00817;0.00631;0.00501;0.00411;0.00328;0.00227,
line-a-r01832,line-a,line-a-e34,33.2049081,-116.1488780,180.0,line-a-e35,33.2050675,-116.1486884,180.0,line-a-e37,33.2053863,-116.1483092,180.0,line-a-e38,33.2055457,-116.1481196,180.0,2026-08-17T20:56:24Z,dipole-dipole,2,6,1.944,411.5,194.605,6.337,0.00652,0.00089,0.01013;0.00915;0.00906;0.00832;0.00677;0.00619;0.00527;0.00415;0.00272;0.00228,
line-a-r01833,line-a,line-a-e34,33.2049081,-116.1488780,180.0,line-a-e35,33.2050675,-116.1486884,180.0,line-a-e37,33.2053863,-116.1483092,180.0,line-a-e38,33.2055457,-116.1481196,180.0,2026-08-17T20:56:36Z,dipole-dipole,2,5,2.000,396.6,203.126,8.490,0.00408,0.00150,0.00688;0.00658;0.00613;0.00494;0.00452;0.00410;0.00360;0.00264;0.00189;0.00145,
line-a-r01834,line-a,line-a-e34,33.2049081,-116.1488780,180.0,line-a-e35,33.2050675,-116.1486884,180.0,line-a-e38,33.2055457,-116.1481196,180.0,line-a-e39,33.2057050,-116.1479300,180.0,2026-08-17T20:56:48Z,dipole-dipole,3,5,2.000,362.6,200.013,7.563,0.00568,0.00120,0.00881;0.00829;0.00753;0.00646;0.00567;0.00528;0.00429;0.00358;0.00273;0.00205,
line-a-r01835,line-a,line-a-e34,33.2049081,-116.1488780,180.0,line-a-e35,33.2050675,-116.1486884,180.0,line-a-e38,33.2055457,-116.1481196,180.0,line-a-e39,33.2057050,-116.1479300,180.0,2026-08-17T20:57:00Z,dipole-dipole,3,3,1.608,497.6,180.355,7.495,0.00580,0.00085,0.00875;0.00811;0.00749;0.00684;0.00696;0.00484;0.00465;0.00377;0.00260;0.00210,
line-a-r01836,line-a,line-a-e34,33.2049081,-116.1488780,180.0,line-a-e35,33.2050675,-116.1486884,180.0,line-a-e38,33.2055457,-116.1481196,180.0,line-a-e39,33.2057050,-116.1479300,180.0,2026-08-17T20:57:12Z,dipole-dipole,3,5,2.000,389.9,207.601,8.494,0.00372,0.00096,0.00585;0.00535;0.00525;0.00448;0.00391;0.00356;0.00301;0.00232;0.00177;0.00139,
line-a-r01837,line-a,line-a-e34,33.2049081,-116.1488780,180.0,line-a-e35,33.2050675,-116.1486884,180.0,line-a-e38,33.2055457,-116.1481196,180.0,line-a-e39,33.2057050,-116.1479300,180.0,2026-08-17T20:57:24Z,dipole-dipole,3,8,2.000,357.2,212.566,8.414,0.00381,0.00102,0.00562;0.00545;0.00567;0.00469;0.00402;0.00324;0.00302;0.00231;0.00172;0.00124,
line-a-r01838,line-a,line-a-e34,33.2049081,-116.1488780,180.0,line-a-e35,33.2050675,-116.1486884,180.0,line-a-e38,33.2055457,-116.1481196,180.0,line-a-e39,33.2057050,-116.1479300,180.0,2026-08-17T20:57:36Z,dipole-dipole,3,5,2.000,361.7,196.604,10.529,0.00482,0.00102,0.00747;0.00692;0.00675;0.00559;0.00503;0.00457;0.00403;0.00306;0.00250;0.00194,
line-a-r01839,line-a,line-a-e34,33.2049081,-116.1488780,180.0,line-a-e35,33.2050675,-116.1486884,180.0,line-a-e38,33.2055457,-116.1481196,180.0,line-a-e39,33.2057050,-116.1479300,180.0,2026-08-17T20:57:48Z,dipole-dipole,3,5,1.734,461.2,197.809,8.314,0.00515,0.00122,0.00911;0.00784;0.00724;0.00618;0.00594;0.00558;0.00458;0.00344;0.00254;0.00200,
line-a-r01840,line-a,line-a-e34,33.2049081,-116.1488780,180.0,line-a-e35,33.2050675,-116.1486884,180.0,line-a-e39,33.2057050,-116.1479300,180.0,line-a-e40,33.2058644,-116.1477404,180.0,2026-08-17T20:58:00Z,dipole-dipole,4,6,1.498,533.9,200.637,8.654,0.00502,0.00122,0.00775;0.00713;0.00633;0.00633;0.00560;0.00535;0.00368;0.00335;0.00259;0.00180,
line-a-r01841,line-a,line-a-e34,33.2049081,-116.1488780,180.0,line-a-e35,33.2050675,-116.1486884,180.0,line-a-e39,33.2057050,-116.1479300,180.0,line-a-e40,33.2058644,-116.1477404,180.0,2026-08-17T20:58:12Z,dipole-dipole,4,6,2.000,304.0,198.368,6.812,0.00542,0.00077,0.00857;0.00856;0.00745;0.00660;0.00608;0.00504;0.00465;0.00307;0.00257;0.00183,
line-a-r01842,line-a,line-a-e34,33.2049081,-116.1488780,180.0,line-a-e35,33.2050675,-116.1486884,180.0,line-a-e39,33.2057050,-116.1479300,180.0,line-a-e40,33.2058644,-116.1477404,180.0,2026-08-17T20:58:24Z,dipole-dipole,4,6,1.434,557.7,202.194,7.810,0.00501,0.00075,0.00754;0.00783;0.00723;0.00696;0.00517;0.00434;0.00369;0.00320;0.00233;0.00199,
line-a-r01843,line-a,line-a-e34,33.2049081,-116.1488780,180.0,line-a-e35,33.2050675,-116.1486884,180.0,line-a-e39,33.2057050,-116.1479300,180.0,line-a-e40,33.2058644,-116.1477404,180.0,2026-08-17T20:58:36Z,dipole-dipole,4,4,2.000,357.1,-276.339,5.977,0.00609,0.00131,0.00968;0.00890;0.00977;0.00751;0.00650;0.00590;0.00524;0.00389;0.00301;0.00214,
line-a-r01844,line-a,line-a-e34,33.2049081,-116.1488780,180.0,line-a-e35,33.2050675,-116.1486884,180.0,line-a-e39,33.2057050,-116.1479300,180.0,line-a-e40,33.2058644,-116.1477404,180.0,2026-08-17T20:58:48Z,dipole-dipole,4,3,2.000,396.6,206.075,7.107,0.00539,0.00092,0.00864;0.00730;0.00713;0.00666;0.00555;0.00468;0.00405;0.00336;0.00239;0.00197,
line-a-r01845,line-a,line-a-e34,33.2049081,-116.1488780,180.0,line-a-e35,33.2050675,-116.1486884,180.0,line-a-e39,33.2057050,-116.1479300,180.0,line-a-e40,33.2058644,-116.1477404,180.0,2026-08-17T20:59:00Z,dipole-dipole,4,5,2.000,361.0,199.093,9.193,0.00456,0.00106,0.00680;0.00711;0.00608;0.00600;0.00550;0.00426;0.00370;0.00282;0.00215;0.00144,
line-a-r01846,line-a,line-a-e34,33.2049081,-116.1488780,180.0,line-a-e35,33.2050675,-116.1486884,180.0,line-a-e39,33.2057050,-116.1479300,180.0,line-a-e40,33.2058644,-116.1477404,180.0,2026-08-17T20:59:12Z,dipole-dipole,4,3,2.000,394.0,199.507,7.816,0.00788,0.00101,0.01164;0.01267;0.01036;0.00920;0.00938;0.00797;0.00620;0.00483;0.00344;0.00271,
line-a-r01847,line-a,line-a-e34,33.2049081,-116.1488780,180.0,line-a-e35,33.2050675,-116.1486884,180.0,line-a-e39,33.2057050,-116.1479300,180.0,line-a-e40,33.2058644,-116.1477404,180.0,2026-08-17T20:59:24Z,dipole-dipole,4,7,1.905,420.0,189.778,6.638,0.00545,0.00096,0.00917;0.00732;0.00740;0.00665;0.00611;0.00538;0.00461;0.00376;0.00289;0.00199,
line-a-r01848,line-a,line-a-e35,33.2050675,-116.1486884,180.0,line-a-e36,33.2052269,-116.1484988,180.0,line-a-e37,33.2053863,-116.1483092,180.0,line-a-e38,33.2055457,-116.1481196,180.0,2026-08-17T20:59:36Z,dipole-dipole,1,6,2.000,167.4,224.388,5.949,0.00365,0.00092,0.00608;0.00530;0.00444;0.00397;0.00362;0.00326;0.00289;0.00227;0.00190;0.00131,
line-a-r01849,line-a,line-a-e35,33.2050675,-116.1486884,180.0,line-a-e36,33.2052269,-116.1484988,180.0,line-a-e37,33.2053863,-116.1483092,180.0,line-a-e38,33.2055457,-116.1481196,180.0,2026-08-17T20:59:48Z,dipole-dipole,1,5,2.000,181.5,197.810,6.878,0.00474,0.00126,0.00765;0.00664;0.00638;0.00588;0.00468;0.00471;0.00390;0.00321;0.00230;0.00174,
line-a-r01850,line-a,line-a-e35,,,,line-a-e36,33.2052269,-116.1484988,180.0,line-a-e37,33.2053863,-116.1483092,180.0,line-a-e38,33.2055457,-116.1481196,180.0,2026-08-17T21:00:00Z,dipole-dipole,1,5,2.000,240.8,210.659,5.927,0.00378,0.00130,0.00610;0.00526;0.00501;0.00508;0.00446;0.00329;0.00293;0.00226;0.00201;0.00146,
line-a-r01851,line-a,line-a-e35,33.2050675,-116.1486884,180.0,line-a-e36,33.2052269,-116.1484988,180.0,line-a-e37,33.2053863,-116.1483092,180.0,line-a-e38,33.2055457,-116.1481196,180.0,2026-08-17T21:00:12Z,dipole-dipole,1,6,2.000,298.4,216.807,8.554,0.00544,0.00093,0.00868;0.00774;0.00763;0.00680;0.00615;0.00481;0.00495;0.00345;0.00300;0.00186,
line-a-r01852,line-a,line-a-e35,33.2050675,-116.1486884,180.0,line-a-e36,33.2052269,-116.1484988,180.0,line-a-e37,33.2053863,-116.1483092,180.0,line-a-e38,33.2055457,-116.1481196,180.0,2026-08-17T21:00:24Z,dipole-dipole,1,4,2.000,277.9,201.459,7.153,0.00480,0.00097,0.00773;0.00730;0.00614;0.00656;0.00532;0.00514;0.00370;0.00291;0.00238;0.00194,
line-a-r01853,line-a,line-a-e35,33.2050675,-116.1486884,180.0,line-a-e36,33.2052269,-116.1484988,180.0,line-a-e37,33.2053863,-116.1483092,180.0,line-a-e38,33.2055457,-116.1481196,180.0,2026-08-17T21:00:36Z,dipole-dipole,1,6,2.000,270.6,197.038,8.048,0.00621,0.00119,0.00896;0.00886;0.00833;0.00785;0.00673;0.00491;0.00530;0.00376;0.00303;0.00217,
line-a-r01854,line-a,line-a-e35,33.2050675,-116.1486884,180.0,line-a-e36,33.2052269,-116.1484988,180.0,line-a-e38,33.2055457,-116.1481196,180.0,line-a-e39,33.2057050,-116.1479300,180.0,2026-08-17T21:00:48Z,dipole-dipole,2,8,2.000,249.9,197.909,7.563,0.00451,0.00111,0.00706;0.00677;0.00606;0.00494;0.00539;0.00428;0.00384;0.00290;0.00206;0.00161,
line-a-r01855,line-a,line-a-e35,33.2050675,-116.1486884,180.0,line-a-e36,33.2052269,-116.1484988,180.0,line-a-e38,33.2055457,-116.1481196,180.0,line-a-e39,33.2057050,-116.1479300,180.0,2026-08-17T21:01:00Z,dipole-dipole,2,7,2.000,291.3,200.351,7.135,0.00474,0.00095,0.00757;0.00680;0.00637;0.00620;0.00545;0.00487;0.00379;0.00288;0.00223;0.00157,
line-a-r01856,line-a,line-a-e35,33.2050675,-116.1486884,180.0,line-a-e36,33.2052269,-116.1484988,180.0,line-a-e38,33.2055457,-116.1481196,180.0,line-a-e39,33.2057050,-116.1479300,180.0,2026-08-17T21:01:12Z,dipole-dipole,2,7,2.000,242.3,196.539,8.183,0.00682,0.00105,0.01074;0.00892;0.00925;0.00841;0.00761;0.00627;0.00532;0.00425;0.00328;0.00228,
line-a-r01857,line-a,line-a-e35,33.2050675,-116.1486884,180.0,line-a-e36,33.2052269,-116.1484988,180.0,line-a-e38,33.2055457,-116.1481196,180.0,line-a-e39,33.2057050,-116.1479300,180.0,2026-08-17T21:01:24Z,dipole-dipole,2,4,2.000,250.6,195.214,6.438,0.00266,0.00083,0.00438;0.00379;0.00396;0.00354;0.00298;0.00262;0.00218;0.00150;0.00126;0.00085,
line-a-r01858,line-a,line-a-e35,33.2050675,-116.1486884,180.0,line-a-e36,33.2052269,-116.1484988,180.0,line-a-e38,33.2055457,-116.1481196,180.0,line-a-e39,33.2057050,-116.1479300,180.0,2026-08-17T21:01:36Z,dipole-dipole,2,6,2.000,240.9,196.947,6.642,0.00377,0.00093,0.00592;0.00550;0.00500;0.00440;0.00431;0.00332;0.00302;0.00245;0.00177;0.00132,
line-a-r01859,line-a,line-a-e35,33.2050675,-116.1486884,180.0,line-a-e36,33.2052269,-116.1484988,180.0,line-a-e38,33.2055457,-116.1481196,180.0,line-a-e39,33.2057050,-116.1479300,180.0,2026-08-17T21:01:48Z,dipole-dipole,2,6,2.000,249.1,187.759,6.204,0.00477,0.00119,0.00697;0.00645;0.00656;0.00592;0.00520;0.00459;0.00363;0.00287;0.00197;0.00172,
line-a-r01860,line-a,line-a-e35,33.2050675,-116.1486884,180.0,line-a-e36,33.2052269,-116.1484988,180.0,line-a-e39,33.2057050,-116.1479300,180.0,line-a-e40,33.2058644,-116.1477404,180.0,2026-08-17T21:02:00Z,dipole-dipole,3,6,2.000,234.8,187.062,6.458,0.00429,0.00115,0.00632;0.00593;0.00573;0.00556;0.00446;0.00399;0.00372;0.00282;0.00210;0.00158,
line-a-r01861,line-a,line-a-e35,33.2050675,-116.1486884,180.0,line-a-e36,33.2052269,-116.1484988,180.0,line-a-e39,33.2057050,-116.1479300,180.0,line-a-e40,33.2058644,-116.1477404,180.0,2026-08-17T21:02:12Z,dipole-dipole,3,8,2.000,284.3,192.556,7.968,0.00454,0.00107,0.00724;0.00662;0.00606;0.00474;0.00507;0.00401;0.00324;0.00323;0.00238;0.00156,
line-a-r01862,line-a,line-a-e35,33.2050675,-116.1486884,180.0,line-a-e36,33.2052269,-116.1484988,180.0,line-a-e39,33.2057050,-116.1479300,180.0,line-a-e40,33.2058644,-116.1477404,180.0,2026-08-17T21:02:24Z,dipole-dipole,3,6,2.000,260.2,191.948,8.729,0.00497,0.00093,0.00691;0.00756;0.00587;0.00642;0.00518;0.00483;0.00411;0.00326;0.00237;0.00162,
line-a-r01863,line-a,line-a-e35,33.2050675,-116.1486884,180.0,line-a-e36,33.2052269,-116.1484988,180.0,line-a-e39,33.2057050,-116.1479300,180.0,line-a-e40,33.2058644,-116.1477404,180.0,2026-08-17T21:02:36Z,dipole-dipole,3,6,2.000,240.0,209.892,5.915,0.00613,0.00092,0.00938;0.00901;0.00810;0.00768;0.00690;0.00585;0.00494;0.00381;0.00302;0.00214,
line-a-r01864,line-a,line-a-e35,33.2050675,-116.1486884,180.0,line-a-e36,33.2052269,-116.1484988,180.0,line-a-e39,33.2057050,-116.1479300,180.0,line-a-e40,33.2058644,-116.1477404,180.0,2026-08-17T21:02:48Z,dipole-dipole,3,6,2.000,262.2,202.181,6.100,0.00568,0.00098,0.01013;0.00902;0.00800;0.00715;0.00616;0.00549;0.00446;0.00370;0.00286;0.00205,
line-a-r01865,line-a,line-a-e35,33.2050675,-116.1486884,180.0,line-a-e36,33.2052269,-116.1484988,180.0,line-a-e39,33.2057050,-116.1479300,180.0,line-a-e40,33.2058644,-116.1477404,180.0,2026-08-17T21:03:00Z,dipole-dipole,3,8,2.000,238.1,191.827,5.224,0.00825,0.00088,0.01313;0.01265;0.01130;0.01038;0.00927;0.00732;0.00729;0.00554;0.00407;0.00278,
line-a-r01866,line-a,line-a-e35,33.2050675,-116.1486884,180.0,line-a-e36,33.2052269,-116.1484988,180.0,line-a-e39,33.2057050,-116.1479300,180.0,line-a-e40,33.2058644,-116.1477404,180.0,2026-08-17T21:03:12Z,dipole-dipole,3,3,2.000,273.9,197.202,6.578,0.00341,0.00083,0.00549;0.00516;0.00503;0.00434;0.00384;0.00342;0.00253;0.00210;0.00152;0.00126,
line-a-r01867,line-a,line-a-e35,33.2050675,-116.1486884,180.0,line-a-e36,33.2052269,-116.1484988,180.0,line-a-e39,33.2057050,-116.1479300,180.0,line-a-e40,33.2058644,-116.1477404,180.0,2026-08-17T21:03:24Z,dipole-dipole,3,8,2.000,245.8,189.620,7.937,0.00400,0.00113,0.00606;0.00626;0.00511;0.00498;0.00454;0.00414;0.00321;0.00248;0.00197;0.00152,
line-a-r01868,line-a,line-a-e36,33.2052269,-116.1484988,180.0,line-a-e37,33.2053863,-116.1483092,180.0,line-a-e38,33.2055457,-116.1481196,180.0,line-a-e39,33.2057050,-116.1479300,180.0,2026-08-17T21:03:36Z,dipole-dipole,1,8,1.289,620.8,208.029,5.850,0.00569,0.00104,0.00866;0.00792;0.00754;0.00704;0.00576;0.00563;0.00436;0.00363;0.00250;0.00205,
line-a-r01869,line-a,line-a-e36,33.2052269,-116.1484988,180.0,line-a-e37,33.2053863,-116.1483092,180.0,line-a-e38,33.2055457,-116.1481196,180.0,line-a-e39,33.2057050,-116.1479300,180.0,2026-08-17T21:03:48Z,dipole-dipole,1,4,1.180,678.0,208.508,6.391,0.00377,0.00106,0.00579;0.00548;0.00483;0.00447;0.00416;0.00398;0.00314;0.00240;0.00185;0.00147,
line-a-r01870,line-a,line-a-e36,33.2052269,-116.1484988,180.0,line-a-e37,33.2053863,-116.1483092,180.0,line-a-e38,33.2055457,-116.1481196,180.0,line-a-e39,33.2057050,-116.1479300,180.0,2026-08-17T21:04:00Z,dipole-dipole,1,6,1.312,609.9,207.889,6.617,0.00353,0.00113,0.00529;0.00498;0.00478;0.00455;0.00404;0.00312;0.00274;0.00235;0.00179;0.00118,
line-a-r01871,line-a,line-a-e36,33.2052269,-116.1484988,180.0,line-a-e37,33.2053863,-116.1483092,180.0,line-a-e38,33.2055457,-116.1481196,180.0,line-a-e39,33.2057050,-116.1479300,180.0,2026-08-17T21:04:12Z,dipole-dipole,1,4,1.317,607.6,210.775,5.731,0.00430,0.00095,0.00688;0.00619;0.00567;0.00512;0.00457;0.00383;0.00327;0.00276;0.00205;0.00157,
line-a-r01872,line-a,line-a-e36,33.2052269,-116.1484988,180.0,line-a-e37,33.2053863,-116.1483092,180.0,line-a-e38,33.2055457,-116.1481196,180.0,line-a-e39,33.2057050,-116.1479300,180.0,2026-08-17T21:04:24Z,dipole-dipole,1,8,0.977,818.9,182.961,6.316,0.00533,0.00102,0.00831;0.00843;0.00782;0.00680;0.00550;0.00447;0.00402;0.00359;0.00274;0.00193,
line-a-r01873,line-a,line-a-e36,33.2052269,-116.1484988,180.0,line-a-e37,33.2053863,-116.1483092,180.0,line-a-e38,33.2055457,-116.1481196,180.0,line-a-e39,33.2057050,-116.1479300,180.0,2026-08-17T21:04:36Z,dipole-dipole,1,8,1.328,602.2,-110.175,6.614,0.00610,0.00093,0.00961;0.00983;0.00894;0.00725;0.00687;0.00583;0.00491;0.00403;0.00306;0.00200,
line-a-r01874,line-a,line-a-e36,33.2052269,-116.1484988,180.0,line-a-e37,33.2053863,-116.1483092,180.0,line-a-e39,33.2057050,-116.1479300,180.0,line-a-e40,33.2058644,-116.1477404,180.0,2026-08-17T21:04:48Z,dipole-dipole,2,8,1.133,706.1,198.262,7.561,0.00594,0.00110,0.00975;0.00903;0.00850;0.00684;0.00625;0.00582;0.00435;0.00340;0.00273;0.00209,
line-a-r01875,line-a,line-a-e36,33.2052269,-116.1484988,180.0,line-a-e37,33.2053863,-116.1483092,180.0,line-a-e39,33.2057050,-116.1479300,180.0,line-a-e40,33.2058644,-116.1477404,180.0,2026-08-17T21:05:00Z,dipole-dipole,2,5,1.363,587.0,211.603,8.691,0.00606,0.00083,0.01009;0.00870;0.00796;0.00718;0.00688;0.00604;0.00432;0.00418;0.00299;0.00221,
line-a-r01876,line-a,line-a-e36,33.2052269,-116.1484988,180.0,line-a-e37,33.2053863,-116.1483092,180.0,line-a-e39,33.2057050,-116.1479300,180.0,line-a-e40,33.2058644,-116.1477404,180.0,2026-08-17T21:05:12Z,dipole-dipole,2,3,1.339,597.5,206.432,5.972,0.00591,0.00110,0.00941;0.00904;0.00834;0.00715;0.00674;0.00499;0.00514;0.00380;0.00280;0.00198,
line-a-r01877,line-a,line-a-e36,33.2052269,-116.1484988,180.0,line-a-e37,33.2053863,-116.1483092,180.0,line-a-e39,33.2057050,-116.1479300,180.0,line-a-e40,33.2058644,-116.1477404,180.0,2026-08-17T21:05:24Z,dipole-dipole,2,3,1.179,678.7,198.897,7.408,0.00513,0.00124,0.00774;0.00700;0.00648;0.00652;0.00573;0.00504;0.00402;0.00343;0.00252;0.00186,
line-a-r01878,line-a,line-a-e36,33.2052269,-116.1484988,180.0,line-a-e37,33.2053863,-116.1483092,180.0,line-a-e39,33.2057050,-116.1479300,180.0,line-a-e40,33.2058644,-116.1477404,180.0,2026-08-17T21:05:36Z,dipole-dipole,2,7,1.206,663.3,197.250,7.798,0.00500,0.00092,0.00768;0.00763;0.00726;0.00633;0.00543;0.00442;0.00394;0.00281;0.00234;0.00168,
line-a-r01059,line-a,line-a-e36,33.2052269,-116.1484988,180.0,line-a-e37,33.2053863,-116.1483092,180.0,line-a-e39,33.2057050,-116.1479300,180.0,line-a-e40,33.2058644,-116.1477404,180.0,2026-08-17T21:05:48Z,dipole-dipole,2,6,1.433,558.3,213.945,9.848,0.00608,0.00100,0.00969;0.00839;0.00835;0.00771;0.00654;0.00544;0.00476;0.00388;0.00298;0.00207,
line-a-r01880,line-a,line-a-e36,33.2052269,-116.1484988,180.0,line-a-e37,33.2053863,-116.1483092,180.0,line-a-e39,33.2057050,-116.1479300,180.0,line-a-e40,33.2058644,-116.1477404,180.0,2026-08-17T21:06:00Z,dipole-dipole,2,7,1.389,576.1,203.594,9.710,0.00526,0.00123,0.00801;0.00841;0.00741;0.00617;0.00627;0.00533;0.00423;0.00333;0.00270;0.00170,
line-a-r01881,line-a,line-a-e36,33.2052269,-116.1484988,180.0,line-a-e37,33.2053863,-116.1483092,180.0,line-a-e39,33.2057050,-116.1479300,180.0,line-a-e40,33.2058644,-116.1477404,180.0,2026-08-17T21:06:12Z,dipole-dipole,2,8,1.145,698.8,210.716,8.125,0.00441,0.00108,0.00687;0.00681;0.00542;0.00617;0.00493;0.00446;0.00301;0.00268;0.00195;0.00156,
line-a-r01882,line-a,line-a-e37,33.2053863,-116.1483092,180.0,line-a-e38,33.2055457,-116.1481196,180.0,line-a-e39,33.2057050,-116.1479300,180.0,line-a-e40,33.2058644,-116.1477404,180.0,2026-08-17T21:06:24Z,dipole-dipole,1,7,1.339,597.7,194.046,7.591,0.00662,0.00116,0.01075;0.01105;0.00889;0.00868;0.00732;0.00630;0.00618;0.00403;0.00342;0.00237,
line-a-r01883,line-a,line-a-e37,33.2053863,-116.1483092,180.0,line-a-e38,33.2055457,-116.1481196,180.0,line-a-e39,33.2057050,-116.1479300,180.0,line-a-e40,33.2058644,-116.1477404,180.0,2026-08-17T21:06:36Z,dipole-dipole,1,5,1.234,648.5,201.317,7.703,0.00569,0.00119,0.00900;0.00911;0.00773;0.00711;0.00594;0.00559;0.00468;0.00404;0.00295;0.00192,
line-a-r01884,line-a,line-a-e37,33.2053863,-116.1483092,180.0,line-a-e38,33.2055457,-116.1481196,180.0,line-a-e39,33.2057050,-116.1479300,180.0,line-a-e40,33.2058644,-116.1477404,180.0,2026-08-17T21:06:48Z,dipole-dipole,1,4,1.375,582.0,198.365,8.766,0.00478,0.00098,0.00761;0.00722;0.00641;0.00568;0.00512;0.00492;0.00378;0.00291;0.00226;0.00190,
line-a-r01885,line-a,line-a-e37,33.2053863,-116.1483092,180.0,line-a-e38,33.2055457,-116.1481196,180.0,line-a-e39,33.2057050,-116.1479300,180.0,line-a-e40,33.2058644,-116.1477404,180.0,2026-08-17T21:07:00Z,dipole-dipole,1,7,1.595,501.7,214.625,9.511,0.00533,0.00113,0.00850;0.00818;0.00769;0.00697;0.00577;0.00530;0.00422;0.00367;0.00255;0.00181,
line-a-r01886,line-a,line-a-e37,33.2053863,-116.1483092,180.0,line-a-e38,33.2055457,-116.1481196,180.0,line-a-e39,33.2057050,-116.1479300,180.0,line-a-e40,33.2058644,-116.1477404,180.0,2026-08-17T21:07:12Z,dipole-dipole,1,7,1.176,680.2,201.813,8.274,0.00598,0.00107,0.00946;0.00897;0.00857;0.00858;0.00670;0.00573;0.00509;0.00398;0.00280;0.00205,
line-a-r01887,line-a,line-a-e37,33.2053863,-116.1483092,180.0,line-a-e38,33.2055457,-116.1481196,180.0,line-a-e39,33.2057050,-116.1479300,180.0,line-a-e40,33.2058644,-116.1477404,180.0,2026-08-17T21:07:24Z,dipole-dipole,1,7,1.316,607.8,211.731,6.147,0.00404,0.00119,0.00606;0.00555;0.00529;0.00479;0.00403;0.00420;0.00326;0.00279;0.00197;0.00139,
line-a-r01888,line-a,line-a-e37,33.2053863,-116.1483092,180.0,line-a-e38,33.2055457,-116.1481196,180.0,line-a-e39,33.2057050,-116.1479300,180.0,line-a-e40,33.2058644,-116.1477404,180.0,2026-08-17T21:07:36Z,dipole-dipole,1,6,1.039,769.8,208.400,9.857,0.00424,0.00102,0.00577;0.00588;0.00562;0.00526;0.00455;0.00381;0.00360;0.00240;0.00195;0.00149,
