id,line_id,tx1_id,tx1_lat,tx1_lon,tx1_alt,tx2_id,tx2_lat,tx2_lon,tx2_alt,rx1_id,rx1_lat,rx1_lon,rx1_alt,rx2_id,rx2_lat,rx2_lon,rx2_alt,timestamp,array_type,symmetry,stacks,input_current,contact_resistance,apparent_resistivity,apparent_resistivity_err,chargeability,chargeability_err,decay_curve,qc_review
line-c-r00001,line-c,line-c-e01,33.1983731,-116.1536178,180.0,line-c-e02,33.1985325,-116.1534282,180.0,line-c-e03,33.1986919,-116.1532386,180.0,line-c-e04,33.1988512,-116.1530490,180.0,2026-08-19T14:00:12Z,dipole-dipole,1,8,1.384,578.2,206.538,10.174,0.00403,0.00107,0.00583;0.00556;0.00510;0.00522;0.00426;0.00337;0.00331;0.00266;0.00199;0.00146,
line-c-r00002,line-c,line-c-e01,33.1983731,-116.1536178,180.0,line-c-e02,33.1985325,-116.1534282,180.0,line-c-e03,33.1986919,-116.1532386,180.0,line-c-e04,33.1988512,-116.1530490,180.0,2026-08-19T14:00:24Z,dipole-dipole,1,3,1.603,499.0,193.977,6.289,0.00529,0.00104,0.00867;0.00825;0.00670;0.00677;0.00570;0.00470;0.00416;0.00315;0.00258;0.00179,
line-c-r00003,line-c,line-c-e01,33.1983731,-116.1536178,180.0,line-c-e02,33.1985325,-116.1534282,180.0,line-c-e03,33.1986919,-116.1532386,180.0,line-c-e04,33.1988512,-116.1530490,180.0,2026-08-19T14:00:36Z,dipole-dipole,1,8,1.759,454.8,210.489,7.703,0.00422,0.00108,0.00680;0.00660;0.00607;0.00540;0.00475;0.00364;0.00302;0.00285;0.00194;0.00161,
line-c-r00004,line-c,line-c-e01,33.1983731,-116.1536178,180.0,line-c-e02,33.1985325,-116.1534282,180.0,line-c-e03,33.1986919,-116.1532386,180.0,line-c-e04,33.1988512,-116.1530490,180.0,2026-08-19T14:00:48Z,dipole-dipole,1,4,1.399,571.7,198.053,9.690,0.00661,0.00099,0.00987;0.00980;0.00889;0.00818;0.00704;0.00661;0.00493;0.00378;0.00343;0.00246,
line-c-r00005,line-c,line-c-e01,33.1983731,-116.1536178,180.0,line-c-e02,33.1985325,-116.1534282,180.0,line-c-e03,33.1986919,-116.1532386,180.0,line-c-e04,33.1988512,-116.1530490,180.0,2026-08-19T14:01:00Z,dipole-dipole,1,6,1.620,493.8,212.376,10.969,0.00615,0.00096,0.00994;0.00914;0.00854;0.00788;0.00669;0.00546;0.00466;0.00387;0.00309;0.00216,
line-c-r00006,line-c,line-c-e01,33.1983731,-116.1536178,180.0,line-c-e02,33.1985325,-116.1534282,180.0,line-c-e03,33.1986919,-116.1532386,180.0,line-c-e04,33.1988512,-116.1530490,180.0,2026-08-19T14:01:12Z,dipole-dipole,1,4,1.474,542.8,199.960,5.948,0.00802,0.00083,0.01328;0.01272;0.01114;0.00934;0.00844;0.00797;0.00629;0.00560;0.00401;0.00278,
line-c-r00007,line-c,line-c-e01,33.1983731,-116.1536178,180.0,line-c-e02,33.1985325,-116.1534282,180.0,line-c-e03,33.1986919,-116.1532386,180.0,line-c-e04,33.1988512,-116.1530490,180.0,2026-08-19T14:01:24Z,dipole-dipole,1,4,1.644,486.6,200.333,8.798,0.00444,0.00128,0.00839;0.00657;0.00687;0.00546;0.00408;0.00448;0.00389;0.00289;0.00226;0.00165,
line-c-r00008,line-c,line-c-e01,33.1983731,-116.1536178,180.0,line-c-e02,33.1985325,-116.1534282,180.0,line-c-e04,33.1988512,-116.1530490,180.0,line-c-e05,33.1990106,-116.1528594,180.0,2026-08-19T14:01:36Z,dipole-dipole,2,6,1.368,584.7,190.595,6.164,0.00702,0.00086,0.01057;0.01092;0.00957;0.00840;0.00867;0.00701;0.00566;0.00415;0.00342;0.00249,
line-c-r00009,line-c,line-c-e01,33.1983731,-116.1536178,180.0,line-c-e02,33.1985325,-116.1534282,180.0,line-c-e04,33.1988512,-116.1530490,180.0,line-c-e05,33.1990106,-116.1528594,180.0,2026-08-19T14:01:48Z,dipole-dipole,2,8,1.514,528.5,208.236,7.469,0.00500,0.00100,0.00825;0.00825;0.00713;0.00580;0.00587;0.00439;0.00356;0.00337;0.00244;0.00174,
line-c-r00010,line-c,line-c-e01,33.1983731,-116.1536178,180.0,line-c-e02,33.1985325,-116.1534282,180.0,line-c-e04,33.1988512,-116.1530490,180.0,line-c-e05,33.1990106,-116.1528594,180.0,2026-08-19T14:02:00Z,dipole-dipole,2,6,1.603,498.9,198.153,8.912,0.00574,0.00130,0.00922;0.00785;0.00759;0.00699;0.00685;0.00503;0.00466;0.00359;0.00322;0.00205,
line-c-r00011,line-c,line-c-e01,33.1983731,-116.1536178,180.0,line-c-e02,33.1985325,-116.1534282,180.0,line-c-e04,33.1988512,-116.1530490,180.0,line-c-e05,33.1990106,-116.1528594,180.0,2026-08-19T14:02:12Z,dipole-dipole,2,8,1.589,503.4,179.343,7.808,0.00592,0.00111,0.00934;0.00905;0.00832;0.00735;0.00585;0.00548;0.00474;0.00365;0.00302;0.00199,
line-c-r00012,line-c,line-c-e01,33.1983731,-116.1536178,180.0,line-c-e02,33.1985325,-116.1534282,180.0,line-c-e04,33.1988512,-116.1530490,180.0,line-c-e05,33.1990106,-116.1528594,180.0,2026-08-19T14:02:24Z,dipole-dipole,2,3,1.567,510.7,198.498,9.082,0.00495,0.00130,0.00799;0.00748;0.00661;0.00596;0.00551;0.00454;0.00395;0.00340;0.00218;0.00164,
line-c-r00013,line-c,line-c-e01,33.1983731,-116.1536178,180.0,line-c-e02,33.1985325,-116.1534282,180.0,line-c-e04,33.1988512,-116.1530490,180.0,line-c-e05,33.1990106,-116.1528594,180.0,2026-08-19T14:02:36Z,dipole-dipole,2,3,1.585,504.6,202.550,7.636,0.00439,0.00105,0.00749;0.00612;0.00585;0.00535;0.00527;0.00438;0.00333;0.00316;0.00218;0.00150,
line-c-r00014,line-c,line-c-e01,33.1983731,-116.1536178,180.0,line-c-e02,33.1985325,-116.1534282,180.0,line-c-e04,33.1988512,-116.1530490,180.0,line-c-e05,33.1990106,-116.1528594,180.0,2026-08-19T14:02:48Z,dipole-dipole,2,5,1.813,441.2,211.045,6.301,0.00549,0.00089,0.00898;0.00748;0.00675;0.00682;0.00581;0.00517;0.00426;0.00334;0.00262;0.00194,
line-c-r00015,line-c,line-c-e01,33.1983731,-116.1536178,180.0,line-c-e02,33.1985325,-116.1534282,180.0,line-c-e04,33.1988512,-116.1530490,180.0,line-c-e05,33.1990106,-116.1528594,180.0,2026-08-19T14:03:00Z,dipole-dipole,2,6,1.428,560.1,198.215,7.074,0.00569,0.00089,0.00923;0.00876;0.00836;0.00735;0.00585;0.00509;0.00509;0.00354;0.00279;0.00201,
line-c-r00016,line-c,line-c-e01,33.1983731,-116.1536178,180.0,line-c-e02,33.1985325,-116.1534282,180.0,line-c-e05,33.1990106,-116.1528594,180.0,line-c-e06,33.1991700,-116.1526698,180.0,2026-08-19T14:03:12Z,dipole-dipole,3,5,1.397,572.6,206.349,8.270,0.00483,0.00089,0.00731;0.00751;0.00687;0.00607;0.00533;0.00449;0.00377;0.00329;0.00220;0.00169,
line-c-r00017,line-c,line-c-e01,33.1983731,-116.1536178,180.0,line-c-e02,33.1985325,-116.1534282,180.0,line-c-e05,33.1990106,-116.1528594,180.0,line-c-e06,33.1991700,-116.1526698,180.0,2026-08-19T14:03:24Z,dipole-dipole,3,3,2.000,347.7,202.343,6.805,0.00311,0.00082,0.00489;0.00443;0.00423;0.00357;0.00340;0.00273;0.00242;0.00188;0.00158;0.00121,
line-c-r00018,line-c,line-c-e01,33.1983731,-116.1536178,180.0,line-c-e02,33.1985325,-116.1534282,180.0,line-c-e05,33.1990106,-116.1528594,180.0,line-c-e06,33.1991700,-116.1526698,180.0,2026-08-19T14:03:36Z,dipole-dipole,3,7,2.000,377.1,196.897,5.576,0.00393,0.00124,0.00647;0.00557;0.00521;0.00464;0.00447;0.00348;0.00333;0.00235;0.00202;0.00140,
line-c-r00019,line-c,line-c-e01,33.1983731,-116.1536178,180.0,line-c-e02,33.1985325,-116.1534282,180.0,line-c-e05,33.1990106,-116.1528594,180.0,line-c-e06,33.1991700,-116.1526698,180.0,2026-08-19T14:03:48Z,dipole-dipole,3,4,1.345,595.0,203.068,8.361,0.00650,0.00097,0.01045;0.00958;0.00916;0.00743;0.00731;0.00626;0.00504;0.00378;0.00325;0.00257,
line-c-r00020,line-c,line-c-e01,33.1983731,-116.1536178,180.0,line-c-e02,33.1985325,-116.1534282,180.0,line-c-e05,33.1990106,-116.1528594,180.0,line-c-e06,33.1991700,-116.1526698,180.0,2026-08-19T14:04:00Z,dipole-dipole,3,7,1.343,595.5,207.600,7.665,0.00370,0.00098,0.00598;0.00548;0.00523;0.00499;0.00379;0.00373;0.00299;0.00239;0.00183;0.00136,
line-c-r00021,line-c,line-c-e01,33.1983731,-116.1536178,180.0,line-c-e02,33.1985325,-116.1534282,180.0,line-c-e05,33.1990106,-116.1528594,180.0,line-c-e06,33.1991700,-116.1526698,180.0,2026-08-19T14:04:12Z,dipole-dipole,3,8,1.440,555.4,183.158,8.230,0.00569,0.00087,0.00931;0.00850;0.00839;0.00717;0.00583;0.00546;0.00445;0.00344;0.00288;0.00204,
line-c-r00022,line-c,line-c-e01,33.1983731,-116.1536178,180.0,line-c-e02,33.1985325,-116.1534282,180.0,line-c-e06,33.1991700,-116.1526698,180.0,line-c-e07,33.1993294,-116.1524803,180.0,2026-08-19T14:04:24Z,dipole-dipole,4,3,1.467,545.5,200.673,7.054,0.00484,0.00111,0.00849;0.00700;0.00747;0.00616;0.00493;0.00453;0.00437;0.00318;0.00231;0.00177,
line-c-r00023,line-c,line-c-e01,33.1983731,-116.1536178,180.0,line-c-e02,33.1985325,-116.1534282,180.0,line-c-e06,33.1991700,-116.1526698,180.0,line-c-e07,33.1993294,-116.1524803,180.0,2026-08-19T14:04:36Z,dipole-dipole,4,7,1.609,497.2,211.658,7.361,0.00585,0.00108,0.00992;0.00779;0.00762;0.00707;0.00628;0.00539;0.00491;0.00386;0.00296;0.00203,
line-c-r00024,line-c,line-c-e01,33.1983731,-116.1536178,180.0,line-c-e02,33.1985325,-116.1534282,180.0,line-c-e06,33.1991700,-116.1526698,180.0,line-c-e07,33.1993294,-116.1524803,180.0,2026-08-19T14:04:48Z,dipole-dipole,4,8,1.568,510.1,192.023,6.422,0.00648,0.00078,0.01159;0.00933;0.00864;0.00887;0.00677;0.00619;0.00512;0.00404;0.00320;0.00218,
line-c-r00025,line-c,line-c-e01,33.1983731,-116.1536178,180.0,line-c-e02,33.1985325,-116.1534282,180.0,line-c-e06,33.1991700,-116.1526698,180.0,line-c-e07,33.1993294,-116.1524803,180.0,2026-08-19T14:05:00Z,dipole-dipole,4,7,1.876,426.5,194.392,7.340,0.00587,0.00163,0.00992;0.00771;0.00834;0.00731;0.00578;0.00539;0.00412;0.00356;0.00284;0.00193,
line-c-r00026,line-c,line-c-e01,33.1983731,-116.1536178,180.0,line-c-e02,33.1985325,-116.1534282,180.0,line-c-e06,33.1991700,-116.1526698,180.0,line-c-e07,33.1993294,-116.1524803,180.0,2026-08-19T14:05:12Z,dipole-dipole,4,5,1.212,660.1,192.722,9.009,0.00514,0.00094,0.00823;0.00889;0.00616;0.00666;0.00555;0.00493;0.00432;0.00337;0.00224;0.00181,
line-c-r00027,line-c,line-c-e01,33.1983731,-116.1536178,180.0,line-c-e02,33.1985325,-116.1534282,180.0,line-c-e06,33.1991700,-116.1526698,180.0,line-c-e07,33.1993294,-116.1524803,180.0,2026-08-19T14:05:24Z,dipole-dipole,4,8,1.299,615.9,197.618,6.879,0.00475,0.00122,0.00776;0.00731;0.00671;0.00608;0.00521;0.00451;0.00310;0.00345;0.00252;0.00171,
line-c-r00028,line-c,line-c-e01,33.1983731,-116.1536178,180.0,line-c-e02,33.1985325,-116.1534282,180.0,line-c-e07,33.1993294,-116.1524803,180.0,line-c-e08,33.1994888,-116.1522907,180.0,2026-08-19T14:05:36Z,dipole-dipole,5,7,1.598,500.6,202.032,7.481,0.00470,0.00118,0.00792;0.00717;0.00640;0.00569;0.00510;0.00431;0.00326;0.00275;0.00215;0.00160,
line-c-r00029,line-c,line-c-e01,33.1983731,-116.1536178,180.0,line-c-e02,33.1985325,-116.1534282,180.0,line-c-e07,33.1993294,-116.1524803,180.0,line-c-e08,33.1994888,-116.1522907,180.0,2026-08-19T14:05:48Z,dipole-dipole,5,3,1.486,538.4,188.400,7.645,0.00450,0.00132,0.00678;0.00624;0.00604;0.00547;0.00515;0.00413;0.00356;0.00295;0.00227;0.00154,
line-c-r00030,line-c,line-c-e01,33.1983731,-116.1536178,180.0,line-c-e02,33.1985325,-116.1534282,180.0,line-c-e07,33.1993294,-116.1524803,180.0,line-c-e08,33.1994888,-116.1522907,180.0,2026-08-19T14:06:00Z,dipole-dipole,5,4,1.928,415.0,-196.315,7.930,0.00532,0.00095,0.00844;0.00787;0.00752;0.00658;0.00623;0.00475;0.00425;0.00366;0.00263;0.00173,
line-c-r00031,line-c,line-c-e01,33.1983731,-116.1536178,180.0,line-c-e02,33.1985325,-116.1534282,180.0,line-c-e07,33.1993294,-116.1524803,180.0,line-c-e08,33.1994888,-116.1522907,180.0,2026-08-19T14:06:12Z,dipole-dipole,5,3,1.529,523.3,204.863,8.545,0.00331,0.00080,0.00575;0.00483;0.00463;0.00361;0.00355;0.00319;0.00245;0.00234;0.00149;0.00106,
line-c-r00032,line-c,line-c-e01,33.1983731,-116.1536178,180.0,line-c-e02,33.1985325,-116.1534282,180.0,line-c-e07,33.1993294,-116.1524803,180.0,line-c-e08,33.1994888,-116.1522907,180.0,2026-08-19T14:06:24Z,dipole-dipole,5,7,1.646,486.2,197.113,7.590,0.00424,0.00066,0.00698;0.00692;0.00579;0.00471;0.00449;0.00396;0.00342;0.00290;0.00212;0.00146,
line-c-r00033,line-c,line-c-e01,33.1983731,-116.1536178,180.0,line-c-e02,33.1985325,-116.1534282,180.0,line-c-e07,33.1993294,-116.1524803,180.0,line-c-e08,33.1994888,-116.1522907,180.0,2026-08-19T14:06:36Z,dipole-dipole,5,7,1.527,523.9,212.402,8.447,0.00474,0.00111,0.00725;0.00693;0.00696;0.00606;0.00542;0.00434;0.00387;0.00295;0.00216;0.00162,
line-c-r00034,line-c,line-c-e01,33.1983731,-116.1536178,180.0,line-c-e02,33.1985325,-116.1534282,180.0,line-c-e07,33.1993294,-116.1524803,180.0,line-c-e08,33.1994888,-116.1522907,180.0,2026-08-19T14:06:48Z,dipole-dipole,5,5,1.860,430.2,203.317,10.058,0.00564,0.00128,0.00963;0.00899;0.00728;0.00671;0.00735;0.00538;0.00427;0.00361;0.00287;0.00181,
line-c-r00035,line-c,line-c-e01,33.1983731,-116.1536178,180.0,line-c-e02,33.1985325,-116.1534282,180.0,line-c-e07,33.1993294,-116.1524803,180.0,line-c-e08,33.1994888,-116.1522907,180.0,2026-08-19T14:07:00Z,dipole-dipole,5,6,1.527,524.0,204.659,7.045,0.00447,0.00123,0.00693;0.00624;0.00595;0.00545;0.00524;0.00377;0.00339;0.00301;0.00219;0.00176,
line-c-r00036,line-c,line-c-e01,33.1983731,-116.1536178,180.0,line-c-e02,33.1985325,-116.1534282,180.0,line-c-e08,33.1994888,-116.1522907,180.0,line-c-e09,33.1996482,-116.1521011,180.0,2026-08-19T14:07:12Z,dipole-dipole,6,3,1.401,570.9,188.642,7.777,0.00534,0.00097,0.00869;0.00784;0.00798;0.00696;0.00614;0.00453;0.00419;0.00322;0.00259;0.00179,
line-c-r00037,line-c,line-c-e01,33.1983731,-116.1536178,180.0,line-c-e02,33.1985325,-116.1534282,180.0,line-c-e08,33.1994888,-116.1522907,180.0,line-c-e09,33.1996482,-116.1521011,180.0,2026-08-19T14:07:24Z,dipole-dipole,6,6,1.726,463.6,195.211,9.387,0.00372,0.00086,0.00558;0.00522;0.00519;0.00457;0.00409;0.00322;0.00288;0.00229;0.00177;0.00123,
line-c-r00038,line-c,line-c-e01,33.1983731,-116.1536178,180.0,line-c-e02,33.1985325,-116.1534282,180.0,line-c-e08,33.1994888,-116.1522907,180.0,line-c-e09,33.1996482,-116.1521011,180.0,2026-08-19T14:07:36Z,dipole-dipole,6,6,1.285,622.5,203.419,7.721,0.00503,0.00102,0.00712;0.00721;0.00644;0.00569;0.00606;0.00509;0.00380;0.00304;0.00272;0.00168,
line-c-r00039,line-c,line-c-e01,33.1983731,-116.1536178,180.0,line-c-e02,33.1985325,-116.1534282,180.0,line-c-e08,33.1994888,-116.1522907,180.0,line-c-e09,33.1996482,-116.1521011,180.0,2026-08-19T14:07:48Z,dipole-dipole,6,5,1.656,483.1,194.433,5.961,0.00462,0.00131,0.00771;0.00673;0.00689;0.00565;0.00461;0.00398;0.00396;0.00325;0.00214;0.00179,
line-c-r00040,line-c,line-c-e01,33.1983731,-116.1536178,180.0,line-c-e02,33.1985325,-116.1534282,180.0,line-c-e08,33.1994888,-116.1522907,180.0,line-c-e09,33.1996482,-116.1521011,180.0,2026-08-19T14:08:00Z,dipole-dipole,6,4,1.530,523.0,207.082,6.692,0.00459,0.00138,0.00743;0.00694;0.00617;0.00541;0.00506;0.00467;0.00367;0.00283;0.00227;0.00169,
line-c-r00041,line-c,line-c-e01,33.1983731,-116.1536178,180.0,line-c-e02,33.1985325,-116.1534282,180.0,line-c-e08,33.1994888,-116.1522907,180.0,line-c-e09,33.1996482,-116.1521011,180.0,2026-08-19T14:08:12Z,dipole-dipole,6,8,1.352,591.7,188.461,7.031,0.00550,0.00110,0.00844;0.00858;0.00786;0.00717;0.00559;0.00578;0.00456;0.00339;0.00272;0.00166,
line-c-r00042,line-c,line-c-e01,33.1983731,-116.1536178,180.0,line-c-e02,33.1985325,-116.1534282,180.0,line-c-e08,33.1994888,-116.1522907,180.0,line-c-e09,33.1996482,-116.1521011,180.0,2026-08-19T14:08:24Z,dipole-dipole,6,4,1.688,474.1,208.460,7.408,0.00487,0.00114,0.00801;0.00691;0.00750;0.00603;0.00627;0.00452;0.00382;0.00316;0.00257;0.00171,
line-c-r00043,line-c,line-c-e01,33.1983731,-116.1536178,180.0,line-c-e02,33.1985325,-116.1534282,180.0,line-c-e09,33.1996482,-116.1521011,180.0,line-c-e10,33.1998076,-116.1519115,180.0,2026-08-19T14:08:36Z,dipole-dipole,7,4,1.390,575.7,190.126,6.699,0.00297,0.00097,0.00532;0.00486;0.00421;0.00370;0.00316;0.00273;0.00243;0.00188;0.00144;0.00095,
line-c-r00044,line-c,line-c-e01,33.1983731,-116.1536178,180.0,line-c-e02,33.1985325,-116.1534282,180.0,line-c-e09,33.1996482,-116.1521011,180.0,line-c-e10,33.1998076,-116.1519115,180.0,2026-08-19T14:08:48Z,dipole-dipole,7,5,1.635,489.2,211.257,8.838,0.00535,0.00119,0.00919;0.00848;0.00752;0.00672;0.00538;0.00536;0.00386;0.00369;0.00282;0.00200,
line-c-r00045,line-c,line-c-e01,33.1983731,-116.1536178,180.0,line-c-e02,33.1985325,-116.1534282,180.0,line-c-e09,33.1996482,-116.1521011,180.0,line-c-e10,33.1998076,-116.1519115,180.0,2026-08-19T14:09:00Z,dipole-dipole,7,4,1.377,581.1,207.384,7.125,0.00540,0.00126,0.00927;0.00738;0.00706;0.00687;0.00550;0.00551;0.00392;0.00332;0.00269;0.00212,
line-c-r00046,line-c,line-c-e01,33.1983731,-116.1536178,180.0,line-c-e02,33.1985325,-116.1534282,180.0,line-c-e09,33.1996482,-116.1521011,180.0,line-c-e10,33.1998076,-116.1519115,180.0,2026-08-19T14:09:12Z,dipole-dipole,7,3,1.184,675.8,188.390,8.346,0.00367,0.00101,0.00520;0.00526;0.00551;0.00399;0.00401;0.00335;0.00301;0.00220;0.00180;0.00133,
line-c-r00047,line-c,line-c-e01,33.1983731,-116.1536178,180.0,line-c-e02,33.1985325,-116.1534282,180.0,line-c-e09,33.1996482,-116.1521011,180.0,line-c-e10,33.1998076,-116.1519115,180.0,2026-08-19T14:09:24Z,dipole-dipole,7,7,1.338,597.8,188.674,8.400,0.00616,0.00133,0.00957;0.00882;0.00923;0.00803;0.00660;0.00601;0.00502;0.00377;0.00296;0.00219,
line-c-r00048,line-c,line-c-e01,33.1983731,-116.1536178,180.0,line-c-e02,33.1985325,-116.1534282,180.0,line-c-e09,33.1996482,-116.1521011,180.0,line-c-e10,33.1998076,-116.1519115,180.0,2026-08-19T14:09:36Z,dipole-dipole,7,5,1.436,557.1,210.551,6.381,0.00446,0.00092,0.00659;0.00650;0.00621;0.00564;0.00468;0.00406;0.00386;0.00302;0.00207;0.00172,
line-c-r00049,line-c,line-c-e01,33.1983731,-116.1536178,180.0,line-c-e02,33.1985325,-116.1534282,180.0,line-c-e09,33.1996482,-116.1521011,180.0,line-c-e10,33.1998076,-116.1519115,180.0,2026-08-19T14:09:48Z,dipole-dipole,7,5,1.372,582.9,209.983,12.975,0.00605,0.00104,0.01056;0.00850;0.00819;0.00705;0.00640;0.00568;0.00457;0.00413;0.00306;0.00223,
line-c-r00050,line-c,line-c-e01,33.1983731,-116.1536178,180.0,line-c-e02,33.1985325,-116.1534282,180.0,line-c-e10,33.1998076,-116.1519115,180.0,line-c-e11,33.1999670,-116.1517219,180.0,2026-08-19T14:10:00Z,dipole-dipole,8,7,1.380,579.6,204.796,7.597,0.00664,0.00116,0.01068;0.00930;0.00881;0.00824;0.00751;0.00541;0.00557;0.00443;0.00286;0.00223,
line-c-r00051,line-c,line-c-e01,33.1983731,-116.1536178,180.0,line-c-e02,33.1985325,-116.1534282,180.0,line-c-e10,33.1998076,-116.1519115,180.0,line-c-e11,33.1999670,-116.1517219,180.0,2026-08-19T14:10:12Z,dipole-dipole,8,6,1.496,534.8,187.093,7.824,0.00499,0.00098,0.00782;0.00741;0.00607;0.00596;0.00509;0.00496;0.00408;0.00323;0.00259;0.00163,
line-c-r00052,line-c,line-c-e01,33.1983731,-116.1536178,180.0,line-c-e02,33.1985325,-116.1534282,180.0,line-c-e10,33.1998076,-116.1519115,180.0,line-c-e11,33.1999670,-116.1517219,180.0,2026-08-19T14:10:24Z,dipole-dipole,8,5,1.311,610.1,192.282,7.845,0.00418,0.00083,0.00641;0.00627;0.00565;0.00496;0.00470;0.00381;0.00341;0.00284;0.00197;0.00147,
line-c-r00053,line-c,line-c-e01,33.1983731,-116.1536178,180.0,line-c-e02,33.1985325,-116.1534282,180.0,line-c-e10,33.1998076,-116.1519115,180.0,line-c-e11,33.1999670,-116.1517219,180.0,2026-08-19T14:10:36Z,dipole-dipole,8,7,1.440,555.6,205.317,8.025,0.00567,0.00117,0.00964;0.00800;0.00722;0.00641;0.00566;0.00500;0.00418;0.00364;0.00271;0.00210,
line-c-r00054,line-c,line-c-e01,33.1983731,-116.1536178,180.0,line-c-e02,33.1985325,-116.1534282,180.0,line-c-e10,33.1998076,-116.1519115,180.0,line-c-e11,33.1999670,-116.1517219,180.0,2026-08-19T14:10:48Z,dipole-dipole,8,4,1.361,587.6,189.082,7.983,0.00414,0.00086,0.00638;0.00619;0.00568;0.00529;0.00444;0.00386;0.00318;0.00277;0.00209;0.00145,
line-c-r00055,line-c,line-c-e01,33.1983731,-116.1536178,180.0,line-c-e02,33.1985325,-116.1534282,180.0,line-c-e10,33.1998076,-116.1519115,180.0,line-c-e11,33.1999670,-116.1517219,180.0,2026-08-19T14:11:00Z,dipole-dipole,8,3,1.491,536.6,196.585,6.098,0.00445,0.00096,0.00717;0.00662;0.00618;0.00586;0.00485;0.00460;0.00337;0.00290;0.00217;0.00156,
line-c-r00056,line-c,line-c-e02,33.1985325,-116.1534282,180.0,line-c-e03,33.1986919,-116.1532386,180.0,line-c-e04,33.1988512,-116.1530490,180.0,line-c-e05,33.1990106,-116.1528594,180.0,2026-08-19T14:11:12Z,dipole-dipole,1,5,1.499,533.5,212.571,8.777,0.00487,0.00130,0.00811;0.00748;0.00683;0.00597;0.00527;0.00456;0.00381;0.00278;0.00228;0.00165,
line-c-r00057,line-c,line-c-e02,33.1985325,-116.1534282,180.0,line-c-e03,33.1986919,-116.1532386,180.0,line-c-e04,33.1988512,-116.1530490,180.0,line-c-e05,33.1990106,-116.1528594,180.0,2026-08-19T14:11:24Z,dipole-dipole,1,7,1.409,567.8,202.031,7.208,0.00495,0.00115,0.00799;0.00761;0.00714;0.00599;0.00557;0.00429;0.00361;0.00307;0.00238;0.00181,
line-c-r00058,line-c,line-c-e02,33.1985325,-116.1534282,180.0,line-c-e03,33.1986919,-116.1532386,180.0,line-c-e04,33.1988512,-116.1530490,180.0,line-c-e05,33.1990106,-116.1528594,180.0,2026-08-19T14:11:36Z,dipole-dipole,1,6,1.664,480.9,201.022,8.181,0.00645,0.00119,0.01041;0.00864;0.00873;0.00854;0.00668;0.00600;0.00541;0.00404;0.00298;0.00234,
line-c-r00059,line-c,line-c-e02,33.1985325,-116.1534282,180.0,line-c-e03,33.1986919,-116.1532386,180.0,line-c-e04,33.1988512,-116.1530490,180.0,line-c-e05,33.1990106,-116.1528594,180.0,2026-08-19T14:11:48Z,dipole-dipole,1,5,1.603,499.0,199.475,6.817,0.00430,0.00111,0.00674;0.00665;0.00601;0.00530;0.00536;0.00415;0.00320;0.00292;0.00205;0.00167,
line-c-r00060,line-c,line-c-e02,33.1985325,-116.1534282,180.0,line-c-e03,33.1986919,-116.1532386,180.0,line-c-e04,33.1988512,-116.1530490,180.0,line-c-e05,33.1990106,-116.1528594,180.0,2026-08-19T14:12:00Z,dipole-dipole,1,3,1.537,520.3,211.118,8.508,0.00326,0.00138,0.00513;0.00504;0.00437;0.00397;0.00344;0.00285;0.00244;0.00203;0.00143;0.00106,
line-c-r00061,line-c,line-c-e02,33.1985325,-116.1534282,180.0,line-c-e03,33.1986919,-116.1532386,180.0,line-c-e04,33.1988512,-116.1530490,180.0,line-c-e05,33.1990106,-116.1528594,180.0,2026-08-19T14:12:12Z,dipole-dipole,1,3,1.578,507.1,202.518,6.897,0.00427,0.00106,0.00693;0.00596;0.00586;0.00456;0.00462;0.00364;0.00350;0.00229;0.00199;0.00141,
line-c-r00062,line-c,line-c-e02,33.1985325,-116.1534282,180.0,line-c-e03,33.1986919,-116.1532386,180.0,line-c-e04,33.1988512,-116.1530490,180.0,line-c-e05,33.1990106,-116.1528594,180.0,2026-08-19T14:12:24Z,dipole-dipole,1,4,1.579,506.6,205.635,8.417,0.00508,0.00114,0.00777;0.00780;0.00787;0.00603;0.00599;0.00502;0.00430;0.00377;0.00249;0.00174,
line-c-r00063,line-c,line-c-e02,33.1985325,-116.1534282,180.0,line-c-e03,33.1986919,-116.1532386,180.0,line-c-e04,33.1988512,-116.1530490,180.0,line-c-e05,33.1990106,-116.1528594,180.0,2026-08-19T14:12:36Z,dipole-dipole,1,8,1.786,448.1,207.386,6.699,0.00473,0.00113,0.00736;0.00786;0.00695;0.00577;0.00502;0.00439;0.00360;0.00298;0.00239;0.00174,
line-c-r00064,line-c,line-c-e02,33.1985325,-116.1534282,180.0,line-c-e03,33.1986919,-116.1532386,180.0,line-c-e05,33.1990106,-116.1528594,180.0,line-c-e06,33.1991700,-116.1526698,180.0,2026-08-19T14:12:48Z,dipole-dipole,2,7,1.439,555.9,198.229,8.300,0.00602,0.00099,0.00954;0.00786;0.00862;0.00720;0.00676;0.00552;0.00464;0.00396;0.00331;0.00209,
line-c-r00065,line-c,line-c-e02,33.1985325,-116.1534282,180.0,line-c-e03,33.1986919,-116.1532386,180.0,line-c-e05,33.1990106,-116.1528594,180.0,line-c-e06,33.1991700,-116.1526698,180.0,2026-08-19T14:13:00Z,dipole-dipole,2,3,1.284,622.9,203.695,7.378,0.00389,0.00096,0.00577;0.00588;0.00489;0.00493;0.00406;0.00377;0.00299;0.00249;0.00188;0.00125,
line-c-r00066,line-c,line-c-e02,33.1985325,-116.1534282,180.0,line-c-e03,33.1986919,-116.1532386,180.0,line-c-e05,33.1990106,-116.1528594,180.0,line-c-e06,33.1991700,-116.1526698,180.0,2026-08-19T14:13:12Z,dipole-dipole,2,5,2.000,391.7,186.973,9.288,0.00597,0.00120,0.01007;0.00889;0.00895;0.00705;0.00594;0.00583;0.00479;0.00394;0.00279;0.00222,
line-c-r00067,line-c,line-c-e02,33.1985325,-116.1534282,180.0,line-c-e03,33.1986919,-116.1532386,180.0,line-c-e05,33.1990106,-116.1528594,180.0,line-c-e06,33.1991700,-116.1526698,180.0,2026-08-19T14:13:24Z,dipole-dipole,2,4,1.547,517.1,206.516,6.122,0.00458,0.00146,0.00675;0.00718;0.00643;0.00588;0.00544;0.00434;0.00395;0.00277;0.00196;0.00176,
line-c-r00068,line-c,line-c-e02,33.1985325,-116.1534282,180.0,line-c-e03,33.1986919,-116.1532386,180.0,line-c-e05,33.1990106,-116.1528594,180.0,line-c-e06,33.1991700,-116.1526698,180.0,2026-08-19T14:13:36Z,dipole-dipole,2,5,1.388,576.4,202.318,5.791,0.00522,0.00095,0.00896;0.00710;0.00708;0.00628;0.00569;0.00510;0.00414;0.00341;0.00287;0.00195,
line-c-r00069,line-c,line-c-e02,33.1985325,-116.1534282,180.0,line-c-e03,33.1986919,-116.1532386,180.0,line-c-e05,33.1990106,-116.1528594,180.0,line-c-e06,33.1991700,-116.1526698,180.0,2026-08-19T14:13:48Z,dipole-dipole,2,4,1.436,557.2,190.732,8.383,0.00384,0.00133,0.00633;0.00555;0.00501;0.00547;0.00426;0.00350;0.00290;0.00258;0.00176;0.00138,
line-c-r00070,line-c,line-c-e02,33.1985325,-116.1534282,180.0,line-c-e03,33.1986919,-116.1532386,180.0,line-c-e06,33.1991700,-116.1526698,180.0,line-c-e07,33.1993294,-116.1524803,180.0,2026-08-19T14:14:00Z,dipole-dipole,3,6,1.340,597.1,194.930,9.823,0.00382,0.00117,0.00669;0.00538;0.00580;0.00520;0.00427;0.00373;0.00341;0.00215;0.00213;0.00142,
line-c-r00071,line-c,line-c-e02,33.1985325,-116.1534282,180.0,line-c-e03,33.1986919,-116.1532386,180.0,line-c-e06,33.1991700,-116.1526698,180.0,line-c-e07,33.1993294,-116.1524803,180.0,2026-08-19T14:14:12Z,dipole-dipole,3,8,1.359,588.5,186.997,8.266,0.00359,0.00124,0.00505;0.00497;0.00453;0.00468;0.00376;0.00320;0.00324;0.00209;0.00157;0.00143,
line-c-r00072,line-c,line-c-e02,33.1985325,-116.1534282,180.0,line-c-e03,33.1986919,-116.1532386,180.0,line-c-e06,33.1991700,-116.1526698,180.0,line-c-e07,33.1993294,-116.1524803,180.0,2026-08-19T14:14:24Z,dipole-dipole,3,6,1.494,535.3,209.132,8.565,0.00499,0.00118,0.00736;0.00738;0.00643;0.00611;0.00516;0.00455;0.00343;0.00333;0.00239;0.00177,
line-c-r00073,line-c,line-c-e02,33.1985325,-116.1534282,180.0,line-c-e03,33.1986919,-116.1532386,180.0,line-c-e06,33.1991700,-116.1526698,180.0,line-c-e07,33.1993294,-116.1524803,180.0,2026-08-19T14:14:36Z,dipole-dipole,3,7,1.567,510.6,201.992,7.873,0.00326,0.00102,0.00523;0.00526;0.00413;0.00405;0.00363;0.00313;0.00274;0.00206;0.00150;0.00126,
line-c-r00074,line-c,line-c-e02,33.1985325,-116.1534282,180.0,line-c-e03,33.1986919,-116.1532386,180.0,line-c-e06,33.1991700,-116.1526698,180.0,line-c-e07,33.1993294,-116.1524803,180.0,2026-08-19T14:14:48Z,dipole-dipole,3,7,1.716,466.3,198.848,8.863,0.00386,0.00092,0.00635;0.00543;0.00505;0.00485;0.00433;0.00347;0.00287;0.00247;0.00182;0.00150,
line-c-r00075,line-c,line-c-e02,33.1985325,-116.1534282,180.0,line-c-e03,33.1986919,-116.1532386,180.0,line-c-e06,33.1991700,-116.1526698,180.0,line-c-e07,33.1993294,-116.1524803,180.0,2026-08-19T14:15:00Z,dipole-dipole,3,4,1.631,490.5,188.695,7.328,0.00333,0.00095,0.00558;0.00496;0.00440;0.00431;0.00345;0.00335;0.00300;0.00210;0.00168;0.00111,
line-c-r00076,line-c,line-c-e02,33.1985325,-116.1534282,180.0,line-c-e03,33.1986919,-116.1532386,180.0,line-c-e07,33.1993294,-116.1524803,180.0,line-c-e08,33.1994888,-116.1522907,180.0,2026-08-19T14:15:12Z,dipole-dipole,4,3,1.136,704.4,204.135,6.831,0.00601,0.00111,0.01018;0.00967;0.00809;0.00796;0.00643;0.00611;0.00541;0.00360;0.00296;0.00230,
line-c-r00077,line-c,line-c-e02,33.1985325,-116.1534282,180.0,line-c-e03,33.1986919,-116.1532386,180.0,line-c-e07,33.1993294,-116.1524803,180.0,line-c-e08,33.1994888,-116.1522907,180.0,2026-08-19T14:15:24Z,dipole-dipole,4,6,1.495,535.3,204.135,6.214,0.00601,0.00115,0.01018;0.00967;0.00809;0.00796;0.00643;0.00611;0.00541;0.00360;0.00296;0.00230,
line-c-r00078,line-c,line-c-e02,33.1985325,-116.1534282,180.0,line-c-e03,33.1986919,-116.1532386,180.0,line-c-e07,33.1993294,-116.1524803,180.0,line-c-e08,33.1994888,-116.1522907,180.0,2026-08-19T14:15:36Z,dipole-dipole,4,6,1.134,705.5,204.135,5.432,0.00601,0.00086,0.01018;0.00967;0.00809;0.00796;0.00643;0.00611;0.00541;0.00360;0.00296;0.00230,
line-c-r00079,line-c,line-c-e02,33.1985325,-116.1534282,180.0,line-c-e03,33.1986919,-116.1532386,180.0,line-c-e07,33.1993294,-116.1524803,180.0,line-c-e08,33.1994888,-116.1522907,180.0,2026-08-19T14:15:48Z,dipole-dipole,4,5,1.302,614.4,204.135,8.264,0.00601,0.00101,0.01018;0.00967;0.00809;0.00796;0.00643;0.00611;0.00541;0.00360;0.00296;0.00230,
line-c-r00080,line-c,line-c-e02,33.1985325,-116.1534282,180.0,line-c-e03,33.1986919,-116.1532386,180.0,line-c-e07,33.1993294,-116.1524803,180.0,line-c-e08,33.1994888,-116.1522907,180.0,2026-08-19T14:16:00Z,dipole-dipole,4,3,1.325,603.9,204.135,6.654,0.00601,0.00145,0.01018;0.00967;0.00809;0.00796;0.00643;0.00611;0.00541;0.00360;0.00296;0.00230,
line-c-r00081,line-c,line-c-e02,33.1985325,-116.1534282,180.0,line-c-e03,33.1986919,-116.1532386,180.0,line-c-e07,33.1993294,-116.1524803,180.0,line-c-e08,33.1994888,-116.1522907,180.0,2026-08-19T14:16:12Z,dipole-dipole,4,6,1.421,563.0,204.135,9.719,0.00601,0.00066,0.01018;0.00967;0.00809;0.00796;0.00643;0.00611;0.00541;0.00360;0.00296;0.00230,
line-c-r00082,line-c,line-c-e02,33.1985325,-116.1534282,180.0,line-c-e03,33.1986919,-116.1532386,180.0,line-c-e07,33.1993294,-116.1524803,180.0,line-c-e08,33.1994888,-116.1522907,180.0,2026-08-19T14:16:24Z,dipole-dipole,4,8,1.325,603.9,204.135,8.976,0.00601,0.00115,0.01018;0.00967;0.00809;0.00796;0.00643;0.00611;0.00541;0.00360;0.00296;0.00230,
line-c-r00083,line-c,line-c-e02,33.1985325,-116.1534282,180.0,line-c-e03,33.1986919,-116.1532386,180.0,line-c-e08,33.1994888,-116.1522907,180.0,line-c-e09,33.1996482,-116.1521011,180.0,2026-08-19T14:16:36Z,dipole-dipole,5,7,1.418,564.1,203.386,8.859,0.00423,0.00092,0.00678;0.00608;0.00591;0.00565;0.00466;0.00401;0.00334;0.00269;0.00217;0.00155,
line-c-r00084,line-c,line-c-e02,33.1985325,-116.1534282,180.0,line-c-e03,33.1986919,-116.1532386,180.0,line-c-e08,33.1994888,-116.1522907,180.0,line-c-e09,33.1996482,-116.1521011,180.0,2026-08-19T14:16:48Z,dipole-dipole,5,6,1.233,649.0,203.386,9.282,0.00423,0.00108,0.00678;0.00608;0.00591;0.00565;0.00466;0.00401;0.00334;0.00269;0.00217;0.00155,
line-c-r00085,line-c,line-c-e02,33.1985325,-116.1534282,180.0,line-c-e03,33.1986919,-116.1532386,180.0,line-c-e08,33.1994888,-116.1522907,180.0,line-c-e09,33.1996482,-116.1521011,180.0,2026-08-19T14:17:00Z,dipole-dipole,5,4,1.891,423.1,203.386,7.869,0.00423,0.00091,0.00678;0.00608;0.00591;0.00565;0.00466;0.00401;0.00334;0.00269;0.00217;0.00155,
line-c-r00086,line-c,line-c-e02,33.1985325,-116.1534282,180.0,line-c-e03,33.1986919,-116.1532386,180.0,line-c-e08,33.1994888,-116.1522907,180.0,line-c-e09,33.1996482,-116.1521011,180.0,2026-08-19T14:17:12Z,dipole-dipole,5,4,1.186,674.6,203.386,8.818,0.00423,0.00089,0.00678;0.00608;0.00591;0.00565;0.00466;0.00401;0.00334;0.00269;0.00217;0.00155,
line-c-r00087,line-c,line-c-e02,33.1985325,-116.1534282,180.0,line-c-e03,33.1986919,-116.1532386,180.0,line-c-e08,33.1994888,-116.1522907,180.0,line-c-e09,33.1996482,-116.1521011,180.0,2026-08-19T14:17:24Z,dipole-dipole,5,8,1.117,716.1,203.386,8.598,0.00423,0.00098,0.00678;0.00608;0.00591;0.00565;0.00466;0.00401;0.00334;0.00269;0.00217;0.00155,
line-c-r00088,line-c,line-c-e02,33.1985325,-116.1534282,180.0,line-c-e03,33.1986919,-116.1532386,180.0,line-c-e08,33.1994888,-116.1522907,180.0,line-c-e09,33.1996482,-116.1521011,180.0,2026-08-19T14:17:36Z,dipole-dipole,5,6,1.648,485.3,203.386,7.887,0.00423,0.00075,0.00678;0.00608;0.00591;0.00565;0.00466;0.00401;0.00334;0.00269;0.00217;0.00155,
line-c-r00089,line-c,line-c-e02,33.1985325,-116.1534282,180.0,line-c-e03,33.1986919,-116.1532386,180.0,line-c-e09,33.1996482,-116.1521011,180.0,line-c-e10,33.1998076,-116.1519115,180.0,2026-08-19T14:17:48Z,dipole-dipole,6,3,1.365,586.0,204.210,6.520,0.00406,0.00105,0.00622;0.00564;0.00531;0.00453;0.00513;0.00391;0.00327;0.00243;0.00223;0.00133,
line-c-r00090,line-c,line-c-e02,33.1985325,-116.1534282,180.0,line-c-e03,33.1986919,-116.1532386,180.0,line-c-e09,33.1996482,-116.1521011,180.0,line-c-e10,33.1998076,-116.1519115,180.0,2026-08-19T14:18:00Z,dipole-dipole,6,6,1.671,478.7,199.939,8.239,0.00476,0.00113,0.00759;0.00712;0.00727;0.00606;0.00543;0.00467;0.00361;0.00329;0.00204;0.00160,
line-c-r00091,line-c,line-c-e02,33.1985325,-116.1534282,180.0,line-c-e03,33.1986919,-116.1532386,180.0,line-c-e09,33.1996482,-116.1521011,180.0,line-c-e10,33.1998076,-116.1519115,180.0,2026-08-19T14:18:12Z,dipole-dipole,6,7,1.278,626.1,191.872,8.611,0.00482,0.00138,0.00747;0.00668;0.00600;0.00534;0.00478;0.00452;0.00367;0.00308;0.00233;0.00158,
line-c-r00092,line-c,line-c-e02,33.1985325,-116.1534282,180.0,line-c-e03,33.1986919,-116.1532386,180.0,line-c-e09,33.1996482,-116.1521011,180.0,line-c-e10,33.1998076,-116.1519115,180.0,2026-08-19T14:18:24Z,dipole-dipole,6,6,2.000,362.7,223.221,7.781,0.00297,0.00137,0.00433;0.00433;0.00414;0.00354;0.00304;0.00277;0.00242;0.00207;0.00147;0.00104,
line-c-r00093,line-c,line-c-e02,33.1985325,-116.1534282,180.0,line-c-e03,33.1986919,-116.1532386,180.0,line-c-e09,33.1996482,-116.1521011,180.0,line-c-e10,33.1998076,-116.1519115,180.0,2026-08-19T14:18:36Z,dipole-dipole,6,5,1.277,626.7,203.476,9.319,0.00566,0.00100,0.00975;0.00858;0.00735;0.00749;0.00655;0.00524;0.00446;0.00366;0.00243;0.00201,
line-c-r00094,line-c,line-c-e02,33.1985325,-116.1534282,180.0,line-c-e03,33.1986919,-116.1532386,180.0,line-c-e09,33.1996482,-116.1521011,180.0,line-c-e10,33.1998076,-116.1519115,180.0,2026-08-19T14:18:48Z,dipole-dipole,6,6,1.328,602.4,199.536,7.187,0.00393,0.00104,0.00621;0.00568;0.00491;0.00485;0.00459;0.00349;0.00249;0.00258;0.00173;0.00130,
line-c-r00095,line-c,line-c-e02,33.1985325,-116.1534282,180.0,line-c-e03,33.1986919,-116.1532386,180.0,line-c-e09,33.1996482,-116.1521011,180.0,line-c-e10,33.1998076,-116.1519115,180.0,2026-08-19T14:19:00Z,dipole-dipole,6,4,1.380,579.7,205.292,6.119,0.00537,0.00110,0.00849;0.00792;0.00760;0.00625;0.00594;0.00541;0.00448;0.00301;0.00298;0.00168,
line-c-r00096,line-c,line-c-e02,33.1985325,-116.1534282,180.0,line-c-e03,33.1986919,-116.1532386,180.0,line-c-e10,33.1998076,-116.1519115,180.0,line-c-e11,33.1999670,-116.1517219,180.0,2026-08-19T14:19:12Z,dipole-dipole,7,4,1.375,581.9,206.516,7.724,0.00709,0.00104,0.01039;0.01028;0.01050;0.00969;0.00728;0.00632;0.00551;0.00493;0.00342;0.00251,
line-c-r00097,line-c,line-c-e02,33.1985325,-116.1534282,180.0,line-c-e03,33.1986919,-116.1532386,180.0,line-c-e10,33.1998076,-116.1519115,180.0,line-c-e11,33.1999670,-116.1517219,180.0,2026-08-19T14:19:24Z,dipole-dipole,7,3,1.379,580.0,199.446,7.732,0.00651,0.00111,0.01042;0.01020;0.00863;0.00817;0.00673;0.00611;0.00549;0.00404;0.00294;0.00248,
line-c-r00098,line-c,line-c-e02,33.1985325,-116.1534282,180.0,line-c-e03,33.1986919,-116.1532386,180.0,line-c-e10,33.1998076,-116.1519115,180.0,line-c-e11,33.1999670,-116.1517219,180.0,2026-08-19T14:19:36Z,dipole-dipole,7,5,1.710,467.7,201.809,7.271,0.00396,0.00122,0.00598;0.00556;0.00576;0.00470;0.00413;0.00344;0.00286;0.00228;0.00200;0.00148,
line-c-r00099,line-c,line-c-e02,33.1985325,-116.1534282,180.0,line-c-e03,33.1986919,-116.1532386,180.0,line-c-e10,33.1998076,-116.1519115,180.0,line-c-e11,33.1999670,-116.1517219,180.0,2026-08-19T14:19:48Z,dipole-dipole,7,6,1.739,460.1,214.259,7.414,0.00414,0.00117,0.00137;0.00209;0.00248;0.00356;0.00406;0.00384;0.00519;0.00518;0.00591;0.00732,
line-c-r00100,line-c,line-c-e02,33.1985325,-116.1534282,180.0,line-c-e03,33.1986919,-116.1532386,180.0,line-c-e10,33.1998076,-116.1519115,180.0,line-c-e11,33.1999670,-116.1517219,180.0,2026-08-19T14:20:00Z,dipole-dipole,7,8,1.036,772.3,191.880,6.307,0.00324,0.00110,0.00533;0.00464;0.00419;0.00413;0.00332;0.00316;0.00280;0.00187;0.00167;0.00123,
line-c-r00101,line-c,line-c-e02,33.1985325,-116.1534282,180.0,line-c-e03,33.1986919,-116.1532386,180.0,line-c-e10,33.1998076,-116.1519115,180.0,line-c-e11,33.1999670,-116.1517219,180.0,2026-08-19T14:20:12Z,dipole-dipole,7,7,1.785,448.2,205.875,6.621,0.00573,0.00159,0.00839;0.00886;0.00752;0.00727;0.00595;0.00539;0.00483;0.00361;0.00270;0.00204,
line-c-r00102,line-c,line-c-e02,33.1985325,-116.1534282,180.0,line-c-e03,33.1986919,-116.1532386,180.0,line-c-e10,33.1998076,-116.1519115,180.0,line-c-e11,33.1999670,-116.1517219,180.0,2026-08-19T14:20:24Z,dipole-dipole,7,3,1.287,621.5,200.300,7.436,0.00380,0.00116,0.00654;0.00563;0.00512;0.00492;0.00477;0.00341;0.00289;0.00266;0.00175;0.00117,
line-c-r00103,line-c,line-c-e02,33.1985325,-116.1534282,180.0,line-c-e03,33.1986919,-116.1532386,180.0,line-c-e10,33.1998076,-116.1519115,180.0,line-c-e11,33.1999670,-116.1517219,180.0,2026-08-19T14:20:36Z,dipole-dipole,7,7,1.661,481.7,212.434,6.741,0.00460,0.00095,0.00175;0.00217;0.00281;0.00406;0.00398;0.00486;0.00553;0.00697;0.00705;0.00689,
line-c-r00104,line-c,line-c-e02,33.1985325,-116.1534282,180.0,line-c-e03,33.1986919,-116.1532386,180.0,line-c-e11,33.1999670,-116.1517219,180.0,line-c-e12,33.2001264,-116.1515323,180.0,2026-08-19T14:20:48Z,dipole-dipole,8,3,1.825,438.3,192.411,7.047,0.00535,0.00105,0.00768;0.00765;0.00720;0.00715;0.00596;0.00483;0.00403;0.00309;0.00236;0.00191,
line-c-r00105,line-c,line-c-e02,33.1985325,-116.1534282,180.0,line-c-e03,33.1986919,-116.1532386,180.0,line-c-e11,33.1999670,-116.1517219,180.0,line-c-e12,33.2001264,-116.1515323,180.0,2026-08-19T14:21:00Z,dipole-dipole,8,3,1.504,531.8,206.813,9.152,0.00722,0.00092,0.01217;0.01155;0.01065;0.00942;0.00790;0.00757;0.00576;0.00456;0.00312;0.00290,
line-c-r00106,line-c,line-c-e02,33.1985325,-116.1534282,180.0,line-c-e03,33.1986919,-116.1532386,180.0,line-c-e11,33.1999670,-116.1517219,180.0,line-c-e12,33.2001264,-116.1515323,180.0,2026-08-19T14:21:12Z,dipole-dipole,8,6,1.509,530.1,197.276,7.180,0.00378,0.00093,0.00504;0.00521;0.00495;0.00454;0.00409;0.00359;0.00304;0.00265;0.00173;0.00136,
line-c-r00107,line-c,line-c-e02,33.1985325,-116.1534282,180.0,line-c-e03,33.1986919,-116.1532386,180.0,line-c-e11,33.1999670,-116.1517219,180.0,line-c-e12,33.2001264,-116.1515323,180.0,2026-08-19T14:21:24Z,dipole-dipole,8,3,1.334,599.7,200.826,8.733,0.00156,0.00089,0.00245;0.00245;0.00212;0.00177;0.00166;0.00138;0.00117;0.00101;0.00081;0.00056,
line-c-r00108,line-c,line-c-e02,33.1985325,-116.1534282,180.0,line-c-e03,33.1986919,-116.1532386,180.0,line-c-e11,33.1999670,-116.1517219,180.0,line-c-e12,33.2001264,-116.1515323,180.0,2026-08-19T14:21:36Z,dipole-dipole,8,7,1.800,444.5,197.951,6.440,0.00513,0.00129,0.00822;0.00786;0.00737;0.00568;0.00578;0.00498;0.00389;0.00341;0.00276;0.00188,
line-c-r00109,line-c,line-c-e02,33.1985325,-116.1534282,180.0,line-c-e03,33.1986919,-116.1532386,180.0,line-c-e11,33.1999670,-116.1517219,180.0,line-c-e12,33.2001264,-116.1515323,180.0,2026-08-19T14:21:48Z,dipole-dipole,8,4,1.432,558.7,197.497,6.722,0.00522,0.00110,0.00780;0.00814;0.00621;0.00577;0.00608;0.00517;0.00423;0.00332;0.00232;0.00166,
line-c-r00110,line-c,line-c-e02,33.1985325,-116.1534282,180.0,line-c-e03,33.1986919,-116.1532386,180.0,line-c-e11,33.1999670,-116.1517219,180.0,line-c-e12,33.2001264,-116.1515323,180.0,2026-08-19T14:22:00Z,dipole-dipole,8,3,1.315,608.5,190.865,8.027,0.00624,0.00119,0.00908;0.01032;0.00852;0.00783;0.00696;0.00587;0.00486;0.00379;0.00295;0.00224,
line-c-r00111,line-c,line-c-e03,33.1986919,-116.1532386,180.0,line-c-e04,33.1988512,-116.1530490,180.0,line-c-e05,33.1990106,-116.1528594,180.0,line-c-e06,33.1991700,-116.1526698,180.0,2026-08-19T14:22:12Z,dipole-dipole,1,7,1.643,487.0,205.989,570.514,0.00420,0.00085,0.00650;0.00618;0.00626;0.00526;0.00442;0.00355;0.00334;0.00259;0.00214;0.00143,
line-c-r00112,line-c,line-c-e03,33.1986919,-116.1532386,180.0,line-c-e04,33.1988512,-116.1530490,180.0,line-c-e05,33.1990106,-116.1528594,180.0,line-c-e06,33.1991700,-116.1526698,180.0,2026-08-19T14:22:24Z,dipole-dipole,1,3,1.360,588.2,201.046,8.043,0.00503,0.00122,0.00790;0.00734;0.00677;0.00611;0.00558;0.00477;0.00386;0.00337;0.00237;0.00173,
line-c-r00113,line-c,line-c-e03,33.1986919,-116.1532386,180.0,line-c-e04,33.1988512,-116.1530490,180.0,line-c-e05,33.1990106,-116.1528594,180.0,line-c-e06,33.1991700,-116.1526698,180.0,2026-08-19T14:22:36Z,dipole-dipole,1,7,1.533,521.9,187.222,8.035,0.00803,0.00102,0.01210;0.01152;0.01149;0.01014;0.00918;0.00789;0.00629;0.00507;0.00387;0.00274,
line-c-r00114,line-c,line-c-e03,33.1986919,-116.1532386,180.0,line-c-e04,33.1988512,-116.1530490,180.0,line-c-e05,33.1990106,-116.1528594,180.0,line-c-e06,33.1991700,-116.1526698,180.0,2026-08-19T14:22:48Z,dipole-dipole,1,4,1.679,476.6,215.652,9.045,0.00640,0.00101,0.01011;0.00905;0.00879;0.00813;0.00745;0.00629;0.00559;0.00351;0.00325;0.00214,
line-c-r00115,line-c,line-c-e03,33.1986919,-116.1532386,180.0,line-c-e04,33.1988512,-116.1530490,180.0,line-c-e05,33.1990106,-116.1528594,180.0,line-c-e06,33.1991700,-116.1526698,180.0,2026-08-19T14:23:00Z,dipole-dipole,1,3,1.582,505.7,227.322,6.901,0.00515,0.00125,0.00842;0.00794;0.00697;0.00663;0.00527;0.00499;0.00423;0.00339;0.00230;0.00183,
line-c-r00116,line-c,line-c-e03,33.1986919,-116.1532386,180.0,line-c-e04,33.1988512,-116.1530490,180.0,line-c-e05,33.1990106,-116.1528594,180.0,line-c-e06,33.1991700,-116.1526698,180.0,2026-08-19T14:23:12Z,dipole-dipole,1,5,1.737,460.5,196.890,6.186,0.00460,0.00086,0.00789;0.00666;0.00654;0.00535;0.00480;0.00442;0.00374;0.00320;0.00210;0.00173,
line-c-r00117,line-c,line-c-e03,33.1986919,-116.1532386,180.0,line-c-e04,33.1988512,-116.1530490,180.0,line-c-e05,33.1990106,-116.1528594,180.0,line-c-e06,33.1991700,-116.1526698,180.0,2026-08-19T14:23:24Z,dipole-dipole,1,7,1.738,460.2,199.066,6.665,0.00383,0.00117,0.00621;0.00549;0.00527;0.00461;0.00401;0.00347;0.00323;0.00219;0.00174;0.00146,
line-c-r00118,line-c,line-c-e03,33.1986919,-116.1532386,180.0,line-c-e04,33.1988512,-116.1530490,180.0,line-c-e06,33.1991700,-116.1526698,180.0,line-c-e07,33.1993294,-116.1524803,180.0,2026-08-19T14:23:36Z,dipole-dipole,2,5,1.473,542.9,204.882,7.881,0.00762,0.00127,0.01222;0.01036;0.01067;0.00906;0.00935;0.00612;0.00605;0.00464;0.00388;0.00278,
line-c-r00119,line-c,line-c-e03,33.1986919,-116.1532386,180.0,line-c-e04,33.1988512,-116.1530490,180.0,line-c-e06,33.1991700,-116.1526698,180.0,line-c-e07,33.1993294,-116.1524803,180.0,2026-08-19T14:23:48Z,dipole-dipole,2,8,1.459,548.3,200.526,7.928,0.00333,0.00118,0.00558;0.00577;0.00469;0.00389;0.00391;0.00290;0.00261;0.00212;0.00175;0.00112,
line-c-r00120,line-c,line-c-e03,33.1986919,-116.1532386,180.0,line-c-e04,33.1988512,-116.1530490,180.0,line-c-e06,33.1991700,-116.1526698,180.0,line-c-e07,33.1993294,-116.1524803,180.0,2026-08-19T14:24:00Z,dipole-dipole,2,5,1.514,528.3,206.129,8.688,0.00390,0.00093,0.00600;0.00611;0.00552;0.00507;0.00457;0.00340;0.00312;0.00254;0.00183;0.00146,
line-c-r00121,line-c,line-c-e03,33.1986919,-116.1532386,180.0,line-c-e04,33.1988512,-116.1530490,180.0,line-c-e06,33.1991700,-116.1526698,180.0,line-c-e07,33.1993294,-116.1524803,180.0,2026-08-19T14:24:12Z,dipole-dipole,2,6,1.893,422.7,198.514,7.534,0.00517,0.00131,0.00190;0.00251;0.00325;0.00414;0.00474;0.00588;0.00619;0.00672;0.00765;0.00933,
line-c-r00122,line-c,line-c-e03,33.1986919,-116.1532386,180.0,line-c-e04,33.1988512,-116.1530490,180.0,line-c-e06,33.1991700,-116.1526698,180.0,line-c-e07,33.1993294,-116.1524803,180.0,2026-08-19T14:24:24Z,dipole-dipole,2,6,1.259,635.3,199.085,7.296,0.00416,0.00123,0.00674;0.00645;0.00581;0.00544;0.00443;0.00422;0.00355;0.00259;0.00199;0.00165,
line-c-r00123,line-c,line-c-e03,33.1986919,-116.1532386,180.0,line-c-e04,33.1988512,-116.1530490,180.0,line-c-e06,33.1991700,-116.1526698,180.0,line-c-e07,33.1993294,-116.1524803,180.0,2026-08-19T14:24:36Z,dipole-dipole,2,3,1.136,704.5,203.174,6.858,0.00549,0.00095,0.00777;0.00827;0.00745;0.00754;0.00589;0.00518;0.00429;0.00355;0.00261;0.00184,
line-c-r00124,line-c,line-c-e03,33.1986919,-116.1532386,180.0,line-c-e04,33.1988512,-116.1530490,180.0,line-c-e06,33.1991700,-116.1526698,180.0,line-c-e07,33.1993294,-116.1524803,180.0,2026-08-19T14:24:48Z,dipole-dipole,2,4,1.296,617.1,205.802,7.113,0.00770,0.00109,0.01237;0.01153;0.01089;0.00952;0.00896;0.00735;0.00614;0.00495;0.00363;0.00257,
line-c-r00125,line-c,line-c-e03,33.1986919,-116.1532386,180.0,line-c-e04,33.1988512,-116.1530490,180.0,line-c-e07,33.1993294,-116.1524803,180.0,line-c-e08,33.1994888,-116.1522907,180.0,2026-08-19T14:25:00Z,dipole-dipole,3,3,1.491,536.6,193.094,7.193,0.00444,0.00090,0.00647;0.00685;0.00600;0.00531;0.00449;0.00394;0.00336;0.00255;0.00215;0.00159,
line-c-r00126,line-c,line-c-e03,33.1986919,-116.1532386,180.0,line-c-e04,33.1988512,-116.1530490,180.0,line-c-e07,33.1993294,-116.1524803,180.0,line-c-e08,33.1994888,-116.1522907,180.0,2026-08-19T14:25:12Z,dipole-dipole,3,6,1.520,526.3,204.068,7.777,0.00374,0.00074,0.00617;0.00579;0.00554;0.00450;0.00395;0.00339;0.00276;0.00225;0.00196;0.00136,
line-c-r00127,line-c,line-c-e03,33.1986919,-116.1532386,180.0,line-c-e04,33.1988512,-116.1530490,180.0,line-c-e07,33.1993294,-116.1524803,180.0,line-c-e08,33.1994888,-116.1522907,180.0,2026-08-19T14:25:24Z,dipole-dipole,3,5,1.909,419.2,205.685,6.588,0.00470,0.00100,0.00768;0.00693;0.00649;0.00628;0.00570;0.00401;0.00378;0.00323;0.00237;0.00177,
line-c-r00128,line-c,line-c-e03,33.1986919,-116.1532386,180.0,line-c-e04,33.1988512,-116.1530490,180.0,line-c-e07,33.1993294,-116.1524803,180.0,line-c-e08,33.1994888,-116.1522907,180.0,2026-08-19T14:25:36Z,dipole-dipole,3,4,1.202,665.6,178.712,8.397,0.00676,0.00092,0.01068;0.00948;0.00909;0.00788;0.00738;0.00646;0.00554;0.00375;0.00314;0.00236,
line-c-r00129,line-c,line-c-e03,33.1986919,-116.1532386,180.0,line-c-e04,33.1988512,-116.1530490,180.0,line-c-e07,33.1993294,-116.1524803,180.0,line-c-e08,33.1994888,-116.1522907,180.0,2026-08-19T14:25:48Z,dipole-dipole,3,7,1.258,635.8,190.750,5.494,0.00401,0.00074,0.00679;0.00656;0.00521;0.00502;0.00422;0.00359;0.00321;0.00251;0.00191;0.00146,
line-c-r00130,line-c,line-c-e03,33.1986919,-116.1532386,180.0,line-c-e04,33.1988512,-116.1530490,180.0,line-c-e07,33.1993294,-116.1524803,180.0,line-c-e08,33.1994888,-116.1522907,180.0,2026-08-19T14:26:00Z,dipole-dipole,3,8,1.696,471.6,196.001,9.016,0.00652,0.00099,0.01016;0.01051;0.00909;0.00847;0.00763;0.00643;0.00497;0.00451;0.00311;0.00219,
line-c-r00131,line-c,line-c-e03,33.1986919,-116.1532386,180.0,line-c-e04,33.1988512,-116.1530490,180.0,line-c-e07,33.1993294,-116.1524803,180.0,line-c-e08,33.1994888,-116.1522907,180.0,2026-08-19T14:26:12Z,dipole-dipole,3,7,1.175,680.8,204.125,8.124,0.00530,0.00137,0.00884;0.00859;0.00718;0.00620;0.00592;0.00471;0.00454;0.00343;0.00260;0.00195,
line-c-r00132,line-c,line-c-e03,33.1986919,-116.1532386,180.0,line-c-e04,33.1988512,-116.1530490,180.0,line-c-e07,33.1993294,-116.1524803,180.0,line-c-e08,33.1994888,-116.1522907,180.0,2026-08-19T14:26:24Z,dipole-dipole,3,4,1.321,605.4,200.696,6.550,0.00435,0.00093,0.00631;0.00654;0.00562;0.00532;0.00513;0.00399;0.00384;0.00261;0.00204;0.00142,
line-c-r00133,line-c,line-c-e03,33.1986919,-116.1532386,180.0,line-c-e04,33.1988512,-116.1530490,180.0,line-c-e08,33.1994888,-116.1522907,180.0,line-c-e09,33.1996482,-116.1521011,180.0,2026-08-19T14:26:36Z,dipole-dipole,4,6,1.580,506.5,194.656,11.176,0.00438,0.00093,0.00698;0.00648;0.00554;0.00597;0.00477;0.00441;0.00360;0.00287;0.00213;0.00154,
line-c-r00134,line-c,line-c-e03,33.1986919,-116.1532386,180.0,line-c-e04,33.1988512,-116.1530490,180.0,line-c-e08,33.1994888,-116.1522907,180.0,line-c-e09,33.1996482,-116.1521011,180.0,2026-08-19T14:26:48Z,dipole-dipole,4,4,1.444,553.9,198.499,8.246,0.00508,0.00115,0.00866;0.00682;0.00717;0.00565;0.00626;0.00499;0.00405;0.00307;0.00247;0.00190,
line-c-r00135,line-c,line-c-e03,33.1986919,-116.1532386,180.0,line-c-e04,33.1988512,-116.1530490,180.0,line-c-e08,33.1994888,-116.1522907,180.0,line-c-e09,33.1996482,-116.1521011,180.0,2026-08-19T14:27:00Z,dipole-dipole,4,3,1.247,641.4,201.334,6.366,0.00436,0.00122,0.00708;0.00613;0.00593;0.00615;0.00497;0.00394;0.00349;0.00277;0.00213;0.00145,
line-c-r00136,line-c,line-c-e03,33.1986919,-116.1532386,180.0,line-c-e04,33.1988512,-116.1530490,180.0,line-c-e08,33.1994888,-116.1522907,180.0,line-c-e09,33.1996482,-116.1521011,180.0,2026-08-19T14:27:12Z,dipole-dipole,4,8,1.472,543.5,206.192,6.826,0.00549,0.00118,0.00902;0.00958;0.00808;0.00740;0.00580;0.00541;0.00431;0.00373;0.00286;0.00184,
line-c-r00137,line-c,line-c-e03,33.1986919,-116.1532386,180.0,line-c-e04,33.1988512,-116.1530490,180.0,line-c-e08,33.1994888,-116.1522907,180.0,line-c-e09,33.1996482,-116.1521011,180.0,2026-08-19T14:27:24Z,dipole-dipole,4,8,1.320,605.8,193.868,9.236,0.00208,0.00108,0.00330;0.00290;0.00247;0.00257;0.00237;0.00196;0.00171;0.00139;0.00098;0.00078,
line-c-r00138,line-c,line-c-e03,33.1986919,-116.1532386,180.0,line-c-e04,33.1988512,-116.1530490,180.0,line-c-e08,33.1994888,-116.1522907,180.0,line-c-e09,33.1996482,-116.1521011,180.0,2026-08-19T14:27:36Z,dipole-dipole,4,4,1.300,615.5,195.847,7.600,0.00466,0.00088,0.00749;0.00745;0.00647;0.00599;0.00519;0.00465;0.00344;0.00303;0.00222;0.00165,
line-c-r00139,line-c,line-c-e03,33.1986919,-116.1532386,180.0,line-c-e04,33.1988512,-116.1530490,180.0,line-c-e08,33.1994888,-116.1522907,180.0,line-c-e09,33.1996482,-116.1521011,180.0,2026-08-19T14:27:48Z,dipole-dipole,4,7,1.614,495.8,209.656,7.518,0.00601,0.00118,0.00829;0.00931;0.00785;0.00720;0.00704;0.00586;0.00476;0.00383;0.00266;0.00206,
line-c-r00140,line-c,line-c-e03,33.1986919,-116.1532386,180.0,line-c-e04,33.1988512,-116.1530490,180.0,line-c-e08,33.1994888,-116.1522907,180.0,line-c-e09,33.1996482,-116.1521011,180.0,2026-08-19T14:28:00Z,dipole-dipole,4,8,1.426,561.2,207.527,6.978,0.00587,0.00086,0.00973;0.00871;0.00795;0.00727;0.00602;0.00547;0.00448;0.00388;0.00305;0.00202,
line-c-r00141,line-c,line-c-e03,33.1986919,-116.1532386,180.0,line-c-e04,33.1988512,-116.1530490,180.0,line-c-e09,33.1996482,-116.1521011,180.0,line-c-e10,33.1998076,-116.1519115,180.0,2026-08-19T14:28:12Z,dipole-dipole,5,8,1.475,542.2,200.782,6.918,0.00536,0.01166,0.00881;0.00836;0.00753;0.00680;0.00628;0.00492;0.00413;0.00350;0.00237;0.00186,
line-c-r00142,line-c,line-c-e03,33.1986919,-116.1532386,180.0,line-c-e04,33.1988512,-116.1530490,180.0,line-c-e09,33.1996482,-116.1521011,180.0,line-c-e10,33.1998076,-116.1519115,180.0,2026-08-19T14:28:24Z,dipole-dipole,5,6,1.158,690.8,188.629,8.348,0.00494,0.00887,0.00816;0.00751;0.00644;0.00576;0.00518;0.00422;0.00365;0.00317;0.00224;0.00172,
line-c-r00143,line-c,line-c-e03,33.1986919,-116.1532386,180.0,line-c-e04,33.1988512,-116.1530490,180.0,line-c-e09,33.1996482,-116.1521011,180.0,line-c-e10,33.1998076,-116.1519115,180.0,2026-08-19T14:28:36Z,dipole-dipole,5,4,1.380,579.7,206.902,7.385,0.00470,0.00088,0.00777;0.00705;0.00647;0.00549;0.00553;0.00466;0.00349;0.00260;0.00227;0.00158,
line-c-r00144,line-c,line-c-e03,33.1986919,-116.1532386,180.0,line-c-e04,33.1988512,-116.1530490,180.0,line-c-e09,33.1996482,-116.1521011,180.0,line-c-e10,33.1998076,-116.1519115,180.0,2026-08-19T14:28:48Z,dipole-dipole,5,3,1.833,436.4,198.966,10.480,0.00547,0.00104,0.00956;0.00823;0.00741;0.00636;0.00563;0.00528;0.00409;0.00361;0.00286;0.00191,
line-c-r00145,line-c,line-c-e03,33.1986919,-116.1532386,180.0,line-c-e04,33.1988512,-116.1530490,180.0,line-c-e09,33.1996482,-116.1521011,180.0,line-c-e10,33.1998076,-116.1519115,180.0,2026-08-19T14:29:00Z,dipole-dipole,5,6,1.520,526.3,200.298,10.205,0.00379,0.00101,0.00580;0.00566;0.00487;0.00450;0.00420;0.00327;0.00316;0.00221;0.00176;0.00136,
line-c-r00146,line-c,line-c-e03,33.1986919,-116.1532386,180.0,line-c-e04,33.1988512,-116.1530490,180.0,line-c-e09,33.1996482,-116.1521011,180.0,line-c-e10,33.1998076,-116.1519115,180.0,2026-08-19T14:29:12Z,dipole-dipole,5,8,1.310,610.7,194.917,7.845,0.00427,0.00122,0.00606;0.00685;0.00610;0.00565;0.00472;0.00416;0.00317;0.00275;0.00192;0.00144,
line-c-r00147,line-c,line-c-e03,33.1986919,-116.1532386,180.0,line-c-e04,33.1988512,-116.1530490,180.0,line-c-e10,33.1998076,-116.1519115,180.0,line-c-e11,33.1999670,-116.1517219,180.0,2026-08-19T14:29:24Z,dipole-dipole,6,8,1.216,658.1,205.214,6.911,0.00469,0.00109,0.00797;0.00695;0.00561;0.00547;0.00535;0.00402;0.00377;0.00319;0.00209;0.00162,
line-c-r00148,line-c,line-c-e03,33.1986919,-116.1532386,180.0,line-c-e04,33.1988512,-116.1530490,180.0,line-c-e10,33.1998076,-116.1519115,180.0,line-c-e11,33.1999670,-116.1517219,180.0,2026-08-19T14:29:36Z,dipole-dipole,6,3,1.713,466.9,197.796,7.789,0.00395,0.00113,0.00603;0.00578;0.00544;0.00487;0.00448;0.00380;0.00346;0.00256;0.00189;0.00176,
line-c-r00149,line-c,line-c-e03,33.1986919,-116.1532386,180.0,line-c-e04,33.1988512,-116.1530490,180.0,line-c-e10,33.1998076,-116.1519115,180.0,line-c-e11,33.1999670,-116.1517219,180.0,2026-08-19T14:29:48Z,dipole-dipole,6,6,1.524,524.8,199.738,7.897,0.00525,0.00118,0.00838;0.00736;0.00715;0.00654;0.00533;0.00501;0.00401;0.00336;0.00274;0.00180,
line-c-r00150,line-c,line-c-e03,33.1986919,-116.1532386,180.0,line-c-e04,33.1988512,-116.1530490,180.0,line-c-e10,33.1998076,-116.1519115,180.0,line-c-e11,33.1999670,-116.1517219,180.0,2026-08-19T14:30:00Z,dipole-dipole,6,4,1.413,566.2,213.701,6.471,0.00357,0.00090,0.00605;0.00541;0.00530;0.00474;0.00391;0.00316;0.00267;0.00205;0.00182;0.00124,
line-c-r00151,line-c,line-c-e03,33.1986919,-116.1532386,180.0,line-c-e04,33.1988512,-116.1530490,180.0,line-c-e10,33.1998076,-116.1519115,180.0,line-c-e11,33.1999670,-116.1517219,180.0,2026-08-19T14:30:12Z,dipole-dipole,6,5,1.194,669.7,197.658,6.632,0.00648,0.00097,0.00955;0.01098;0.01038;0.00874;0.00739;0.00684;0.00530;0.00428;0.00302;0.00228,
line-c-r00152,line-c,line-c-e03,33.1986919,-116.1532386,180.0,line-c-e04,33.1988512,-116.1530490,180.0,line-c-e10,33.1998076,-116.1519115,180.0,line-c-e11,33.1999670,-116.1517219,180.0,2026-08-19T14:30:24Z,dipole-dipole,6,6,1.342,596.3,219.206,7.838,0.00503,0.01365,0.00753;0.00738;0.00716;0.00624;0.00524;0.00500;0.00372;0.00306;0.00237;0.00169,
line-c-r00153,line-c,line-c-e03,33.1986919,-116.1532386,180.0,line-c-e04,33.1988512,-116.1530490,180.0,line-c-e10,33.1998076,-116.1519115,180.0,line-c-e11,33.1999670,-116.1517219,180.0,2026-08-19T14:30:36Z,dipole-dipole,6,8,1.463,546.8,204.669,8.098,0.00758,0.00110,0.01204;0.01227;0.00870;0.00976;0.00896;0.00664;0.00614;0.00485;0.00411;0.00250,
line-c-r00154,line-c,line-c-e03,33.1986919,-116.1532386,180.0,line-c-e04,33.1988512,-116.1530490,180.0,line-c-e10,33.1998076,-116.1519115,180.0,line-c-e11,33.1999670,-116.1517219,180.0,2026-08-19T14:30:48Z,dipole-dipole,6,8,1.760,454.6,187.408,6.956,0.00429,0.00141,0.00676;0.00606;0.00610;0.00523;0.00479;0.00424;0.00342;0.00261;0.00217;0.00132,
line-c-r00155,line-c,line-c-e03,33.1986919,-116.1532386,180.0,line-c-e04,33.1988512,-116.1530490,180.0,line-c-e11,33.1999670,-116.1517219,180.0,line-c-e12,33.2001264,-116.1515323,180.0,2026-08-19T14:31:00Z,dipole-dipole,7,3,1.289,620.6,193.227,6.635,0.00470,0.00089,0.00769;0.00679;0.00687;0.00562;0.00554;0.00451;0.00346;0.00284;0.00239;0.00157,
line-c-r00156,line-c,line-c-e03,33.1986919,-116.1532386,180.0,line-c-e04,33.1988512,-116.1530490,180.0,line-c-e11,33.1999670,-116.1517219,180.0,line-c-e12,33.2001264,-116.1515323,180.0,2026-08-19T14:31:12Z,dipole-dipole,7,5,1.458,548.7,194.495,5.307,0.00367,0.00078,0.00579;0.00499;0.00473;0.00466;0.00396;0.00373;0.00269;0.00237;0.00178;0.00136,
line-c-r00157,line-c,line-c-e03,33.1986919,-116.1532386,180.0,line-c-e04,33.1988512,-116.1530490,180.0,line-c-e11,33.1999670,-116.1517219,180.0,line-c-e12,33.2001264,-116.1515323,180.0,2026-08-19T14:31:24Z,dipole-dipole,7,7,1.610,497.0,202.785,7.130,0.00295,0.00094,0.00473;0.00419;0.00441;0.00349;0.00301;0.00277;0.00207;0.00192;0.00154;0.00101,
line-c-r00158,line-c,line-c-e03,33.1986919,-116.1532386,180.0,line-c-e04,33.1988512,-116.1530490,180.0,line-c-e11,33.1999670,-116.1517219,180.0,line-c-e12,33.2001264,-116.1515323,180.0,2026-08-19T14:31:36Z,dipole-dipole,7,4,1.266,632.0,200.731,7.276,0.00517,0.00107,0.00889;0.00754;0.00647;0.00740;0.00551;0.00493;0.00424;0.00312;0.00265;0.00179,
line-c-r00159,line-c,line-c-e03,33.1986919,-116.1532386,180.0,line-c-e04,33.1988512,-116.1530490,180.0,line-c-e11,33.1999670,-116.1517219,180.0,line-c-e12,33.2001264,-116.1515323,180.0,2026-08-19T14:31:48Z,dipole-dipole,7,8,1.682,475.6,189.184,8.408,0.00546,0.00118,0.00906;0.00877;0.00718;0.00678;0.00598;0.00418;0.00407;0.00336;0.00286;0.00192,
line-c-r00160,line-c,line-c-e03,33.1986919,-116.1532386,180.0,line-c-e04,33.1988512,-116.1530490,180.0,line-c-e11,33.1999670,-116.1517219,180.0,line-c-e12,33.2001264,-116.1515323,180.0,2026-08-19T14:32:00Z,dipole-dipole,7,7,1.717,466.0,212.316,7.939,0.00598,0.00107,0.00952;0.00959;0.00830;0.00768;0.00696;0.00547;0.00479;0.00355;0.00287;0.00219,
line-c-r00161,line-c,line-c-e03,33.1986919,-116.1532386,180.0,line-c-e04,33.1988512,-116.1530490,180.0,line-c-e12,33.2001264,-116.1515323,180.0,line-c-e13,33.2002858,-116.1513427,180.0,2026-08-19T14:32:12Z,dipole-dipole,8,3,2.000,384.7,210.557,5.933,0.00536,0.00097,0.00812;0.00728;0.00677;0.00673;0.00665;0.00470;0.00457;0.00296;0.00241;0.00175,
line-c-r00162,line-c,line-c-e03,33.1986919,-116.1532386,180.0,line-c-e04,33.1988512,-116.1530490,180.0,line-c-e12,33.2001264,-116.1515323,180.0,line-c-e13,33.2002858,-116.1513427,180.0,2026-08-19T14:32:24Z,dipole-dipole,8,5,1.268,631.1,189.940,8.240,0.00610,0.00125,0.00986;0.00872;0.00783;0.00716;0.00661;0.00542;0.00459;0.00415;0.00301;0.00198,
line-c-r00163,line-c,line-c-e03,33.1986919,-116.1532386,180.0,line-c-e04,33.1988512,-116.1530490,180.0,line-c-e12,33.2001264,-116.1515323,180.0,line-c-e13,33.2002858,-116.1513427,180.0,2026-08-19T14:32:36Z,dipole-dipole,8,5,1.116,716.9,206.782,7.416,0.00508,0.00090,0.00780;0.00829;0.00718;0.00571;0.00571;0.00489;0.00376;0.00323;0.00251;0.00187,
line-c-r00164,line-c,line-c-e03,33.1986919,-116.1532386,180.0,line-c-e04,33.1988512,-116.1530490,180.0,line-c-e12,33.2001264,-116.1515323,180.0,line-c-e13,33.2002858,-116.1513427,180.0,2026-08-19T14:32:48Z,dipole-dipole,8,6,1.359,588.6,199.351,10.327,0.00508,0.00089,0.00800;0.00835;0.00692;0.00562;0.00593;0.00492;0.00413;0.00302;0.00246;0.00182,
line-c-r00165,line-c,line-c-e03,33.1986919,-116.1532386,180.0,line-c-e04,33.1988512,-116.1530490,180.0,line-c-e12,33.2001264,-116.1515323,180.0,line-c-e13,33.2002858,-116.1513427,180.0,2026-08-19T14:33:00Z,dipole-dipole,8,5,1.285,622.7,186.369,7.617,0.00638,0.00140,0.00913;0.01024;0.00852;0.00711;0.00642;0.00580;0.00520;0.00393;0.00337;0.00242,
line-c-r00166,line-c,line-c-e03,33.1986919,-116.1532386,180.0,line-c-e04,33.1988512,-116.1530490,180.0,line-c-e12,33.2001264,-116.1515323,180.0,line-c-e13,33.2002858,-116.1513427,180.0,2026-08-19T14:33:12Z,dipole-dipole,8,4,1.398,572.1,202.332,6.166,0.00662,0.00086,0.01117;0.01042;0.00852;0.00821;0.00708;0.00667;0.00474;0.00440;0.00330;0.00238,
line-c-r00167,line-c,line-c-e04,33.1988512,-116.1530490,180.0,line-c-e05,33.1990106,-116.1528594,180.0,line-c-e06,33.1991700,-116.1526698,180.0,line-c-e07,33.1993294,-116.1524803,180.0,2026-08-19T14:33:24Z,dipole-dipole,1,3,1.769,452.2,200.130,7.651,0.00347,0.00096,0.00597;0.00487;0.00451;0.00488;0.00417;0.00317;0.00269;0.00210;0.00175;0.00119,
line-c-r00168,line-c,line-c-e04,33.1988512,-116.1530490,180.0,line-c-e05,33.1990106,-116.1528594,180.0,line-c-e06,33.1991700,-116.1526698,180.0,line-c-e07,33.1993294,-116.1524803,180.0,2026-08-19T14:33:36Z,dipole-dipole,1,6,1.571,509.2,203.374,8.550,0.00475,0.00122,0.00745;0.00619;0.00642;0.00591;0.00518;0.00419;0.00397;0.00325;0.00224;0.00188,
line-c-r00169,line-c,line-c-e04,33.1988512,-116.1530490,180.0,line-c-e05,33.1990106,-116.1528594,180.0,line-c-e06,33.1991700,-116.1526698,180.0,line-c-e07,33.1993294,-116.1524803,180.0,2026-08-19T14:33:48Z,dipole-dipole,1,7,1.801,444.1,219.100,8.415,0.00561,0.00094,0.00967;0.00722;0.00762;0.00688;0.00582;0.00594;0.00436;0.00349;0.00248;0.00190,
line-c-r00170,line-c,line-c-e04,33.1988512,-116.1530490,180.0,line-c-e05,33.1990106,-116.1528594,180.0,line-c-e06,33.1991700,-116.1526698,180.0,line-c-e07,33.1993294,-116.1524803,180.0,2026-08-19T14:34:00Z,dipole-dipole,1,5,2.000,270.3,211.493,6.628,0.00418,0.00135,0.00668;0.00645;0.00574;0.00478;0.00451;0.00388;0.00332;0.00279;0.00191;0.00139,
line-c-r01533,line-c,line-c-e04,33.1988512,-116.1530490,180.0,line-c-e05,33.1990106,-116.1528594,180.0,line-c-e06,33.1991700,-116.1526698,180.0,line-c-e07,33.1993294,-116.1524803,180.0,2026-08-19T14:34:12Z,dipole-dipole,1,4,1.818,440.1,198.670,9.723,0.00427,0.00101,0.00710;0.00714;0.00577;0.00480;0.00486;0.00415;0.00328;0.00271;0.00204;0.00133,
line-c-r00172,line-c,line-c-e04,33.1988512,-116.1530490,180.0,line-c-e05,33.1990106,-116.1528594,180.0,line-c-e06,33.1991700,-116.1526698,180.0,line-c-e07,33.1993294,-116.1524803,180.0,2026-08-19T14:34:24Z,dipole-dipole,1,8,1.741,459.6,212.741,6.633,0.00449,0.00145,0.00723;0.00660;0.00571;0.00551;0.00515;0.00413;0.00347;0.00269;0.00214;0.00165,
line-c-r00173,line-c,line-c-e04,33.1988512,-116.1530490,180.0,line-c-e05,33.1990106,-116.1528594,180.0,line-c-e06,33.1991700,-116.1526698,180.0,line-c-e07,33.1993294,-116.1524803,180.0,2026-08-19T14:34:36Z,dipole-dipole,1,6,1.638,488.5,209.707,8.894,0.00671,0.00102,0.01013;0.00990;0.00898;0.00878;0.00715;0.00618;0.00579;0.00415;0.00331;0.00230,
line-c-r00174,line-c,line-c-e04,33.1988512,-116.1530490,180.0,line-c-e05,33.1990106,-116.1528594,180.0,line-c-e07,33.1993294,-116.1524803,180.0,line-c-e08,33.1994888,-116.1522907,180.0,2026-08-19T14:34:48Z,dipole-dipole,2,7,1.926,415.3,201.217,8.719,0.00589,0.00120,0.00848;0.00866;0.00729;0.00767;0.00604;0.00519;0.00488;0.00371;0.00269;0.00199,
line-c-r00175,line-c,line-c-e04,33.1988512,-116.1530490,180.0,line-c-e05,33.1990106,-116.1528594,180.0,line-c-e07,33.1993294,-116.1524803,180.0,line-c-e08,33.1994888,-116.1522907,180.0,2026-08-19T14:35:00Z,dipole-dipole,2,7,1.996,400.7,192.508,5.160,0.00615,0.00113,0.01090;0.00830;0.00841;0.00809;0.00749;0.00557;0.00523;0.00416;0.00311;0.00231,
line-c-r00176,line-c,line-c-e04,33.1988512,-116.1530490,180.0,line-c-e05,33.1990106,-116.1528594,180.0,line-c-e07,33.1993294,-116.1524803,180.0,line-c-e08,33.1994888,-116.1522907,180.0,2026-08-19T14:35:12Z,dipole-dipole,2,8,1.808,442.4,195.395,7.052,0.00577,0.00081,0.00833;0.00776;0.00811;0.00725;0.00606;0.00609;0.00445;0.00401;0.00272;0.00199,
line-c-r00177,line-c,line-c-e04,33.1988512,-116.1530490,180.0,line-c-e05,33.1990106,-116.1528594,180.0,line-c-e07,33.1993294,-116.1524803,180.0,line-c-e08,33.1994888,-116.1522907,180.0,2026-08-19T14:35:24Z,dipole-dipole,2,7,2.000,368.4,202.955,8.618,0.00597,0.00102,0.00939;0.00837;0.00823;0.00695;0.00685;0.00613;0.00454;0.00356;0.00298;0.00192,
line-c-r00178,line-c,line-c-e04,33.1988512,-116.1530490,180.0,line-c-e05,33.1990106,-116.1528594,180.0,line-c-e07,33.1993294,-116.1524803,180.0,line-c-e08,33.1994888,-116.1522907,180.0,2026-08-19T14:35:36Z,dipole-dipole,2,7,2.000,367.2,209.772,7.534,0.00530,0.00116,0.00818;0.00829;0.00743;0.00701;0.00549;0.00499;0.00413;0.00356;0.00293;0.00179,
line-c-r00179,line-c,line-c-e04,33.1988512,-116.1530490,180.0,line-c-e05,33.1990106,-116.1528594,180.0,line-c-e07,33.1993294,-116.1524803,180.0,line-c-e08,33.1994888,-116.1522907,180.0,2026-08-19T14:35:48Z,dipole-dipole,2,8,2.000,394.8,199.444,6.701,0.00458,0.00103,0.00171;0.00207;0.00283;0.00373;0.00443;0.00495;0.00588;0.00662;0.00688;0.00714,
line-c-r00180,line-c,line-c-e04,33.1988512,-116.1530490,180.0,line-c-e05,33.1990106,-116.1528594,180.0,line-c-e07,33.1993294,-116.1524803,180.0,line-c-e08,33.1994888,-116.1522907,180.0,2026-08-19T14:36:00Z,dipole-dipole,2,7,2.000,371.9,192.565,6.644,0.00363,0.00107,0.00607;0.00591;0.00487;0.00424;0.00387;0.00359;0.00283;0.00219;0.00175;0.00124,
line-c-r00181,line-c,line-c-e04,33.1988512,-116.1530490,180.0,line-c-e05,33.1990106,-116.1528594,180.0,line-c-e08,33.1994888,-116.1522907,180.0,line-c-e09,33.1996482,-116.1521011,180.0,2026-08-19T14:36:12Z,dipole-dipole,3,4,2.000,296.2,195.558,8.074,0.00482,0.00095,0.00852;0.00758;0.00648;0.00641;0.00509;0.00427;0.00397;0.00309;0.00218;0.00167,
line-c-r00182,line-c,line-c-e04,33.1988512,-116.1530490,180.0,line-c-e05,33.1990106,-116.1528594,180.0,line-c-e08,33.1994888,-116.1522907,180.0,line-c-e09,33.1996482,-116.1521011,180.0,2026-08-19T14:36:24Z,dipole-dipole,3,4,1.615,495.4,196.676,7.591,0.00564,0.00081,0.00963;0.00833;0.00782;0.00673;0.00585;0.00575;0.00414;0.00372;0.00283;0.00200,
line-c-r00183,line-c,line-c-e04,33.1988512,-116.1530490,180.0,line-c-e05,33.1990106,-116.1528594,180.0,line-c-e08,33.1994888,-116.1522907,180.0,line-c-e09,33.1996482,-116.1521011,180.0,2026-08-19T14:36:36Z,dipole-dipole,3,7,2.000,344.3,207.988,7.630,0.00387,0.00118,0.00576;0.00547;0.00502;0.00512;0.00431;0.00355;0.00333;0.00250;0.00193;0.00123,
line-c-r00184,line-c,line-c-e04,33.1988512,-116.1530490,180.0,line-c-e05,33.1990106,-116.1528594,180.0,line-c-e08,33.1994888,-116.1522907,180.0,line-c-e09,33.1996482,-116.1521011,180.0,2026-08-19T14:36:48Z,dipole-dipole,3,5,2.000,396.5,196.656,7.233,0.00475,0.00103,0.00740;0.00675;0.00696;0.00599;0.00586;0.00444;0.00354;0.00283;0.00218;0.00191,
line-c-r00185,line-c,line-c-e04,33.1988512,-116.1530490,180.0,line-c-e05,33.1990106,-116.1528594,180.0,line-c-e08,33.1994888,-116.1522907,180.0,line-c-e09,33.1996482,-116.1521011,180.0,2026-08-19T14:37:00Z,dipole-dipole,3,3,1.603,499.1,205.763,7.766,0.00519,0.00108,0.00828;0.00793;0.00608;0.00588;0.00554;0.00501;0.00452;0.00315;0.00252;0.00179,
line-c-r00186,line-c,line-c-e04,33.1988512,-116.1530490,180.0,line-c-e05,33.1990106,-116.1528594,180.0,line-c-e08,33.1994888,-116.1522907,180.0,line-c-e09,33.1996482,-116.1521011,180.0,2026-08-19T14:37:12Z,dipole-dipole,3,8,1.848,432.8,216.043,8.091,0.00451,0.00073,0.00680;0.00700;0.00618;0.00559;0.00549;0.00439;0.00401;0.00316;0.00225;0.00161,
line-c-r00187,line-c,line-c-e04,33.1988512,-116.1530490,180.0,line-c-e05,33.1990106,-116.1528594,180.0,line-c-e08,33.1994888,-116.1522907,180.0,line-c-e09,33.1996482,-116.1521011,180.0,2026-08-19T14:37:24Z,dipole-dipole,3,7,1.750,457.0,196.347,5.274,0.00516,0.00078,0.00828;0.00750;0.00702;0.00625;0.00572;0.00510;0.00427;0.00349;0.00256;0.00192,
line-c-r00188,line-c,line-c-e04,33.1988512,-116.1530490,180.0,line-c-e05,33.1990106,-116.1528594,180.0,line-c-e08,33.1994888,-116.1522907,180.0,line-c-e09,33.1996482,-116.1521011,180.0,2026-08-19T14:37:36Z,dipole-dipole,3,4,1.242,644.1,197.201,7.073,0.00565,0.00092,0.00930;0.00899;0.00729;0.00679;0.00585;0.00576;0.00416;0.00335;0.00297;0.00211,
line-c-r00189,line-c,line-c-e04,33.1988512,-116.1530490,180.0,line-c-e05,33.1990106,-116.1528594,180.0,line-c-e09,33.1996482,-116.1521011,180.0,line-c-e10,33.1998076,-116.1519115,180.0,2026-08-19T14:37:48Z,dipole-dipole,4,8,1.612,496.1,191.212,6.450,0.00317,0.00076,0.00523;0.00456;0.00416;0.00402;0.00360;0.00273;0.00254;0.00200;0.00142;0.00114,
line-c-r00190,line-c,line-c-e04,33.1988512,-116.1530490,180.0,line-c-e05,33.1990106,-116.1528594,180.0,line-c-e09,33.1996482,-116.1521011,180.0,line-c-e10,33.1998076,-116.1519115,180.0,2026-08-19T14:38:00Z,dipole-dipole,4,8,2.000,395.9,214.460,8.082,0.00588,0.00073,0.01001;0.00811;0.00790;0.00760;0.00652;0.00547;0.00465;0.00390;0.00257;0.00199,
line-c-r00191,line-c,line-c-e04,33.1988512,-116.1530490,180.0,line-c-e05,33.1990106,-116.1528594,180.0,line-c-e09,33.1996482,-116.1521011,180.0,line-c-e10,33.1998076,-116.1519115,180.0,2026-08-19T14:38:12Z,dipole-dipole,4,5,1.987,402.7,201.334,6.784,0.00431,0.00095,0.00706;0.00627;0.00593;0.00512;0.00449;0.00436;0.00312;0.00251;0.00187;0.00139,
line-c-r00192,line-c,line-c-e04,33.1988512,-116.1530490,180.0,line-c-e05,33.1990106,-116.1528594,180.0,line-c-e09,33.1996482,-116.1521011,180.0,line-c-e10,33.1998076,-116.1519115,180.0,2026-08-19T14:38:24Z,dipole-dipole,4,6,2.000,375.8,212.279,5.791,0.00641,0.00129,0.01041;0.01006;0.00883;0.00754;0.00724;0.00616;0.00458;0.00422;0.00305;0.00238,
line-c-r00193,line-c,line-c-e04,33.1988512,-116.1530490,180.0,line-c-e05,33.1990106,-116.1528594,180.0,line-c-e09,33.1996482,-116.1521011,180.0,line-c-e10,33.1998076,-116.1519115,180.0,2026-08-19T14:38:36Z,dipole-dipole,4,5,2.000,337.1,191.851,7.402,0.00438,0.00131,0.00678;0.00619;0.00632;0.00516;0.00504;0.00452;0.00361;0.00246;0.00211;0.00147,
line-c-r00194,line-c,line-c-e04,33.1988512,-116.1530490,180.0,line-c-e05,33.1990106,-116.1528594,180.0,line-c-e09,33.1996482,-116.1521011,180.0,line-c-e10,33.1998076,-116.1519115,180.0,2026-08-19T14:38:48Z,dipole-dipole,4,6,1.595,501.5,202.564,6.452,0.00351,0.00099,0.00577;0.00489;0.00436;0.00454;0.00378;0.00335;0.00286;0.00212;0.00172;0.00127,
line-c-r00195,line-c,line-c-e04,33.1988512,-116.1530490,180.0,line-c-e05,33.1990106,-116.1528594,180.0,line-c-e09,33.1996482,-116.1521011,180.0,line-c-e10,33.1998076,-116.1519115,180.0,2026-08-19T14:39:00Z,dipole-dipole,4,8,2.000,398.6,214.915,6.267,0.00784,0.00110,0.01181;0.01234;0.01067;0.01005;0.00808;0.00679;0.00602;0.00491;0.00363;0.00253,
line-c-r00196,line-c,line-c-e04,33.1988512,-116.1530490,180.0,line-c-e05,33.1990106,-116.1528594,180.0,line-c-e10,33.1998076,-116.1519115,180.0,line-c-e11,33.1999670,-116.1517219,180.0,2026-08-19T14:39:12Z,dipole-dipole,5,6,2.000,341.6,196.346,9.978,0.00627,0.00122,0.00990;0.00888;0.00836;0.00757;0.00631;0.00627;0.00553;0.00357;0.00297;0.00207,
line-c-r00197,line-c,line-c-e04,33.1988512,-116.1530490,180.0,line-c-e05,33.1990106,-116.1528594,180.0,line-c-e10,33.1998076,-116.1519115,180.0,line-c-e11,33.1999670,-116.1517219,180.0,2026-08-19T14:39:24Z,dipole-dipole,5,6,2.000,387.3,215.726,7.038,0.00559,0.00130,0.00814;0.00808;0.00793;0.00667;0.00673;0.00609;0.00431;0.00336;0.00279;0.00207,
line-c-r00198,line-c,line-c-e04,33.1988512,-116.1530490,180.0,line-c-e05,33.1990106,-116.1528594,180.0,line-c-e10,33.1998076,-116.1519115,180.0,line-c-e11,33.1999670,-116.1517219,180.0,2026-08-19T14:39:36Z,dipole-dipole,5,3,1.993,401.5,193.575,9.805,0.00436,0.00093,0.00647;0.00621;0.00563;0.00567;0.00450;0.00383;0.00349;0.00270;0.00238;0.00169,
line-c-r00199,line-c,line-c-e04,33.1988512,-116.1530490,180.0,line-c-e05,33.1990106,-116.1528594,180.0,line-c-e10,33.1998076,-116.1519115,180.0,line-c-e11,33.1999670,-116.1517219,180.0,2026-08-19T14:39:48Z,dipole-dipole,5,4,2.000,361.5,202.039,5.373,0.00568,0.00112,0.00908;0.00844;0.00773;0.00667;0.00575;0.00556;0.00463;0.00321;0.00292;0.00208,
line-c-r00200,line-c,line-c-e04,33.1988512,-116.1530490,180.0,line-c-e05,33.1990106,-116.1528594,180.0,line-c-e10,33.1998076,-116.1519115,180.0,line-c-e11,33.1999670,-116.1517219,180.0,2026-08-19T14:40:00Z,dipole-dipole,5,3,2.000,339.9,200.162,7.850,0.00412,0.00119,0.00697;0.00604;0.00533;0.00514;0.00435;0.00417;0.00327;0.00278;0.00189;0.00156,
line-c-r00201,line-c,line-c-e04,33.1988512,-116.1530490,180.0,line-c-e05,33.1990106,-116.1528594,180.0,line-c-e10,33.1998076,-116.1519115,180.0,line-c-e11,33.1999670,-116.1517219,180.0,2026-08-19T14:40:12Z,dipole-dipole,5,7,2.000,291.4,201.284,6.256,0.00415,0.00098,0.00681;0.00641;0.00576;0.00507;0.00416;0.00407;0.00333;0.00261;0.00195;0.00141,
line-c-r00202,line-c,line-c-e04,33.1988512,-116.1530490,180.0,line-c-e05,33.1990106,-116.1528594,180.0,line-c-e10,33.1998076,-116.1519115,180.0,line-c-e11,33.1999670,-116.1517219,180.0,2026-08-19T14:40:24Z,dipole-dipole,5,8,1.756,455.6,208.678,8.667,0.00346,0.00079,0.00514;0.00523;0.00515;0.00437;0.00397;0.00347;0.00324;0.00232;0.00171;0.00111,
line-c-r00203,line-c,line-c-e04,33.1988512,-116.1530490,180.0,line-c-e05,33.1990106,-116.1528594,180.0,line-c-e10,33.1998076,-116.1519115,180.0,line-c-e11,33.1999670,-116.1517219,180.0,2026-08-19T14:40:36Z,dipole-dipole,5,5,2.000,323.4,198.605,8.918,0.00431,0.00123,0.00658;0.00646;0.00597;0.00521;0.00471;0.00415;0.00326;0.00273;0.00224;0.00158,
line-c-r00204,line-c,line-c-e04,33.1988512,-116.1530490,180.0,line-c-e05,33.1990106,-116.1528594,180.0,line-c-e11,33.1999670,-116.1517219,180.0,line-c-e12,33.2001264,-116.1515323,180.0,2026-08-19T14:40:48Z,dipole-dipole,6,7,2.000,371.1,194.295,9.328,0.00445,0.00133,0.00639;0.00723;0.00587;0.00570;0.00477;0.00416;0.00320;0.00278;0.00213;0.00167,
line-c-r00205,line-c,line-c-e04,33.1988512,-116.1530490,180.0,line-c-e05,33.1990106,-116.1528594,180.0,line-c-e11,33.1999670,-116.1517219,180.0,line-c-e12,33.2001264,-116.1515323,180.0,2026-08-19T14:41:00Z,dipole-dipole,6,8,1.608,497.5,192.441,7.038,0.00636,0.00127,0.01008;0.00896;0.00943;0.00860;0.00691;0.00651;0.00447;0.00370;0.00291;0.00260,
line-c-r00206,line-c,line-c-e04,33.1988512,-116.1530490,180.0,line-c-e05,33.1990106,-116.1528594,180.0,line-c-e11,33.1999670,-116.1517219,180.0,line-c-e12,33.2001264,-116.1515323,180.0,2026-08-19T14:41:12Z,dipole-dipole,6,6,1.878,425.9,192.563,9.116,0.00624,0.00101,0.01051;0.00935;0.00895;0.00838;0.00727;0.00616;0.00555;0.00413;0.00303;0.00225,
line-c-r00207,line-c,line-c-e04,33.1988512,-116.1530490,180.0,line-c-e05,33.1990106,-116.1528594,180.0,line-c-e11,33.1999670,-116.1517219,180.0,line-c-e12,33.2001264,-116.1515323,180.0,2026-08-19T14:41:24Z,dipole-dipole,6,4,2.000,379.9,191.332,6.827,0.00652,0.00089,0.01096;0.01006;0.00818;0.00841;0.00793;0.00610;0.00515;0.00372;0.00346;0.00234,
line-c-r00208,line-c,line-c-e04,33.1988512,-116.1530490,180.0,line-c-e05,33.1990106,-116.1528594,180.0,line-c-e11,33.1999670,-116.1517219,180.0,line-c-e12,33.2001264,-116.1515323,180.0,2026-08-19T14:41:36Z,dipole-dipole,6,3,1.781,449.2,181.300,6.639,0.00392,0.00118,0.00620;0.00542;0.00560;0.00482;0.00433;0.00370;0.00309;0.00236;0.00188;0.00139,
line-c-r00209,line-c,line-c-e04,33.1988512,-116.1530490,180.0,line-c-e05,33.1990106,-116.1528594,180.0,line-c-e11,33.1999670,-116.1517219,180.0,line-c-e12,33.2001264,-116.1515323,180.0,2026-08-19T14:41:48Z,dipole-dipole,6,4,1.554,514.6,197.360,7.557,0.00679,0.00119,0.01039;0.01141;0.00942;0.00852;0.00678;0.00667;0.00550;0.00470;0.00331;0.00238,
line-c-r00210,line-c,line-c-e04,33.1988512,-116.1530490,180.0,line-c-e05,33.1990106,-116.1528594,180.0,line-c-e11,33.1999670,-116.1517219,180.0,line-c-e12,33.2001264,-116.1515323,180.0,2026-08-19T14:42:00Z,dipole-dipole,6,3,2.000,377.9,201.975,7.321,0.00477,0.00118,0.00783;0.00687;0.00664;0.00596;0.00464;0.00430;0.00355;0.00277;0.00233;0.00168,
line-c-r00211,line-c,line-c-e04,33.1988512,-116.1530490,180.0,line-c-e05,33.1990106,-116.1528594,180.0,line-c-e12,33.2001264,-116.1515323,180.0,line-c-e13,33.2002858,-116.1513427,180.0,2026-08-19T14:42:12Z,dipole-dipole,7,3,1.677,477.1,193.576,7.084,0.00681,0.00101,0.01205;0.01101;0.00894;0.00900;0.00697;0.00610;0.00513;0.00426;0.00327;0.00242,
line-c-r00212,line-c,line-c-e04,33.1988512,-116.1530490,180.0,line-c-e05,33.1990106,-116.1528594,180.0,line-c-e12,33.2001264,-116.1515323,180.0,line-c-e13,33.2002858,-116.1513427,180.0,2026-08-19T14:42:24Z,dipole-dipole,7,7,1.972,405.7,202.936,6.919,0.00558,0.00125,0.00795;0.00882;0.00698;0.00635;0.00662;0.00544;0.00424;0.00349;0.00290;0.00201,
line-c-r00213,line-c,line-c-e04,33.1988512,-116.1530490,180.0,line-c-e05,33.1990106,-116.1528594,180.0,line-c-e12,33.2001264,-116.1515323,180.0,line-c-e13,33.2002858,-116.1513427,180.0,2026-08-19T14:42:36Z,dipole-dipole,7,6,2.000,384.3,187.992,5.891,0.00479,0.00106,0.00766;0.00700;0.00648;0.00671;0.00489;0.00430;0.00361;0.00297;0.00253;0.00160,
line-c-r00214,line-c,line-c-e04,33.1988512,-116.1530490,180.0,line-c-e05,33.1990106,-116.1528594,180.0,line-c-e12,33.2001264,-116.1515323,180.0,line-c-e13,33.2002858,-116.1513427,180.0,2026-08-19T14:42:48Z,dipole-dipole,7,4,2.000,398.1,197.751,7.265,0.00457,0.00108,0.00677;0.00665;0.00621;0.00590;0.00598;0.00435;0.00378;0.00310;0.00201;0.00157,
line-c-r00215,line-c,line-c-e04,33.1988512,-116.1530490,180.0,line-c-e05,33.1990106,-116.1528594,180.0,line-c-e12,33.2001264,-116.1515323,180.0,line-c-e13,33.2002858,-116.1513427,180.0,2026-08-19T14:43:00Z,dipole-dipole,7,3,1.862,429.5,191.089,7.844,0.00630,0.00116,0.01052;0.00871;0.00821;0.00708;0.00721;0.00566;0.00481;0.00415;0.00317;0.00230,
line-c-r00216,line-c,line-c-e04,33.1988512,-116.1530490,180.0,line-c-e05,33.1990106,-116.1528594,180.0,line-c-e12,33.2001264,-116.1515323,180.0,line-c-e13,33.2002858,-116.1513427,180.0,2026-08-19T14:43:12Z,dipole-dipole,7,7,2.000,398.1,204.698,8.219,0.00383,0.00105,0.00628;0.00567;0.00515;0.00500;0.00411;0.00385;0.00357;0.00237;0.00196;0.00139,
line-c-r00217,line-c,line-c-e04,33.1988512,-116.1530490,180.0,line-c-e05,33.1990106,-116.1528594,180.0,line-c-e13,33.2002858,-116.1513427,180.0,line-c-e14,33.2004452,-116.1511532,180.0,2026-08-19T14:43:24Z,dipole-dipole,8,4,2.000,371.8,208.056,6.525,0.00513,0.00122,0.00734;0.00795;0.00663;0.00619;0.00549;0.00477;0.00418;0.00331;0.00244;0.00197,
line-c-r00218,line-c,line-c-e04,33.1988512,-116.1530490,180.0,line-c-e05,33.1990106,-116.1528594,180.0,line-c-e13,33.2002858,-116.1513427,180.0,line-c-e14,33.2004452,-116.1511532,180.0,2026-08-19T14:43:36Z,dipole-dipole,8,8,1.792,446.4,194.966,8.243,0.00719,0.00121,0.01106;0.00866;0.00965;0.00876;0.00727;0.00673;0.00576;0.00456;0.00343;0.00260,
line-c-r00219,line-c,line-c-e04,33.1988512,-116.1530490,180.0,line-c-e05,33.1990106,-116.1528594,180.0,line-c-e13,33.2002858,-116.1513427,180.0,line-c-e14,33.2004452,-116.1511532,180.0,2026-08-19T14:43:48Z,dipole-dipole,8,6,1.979,404.2,181.500,8.820,0.00481,0.00103,0.00814;0.00716;0.00703;0.00598;0.00490;0.00422;0.00416;0.00322;0.00219;0.00161,
line-c-r00220,line-c,line-c-e04,33.1988512,-116.1530490,180.0,line-c-e05,33.1990106,-116.1528594,180.0,line-c-e13,33.2002858,-116.1513427,180.0,line-c-e14,33.2004452,-116.1511532,180.0,2026-08-19T14:44:00Z,dipole-dipole,8,8,1.771,451.7,192.362,7.301,0.00729,0.00140,0.01219;0.00965;0.01164;0.00921;0.00802;0.00709;0.00567;0.00458;0.00377;0.00288,
line-c-r00221,line-c,line-c-e04,33.1988512,-116.1530490,180.0,line-c-e05,33.1990106,-116.1528594,180.0,line-c-e13,33.2002858,-116.1513427,180.0,line-c-e14,33.2004452,-116.1511532,180.0,2026-08-19T14:44:12Z,dipole-dipole,8,7,1.860,430.1,195.758,6.344,0.00649,0.01925,0.01058;0.01028;0.00917;0.00729;0.00656;0.00654;0.00495;0.00408;0.00304;0.00237,
line-c-r00222,line-c,line-c-e04,33.1988512,-116.1530490,180.0,line-c-e05,33.1990106,-116.1528594,180.0,line-c-e13,33.2002858,-116.1513427,180.0,line-c-e14,33.2004452,-116.1511532,180.0,2026-08-19T14:44:24Z,dipole-dipole,8,4,1.854,431.6,201.012,7.450,0.00805,0.00127,0.01452;0.01152;0.01048;0.00973;0.00958;0.00737;0.00646;0.00533;0.00384;0.00266,
line-c-r00223,line-c,line-c-e05,33.1990106,-116.1528594,180.0,line-c-e06,33.1991700,-116.1526698,180.0,line-c-e07,33.1993294,-116.1524803,180.0,line-c-e08,33.1994888,-116.1522907,180.0,2026-08-19T14:44:36Z,dipole-dipole,1,4,2.000,371.8,207.159,8.464,0.00403,0.00101,0.00568;0.00596;0.00565;0.00500;0.00476;0.00378;0.00316;0.00236;0.00187;0.00134,
line-c-r00224,line-c,line-c-e05,33.1990106,-116.1528594,180.0,line-c-e06,33.1991700,-116.1526698,180.0,line-c-e07,33.1993294,-116.1524803,180.0,line-c-e08,33.1994888,-116.1522907,180.0,2026-08-19T14:44:48Z,dipole-dipole,1,4,2.000,346.1,188.641,8.277,0.00419,0.00088,0.00662;0.00640;0.00626;0.00495;0.00558;0.00402;0.00317;0.00264;0.00206;0.00149,
line-c-r00225,line-c,line-c-e05,33.1990106,-116.1528594,180.0,line-c-e06,33.1991700,-116.1526698,180.0,line-c-e07,33.1993294,-116.1524803,180.0,line-c-e08,33.1994888,-116.1522907,180.0,2026-08-19T14:45:00Z,dipole-dipole,1,5,1.570,509.7,202.310,6.976,0.00490,0.00119,0.00742;0.00756;0.00684;0.00591;0.00554;0.00466;0.00389;0.00358;0.00225;0.00164,
line-c-r00226,line-c,line-c-e05,33.1990106,-116.1528594,180.0,line-c-e06,33.1991700,-116.1526698,180.0,line-c-e07,33.1993294,-116.1524803,180.0,line-c-e08,33.1994888,-116.1522907,180.0,2026-08-19T14:45:12Z,dipole-dipole,1,7,1.605,498.5,220.331,8.865,0.00441,0.00102,0.00732;0.00689;0.00641;0.00538;0.00514;0.00430;0.00345;0.00283;0.00220;0.00149,
line-c-r00227,line-c,line-c-e05,33.1990106,-116.1528594,180.0,line-c-e06,33.1991700,-116.1526698,180.0,line-c-e07,33.1993294,-116.1524803,180.0,line-c-e08,33.1994888,-116.1522907,180.0,2026-08-19T14:45:24Z,dipole-dipole,1,5,1.558,513.3,203.865,8.864,0.00679,0.00106,0.00983;0.00954;0.00862;0.00888;0.00758;0.00665;0.00500;0.00443;0.00323;0.00229,
line-c-r00228,line-c,line-c-e05,33.1990106,-116.1528594,180.0,line-c-e06,33.1991700,-116.1526698,180.0,line-c-e07,33.1993294,-116.1524803,180.0,line-c-e08,33.1994888,-116.1522907,180.0,2026-08-19T14:45:36Z,dipole-dipole,1,3,1.509,530.1,210.687,9.065,0.00553,0.00101,0.00951;0.00811;0.00684;0.00694;0.00598;0.00461;0.00442;0.00335;0.00284;0.00199,
line-c-r00229,line-c,line-c-e05,33.1990106,-116.1528594,180.0,line-c-e06,33.1991700,-116.1526698,180.0,line-c-e08,33.1994888,-116.1522907,180.0,line-c-e09,33.1996482,-116.1521011,180.0,2026-08-19T14:45:48Z,dipole-dipole,2,7,1.769,452.3,199.106,8.374,0.00577,0.00098,0.00942;0.00838;0.00805;0.00690;0.00644;0.00548;0.00442;0.00368;0.00279;0.00229,
line-c-r00230,line-c,line-c-e05,33.1990106,-116.1528594,180.0,line-c-e06,33.1991700,-116.1526698,180.0,line-c-e08,33.1994888,-116.1522907,180.0,line-c-e09,33.1996482,-116.1521011,180.0,2026-08-19T14:46:00Z,dipole-dipole,2,5,2.000,316.3,205.962,6.606,0.00566,0.00086,0.00854;0.00852;0.00798;0.00669;0.00690;0.00478;0.00466;0.00357;0.00281;0.00194,
line-c-r00231,line-c,line-c-e05,33.1990106,-116.1528594,180.0,line-c-e06,33.1991700,-116.1526698,180.0,line-c-e08,33.1994888,-116.1522907,180.0,line-c-e09,33.1996482,-116.1521011,180.0,2026-08-19T14:46:12Z,dipole-dipole,2,3,1.841,434.6,200.005,6.825,0.00477,0.00103,0.00866;0.00741;0.00706;0.00561;0.00514;0.00430;0.00384;0.00285;0.00250;0.00173,
line-c-r00232,line-c,line-c-e05,33.1990106,-116.1528594,180.0,line-c-e06,33.1991700,-116.1526698,180.0,line-c-e08,33.1994888,-116.1522907,180.0,line-c-e09,33.1996482,-116.1521011,180.0,2026-08-19T14:46:24Z,dipole-dipole,2,6,1.640,487.9,195.236,8.285,0.00640,0.00095,0.00999;0.01035;0.00911;0.00794;0.00593;0.00543;0.00572;0.00393;0.00303;0.00230,
line-c-r00233,line-c,line-c-e05,33.1990106,-116.1528594,180.0,line-c-e06,33.1991700,-116.1526698,180.0,line-c-e08,33.1994888,-116.1522907,180.0,line-c-e09,33.1996482,-116.1521011,180.0,2026-08-19T14:46:36Z,dipole-dipole,2,8,2.000,371.8,194.423,7.274,0.00387,0.00084,0.00596;0.00632;0.00528;0.00454;0.00438;0.00363;0.00312;0.00260;0.00191;0.00139,
line-c-r00234,line-c,line-c-e05,33.1990106,-116.1528594,180.0,line-c-e06,33.1991700,-116.1526698,180.0,line-c-e08,33.1994888,-116.1522907,180.0,line-c-e09,33.1996482,-116.1521011,180.0,2026-08-19T14:46:48Z,dipole-dipole,2,8,2.000,394.9,196.740,7.895,0.00515,0.00142,0.00811;0.00706;0.00734;0.00615;0.00585;0.00479;0.00439;0.00334;0.00279;0.00170,
line-c-r00235,line-c,line-c-e05,33.1990106,-116.1528594,180.0,line-c-e06,33.1991700,-116.1526698,180.0,line-c-e09,33.1996482,-116.1521011,180.0,line-c-e10,33.1998076,-116.1519115,180.0,2026-08-19T14:47:00Z,dipole-dipole,3,8,2.000,340.5,196.467,6.544,0.00565,0.00101,0.00842;0.00831;0.00795;0.00683;0.00658;0.00611;0.00490;0.00378;0.00296;0.00200,
line-c-r00236,line-c,line-c-e05,33.1990106,-116.1528594,180.0,line-c-e06,33.1991700,-116.1526698,180.0,line-c-e09,33.1996482,-116.1521011,180.0,line-c-e10,33.1998076,-116.1519115,180.0,2026-08-19T14:47:12Z,dipole-dipole,3,7,2.000,385.9,191.436,6.235,0.00397,0.00135,0.00643;0.00537;0.00553;0.00506;0.00403;0.00377;0.00306;0.00280;0.00178;0.00145,
line-c-r00237,line-c,line-c-e05,33.1990106,-116.1528594,180.0,line-c-e06,33.1991700,-116.1526698,180.0,line-c-e09,33.1996482,-116.1521011,180.0,line-c-e10,33.1998076,-116.1519115,180.0,2026-08-19T14:47:24Z,dipole-dipole,3,6,2.000,371.6,187.653,7.861,0.00530,0.00105,0.00912;0.00742;0.00624;0.00633;0.00606;0.00479;0.00463;0.00342;0.00272;0.00178,
line-c-r00238,line-c,line-c-e05,33.1990106,-116.1528594,180.0,line-c-e06,33.1991700,-116.1526698,180.0,line-c-e09,33.1996482,-116.1521011,180.0,line-c-e10,33.1998076,-116.1519115,180.0,2026-08-19T14:47:36Z,dipole-dipole,3,5,2.000,329.7,190.518,7.773,0.00441,0.00070,0.00724;0.00606;0.00614;0.00528;0.00529;0.00432;0.00321;0.00278;0.00212;0.00152,
line-c-r00239,line-c,line-c-e05,33.1990106,-116.1528594,180.0,line-c-e06,33.1991700,-116.1526698,180.0,line-c-e09,33.1996482,-116.1521011,180.0,line-c-e10,33.1998076,-116.1519115,180.0,2026-08-19T14:47:48Z,dipole-dipole,3,8,2.000,349.3,197.890,7.658,0.00580,0.00110,0.00932;0.00859;0.00745;0.00714;0.00617;0.00543;0.00433;0.00362;0.00296;0.00198,
line-c-r00240,line-c,line-c-e05,33.1990106,-116.1528594,180.0,line-c-e06,33.1991700,-116.1526698,180.0,line-c-e09,33.1996482,-116.1521011,180.0,line-c-e10,33.1998076,-116.1519115,180.0,2026-08-19T14:48:00Z,dipole-dipole,3,3,1.732,461.9,200.372,6.621,0.00376,0.00809,0.00518;0.00521;0.00523;0.00504;0.00433;0.00391;0.00285;0.00262;0.00172;0.00146,
line-c-r00241,line-c,line-c-e05,33.1990106,-116.1528594,180.0,line-c-e06,33.1991700,-116.1526698,180.0,line-c-e09,33.1996482,-116.1521011,180.0,line-c-e10,33.1998076,-116.1519115,180.0,2026-08-19T14:48:12Z,dipole-dipole,3,8,2.000,374.7,196.713,8.738,0.00230,0.00084,0.00418;0.00344;0.00330;0.00264;0.00266;0.00221;0.00198;0.00134;0.00118;0.00077,
line-c-r00242,line-c,line-c-e05,33.1990106,-116.1528594,180.0,line-c-e06,33.1991700,-116.1526698,180.0,line-c-e10,33.1998076,-116.1519115,180.0,line-c-e11,33.1999670,-116.1517219,180.0,2026-08-19T14:48:24Z,dipole-dipole,4,8,1.904,420.3,190.077,7.557,0.00541,0.00118,0.00883;0.00878;0.00801;0.00729;0.00620;0.00519;0.00439;0.00353;0.00262;0.00193,
line-c-r00243,line-c,line-c-e05,33.1990106,-116.1528594,180.0,line-c-e06,33.1991700,-116.1526698,180.0,line-c-e10,33.1998076,-116.1519115,180.0,line-c-e11,33.1999670,-116.1517219,180.0,2026-08-19T14:48:36Z,dipole-dipole,4,4,2.000,318.8,190.145,454.591,0.00551,0.00089,0.00909;0.00846;0.00864;0.00650;0.00620;0.00519;0.00471;0.00359;0.00241;0.00170,
line-c-r00244,line-c,line-c-e05,33.1990106,-116.1528594,180.0,line-c-e06,33.1991700,-116.1526698,180.0,line-c-e10,33.1998076,-116.1519115,180.0,line-c-e11,33.1999670,-116.1517219,180.0,2026-08-19T14:48:48Z,dipole-dipole,4,6,2.000,371.2,201.399,7.477,0.00346,0.00091,0.00523;0.00489;0.00472;0.00366;0.00395;0.00346;0.00260;0.00225;0.00169;0.00123,
line-c-r00245,line-c,line-c-e05,33.1990106,-116.1528594,180.0,line-c-e06,33.1991700,-116.1526698,180.0,line-c-e10,33.1998076,-116.1519115,180.0,line-c-e11,33.1999670,-116.1517219,180.0,2026-08-19T14:49:00Z,dipole-dipole,4,7,2.000,286.5,196.792,7.230,0.00612,0.00103,0.00996;0.00972;0.00880;0.00856;0.00616;0.00623;0.00527;0.00336;0.00297;0.00207,
line-c-r00246,line-c,line-c-e05,33.1990106,-116.1528594,180.0,line-c-e06,33.1991700,-116.1526698,180.0,line-c-e10,33.1998076,-116.1519115,180.0,line-c-e11,33.1999670,-116.1517219,180.0,2026-08-19T14:49:12Z,dipole-dipole,4,3,1.992,401.5,183.526,7.020,0.00390,0.00099,0.00585;0.00592;0.00526;0.00477;0.00388;0.00333;0.00310;0.00250;0.00215;0.00131,
line-c-r00247,line-c,line-c-e05,33.1990106,-116.1528594,180.0,line-c-e06,33.1991700,-116.1526698,180.0,line-c-e10,33.1998076,-116.1519115,180.0,line-c-e11,33.1999670,-116.1517219,180.0,2026-08-19T14:49:24Z,dipole-dipole,4,8,1.644,486.6,188.846,7.210,0.00349,0.00130,0.00590;0.00550;0.00550;0.00415;0.00396;0.00338;0.00283;0.00211;0.00181;0.00122,
line-c-r00248,line-c,line-c-e05,33.1990106,-116.1528594,180.0,line-c-e06,33.1991700,-116.1526698,180.0,line-c-e10,33.1998076,-116.1519115,180.0,line-c-e11,33.1999670,-116.1517219,180.0,2026-08-19T14:49:36Z,dipole-dipole,4,5,1.952,409.7,201.037,7.479,0.00643,0.00105,0.01092;0.00960;0.00846;0.00799;0.00701;0.00611;0.00529;0.00378;0.00349;0.00265,
line-c-r00249,line-c,line-c-e05,33.1990106,-116.1528594,180.0,line-c-e06,33.1991700,-116.1526698,180.0,line-c-e11,33.1999670,-116.1517219,180.0,line-c-e12,33.2001264,-116.1515323,180.0,2026-08-19T14:49:48Z,dipole-dipole,5,8,1.548,516.8,198.732,6.701,0.00330,0.00109,0.00553;0.00434;0.00410;0.00398;0.00345;0.00346;0.00280;0.00214;0.00170;0.00129,
line-c-r00250,line-c,line-c-e05,33.1990106,-116.1528594,180.0,line-c-e06,33.1991700,-116.1526698,180.0,line-c-e11,33.1999670,-116.1517219,180.0,line-c-e12,33.2001264,-116.1515323,180.0,2026-08-19T14:50:00Z,dipole-dipole,5,7,2.000,317.7,204.053,8.559,0.00481,0.00107,0.00732;0.00762;0.00626;0.00595;0.00567;0.00449;0.00360;0.00327;0.00219;0.00173,
line-c-r00251,line-c,line-c-e05,33.1990106,-116.1528594,180.0,line-c-e06,33.1991700,-116.1526698,180.0,line-c-e11,33.1999670,-116.1517219,180.0,line-c-e12,33.2001264,-116.1515323,180.0,2026-08-19T14:50:12Z,dipole-dipole,5,7,2.000,356.4,204.899,7.908,0.00365,0.00115,0.00604;0.00560;0.00491;0.00461;0.00384;0.00339;0.00279;0.00216;0.00172;0.00128,
line-c-r00252,line-c,line-c-e05,33.1990106,-116.1528594,180.0,line-c-e06,33.1991700,-116.1526698,180.0,line-c-e11,33.1999670,-116.1517219,180.0,line-c-e12,33.2001264,-116.1515323,180.0,2026-08-19T14:50:24Z,dipole-dipole,5,3,2.000,322.3,194.739,8.330,0.00631,0.00106,0.01076;0.00927;0.00905;0.00750;0.00646;0.00607;0.00507;0.00402;0.00311;0.00233,
line-c-r00253,line-c,line-c-e05,33.1990106,-116.1528594,180.0,line-c-e06,33.1991700,-116.1526698,180.0,line-c-e11,33.1999670,-116.1517219,180.0,line-c-e12,33.2001264,-116.1515323,180.0,2026-08-19T14:50:36Z,dipole-dipole,5,6,2.000,379.5,199.208,7.916,0.00326,0.00102,0.00551;0.00488;0.00449;0.00401;0.00378;0.00315;0.00265;0.00198;0.00168;0.00112,
line-c-r00254,line-c,line-c-e05,33.1990106,-116.1528594,180.0,line-c-e06,33.1991700,-116.1526698,180.0,line-c-e11,33.1999670,-116.1517219,180.0,line-c-e12,33.2001264,-116.1515323,180.0,2026-08-19T14:50:48Z,dipole-dipole,5,3,1.608,497.4,206.124,8.368,0.00658,0.00077,0.01076;0.01077;0.00864;0.00928;0.00778;0.00614;0.00579;0.00411;0.00339;0.00248,
line-c-r00255,line-c,line-c-e05,33.1990106,-116.1528594,180.0,line-c-e06,33.1991700,-116.1526698,180.0,line-c-e11,33.1999670,-116.1517219,180.0,line-c-e12,33.2001264,-116.1515323,180.0,2026-08-19T14:51:00Z,dipole-dipole,5,6,1.917,417.4,194.798,7.574,0.00469,0.00121,0.00680;0.00759;0.00660;0.00622;0.00513;0.00473;0.00342;0.00308;0.00248;0.00158,
line-c-r00256,line-c,line-c-e05,33.1990106,-116.1528594,180.0,line-c-e06,33.1991700,-116.1526698,180.0,line-c-e11,33.1999670,-116.1517219,180.0,line-c-e12,33.2001264,-116.1515323,180.0,2026-08-19T14:51:12Z,dipole-dipole,5,7,1.885,424.4,202.984,419.229,0.00605,0.00103,0.00923;0.00797;0.00789;0.00805;0.00694;0.00527;0.00477;0.00382;0.00331;0.00180,
line-c-r00257,line-c,line-c-e05,33.1990106,-116.1528594,180.0,line-c-e06,33.1991700,-116.1526698,180.0,line-c-e12,33.2001264,-116.1515323,180.0,line-c-e13,33.2002858,-116.1513427,180.0,2026-08-19T14:51:24Z,dipole-dipole,6,3,2.000,395.2,184.571,8.532,0.00617,0.00093,0.00880;0.00939;0.00818;0.00804;0.00727;0.00618;0.00500;0.00393;0.00329;0.00217,
line-c-r00258,line-c,line-c-e05,33.1990106,-116.1528594,180.0,line-c-e06,33.1991700,-116.1526698,180.0,line-c-e12,33.2001264,-116.1515323,180.0,line-c-e13,33.2002858,-116.1513427,180.0,2026-08-19T14:51:36Z,dipole-dipole,6,7,1.921,416.5,214.568,6.744,0.00451,0.00079,0.00740;0.00733;0.00589;0.00569;0.00562;0.00405;0.00383;0.00313;0.00218;0.00147,
line-c-r00259,line-c,line-c-e05,33.1990106,-116.1528594,180.0,line-c-e06,33.1991700,-116.1526698,180.0,line-c-e12,33.2001264,-116.1515323,180.0,line-c-e13,33.2002858,-116.1513427,180.0,2026-08-19T14:51:48Z,dipole-dipole,6,7,1.846,433.3,202.887,6.677,0.00612,0.00119,0.00957;0.00874;0.00733;0.00697;0.00598;0.00609;0.00522;0.00337;0.00277;0.00244,
line-c-r00260,line-c,line-c-e05,33.1990106,-116.1528594,180.0,line-c-e06,33.1991700,-116.1526698,180.0,line-c-e12,33.2001264,-116.1515323,180.0,line-c-e13,33.2002858,-116.1513427,180.0,2026-08-19T14:52:00Z,dipole-dipole,6,7,2.000,313.2,198.572,7.601,0.00318,0.00106,0.00492;0.00480;0.00407;0.00407;0.00341;0.00304;0.00283;0.00204;0.00148;0.00118,
line-c-r00261,line-c,line-c-e05,33.1990106,-116.1528594,180.0,line-c-e06,33.1991700,-116.1526698,180.0,line-c-e12,33.2001264,-116.1515323,180.0,line-c-e13,33.2002858,-116.1513427,180.0,2026-08-19T14:52:12Z,dipole-dipole,6,4,1.914,417.9,202.779,8.475,0.00594,0.00077,0.00996;0.00957;0.00784;0.00685;0.00663;0.00561;0.00484;0.00383;0.00261;0.00221,
line-c-r00262,line-c,line-c-e05,33.1990106,-116.1528594,180.0,line-c-e06,33.1991700,-116.1526698,180.0,line-c-e12,33.2001264,-116.1515323,180.0,line-c-e13,33.2002858,-116.1513427,180.0,2026-08-19T14:52:24Z,dipole-dipole,6,4,2.000,325.2,205.291,8.115,0.00422,0.00115,0.00678;0.00590;0.00598;0.00520;0.00493;0.00460;0.00321;0.00264;0.00217;0.00155,
line-c-r00263,line-c,line-c-e05,33.1990106,-116.1528594,180.0,line-c-e06,33.1991700,-116.1526698,180.0,line-c-e12,33.2001264,-116.1515323,180.0,line-c-e13,33.2002858,-116.1513427,180.0,2026-08-19T14:52:36Z,dipole-dipole,6,7,1.654,483.6,189.343,11.619,0.00584,0.00119,0.00882;0.00781;0.00791;0.00743;0.00631;0.00522;0.00451;0.00398;0.00300;0.00196,
line-c-r00264,line-c,line-c-e05,33.1990106,-116.1528594,180.0,line-c-e06,33.1991700,-116.1526698,180.0,line-c-e12,33.2001264,-116.1515323,180.0,line-c-e13,33.2002858,-116.1513427,180.0,2026-08-19T14:52:48Z,dipole-dipole,6,7,1.702,469.9,186.061,8.637,0.00503,0.00074,0.00798;0.00687;0.00669;0.00658;0.00528;0.00455;0.00381;0.00312;0.00249;0.00172,
line-c-r00265,line-c,line-c-e05,33.1990106,-116.1528594,180.0,line-c-e06,33.1991700,-116.1526698,180.0,line-c-e13,33.2002858,-116.1513427,180.0,line-c-e14,33.2004452,-116.1511532,180.0,2026-08-19T14:53:00Z,dipole-dipole,7,8,1.922,416.3,191.246,8.129,0.00584,0.00099,0.00909;0.00891;0.00846;0.00752;0.00616;0.00556;0.00493;0.00368;0.00296;0.00220,
line-c-r00266,line-c,line-c-e05,33.1990106,-116.1528594,180.0,line-c-e06,33.1991700,-116.1526698,180.0,line-c-e13,33.2002858,-116.1513427,180.0,line-c-e14,33.2004452,-116.1511532,180.0,2026-08-19T14:53:12Z,dipole-dipole,7,5,1.894,422.4,187.071,383.721,0.00476,0.00090,0.00800;0.00744;0.00734;0.00547;0.00530;0.00481;0.00388;0.00266;0.00240;0.00169,
line-c-r00267,line-c,line-c-e05,33.1990106,-116.1528594,180.0,line-c-e06,33.1991700,-116.1526698,180.0,line-c-e13,33.2002858,-116.1513427,180.0,line-c-e14,33.2004452,-116.1511532,180.0,2026-08-19T14:53:24Z,dipole-dipole,7,8,1.792,446.4,202.621,6.154,0.00446,0.00114,0.00719;0.00690;0.00618;0.00494;0.00523;0.00450;0.00378;0.00313;0.00230;0.00171,
line-c-r00268,line-c,line-c-e05,33.1990106,-116.1528594,180.0,line-c-e06,33.1991700,-116.1526698,180.0,line-c-e13,33.2002858,-116.1513427,180.0,line-c-e14,33.2004452,-116.1511532,180.0,2026-08-19T14:53:36Z,dipole-dipole,7,6,1.842,434.3,197.343,6.403,0.00560,0.00120,0.00997;0.00828;0.00748;0.00646;0.00672;0.00568;0.00423;0.00378;0.00292;0.00215,
line-c-r00269,line-c,line-c-e05,33.1990106,-116.1528594,180.0,line-c-e06,33.1991700,-116.1526698,180.0,line-c-e13,33.2002858,-116.1513427,180.0,line-c-e14,33.2004452,-116.1511532,180.0,2026-08-19T14:53:48Z,dipole-dipole,7,6,1.614,495.8,206.281,6.448,0.00363,0.00101,0.00597;0.00596;0.00461;0.00445;0.00370;0.00364;0.00301;0.00235;0.00164;0.00115,
line-c-r00270,line-c,line-c-e05,33.1990106,-116.1528594,180.0,line-c-e06,33.1991700,-116.1526698,180.0,line-c-e13,33.2002858,-116.1513427,180.0,line-c-e14,33.2004452,-116.1511532,180.0,2026-08-19T14:54:00Z,dipole-dipole,7,6,1.720,465.0,194.350,9.250,0.00553,0.00092,0.00896;0.00819;0.00790;0.00682;0.00646;0.00539;0.00452;0.00382;0.00275;0.00193,
line-c-r00271,line-c,line-c-e05,33.1990106,-116.1528594,180.0,line-c-e06,33.1991700,-116.1526698,180.0,line-c-e14,33.2004452,-116.1511532,180.0,line-c-e15,33.2006046,-116.1509636,180.0,2026-08-19T14:54:12Z,dipole-dipole,8,4,2.000,398.7,173.280,7.661,0.00773,0.00097,0.01291;0.01164;0.01107;0.00920;0.00773;0.00710;0.00597;0.00549;0.00375;0.00263,
line-c-r00272,line-c,line-c-e05,33.1990106,-116.1528594,180.0,line-c-e06,33.1991700,-116.1526698,180.0,line-c-e14,33.2004452,-116.1511532,180.0,line-c-e15,33.2006046,-116.1509636,180.0,2026-08-19T14:54:24Z,dipole-dipole,8,3,2.000,363.7,187.918,6.675,0.00821,0.00126,0.01123;0.01239;0.01116;0.00999;0.00981;0.00792;0.00540;0.00500;0.00400;0.00293,
line-c-r00273,line-c,line-c-e05,33.1990106,-116.1528594,180.0,line-c-e06,33.1991700,-116.1526698,180.0,line-c-e14,33.2004452,-116.1511532,180.0,line-c-e15,33.2006046,-116.1509636,180.0,2026-08-19T14:54:36Z,dipole-dipole,8,6,1.963,407.6,185.130,9.334,0.00770,0.00094,0.01344;0.01017;0.01028;0.00912;0.00897;0.00760;0.00539;0.00544;0.00339;0.00278,
line-c-r00274,line-c,line-c-e05,33.1990106,-116.1528594,180.0,line-c-e06,33.1991700,-116.1526698,180.0,line-c-e14,33.2004452,-116.1511532,180.0,line-c-e15,33.2006046,-116.1509636,180.0,2026-08-19T14:54:48Z,dipole-dipole,8,5,1.720,465.2,200.961,7.960,0.00632,0.00124,0.00989;0.00941;0.00852;0.00797;0.00733;0.00638;0.00504;0.00401;0.00324;0.00226,
line-c-r00275,line-c,line-c-e05,33.1990106,-116.1528594,180.0,line-c-e06,33.1991700,-116.1526698,180.0,line-c-e14,33.2004452,-116.1511532,180.0,line-c-e15,33.2006046,-116.1509636,180.0,2026-08-19T14:55:00Z,dipole-dipole,8,5,2.000,373.2,-124.782,6.993,0.00583,0.00106,0.00881;0.00875;0.00804;0.00720;0.00631;0.00535;0.00469;0.00382;0.00322;0.00205,
line-c-r00276,line-c,line-c-e05,33.1990106,-116.1528594,180.0,line-c-e06,33.1991700,-116.1526698,180.0,line-c-e14,33.2004452,-116.1511532,180.0,line-c-e15,33.2006046,-116.1509636,180.0,2026-08-19T14:55:12Z,dipole-dipole,8,7,2.000,329.1,191.358,5.982,0.00483,0.00135,0.00795;0.00849;0.00633;0.00592;0.00522;0.00440;0.00365;0.00305;0.00228;0.00154,
line-c-r00277,line-c,line-c-e05,33.1990106,-116.1528594,180.0,line-c-e06,33.1991700,-116.1526698,180.0,line-c-e14,33.2004452,-116.1511532,180.0,line-c-e15,33.2006046,-116.1509636,180.0,2026-08-19T14:55:24Z,dipole-dipole,8,8,2.000,373.4,200.981,6.366,0.00551,0.00122,0.00869;0.00876;0.00746;0.00683;0.00612;0.00502;0.00442;0.00339;0.00244;0.00168,
line-c-r00278,line-c,line-c-e05,33.1990106,-116.1528594,180.0,line-c-e06,33.1991700,-116.1526698,180.0,line-c-e14,33.2004452,-116.1511532,180.0,line-c-e15,33.2006046,-116.1509636,180.0,2026-08-19T14:55:36Z,dipole-dipole,8,8,2.000,297.3,196.477,8.192,0.00766,0.00106,0.01157;0.01100;0.01104;0.00917;0.00915;0.00718;0.00593;0.00552;0.00415;0.00288,
line-c-r00279,line-c,line-c-e06,33.1991700,-116.1526698,180.0,line-c-e07,33.1993294,-116.1524803,180.0,line-c-e08,33.1994888,-116.1522907,180.0,line-c-e09,33.1996482,-116.1521011,180.0,2026-08-19T14:55:48Z,dipole-dipole,1,4,2.000,345.2,205.294,9.277,0.00515,0.00110,0.00845;0.00721;0.00748;0.00581;0.00564;0.00460;0.00414;0.00318;0.00263;0.00169,
line-c-r00280,line-c,line-c-e06,33.1991700,-116.1526698,180.0,line-c-e07,,,,line-c-e08,33.1994888,-116.1522907,180.0,line-c-e09,33.1996482,-116.1521011,180.0,2026-08-19T14:56:00Z,dipole-dipole,1,4,2.000,353.9,217.992,7.113,0.00528,0.00117,0.00847;0.00821;0.00694;0.00682;0.00595;0.00458;0.00399;0.00367;0.00265;0.00182,
line-c-r00281,line-c,line-c-e06,33.1991700,-116.1526698,180.0,line-c-e07,33.1993294,-116.1524803,180.0,line-c-e08,33.1994888,-116.1522907,180.0,line-c-e09,33.1996482,-116.1521011,180.0,2026-08-19T14:56:12Z,dipole-dipole,1,7,2.000,361.8,207.721,7.049,0.00390,0.00077,0.00653;0.00554;0.00549;0.00442;0.00499;0.00361;0.00283;0.00243;0.00206;0.00139,
line-c-r00282,line-c,line-c-e06,,,,line-c-e07,33.1993294,-116.1524803,180.0,line-c-e08,33.1994888,-116.1522907,180.0,line-c-e09,33.1996482,-116.1521011,180.0,2026-08-19T14:56:24Z,dipole-dipole,1,4,2.000,370.7,202.667,8.462,0.00435,0.00121,0.00623;0.00662;0.00524;0.00535;0.00493;0.00392;0.00333;0.00248;0.00200;0.00160,
line-c-r00283,line-c,line-c-e06,33.1991700,-116.1526698,180.0,line-c-e07,33.1993294,-116.1524803,180.0,line-c-e08,33.1994888,-116.1522907,180.0,line-c-e09,33.1996482,-116.1521011,180.0,2026-08-19T14:56:36Z,dipole-dipole,1,7,2.000,360.6,193.280,9.253,0.00434,0.00117,0.00692;0.00678;0.00552;0.00550;0.00489;0.00420;0.00362;0.00287;0.00213;0.00139,
line-c-r00284,line-c,line-c-e06,33.1991700,-116.1526698,180.0,line-c-e07,33.1993294,-116.1524803,180.0,line-c-e08,33.1994888,-116.1522907,180.0,line-c-e09,33.1996482,-116.1521011,180.0,2026-08-19T14:56:48Z,dipole-dipole,1,8,2.000,292.6,195.384,7.822,0.00479,0.01215,0.00820;0.00723;0.00640;0.00645;0.00537;0.00475;0.00366;0.00290;0.00245;0.00172,
line-c-r00285,line-c,line-c-e06,33.1991700,-116.1526698,180.0,line-c-e07,33.1993294,-116.1524803,180.0,line-c-e08,33.1994888,-116.1522907,180.0,line-c-e09,33.1996482,-116.1521011,180.0,2026-08-19T14:57:00Z,dipole-dipole,1,4,2.000,315.2,199.085,6.999,0.00527,0.00105,0.00888;0.00740;0.00709;0.00783;0.00601;0.00527;0.00448;0.00344;0.00272;0.00188,
line-c-r00286,line-c,line-c-e06,33.1991700,-116.1526698,180.0,line-c-e07,33.1993294,-116.1524803,180.0,line-c-e08,33.1994888,-116.1522907,180.0,line-c-e09,33.1996482,-116.1521011,180.0,2026-08-19T14:57:12Z,dipole-dipole,1,4,2.000,286.0,208.479,7.477,0.00562,0.00096,0.00895;0.00852;0.00787;0.00655;0.00593;0.00550;0.00448;0.00321;0.00263;0.00217,
line-c-r00287,line-c,line-c-e06,33.1991700,-116.1526698,180.0,line-c-e07,33.1993294,-116.1524803,180.0,line-c-e09,33.1996482,-116.1521011,180.0,line-c-e10,33.1998076,-116.1519115,180.0,2026-08-19T14:57:24Z,dipole-dipole,2,5,1.916,417.5,208.556,7.794,0.00574,0.00113,0.00894;0.00865;0.00756;0.00742;0.00626;0.00562;0.00445;0.00374;0.00280;0.00204,
line-c-r00288,line-c,line-c-e06,33.1991700,-116.1526698,180.0,line-c-e07,33.1993294,-116.1524803,180.0,line-c-e09,33.1996482,-116.1521011,180.0,line-c-e10,33.1998076,-116.1519115,180.0,2026-08-19T14:57:36Z,dipole-dipole,2,6,2.000,284.3,199.814,8.396,0.00460,0.00096,0.00681;0.00672;0.00667;0.00570;0.00477;0.00443;0.00381;0.00309;0.00259;0.00158,
line-c-r00289,line-c,line-c-e06,33.1991700,-116.1526698,180.0,line-c-e07,33.1993294,-116.1524803,180.0,line-c-e09,33.1996482,-116.1521011,180.0,line-c-e10,33.1998076,-116.1519115,180.0,2026-08-19T14:57:48Z,dipole-dipole,2,4,2.000,368.9,191.474,7.397,0.00425,0.00104,0.00710;0.00614;0.00555;0.00558;0.00444;0.00425;0.00328;0.00275;0.00219;0.00150,
line-c-r00290,line-c,line-c-e06,33.1991700,-116.1526698,180.0,line-c-e07,,,,line-c-e09,33.1996482,-116.1521011,180.0,line-c-e10,33.1998076,-116.1519115,180.0,2026-08-19T14:58:00Z,dipole-dipole,2,6,2.000,343.6,198.698,7.550,0.00499,0.00095,0.00757;0.00741;0.00649;0.00608;0.00597;0.00464;0.00433;0.00288;0.00246;0.00182,
line-c-r00291,line-c,line-c-e06,33.1991700,-116.1526698,180.0,line-c-e07,33.1993294,-116.1524803,180.0,line-c-e09,33.1996482,-116.1521011,180.0,line-c-e10,33.1998076,-116.1519115,180.0,2026-08-19T14:58:12Z,dipole-dipole,2,7,1.896,421.9,205.754,6.022,0.00384,0.01108,0.00673;0.00590;0.00548;0.00467;0.00452;0.00354;0.00294;0.00223;0.00195;0.00154,
line-c-r00292,line-c,line-c-e06,33.1991700,-116.1526698,180.0,line-c-e07,33.1993294,-116.1524803,180.0,line-c-e09,33.1996482,-116.1521011,180.0,line-c-e10,33.1998076,-116.1519115,180.0,2026-08-19T14:58:24Z,dipole-dipole,2,7,2.000,335.1,202.855,5.337,0.00660,0.00117,0.01045;0.00930;0.00942;0.00739;0.00828;0.00656;0.00499;0.00377;0.00322;0.00228,
line-c-r00293,line-c,line-c-e06,33.1991700,-116.1526698,180.0,line-c-e07,33.1993294,-116.1524803,180.0,line-c-e09,33.1996482,-116.1521011,180.0,line-c-e10,33.1998076,-116.1519115,180.0,2026-08-19T14:58:36Z,dipole-dipole,2,4,2.000,371.6,193.729,8.263,0.00487,0.00103,0.00771;0.00823;0.00658;0.00656;0.00556;0.00487;0.00442;0.00295;0.00227;0.00188,
line-c-r00294,line-c,line-c-e06,33.1991700,-116.1526698,180.0,line-c-e07,33.1993294,-116.1524803,180.0,line-c-e10,33.1998076,-116.1519115,180.0,line-c-e11,33.1999670,-116.1517219,180.0,2026-08-19T14:58:48Z,dipole-dipole,3,3,2.000,307.2,221.092,6.064,0.00359,0.00113,0.00542;0.00572;0.00531;0.00455;0.00419;0.00334;0.00299;0.00234;0.00166;0.00113,
line-c-r00295,line-c,line-c-e06,33.1991700,-116.1526698,180.0,line-c-e07,33.1993294,-116.1524803,180.0,line-c-e10,33.1998076,-116.1519115,180.0,line-c-e11,33.1999670,-116.1517219,180.0,2026-08-19T14:59:00Z,dipole-dipole,3,5,2.000,317.6,194.957,6.617,0.00740,0.00114,0.01180;0.01069;0.00910;0.00955;0.00768;0.00672;0.00564;0.00504;0.00365;0.00265,
line-c-r00296,line-c,line-c-e06,33.1991700,-116.1526698,180.0,line-c-e07,33.1993294,-116.1524803,180.0,line-c-e10,33.1998076,-116.1519115,180.0,line-c-e11,33.1999670,-116.1517219,180.0,2026-08-19T14:59:12Z,dipole-dipole,3,4,2.000,370.7,206.917,7.753,0.00568,0.00093,0.00886;0.00823;0.00763;0.00702;0.00641;0.00521;0.00486;0.00352;0.00254;0.00187,
line-c-r00297,line-c,line-c-e06,33.1991700,-116.1526698,180.0,line-c-e07,33.1993294,-116.1524803,180.0,line-c-e10,33.1998076,-116.1519115,180.0,line-c-e11,33.1999670,-116.1517219,180.0,2026-08-19T14:59:24Z,dipole-dipole,3,7,1.728,463.1,211.825,7.476,0.00274,0.00091,0.00443;0.00403;0.00352;0.00316;0.00289;0.00265;0.00189;0.00179;0.00128;0.00101,
line-c-r00298,line-c,line-c-e06,33.1991700,-116.1526698,180.0,line-c-e07,33.1993294,-116.1524803,180.0,line-c-e10,33.1998076,-116.1519115,180.0,line-c-e11,33.1999670,-116.1517219,180.0,2026-08-19T14:59:36Z,dipole-dipole,3,6,2.000,283.3,212.428,9.040,0.00404,0.00093,0.00690;0.00618;0.00524;0.00512;0.00421;0.00422;0.00329;0.00249;0.00207;0.00135,
line-c-r00299,line-c,line-c-e06,33.1991700,-116.1526698,180.0,line-c-e07,33.1993294,-116.1524803,180.0,line-c-e10,33.1998076,-116.1519115,180.0,line-c-e11,33.1999670,-116.1517219,180.0,2026-08-19T14:59:48Z,dipole-dipole,3,3,2.000,345.2,200.604,7.180,0.00388,0.00087,0.00624;0.00552;0.00490;0.00498;0.00391;0.00384;0.00335;0.00230;0.00212;0.00130,
line-c-r00300,line-c,line-c-e06,33.1991700,-116.1526698,180.0,line-c-e07,33.1993294,-116.1524803,180.0,line-c-e10,33.1998076,-116.1519115,180.0,line-c-e11,33.1999670,-116.1517219,180.0,2026-08-19T15:00:00Z,dipole-dipole,3,6,2.000,325.8,195.706,8.636,0.00564,0.00091,0.01051;0.00802;0.00713;0.00707;0.00587;0.00517;0.00482;0.00350;0.00315;0.00208,
line-c-r00301,line-c,line-c-e06,33.1991700,-116.1526698,180.0,line-c-e07,33.1993294,-116.1524803,180.0,line-c-e11,33.1999670,-116.1517219,180.0,line-c-e12,33.2001264,-116.1515323,180.0,2026-08-19T15:00:12Z,dipole-dipole,4,5,2.000,351.6,200.122,7.615,0.00375,0.00112,0.00599;0.00525;0.00505;0.00439;0.00408;0.00378;0.00305;0.00244;0.00187;0.00134,
line-c-r00302,line-c,line-c-e06,33.1991700,-116.1526698,180.0,line-c-e07,33.1993294,-116.1524803,180.0,line-c-e11,33.1999670,-116.1517219,180.0,line-c-e12,33.2001264,-116.1515323,180.0,2026-08-19T15:00:24Z,dipole-dipole,4,3,2.000,345.5,200.268,6.675,0.00419,0.00122,0.00637;0.00597;0.00540;0.00523;0.00433;0.00380;0.00338;0.00259;0.00186;0.00149,
line-c-r00303,line-c,line-c-e06,33.1991700,-116.1526698,180.0,line-c-e07,33.1993294,-116.1524803,180.0,line-c-e11,33.1999670,-116.1517219,180.0,line-c-e12,33.2001264,-116.1515323,180.0,2026-08-19T15:00:36Z,dipole-dipole,4,6,2.000,322.1,205.353,8.166,0.00506,0.00112,0.00881;0.00861;0.00734;0.00645;0.00597;0.00505;0.00402;0.00342;0.00236;0.00171,
line-c-r00304,line-c,line-c-e06,33.1991700,-116.1526698,180.0,line-c-e07,33.1993294,-116.1524803,180.0,line-c-e11,33.1999670,-116.1517219,180.0,line-c-e12,33.2001264,-116.1515323,180.0,2026-08-19T15:00:48Z,dipole-dipole,4,7,2.000,315.3,-153.444,7.442,0.00425,0.00111,0.00762;0.00664;0.00575;0.00597;0.00472;0.00424;0.00357;0.00260;0.00206;0.00150,
line-c-r00305,line-c,line-c-e06,33.1991700,-116.1526698,180.0,line-c-e07,33.1993294,-116.1524803,180.0,line-c-e11,33.1999670,-116.1517219,180.0,line-c-e12,33.2001264,-116.1515323,180.0,2026-08-19T15:01:00Z,dipole-dipole,4,6,1.895,422.1,196.466,7.310,0.00643,0.00104,0.01012;0.01098;0.00967;0.00853;0.00712;0.00613;0.00560;0.00423;0.00303;0.00221,
line-c-r00306,line-c,line-c-e06,33.1991700,-116.1526698,180.0,line-c-e07,33.1993294,-116.1524803,180.0,line-c-e11,33.1999670,-116.1517219,180.0,line-c-e12,33.2001264,-116.1515323,180.0,2026-08-19T15:01:12Z,dipole-dipole,4,7,2.000,364.0,206.024,6.343,0.00470,0.00114,0.00823;0.00647;0.00613;0.00613;0.00500;0.00435;0.00349;0.00289;0.00205;0.00154,
line-c-r00307,line-c,line-c-e06,33.1991700,-116.1526698,180.0,line-c-e07,33.1993294,-116.1524803,180.0,line-c-e12,33.2001264,-116.1515323,180.0,line-c-e13,33.2002858,-116.1513427,180.0,2026-08-19T15:01:24Z,dipole-dipole,5,3,2.000,286.6,195.585,7.654,0.00666,0.00105,0.01085;0.00928;0.00948;0.00793;0.00716;0.00673;0.00599;0.00414;0.00311;0.00227,
line-c-r00308,line-c,line-c-e06,33.1991700,-116.1526698,180.0,line-c-e07,33.1993294,-116.1524803,180.0,line-c-e12,33.2001264,-116.1515323,180.0,line-c-e13,33.2002858,-116.1513427,180.0,2026-08-19T15:01:36Z,dipole-dipole,5,8,2.000,363.3,205.982,7.766,0.00486,0.00154,0.00770;0.00694;0.00670;0.00650;0.00550;0.00403;0.00367;0.00305;0.00220;0.00161,
line-c-r00309,line-c,line-c-e06,33.1991700,-116.1526698,180.0,line-c-e07,33.1993294,-116.1524803,180.0,line-c-e12,33.2001264,-116.1515323,180.0,line-c-e13,33.2002858,-116.1513427,180.0,2026-08-19T15:01:48Z,dipole-dipole,5,4,2.000,309.1,192.488,6.619,0.00205,0.00123,0.00339;0.00329;0.00277;0.00266;0.00206;0.00180;0.00174;0.00129;0.00100;0.00077,
line-c-r00310,line-c,line-c-e06,33.1991700,-116.1526698,180.0,line-c-e07,33.1993294,-116.1524803,180.0,line-c-e12,33.2001264,-116.1515323,180.0,line-c-e13,33.2002858,-116.1513427,180.0,2026-08-19T15:02:00Z,dipole-dipole,5,8,2.000,285.1,205.955,5.991,0.00549,0.00096,0.00833;0.00818;0.00819;0.00707;0.00651;0.00565;0.00417;0.00404;0.00283;0.00192,
line-c-r00311,line-c,line-c-e06,33.1991700,-116.1526698,180.0,line-c-e07,33.1993294,-116.1524803,180.0,line-c-e12,33.2001264,-116.1515323,180.0,line-c-e13,33.2002858,-116.1513427,180.0,2026-08-19T15:02:12Z,dipole-dipole,5,7,2.000,366.3,197.993,8.685,0.00558,0.00086,0.00812;0.00770;0.00747;0.00716;0.00695;0.00518;0.00461;0.00360;0.00250;0.00193,
line-c-r00312,line-c,line-c-e06,33.1991700,-116.1526698,180.0,line-c-e07,33.1993294,-116.1524803,180.0,line-c-e12,33.2001264,-116.1515323,180.0,line-c-e13,33.2002858,-116.1513427,180.0,2026-08-19T15:02:24Z,dipole-dipole,5,6,2.000,300.1,199.367,7.094,0.00745,0.00097,0.01108;0.01107;0.00969;0.00987;0.00721;0.00729;0.00605;0.00462;0.00360;0.00247,
line-c-r00313,line-c,line-c-e06,33.1991700,-116.1526698,180.0,line-c-e07,33.1993294,-116.1524803,180.0,line-c-e13,33.2002858,-116.1513427,180.0,line-c-e14,33.2004452,-116.1511532,180.0,2026-08-19T15:02:36Z,dipole-dipole,6,7,1.993,401.4,195.573,10.964,0.00361,0.00124,0.00535;0.00538;0.00492;0.00426;0.00392;0.00303;0.00270;0.00248;0.00177;0.00137,
line-c-r00314,line-c,line-c-e06,33.1991700,-116.1526698,180.0,line-c-e07,33.1993294,-116.1524803,180.0,line-c-e13,33.2002858,-116.1513427,180.0,line-c-e14,33.2004452,-116.1511532,180.0,2026-08-19T15:02:48Z,dipole-dipole,6,5,2.000,346.1,185.247,6.454,0.00386,0.00092,0.00672;0.00558;0.00513;0.00459;0.00476;0.00317;0.00298;0.00265;0.00174;0.00132,
line-c-r00315,line-c,line-c-e06,33.1991700,-116.1526698,180.0,line-c-e07,33.1993294,-116.1524803,180.0,line-c-e13,33.2002858,-116.1513427,180.0,line-c-e14,33.2004452,-116.1511532,180.0,2026-08-19T15:03:00Z,dipole-dipole,6,8,2.000,370.2,203.324,7.740,0.00605,0.00098,0.00930;0.00879;0.00813;0.00738;0.00657;0.00597;0.00481;0.00407;0.00295;0.00188,
line-c-r00316,line-c,line-c-e06,33.1991700,-116.1526698,180.0,line-c-e07,33.1993294,-116.1524803,180.0,line-c-e13,33.2002858,-116.1513427,180.0,line-c-e14,33.2004452,-116.1511532,180.0,2026-08-19T15:03:12Z,dipole-dipole,6,7,2.000,259.5,196.973,6.402,0.00256,0.00153,0.00393;0.00384;0.00350;0.00300;0.00278;0.00247;0.00201;0.00167;0.00124;0.00094,
line-c-r00317,line-c,line-c-e06,33.1991700,-116.1526698,180.0,line-c-e07,33.1993294,-116.1524803,180.0,line-c-e13,33.2002858,-116.1513427,180.0,line-c-e14,33.2004452,-116.1511532,180.0,2026-08-19T15:03:24Z,dipole-dipole,6,4,2.000,364.5,195.833,8.295,0.00584,0.00129,0.00876;0.00912;0.00876;0.00717;0.00661;0.00567;0.00470;0.00382;0.00275;0.00208,
line-c-r00318,line-c,line-c-e06,33.1991700,-116.1526698,180.0,line-c-e07,33.1993294,-116.1524803,180.0,line-c-e13,33.2002858,-116.1513427,180.0,line-c-e14,33.2004452,-116.1511532,180.0,2026-08-19T15:03:36Z,dipole-dipole,6,5,2.000,335.0,196.094,8.157,0.00624,0.00075,0.01000;0.00855;0.00847;0.00771;0.00694;0.00544;0.00486;0.00425;0.00305;0.00222,
line-c-r00319,line-c,line-c-e06,33.1991700,-116.1526698,180.0,line-c-e07,33.1993294,-116.1524803,180.0,line-c-e13,33.2002858,-116.1513427,180.0,line-c-e14,33.2004452,-116.1511532,180.0,2026-08-19T15:03:48Z,dipole-dipole,6,5,1.958,408.7,200.362,6.437,0.00725,0.00118,0.01291;0.01117;0.01008;0.00983;0.00807;0.00656;0.00645;0.00513;0.00374;0.00250,
line-c-r00320,line-c,line-c-e06,33.1991700,-116.1526698,180.0,line-c-e07,33.1993294,-116.1524803,180.0,line-c-e14,33.2004452,-116.1511532,180.0,line-c-e15,33.2006046,-116.1509636,180.0,2026-08-19T15:04:00Z,dipole-dipole,7,6,2.000,357.2,190.608,8.895,0.00693,0.00085,0.01047;0.00955;0.01065;0.00914;0.00773;0.00628;0.00582;0.00443;0.00296;0.00263,
line-c-r00321,line-c,line-c-e06,33.1991700,-116.1526698,180.0,line-c-e07,33.1993294,-116.1524803,180.0,line-c-e14,33.2004452,-116.1511532,180.0,line-c-e15,33.2006046,-116.1509636,180.0,2026-08-19T15:04:12Z,dipole-dipole,7,4,2.000,305.5,198.209,7.578,0.00675,0.00094,0.00985;0.00960;0.00952;0.00894;0.00743;0.00603;0.00456;0.00465;0.00340;0.00221,
line-c-r00322,line-c,line-c-e06,33.1991700,-116.1526698,180.0,line-c-e07,33.1993294,-116.1524803,180.0,line-c-e14,33.2004452,-116.1511532,180.0,line-c-e15,33.2006046,-116.1509636,180.0,2026-08-19T15:04:24Z,dipole-dipole,7,4,2.000,348.2,191.852,7.690,0.00498,0.00113,0.00815;0.00709;0.00699;0.00619;0.00542;0.00477;0.00371;0.00309;0.00228;0.00190,
line-c-r00323,line-c,line-c-e06,33.1991700,-116.1526698,180.0,line-c-e07,33.1993294,-116.1524803,180.0,line-c-e14,33.2004452,-116.1511532,180.0,line-c-e15,33.2006046,-116.1509636,180.0,2026-08-19T15:04:36Z,dipole-dipole,7,4,2.000,358.7,178.055,6.003,0.00583,0.00120,0.00890;0.00845;0.00795;0.00738;0.00567;0.00515;0.00489;0.00404;0.00271;0.00199,
line-c-r00324,line-c,line-c-e06,33.1991700,-116.1526698,180.0,line-c-e07,33.1993294,-116.1524803,180.0,line-c-e14,33.2004452,-116.1511532,180.0,line-c-e15,33.2006046,-116.1509636,180.0,2026-08-19T15:04:48Z,dipole-dipole,7,6,2.000,362.8,198.723,7.072,0.00721,0.00118,0.01152;0.01079;0.00882;0.00888;0.00833;0.00687;0.00574;0.00448;0.00346;0.00259,
line-c-r00325,line-c,line-c-e06,33.1991700,-116.1526698,180.0,line-c-e07,33.1993294,-116.1524803,180.0,line-c-e14,33.2004452,-116.1511532,180.0,line-c-e15,33.2006046,-116.1509636,180.0,2026-08-19T15:05:00Z,dipole-dipole,7,3,2.000,380.9,205.604,8.595,0.00449,0.00106,0.00693;0.00673;0.00683;0.00560;0.00477;0.00386;0.00356;0.00297;0.00236;0.00146,
line-c-r00326,line-c,line-c-e06,33.1991700,-116.1526698,180.0,line-c-e07,33.1993294,-116.1524803,180.0,line-c-e14,33.2004452,-116.1511532,180.0,line-c-e15,33.2006046,-116.1509636,180.0,2026-08-19T15:05:12Z,dipole-dipole,7,8,2.000,316.1,208.144,6.425,0.00714,0.00106,0.01106;0.00995;0.00950;0.00880;0.00865;0.00694;0.00576;0.00465;0.00344;0.00243,
line-c-r00327,line-c,line-c-e06,33.1991700,-116.1526698,180.0,line-c-e07,33.1993294,-116.1524803,180.0,line-c-e14,33.2004452,-116.1511532,180.0,line-c-e15,33.2006046,-116.1509636,180.0,2026-08-19T15:05:24Z,dipole-dipole,7,8,2.000,371.3,186.947,7.703,0.00462,0.00109,0.00764;0.00663;0.00609;0.00654;0.00477;0.00417;0.00370;0.00262;0.00234;0.00172,
line-c-r00328,line-c,line-c-e06,33.1991700,-116.1526698,180.0,line-c-e07,33.1993294,-116.1524803,180.0,line-c-e15,33.2006046,-116.1509636,180.0,line-c-e16,33.2007640,-116.1507740,180.0,2026-08-19T15:05:36Z,dipole-dipole,8,5,2.000,315.6,192.463,6.817,0.00562,0.00131,0.00872;0.00856;0.00764;0.00734;0.00576;0.00533;0.00417;0.00345;0.00293;0.00208,
line-c-r00329,line-c,line-c-e06,33.1991700,-116.1526698,180.0,line-c-e07,33.1993294,-116.1524803,180.0,line-c-e15,33.2006046,-116.1509636,180.0,line-c-e16,33.2007640,-116.1507740,180.0,2026-08-19T15:05:48Z,dipole-dipole,8,5,2.000,317.4,189.212,7.868,0.00557,0.00115,0.00896;0.00863;0.00743;0.00666;0.00636;0.00474;0.00473;0.00357;0.00287;0.00208,
line-c-r00330,line-c,line-c-e06,33.1991700,-116.1526698,180.0,line-c-e07,33.1993294,-116.1524803,180.0,line-c-e15,33.2006046,-116.1509636,180.0,line-c-e16,33.2007640,-116.1507740,180.0,2026-08-19T15:06:00Z,dipole-dipole,8,6,2.000,338.2,194.426,9.061,0.00271,0.00144,0.00415;0.00383;0.00381;0.00340;0.00291;0.00270;0.00217;0.00193;0.00126;0.00113,
line-c-r00331,line-c,line-c-e06,33.1991700,-116.1526698,180.0,line-c-e07,33.1993294,-116.1524803,180.0,line-c-e15,33.2006046,-116.1509636,180.0,line-c-e16,33.2007640,-116.1507740,180.0,2026-08-19T15:06:12Z,dipole-dipole,8,4,2.000,381.3,205.661,6.314,0.00866,0.00137,0.01494;0.01189;0.01214;0.01122;0.01025;0.00849;0.00684;0.00532;0.00414;0.00301,
line-c-r00332,line-c,line-c-e06,33.1991700,-116.1526698,180.0,line-c-e07,33.1993294,-116.1524803,180.0,line-c-e15,33.2006046,-116.1509636,180.0,line-c-e16,33.2007640,-116.1507740,180.0,2026-08-19T15:06:24Z,dipole-dipole,8,8,2.000,340.5,-174.592,8.992,0.00481,0.00116,0.00839;0.00693;0.00671;0.00558;0.00511;0.00459;0.00373;0.00301;0.00239;0.00161,
line-c-r00333,line-c,line-c-e06,33.1991700,-116.1526698,180.0,line-c-e07,33.1993294,-116.1524803,180.0,line-c-e15,33.2006046,-116.1509636,180.0,line-c-e16,33.2007640,-116.1507740,180.0,2026-08-19T15:06:36Z,dipole-dipole,8,8,2.000,388.0,193.345,7.537,0.00760,0.00117,0.01326;0.01124;0.01171;0.01015;0.00823;0.00724;0.00669;0.00492;0.00366;0.00271,
line-c-r00334,line-c,line-c-e06,33.1991700,-116.1526698,180.0,line-c-e07,33.1993294,-116.1524803,180.0,line-c-e15,33.2006046,-116.1509636,180.0,line-c-e16,33.2007640,-116.1507740,180.0,2026-08-19T15:06:48Z,dipole-dipole,8,5,2.000,348.1,189.695,8.610,0.00757,0.00101,0.01243;0.01060;0.01125;0.00941;0.00810;0.00730;0.00595;0.00444;0.00376;0.00287,
line-c-r00335,line-c,line-c-e06,33.1991700,-116.1526698,180.0,line-c-e07,33.1993294,-116.1524803,180.0,line-c-e15,33.2006046,-116.1509636,180.0,line-c-e16,33.2007640,-116.1507740,180.0,2026-08-19T15:07:00Z,dipole-dipole,8,4,2.000,319.0,194.835,214.705,0.00748,0.00132,0.01140;0.01033;0.01101;0.00882;0.00828;0.00707;0.00606;0.00454;0.00373;0.00249,
line-c-r00336,line-c,line-c-e07,33.1993294,-116.1524803,180.0,line-c-e08,33.1994888,-116.1522907,180.0,line-c-e09,33.1996482,-116.1521011,180.0,line-c-e10,33.1998076,-116.1519115,180.0,2026-08-19T15:07:12Z,dipole-dipole,1,3,1.492,536.0,206.220,9.152,0.00567,0.00100,0.00920;0.00815;0.00770;0.00639;0.00565;0.00553;0.00433;0.00359;0.00282;0.00171,
line-c-r00337,line-c,line-c-e07,33.1993294,-116.1524803,180.0,line-c-e08,33.1994888,-116.1522907,180.0,line-c-e09,33.1996482,-116.1521011,180.0,line-c-e10,33.1998076,-116.1519115,180.0,2026-08-19T15:07:24Z,dipole-dipole,1,5,1.414,565.7,211.269,8.112,0.00258,0.00119,0.00415;0.00396;0.00339;0.00350;0.00322;0.00251;0.00197;0.00157;0.00131;0.00092,
line-c-r00338,line-c,line-c-e07,33.1993294,-116.1524803,180.0,line-c-e08,33.1994888,-116.1522907,180.0,line-c-e09,33.1996482,-116.1521011,180.0,line-c-e10,33.1998076,-116.1519115,180.0,2026-08-19T15:07:36Z,dipole-dipole,1,8,2.000,396.5,199.912,5.734,0.00708,0.00101,0.01152;0.00984;0.00998;0.00874;0.00757;0.00693;0.00538;0.00459;0.00326;0.00253,
line-c-r00339,line-c,line-c-e07,33.1993294,-116.1524803,180.0,line-c-e08,33.1994888,-116.1522907,180.0,line-c-e09,33.1996482,-116.1521011,180.0,line-c-e10,33.1998076,-116.1519115,180.0,2026-08-19T15:07:48Z,dipole-dipole,1,3,1.598,500.7,213.752,7.586,0.00491,0.00097,0.00880;0.00698;0.00652;0.00651;0.00524;0.00486;0.00401;0.00328;0.00248;0.00188,
line-c-r00340,line-c,line-c-e07,33.1993294,-116.1524803,180.0,line-c-e08,33.1994888,-116.1522907,180.0,line-c-e09,33.1996482,-116.1521011,180.0,line-c-e10,33.1998076,-116.1519115,180.0,2026-08-19T15:08:00Z,dipole-dipole,1,4,1.428,560.2,210.166,7.123,0.00435,0.00086,0.00688;0.00635;0.00656;0.00529;0.00514;0.00417;0.00334;0.00266;0.00236;0.00164,
line-c-r00341,line-c,line-c-e07,33.1993294,-116.1524803,180.0,line-c-e08,33.1994888,-116.1522907,180.0,line-c-e09,33.1996482,-116.1521011,180.0,line-c-e10,33.1998076,-116.1519115,180.0,2026-08-19T15:08:12Z,dipole-dipole,1,8,1.628,491.5,202.896,8.672,0.00448,0.00121,0.00766;0.00645;0.00554;0.00500;0.00487;0.00439;0.00369;0.00296;0.00187;0.00161,
line-c-r00342,line-c,line-c-e07,33.1993294,-116.1524803,180.0,line-c-e08,33.1994888,-116.1522907,180.0,line-c-e09,33.1996482,-116.1521011,180.0,line-c-e10,33.1998076,-116.1519115,180.0,2026-08-19T15:08:24Z,dipole-dipole,1,5,1.530,523.0,199.766,7.407,0.00446,0.00098,0.00750;0.00549;0.00569;0.00578;0.00476;0.00408;0.00341;0.00269;0.00192;0.00149,
line-c-r00343,line-c,line-c-e07,33.1993294,-116.1524803,180.0,line-c-e08,33.1994888,-116.1522907,180.0,line-c-e10,33.1998076,-116.1519115,180.0,line-c-e11,33.1999670,-116.1517219,180.0,2026-08-19T15:08:36Z,dipole-dipole,2,5,2.000,370.1,193.305,7.990,0.00750,0.00090,0.01130;0.01089;0.00999;0.00896;0.00833;0.00723;0.00579;0.00483;0.00334;0.00263,
line-c-r00344,line-c,line-c-e07,33.1993294,-116.1524803,180.0,line-c-e08,33.1994888,-116.1522907,180.0,line-c-e10,33.1998076,-116.1519115,180.0,line-c-e11,33.1999670,-116.1517219,180.0,2026-08-19T15:08:48Z,dipole-dipole,2,4,2.000,398.1,198.064,9.474,0.00544,0.00144,0.00833;0.00810;0.00667;0.00680;0.00635;0.00512;0.00401;0.00352;0.00260;0.00179,
line-c-r00345,line-c,line-c-e07,33.1993294,-116.1524803,180.0,line-c-e08,33.1994888,-116.1522907,180.0,line-c-e10,33.1998076,-116.1519115,180.0,line-c-e11,33.1999670,-116.1517219,180.0,2026-08-19T15:09:00Z,dipole-dipole,2,6,1.642,487.2,191.798,7.694,0.00523,0.00095,0.00844;0.00814;0.00718;0.00582;0.00644;0.00467;0.00402;0.00316;0.00270;0.00191,
line-c-r00346,line-c,line-c-e07,33.1993294,-116.1524803,180.0,line-c-e08,33.1994888,-116.1522907,180.0,line-c-e10,33.1998076,-116.1519115,180.0,line-c-e11,33.1999670,-116.1517219,180.0,2026-08-19T15:09:12Z,dipole-dipole,2,5,1.530,522.7,190.748,8.888,0.00454,0.00131,0.00737;0.00709;0.00657;0.00530;0.00453;0.00469;0.00362;0.00267;0.00224;0.00172,
line-c-r00347,line-c,line-c-e07,33.1993294,-116.1524803,180.0,line-c-e08,33.1994888,-116.1522907,180.0,line-c-e10,33.1998076,-116.1519115,180.0,line-c-e11,33.1999670,-116.1517219,180.0,2026-08-19T15:09:24Z,dipole-dipole,2,7,1.495,535.1,206.687,8.426,0.00655,0.00084,0.01011;0.00983;0.00866;0.00801;0.00721;0.00639;0.00488;0.00397;0.00318;0.00226,
line-c-r00348,line-c,line-c-e07,33.1993294,-116.1524803,180.0,line-c-e08,33.1994888,-116.1522907,180.0,line-c-e10,33.1998076,-116.1519115,180.0,line-c-e11,33.1999670,-116.1517219,180.0,2026-08-19T15:09:36Z,dipole-dipole,2,5,1.571,509.3,180.715,9.480,0.00453,0.00111,0.00715;0.00640;0.00665;0.00564;0.00494;0.00443;0.00399;0.00273;0.00213;0.00152,
line-c-r00349,line-c,line-c-e07,33.1993294,-116.1524803,180.0,line-c-e08,33.1994888,-116.1522907,180.0,line-c-e10,33.1998076,-116.1519115,180.0,line-c-e11,33.1999670,-116.1517219,180.0,2026-08-19T15:09:48Z,dipole-dipole,2,8,1.791,446.6,196.456,9.079,0.00456,0.00092,0.00690;0.00773;0.00639;0.00556;0.00464;0.00402;0.00342;0.00277;0.00200;0.00163,
line-c-r00350,line-c,line-c-e07,33.1993294,-116.1524803,180.0,line-c-e08,33.1994888,-116.1522907,180.0,line-c-e11,33.1999670,-116.1517219,180.0,line-c-e12,33.2001264,-116.1515323,180.0,2026-08-19T15:10:00Z,dipole-dipole,3,5,1.534,521.3,190.428,7.077,0.00500,0.00102,0.00876;0.00695;0.00670;0.00566;0.00582;0.00442;0.00371;0.00310;0.00253;0.00165,
line-c-r00351,line-c,line-c-e07,33.1993294,-116.1524803,180.0,line-c-e08,33.1994888,-116.1522907,180.0,line-c-e11,33.1999670,-116.1517219,180.0,line-c-e12,33.2001264,-116.1515323,180.0,2026-08-19T15:10:12Z,dipole-dipole,3,3,1.259,635.3,194.020,10.637,0.00584,0.00099,0.00951;0.00827;0.00782;0.00755;0.00600;0.00568;0.00491;0.00363;0.00288;0.00184,
line-c-r00352,line-c,line-c-e07,33.1993294,-116.1524803,180.0,line-c-e08,33.1994888,-116.1522907,180.0,line-c-e11,33.1999670,-116.1517219,180.0,line-c-e12,33.2001264,-116.1515323,180.0,2026-08-19T15:10:24Z,dipole-dipole,3,8,1.445,553.5,188.734,9.342,0.00371,0.00109,0.00575;0.00637;0.00534;0.00469;0.00389;0.00336;0.00289;0.00232;0.00182;0.00138,
line-c-r00353,line-c,line-c-e07,33.1993294,-116.1524803,180.0,line-c-e08,33.1994888,-116.1522907,180.0,line-c-e11,33.1999670,-116.1517219,180.0,line-c-e12,33.2001264,-116.1515323,180.0,2026-08-19T15:10:36Z,dipole-dipole,3,7,1.654,483.6,198.932,6.616,0.00626,0.00109,0.00944;0.00966;0.00906;0.00744;0.00656;0.00561;0.00498;0.00337;0.00340;0.00241,
line-c-r00354,line-c,line-c-e07,33.1993294,-116.1524803,180.0,line-c-e08,33.1994888,-116.1522907,180.0,line-c-e11,33.1999670,-116.1517219,180.0,line-c-e12,33.2001264,-116.1515323,180.0,2026-08-19T15:10:48Z,dipole-dipole,3,7,1.608,497.6,193.160,8.549,0.00499,0.00086,0.00898;0.00676;0.00628;0.00629;0.00567;0.00470;0.00406;0.00299;0.00253;0.00173,
line-c-r00355,line-c,line-c-e07,33.1993294,-116.1524803,180.0,line-c-e08,33.1994888,-116.1522907,180.0,line-c-e11,33.1999670,-116.1517219,180.0,line-c-e12,33.2001264,-116.1515323,180.0,2026-08-19T15:11:00Z,dipole-dipole,3,6,1.816,440.6,209.205,7.661,0.00371,0.00105,0.00523;0.00543;0.00480;0.00450;0.00421;0.00381;0.00287;0.00235;0.00188;0.00139,
line-c-r00356,line-c,line-c-e07,33.1993294,-116.1524803,180.0,line-c-e08,33.1994888,-116.1522907,180.0,line-c-e12,33.2001264,-116.1515323,180.0,line-c-e13,33.2002858,-116.1513427,180.0,2026-08-19T15:11:12Z,dipole-dipole,4,8,1.808,442.4,193.418,7.751,0.00439,0.00095,0.00767;0.00639;0.00585;0.00536;0.00479;0.00412;0.00363;0.00282;0.00205;0.00169,
line-c-r00357,line-c,line-c-e07,33.1993294,-116.1524803,180.0,line-c-e08,33.1994888,-116.1522907,180.0,line-c-e12,33.2001264,-116.1515323,180.0,line-c-e13,33.2002858,-116.1513427,180.0,2026-08-19T15:11:24Z,dipole-dipole,4,7,1.236,647.2,198.243,7.423,0.00555,0.00103,0.00865;0.00888;0.00740;0.00708;0.00591;0.00514;0.00435;0.00325;0.00293;0.00216,
line-c-r00358,line-c,line-c-e07,33.1993294,-116.1524803,180.0,line-c-e08,33.1994888,-116.1522907,180.0,line-c-e12,33.2001264,-116.1515323,180.0,line-c-e13,33.2002858,-116.1513427,180.0,2026-08-19T15:11:36Z,dipole-dipole,4,5,1.759,454.7,207.435,5.722,0.00400,0.00111,0.00648;0.00622;0.00528;0.00523;0.00475;0.00421;0.00312;0.00267;0.00196;0.00140,
line-c-r00359,line-c,line-c-e07,33.1993294,-116.1524803,180.0,line-c-e08,33.1994888,-116.1522907,180.0,line-c-e12,33.2001264,-116.1515323,180.0,line-c-e13,33.2002858,-116.1513427,180.0,2026-08-19T15:11:48Z,dipole-dipole,4,7,1.495,535.1,200.263,8.060,0.00445,0.00102,0.00728;0.00686;0.00586;0.00582;0.00538;0.00413;0.00388;0.00271;0.00209;0.00153,
line-c-r00360,line-c,line-c-e07,33.1993294,-116.1524803,180.0,line-c-e08,33.1994888,-116.1522907,180.0,line-c-e12,33.2001264,-116.1515323,180.0,line-c-e13,33.2002858,-116.1513427,180.0,2026-08-19T15:12:00Z,dipole-dipole,4,4,1.898,421.4,216.032,6.516,0.00322,0.00113,0.00533;0.00493;0.00398;0.00412;0.00342;0.00328;0.00244;0.00195;0.00157;0.00114,
line-c-r00361,line-c,line-c-e07,33.1993294,-116.1524803,180.0,line-c-e08,33.1994888,-116.1522907,180.0,line-c-e12,33.2001264,-116.1515323,180.0,line-c-e13,33.2002858,-116.1513427,180.0,2026-08-19T15:12:12Z,dipole-dipole,4,7,1.484,539.1,203.242,6.182,0.00527,0.00098,0.00820;0.00739;0.00767;0.00680;0.00556;0.00507;0.00437;0.00337;0.00267;0.00193,
line-c-r00362,line-c,line-c-e07,33.1993294,-116.1524803,180.0,line-c-e08,33.1994888,-116.1522907,180.0,line-c-e12,33.2001264,-116.1515323,180.0,line-c-e13,33.2002858,-116.1513427,180.0,2026-08-19T15:12:24Z,dipole-dipole,4,8,1.556,514.2,191.511,7.108,0.00270,0.00148,0.00426;0.00419;0.00367;0.00378;0.00319;0.00253;0.00200;0.00180;0.00118;0.00088,
line-c-r00363,line-c,line-c-e07,33.1993294,-116.1524803,180.0,line-c-e08,33.1994888,-116.1522907,180.0,line-c-e12,33.2001264,-116.1515323,180.0,line-c-e13,33.2002858,-116.1513427,180.0,2026-08-19T15:12:36Z,dipole-dipole,4,8,1.472,543.6,201.357,9.946,0.00625,0.00094,0.00930;0.00900;0.00819;0.00849;0.00691;0.00509;0.00476;0.00400;0.00272;0.00243,
line-c-r00364,line-c,line-c-e07,33.1993294,-116.1524803,180.0,line-c-e08,33.1994888,-116.1522907,180.0,line-c-e13,33.2002858,-116.1513427,180.0,line-c-e14,33.2004452,-116.1511532,180.0,2026-08-19T15:12:48Z,dipole-dipole,5,5,1.482,539.9,196.878,8.658,0.00487,0.00104,0.00774;0.00733;0.00671;0.00601;0.00552;0.00471;0.00385;0.00309;0.00228;0.00170,
line-c-r00365,line-c,line-c-e07,33.1993294,-116.1524803,180.0,line-c-e08,33.1994888,-116.1522907,180.0,line-c-e13,33.2002858,-116.1513427,180.0,line-c-e14,33.2004452,-116.1511532,180.0,2026-08-19T15:13:00Z,dipole-dipole,5,4,1.339,597.3,205.198,7.662,0.00599,0.00095,0.00862;0.00871;0.00803;0.00768;0.00656;0.00531;0.00452;0.00388;0.00289;0.00201,
line-c-r00366,line-c,line-c-e07,33.1993294,-116.1524803,180.0,line-c-e08,33.1994888,-116.1522907,180.0,line-c-e13,33.2002858,-116.1513427,180.0,line-c-e14,33.2004452,-116.1511532,180.0,2026-08-19T15:13:12Z,dipole-dipole,5,5,1.216,657.8,192.591,8.306,0.00434,0.00087,0.00634;0.00665;0.00602;0.00501;0.00436;0.00406;0.00325;0.00283;0.00196;0.00167,
line-c-r00367,line-c,line-c-e07,33.1993294,-116.1524803,180.0,line-c-e08,33.1994888,-116.1522907,180.0,line-c-e13,33.2002858,-116.1513427,180.0,line-c-e14,33.2004452,-116.1511532,180.0,2026-08-19T15:13:24Z,dipole-dipole,5,8,1.422,562.8,196.943,4.879,0.00672,0.00109,0.01099;0.00887;0.00965;0.00827;0.00772;0.00638;0.00595;0.00426;0.00332;0.00209,
line-c-r00368,line-c,line-c-e07,33.1993294,-116.1524803,180.0,line-c-e08,33.1994888,-116.1522907,180.0,line-c-e13,33.2002858,-116.1513427,180.0,line-c-e14,33.2004452,-116.1511532,180.0,2026-08-19T15:13:36Z,dipole-dipole,5,7,1.971,405.8,196.852,10.910,0.00526,0.00118,0.00796;0.00834;0.00706;0.00693;0.00549;0.00505;0.00390;0.00365;0.00252;0.00183,
line-c-r00369,line-c,line-c-e07,33.1993294,-116.1524803,180.0,line-c-e08,33.1994888,-116.1522907,180.0,line-c-e13,33.2002858,-116.1513427,180.0,line-c-e14,33.2004452,-116.1511532,180.0,2026-08-19T15:13:48Z,dipole-dipole,5,7,2.000,390.1,210.839,7.040,0.00393,0.00104,0.00667;0.00598;0.00524;0.00473;0.00431;0.00419;0.00289;0.00257;0.00201;0.00160,
line-c-r00370,line-c,line-c-e07,33.1993294,-116.1524803,180.0,line-c-e08,33.1994888,-116.1522907,180.0,line-c-e13,33.2002858,-116.1513427,180.0,line-c-e14,33.2004452,-116.1511532,180.0,2026-08-19T15:14:00Z,dipole-dipole,5,6,1.707,468.6,212.427,5.390,0.00458,0.00100,0.00830;0.00710;0.00625;0.00543;0.00494;0.00411;0.00370;0.00286;0.00223;0.00166,
line-c-r00371,line-c,line-c-e07,33.1993294,-116.1524803,180.0,line-c-e08,33.1994888,-116.1522907,180.0,line-c-e14,33.2004452,-116.1511532,180.0,line-c-e15,33.2006046,-116.1509636,180.0,2026-08-19T15:14:12Z,dipole-dipole,6,4,1.462,547.3,201.037,8.889,0.00465,0.00100,0.00755;0.00713;0.00570;0.00614;0.00509;0.00458;0.00367;0.00281;0.00240;0.00158,
line-c-r00372,line-c,line-c-e07,33.1993294,-116.1524803,180.0,line-c-e08,33.1994888,-116.1522907,180.0,line-c-e14,33.2004452,-116.1511532,180.0,line-c-e15,33.2006046,-116.1509636,180.0,2026-08-19T15:14:24Z,dipole-dipole,6,5,2.000,360.3,195.526,7.303,0.00632,0.00115,0.00988;0.00937;0.00924;0.00708;0.00699;0.00566;0.00496;0.00420;0.00315;0.00224,
line-c-r00373,line-c,line-c-e07,33.1993294,-116.1524803,180.0,line-c-e08,33.1994888,-116.1522907,180.0,line-c-e14,33.2004452,-116.1511532,180.0,line-c-e15,33.2006046,-116.1509636,180.0,2026-08-19T15:14:36Z,dipole-dipole,6,8,1.628,491.3,188.299,8.969,0.00673,0.00106,0.01098;0.01049;0.00859;0.00848;0.00709;0.00656;0.00527;0.00445;0.00312;0.00226,
line-c-r00374,line-c,line-c-e07,33.1993294,-116.1524803,180.0,line-c-e08,33.1994888,-116.1522907,180.0,line-c-e14,33.2004452,-116.1511532,180.0,line-c-e15,33.2006046,-116.1509636,180.0,2026-08-19T15:14:48Z,dipole-dipole,6,8,1.325,603.8,211.117,7.039,0.00630,0.00103,0.00922;0.00896;0.00923;0.00845;0.00734;0.00584;0.00444;0.00426;0.00347;0.00217,
line-c-r00375,line-c,line-c-e07,33.1993294,-116.1524803,180.0,line-c-e08,33.1994888,-116.1522907,180.0,line-c-e14,33.2004452,-116.1511532,180.0,line-c-e15,33.2006046,-116.1509636,180.0,2026-08-19T15:15:00Z,dipole-dipole,6,8,1.576,507.8,196.637,7.914,0.00503,0.00139,0.00852;0.00694;0.00673;0.00684;0.00583;0.00503;0.00362;0.00324;0.00246;0.00178,
line-c-r00376,line-c,line-c-e07,33.1993294,-116.1524803,180.0,line-c-e08,33.1994888,-116.1522907,180.0,line-c-e14,33.2004452,-116.1511532,180.0,line-c-e15,33.2006046,-116.1509636,180.0,2026-08-19T15:15:12Z,dipole-dipole,6,5,1.412,566.5,206.125,8.302,0.00626,0.00107,0.00975;0.00896;0.00854;0.00755;0.00674;0.00604;0.00514;0.00369;0.00313;0.00224,
line-c-r00377,line-c,line-c-e07,33.1993294,-116.1524803,180.0,line-c-e08,33.1994888,-116.1522907,180.0,line-c-e15,33.2006046,-116.1509636,180.0,line-c-e16,33.2007640,-116.1507740,180.0,2026-08-19T15:15:24Z,dipole-dipole,7,8,1.806,442.9,194.751,7.240,0.00619,0.00099,0.00966;0.00861;0.00758;0.00694;0.00659;0.00539;0.00526;0.00389;0.00285;0.00229,
line-c-r00378,line-c,line-c-e07,33.1993294,-116.1524803,180.0,line-c-e08,33.1994888,-116.1522907,180.0,line-c-e15,33.2006046,-116.1509636,180.0,line-c-e16,33.2007640,-116.1507740,180.0,2026-08-19T15:15:36Z,dipole-dipole,7,4,1.734,461.3,209.792,6.895,0.00604,0.00089,0.00929;0.00897;0.00764;0.00827;0.00658;0.00599;0.00489;0.00416;0.00319;0.00209,
line-c-r00379,line-c,line-c-e07,33.1993294,-116.1524803,180.0,line-c-e08,33.1994888,-116.1522907,180.0,line-c-e15,33.2006046,-116.1509636,180.0,line-c-e16,33.2007640,-116.1507740,180.0,2026-08-19T15:15:48Z,dipole-dipole,7,6,1.604,498.7,199.095,7.623,0.00606,0.00105,0.00973;0.00917;0.00867;0.00709;0.00656;0.00556;0.00488;0.00373;0.00278;0.00200,
line-c-r00380,line-c,line-c-e07,33.1993294,-116.1524803,180.0,line-c-e08,33.1994888,-116.1522907,180.0,line-c-e15,33.2006046,-116.1509636,180.0,line-c-e16,33.2007640,-116.1507740,180.0,2026-08-19T15:16:00Z,dipole-dipole,7,3,1.369,584.5,202.921,6.696,0.00611,0.00100,0.00966;0.00836;0.00859;0.00692;0.00614;0.00537;0.00492;0.00370;0.00304;0.00199,
line-c-r00381,line-c,line-c-e07,33.1993294,-116.1524803,180.0,line-c-e08,33.1994888,-116.1522907,180.0,line-c-e15,33.2006046,-116.1509636,180.0,line-c-e16,33.2007640,-116.1507740,180.0,2026-08-19T15:16:12Z,dipole-dipole,7,4,2.000,392.0,205.040,5.597,0.00334,0.00111,0.00526;0.00483;0.00442;0.00436;0.00353;0.00330;0.00247;0.00217;0.00168;0.00111,
line-c-r00382,line-c,line-c-e07,33.1993294,-116.1524803,180.0,line-c-e08,33.1994888,-116.1522907,180.0,line-c-e15,33.2006046,-116.1509636,180.0,line-c-e16,33.2007640,-116.1507740,180.0,2026-08-19T15:16:24Z,dipole-dipole,7,8,1.596,501.4,194.285,8.520,0.00447,0.00100,0.00768;0.00656;0.00647;0.00583;0.00467;0.00435;0.00412;0.00321;0.00234;0.00164,
line-c-r00383,line-c,line-c-e07,33.1993294,-116.1524803,180.0,line-c-e08,33.1994888,-116.1522907,180.0,line-c-e15,33.2006046,-116.1509636,180.0,line-c-e16,33.2007640,-116.1507740,180.0,2026-08-19T15:16:36Z,dipole-dipole,7,6,1.237,647.0,-240.549,6.392,0.00463,0.00107,0.00789;0.00662;0.00671;0.00655;0.00504;0.00455;0.00387;0.00323;0.00247;0.00145,
line-c-r00384,line-c,line-c-e07,33.1993294,-116.1524803,180.0,line-c-e08,33.1994888,-116.1522907,180.0,line-c-e16,33.2007640,-116.1507740,180.0,line-c-e17,33.2009234,-116.1505844,180.0,2026-08-19T15:16:48Z,dipole-dipole,8,6,2.000,378.9,193.897,6.258,0.00478,0.00097,0.00781;0.00671;0.00662;0.00632;0.00526;0.00442;0.00385;0.00316;0.00242;0.00158,
line-c-r00385,line-c,line-c-e07,33.1993294,-116.1524803,180.0,line-c-e08,33.1994888,-116.1522907,180.0,line-c-e16,33.2007640,-116.1507740,180.0,line-c-e17,33.2009234,-116.1505844,180.0,2026-08-19T15:17:00Z,dipole-dipole,8,4,1.957,408.8,200.435,7.918,0.00871,0.00106,0.01312;0.01455;0.01184;0.01016;0.00894;0.00826;0.00702;0.00546;0.00452;0.00324,
line-c-r00386,line-c,line-c-e07,33.1993294,-116.1524803,180.0,line-c-e08,33.1994888,-116.1522907,180.0,line-c-e16,33.2007640,-116.1507740,180.0,line-c-e17,33.2009234,-116.1505844,180.0,2026-08-19T15:17:12Z,dipole-dipole,8,8,1.932,414.1,191.897,6.868,0.00410,0.00142,0.00661;0.00574;0.00545;0.00541;0.00429;0.00411;0.00353;0.00271;0.00208;0.00154,
line-c-r00387,line-c,line-c-e07,33.1993294,-116.1524803,180.0,line-c-e08,33.1994888,-116.1522907,180.0,line-c-e16,33.2007640,-116.1507740,180.0,line-c-e17,33.2009234,-116.1505844,180.0,2026-08-19T15:17:24Z,dipole-dipole,8,6,1.891,423.2,197.869,7.978,0.00751,0.00120,0.01146;0.01116;0.00979;0.01030;0.00771;0.00636;0.00568;0.00473;0.00367;0.00275,
line-c-r00388,line-c,line-c-e07,33.1993294,-116.1524803,180.0,line-c-e08,33.1994888,-116.1522907,180.0,line-c-e16,33.2007640,-116.1507740,180.0,line-c-e17,33.2009234,-116.1505844,180.0,2026-08-19T15:17:36Z,dipole-dipole,8,3,1.360,588.3,188.193,6.814,0.00773,0.00121,0.01135;0.01368;0.01028;0.00934;0.00825;0.00775;0.00600;0.00532;0.00376;0.00242,
line-c-r00389,line-c,line-c-e07,33.1993294,-116.1524803,180.0,line-c-e08,33.1994888,-116.1522907,180.0,line-c-e16,33.2007640,-116.1507740,180.0,line-c-e17,33.2009234,-116.1505844,180.0,2026-08-19T15:17:48Z,dipole-dipole,8,4,1.693,472.5,196.382,7.538,0.00649,0.00109,0.01010;0.00977;0.00920;0.00795;0.00725;0.00590;0.00512;0.00412;0.00335;0.00210,
line-c-r00390,line-c,line-c-e08,33.1994888,-116.1522907,180.0,line-c-e09,33.1996482,-116.1521011,180.0,line-c-e10,33.1998076,-116.1519115,180.0,line-c-e11,33.1999670,-116.1517219,180.0,2026-08-19T15:18:00Z,dipole-dipole,1,5,1.296,617.5,217.588,8.024,0.00641,0.00108,0.01023;0.00902;0.00843;0.00754;0.00738;0.00607;0.00485;0.00394;0.00277;0.00203,
line-c-r00391,line-c,line-c-e08,33.1994888,-116.1522907,180.0,line-c-e09,33.1996482,-116.1521011,180.0,line-c-e10,33.1998076,-116.1519115,180.0,line-c-e11,33.1999670,-116.1517219,180.0,2026-08-19T15:18:12Z,dipole-dipole,1,5,1.718,465.8,206.615,7.707,0.00546,0.00107,0.00898;0.00847;0.00729;0.00696;0.00567;0.00525;0.00404;0.00320;0.00264;0.00185,
line-c-r00392,line-c,line-c-e08,33.1994888,-116.1522907,180.0,line-c-e09,33.1996482,-116.1521011,180.0,line-c-e10,33.1998076,-116.1519115,180.0,line-c-e11,33.1999670,-116.1517219,180.0,2026-08-19T15:18:24Z,dipole-dipole,1,5,1.811,441.7,199.071,9.258,0.00468,0.00109,0.00762;0.00723;0.00637;0.00587;0.00537;0.00428;0.00379;0.00304;0.00217;0.00175,
line-c-r00393,line-c,line-c-e08,33.1994888,-116.1522907,180.0,line-c-e09,33.1996482,-116.1521011,180.0,line-c-e10,33.1998076,-116.1519115,180.0,line-c-e11,33.1999670,-116.1517219,180.0,2026-08-19T15:18:36Z,dipole-dipole,1,4,1.794,445.9,216.671,7.106,0.00408,0.00126,0.00614;0.00555;0.00533;0.00482;0.00456;0.00414;0.00315;0.00248;0.00203;0.00150,
line-c-r00394,line-c,line-c-e08,33.1994888,-116.1522907,180.0,line-c-e09,33.1996482,-116.1521011,180.0,line-c-e10,33.1998076,-116.1519115,180.0,line-c-e11,33.1999670,-116.1517219,180.0,2026-08-19T15:18:48Z,dipole-dipole,1,4,2.000,373.1,192.884,7.619,0.00446,0.00127,0.00679;0.00638;0.00641;0.00552;0.00466;0.00408;0.00372;0.00288;0.00217;0.00146,
line-c-r00395,line-c,line-c-e08,33.1994888,-116.1522907,180.0,line-c-e09,33.1996482,-116.1521011,180.0,line-c-e10,33.1998076,-116.1519115,180.0,line-c-e11,33.1999670,-116.1517219,180.0,2026-08-19T15:19:00Z,dipole-dipole,1,4,1.604,498.7,207.080,6.725,0.00427,0.00097,0.00657;0.00520;0.00576;0.00530;0.00511;0.00387;0.00304;0.00239;0.00219;0.00159,
line-c-r00396,line-c,line-c-e08,33.1994888,-116.1522907,180.0,line-c-e09,33.1996482,-116.1521011,180.0,line-c-e10,33.1998076,-116.1519115,180.0,line-c-e11,33.1999670,-116.1517219,180.0,2026-08-19T15:19:12Z,dipole-dipole,1,8,2.000,325.8,208.050,6.377,0.00563,0.00088,0.00861;0.00843;0.00758;0.00703;0.00589;0.00546;0.00447;0.00334;0.00298;0.00194,
line-c-r00397,line-c,line-c-e08,33.1994888,-116.1522907,180.0,line-c-e09,33.1996482,-116.1521011,180.0,line-c-e10,33.1998076,-116.1519115,180.0,line-c-e11,33.1999670,-116.1517219,180.0,2026-08-19T15:19:24Z,dipole-dipole,1,4,1.455,550.0,216.074,7.826,0.00495,0.00094,0.00854;0.00690;0.00645;0.00627;0.00574;0.00442;0.00405;0.00296;0.00232;0.00176,
line-c-r00398,line-c,line-c-e08,33.1994888,-116.1522907,180.0,line-c-e09,33.1996482,-116.1521011,180.0,line-c-e11,33.1999670,-116.1517219,180.0,line-c-e12,33.2001264,-116.1515323,180.0,2026-08-19T15:19:36Z,dipole-dipole,2,8,1.568,510.3,192.862,7.668,0.00485,0.00103,0.00744;0.00693;0.00660;0.00565;0.00573;0.00442;0.00349;0.00272;0.00235;0.00164,
line-c-r00399,line-c,line-c-e08,33.1994888,-116.1522907,180.0,line-c-e09,33.1996482,-116.1521011,180.0,line-c-e11,33.1999670,-116.1517219,180.0,line-c-e12,33.2001264,-116.1515323,180.0,2026-08-19T15:19:48Z,dipole-dipole,2,5,1.574,508.2,203.023,7.822,0.00478,0.00093,0.00789;0.00808;0.00680;0.00618;0.00536;0.00428;0.00420;0.00305;0.00223;0.00181,
line-c-r00400,line-c,line-c-e08,,,,line-c-e09,33.1996482,-116.1521011,180.0,line-c-e11,33.1999670,-116.1517219,180.0,line-c-e12,33.2001264,-116.1515323,180.0,2026-08-19T15:20:00Z,dipole-dipole,2,4,1.305,612.9,198.487,6.747,0.00421,0.00131,0.00703;0.00623;0.00589;0.00510;0.00469;0.00374;0.00333;0.00277;0.00208;0.00146,
line-c-r00401,line-c,line-c-e08,33.1994888,-116.1522907,180.0,line-c-e09,33.1996482,-116.1521011,180.0,line-c-e11,33.1999670,-116.1517219,180.0,line-c-e12,33.2001264,-116.1515323,180.0,2026-08-19T15:20:12Z,dipole-dipole,2,8,1.825,438.4,199.620,8.623,0.00552,0.00102,0.00933;0.00870;0.00835;0.00655;0.00560;0.00528;0.00425;0.00334;0.00272;0.00197,
line-c-r00402,line-c,line-c-e08,33.1994888,-116.1522907,180.0,line-c-e09,33.1996482,-116.1521011,180.0,line-c-e11,33.1999670,-116.1517219,180.0,line-c-e12,33.2001264,-116.1515323,180.0,2026-08-19T15:20:24Z,dipole-dipole,2,3,1.770,452.1,197.978,10.344,0.00474,0.00099,0.00824;0.00695;0.00552;0.00613;0.00501;0.00425;0.00384;0.00308;0.00233;0.00156,
line-c-r00403,line-c,line-c-e08,33.1994888,-116.1522907,180.0,line-c-e09,33.1996482,-116.1521011,180.0,line-c-e11,33.1999670,-116.1517219,180.0,line-c-e12,33.2001264,-116.1515323,180.0,2026-08-19T15:20:36Z,dipole-dipole,2,8,1.919,417.0,193.896,7.703,0.00439,0.00105,0.00667;0.00567;0.00627;0.00553;0.00444;0.00447;0.00334;0.00267;0.00216;0.00180,
line-c-r00404,line-c,line-c-e08,33.1994888,-116.1522907,180.0,line-c-e09,33.1996482,-116.1521011,180.0,line-c-e12,33.2001264,-116.1515323,180.0,line-c-e13,33.2002858,-116.1513427,180.0,2026-08-19T15:20:48Z,dipole-dipole,3,4,1.701,470.4,202.735,5.189,0.00414,0.00101,0.00672;0.00646;0.00633;0.00525;0.00461;0.00361;0.00333;0.00271;0.00217;0.00144,
line-c-r00405,line-c,line-c-e08,33.1994888,-116.1522907,180.0,line-c-e09,33.1996482,-116.1521011,180.0,line-c-e12,33.2001264,-116.1515323,180.0,line-c-e13,33.2002858,-116.1513427,180.0,2026-08-19T15:21:00Z,dipole-dipole,3,6,1.484,539.1,205.883,6.644,0.00426,0.00113,0.00658;0.00698;0.00558;0.00542;0.00429;0.00414;0.00363;0.00275;0.00195;0.00156,
line-c-r00406,line-c,line-c-e08,33.1994888,-116.1522907,180.0,line-c-e09,33.1996482,-116.1521011,180.0,line-c-e12,33.2001264,-116.1515323,180.0,line-c-e13,33.2002858,-116.1513427,180.0,2026-08-19T15:21:12Z,dipole-dipole,3,5,1.575,508.1,188.304,6.497,0.00308,0.00072,0.00504;0.00503;0.00442;0.00382;0.00336;0.00342;0.00277;0.00202;0.00149;0.00101,
line-c-r00407,line-c,line-c-e08,33.1994888,-116.1522907,180.0,line-c-e09,33.1996482,-116.1521011,180.0,line-c-e12,33.2001264,-116.1515323,180.0,line-c-e13,33.2002858,-116.1513427,180.0,2026-08-19T15:21:24Z,dipole-dipole,3,7,1.475,542.2,192.486,7.917,0.00337,0.00105,0.00567;0.00517;0.00445;0.00424;0.00381;0.00325;0.00245;0.00211;0.00181;0.00105,
line-c-r00408,line-c,line-c-e08,33.1994888,-116.1522907,180.0,line-c-e09,33.1996482,-116.1521011,180.0,line-c-e12,33.2001264,-116.1515323,180.0,line-c-e13,33.2002858,-116.1513427,180.0,2026-08-19T15:21:36Z,dipole-dipole,3,5,1.421,562.8,205.108,6.956,0.00457,0.00106,0.00809;0.00673;0.00625;0.00573;0.00545;0.00401;0.00367;0.00304;0.00202;0.00162,
line-c-r00409,line-c,line-c-e08,33.1994888,-116.1522907,180.0,line-c-e09,33.1996482,-116.1521011,180.0,line-c-e12,33.2001264,-116.1515323,180.0,line-c-e13,33.2002858,-116.1513427,180.0,2026-08-19T15:21:48Z,dipole-dipole,3,4,1.736,460.9,208.869,6.022,0.00535,0.00083,0.00845;0.00752;0.00691;0.00659;0.00612;0.00541;0.00388;0.00365;0.00302;0.00186,
line-c-r00410,line-c,line-c-e08,33.1994888,-116.1522907,180.0,line-c-e09,33.1996482,-116.1521011,180.0,line-c-e13,33.2002858,-116.1513427,180.0,line-c-e14,33.2004452,-116.1511532,180.0,2026-08-19T15:22:00Z,dipole-dipole,4,4,1.649,485.1,193.793,6.335,0.00384,0.00104,0.00595;0.00525;0.00568;0.00489;0.00435;0.00374;0.00319;0.00230;0.00175;0.00143,
line-c-r00411,line-c,line-c-e08,33.1994888,-116.1522907,180.0,line-c-e09,33.1996482,-116.1521011,180.0,line-c-e13,33.2002858,-116.1513427,180.0,line-c-e14,33.2004452,-116.1511532,180.0,2026-08-19T15:22:12Z,dipole-dipole,4,4,1.375,581.9,211.681,6.498,0.00341,0.00111,0.00127;0.00159;0.00208;0.00282;0.00311;0.00383;0.00408;0.00419;0.00521;0.00504,
line-c-r00412,line-c,line-c-e08,33.1994888,-116.1522907,180.0,line-c-e09,33.1996482,-116.1521011,180.0,line-c-e13,33.2002858,-116.1513427,180.0,line-c-e14,33.2004452,-116.1511532,180.0,2026-08-19T15:22:24Z,dipole-dipole,4,5,1.408,568.3,202.309,11.220,0.00408,0.00095,0.00646;0.00576;0.00545;0.00508;0.00418;0.00371;0.00339;0.00239;0.00202;0.00143,
line-c-r00413,line-c,line-c-e08,33.1994888,-116.1522907,180.0,line-c-e09,33.1996482,-116.1521011,180.0,line-c-e13,33.2002858,-116.1513427,180.0,line-c-e14,33.2004452,-116.1511532,180.0,2026-08-19T15:22:36Z,dipole-dipole,4,3,1.480,540.5,210.509,577.095,0.00563,0.00101,0.00953;0.00838;0.00839;0.00718;0.00658;0.00553;0.00469;0.00364;0.00260;0.00192,
line-c-r00414,line-c,line-c-e08,33.1994888,-116.1522907,180.0,line-c-e09,33.1996482,-116.1521011,180.0,line-c-e13,33.2002858,-116.1513427,180.0,line-c-e14,33.2004452,-116.1511532,180.0,2026-08-19T15:22:48Z,dipole-dipole,4,6,1.901,420.7,198.182,10.205,0.00524,0.00112,0.00845;0.00736;0.00772;0.00628;0.00599;0.00503;0.00439;0.00334;0.00259;0.00179,
line-c-r00415,line-c,line-c-e08,33.1994888,-116.1522907,180.0,line-c-e09,33.1996482,-116.1521011,180.0,line-c-e13,33.2002858,-116.1513427,180.0,line-c-e14,33.2004452,-116.1511532,180.0,2026-08-19T15:23:00Z,dipole-dipole,4,8,1.484,539.1,202.869,8.060,0.00475,0.00087,0.00713;0.00670;0.00607;0.00546;0.00505;0.00446;0.00406;0.00286;0.00209;0.00153,
line-c-r00416,line-c,line-c-e08,33.1994888,-116.1522907,180.0,line-c-e09,33.1996482,-116.1521011,180.0,line-c-e13,33.2002858,-116.1513427,180.0,line-c-e14,33.2004452,-116.1511532,180.0,2026-08-19T15:23:12Z,dipole-dipole,4,4,1.477,541.6,201.152,8.169,0.00619,0.00100,0.00895;0.00962;0.00906;0.00791;0.00693;0.00621;0.00500;0.00419;0.00294;0.00248,
line-c-r00417,line-c,line-c-e08,33.1994888,-116.1522907,180.0,line-c-e09,33.1996482,-116.1521011,180.0,line-c-e14,33.2004452,-116.1511532,180.0,line-c-e15,33.2006046,-116.1509636,180.0,2026-08-19T15:23:24Z,dipole-dipole,5,3,1.634,489.5,190.858,8.686,0.00612,0.00097,0.00923;0.00936;0.00821;0.00732;0.00660;0.00596;0.00476;0.00422;0.00281;0.00212,
line-c-r00418,line-c,line-c-e08,33.1994888,-116.1522907,180.0,line-c-e09,33.1996482,-116.1521011,180.0,line-c-e14,33.2004452,-116.1511532,180.0,line-c-e15,33.2006046,-116.1509636,180.0,2026-08-19T15:23:36Z,dipole-dipole,5,6,1.978,404.5,201.419,7.374,0.00608,0.00100,0.01066;0.00954;0.00814;0.00781;0.00698;0.00547;0.00507;0.00385;0.00301;0.00236,
line-c-r00419,line-c,line-c-e08,33.1994888,-116.1522907,180.0,line-c-e09,33.1996482,-116.1521011,180.0,line-c-e14,33.2004452,-116.1511532,180.0,line-c-e15,33.2006046,-116.1509636,180.0,2026-08-19T15:23:48Z,dipole-dipole,5,8,1.534,521.5,210.424,7.832,0.00394,0.00090,0.00686;0.00601;0.00526;0.00502;0.00440;0.00364;0.00284;0.00275;0.00188;0.00147,
line-c-r00420,line-c,line-c-e08,33.1994888,-116.1522907,180.0,line-c-e09,33.1996482,-116.1521011,180.0,line-c-e14,33.2004452,-116.1511532,180.0,line-c-e15,33.2006046,-116.1509636,180.0,2026-08-19T15:24:00Z,dipole-dipole,5,5,1.471,544.0,-303.779,8.494,0.00514,0.00090,0.00784;0.00762;0.00657;0.00561;0.00536;0.00482;0.00429;0.00308;0.00266;0.00186,
line-c-r00421,line-c,line-c-e08,33.1994888,-116.1522907,180.0,line-c-e09,33.1996482,-116.1521011,180.0,line-c-e14,33.2004452,-116.1511532,180.0,line-c-e15,33.2006046,-116.1509636,180.0,2026-08-19T15:24:12Z,dipole-dipole,5,6,2.000,394.1,208.936,7.862,0.00436,0.00118,0.00718;0.00632;0.00543;0.00580;0.00508;0.00378;0.00390;0.00301;0.00203;0.00166,
line-c-r00422,line-c,line-c-e08,33.1994888,-116.1522907,180.0,line-c-e09,33.1996482,-116.1521011,180.0,line-c-e14,33.2004452,-116.1511532,180.0,line-c-e15,33.2006046,-116.1509636,180.0,2026-08-19T15:24:24Z,dipole-dipole,5,3,1.865,429.1,193.805,9.659,0.00485,0.00095,0.00744;0.00715;0.00615;0.00614;0.00546;0.00448;0.00371;0.00337;0.00240;0.00174,
line-c-r00423,line-c,line-c-e08,33.1994888,-116.1522907,180.0,line-c-e09,33.1996482,-116.1521011,180.0,line-c-e14,33.2004452,-116.1511532,180.0,line-c-e15,33.2006046,-116.1509636,180.0,2026-08-19T15:24:36Z,dipole-dipole,5,6,1.355,590.6,197.924,6.096,0.00412,0.00107,0.00692;0.00585;0.00611;0.00500;0.00452;0.00393;0.00310;0.00249;0.00206;0.00133,
line-c-r00424,line-c,line-c-e08,33.1994888,-116.1522907,180.0,line-c-e09,33.1996482,-116.1521011,180.0,line-c-e14,33.2004452,-116.1511532,180.0,line-c-e15,33.2006046,-116.1509636,180.0,2026-08-19T15:24:48Z,dipole-dipole,5,5,1.424,561.8,201.219,8.371,0.00674,0.00115,0.01085;0.00939;0.00971;0.00909;0.00809;0.00678;0.00537;0.00438;0.00311;0.00269,
line-c-r00425,line-c,line-c-e08,33.1994888,-116.1522907,180.0,line-c-e09,33.1996482,-116.1521011,180.0,line-c-e15,33.2006046,-116.1509636,180.0,line-c-e16,33.2007640,-116.1507740,180.0,2026-08-19T15:25:00Z,dipole-dipole,6,8,1.729,462.6,190.277,8.587,0.00626,0.00115,0.00964;0.00927;0.00956;0.00758;0.00676;0.00589;0.00492;0.00415;0.00304;0.00224,
line-c-r00426,line-c,line-c-e08,33.1994888,-116.1522907,180.0,line-c-e09,33.1996482,-116.1521011,180.0,line-c-e15,33.2006046,-116.1509636,180.0,line-c-e16,33.2007640,-116.1507740,180.0,2026-08-19T15:25:12Z,dipole-dipole,6,8,1.611,496.5,207.995,6.040,0.00609,0.00118,0.01059;0.00887;0.00880;0.00759;0.00698;0.00557;0.00475;0.00413;0.00315;0.00227,
line-c-r00427,line-c,line-c-e08,33.1994888,-116.1522907,180.0,line-c-e09,33.1996482,-116.1521011,180.0,line-c-e15,33.2006046,-116.1509636,180.0,line-c-e16,33.2007640,-116.1507740,180.0,2026-08-19T15:25:24Z,dipole-dipole,6,4,2.000,382.1,197.235,7.762,0.00481,0.00103,0.00719;0.00759;0.00614;0.00654;0.00610;0.00453;0.00401;0.00316;0.00229;0.00172,
line-c-r00428,line-c,line-c-e08,33.1994888,-116.1522907,180.0,line-c-e09,33.1996482,-116.1521011,180.0,line-c-e15,33.2006046,-116.1509636,180.0,line-c-e16,33.2007640,-116.1507740,180.0,2026-08-19T15:25:36Z,dipole-dipole,6,3,2.000,390.7,203.030,6.378,0.00645,0.00121,0.01063;0.00949;0.00868;0.00838;0.00738;0.00591;0.00486;0.00441;0.00330;0.00222,
line-c-r00429,line-c,line-c-e08,33.1994888,-116.1522907,180.0,line-c-e09,33.1996482,-116.1521011,180.0,line-c-e15,33.2006046,-116.1509636,180.0,line-c-e16,33.2007640,-116.1507740,180.0,2026-08-19T15:25:48Z,dipole-dipole,6,4,1.724,464.0,199.749,6.860,0.00452,0.00129,0.00691;0.00698;0.00630;0.00562;0.00486;0.00426;0.00355;0.00285;0.00222;0.00163,
line-c-r00430,line-c,line-c-e08,33.1994888,-116.1522907,180.0,line-c-e09,33.1996482,-116.1521011,180.0,line-c-e15,33.2006046,-116.1509636,180.0,line-c-e16,33.2007640,-116.1507740,180.0,2026-08-19T15:26:00Z,dipole-dipole,6,3,1.520,526.4,197.771,7.570,0.00573,0.00105,0.00896;0.00766;0.00743;0.00621;0.00624;0.00537;0.00470;0.00381;0.00308;0.00177,
line-c-r00431,line-c,line-c-e08,33.1994888,-116.1522907,180.0,line-c-e09,33.1996482,-116.1521011,180.0,line-c-e15,33.2006046,-116.1509636,180.0,line-c-e16,33.2007640,-116.1507740,180.0,2026-08-19T15:26:12Z,dipole-dipole,6,7,1.523,525.1,189.176,7.182,0.00721,0.00115,0.01186;0.01095;0.00999;0.00877;0.00722;0.00676;0.00616;0.00416;0.00334;0.00251,
line-c-r00432,line-c,line-c-e08,33.1994888,-116.1522907,180.0,line-c-e09,33.1996482,-116.1521011,180.0,line-c-e15,33.2006046,-116.1509636,180.0,line-c-e16,33.2007640,-116.1507740,180.0,2026-08-19T15:26:24Z,dipole-dipole,6,7,1.755,455.9,185.080,8.792,0.00476,0.00117,0.00691;0.00737;0.00679;0.00588;0.00523;0.00452;0.00352;0.00309;0.00241;0.00174,
line-c-r00433,line-c,line-c-e08,33.1994888,-116.1522907,180.0,line-c-e09,33.1996482,-116.1521011,180.0,line-c-e16,33.2007640,-116.1507740,180.0,line-c-e17,33.2009234,-116.1505844,180.0,2026-08-19T15:26:36Z,dipole-dipole,7,5,1.673,478.3,196.712,8.220,0.00496,0.00109,0.00780;0.00737;0.00692;0.00579;0.00508;0.00461;0.00405;0.00319;0.00246;0.00187,
line-c-r00434,line-c,line-c-e08,33.1994888,-116.1522907,180.0,line-c-e09,33.1996482,-116.1521011,180.0,line-c-e16,33.2007640,-116.1507740,180.0,line-c-e17,33.2009234,-116.1505844,180.0,2026-08-19T15:26:48Z,dipole-dipole,7,4,1.700,470.7,198.412,6.384,0.00681,0.00136,0.01100;0.01080;0.00937;0.00878;0.00804;0.00633;0.00503;0.00404;0.00384;0.00221,
line-c-r00435,line-c,line-c-e08,33.1994888,-116.1522907,180.0,line-c-e09,33.1996482,-116.1521011,180.0,line-c-e16,33.2007640,-116.1507740,180.0,line-c-e17,33.2009234,-116.1505844,180.0,2026-08-19T15:27:00Z,dipole-dipole,7,3,1.362,587.2,201.094,8.931,0.00586,0.00078,0.00945;0.00822;0.00841;0.00749;0.00714;0.00569;0.00467;0.00334;0.00298;0.00191,
line-c-r00436,line-c,line-c-e08,33.1994888,-116.1522907,180.0,line-c-e09,33.1996482,-116.1521011,180.0,line-c-e16,33.2007640,-116.1507740,180.0,line-c-e17,33.2009234,-116.1505844,180.0,2026-08-19T15:27:12Z,dipole-dipole,7,6,1.477,541.7,196.591,8.315,0.00768,0.00113,0.01166;0.01241;0.01016;0.01011;0.00773;0.00730;0.00590;0.00484;0.00352;0.00285,
line-c-r00437,line-c,line-c-e08,33.1994888,-116.1522907,180.0,line-c-e09,33.1996482,-116.1521011,180.0,line-c-e16,33.2007640,-116.1507740,180.0,line-c-e17,33.2009234,-116.1505844,180.0,2026-08-19T15:27:24Z,dipole-dipole,7,6,1.519,526.5,188.480,6.321,0.00458,0.00101,0.00796;0.00697;0.00578;0.00556;0.00559;0.00457;0.00370;0.00308;0.00221;0.00160,
line-c-r00438,line-c,line-c-e08,33.1994888,-116.1522907,180.0,line-c-e09,33.1996482,-116.1521011,180.0,line-c-e16,33.2007640,-116.1507740,180.0,line-c-e17,33.2009234,-116.1505844,180.0,2026-08-19T15:27:36Z,dipole-dipole,7,3,1.610,497.0,188.556,8.313,0.00751,0.00110,0.01124;0.01027;0.00977;0.00976;0.00735;0.00631;0.00621;0.00446;0.00379;0.00271,
line-c-r00439,line-c,line-c-e08,33.1994888,-116.1522907,180.0,line-c-e09,33.1996482,-116.1521011,180.0,line-c-e17,33.2009234,-116.1505844,180.0,line-c-e18,33.2010827,-116.1503948,180.0,2026-08-19T15:27:48Z,dipole-dipole,8,6,1.871,427.5,197.398,5.341,0.00530,0.00127,0.00861;0.00815;0.00673;0.00682;0.00537;0.00474;0.00429;0.00341;0.00218;0.00202,
line-c-r00440,line-c,line-c-e08,33.1994888,-116.1522907,180.0,line-c-e09,33.1996482,-116.1521011,180.0,line-c-e17,33.2009234,-116.1505844,180.0,line-c-e18,33.2010827,-116.1503948,180.0,2026-08-19T15:28:00Z,dipole-dipole,8,8,1.740,459.7,197.584,6.399,0.00610,0.00100,0.00861;0.00982;0.00772;0.00773;0.00667;0.00681;0.00486;0.00385;0.00306;0.00222,
line-c-r00441,line-c,line-c-e08,33.1994888,-116.1522907,180.0,line-c-e09,33.1996482,-116.1521011,180.0,line-c-e17,33.2009234,-116.1505844,180.0,line-c-e18,33.2010827,-116.1503948,180.0,2026-08-19T15:28:12Z,dipole-dipole,8,3,1.827,437.9,177.573,6.701,0.00611,0.00114,0.00908;0.00826;0.00834;0.00817;0.00667;0.00550;0.00488;0.00393;0.00329;0.00220,
line-c-r00442,line-c,line-c-e08,33.1994888,-116.1522907,180.0,line-c-e09,33.1996482,-116.1521011,180.0,line-c-e17,33.2009234,-116.1505844,180.0,line-c-e18,33.2010827,-116.1503948,180.0,2026-08-19T15:28:24Z,dipole-dipole,8,6,2.000,397.3,198.203,8.311,0.00728,0.00132,0.01171;0.01168;0.00967;0.00831;0.00870;0.00708;0.00598;0.00460;0.00355;0.00271,
line-c-r00443,line-c,line-c-e08,33.1994888,-116.1522907,180.0,line-c-e09,33.1996482,-116.1521011,180.0,line-c-e17,33.2009234,-116.1505844,180.0,line-c-e18,33.2010827,-116.1503948,180.0,2026-08-19T15:28:36Z,dipole-dipole,8,6,2.000,393.9,197.916,6.439,0.00831,0.00090,0.01491;0.01259;0.01162;0.01117;0.00964;0.00790;0.00737;0.00506;0.00428;0.00312,
line-c-r00444,line-c,line-c-e08,33.1994888,-116.1522907,180.0,line-c-e09,33.1996482,-116.1521011,180.0,line-c-e17,33.2009234,-116.1505844,180.0,line-c-e18,33.2010827,-116.1503948,180.0,2026-08-19T15:28:48Z,dipole-dipole,8,6,1.645,486.3,182.946,7.580,0.00575,0.00086,0.00800;0.00790;0.00788;0.00789;0.00631;0.00519;0.00502;0.00344;0.00266;0.00208,
line-c-r00445,line-c,line-c-e08,33.1994888,-116.1522907,180.0,line-c-e09,33.1996482,-116.1521011,180.0,line-c-e17,33.2009234,-116.1505844,180.0,line-c-e18,33.2010827,-116.1503948,180.0,2026-08-19T15:29:00Z,dipole-dipole,8,6,1.658,482.4,194.027,6.509,0.00582,0.00105,0.00757;0.00835;0.00755;0.00741;0.00688;0.00535;0.00448;0.00392;0.00325;0.00219,
line-c-r00446,line-c,line-c-e08,33.1994888,-116.1522907,180.0,line-c-e09,33.1996482,-116.1521011,180.0,line-c-e17,33.2009234,-116.1505844,180.0,line-c-e18,33.2010827,-116.1503948,180.0,2026-08-19T15:29:12Z,dipole-dipole,8,8,1.921,416.5,179.125,8.523,0.00346,0.00100,0.00546;0.00479;0.00463;0.00414;0.00401;0.00320;0.00300;0.00224;0.00174;0.00112,
line-c-r00447,line-c,line-c-e09,33.1996482,-116.1521011,180.0,line-c-e10,33.1998076,-116.1519115,180.0,line-c-e11,33.1999670,-116.1517219,180.0,line-c-e12,33.2001264,-116.1515323,180.0,2026-08-19T15:29:24Z,dipole-dipole,1,8,1.306,612.5,202.359,6.884,0.00486,0.00105,0.00821;0.00726;0.00668;0.00625;0.00543;0.00502;0.00372;0.00282;0.00221;0.00161,
line-c-r00448,line-c,line-c-e09,33.1996482,-116.1521011,180.0,line-c-e10,33.1998076,-116.1519115,180.0,line-c-e11,33.1999670,-116.1517219,180.0,line-c-e12,33.2001264,-116.1515323,180.0,2026-08-19T15:29:36Z,dipole-dipole,1,3,1.327,602.7,206.628,7.571,0.00465,0.00102,0.00794;0.00667;0.00578;0.00559;0.00609;0.00477;0.00377;0.00302;0.00229;0.00152,
line-c-r00449,line-c,line-c-e09,33.1996482,-116.1521011,180.0,line-c-e10,33.1998076,-116.1519115,180.0,line-c-e11,33.1999670,-116.1517219,180.0,line-c-e12,33.2001264,-116.1515323,180.0,2026-08-19T15:29:48Z,dipole-dipole,1,8,1.184,675.7,217.506,5.962,0.00420,0.00131,0.00693;0.00650;0.00590;0.00498;0.00439;0.00393;0.00318;0.00270;0.00203;0.00149,
line-c-r00450,line-c,line-c-e09,33.1996482,-116.1521011,180.0,line-c-e10,33.1998076,-116.1519115,180.0,line-c-e11,33.1999670,-116.1517219,180.0,line-c-e12,33.2001264,-116.1515323,180.0,2026-08-19T15:30:00Z,dipole-dipole,1,4,1.023,782.0,212.575,8.602,0.00596,0.00109,0.00936;0.00940;0.00789;0.00687;0.00618;0.00592;0.00446;0.00368;0.00298;0.00199,
line-c-r00451,line-c,line-c-e09,33.1996482,-116.1521011,180.0,line-c-e10,33.1998076,-116.1519115,180.0,line-c-e11,33.1999670,-116.1517219,180.0,line-c-e12,33.2001264,-116.1515323,180.0,2026-08-19T15:30:12Z,dipole-dipole,1,6,1.215,658.5,195.231,9.946,0.00508,0.00102,0.00789;0.00700;0.00709;0.00648;0.00583;0.00456;0.00392;0.00342;0.00249;0.00184,
line-c-r00452,line-c,line-c-e09,33.1996482,-116.1521011,180.0,line-c-e10,33.1998076,-116.1519115,180.0,line-c-e11,33.1999670,-116.1517219,180.0,line-c-e12,33.2001264,-116.1515323,180.0,2026-08-19T15:30:24Z,dipole-dipole,1,6,1.070,747.8,196.670,9.289,0.00415,0.00095,0.00581;0.00621;0.00571;0.00500;0.00428;0.00396;0.00309;0.00245;0.00215;0.00159,
line-c-r00453,line-c,line-c-e09,33.1996482,-116.1521011,180.0,line-c-e10,33.1998076,-116.1519115,180.0,line-c-e11,33.1999670,-116.1517219,180.0,line-c-e12,33.2001264,-116.1515323,180.0,2026-08-19T15:30:36Z,dipole-dipole,1,5,1.120,714.2,204.114,8.375,0.00600,0.00110,0.00984;0.00911;0.00906;0.00682;0.00681;0.00524;0.00509;0.00425;0.00303;0.00234,
line-c-r00454,line-c,line-c-e09,33.1996482,-116.1521011,180.0,line-c-e10,33.1998076,-116.1519115,180.0,line-c-e12,33.2001264,-116.1515323,180.0,line-c-e13,33.2002858,-116.1513427,180.0,2026-08-19T15:30:48Z,dipole-dipole,2,4,0.945,846.3,197.976,6.547,0.00512,0.00083,0.00815;0.00803;0.00653;0.00645;0.00541;0.00532;0.00462;0.00328;0.00257;0.00189,
line-c-r00455,line-c,line-c-e09,33.1996482,-116.1521011,180.0,line-c-e10,33.1998076,-116.1519115,180.0,line-c-e12,33.2001264,-116.1515323,180.0,line-c-e13,33.2002858,-116.1513427,180.0,2026-08-19T15:31:00Z,dipole-dipole,2,8,1.410,567.5,-254.936,6.910,0.00674,0.00143,0.01041;0.01015;0.00906;0.00876;0.00782;0.00675;0.00540;0.00423;0.00341;0.00242,
line-c-r00456,line-c,line-c-e09,33.1996482,-116.1521011,180.0,line-c-e10,33.1998076,-116.1519115,180.0,line-c-e12,33.2001264,-116.1515323,180.0,line-c-e13,33.2002858,-116.1513427,180.0,2026-08-19T15:31:12Z,dipole-dipole,2,5,1.042,768.0,205.439,5.617,0.00490,0.00127,0.00765;0.00758;0.00599;0.00635;0.00525;0.00462;0.00377;0.00295;0.00248;0.00157,
line-c-r00457,line-c,line-c-e09,33.1996482,-116.1521011,180.0,line-c-e10,33.1998076,-116.1519115,180.0,line-c-e12,33.2001264,-116.1515323,180.0,line-c-e13,33.2002858,-116.1513427,180.0,2026-08-19T15:31:24Z,dipole-dipole,2,3,1.744,458.6,187.826,8.145,0.00525,0.00095,0.00801;0.00747;0.00669;0.00634;0.00554;0.00478;0.00418;0.00352;0.00242;0.00184,
line-c-r00458,line-c,line-c-e09,33.1996482,-116.1521011,180.0,line-c-e10,33.1998076,-116.1519115,180.0,line-c-e12,33.2001264,-116.1515323,180.0,line-c-e13,33.2002858,-116.1513427,180.0,2026-08-19T15:31:36Z,dipole-dipole,2,4,1.227,651.9,207.073,8.052,0.00589,0.00092,0.00917;0.00852;0.00823;0.00671;0.00611;0.00553;0.00457;0.00358;0.00310;0.00220,
line-c-r00459,line-c,line-c-e09,33.1996482,-116.1521011,180.0,line-c-e10,33.1998076,-116.1519115,180.0,line-c-e12,33.2001264,-116.1515323,180.0,line-c-e13,33.2002858,-116.1513427,180.0,2026-08-19T15:31:48Z,dipole-dipole,2,7,1.056,757.5,192.631,7.266,0.00520,0.00107,0.00838;0.00725;0.00681;0.00641;0.00587;0.00487;0.00400;0.00314;0.00259;0.00189,
line-c-r00460,line-c,line-c-e09,33.1996482,-116.1521011,180.0,line-c-e10,33.1998076,-116.1519115,180.0,line-c-e12,33.2001264,-116.1515323,180.0,line-c-e13,33.2002858,-116.1513427,180.0,2026-08-19T15:32:00Z,dipole-dipole,2,7,1.396,573.2,200.021,6.969,0.00559,0.00119,0.00859;0.00834;0.00850;0.00709;0.00617;0.00564;0.00438;0.00417;0.00258;0.00199,
line-c-r00461,line-c,line-c-e09,33.1996482,-116.1521011,180.0,line-c-e10,33.1998076,-116.1519115,180.0,line-c-e12,33.2001264,-116.1515323,180.0,line-c-e13,33.2002858,-116.1513427,180.0,2026-08-19T15:32:12Z,dipole-dipole,2,8,1.081,740.3,204.154,7.788,0.00619,0.00081,0.00915;0.00951;0.00901;0.00725;0.00708;0.00619;0.00507;0.00395;0.00322;0.00222,
line-c-r00462,line-c,line-c-e09,33.1996482,-116.1521011,180.0,line-c-e10,33.1998076,-116.1519115,180.0,line-c-e13,33.2002858,-116.1513427,180.0,line-c-e14,33.2004452,-116.1511532,180.0,2026-08-19T15:32:24Z,dipole-dipole,3,4,1.369,584.3,211.989,7.888,0.00506,0.00094,0.00879;0.00799;0.00708;0.00617;0.00565;0.00503;0.00390;0.00308;0.00240;0.00198,
line-c-r00463,line-c,line-c-e09,33.1996482,-116.1521011,180.0,line-c-e10,33.1998076,-116.1519115,180.0,line-c-e13,33.2002858,-116.1513427,180.0,line-c-e14,33.2004452,-116.1511532,180.0,2026-08-19T15:32:36Z,dipole-dipole,3,8,1.197,668.6,193.016,7.109,0.00582,0.00105,0.00950;0.00848;0.00837;0.00684;0.00652;0.00563;0.00440;0.00351;0.00310;0.00204,
line-c-r00464,line-c,line-c-e09,33.1996482,-116.1521011,180.0,line-c-e10,33.1998076,-116.1519115,180.0,line-c-e13,33.2002858,-116.1513427,180.0,line-c-e14,33.2004452,-116.1511532,180.0,2026-08-19T15:32:48Z,dipole-dipole,3,7,0.960,833.4,209.108,8.510,0.00568,0.00135,0.00912;0.00905;0.00766;0.00639;0.00612;0.00525;0.00464;0.00331;0.00242;0.00200,
line-c-r00465,line-c,line-c-e09,33.1996482,-116.1521011,180.0,line-c-e10,33.1998076,-116.1519115,180.0,line-c-e13,33.2002858,-116.1513427,180.0,line-c-e14,33.2004452,-116.1511532,180.0,2026-08-19T15:33:00Z,dipole-dipole,3,8,1.631,490.6,196.943,9.825,0.00412,0.00100,0.00717;0.00609;0.00609;0.00530;0.00468;0.00371;0.00368;0.00264;0.00185;0.00140,
line-c-r00466,line-c,line-c-e09,33.1996482,-116.1521011,180.0,line-c-e10,33.1998076,-116.1519115,180.0,line-c-e13,33.2002858,-116.1513427,180.0,line-c-e14,33.2004452,-116.1511532,180.0,2026-08-19T15:33:12Z,dipole-dipole,3,6,1.137,703.9,199.874,4.972,0.00354,0.00097,0.00606;0.00516;0.00509;0.00461;0.00358;0.00318;0.00321;0.00225;0.00158;0.00110,
line-c-r00467,line-c,line-c-e09,33.1996482,-116.1521011,180.0,line-c-e10,33.1998076,-116.1519115,180.0,line-c-e13,33.2002858,-116.1513427,180.0,line-c-e14,33.2004452,-116.1511532,180.0,2026-08-19T15:33:24Z,dipole-dipole,3,3,1.201,666.4,198.289,7.243,0.00413,0.00128,0.00660;0.00607;0.00555;0.00500;0.00414;0.00465;0.00322;0.00299;0.00211;0.00146,
line-c-r00468,line-c,line-c-e09,33.1996482,-116.1521011,180.0,line-c-e10,33.1998076,-116.1519115,180.0,line-c-e14,33.2004452,-116.1511532,180.0,line-c-e15,33.2006046,-116.1509636,180.0,2026-08-19T15:33:36Z,dipole-dipole,4,4,1.179,678.3,205.377,7.041,0.00461,0.00097,0.00678;0.00664;0.00665;0.00502;0.00487;0.00425;0.00364;0.00300;0.00252;0.00182,
line-c-r00469,line-c,line-c-e09,33.1996482,-116.1521011,180.0,line-c-e10,33.1998076,-116.1519115,180.0,line-c-e14,33.2004452,-116.1511532,180.0,line-c-e15,33.2006046,-116.1509636,180.0,2026-08-19T15:33:48Z,dipole-dipole,4,3,1.214,659.0,205.377,6.482,0.00461,0.00080,0.00678;0.00664;0.00665;0.00502;0.00487;0.00425;0.00364;0.00300;0.00252;0.00182,
line-c-r00470,line-c,line-c-e09,33.1996482,-116.1521011,180.0,line-c-e10,33.1998076,-116.1519115,180.0,line-c-e14,33.2004452,-116.1511532,180.0,line-c-e15,33.2006046,-116.1509636,180.0,2026-08-19T15:34:00Z,dipole-dipole,4,5,1.484,539.0,205.377,6.359,0.00461,0.00107,0.00678;0.00664;0.00665;0.00502;0.00487;0.00425;0.00364;0.00300;0.00252;0.00182,
line-c-r00471,line-c,line-c-e09,33.1996482,-116.1521011,180.0,line-c-e10,33.1998076,-116.1519115,180.0,line-c-e14,33.2004452,-116.1511532,180.0,line-c-e15,33.2006046,-116.1509636,180.0,2026-08-19T15:34:12Z,dipole-dipole,4,4,1.060,754.9,205.377,7.493,0.00461,0.00103,0.00678;0.00664;0.00665;0.00502;0.00487;0.00425;0.00364;0.00300;0.00252;0.00182,
line-c-r00472,line-c,line-c-e09,33.1996482,-116.1521011,180.0,line-c-e10,33.1998076,-116.1519115,180.0,line-c-e14,33.2004452,-116.1511532,180.0,line-c-e15,33.2006046,-116.1509636,180.0,2026-08-19T15:34:24Z,dipole-dipole,4,5,1.363,587.1,205.377,7.133,0.00461,0.00105,0.00678;0.00664;0.00665;0.00502;0.00487;0.00425;0.00364;0.00300;0.00252;0.00182,
line-c-r00473,line-c,line-c-e09,33.1996482,-116.1521011,180.0,line-c-e10,33.1998076,-116.1519115,180.0,line-c-e14,33.2004452,-116.1511532,180.0,line-c-e15,33.2006046,-116.1509636,180.0,2026-08-19T15:34:36Z,dipole-dipole,4,3,0.935,855.3,205.377,7.092,0.00461,0.00117,0.00678;0.00664;0.00665;0.00502;0.00487;0.00425;0.00364;0.00300;0.00252;0.00182,
line-c-r00474,line-c,line-c-e09,33.1996482,-116.1521011,180.0,line-c-e10,33.1998076,-116.1519115,180.0,line-c-e14,33.2004452,-116.1511532,180.0,line-c-e15,33.2006046,-116.1509636,180.0,2026-08-19T15:34:48Z,dipole-dipole,4,8,1.191,671.6,205.377,9.531,0.00461,0.00126,0.00678;0.00664;0.00665;0.00502;0.00487;0.00425;0.00364;0.00300;0.00252;0.00182,
line-c-r00475,line-c,line-c-e09,33.1996482,-116.1521011,180.0,line-c-e10,33.1998076,-116.1519115,180.0,line-c-e14,33.2004452,-116.1511532,180.0,line-c-e15,33.2006046,-116.1509636,180.0,2026-08-19T15:35:00Z,dipole-dipole,4,6,1.263,633.7,205.377,6.625,0.00461,0.00113,0.00678;0.00664;0.00665;0.00502;0.00487;0.00425;0.00364;0.00300;0.00252;0.00182,
line-c-r00476,line-c,line-c-e09,33.1996482,-116.1521011,180.0,line-c-e10,33.1998076,-116.1519115,180.0,line-c-e15,33.2006046,-116.1509636,180.0,line-c-e16,33.2007640,-116.1507740,180.0,2026-08-19T15:35:12Z,dipole-dipole,5,6,1.264,632.9,203.187,9.612,0.00467,0.00101,0.00698;0.00692;0.00673;0.00573;0.00564;0.00453;0.00376;0.00281;0.00227;0.00163,
line-c-r00477,line-c,line-c-e09,33.1996482,-116.1521011,180.0,line-c-e10,33.1998076,-116.1519115,180.0,line-c-e15,33.2006046,-116.1509636,180.0,line-c-e16,33.2007640,-116.1507740,180.0,2026-08-19T15:35:24Z,dipole-dipole,5,3,1.070,747.9,204.947,10.493,0.00371,0.00136,0.00562;0.00529;0.00487;0.00453;0.00410;0.00333;0.00269;0.00245;0.00174;0.00136,
line-c-r00478,line-c,line-c-e09,33.1996482,-116.1521011,180.0,line-c-e10,33.1998076,-116.1519115,180.0,line-c-e15,33.2006046,-116.1509636,180.0,line-c-e16,33.2007640,-116.1507740,180.0,2026-08-19T15:35:36Z,dipole-dipole,5,5,1.001,799.4,189.603,7.549,0.00483,0.00100,0.00741;0.00674;0.00729;0.00599;0.00520;0.00419;0.00366;0.00294;0.00273;0.00167,
line-c-r00479,line-c,line-c-e09,33.1996482,-116.1521011,180.0,line-c-e10,33.1998076,-116.1519115,180.0,line-c-e15,33.2006046,-116.1509636,180.0,line-c-e16,33.2007640,-116.1507740,180.0,2026-08-19T15:35:48Z,dipole-dipole,5,4,1.113,718.6,202.296,7.929,0.00464,0.00098,0.00729;0.00705;0.00610;0.00523;0.00499;0.00436;0.00358;0.00311;0.00222;0.00150,
line-c-r00480,line-c,line-c-e09,33.1996482,-116.1521011,180.0,line-c-e10,33.1998076,-116.1519115,180.0,line-c-e15,33.2006046,-116.1509636,180.0,line-c-e16,33.2007640,-116.1507740,180.0,2026-08-19T15:36:00Z,dipole-dipole,5,5,0.930,860.1,205.142,7.936,0.00622,0.00097,0.00910;0.00948;0.00990;0.00788;0.00648;0.00548;0.00503;0.00397;0.00290;0.00214,
line-c-r00481,line-c,line-c-e09,33.1996482,-116.1521011,180.0,line-c-e10,33.1998076,-116.1519115,180.0,line-c-e15,33.2006046,-116.1509636,180.0,line-c-e16,33.2007640,-116.1507740,180.0,2026-08-19T15:36:12Z,dipole-dipole,5,7,1.148,697.0,200.181,6.401,0.00401,0.00096,0.00663;0.00594;0.00553;0.00506;0.00415;0.00387;0.00354;0.00230;0.00180;0.00138,
line-c-r00482,line-c,line-c-e09,33.1996482,-116.1521011,180.0,line-c-e10,33.1998076,-116.1519115,180.0,line-c-e16,33.2007640,-116.1507740,180.0,line-c-e17,33.2009234,-116.1505844,180.0,2026-08-19T15:36:24Z,dipole-dipole,6,7,1.090,734.0,201.335,6.024,0.00480,0.00140,0.00684;0.00607;0.00591;0.00586;0.00527;0.00441;0.00396;0.00309;0.00258;0.00164,
line-c-r00483,line-c,line-c-e09,33.1996482,-116.1521011,180.0,line-c-e10,33.1998076,-116.1519115,180.0,line-c-e16,33.2007640,-116.1507740,180.0,line-c-e17,33.2009234,-116.1505844,180.0,2026-08-19T15:36:36Z,dipole-dipole,6,7,1.487,537.9,193.093,7.105,0.00842,0.00120,0.01318;0.01399;0.01197;0.01143;0.00908;0.00894;0.00687;0.00541;0.00416;0.00289,
line-c-r00484,line-c,line-c-e09,33.1996482,-116.1521011,180.0,line-c-e10,33.1998076,-116.1519115,180.0,line-c-e16,33.2007640,-116.1507740,180.0,line-c-e17,33.2009234,-116.1505844,180.0,2026-08-19T15:36:48Z,dipole-dipole,6,5,1.408,568.2,199.200,10.451,0.00647,0.00110,0.01056;0.01011;0.00883;0.00837;0.00709;0.00626;0.00461;0.00399;0.00340;0.00245,
line-c-r00485,line-c,line-c-e09,33.1996482,-116.1521011,180.0,line-c-e10,33.1998076,-116.1519115,180.0,line-c-e16,33.2007640,-116.1507740,180.0,line-c-e17,33.2009234,-116.1505844,180.0,2026-08-19T15:37:00Z,dipole-dipole,6,4,1.230,650.3,199.408,7.161,0.00589,0.00107,0.00987;0.00939;0.00875;0.00759;0.00621;0.00506;0.00489;0.00379;0.00270;0.00217,
line-c-r00486,line-c,line-c-e09,33.1996482,-116.1521011,180.0,line-c-e10,33.1998076,-116.1519115,180.0,line-c-e16,33.2007640,-116.1507740,180.0,line-c-e17,33.2009234,-116.1505844,180.0,2026-08-19T15:37:12Z,dipole-dipole,6,7,1.187,673.7,185.682,7.387,0.00457,0.00104,0.00678;0.00728;0.00661;0.00568;0.00490;0.00434;0.00389;0.00262;0.00213;0.00159,
line-c-r00487,line-c,line-c-e09,33.1996482,-116.1521011,180.0,line-c-e10,33.1998076,-116.1519115,180.0,line-c-e16,33.2007640,-116.1507740,180.0,line-c-e17,33.2009234,-116.1505844,180.0,2026-08-19T15:37:24Z,dipole-dipole,6,8,0.992,806.1,201.187,7.793,0.00599,0.00146,0.00976;0.00841;0.00767;0.00651;0.00708;0.00526;0.00515;0.00377;0.00312;0.00184,
line-c-r00488,line-c,line-c-e09,33.1996482,-116.1521011,180.0,line-c-e10,33.1998076,-116.1519115,180.0,line-c-e17,33.2009234,-116.1505844,180.0,line-c-e18,33.2010827,-116.1503948,180.0,2026-08-19T15:37:36Z,dipole-dipole,7,4,1.197,668.3,189.137,7.165,0.00558,0.00103,0.00958;0.00857;0.00772;0.00625;0.00600;0.00526;0.00448;0.00354;0.00272;0.00186,
line-c-r00489,line-c,line-c-e09,33.1996482,-116.1521011,180.0,line-c-e10,33.1998076,-116.1519115,180.0,line-c-e17,33.2009234,-116.1505844,180.0,line-c-e18,33.2010827,-116.1503948,180.0,2026-08-19T15:37:48Z,dipole-dipole,7,6,1.395,573.5,209.096,7.789,0.00605,0.00124,0.00971;0.00884;0.00889;0.00677;0.00638;0.00580;0.00525;0.00399;0.00309;0.00229,
line-c-r00490,line-c,line-c-e09,33.1996482,-116.1521011,180.0,line-c-e10,33.1998076,-116.1519115,180.0,line-c-e17,33.2009234,-116.1505844,180.0,line-c-e18,33.2010827,-116.1503948,180.0,2026-08-19T15:38:00Z,dipole-dipole,7,4,1.330,601.7,195.320,5.705,0.00569,0.00119,0.00938;0.00804;0.00704;0.00700;0.00627;0.00529;0.00514;0.00369;0.00293;0.00209,
line-c-r00491,line-c,line-c-e09,33.1996482,-116.1521011,180.0,line-c-e10,33.1998076,-116.1519115,180.0,line-c-e17,33.2009234,-116.1505844,180.0,line-c-e18,33.2010827,-116.1503948,180.0,2026-08-19T15:38:12Z,dipole-dipole,7,4,1.403,570.3,201.049,6.684,0.00544,0.00093,0.00765;0.00809;0.00751;0.00697;0.00597;0.00488;0.00382;0.00343;0.00261;0.00210,
line-c-r00492,line-c,line-c-e09,33.1996482,-116.1521011,180.0,line-c-e10,33.1998076,-116.1519115,180.0,line-c-e17,33.2009234,-116.1505844,180.0,line-c-e18,33.2010827,-116.1503948,180.0,2026-08-19T15:38:24Z,dipole-dipole,7,8,1.673,478.2,183.537,8.032,0.00431,0.00104,0.00656;0.00640;0.00594;0.00516;0.00466;0.00397;0.00357;0.00287;0.00208;0.00150,
line-c-r00493,line-c,line-c-e09,33.1996482,-116.1521011,180.0,line-c-e10,33.1998076,-116.1519115,180.0,line-c-e17,33.2009234,-116.1505844,180.0,line-c-e18,33.2010827,-116.1503948,180.0,2026-08-19T15:38:36Z,dipole-dipole,7,4,1.398,572.3,189.331,7.240,0.00764,0.00122,0.01241;0.01192;0.01155;0.00963;0.00843;0.00736;0.00617;0.00494;0.00397;0.00233,
line-c-r00494,line-c,line-c-e09,33.1996482,-116.1521011,180.0,line-c-e10,33.1998076,-116.1519115,180.0,line-c-e17,33.2009234,-116.1505844,180.0,line-c-e18,33.2010827,-116.1503948,180.0,2026-08-19T15:38:48Z,dipole-dipole,7,3,0.919,870.3,185.609,7.624,0.00559,0.00110,0.00923;0.00824;0.00783;0.00685;0.00544;0.00561;0.00447;0.00347;0.00268;0.00201,
line-c-r00495,line-c,line-c-e09,33.1996482,-116.1521011,180.0,line-c-e10,33.1998076,-116.1519115,180.0,line-c-e17,33.2009234,-116.1505844,180.0,line-c-e18,33.2010827,-116.1503948,180.0,2026-08-19T15:39:00Z,dipole-dipole,7,3,1.173,682.0,184.779,6.972,0.00468,0.00114,0.00760;0.00702;0.00717;0.00556;0.00521;0.00440;0.00365;0.00269;0.00218;0.00171,
line-c-r00496,line-c,line-c-e09,33.1996482,-116.1521011,180.0,line-c-e10,33.1998076,-116.1519115,180.0,line-c-e18,33.2010827,-116.1503948,180.0,line-c-e19,33.2012421,-116.1502052,180.0,2026-08-19T15:39:12Z,dipole-dipole,8,6,0.896,892.4,184.475,6.425,0.00542,0.00073,0.00846;0.00801;0.00719;0.00646;0.00641;0.00528;0.00378;0.00316;0.00245;0.00180,
line-c-r00497,line-c,line-c-e09,33.1996482,-116.1521011,180.0,line-c-e10,33.1998076,-116.1519115,180.0,line-c-e18,33.2010827,-116.1503948,180.0,line-c-e19,33.2012421,-116.1502052,180.0,2026-08-19T15:39:24Z,dipole-dipole,8,7,1.169,684.5,205.802,6.832,0.00804,0.00139,0.01142;0.01142;0.01143;0.01028;0.00829;0.00697;0.00616;0.00495;0.00425;0.00275,
line-c-r00498,line-c,line-c-e09,33.1996482,-116.1521011,180.0,line-c-e10,33.1998076,-116.1519115,180.0,line-c-e18,33.2010827,-116.1503948,180.0,line-c-e19,33.2012421,-116.1502052,180.0,2026-08-19T15:39:36Z,dipole-dipole,8,8,0.904,885.3,191.487,6.798,0.00656,0.00096,0.01055;0.01025;0.00766;0.00893;0.00805;0.00578;0.00541;0.00392;0.00291;0.00222,
line-c-r00499,line-c,line-c-e09,33.1996482,-116.1521011,180.0,line-c-e10,33.1998076,-116.1519115,180.0,line-c-e18,33.2010827,-116.1503948,180.0,line-c-e19,33.2012421,-116.1502052,180.0,2026-08-19T15:39:48Z,dipole-dipole,8,7,1.515,528.2,181.382,9.435,0.00841,0.00103,0.01440;0.01231;0.01186;0.01155;0.00988;0.00841;0.00599;0.00464;0.00409;0.00305,
line-c-r00500,line-c,line-c-e09,33.1996482,-116.1521011,180.0,line-c-e10,33.1998076,-116.1519115,180.0,line-c-e18,33.2010827,-116.1503948,180.0,line-c-e19,33.2012421,-116.1502052,180.0,2026-08-19T15:40:00Z,dipole-dipole,8,3,1.223,654.3,193.018,5.936,0.00471,0.00093,0.00722;0.00745;0.00653;0.00530;0.00550;0.00389;0.00365;0.00273;0.00263;0.00189,
line-c-r00501,line-c,line-c-e09,33.1996482,-116.1521011,180.0,line-c-e10,33.1998076,-116.1519115,180.0,line-c-e18,33.2010827,-116.1503948,180.0,line-c-e19,33.2012421,-116.1502052,180.0,2026-08-19T15:40:12Z,dipole-dipole,8,6,1.152,694.6,180.359,7.860,0.00551,0.00099,0.00913;0.00855;0.00799;0.00710;0.00571;0.00529;0.00440;0.00346;0.00231;0.00199,
line-c-r00502,line-c,line-c-e09,33.1996482,-116.1521011,180.0,line-c-e10,33.1998076,-116.1519115,180.0,line-c-e18,33.2010827,-116.1503948,180.0,line-c-e19,33.2012421,-116.1502052,180.0,2026-08-19T15:40:24Z,dipole-dipole,8,3,0.973,822.0,184.019,8.631,0.00648,0.00109,0.00950;0.01006;0.00926;0.00839;0.00714;0.00617;0.00506;0.00432;0.00348;0.00263,
line-c-r00503,line-c,line-c-e10,33.1998076,-116.1519115,180.0,line-c-e11,33.1999670,-116.1517219,180.0,line-c-e12,33.2001264,-116.1515323,180.0,line-c-e13,33.2002858,-116.1513427,180.0,2026-08-19T15:40:36Z,dipole-dipole,1,7,0.805,993.9,205.841,5.528,0.00583,0.00108,0.00909;0.00847;0.00776;0.00767;0.00561;0.00569;0.00438;0.00339;0.00268;0.00216,
line-c-r00504,line-c,line-c-e10,33.1998076,-116.1519115,180.0,line-c-e11,33.1999670,-116.1517219,180.0,line-c-e12,33.2001264,-116.1515323,180.0,line-c-e13,33.2002858,-116.1513427,180.0,2026-08-19T15:40:48Z,dipole-dipole,1,5,1.047,764.3,211.971,9.093,0.00492,0.00084,0.00769;0.00757;0.00634;0.00505;0.00504;0.00451;0.00386;0.00309;0.00212;0.00158,
line-c-r00505,line-c,line-c-e10,33.1998076,-116.1519115,180.0,line-c-e11,33.1999670,-116.1517219,180.0,line-c-e12,33.2001264,-116.1515323,180.0,line-c-e13,33.2002858,-116.1513427,180.0,2026-08-19T15:41:00Z,dipole-dipole,1,6,0.769,1040.5,209.534,7.218,0.00462,0.00109,0.00765;0.00714;0.00619;0.00511;0.00544;0.00443;0.00337;0.00296;0.00224;0.00160,
line-c-r00506,line-c,line-c-e10,33.1998076,-116.1519115,180.0,line-c-e11,33.1999670,-116.1517219,180.0,line-c-e12,33.2001264,-116.1515323,180.0,line-c-e13,33.2002858,-116.1513427,180.0,2026-08-19T15:41:12Z,dipole-dipole,1,4,0.740,1081.6,205.925,6.604,0.00496,0.00082,0.00768;0.00704;0.00710;0.00668;0.00570;0.00454;0.00377;0.00331;0.00258;0.00188,
line-c-r00507,line-c,line-c-e10,33.1998076,-116.1519115,180.0,line-c-e11,33.1999670,-116.1517219,180.0,line-c-e12,33.2001264,-116.1515323,180.0,line-c-e13,33.2002858,-116.1513427,180.0,2026-08-19T15:41:24Z,dipole-dipole,1,4,1.032,775.2,210.156,7.955,0.00425,0.00118,0.00647;0.00598;0.00602;0.00535;0.00492;0.00426;0.00347;0.00269;0.00212;0.00147,
line-c-r00508,line-c,line-c-e10,33.1998076,-116.1519115,180.0,line-c-e11,33.1999670,-116.1517219,180.0,line-c-e12,33.2001264,-116.1515323,180.0,line-c-e13,33.2002858,-116.1513427,180.0,2026-08-19T15:41:36Z,dipole-dipole,1,5,0.920,869.5,218.433,6.443,0.00627,0.00125,0.00957;0.00950;0.00835;0.00795;0.00674;0.00649;0.00553;0.00403;0.00337;0.00211,
line-c-r00509,line-c,line-c-e10,33.1998076,-116.1519115,180.0,line-c-e11,33.1999670,-116.1517219,180.0,line-c-e13,33.2002858,-116.1513427,180.0,line-c-e14,33.2004452,-116.1511532,180.0,2026-08-19T15:41:48Z,dipole-dipole,2,7,0.805,993.9,198.983,6.036,0.00465,0.00109,0.00722;0.00722;0.00644;0.00563;0.00524;0.00449;0.00335;0.00286;0.00235;0.00174,
line-c-r00510,line-c,line-c-e10,33.1998076,-116.1519115,180.0,line-c-e11,33.1999670,-116.1517219,180.0,line-c-e13,33.2002858,-116.1513427,180.0,line-c-e14,33.2004452,-116.1511532,180.0,2026-08-19T15:42:00Z,dipole-dipole,2,6,0.895,894.2,203.582,7.406,0.00657,0.00125,0.01002;0.00986;0.00918;0.00829;0.00692;0.00584;0.00521;0.00421;0.00280;0.00223,
line-c-r00511,line-c,line-c-e10,33.1998076,-116.1519115,180.0,line-c-e11,33.1999670,-116.1517219,180.0,line-c-e13,33.2002858,-116.1513427,180.0,line-c-e14,33.2004452,-116.1511532,180.0,2026-08-19T15:42:12Z,dipole-dipole,2,5,0.794,1007.5,194.397,7.388,0.00402,0.00102,0.00647;0.00599;0.00551;0.00511;0.00436;0.00378;0.00363;0.00269;0.00185;0.00147,
line-c-r00512,line-c,line-c-e10,33.1998076,-116.1519115,180.0,line-c-e11,33.1999670,-116.1517219,180.0,line-c-e13,33.2002858,-116.1513427,180.0,line-c-e14,33.2004452,-116.1511532,180.0,2026-08-19T15:42:24Z,dipole-dipole,2,7,1.104,724.4,200.022,5.843,0.00515,0.00123,0.00825;0.00679;0.00670;0.00615;0.00500;0.00454;0.00386;0.00339;0.00246;0.00184,
line-c-r00513,line-c,line-c-e10,33.1998076,-116.1519115,180.0,line-c-e11,33.1999670,-116.1517219,180.0,line-c-e13,33.2002858,-116.1513427,180.0,line-c-e14,33.2004452,-116.1511532,180.0,2026-08-19T15:42:36Z,dipole-dipole,2,3,0.681,1174.6,201.753,7.830,0.00497,0.00123,0.00742;0.00801;0.00643;0.00624;0.00564;0.00465;0.00454;0.00324;0.00250;0.00165,
line-c-r00514,line-c,line-c-e10,33.1998076,-116.1519115,180.0,line-c-e11,33.1999670,-116.1517219,180.0,line-c-e13,33.2002858,-116.1513427,180.0,line-c-e14,33.2004452,-116.1511532,180.0,2026-08-19T15:42:48Z,dipole-dipole,2,3,0.844,948.0,198.708,7.470,0.00706,0.00101,0.01043;0.01091;0.00924;0.00845;0.00819;0.00661;0.00526;0.00412;0.00331;0.00250,
line-c-r00515,line-c,line-c-e10,33.1998076,-116.1519115,180.0,line-c-e11,33.1999670,-116.1517219,180.0,line-c-e13,33.2002858,-116.1513427,180.0,line-c-e14,33.2004452,-116.1511532,180.0,2026-08-19T15:43:00Z,dipole-dipole,2,6,0.915,874.4,187.924,7.217,0.00478,0.00086,0.00638;0.00709;0.00659;0.00575;0.00556;0.00435;0.00357;0.00265;0.00236;0.00162,
line-c-r00516,line-c,line-c-e10,33.1998076,-116.1519115,180.0,line-c-e11,33.1999670,-116.1517219,180.0,line-c-e13,33.2002858,-116.1513427,180.0,line-c-e14,33.2004452,-116.1511532,180.0,2026-08-19T15:43:12Z,dipole-dipole,2,5,0.908,881.4,195.727,5.986,0.00388,0.00084,0.00633;0.00583;0.00549;0.00554;0.00402;0.00353;0.00283;0.00247;0.00185;0.00144,
line-c-r00517,line-c,line-c-e10,33.1998076,-116.1519115,180.0,line-c-e11,33.1999670,-116.1517219,180.0,line-c-e14,33.2004452,-116.1511532,180.0,line-c-e15,33.2006046,-116.1509636,180.0,2026-08-19T15:43:24Z,dipole-dipole,3,6,0.860,930.3,193.967,8.347,0.00353,0.00150,0.00545;0.00526;0.00456;0.00447;0.00422;0.00306;0.00291;0.00215;0.00175;0.00122,
line-c-r00518,line-c,line-c-e10,33.1998076,-116.1519115,180.0,line-c-e11,33.1999670,-116.1517219,180.0,line-c-e14,33.2004452,-116.1511532,180.0,line-c-e15,33.2006046,-116.1509636,180.0,2026-08-19T15:43:36Z,dipole-dipole,3,6,0.912,876.8,197.038,7.317,0.00556,0.00130,0.00937;0.00835;0.00825;0.00669;0.00629;0.00539;0.00397;0.00353;0.00270;0.00193,
line-c-r00519,line-c,line-c-e10,33.1998076,-116.1519115,180.0,line-c-e11,33.1999670,-116.1517219,180.0,line-c-e14,33.2004452,-116.1511532,180.0,line-c-e15,33.2006046,-116.1509636,180.0,2026-08-19T15:43:48Z,dipole-dipole,3,8,1.055,757.9,198.523,6.321,0.00510,0.00122,0.00791;0.00858;0.00657;0.00645;0.00504;0.00495;0.00426;0.00328;0.00228;0.00203,
line-c-r00520,line-c,line-c-e10,33.1998076,-116.1519115,180.0,line-c-e11,33.1999670,-116.1517219,180.0,line-c-e14,33.2004452,-116.1511532,180.0,line-c-e15,33.2006046,-116.1509636,180.0,2026-08-19T15:44:00Z,dipole-dipole,3,6,0.839,953.8,212.755,9.555,0.00511,0.00094,0.00793;0.00679;0.00751;0.00680;0.00591;0.00474;0.00422;0.00312;0.00250;0.00187,
line-c-r00521,line-c,line-c-e10,33.1998076,-116.1519115,180.0,line-c-e11,33.1999670,-116.1517219,180.0,line-c-e14,33.2004452,-116.1511532,180.0,line-c-e15,33.2006046,-116.1509636,180.0,2026-08-19T15:44:12Z,dipole-dipole,3,3,0.807,991.7,196.814,8.454,0.00478,0.00079,0.00800;0.00679;0.00604;0.00595;0.00503;0.00461;0.00391;0.00284;0.00239;0.00178,
line-c-r00522,line-c,line-c-e10,33.1998076,-116.1519115,180.0,line-c-e11,33.1999670,-116.1517219,180.0,line-c-e14,33.2004452,-116.1511532,180.0,line-c-e15,33.2006046,-116.1509636,180.0,2026-08-19T15:44:24Z,dipole-dipole,3,8,1.028,778.4,201.760,5.411,0.00506,0.00103,0.00761;0.00680;0.00622;0.00626;0.00580;0.00501;0.00414;0.00314;0.00232;0.00185,
line-c-r00523,line-c,line-c-e10,33.1998076,-116.1519115,180.0,line-c-e11,33.1999670,-116.1517219,180.0,line-c-e15,33.2006046,-116.1509636,180.0,line-c-e16,33.2007640,-116.1507740,180.0,2026-08-19T15:44:36Z,dipole-dipole,4,4,0.816,981.0,210.900,8.313,0.00533,0.00117,0.00823;0.00740;0.00746;0.00660;0.00540;0.00488;0.00441;0.00341;0.00255;0.00189,
line-c-r00524,line-c,line-c-e10,33.1998076,-116.1519115,180.0,line-c-e11,33.1999670,-116.1517219,180.0,line-c-e15,33.2006046,-116.1509636,180.0,line-c-e16,33.2007640,-116.1507740,180.0,2026-08-19T15:44:48Z,dipole-dipole,4,3,0.998,801.4,193.642,8.199,0.00666,0.00110,0.01147;0.00953;0.00951;0.00881;0.00692;0.00656;0.00518;0.00401;0.00328;0.00217,
line-c-r00525,line-c,line-c-e10,33.1998076,-116.1519115,180.0,line-c-e11,33.1999670,-116.1517219,180.0,line-c-e15,33.2006046,-116.1509636,180.0,line-c-e16,33.2007640,-116.1507740,180.0,2026-08-19T15:45:00Z,dipole-dipole,4,6,0.712,1123.4,205.863,9.273,0.00251,0.00108,0.00423;0.00355;0.00303;0.00319;0.00255;0.00234;0.00191;0.00159;0.00128;0.00094,
line-c-r00526,line-c,line-c-e10,33.1998076,-116.1519115,180.0,line-c-e11,33.1999670,-116.1517219,180.0,line-c-e15,33.2006046,-116.1509636,180.0,line-c-e16,33.2007640,-116.1507740,180.0,2026-08-19T15:45:12Z,dipole-dipole,4,3,0.885,903.7,-234.039,7.793,0.00398,0.00113,0.00617;0.00553;0.00517;0.00464;0.00427;0.00397;0.00338;0.00257;0.00183;0.00139,
line-c-r00527,line-c,line-c-e10,33.1998076,-116.1519115,180.0,line-c-e11,33.1999670,-116.1517219,180.0,line-c-e15,33.2006046,-116.1509636,180.0,line-c-e16,33.2007640,-116.1507740,180.0,2026-08-19T15:45:24Z,dipole-dipole,4,8,0.782,1023.7,201.221,7.005,0.00463,0.00115,0.00726;0.00726;0.00678;0.00538;0.00508;0.00408;0.00386;0.00282;0.00194;0.00154,
line-c-r00528,line-c,line-c-e10,33.1998076,-116.1519115,180.0,line-c-e11,33.1999670,-116.1517219,180.0,line-c-e15,33.2006046,-116.1509636,180.0,line-c-e16,33.2007640,-116.1507740,180.0,2026-08-19T15:45:36Z,dipole-dipole,4,8,0.868,921.3,200.995,6.865,0.00351,0.00110,0.00526;0.00525;0.00458;0.00424;0.00386;0.00300;0.00288;0.00218;0.00171;0.00114,
line-c-r00529,line-c,line-c-e10,33.1998076,-116.1519115,180.0,line-c-e11,33.1999670,-116.1517219,180.0,line-c-e15,33.2006046,-116.1509636,180.0,line-c-e16,33.2007640,-116.1507740,180.0,2026-08-19T15:45:48Z,dipole-dipole,4,6,0.912,876.9,212.771,6.432,0.00534,0.00089,0.00850;0.00765;0.00748;0.00637;0.00595;0.00518;0.00483;0.00373;0.00277;0.00191,
line-c-r00530,line-c,line-c-e10,33.1998076,-116.1519115,180.0,line-c-e11,33.1999670,-116.1517219,180.0,line-c-e15,33.2006046,-116.1509636,180.0,line-c-e16,33.2007640,-116.1507740,180.0,2026-08-19T15:46:00Z,dipole-dipole,4,8,1.018,785.7,199.694,6.728,0.00535,0.00120,0.00835;0.00787;0.00695;0.00682;0.00569;0.00546;0.00425;0.00339;0.00282;0.00181,
line-c-r00531,line-c,line-c-e10,33.1998076,-116.1519115,180.0,line-c-e11,33.1999670,-116.1517219,180.0,line-c-e16,33.2007640,-116.1507740,180.0,line-c-e17,33.2009234,-116.1505844,180.0,2026-08-19T15:46:12Z,dipole-dipole,5,7,0.667,1199.2,209.202,5.187,0.00579,0.00100,0.00951;0.00866;0.00722;0.00784;0.00662;0.00582;0.00445;0.00403;0.00275;0.00216,
line-c-r00532,line-c,line-c-e10,33.1998076,-116.1519115,180.0,line-c-e11,33.1999670,-116.1517219,180.0,line-c-e16,33.2007640,-116.1507740,180.0,line-c-e17,33.2009234,-116.1505844,180.0,2026-08-19T15:46:24Z,dipole-dipole,5,5,0.827,967.1,188.643,7.815,0.00509,0.00076,0.00690;0.00772;0.00679;0.00636;0.00564;0.00447;0.00423;0.00298;0.00243;0.00161,
line-c-r00533,line-c,line-c-e10,33.1998076,-116.1519115,180.0,line-c-e11,33.1999670,-116.1517219,180.0,line-c-e16,33.2007640,-116.1507740,180.0,line-c-e17,33.2009234,-116.1505844,180.0,2026-08-19T15:46:36Z,dipole-dipole,5,4,0.994,804.5,201.377,7.222,0.00594,0.00107,0.00871;0.00896;0.00814;0.00683;0.00654;0.00566;0.00475;0.00373;0.00309;0.00213,
line-c-r00534,line-c,line-c-e10,33.1998076,-116.1519115,180.0,line-c-e11,33.1999670,-116.1517219,180.0,line-c-e16,33.2007640,-116.1507740,180.0,line-c-e17,33.2009234,-116.1505844,180.0,2026-08-19T15:46:48Z,dipole-dipole,5,7,0.832,961.1,191.610,7.570,0.00482,0.00096,0.00739;0.00673;0.00697;0.00549;0.00481;0.00433;0.00345;0.00273;0.00221;0.00175,
line-c-r00535,line-c,line-c-e10,33.1998076,-116.1519115,180.0,line-c-e11,33.1999670,-116.1517219,180.0,line-c-e16,33.2007640,-116.1507740,180.0,line-c-e17,33.2009234,-116.1505844,180.0,2026-08-19T15:47:00Z,dipole-dipole,5,4,0.990,807.9,199.467,7.215,0.00374,0.00077,0.00646;0.00584;0.00542;0.00476;0.00408;0.00338;0.00295;0.00243;0.00174;0.00143,
line-c-r00536,line-c,line-c-e10,33.1998076,-116.1519115,180.0,line-c-e11,33.1999670,-116.1517219,180.0,line-c-e16,33.2007640,-116.1507740,180.0,line-c-e17,33.2009234,-116.1505844,180.0,2026-08-19T15:47:12Z,dipole-dipole,5,4,0.755,1059.6,195.258,7.880,0.00355,0.00111,0.00521;0.00464;0.00444;0.00441;0.00403;0.00300;0.00254;0.00229;0.00181;0.00133,
line-c-r00537,line-c,line-c-e10,33.1998076,-116.1519115,180.0,line-c-e11,33.1999670,-116.1517219,180.0,line-c-e16,33.2007640,-116.1507740,180.0,line-c-e17,33.2009234,-116.1505844,180.0,2026-08-19T15:47:24Z,dipole-dipole,5,5,0.860,930.2,194.313,7.353,0.00642,0.00104,0.01005;0.00945;0.00891;0.00780;0.00670;0.00675;0.00499;0.00438;0.00349;0.00228,
line-c-r00538,line-c,line-c-e10,33.1998076,-116.1519115,180.0,line-c-e11,33.1999670,-116.1517219,180.0,line-c-e16,33.2007640,-116.1507740,180.0,line-c-e17,33.2009234,-116.1505844,180.0,2026-08-19T15:47:36Z,dipole-dipole,5,3,0.741,1080.0,193.586,6.111,0.00573,0.00115,0.00952;0.00806;0.00844;0.00688;0.00593;0.00588;0.00498;0.00360;0.00279;0.00197,
line-c-r00539,line-c,line-c-e10,33.1998076,-116.1519115,180.0,line-c-e11,33.1999670,-116.1517219,180.0,line-c-e17,33.2009234,-116.1505844,180.0,line-c-e18,33.2010827,-116.1503948,180.0,2026-08-19T15:47:48Z,dipole-dipole,6,6,1.021,783.5,207.813,6.597,0.00619,0.00148,0.00907;0.00880;0.00849;0.00765;0.00642;0.00592;0.00495;0.00402;0.00290;0.00212,
line-c-r00540,line-c,line-c-e10,33.1998076,-116.1519115,180.0,line-c-e11,33.1999670,-116.1517219,180.0,line-c-e17,33.2009234,-116.1505844,180.0,line-c-e18,33.2010827,-116.1503948,180.0,2026-08-19T15:48:00Z,dipole-dipole,6,7,1.136,704.1,194.858,5.315,0.00434,0.00085,0.00658;0.00630;0.00550;0.00579;0.00513;0.00431;0.00356;0.00276;0.00207;0.00164,
line-c-r00541,line-c,line-c-e10,33.1998076,-116.1519115,180.0,line-c-e11,33.1999670,-116.1517219,180.0,line-c-e17,33.2009234,-116.1505844,180.0,line-c-e18,33.2010827,-116.1503948,180.0,2026-08-19T15:48:12Z,dipole-dipole,6,8,0.703,1138.0,202.126,6.858,0.00694,0.00101,0.01030;0.01011;0.00956;0.00872;0.00820;0.00627;0.00584;0.00418;0.00338;0.00220,
line-c-r00542,line-c,line-c-e10,33.1998076,-116.1519115,180.0,line-c-e11,33.1999670,-116.1517219,180.0,line-c-e17,33.2009234,-116.1505844,180.0,line-c-e18,33.2010827,-116.1503948,180.0,2026-08-19T15:48:24Z,dipole-dipole,6,5,0.884,905.4,192.730,5.655,0.00446,0.00141,0.00715;0.00657;0.00690;0.00588;0.00488;0.00374;0.00296;0.00276;0.00211;0.00138,
line-c-r00543,line-c,line-c-e10,33.1998076,-116.1519115,180.0,line-c-e11,33.1999670,-116.1517219,180.0,line-c-e17,33.2009234,-116.1505844,180.0,line-c-e18,33.2010827,-116.1503948,180.0,2026-08-19T15:48:36Z,dipole-dipole,6,6,0.756,1058.2,204.838,7.406,0.00541,0.00089,0.00862;0.00828;0.00756;0.00691;0.00573;0.00541;0.00406;0.00342;0.00272;0.00187,
line-c-r00544,line-c,line-c-e10,33.1998076,-116.1519115,180.0,line-c-e11,33.1999670,-116.1517219,180.0,line-c-e17,33.2009234,-116.1505844,180.0,line-c-e18,33.2010827,-116.1503948,180.0,2026-08-19T15:48:48Z,dipole-dipole,6,4,0.888,900.9,204.706,7.887,0.00483,0.00120,0.00744;0.00714;0.00684;0.00586;0.00577;0.00463;0.00379;0.00314;0.00251;0.00175,
line-c-r00545,line-c,line-c-e10,33.1998076,-116.1519115,180.0,line-c-e11,33.1999670,-116.1517219,180.0,line-c-e17,33.2009234,-116.1505844,180.0,line-c-e18,33.2010827,-116.1503948,180.0,2026-08-19T15:49:00Z,dipole-dipole,6,4,1.140,701.8,197.016,8.354,0.00441,0.00115,0.00692;0.00621;0.00637;0.00512;0.00508;0.00398;0.00369;0.00308;0.00215;0.00149,
line-c-r00546,line-c,line-c-e10,33.1998076,-116.1519115,180.0,line-c-e11,33.1999670,-116.1517219,180.0,line-c-e17,33.2009234,-116.1505844,180.0,line-c-e18,33.2010827,-116.1503948,180.0,2026-08-19T15:49:12Z,dipole-dipole,6,8,0.683,1171.6,195.325,6.791,0.00687,0.00165,0.01060;0.01070;0.00998;0.00782;0.00800;0.00704;0.00566;0.00425;0.00327;0.00240,
line-c-r00547,line-c,line-c-e10,33.1998076,-116.1519115,180.0,line-c-e11,33.1999670,-116.1517219,180.0,line-c-e18,33.2010827,-116.1503948,180.0,line-c-e19,33.2012421,-116.1502052,180.0,2026-08-19T15:49:24Z,dipole-dipole,7,3,0.872,917.8,203.362,7.498,0.00626,0.00109,0.00917;0.00970;0.00834;0.00802;0.00696;0.00599;0.00438;0.00402;0.00294;0.00209,
line-c-r00548,line-c,line-c-e10,33.1998076,-116.1519115,180.0,line-c-e11,33.1999670,-116.1517219,180.0,line-c-e18,33.2010827,-116.1503948,180.0,line-c-e19,33.2012421,-116.1502052,180.0,2026-08-19T15:49:36Z,dipole-dipole,7,6,0.712,1123.2,191.315,8.462,0.00738,0.00132,0.01131;0.01198;0.01017;0.01011;0.00766;0.00764;0.00626;0.00427;0.00356;0.00249,
line-c-r00549,line-c,line-c-e10,33.1998076,-116.1519115,180.0,line-c-e11,33.1999670,-116.1517219,180.0,line-c-e18,33.2010827,-116.1503948,180.0,line-c-e19,33.2012421,-116.1502052,180.0,2026-08-19T15:49:48Z,dipole-dipole,7,6,0.921,868.5,206.298,7.949,0.00519,0.00085,0.00807;0.00795;0.00720;0.00649;0.00588;0.00511;0.00428;0.00290;0.00252;0.00191,
line-c-r00550,line-c,line-c-e10,33.1998076,-116.1519115,180.0,line-c-e11,33.1999670,-116.1517219,180.0,line-c-e18,33.2010827,-116.1503948,180.0,line-c-e19,33.2012421,-116.1502052,180.0,2026-08-19T15:50:00Z,dipole-dipole,7,3,0.858,931.9,183.191,8.345,0.00554,0.00119,0.00953;0.00848;0.00726;0.00705;0.00562;0.00495;0.00408;0.00364;0.00236;0.00202,
line-c-r00551,line-c,line-c-e10,33.1998076,-116.1519115,180.0,line-c-e11,33.1999670,-116.1517219,180.0,line-c-e18,33.2010827,-116.1503948,180.0,line-c-e19,33.2012421,-116.1502052,180.0,2026-08-19T15:50:12Z,dipole-dipole,7,8,1.008,793.6,193.232,5.795,0.00545,0.00096,0.00910;0.00841;0.00740;0.00669;0.00659;0.00514;0.00416;0.00317;0.00296;0.00218,
line-c-r00552,line-c,line-c-e10,33.1998076,-116.1519115,180.0,line-c-e11,33.1999670,-116.1517219,180.0,line-c-e18,33.2010827,-116.1503948,180.0,line-c-e19,33.2012421,-116.1502052,180.0,2026-08-19T15:50:24Z,dipole-dipole,7,4,0.848,942.9,191.006,7.144,0.00389,0.00105,0.00603;0.00633;0.00509;0.00493;0.00408;0.00354;0.00317;0.00239;0.00185;0.00136,
line-c-r00553,line-c,line-c-e10,33.1998076,-116.1519115,180.0,line-c-e11,33.1999670,-116.1517219,180.0,line-c-e19,33.2012421,-116.1502052,180.0,line-c-e20,33.2014015,-116.1500156,180.0,2026-08-19T15:50:36Z,dipole-dipole,8,5,0.844,948.1,184.803,8.681,0.00543,0.00106,0.00830;0.00751;0.00792;0.00698;0.00594;0.00499;0.00444;0.00358;0.00240;0.00196,
line-c-r00554,line-c,line-c-e10,33.1998076,-116.1519115,180.0,line-c-e11,33.1999670,-116.1517219,180.0,line-c-e19,33.2012421,-116.1502052,180.0,line-c-e20,33.2014015,-116.1500156,180.0,2026-08-19T15:50:48Z,dipole-dipole,8,3,0.963,830.5,184.803,8.621,0.00543,0.00128,0.00830;0.00751;0.00792;0.00698;0.00594;0.00499;0.00444;0.00358;0.00240;0.00196,
line-c-r00555,line-c,line-c-e10,33.1998076,-116.1519115,180.0,line-c-e11,33.1999670,-116.1517219,180.0,line-c-e19,33.2012421,-116.1502052,180.0,line-c-e20,33.2014015,-116.1500156,180.0,2026-08-19T15:51:00Z,dipole-dipole,8,4,0.950,842.5,184.803,7.330,0.00543,0.00144,0.00830;0.00751;0.00792;0.00698;0.00594;0.00499;0.00444;0.00358;0.00240;0.00196,
line-c-r00556,line-c,line-c-e10,33.1998076,-116.1519115,180.0,line-c-e11,33.1999670,-116.1517219,180.0,line-c-e19,33.2012421,-116.1502052,180.0,line-c-e20,33.2014015,-116.1500156,180.0,2026-08-19T15:51:12Z,dipole-dipole,8,5,0.917,872.1,184.803,5.575,0.00543,0.00100,0.00830;0.00751;0.00792;0.00698;0.00594;0.00499;0.00444;0.00358;0.00240;0.00196,
line-c-r00557,line-c,line-c-e10,33.1998076,-116.1519115,180.0,line-c-e11,33.1999670,-116.1517219,180.0,line-c-e19,33.2012421,-116.1502052,180.0,line-c-e20,33.2014015,-116.1500156,180.0,2026-08-19T15:51:24Z,dipole-dipole,8,8,0.671,1192.9,184.803,7.334,0.00543,0.00097,0.00830;0.00751;0.00792;0.00698;0.00594;0.00499;0.00444;0.00358;0.00240;0.00196,
line-c-r00558,line-c,line-c-e10,33.1998076,-116.1519115,180.0,line-c-e11,33.1999670,-116.1517219,180.0,line-c-e19,33.2012421,-116.1502052,180.0,line-c-e20,33.2014015,-116.1500156,180.0,2026-08-19T15:51:36Z,dipole-dipole,8,7,1.206,663.6,184.803,5.205,0.00543,0.00132,0.00830;0.00751;0.00792;0.00698;0.00594;0.00499;0.00444;0.00358;0.00240;0.00196,
line-c-r00559,line-c,line-c-e10,33.1998076,-116.1519115,180.0,line-c-e11,33.1999670,-116.1517219,180.0,line-c-e19,33.2012421,-116.1502052,180.0,line-c-e20,33.2014015,-116.1500156,180.0,2026-08-19T15:51:48Z,dipole-dipole,8,3,0.752,1063.5,184.803,7.004,0.00543,0.00124,0.00830;0.00751;0.00792;0.00698;0.00594;0.00499;0.00444;0.00358;0.00240;0.00196,
line-c-r00560,line-c,line-c-e11,33.1999670,-116.1517219,180.0,line-c-e12,33.2001264,-116.1515323,180.0,line-c-e13,33.2002858,-116.1513427,180.0,line-c-e14,33.2004452,-116.1511532,180.0,2026-08-19T15:52:00Z,dipole-dipole,1,4,0.819,976.4,204.009,8.054,0.00647,0.00134,0.01068;0.00923;0.00905;0.00830;0.00713;0.00536;0.00545;0.00423;0.00287;0.00212,
line-c-r00561,line-c,line-c-e11,33.1999670,-116.1517219,180.0,line-c-e12,33.2001264,-116.1515323,180.0,line-c-e13,33.2002858,-116.1513427,180.0,line-c-e14,33.2004452,-116.1511532,180.0,2026-08-19T15:52:12Z,dipole-dipole,1,5,0.869,920.2,203.043,6.725,0.00665,0.00092,0.01071;0.01072;0.01021;0.00880;0.00750;0.00611;0.00538;0.00479;0.00321;0.00247,
line-c-r00562,line-c,line-c-e11,33.1999670,-116.1517219,180.0,line-c-e12,33.2001264,-116.1515323,180.0,line-c-e13,33.2002858,-116.1513427,180.0,line-c-e14,33.2004452,-116.1511532,180.0,2026-08-19T15:52:24Z,dipole-dipole,1,3,0.816,980.1,216.089,11.240,0.00628,0.00117,0.01091;0.00915;0.00833;0.00858;0.00701;0.00559;0.00536;0.00368;0.00327;0.00204,
line-c-r00563,line-c,line-c-e11,33.1999670,-116.1517219,180.0,line-c-e12,33.2001264,-116.1515323,180.0,line-c-e13,33.2002858,-116.1513427,180.0,line-c-e14,33.2004452,-116.1511532,180.0,2026-08-19T15:52:36Z,dipole-dipole,1,8,0.902,886.6,186.265,333.399,0.00499,0.00124,0.00780;0.00769;0.00642;0.00596;0.00597;0.00454;0.00447;0.00303;0.00264;0.00172,
line-c-r00564,line-c,line-c-e11,33.1999670,-116.1517219,180.0,line-c-e12,33.2001264,-116.1515323,180.0,line-c-e13,33.2002858,-116.1513427,180.0,line-c-e14,33.2004452,-116.1511532,180.0,2026-08-19T15:52:48Z,dipole-dipole,1,4,1.196,669.1,195.982,8.528,0.00558,0.00113,0.00859;0.00806;0.00812;0.00689;0.00602;0.00528;0.00463;0.00349;0.00247;0.00203,
line-c-r00565,line-c,line-c-e11,33.1999670,-116.1517219,180.0,line-c-e12,33.2001264,-116.1515323,180.0,line-c-e13,33.2002858,-116.1513427,180.0,line-c-e14,33.2004452,-116.1511532,180.0,2026-08-19T15:53:00Z,dipole-dipole,1,7,0.903,885.7,204.498,6.862,0.00550,0.00107,0.00866;0.00946;0.00824;0.00640;0.00609;0.00487;0.00436;0.00350;0.00274;0.00205,
line-c-r00566,line-c,line-c-e11,33.1999670,-116.1517219,180.0,line-c-e12,33.2001264,-116.1515323,180.0,line-c-e13,33.2002858,-116.1513427,180.0,line-c-e14,33.2004452,-116.1511532,180.0,2026-08-19T15:53:12Z,dipole-dipole,1,8,0.876,912.9,218.452,6.416,0.00732,0.00093,0.01155;0.01088;0.00989;0.00870;0.00779;0.00694;0.00565;0.00507;0.00367;0.00240,
line-c-r00567,line-c,line-c-e11,33.1999670,-116.1517219,180.0,line-c-e12,33.2001264,-116.1515323,180.0,line-c-e14,33.2004452,-116.1511532,180.0,line-c-e15,33.2006046,-116.1509636,180.0,2026-08-19T15:53:24Z,dipole-dipole,2,8,1.019,785.0,198.604,6.950,0.00526,0.00103,0.00827;0.00793;0.00711;0.00580;0.00540;0.00519;0.00412;0.00318;0.00269;0.00214,
line-c-r00568,line-c,line-c-e11,33.1999670,-116.1517219,180.0,line-c-e12,33.2001264,-116.1515323,180.0,line-c-e14,33.2004452,-116.1511532,180.0,line-c-e15,33.2006046,-116.1509636,180.0,2026-08-19T15:53:36Z,dipole-dipole,2,8,0.838,954.2,198.013,8.546,0.00509,0.00090,0.00816;0.00783;0.00706;0.00644;0.00502;0.00500;0.00401;0.00321;0.00268;0.00175,
line-c-r00569,line-c,line-c-e11,33.1999670,-116.1517219,180.0,line-c-e12,33.2001264,-116.1515323,180.0,line-c-e14,33.2004452,-116.1511532,180.0,line-c-e15,33.2006046,-116.1509636,180.0,2026-08-19T15:53:48Z,dipole-dipole,2,6,1.045,765.6,205.168,7.100,0.00434,0.00097,0.00792;0.00619;0.00532;0.00535;0.00481;0.00408;0.00350;0.00246;0.00205;0.00155,
line-c-r00570,line-c,line-c-e11,33.1999670,-116.1517219,180.0,line-c-e12,33.2001264,-116.1515323,180.0,line-c-e14,33.2004452,-116.1511532,180.0,line-c-e15,33.2006046,-116.1509636,180.0,2026-08-19T15:54:00Z,dipole-dipole,2,8,0.775,1032.7,200.664,9.361,0.00393,0.00101,0.00640;0.00673;0.00535;0.00516;0.00415;0.00389;0.00309;0.00262;0.00203;0.00145,
line-c-r00571,line-c,line-c-e11,33.1999670,-116.1517219,180.0,line-c-e12,33.2001264,-116.1515323,180.0,line-c-e14,33.2004452,-116.1511532,180.0,line-c-e15,33.2006046,-116.1509636,180.0,2026-08-19T15:54:12Z,dipole-dipole,2,7,0.826,969.1,187.115,7.415,0.00522,0.00111,0.00794;0.00762;0.00663;0.00652;0.00588;0.00524;0.00459;0.00340;0.00235;0.00204,
line-c-r00572,line-c,line-c-e11,33.1999670,-116.1517219,180.0,line-c-e12,33.2001264,-116.1515323,180.0,line-c-e14,33.2004452,-116.1511532,180.0,line-c-e15,33.2006046,-116.1509636,180.0,2026-08-19T15:54:24Z,dipole-dipole,2,4,0.892,896.4,193.945,7.631,0.00574,0.00103,0.00855;0.00845;0.00811;0.00687;0.00628;0.00558;0.00477;0.00384;0.00271;0.00201,
line-c-r00573,line-c,line-c-e11,33.1999670,-116.1517219,180.0,line-c-e12,33.2001264,-116.1515323,180.0,line-c-e14,33.2004452,-116.1511532,180.0,line-c-e15,33.2006046,-116.1509636,180.0,2026-08-19T15:54:36Z,dipole-dipole,2,4,0.882,906.8,197.978,6.866,0.00656,0.00090,0.01039;0.00943;0.00818;0.00849;0.00711;0.00578;0.00532;0.00417;0.00299;0.00227,
line-c-r00574,line-c,line-c-e11,33.1999670,-116.1517219,180.0,line-c-e12,33.2001264,-116.1515323,180.0,line-c-e15,33.2006046,-116.1509636,180.0,line-c-e16,33.2007640,-116.1507740,180.0,2026-08-19T15:54:48Z,dipole-dipole,3,8,0.790,1012.2,195.704,7.034,0.00627,0.00114,0.01000;0.00902;0.00859;0.00822;0.00783;0.00704;0.00547;0.00436;0.00337;0.00231,
line-c-r00575,line-c,line-c-e11,33.1999670,-116.1517219,180.0,line-c-e12,33.2001264,-116.1515323,180.0,line-c-e15,33.2006046,-116.1509636,180.0,line-c-e16,33.2007640,-116.1507740,180.0,2026-08-19T15:55:00Z,dipole-dipole,3,7,1.183,676.5,192.903,7.793,0.00410,0.00123,0.00702;0.00628;0.00571;0.00474;0.00470;0.00357;0.00328;0.00246;0.00229;0.00134,
line-c-r00576,line-c,line-c-e11,33.1999670,-116.1517219,180.0,line-c-e12,33.2001264,-116.1515323,180.0,line-c-e15,33.2006046,-116.1509636,180.0,line-c-e16,33.2007640,-116.1507740,180.0,2026-08-19T15:55:12Z,dipole-dipole,3,5,0.865,925.2,198.186,8.360,0.00457,0.00126,0.00721;0.00697;0.00595;0.00571;0.00462;0.00465;0.00357;0.00267;0.00232;0.00153,
line-c-r00577,line-c,line-c-e11,33.1999670,-116.1517219,180.0,line-c-e12,33.2001264,-116.1515323,180.0,line-c-e15,33.2006046,-116.1509636,180.0,line-c-e16,33.2007640,-116.1507740,180.0,2026-08-19T15:55:24Z,dipole-dipole,3,6,0.788,1015.8,192.771,7.378,0.00239,0.00113,0.00342;0.00366;0.00364;0.00295;0.00247;0.00221;0.00184;0.00141;0.00111;0.00093,
line-c-r00578,line-c,line-c-e11,33.1999670,-116.1517219,180.0,line-c-e12,33.2001264,-116.1515323,180.0,line-c-e15,33.2006046,-116.1509636,180.0,line-c-e16,33.2007640,-116.1507740,180.0,2026-08-19T15:55:36Z,dipole-dipole,3,6,0.766,1044.8,203.637,552.317,0.00601,0.00093,0.00909;0.00865;0.00776;0.00794;0.00631;0.00564;0.00479;0.00368;0.00294;0.00189,
line-c-r00579,line-c,line-c-e11,33.1999670,-116.1517219,180.0,line-c-e12,33.2001264,-116.1515323,180.0,line-c-e15,33.2006046,-116.1509636,180.0,line-c-e16,33.2007640,-116.1507740,180.0,2026-08-19T15:55:48Z,dipole-dipole,3,6,1.049,762.4,201.297,8.379,0.00419,0.00093,0.00692;0.00629;0.00592;0.00566;0.00469;0.00428;0.00333;0.00241;0.00217;0.00152,
line-c-r00580,line-c,line-c-e11,33.1999670,-116.1517219,180.0,line-c-e12,33.2001264,-116.1515323,180.0,line-c-e16,33.2007640,-116.1507740,180.0,line-c-e17,33.2009234,-116.1505844,180.0,2026-08-19T15:56:00Z,dipole-dipole,4,6,0.853,937.9,205.531,8.641,0.00464,0.00105,0.00718;0.00708;0.00650;0.00545;0.00508;0.00429;0.00368;0.00292;0.00241;0.00152,
line-c-r00581,line-c,line-c-e11,33.1999670,-116.1517219,180.0,line-c-e12,33.2001264,-116.1515323,180.0,line-c-e16,33.2007640,-116.1507740,180.0,line-c-e17,33.2009234,-116.1505844,180.0,2026-08-19T15:56:12Z,dipole-dipole,4,6,0.900,888.5,191.934,6.578,0.00716,0.00082,0.01216;0.01103;0.00895;0.00815;0.00791;0.00654;0.00586;0.00483;0.00321;0.00240,
line-c-r00582,line-c,line-c-e11,33.1999670,-116.1517219,180.0,line-c-e12,33.2001264,-116.1515323,180.0,line-c-e16,33.2007640,-116.1507740,180.0,line-c-e17,33.2009234,-116.1505844,180.0,2026-08-19T15:56:24Z,dipole-dipole,4,8,0.660,1212.8,190.623,7.104,0.00460,0.00112,0.00756;0.00685;0.00574;0.00553;0.00490;0.00409;0.00354;0.00315;0.00213;0.00150,
line-c-r00583,line-c,line-c-e11,33.1999670,-116.1517219,180.0,line-c-e12,33.2001264,-116.1515323,180.0,line-c-e16,33.2007640,-116.1507740,180.0,line-c-e17,33.2009234,-116.1505844,180.0,2026-08-19T15:56:36Z,dipole-dipole,4,8,0.797,1003.9,203.086,9.472,0.00629,0.00129,0.00251;0.00303;0.00378;0.00524;0.00559;0.00709;0.00833;0.00873;0.00996;0.00905,
line-c-r00584,line-c,line-c-e11,33.1999670,-116.1517219,180.0,line-c-e12,33.2001264,-116.1515323,180.0,line-c-e16,33.2007640,-116.1507740,180.0,line-c-e17,33.2009234,-116.1505844,180.0,2026-08-19T15:56:48Z,dipole-dipole,4,8,1.201,665.8,205.309,8.413,0.00634,0.00115,0.00995;0.00970;0.00948;0.00737;0.00631;0.00562;0.00498;0.00388;0.00312;0.00231,
line-c-r00585,line-c,line-c-e11,33.1999670,-116.1517219,180.0,line-c-e12,33.2001264,-116.1515323,180.0,line-c-e16,33.2007640,-116.1507740,180.0,line-c-e17,33.2009234,-116.1505844,180.0,2026-08-19T15:57:00Z,dipole-dipole,4,4,0.960,833.7,198.578,6.786,0.00608,0.00111,0.01040;0.00896;0.00851;0.00740;0.00673;0.00557;0.00481;0.00466;0.00324;0.00197,
line-c-r00586,line-c,line-c-e11,33.1999670,-116.1517219,180.0,line-c-e12,33.2001264,-116.1515323,180.0,line-c-e17,33.2009234,-116.1505844,180.0,line-c-e18,33.2010827,-116.1503948,180.0,2026-08-19T15:57:12Z,dipole-dipole,5,8,0.956,837.2,215.618,8.282,0.00446,0.00118,0.00717;0.00724;0.00573;0.00588;0.00461;0.00404;0.00397;0.00263;0.00243;0.00160,
line-c-r00587,line-c,line-c-e11,33.1999670,-116.1517219,180.0,line-c-e12,33.2001264,-116.1515323,180.0,line-c-e17,33.2009234,-116.1505844,180.0,line-c-e18,33.2010827,-116.1503948,180.0,2026-08-19T15:57:24Z,dipole-dipole,5,5,0.993,805.9,202.653,7.672,0.00541,0.00119,0.00815;0.00749;0.00731;0.00718;0.00587;0.00512;0.00427;0.00356;0.00250;0.00208,
line-c-r00588,line-c,line-c-e11,33.1999670,-116.1517219,180.0,line-c-e12,33.2001264,-116.1515323,180.0,line-c-e17,33.2009234,-116.1505844,180.0,line-c-e18,33.2010827,-116.1503948,180.0,2026-08-19T15:57:36Z,dipole-dipole,5,8,1.120,714.4,190.036,6.697,0.00462,0.00136,0.00685;0.00671;0.00643;0.00628;0.00527;0.00444;0.00349;0.00292;0.00238;0.00161,
line-c-r00589,line-c,line-c-e11,33.1999670,-116.1517219,180.0,line-c-e12,33.2001264,-116.1515323,180.0,line-c-e17,33.2009234,-116.1505844,180.0,line-c-e18,33.2010827,-116.1503948,180.0,2026-08-19T15:57:48Z,dipole-dipole,5,5,0.954,838.4,193.159,9.039,0.00261,0.00119,0.00444;0.00378;0.00390;0.00319;0.00262;0.00229;0.00225;0.00160;0.00121;0.00090,
line-c-r00590,line-c,line-c-e11,33.1999670,-116.1517219,180.0,line-c-e12,33.2001264,-116.1515323,180.0,line-c-e17,33.2009234,-116.1505844,180.0,line-c-e18,33.2010827,-116.1503948,180.0,2026-08-19T15:58:00Z,dipole-dipole,5,7,0.886,902.7,203.091,10.239,0.00369,0.00134,0.00590;0.00551;0.00511;0.00497;0.00452;0.00304;0.00294;0.00227;0.00176;0.00129,
line-c-r00591,line-c,line-c-e11,33.1999670,-116.1517219,180.0,line-c-e12,,,,line-c-e17,33.2009234,-116.1505844,180.0,line-c-e18,33.2010827,-116.1503948,180.0,2026-08-19T15:58:12Z,dipole-dipole,5,3,0.780,1026.0,194.633,6.746,0.00475,0.00103,0.00754;0.00700;0.00633;0.00647;0.00560;0.00464;0.00409;0.00279;0.00230;0.00170,
line-c-r00592,line-c,line-c-e11,33.1999670,-116.1517219,180.0,line-c-e12,33.2001264,-116.1515323,180.0,line-c-e17,33.2009234,-116.1505844,180.0,line-c-e18,33.2010827,-116.1503948,180.0,2026-08-19T15:58:24Z,dipole-dipole,5,4,0.731,1094.5,210.134,6.908,0.00531,0.00109,0.00860;0.00804;0.00746;0.00615;0.00623;0.00450;0.00414;0.00344;0.00258;0.00190,
line-c-r00593,line-c,line-c-e11,33.1999670,-116.1517219,180.0,line-c-e12,33.2001264,-116.1515323,180.0,line-c-e17,33.2009234,-116.1505844,180.0,line-c-e18,33.2010827,-116.1503948,180.0,2026-08-19T15:58:36Z,dipole-dipole,5,8,0.845,946.6,203.524,6.308,0.00482,0.00080,0.00745;0.00745;0.00654;0.00656;0.00514;0.00473;0.00355;0.00297;0.00240;0.00165,
line-c-r00594,line-c,line-c-e11,33.1999670,-116.1517219,180.0,line-c-e12,33.2001264,-116.1515323,180.0,line-c-e18,33.2010827,-116.1503948,180.0,line-c-e19,33.2012421,-116.1502052,180.0,2026-08-19T15:58:48Z,dipole-dipole,6,4,0.923,867.2,212.758,5.641,0.00600,0.00089,0.00987;0.00948;0.00880;0.00766;0.00636;0.00583;0.00469;0.00408;0.00338;0.00237,
line-c-r00595,line-c,line-c-e11,33.1999670,-116.1517219,180.0,line-c-e12,33.2001264,-116.1515323,180.0,line-c-e18,33.2010827,-116.1503948,180.0,line-c-e19,33.2012421,-116.1502052,180.0,2026-08-19T15:59:00Z,dipole-dipole,6,8,0.659,1213.6,193.666,7.660,0.00376,0.00113,0.00679;0.00608;0.00516;0.00515;0.00382;0.00369;0.00312;0.00266;0.00169;0.00132,
line-c-r00596,line-c,line-c-e11,33.1999670,-116.1517219,180.0,line-c-e12,33.2001264,-116.1515323,180.0,line-c-e18,33.2010827,-116.1503948,180.0,line-c-e19,33.2012421,-116.1502052,180.0,2026-08-19T15:59:12Z,dipole-dipole,6,7,1.101,726.4,199.073,7.326,0.00371,0.00114,0.00669;0.00560;0.00493;0.00483;0.00452;0.00373;0.00302;0.00228;0.00194;0.00121,
line-c-r00597,line-c,line-c-e11,33.1999670,-116.1517219,180.0,line-c-e12,33.2001264,-116.1515323,180.0,line-c-e18,33.2010827,-116.1503948,180.0,line-c-e19,33.2012421,-116.1502052,180.0,2026-08-19T15:59:24Z,dipole-dipole,6,5,0.705,1134.6,193.496,6.384,0.00669,0.00104,0.01092;0.01030;0.00934;0.00842;0.00769;0.00616;0.00501;0.00468;0.00350;0.00261,
line-c-r00598,line-c,line-c-e11,33.1999670,-116.1517219,180.0,line-c-e12,33.2001264,-116.1515323,180.0,line-c-e18,33.2010827,-116.1503948,180.0,line-c-e19,33.2012421,-116.1502052,180.0,2026-08-19T15:59:36Z,dipole-dipole,6,7,0.906,882.5,204.190,6.986,0.00381,0.00109,0.00576;0.00577;0.00476;0.00496;0.00423;0.00376;0.00299;0.00253;0.00193;0.00120,
line-c-r00599,line-c,line-c-e11,33.1999670,-116.1517219,180.0,line-c-e12,33.2001264,-116.1515323,180.0,line-c-e18,33.2010827,-116.1503948,180.0,line-c-e19,33.2012421,-116.1502052,180.0,2026-08-19T15:59:48Z,dipole-dipole,6,7,0.772,1036.3,182.571,6.608,0.00188,0.00112,0.00291;0.00271;0.00245;0.00231;0.00205;0.00190;0.00172;0.00126;0.00089;0.00066,
line-c-r00600,line-c,line-c-e11,33.1999670,-116.1517219,180.0,line-c-e12,33.2001264,-116.1515323,180.0,line-c-e19,33.2012421,-116.1502052,180.0,line-c-e20,33.2014015,-116.1500156,180.0,2026-08-19T16:00:00Z,dipole-dipole,7,3,0.778,1027.9,193.971,6.249,0.00599,0.00115,0.00868;0.00884;0.00816;0.00782;0.00672;0.00594;0.00442;0.00402;0.00287;0.00231,
line-c-r00601,line-c,line-c-e11,33.1999670,-116.1517219,180.0,line-c-e12,33.2001264,-116.1515323,180.0,line-c-e19,33.2012421,-116.1502052,180.0,line-c-e20,33.2014015,-116.1500156,180.0,2026-08-19T16:00:12Z,dipole-dipole,7,6,0.797,1003.6,191.075,7.376,0.00491,0.00105,0.00832;0.00729;0.00766;0.00608;0.00550;0.00473;0.00451;0.00326;0.00212;0.00161,
line-c-r00602,line-c,line-c-e11,33.1999670,-116.1517219,180.0,line-c-e12,33.2001264,-116.1515323,180.0,line-c-e19,33.2012421,-116.1502052,180.0,line-c-e20,33.2014015,-116.1500156,180.0,2026-08-19T16:00:24Z,dipole-dipole,7,7,0.966,828.0,193.859,9.352,0.00724,0.00108,0.01321;0.01109;0.01072;0.00842;0.00853;0.00673;0.00611;0.00473;0.00370;0.00261,
line-c-r00603,line-c,line-c-e11,33.1999670,-116.1517219,180.0,line-c-e12,33.2001264,-116.1515323,180.0,line-c-e19,33.2012421,-116.1502052,180.0,line-c-e20,33.2014015,-116.1500156,180.0,2026-08-19T16:00:36Z,dipole-dipole,7,4,0.847,944.7,197.895,5.872,0.00434,0.00103,0.00668;0.00604;0.00597;0.00531;0.00443;0.00459;0.00339;0.00255;0.00220;0.00138,
line-c-r00604,line-c,line-c-e11,33.1999670,-116.1517219,180.0,line-c-e12,33.2001264,-116.1515323,180.0,line-c-e19,33.2012421,-116.1502052,180.0,line-c-e20,33.2014015,-116.1500156,180.0,2026-08-19T16:00:48Z,dipole-dipole,7,7,0.614,1302.3,196.679,7.283,0.00554,0.00073,0.00833;0.00872;0.00806;0.00745;0.00602;0.00534;0.00480;0.00342;0.00263;0.00187,
line-c-r00605,line-c,line-c-e11,33.1999670,-116.1517219,180.0,line-c-e12,33.2001264,-116.1515323,180.0,line-c-e19,33.2012421,-116.1502052,180.0,line-c-e20,33.2014015,-116.1500156,180.0,2026-08-19T16:01:00Z,dipole-dipole,7,5,0.916,873.7,203.083,8.832,0.00595,0.00091,0.00948;0.00926;0.00831;0.00719;0.00640;0.00545;0.00470;0.00401;0.00331;0.00225,
line-c-r00606,line-c,line-c-e12,33.2001264,-116.1515323,180.0,line-c-e13,33.2002858,-116.1513427,180.0,line-c-e14,33.2004452,-116.1511532,180.0,line-c-e15,33.2006046,-116.1509636,180.0,2026-08-19T16:01:12Z,dipole-dipole,1,4,1.902,420.7,205.735,9.345,0.00509,0.01406,0.00936;0.00743;0.00746;0.00705;0.00561;0.00417;0.00402;0.00331;0.00263;0.00165,
line-c-r00607,line-c,line-c-e12,33.2001264,-116.1515323,180.0,line-c-e13,33.2002858,-116.1513427,180.0,line-c-e14,33.2004452,-116.1511532,180.0,line-c-e15,33.2006046,-116.1509636,180.0,2026-08-19T16:01:24Z,dipole-dipole,1,6,1.517,527.2,219.589,7.995,0.00627,0.00087,0.01013;0.00960;0.00928;0.00697;0.00656;0.00603;0.00523;0.00368;0.00283;0.00227,
line-c-r00608,line-c,line-c-e12,33.2001264,-116.1515323,180.0,line-c-e13,33.2002858,-116.1513427,180.0,line-c-e14,33.2004452,-116.1511532,180.0,line-c-e15,33.2006046,-116.1509636,180.0,2026-08-19T16:01:36Z,dipole-dipole,1,4,2.000,372.1,206.665,6.030,0.00620,0.00075,0.00946;0.00889;0.00810;0.00827;0.00682;0.00567;0.00437;0.00395;0.00310;0.00238,
line-c-r00609,line-c,line-c-e12,33.2001264,-116.1515323,180.0,line-c-e13,33.2002858,-116.1513427,180.0,line-c-e14,33.2004452,-116.1511532,180.0,line-c-e15,33.2006046,-116.1509636,180.0,2026-08-19T16:01:48Z,dipole-dipole,1,6,2.000,361.2,196.972,8.417,0.00496,0.00074,0.00732;0.00726;0.00688;0.00589;0.00536;0.00458;0.00426;0.00293;0.00249;0.00172,
line-c-r00610,line-c,line-c-e12,33.2001264,-116.1515323,180.0,line-c-e13,33.2002858,-116.1513427,180.0,line-c-e14,33.2004452,-116.1511532,180.0,line-c-e15,33.2006046,-116.1509636,180.0,2026-08-19T16:02:00Z,dipole-dipole,1,8,1.640,487.9,192.563,7.334,0.00556,0.00141,0.00769;0.00883;0.00763;0.00697;0.00614;0.00519;0.00452;0.00341;0.00261;0.00177,
line-c-r00611,line-c,line-c-e12,33.2001264,-116.1515323,180.0,line-c-e13,33.2002858,-116.1513427,180.0,line-c-e14,33.2004452,-116.1511532,180.0,line-c-e15,33.2006046,-116.1509636,180.0,2026-08-19T16:02:12Z,dipole-dipole,1,7,1.829,437.5,193.543,8.257,0.00505,0.00105,0.00726;0.00747;0.00671;0.00559;0.00553;0.00474;0.00362;0.00315;0.00267;0.00167,
line-c-r00612,line-c,line-c-e12,33.2001264,-116.1515323,180.0,line-c-e13,33.2002858,-116.1513427,180.0,line-c-e14,33.2004452,-116.1511532,180.0,line-c-e15,33.2006046,-116.1509636,180.0,2026-08-19T16:02:24Z,dipole-dipole,1,7,2.000,375.8,218.234,9.533,0.00662,0.00072,0.00922;0.00913;0.00885;0.00753;0.00739;0.00655;0.00546;0.00433;0.00312;0.00239,
line-c-r00613,line-c,line-c-e12,33.2001264,-116.1515323,180.0,line-c-e13,33.2002858,-116.1513427,180.0,line-c-e15,33.2006046,-116.1509636,180.0,line-c-e16,33.2007640,-116.1507740,180.0,2026-08-19T16:02:36Z,dipole-dipole,2,8,2.000,395.7,192.479,5.973,0.00594,0.00083,0.00917;0.00988;0.00834;0.00752;0.00674;0.00571;0.00497;0.00390;0.00265;0.00211,
line-c-r00614,line-c,line-c-e12,33.2001264,-116.1515323,180.0,line-c-e13,33.2002858,-116.1513427,180.0,line-c-e15,33.2006046,-116.1509636,180.0,line-c-e16,33.2007640,-116.1507740,180.0,2026-08-19T16:02:48Z,dipole-dipole,2,4,1.865,429.0,190.016,10.217,0.00359,0.00103,0.00601;0.00516;0.00488;0.00436;0.00411;0.00339;0.00275;0.00239;0.00170;0.00129,
line-c-r00615,line-c,line-c-e12,33.2001264,-116.1515323,180.0,line-c-e13,33.2002858,-116.1513427,180.0,line-c-e15,33.2006046,-116.1509636,180.0,line-c-e16,33.2007640,-116.1507740,180.0,2026-08-19T16:03:00Z,dipole-dipole,2,8,1.837,435.4,199.449,8.202,0.00465,0.00078,0.00714;0.00609;0.00590;0.00566;0.00457;0.00450;0.00364;0.00258;0.00237;0.00182,
line-c-r00616,line-c,line-c-e12,33.2001264,-116.1515323,180.0,line-c-e13,33.2002858,-116.1513427,180.0,line-c-e15,33.2006046,-116.1509636,180.0,line-c-e16,33.2007640,-116.1507740,180.0,2026-08-19T16:03:12Z,dipole-dipole,2,5,1.688,473.9,198.460,8.693,0.00500,0.00109,0.00799;0.00757;0.00708;0.00625;0.00525;0.00487;0.00420;0.00345;0.00256;0.00186,
line-c-r00617,line-c,line-c-e12,33.2001264,-116.1515323,180.0,line-c-e13,33.2002858,-116.1513427,180.0,line-c-e15,33.2006046,-116.1509636,180.0,line-c-e16,33.2007640,-116.1507740,180.0,2026-08-19T16:03:24Z,dipole-dipole,2,5,1.874,426.8,216.079,6.621,0.00555,0.00116,0.00809;0.00793;0.00782;0.00695;0.00606;0.00523;0.00421;0.00337;0.00242;0.00186,
line-c-r00618,line-c,line-c-e12,33.2001264,-116.1515323,180.0,line-c-e13,33.2002858,-116.1513427,180.0,line-c-e15,33.2006046,-116.1509636,180.0,line-c-e16,33.2007640,-116.1507740,180.0,2026-08-19T16:03:36Z,dipole-dipole,2,8,2.000,391.9,189.903,8.420,0.00453,0.00083,0.00741;0.00655;0.00630;0.00567;0.00536;0.00387;0.00326;0.00317;0.00220;0.00159,
line-c-r00619,line-c,line-c-e12,33.2001264,-116.1515323,180.0,line-c-e13,33.2002858,-116.1513427,180.0,line-c-e16,33.2007640,-116.1507740,180.0,line-c-e17,33.2009234,-116.1505844,180.0,2026-08-19T16:03:48Z,dipole-dipole,3,5,1.800,444.5,219.023,10.235,0.00625,0.00083,0.01036;0.00981;0.00837;0.00714;0.00618;0.00631;0.00457;0.00426;0.00301;0.00221,
line-c-r00620,line-c,line-c-e12,33.2001264,-116.1515323,180.0,line-c-e13,33.2002858,-116.1513427,180.0,line-c-e16,33.2007640,-116.1507740,180.0,line-c-e17,33.2009234,-116.1505844,180.0,2026-08-19T16:04:00Z,dipole-dipole,3,5,2.000,398.2,196.972,6.481,0.00562,0.00119,0.00831;0.00856;0.00785;0.00721;0.00598;0.00576;0.00416;0.00343;0.00246;0.00195,
line-c-r00621,line-c,line-c-e12,33.2001264,-116.1515323,180.0,line-c-e13,33.2002858,-116.1513427,180.0,line-c-e16,33.2007640,-116.1507740,180.0,line-c-e17,33.2009234,-116.1505844,180.0,2026-08-19T16:04:12Z,dipole-dipole,3,7,1.817,440.3,184.878,6.715,0.00521,0.00099,0.00872;0.00760;0.00727;0.00698;0.00598;0.00487;0.00420;0.00362;0.00254;0.00185,
line-c-r00622,line-c,line-c-e12,33.2001264,-116.1515323,180.0,line-c-e13,33.2002858,-116.1513427,180.0,line-c-e16,33.2007640,-116.1507740,180.0,line-c-e17,33.2009234,-116.1505844,180.0,2026-08-19T16:04:24Z,dipole-dipole,3,8,2.000,340.7,189.857,8.841,0.00337,0.00084,0.00533;0.00492;0.00431;0.00410;0.00364;0.00313;0.00272;0.00208;0.00144;0.00133,
line-c-r00623,line-c,line-c-e12,33.2001264,-116.1515323,180.0,line-c-e13,33.2002858,-116.1513427,180.0,line-c-e16,33.2007640,-116.1507740,180.0,line-c-e17,33.2009234,-116.1505844,180.0,2026-08-19T16:04:36Z,dipole-dipole,3,8,1.582,505.7,217.754,7.085,0.00287,0.00124,0.00434;0.00407;0.00417;0.00331;0.00318;0.00266;0.00205;0.00185;0.00130;0.00094,
line-c-r00624,line-c,line-c-e12,33.2001264,-116.1515323,180.0,line-c-e13,33.2002858,-116.1513427,180.0,line-c-e16,33.2007640,-116.1507740,180.0,line-c-e17,33.2009234,-116.1505844,180.0,2026-08-19T16:04:48Z,dipole-dipole,3,6,1.668,479.5,208.681,7.594,0.00575,0.00105,0.00879;0.00938;0.00816;0.00659;0.00652;0.00552;0.00437;0.00380;0.00284;0.00205,
line-c-r00625,line-c,line-c-e12,33.2001264,-116.1515323,180.0,line-c-e13,33.2002858,-116.1513427,180.0,line-c-e16,33.2007640,-116.1507740,180.0,line-c-e17,33.2009234,-116.1505844,180.0,2026-08-19T16:05:00Z,dipole-dipole,3,8,1.483,539.6,203.636,8.399,0.00605,0.00100,0.00945;0.00864;0.00805;0.00725;0.00636;0.00592;0.00491;0.00420;0.00271;0.00200,
line-c-r00626,line-c,line-c-e12,33.2001264,-116.1515323,180.0,line-c-e13,33.2002858,-116.1513427,180.0,line-c-e17,33.2009234,-116.1505844,180.0,line-c-e18,33.2010827,-116.1503948,180.0,2026-08-19T16:05:12Z,dipole-dipole,4,3,1.766,453.0,192.608,7.061,0.00388,0.00125,0.00597;0.00586;0.00570;0.00491;0.00401;0.00345;0.00288;0.00236;0.00176;0.00134,
line-c-r00627,line-c,line-c-e12,33.2001264,-116.1515323,180.0,line-c-e13,33.2002858,-116.1513427,180.0,line-c-e17,33.2009234,-116.1505844,180.0,line-c-e18,33.2010827,-116.1503948,180.0,2026-08-19T16:05:24Z,dipole-dipole,4,5,2.000,377.8,212.667,10.372,0.00441,0.00126,0.00762;0.00659;0.00611;0.00564;0.00475;0.00431;0.00321;0.00287;0.00223;0.00156,
line-c-r00628,line-c,line-c-e12,33.2001264,-116.1515323,180.0,line-c-e13,33.2002858,-116.1513427,180.0,line-c-e17,33.2009234,-116.1505844,180.0,line-c-e18,33.2010827,-116.1503948,180.0,2026-08-19T16:05:36Z,dipole-dipole,4,3,1.945,411.3,202.419,7.955,0.00487,0.00078,0.00741;0.00750;0.00721;0.00569;0.00483;0.00498;0.00345;0.00291;0.00243;0.00165,
line-c-r01481,line-c,line-c-e12,33.2001264,-116.1515323,180.0,line-c-e13,33.2002858,-116.1513427,180.0,line-c-e17,33.2009234,-116.1505844,180.0,line-c-e18,33.2010827,-116.1503948,180.0,2026-08-19T16:05:48Z,dipole-dipole,4,8,1.977,404.6,211.790,7.133,0.00301,0.00090,0.00440;0.00419;0.00394;0.00389;0.00312;0.00292;0.00230;0.00193;0.00140;0.00104,
line-c-r00630,line-c,line-c-e12,33.2001264,-116.1515323,180.0,line-c-e13,33.2002858,-116.1513427,180.0,line-c-e17,33.2009234,-116.1505844,180.0,line-c-e18,33.2010827,-116.1503948,180.0,2026-08-19T16:06:00Z,dipole-dipole,4,3,1.768,452.5,200.474,8.661,0.00650,0.00086,0.01213;0.00947;0.00916;0.00776;0.00759;0.00542;0.00534;0.00439;0.00348;0.00219,
line-c-r00631,line-c,line-c-e12,33.2001264,-116.1515323,180.0,line-c-e13,33.2002858,-116.1513427,180.0,line-c-e17,33.2009234,-116.1505844,180.0,line-c-e18,33.2010827,-116.1503948,180.0,2026-08-19T16:06:12Z,dipole-dipole,4,3,1.822,439.2,201.271,7.116,0.00484,0.00102,0.00788;0.00743;0.00659;0.00634;0.00586;0.00437;0.00373;0.00292;0.00251;0.00168,
line-c-r00632,line-c,line-c-e12,33.2001264,-116.1515323,180.0,line-c-e13,33.2002858,-116.1513427,180.0,line-c-e18,33.2010827,-116.1503948,180.0,line-c-e19,33.2012421,-116.1502052,180.0,2026-08-19T16:06:24Z,dipole-dipole,5,8,2.000,387.6,203.598,6.347,0.00488,0.00090,0.00704;0.00707;0.00633;0.00623;0.00522;0.00505;0.00357;0.00325;0.00257;0.00164,
line-c-r00633,line-c,line-c-e12,33.2001264,-116.1515323,180.0,line-c-e13,33.2002858,-116.1513427,180.0,line-c-e18,33.2010827,-116.1503948,180.0,line-c-e19,33.2012421,-116.1502052,180.0,2026-08-19T16:06:36Z,dipole-dipole,5,5,2.000,387.2,214.406,7.021,0.00446,0.00091,0.00644;0.00699;0.00726;0.00540;0.00518;0.00394;0.00340;0.00311;0.00200;0.00174,
line-c-r00634,line-c,line-c-e12,33.2001264,-116.1515323,180.0,line-c-e13,33.2002858,-116.1513427,180.0,line-c-e18,33.2010827,-116.1503948,180.0,line-c-e19,33.2012421,-116.1502052,180.0,2026-08-19T16:06:48Z,dipole-dipole,5,7,2.000,304.9,193.703,9.069,0.00314,0.00096,0.00463;0.00510;0.00432;0.00380;0.00349;0.00275;0.00260;0.00198;0.00159;0.00115,
line-c-r00635,line-c,line-c-e12,33.2001264,-116.1515323,180.0,line-c-e13,33.2002858,-116.1513427,180.0,line-c-e18,33.2010827,-116.1503948,180.0,line-c-e19,33.2012421,-116.1502052,180.0,2026-08-19T16:07:00Z,dipole-dipole,5,7,2.000,348.8,189.240,6.334,0.00321,0.00100,0.00537;0.00464;0.00432;0.00441;0.00325;0.00310;0.00231;0.00197;0.00177;0.00117,
line-c-r00636,line-c,line-c-e12,33.2001264,-116.1515323,180.0,line-c-e13,33.2002858,-116.1513427,180.0,line-c-e18,33.2010827,-116.1503948,180.0,line-c-e19,33.2012421,-116.1502052,180.0,2026-08-19T16:07:12Z,dipole-dipole,5,5,1.738,460.2,205.646,5.563,0.00671,0.00102,0.01104;0.00964;0.01021;0.00858;0.00780;0.00656;0.00523;0.00406;0.00326;0.00275,
line-c-r00637,line-c,line-c-e12,33.2001264,-116.1515323,180.0,line-c-e13,33.2002858,-116.1513427,180.0,line-c-e18,33.2010827,-116.1503948,180.0,line-c-e19,33.2012421,-116.1502052,180.0,2026-08-19T16:07:24Z,dipole-dipole,5,5,1.927,415.2,-175.086,6.305,0.00372,0.00113,0.00677;0.00560;0.00487;0.00494;0.00413;0.00389;0.00274;0.00248;0.00181;0.00127,
line-c-r00638,line-c,line-c-e12,33.2001264,-116.1515323,180.0,line-c-e13,33.2002858,-116.1513427,180.0,line-c-e18,33.2010827,-116.1503948,180.0,line-c-e19,33.2012421,-116.1502052,180.0,2026-08-19T16:07:36Z,dipole-dipole,5,5,1.665,480.4,192.143,7.042,0.00473,0.00095,0.00708;0.00659;0.00613;0.00561;0.00534;0.00444;0.00370;0.00319;0.00219;0.00179,
line-c-r00639,line-c,line-c-e12,33.2001264,-116.1515323,180.0,line-c-e13,33.2002858,-116.1513427,180.0,line-c-e19,33.2012421,-116.1502052,180.0,line-c-e20,33.2014015,-116.1500156,180.0,2026-08-19T16:07:48Z,dipole-dipole,6,7,2.000,389.0,214.686,7.335,0.00512,0.00123,0.00790;0.00802;0.00785;0.00630;0.00605;0.00488;0.00384;0.00330;0.00234;0.00183,
line-c-r00640,line-c,line-c-e12,33.2001264,-116.1515323,180.0,line-c-e13,33.2002858,-116.1513427,180.0,line-c-e19,33.2012421,-116.1502052,180.0,line-c-e20,33.2014015,-116.1500156,180.0,2026-08-19T16:08:00Z,dipole-dipole,6,4,1.583,505.2,198.734,8.281,0.00557,0.00173,0.00859;0.00864;0.00805;0.00723;0.00684;0.00570;0.00477;0.00352;0.00254;0.00206,
line-c-r00641,line-c,line-c-e12,33.2001264,-116.1515323,180.0,line-c-e13,33.2002858,-116.1513427,180.0,line-c-e19,33.2012421,-116.1502052,180.0,line-c-e20,33.2014015,-116.1500156,180.0,2026-08-19T16:08:12Z,dipole-dipole,6,8,1.873,427.1,192.935,7.264,0.00493,0.00112,0.00781;0.00748;0.00694;0.00634;0.00547;0.00475;0.00380;0.00303;0.00256;0.00158,
line-c-r00642,line-c,line-c-e12,33.2001264,-116.1515323,180.0,line-c-e13,33.2002858,-116.1513427,180.0,line-c-e19,33.2012421,-116.1502052,180.0,line-c-e20,33.2014015,-116.1500156,180.0,2026-08-19T16:08:24Z,dipole-dipole,6,4,1.973,405.4,192.411,7.431,0.00501,0.00116,0.00751;0.00703;0.00618;0.00579;0.00532;0.00497;0.00404;0.00347;0.00229;0.00180,
line-c-r00643,line-c,line-c-e12,33.2001264,-116.1515323,180.0,line-c-e13,33.2002858,-116.1513427,180.0,line-c-e19,33.2012421,-116.1502052,180.0,line-c-e20,33.2014015,-116.1500156,180.0,2026-08-19T16:08:36Z,dipole-dipole,6,4,1.770,452.0,194.169,6.293,0.00562,0.00104,0.00906;0.00817;0.00773;0.00642;0.00614;0.00500;0.00385;0.00353;0.00291;0.00222,
line-c-r00644,line-c,line-c-e12,33.2001264,-116.1515323,180.0,line-c-e13,33.2002858,-116.1513427,180.0,line-c-e19,33.2012421,-116.1502052,180.0,line-c-e20,33.2014015,-116.1500156,180.0,2026-08-19T16:08:48Z,dipole-dipole,6,3,1.390,575.5,198.554,7.169,0.00580,0.00091,0.00802;0.00828;0.00792;0.00718;0.00639;0.00539;0.00496;0.00385;0.00343;0.00219,
line-c-r00645,line-c,line-c-e12,33.2001264,-116.1515323,180.0,line-c-e13,33.2002858,-116.1513427,180.0,line-c-e19,33.2012421,-116.1502052,180.0,line-c-e20,33.2014015,-116.1500156,180.0,2026-08-19T16:09:00Z,dipole-dipole,6,6,1.932,414.1,195.979,7.982,0.00412,0.00116,0.00670;0.00595;0.00602;0.00525;0.00464;0.00416;0.00353;0.00253;0.00195;0.00160,
line-c-r00646,line-c,line-c-e12,33.2001264,-116.1515323,180.0,line-c-e13,33.2002858,-116.1513427,180.0,line-c-e19,33.2012421,-116.1502052,180.0,line-c-e20,33.2014015,-116.1500156,180.0,2026-08-19T16:09:12Z,dipole-dipole,6,4,1.525,524.5,199.040,6.996,0.00498,0.00089,0.00819;0.00757;0.00686;0.00576;0.00531;0.00455;0.00408;0.00316;0.00229;0.00179,
line-c-r00647,line-c,line-c-e13,33.2002858,-116.1513427,180.0,line-c-e14,33.2004452,-116.1511532,180.0,line-c-e15,33.2006046,-116.1509636,180.0,line-c-e16,33.2007640,-116.1507740,180.0,2026-08-19T16:09:24Z,dipole-dipole,1,8,2.000,267.8,191.755,7.992,0.00363,0.00099,0.00624;0.00531;0.00504;0.00438;0.00441;0.00331;0.00325;0.00206;0.00174;0.00114,
line-c-r00648,line-c,line-c-e13,33.2002858,-116.1513427,180.0,line-c-e14,33.2004452,-116.1511532,180.0,line-c-e15,33.2006046,-116.1509636,180.0,line-c-e16,33.2007640,-116.1507740,180.0,2026-08-19T16:09:36Z,dipole-dipole,1,8,1.974,405.2,197.296,7.284,0.00600,0.00110,0.00858;0.00853;0.00727;0.00760;0.00725;0.00522;0.00487;0.00373;0.00289;0.00212,
line-c-r00649,line-c,line-c-e13,33.2002858,-116.1513427,180.0,line-c-e14,33.2004452,-116.1511532,180.0,line-c-e15,33.2006046,-116.1509636,180.0,line-c-e16,33.2007640,-116.1507740,180.0,2026-08-19T16:09:48Z,dipole-dipole,1,3,2.000,242.2,201.015,7.689,0.00364,0.00126,0.00537;0.00515;0.00477;0.00406;0.00448;0.00337;0.00316;0.00236;0.00192;0.00128,
line-c-r00650,line-c,line-c-e13,33.2002858,-116.1513427,180.0,line-c-e14,33.2004452,-116.1511532,180.0,line-c-e15,33.2006046,-116.1509636,180.0,line-c-e16,33.2007640,-116.1507740,180.0,2026-08-19T16:10:00Z,dipole-dipole,1,4,2.000,270.5,201.646,8.666,0.00477,0.00077,0.00753;0.00774;0.00685;0.00603;0.00525;0.00429;0.00369;0.00308;0.00231;0.00178,
line-c-r00651,line-c,line-c-e13,33.2002858,-116.1513427,180.0,line-c-e14,33.2004452,-116.1511532,180.0,line-c-e15,33.2006046,-116.1509636,180.0,line-c-e16,33.2007640,-116.1507740,180.0,2026-08-19T16:10:12Z,dipole-dipole,1,4,2.000,228.9,202.859,6.363,0.00549,0.00122,0.00817;0.00786;0.00780;0.00687;0.00594;0.00549;0.00432;0.00355;0.00273;0.00216,
line-c-r00652,line-c,line-c-e13,33.2002858,-116.1513427,180.0,line-c-e14,33.2004452,-116.1511532,180.0,line-c-e15,33.2006046,-116.1509636,180.0,line-c-e16,33.2007640,-116.1507740,180.0,2026-08-19T16:10:24Z,dipole-dipole,1,3,2.000,257.9,197.228,7.766,0.00565,0.00087,0.00888;0.00848;0.00728;0.00698;0.00619;0.00544;0.00434;0.00361;0.00230;0.00204,
line-c-r00653,line-c,line-c-e13,33.2002858,-116.1513427,180.0,line-c-e14,33.2004452,-116.1511532,180.0,line-c-e15,33.2006046,-116.1509636,180.0,line-c-e16,33.2007640,-116.1507740,180.0,2026-08-19T16:10:36Z,dipole-dipole,1,7,2.000,240.5,200.047,7.763,0.00541,0.00089,0.00889;0.00788;0.00709;0.00680;0.00604;0.00504;0.00420;0.00345;0.00276;0.00194,
line-c-r00654,line-c,line-c-e13,33.2002858,-116.1513427,180.0,line-c-e14,33.2004452,-116.1511532,180.0,line-c-e16,33.2007640,-116.1507740,180.0,line-c-e17,33.2009234,-116.1505844,180.0,2026-08-19T16:10:48Z,dipole-dipole,2,3,2.000,381.2,193.727,7.130,0.00516,0.00104,0.00785;0.00744;0.00724;0.00620;0.00550;0.00528;0.00386;0.00315;0.00260;0.00196,
line-c-r00655,line-c,line-c-e13,33.2002858,-116.1513427,180.0,line-c-e14,33.2004452,-116.1511532,180.0,line-c-e16,33.2007640,-116.1507740,180.0,line-c-e17,33.2009234,-116.1505844,180.0,2026-08-19T16:11:00Z,dipole-dipole,2,4,2.000,356.0,209.132,6.395,0.00754,0.00114,0.01238;0.01031;0.01018;0.00911;0.00816;0.00726;0.00590;0.00501;0.00357;0.00273,
line-c-r00656,line-c,line-c-e13,33.2002858,-116.1513427,180.0,line-c-e14,33.2004452,-116.1511532,180.0,line-c-e16,33.2007640,-116.1507740,180.0,line-c-e17,33.2009234,-116.1505844,180.0,2026-08-19T16:11:12Z,dipole-dipole,2,3,2.000,365.0,201.453,6.285,0.00535,0.00099,0.00836;0.00841;0.00752;0.00636;0.00589;0.00512;0.00448;0.00362;0.00267;0.00195,
line-c-r00657,line-c,line-c-e13,33.2002858,-116.1513427,180.0,line-c-e14,33.2004452,-116.1511532,180.0,line-c-e16,33.2007640,-116.1507740,180.0,line-c-e17,33.2009234,-116.1505844,180.0,2026-08-19T16:11:24Z,dipole-dipole,2,5,2.000,296.3,203.133,5.836,0.00661,0.00106,0.01050;0.00970;0.01030;0.00866;0.00691;0.00628;0.00517;0.00448;0.00322;0.00235,
line-c-r00658,line-c,line-c-e13,33.2002858,-116.1513427,180.0,line-c-e14,33.2004452,-116.1511532,180.0,line-c-e16,33.2007640,-116.1507740,180.0,line-c-e17,33.2009234,-116.1505844,180.0,2026-08-19T16:11:36Z,dipole-dipole,2,3,2.000,204.9,190.732,6.447,0.00425,0.00113,0.00571;0.00682;0.00573;0.00510;0.00432;0.00434;0.00310;0.00267;0.00201;0.00137,
line-c-r00659,line-c,line-c-e13,33.2002858,-116.1513427,180.0,line-c-e14,33.2004452,-116.1511532,180.0,line-c-e16,33.2007640,-116.1507740,180.0,line-c-e17,33.2009234,-116.1505844,180.0,2026-08-19T16:11:48Z,dipole-dipole,2,4,2.000,287.3,210.907,8.895,0.00561,0.00088,0.00949;0.00805;0.00750;0.00712;0.00582;0.00575;0.00440;0.00334;0.00269;0.00215,
line-c-r00660,line-c,line-c-e13,33.2002858,-116.1513427,180.0,line-c-e14,33.2004452,-116.1511532,180.0,line-c-e16,33.2007640,-116.1507740,180.0,line-c-e17,33.2009234,-116.1505844,180.0,2026-08-19T16:12:00Z,dipole-dipole,2,7,2.000,239.9,208.723,7.515,0.00603,0.00106,0.01023;0.00935;0.00848;0.00760;0.00608;0.00600;0.00478;0.00396;0.00314;0.00218,
line-c-r00661,line-c,line-c-e13,33.2002858,-116.1513427,180.0,line-c-e14,33.2004452,-116.1511532,180.0,line-c-e17,33.2009234,-116.1505844,180.0,line-c-e18,33.2010827,-116.1503948,180.0,2026-08-19T16:12:12Z,dipole-dipole,3,5,2.000,275.3,198.090,7.436,0.00495,0.00146,0.00813;0.00760;0.00613;0.00613;0.00479;0.00445;0.00381;0.00312;0.00270;0.00176,
line-c-r00662,line-c,line-c-e13,33.2002858,-116.1513427,180.0,line-c-e14,33.2004452,-116.1511532,180.0,line-c-e17,33.2009234,-116.1505844,180.0,line-c-e18,33.2010827,-116.1503948,180.0,2026-08-19T16:12:24Z,dipole-dipole,3,3,2.000,231.3,194.285,6.165,0.00412,0.00110,0.00617;0.00630;0.00589;0.00541;0.00461;0.00408;0.00329;0.00238;0.00208;0.00155,
line-c-r00663,line-c,line-c-e13,33.2002858,-116.1513427,180.0,line-c-e14,33.2004452,-116.1511532,180.0,line-c-e17,33.2009234,-116.1505844,180.0,line-c-e18,33.2010827,-116.1503948,180.0,2026-08-19T16:12:36Z,dipole-dipole,3,8,2.000,230.2,209.756,6.647,0.00544,0.00124,0.00888;0.00763;0.00667;0.00763;0.00619;0.00511;0.00437;0.00341;0.00269;0.00203,
line-c-r00664,line-c,line-c-e13,33.2002858,-116.1513427,180.0,line-c-e14,33.2004452,-116.1511532,180.0,line-c-e17,33.2009234,-116.1505844,180.0,line-c-e18,33.2010827,-116.1503948,180.0,2026-08-19T16:12:48Z,dipole-dipole,3,7,2.000,268.4,204.616,6.616,0.00525,0.00093,0.00845;0.00853;0.00685;0.00625;0.00584;0.00509;0.00392;0.00325;0.00253;0.00203,
line-c-r00665,line-c,line-c-e13,33.2002858,-116.1513427,180.0,line-c-e14,33.2004452,-116.1511532,180.0,line-c-e17,33.2009234,-116.1505844,180.0,line-c-e18,33.2010827,-116.1503948,180.0,2026-08-19T16:13:00Z,dipole-dipole,3,7,2.000,217.8,196.625,9.804,0.00554,0.00104,0.00856;0.00864;0.00744;0.00690;0.00639;0.00542;0.00445;0.00381;0.00249;0.00190,
line-c-r00666,line-c,line-c-e13,33.2002858,-116.1513427,180.0,line-c-e14,33.2004452,-116.1511532,180.0,line-c-e17,33.2009234,-116.1505844,180.0,line-c-e18,33.2010827,-116.1503948,180.0,2026-08-19T16:13:12Z,dipole-dipole,3,4,2.000,243.0,192.790,7.514,0.00439,0.00117,0.00680;0.00684;0.00605;0.00542;0.00504;0.00410;0.00384;0.00240;0.00220;0.00163,
line-c-r00667,line-c,line-c-e13,33.2002858,-116.1513427,180.0,line-c-e14,33.2004452,-116.1511532,180.0,line-c-e18,33.2010827,-116.1503948,180.0,line-c-e19,33.2012421,-116.1502052,180.0,2026-08-19T16:13:24Z,dipole-dipole,4,6,2.000,246.9,208.295,7.738,0.00556,0.00105,0.00845;0.00769;0.00702;0.00646;0.00580;0.00497;0.00444;0.00346;0.00256;0.00200,
line-c-r00668,line-c,line-c-e13,33.2002858,-116.1513427,180.0,line-c-e14,33.2004452,-116.1511532,180.0,line-c-e18,33.2010827,-116.1503948,180.0,line-c-e19,33.2012421,-116.1502052,180.0,2026-08-19T16:13:36Z,dipole-dipole,4,8,2.000,244.9,201.010,6.714,0.00467,0.00091,0.00771;0.00724;0.00635;0.00511;0.00496;0.00461;0.00335;0.00296;0.00228;0.00156,
line-c-r00669,line-c,line-c-e13,33.2002858,-116.1513427,180.0,line-c-e14,33.2004452,-116.1511532,180.0,line-c-e18,33.2010827,-116.1503948,180.0,line-c-e19,33.2012421,-116.1502052,180.0,2026-08-19T16:13:48Z,dipole-dipole,4,6,2.000,243.9,202.175,8.582,0.00533,0.00112,0.00868;0.00829;0.00744;0.00749;0.00613;0.00494;0.00382;0.00307;0.00268;0.00194,
line-c-r00670,line-c,line-c-e13,33.2002858,-116.1513427,180.0,line-c-e14,33.2004452,-116.1511532,180.0,line-c-e18,33.2010827,-116.1503948,180.0,line-c-e19,33.2012421,-116.1502052,180.0,2026-08-19T16:14:00Z,dipole-dipole,4,5,2.000,331.3,196.480,7.422,0.00605,0.00085,0.00908;0.00883;0.00869;0.00761;0.00700;0.00560;0.00453;0.00386;0.00308;0.00221,
line-c-r00671,line-c,line-c-e13,33.2002858,-116.1513427,180.0,line-c-e14,33.2004452,-116.1511532,180.0,line-c-e18,33.2010827,-116.1503948,180.0,line-c-e19,33.2012421,-116.1502052,180.0,2026-08-19T16:14:12Z,dipole-dipole,4,8,2.000,296.2,210.137,6.788,0.00314,0.00118,0.00499;0.00472;0.00415;0.00389;0.00338;0.00323;0.00248;0.00203;0.00159;0.00111,
line-c-r00672,line-c,line-c-e13,33.2002858,-116.1513427,180.0,line-c-e14,33.2004452,-116.1511532,180.0,line-c-e18,33.2010827,-116.1503948,180.0,line-c-e19,33.2012421,-116.1502052,180.0,2026-08-19T16:14:24Z,dipole-dipole,4,8,2.000,351.8,211.954,6.306,0.00416,0.00108,0.00628;0.00563;0.00604;0.00565;0.00447;0.00366;0.00332;0.00288;0.00205;0.00149,
line-c-r00673,line-c,line-c-e13,33.2002858,-116.1513427,180.0,line-c-e14,33.2004452,-116.1511532,180.0,line-c-e18,33.2010827,-116.1503948,180.0,line-c-e19,33.2012421,-116.1502052,180.0,2026-08-19T16:14:36Z,dipole-dipole,4,6,2.000,230.3,209.598,7.376,0.00329,0.00112,0.00533;0.00540;0.00431;0.00433;0.00348;0.00302;0.00284;0.00205;0.00168;0.00116,
line-c-r00674,line-c,line-c-e13,33.2002858,-116.1513427,180.0,line-c-e14,33.2004452,-116.1511532,180.0,line-c-e19,33.2012421,-116.1502052,180.0,line-c-e20,33.2014015,-116.1500156,180.0,2026-08-19T16:14:48Z,dipole-dipole,5,8,2.000,270.8,197.100,8.787,0.00343,0.00128,0.00514;0.00512;0.00493;0.00391;0.00369;0.00316;0.00269;0.00218;0.00175;0.00116,
line-c-r00675,line-c,line-c-e13,33.2002858,-116.1513427,180.0,line-c-e14,33.2004452,-116.1511532,180.0,line-c-e19,33.2012421,-116.1502052,180.0,line-c-e20,33.2014015,-116.1500156,180.0,2026-08-19T16:15:00Z,dipole-dipole,5,7,2.000,292.4,215.341,6.128,0.00380,0.00095,0.00581;0.00562;0.00530;0.00473;0.00411;0.00374;0.00293;0.00235;0.00200;0.00140,
line-c-r00676,line-c,line-c-e13,33.2002858,-116.1513427,180.0,line-c-e14,33.2004452,-116.1511532,180.0,line-c-e19,33.2012421,-116.1502052,180.0,line-c-e20,33.2014015,-116.1500156,180.0,2026-08-19T16:15:12Z,dipole-dipole,5,7,2.000,270.7,193.292,7.917,0.00597,0.00128,0.00912;0.00963;0.00803;0.00719;0.00633;0.00563;0.00494;0.00387;0.00305;0.00193,
line-c-r00677,line-c,line-c-e13,33.2002858,-116.1513427,180.0,line-c-e14,33.2004452,-116.1511532,180.0,line-c-e19,33.2012421,-116.1502052,180.0,line-c-e20,33.2014015,-116.1500156,180.0,2026-08-19T16:15:24Z,dipole-dipole,5,6,2.000,284.8,200.880,7.538,0.00371,0.00105,0.00537;0.00543;0.00482;0.00453;0.00392;0.00378;0.00289;0.00236;0.00188;0.00124,
line-c-r00678,line-c,line-c-e13,33.2002858,-116.1513427,180.0,line-c-e14,33.2004452,-116.1511532,180.0,line-c-e19,33.2012421,-116.1502052,180.0,line-c-e20,33.2014015,-116.1500156,180.0,2026-08-19T16:15:36Z,dipole-dipole,5,3,2.000,324.9,190.810,8.169,0.00586,0.00105,0.00943;0.00865;0.00849;0.00730;0.00593;0.00540;0.00461;0.00380;0.00296;0.00222,
line-c-r00679,line-c,line-c-e13,33.2002858,-116.1513427,180.0,line-c-e14,33.2004452,-116.1511532,180.0,line-c-e19,33.2012421,-116.1502052,180.0,line-c-e20,33.2014015,-116.1500156,180.0,2026-08-19T16:15:48Z,dipole-dipole,5,7,2.000,236.7,204.122,7.181,0.00421,0.00123,0.00688;0.00599;0.00625;0.00520;0.00487;0.00389;0.00316;0.00267;0.00197;0.00145,
line-c-r00680,line-c,line-c-e13,33.2002858,-116.1513427,180.0,line-c-e14,33.2004452,-116.1511532,180.0,line-c-e19,33.2012421,-116.1502052,180.0,line-c-e20,33.2014015,-116.1500156,180.0,2026-08-19T16:16:00Z,dipole-dipole,5,7,2.000,319.1,191.930,9.065,0.00573,0.00121,0.00864;0.00860;0.00834;0.00708;0.00615;0.00502;0.00468;0.00345;0.00298;0.00188,
line-c-r00681,line-c,line-c-e14,33.2004452,-116.1511532,180.0,line-c-e15,33.2006046,-116.1509636,180.0,line-c-e16,33.2007640,-116.1507740,180.0,line-c-e17,33.2009234,-116.1505844,180.0,2026-08-19T16:16:12Z,dipole-dipole,1,5,1.200,666.8,212.097,9.589,0.00527,0.00100,0.00860;0.00862;0.00717;0.00652;0.00654;0.00474;0.00452;0.00305;0.00242;0.00182,
line-c-r00682,line-c,line-c-e14,33.2004452,-116.1511532,180.0,line-c-e15,33.2006046,-116.1509636,180.0,line-c-e16,33.2007640,-116.1507740,180.0,line-c-e17,33.2009234,-116.1505844,180.0,2026-08-19T16:16:24Z,dipole-dipole,1,4,1.421,563.1,199.790,9.510,0.00396,0.00097,0.00560;0.00572;0.00548;0.00525;0.00379;0.00381;0.00317;0.00227;0.00190;0.00142,
line-c-r00683,line-c,line-c-e14,33.2004452,-116.1511532,180.0,line-c-e15,33.2006046,-116.1509636,180.0,line-c-e16,33.2007640,-116.1507740,180.0,line-c-e17,33.2009234,-116.1505844,180.0,2026-08-19T16:16:36Z,dipole-dipole,1,7,1.217,657.6,214.477,6.560,0.00599,0.00126,0.00985;0.00930;0.00833;0.00700;0.00696;0.00568;0.00523;0.00404;0.00307;0.00216,
line-c-r00684,line-c,line-c-e14,33.2004452,-116.1511532,180.0,line-c-e15,33.2006046,-116.1509636,180.0,line-c-e16,33.2007640,-116.1507740,180.0,line-c-e17,33.2009234,-116.1505844,180.0,2026-08-19T16:16:48Z,dipole-dipole,1,4,1.433,558.4,203.679,6.430,0.00595,0.00100,0.00963;0.01001;0.00800;0.00659;0.00642;0.00595;0.00455;0.00407;0.00292;0.00195,
line-c-r00685,line-c,line-c-e14,33.2004452,-116.1511532,180.0,line-c-e15,33.2006046,-116.1509636,180.0,line-c-e16,33.2007640,-116.1507740,180.0,line-c-e17,33.2009234,-116.1505844,180.0,2026-08-19T16:17:00Z,dipole-dipole,1,4,1.233,649.0,217.779,9.882,0.00530,0.00083,0.00819;0.00682;0.00677;0.00742;0.00577;0.00474;0.00446;0.00375;0.00287;0.00186,
line-c-r00686,line-c,line-c-e14,33.2004452,-116.1511532,180.0,line-c-e15,33.2006046,-116.1509636,180.0,line-c-e16,33.2007640,-116.1507740,180.0,line-c-e17,33.2009234,-116.1505844,180.0,2026-08-19T16:17:12Z,dipole-dipole,1,7,1.550,516.1,203.008,6.212,0.00395,0.00119,0.00584;0.00575;0.00607;0.00510;0.00428;0.00377;0.00318;0.00253;0.00195;0.00151,
line-c-r00687,line-c,line-c-e14,33.2004452,-116.1511532,180.0,line-c-e15,33.2006046,-116.1509636,180.0,line-c-e16,33.2007640,-116.1507740,180.0,line-c-e17,33.2009234,-116.1505844,180.0,2026-08-19T16:17:24Z,dipole-dipole,1,3,1.234,648.1,198.218,8.555,0.00602,0.00085,0.00847;0.00983;0.00827;0.00689;0.00600;0.00604;0.00449;0.00379;0.00325;0.00217,
line-c-r00688,line-c,line-c-e14,33.2004452,-116.1511532,180.0,line-c-e15,33.2006046,-116.1509636,180.0,line-c-e17,33.2009234,-116.1505844,180.0,line-c-e18,33.2010827,-116.1503948,180.0,2026-08-19T16:17:36Z,dipole-dipole,2,5,1.069,748.3,194.299,7.940,0.00445,0.00101,0.00692;0.00727;0.00588;0.00516;0.00506;0.00376;0.00319;0.00303;0.00214;0.00168,
line-c-r00689,line-c,line-c-e14,33.2004452,-116.1511532,180.0,line-c-e15,33.2006046,-116.1509636,180.0,line-c-e17,33.2009234,-116.1505844,180.0,line-c-e18,33.2010827,-116.1503948,180.0,2026-08-19T16:17:48Z,dipole-dipole,2,4,1.423,562.0,187.654,7.052,0.00495,0.00104,0.00766;0.00752;0.00673;0.00581;0.00591;0.00464;0.00396;0.00322;0.00242;0.00174,
line-c-r00690,line-c,line-c-e14,33.2004452,-116.1511532,180.0,line-c-e15,33.2006046,-116.1509636,180.0,line-c-e17,33.2009234,-116.1505844,180.0,line-c-e18,33.2010827,-116.1503948,180.0,2026-08-19T16:18:00Z,dipole-dipole,2,5,1.403,570.1,199.358,6.469,0.00508,0.00097,0.00787;0.00769;0.00647;0.00667;0.00639;0.00538;0.00433;0.00303;0.00226;0.00191,
line-c-r00691,line-c,line-c-e14,33.2004452,-116.1511532,180.0,line-c-e15,33.2006046,-116.1509636,180.0,line-c-e17,33.2009234,-116.1505844,180.0,line-c-e18,33.2010827,-116.1503948,180.0,2026-08-19T16:18:12Z,dipole-dipole,2,8,1.567,510.4,211.764,6.420,0.00709,0.00122,0.01026;0.01057;0.00839;0.00952;0.00736;0.00742;0.00519;0.00429;0.00338;0.00240,
line-c-r00692,line-c,line-c-e14,33.2004452,-116.1511532,180.0,line-c-e15,33.2006046,-116.1509636,180.0,line-c-e17,33.2009234,-116.1505844,180.0,line-c-e18,33.2010827,-116.1503948,180.0,2026-08-19T16:18:24Z,dipole-dipole,2,8,1.359,588.5,193.011,8.507,0.00497,0.00111,0.00757;0.00741;0.00688;0.00667;0.00574;0.00457;0.00369;0.00309;0.00256;0.00177,
line-c-r00693,line-c,line-c-e14,33.2004452,-116.1511532,180.0,line-c-e15,33.2006046,-116.1509636,180.0,line-c-e17,33.2009234,-116.1505844,180.0,line-c-e18,33.2010827,-116.1503948,180.0,2026-08-19T16:18:36Z,dipole-dipole,2,5,0.994,804.9,196.567,8.040,0.00398,0.00090,0.00657;0.00526;0.00574;0.00481;0.00459;0.00353;0.00291;0.00254;0.00199;0.00152,
line-c-r00694,line-c,line-c-e14,33.2004452,-116.1511532,180.0,line-c-e15,33.2006046,-116.1509636,180.0,line-c-e18,33.2010827,-116.1503948,180.0,line-c-e19,33.2012421,-116.1502052,180.0,2026-08-19T16:18:48Z,dipole-dipole,3,5,1.375,581.9,208.391,6.072,0.00397,0.00113,0.00620;0.00639;0.00526;0.00456;0.00406;0.00369;0.00322;0.00275;0.00203;0.00129,
line-c-r00695,line-c,line-c-e14,33.2004452,-116.1511532,180.0,line-c-e15,33.2006046,-116.1509636,180.0,line-c-e18,33.2010827,-116.1503948,180.0,line-c-e19,33.2012421,-116.1502052,180.0,2026-08-19T16:19:00Z,dipole-dipole,3,6,1.676,477.3,196.661,8.191,0.00408,0.00140,0.00651;0.00641;0.00562;0.00498;0.00405;0.00360;0.00341;0.00286;0.00195;0.00145,
line-c-r00696,line-c,line-c-e14,33.2004452,-116.1511532,180.0,line-c-e15,33.2006046,-116.1509636,180.0,line-c-e18,33.2010827,-116.1503948,180.0,line-c-e19,33.2012421,-116.1502052,180.0,2026-08-19T16:19:12Z,dipole-dipole,3,3,1.378,580.6,200.866,8.576,0.00623,0.00084,0.00931;0.00954;0.00802;0.00781;0.00623;0.00579;0.00432;0.00385;0.00324;0.00222,
line-c-r00697,line-c,line-c-e14,33.2004452,-116.1511532,180.0,line-c-e15,33.2006046,-116.1509636,180.0,line-c-e18,33.2010827,-116.1503948,180.0,line-c-e19,33.2012421,-116.1502052,180.0,2026-08-19T16:19:24Z,dipole-dipole,3,3,1.111,720.3,205.418,6.836,0.00408,0.00100,0.00622;0.00605;0.00535;0.00491;0.00489;0.00357;0.00326;0.00258;0.00204;0.00134,
line-c-r00698,line-c,line-c-e14,33.2004452,-116.1511532,180.0,line-c-e15,33.2006046,-116.1509636,180.0,line-c-e18,33.2010827,-116.1503948,180.0,line-c-e19,33.2012421,-116.1502052,180.0,2026-08-19T16:19:36Z,dipole-dipole,3,7,1.796,445.5,216.545,7.712,0.00390,0.00105,0.00647;0.00547;0.00547;0.00471;0.00384;0.00429;0.00303;0.00231;0.00202;0.00137,
line-c-r00699,line-c,line-c-e14,33.2004452,-116.1511532,180.0,line-c-e15,33.2006046,-116.1509636,180.0,line-c-e18,33.2010827,-116.1503948,180.0,line-c-e19,33.2012421,-116.1502052,180.0,2026-08-19T16:19:48Z,dipole-dipole,3,5,1.378,580.7,198.123,7.879,0.00405,0.00092,0.00597;0.00711;0.00488;0.00520;0.00444;0.00379;0.00359;0.00265;0.00193;0.00146,
line-c-r00700,line-c,line-c-e14,33.2004452,-116.1511532,180.0,line-c-e15,33.2006046,-116.1509636,180.0,line-c-e18,33.2010827,-116.1503948,180.0,line-c-e19,33.2012421,-116.1502052,180.0,2026-08-19T16:20:00Z,dipole-dipole,3,8,1.144,699.3,204.884,6.807,0.00485,0.00108,0.00702;0.00626;0.00681;0.00564;0.00519;0.00485;0.00405;0.00303;0.00226;0.00182,
line-c-r00701,line-c,line-c-e14,33.2004452,-116.1511532,180.0,line-c-e15,33.2006046,-116.1509636,180.0,line-c-e19,33.2012421,-116.1502052,180.0,line-c-e20,33.2014015,-116.1500156,180.0,2026-08-19T16:20:12Z,dipole-dipole,4,8,1.169,684.2,200.442,6.861,0.00408,0.01002,0.00652;0.00606;0.00567;0.00458;0.00454;0.00336;0.00284;0.00299;0.00210;0.00137,
line-c-r00702,line-c,line-c-e14,33.2004452,-116.1511532,180.0,line-c-e15,33.2006046,-116.1509636,180.0,line-c-e19,33.2012421,-116.1502052,180.0,line-c-e20,33.2014015,-116.1500156,180.0,2026-08-19T16:20:24Z,dipole-dipole,4,3,1.542,518.8,208.872,6.352,0.00404,0.00110,0.00687;0.00624;0.00567;0.00510;0.00440;0.00376;0.00344;0.00281;0.00195;0.00140,
line-c-r00703,line-c,line-c-e14,33.2004452,-116.1511532,180.0,line-c-e15,33.2006046,-116.1509636,180.0,line-c-e19,33.2012421,-116.1502052,180.0,line-c-e20,33.2014015,-116.1500156,180.0,2026-08-19T16:20:36Z,dipole-dipole,4,6,1.127,710.1,210.625,7.567,0.00472,0.00132,0.00750;0.00763;0.00681;0.00605;0.00488;0.00468;0.00356;0.00302;0.00239;0.00168,
line-c-r00704,line-c,line-c-e14,33.2004452,-116.1511532,180.0,line-c-e15,33.2006046,-116.1509636,180.0,line-c-e19,33.2012421,-116.1502052,180.0,line-c-e20,33.2014015,-116.1500156,180.0,2026-08-19T16:20:48Z,dipole-dipole,4,3,1.370,584.0,207.969,7.348,0.00427,0.00096,0.00784;0.00691;0.00592;0.00524;0.00508;0.00405;0.00363;0.00275;0.00212;0.00163,
line-c-r00705,line-c,line-c-e14,33.2004452,-116.1511532,180.0,line-c-e15,33.2006046,-116.1509636,180.0,line-c-e19,33.2012421,-116.1502052,180.0,line-c-e20,33.2014015,-116.1500156,180.0,2026-08-19T16:21:00Z,dipole-dipole,4,8,1.366,585.6,193.109,7.126,0.00543,0.00121,0.00876;0.00816;0.00712;0.00688;0.00574;0.00531;0.00422;0.00325;0.00269;0.00198,
line-c-r00706,line-c,line-c-e14,33.2004452,-116.1511532,180.0,line-c-e15,33.2006046,-116.1509636,180.0,line-c-e19,33.2012421,-116.1502052,180.0,line-c-e20,33.2014015,-116.1500156,180.0,2026-08-19T16:21:12Z,dipole-dipole,4,5,1.456,549.5,192.809,7.961,0.00570,0.00114,0.00912;0.00821;0.00762;0.00657;0.00591;0.00478;0.00476;0.00339;0.00294;0.00212,
line-c-r00707,line-c,line-c-e14,33.2004452,-116.1511532,180.0,line-c-e15,33.2006046,-116.1509636,180.0,line-c-e19,33.2012421,-116.1502052,180.0,line-c-e20,33.2014015,-116.1500156,180.0,2026-08-19T16:21:24Z,dipole-dipole,4,7,1.043,766.9,202.592,6.885,0.00498,0.00108,0.00823;0.00706;0.00801;0.00642;0.00515;0.00421;0.00398;0.00348;0.00269;0.00194,
line-c-r00708,line-c,line-c-e15,33.2006046,-116.1509636,180.0,line-c-e16,33.2007640,-116.1507740,180.0,line-c-e17,33.2009234,-116.1505844,180.0,line-c-e18,33.2010827,-116.1503948,180.0,2026-08-19T16:21:36Z,dipole-dipole,1,6,1.394,573.9,212.385,8.991,0.00330,0.00089,0.00479;0.00502;0.00508;0.00382;0.00400;0.00341;0.00275;0.00201;0.00154;0.00128,
line-c-r00709,line-c,line-c-e15,33.2006046,-116.1509636,180.0,line-c-e16,33.2007640,-116.1507740,180.0,line-c-e17,33.2009234,-116.1505844,180.0,line-c-e18,33.2010827,-116.1503948,180.0,2026-08-19T16:21:48Z,dipole-dipole,1,8,1.133,705.8,205.547,7.015,0.00553,0.00095,0.00812;0.00868;0.00749;0.00684;0.00600;0.00627;0.00472;0.00407;0.00265;0.00193,
line-c-r00710,line-c,line-c-e15,33.2006046,-116.1509636,180.0,line-c-e16,33.2007640,-116.1507740,180.0,line-c-e17,33.2009234,-116.1505844,180.0,line-c-e18,33.2010827,-116.1503948,180.0,2026-08-19T16:22:00Z,dipole-dipole,1,7,1.302,614.6,208.108,8.281,0.00541,0.00105,0.00868;0.00839;0.00710;0.00667;0.00562;0.00504;0.00429;0.00324;0.00259;0.00191,
line-c-r00711,line-c,line-c-e15,33.2006046,-116.1509636,180.0,line-c-e16,33.2007640,-116.1507740,180.0,line-c-e17,33.2009234,-116.1505844,180.0,line-c-e18,33.2010827,-116.1503948,180.0,2026-08-19T16:22:12Z,dipole-dipole,1,7,1.463,546.7,206.364,7.692,0.00654,0.00126,0.00999;0.00967;0.00961;0.00840;0.00720;0.00601;0.00505;0.00402;0.00328;0.00230,
line-c-r00712,line-c,line-c-e15,33.2006046,-116.1509636,180.0,line-c-e16,33.2007640,-116.1507740,180.0,line-c-e17,33.2009234,-116.1505844,180.0,line-c-e18,33.2010827,-116.1503948,180.0,2026-08-19T16:22:24Z,dipole-dipole,1,5,1.478,541.1,200.845,7.501,0.00425,0.00117,0.00646;0.00662;0.00620;0.00569;0.00476;0.00377;0.00311;0.00270;0.00231;0.00145,
line-c-r00713,line-c,line-c-e15,33.2006046,-116.1509636,180.0,line-c-e16,33.2007640,-116.1507740,180.0,line-c-e17,33.2009234,-116.1505844,180.0,line-c-e18,33.2010827,-116.1503948,180.0,2026-08-19T16:22:36Z,dipole-dipole,1,4,1.522,525.5,205.271,7.128,0.00396,0.00115,0.00606;0.00573;0.00578;0.00497;0.00418;0.00379;0.00276;0.00277;0.00197;0.00131,
line-c-r00714,line-c,line-c-e15,33.2006046,-116.1509636,180.0,line-c-e16,33.2007640,-116.1507740,180.0,line-c-e17,33.2009234,-116.1505844,180.0,line-c-e18,33.2010827,-116.1503948,180.0,2026-08-19T16:22:48Z,dipole-dipole,1,7,1.399,572.0,214.112,8.773,0.00516,0.00087,0.00804;0.00791;0.00727;0.00657;0.00602;0.00416;0.00414;0.00304;0.00254;0.00172,
line-c-r00715,line-c,line-c-e15,33.2006046,-116.1509636,180.0,line-c-e16,33.2007640,-116.1507740,180.0,line-c-e18,33.2010827,-116.1503948,180.0,line-c-e19,33.2012421,-116.1502052,180.0,2026-08-19T16:23:00Z,dipole-dipole,2,4,1.375,581.9,204.728,7.705,0.00362,0.00090,0.00534;0.00510;0.00493;0.00448;0.00421;0.00368;0.00271;0.00252;0.00173;0.00119,
line-c-r00716,line-c,line-c-e15,33.2006046,-116.1509636,180.0,line-c-e16,33.2007640,-116.1507740,180.0,line-c-e18,33.2010827,-116.1503948,180.0,line-c-e19,33.2012421,-116.1502052,180.0,2026-08-19T16:23:12Z,dipole-dipole,2,3,1.166,686.2,194.328,7.009,0.00621,0.00110,0.01027;0.00848;0.00833;0.00771;0.00689;0.00610;0.00517;0.00399;0.00284;0.00219,
line-c-r00717,line-c,line-c-e15,33.2006046,-116.1509636,180.0,line-c-e16,33.2007640,-116.1507740,180.0,line-c-e18,33.2010827,-116.1503948,180.0,line-c-e19,33.2012421,-116.1502052,180.0,2026-08-19T16:23:24Z,dipole-dipole,2,8,1.807,442.8,191.828,5.409,0.00292,0.00083,0.00488;0.00447;0.00423;0.00411;0.00355;0.00313;0.00226;0.00200;0.00156;0.00108,
line-c-r00718,line-c,line-c-e15,33.2006046,-116.1509636,180.0,line-c-e16,33.2007640,-116.1507740,180.0,line-c-e18,33.2010827,-116.1503948,180.0,line-c-e19,33.2012421,-116.1502052,180.0,2026-08-19T16:23:36Z,dipole-dipole,2,8,2.000,375.5,206.394,9.001,0.00479,0.00102,0.00729;0.00655;0.00595;0.00545;0.00491;0.00457;0.00363;0.00285;0.00242;0.00174,
line-c-r00719,line-c,line-c-e15,33.2006046,-116.1509636,180.0,line-c-e16,33.2007640,-116.1507740,180.0,line-c-e18,33.2010827,-116.1503948,180.0,line-c-e19,33.2012421,-116.1502052,180.0,2026-08-19T16:23:48Z,dipole-dipole,2,8,1.437,556.8,195.616,6.120,0.00628,0.00097,0.01023;0.00962;0.00886;0.00735;0.00713;0.00595;0.00476;0.00413;0.00293;0.00215,
line-c-r00720,line-c,line-c-e15,33.2006046,-116.1509636,180.0,line-c-e16,33.2007640,-116.1507740,180.0,line-c-e18,33.2010827,-116.1503948,180.0,line-c-e19,33.2012421,-116.1502052,180.0,2026-08-19T16:24:00Z,dipole-dipole,2,8,1.258,635.9,202.220,9.254,0.00371,0.00090,0.00570;0.00551;0.00540;0.00479;0.00385;0.00329;0.00267;0.00237;0.00181;0.00130,
line-c-r00721,line-c,line-c-e15,33.2006046,-116.1509636,180.0,line-c-e16,33.2007640,-116.1507740,180.0,line-c-e19,33.2012421,-116.1502052,180.0,line-c-e20,33.2014015,-116.1500156,180.0,2026-08-19T16:24:12Z,dipole-dipole,3,8,1.348,593.5,217.015,7.535,0.00459,0.00103,0.00165;0.00218;0.00310;0.00337;0.00457;0.00519;0.00543;0.00624;0.00718;0.00714,
line-c-r00722,line-c,line-c-e15,33.2006046,-116.1509636,180.0,line-c-e16,33.2007640,-116.1507740,180.0,line-c-e19,33.2012421,-116.1502052,180.0,line-c-e20,33.2014015,-116.1500156,180.0,2026-08-19T16:24:24Z,dipole-dipole,3,5,1.469,544.4,208.126,9.275,0.00331,0.00078,0.00553;0.00498;0.00421;0.00369;0.00365;0.00344;0.00269;0.00211;0.00172;0.00113,
line-c-r00723,line-c,line-c-e15,33.2006046,-116.1509636,180.0,line-c-e16,33.2007640,-116.1507740,180.0,line-c-e19,33.2012421,-116.1502052,180.0,line-c-e20,33.2014015,-116.1500156,180.0,2026-08-19T16:24:36Z,dipole-dipole,3,7,1.270,629.8,209.839,6.158,0.00383,0.00132,0.00605;0.00535;0.00478;0.00454;0.00413;0.00341;0.00279;0.00255;0.00167;0.00137,
line-c-r00724,line-c,line-c-e15,33.2006046,-116.1509636,180.0,line-c-e16,33.2007640,-116.1507740,180.0,line-c-e19,33.2012421,-116.1502052,180.0,line-c-e20,33.2014015,-116.1500156,180.0,2026-08-19T16:24:48Z,dipole-dipole,3,8,1.262,633.7,193.034,6.017,0.00714,0.00099,0.01080;0.01234;0.00896;0.00823;0.00834;0.00649;0.00564;0.00447;0.00340;0.00258,
line-c-r00725,line-c,line-c-e15,33.2006046,-116.1509636,180.0,line-c-e16,33.2007640,-116.1507740,180.0,line-c-e19,33.2012421,-116.1502052,180.0,line-c-e20,33.2014015,-116.1500156,180.0,2026-08-19T16:25:00Z,dipole-dipole,3,3,1.436,557.0,199.868,5.977,0.00435,0.00117,0.00660;0.00613;0.00578;0.00611;0.00434;0.00390;0.00359;0.00270;0.00211;0.00146,
line-c-r00726,line-c,line-c-e15,33.2006046,-116.1509636,180.0,line-c-e16,33.2007640,-116.1507740,180.0,line-c-e19,33.2012421,-116.1502052,180.0,line-c-e20,33.2014015,-116.1500156,180.0,2026-08-19T16:25:12Z,dipole-dipole,3,6,1.175,680.7,206.983,6.906,0.00431,0.00152,0.00691;0.00699;0.00598;0.00559;0.00433;0.00405;0.00325;0.00282;0.00195;0.00146,
line-c-r00727,line-c,line-c-e15,33.2006046,-116.1509636,180.0,line-c-e16,33.2007640,-116.1507740,180.0,line-c-e19,33.2012421,-116.1502052,180.0,line-c-e20,33.2014015,-116.1500156,180.0,2026-08-19T16:25:24Z,dipole-dipole,3,5,1.190,672.2,200.809,7.229,0.00488,0.00124,0.00784;0.00684;0.00636;0.00643;0.00497;0.00481;0.00387;0.00299;0.00234;0.00180,
line-c-r00728,line-c,line-c-e15,33.2006046,-116.1509636,180.0,line-c-e16,33.2007640,-116.1507740,180.0,line-c-e19,33.2012421,-116.1502052,180.0,line-c-e20,33.2014015,-116.1500156,180.0,2026-08-19T16:25:36Z,dipole-dipole,3,6,1.303,614.0,197.681,5.756,0.00414,0.00126,0.00688;0.00601;0.00573;0.00531;0.00461;0.00366;0.00366;0.00256;0.00204;0.00145,
line-c-r00729,line-c,line-c-e16,33.2007640,-116.1507740,180.0,line-c-e17,33.2009234,-116.1505844,180.0,line-c-e18,33.2010827,-116.1503948,180.0,line-c-e19,33.2012421,-116.1502052,180.0,2026-08-19T16:25:48Z,dipole-dipole,1,6,2.000,361.7,202.538,7.906,0.00530,0.00092,0.00879;0.00927;0.00705;0.00662;0.00640;0.00543;0.00416;0.00353;0.00235;0.00182,
line-c-r00730,line-c,line-c-e16,33.2007640,-116.1507740,180.0,line-c-e17,33.2009234,-116.1505844,180.0,line-c-e18,33.2010827,-116.1503948,180.0,line-c-e19,33.2012421,-116.1502052,180.0,2026-08-19T16:26:00Z,dipole-dipole,1,4,2.000,389.0,194.963,7.779,0.00612,0.00146,0.00897;0.00912;0.00863;0.00714;0.00671;0.00607;0.00498;0.00413;0.00327;0.00210,
line-c-r00731,line-c,line-c-e16,33.2007640,-116.1507740,180.0,line-c-e17,33.2009234,-116.1505844,180.0,line-c-e18,33.2010827,-116.1503948,180.0,line-c-e19,33.2012421,-116.1502052,180.0,2026-08-19T16:26:12Z,dipole-dipole,1,4,1.821,439.3,199.917,7.622,0.00452,0.00114,0.00712;0.00694;0.00588;0.00538;0.00468;0.00422;0.00379;0.00273;0.00233;0.00160,
line-c-r00732,line-c,line-c-e16,33.2007640,-116.1507740,180.0,line-c-e17,33.2009234,-116.1505844,180.0,line-c-e18,33.2010827,-116.1503948,180.0,line-c-e19,33.2012421,-116.1502052,180.0,2026-08-19T16:26:24Z,dipole-dipole,1,6,1.897,421.8,218.010,6.138,0.00516,0.00110,0.00845;0.00724;0.00713;0.00617;0.00583;0.00452;0.00411;0.00330;0.00231;0.00188,
line-c-r00733,line-c,line-c-e16,33.2007640,-116.1507740,180.0,line-c-e17,33.2009234,-116.1505844,180.0,line-c-e18,33.2010827,-116.1503948,180.0,line-c-e19,33.2012421,-116.1502052,180.0,2026-08-19T16:26:36Z,dipole-dipole,1,5,2.000,398.5,205.022,8.171,0.00299,0.00088,0.00470;0.00496;0.00399;0.00381;0.00328;0.00302;0.00235;0.00192;0.00144;0.00100,
line-c-r00734,line-c,line-c-e16,33.2007640,-116.1507740,180.0,line-c-e17,33.2009234,-116.1505844,180.0,line-c-e18,33.2010827,-116.1503948,180.0,line-c-e19,33.2012421,-116.1502052,180.0,2026-08-19T16:26:48Z,dipole-dipole,1,4,1.687,474.1,209.826,466.204,0.00493,0.00101,0.00795;0.00634;0.00662;0.00601;0.00586;0.00492;0.00392;0.00313;0.00221;0.00168,
line-c-r00735,line-c,line-c-e16,33.2007640,-116.1507740,180.0,line-c-e17,33.2009234,-116.1505844,180.0,line-c-e18,33.2010827,-116.1503948,180.0,line-c-e19,33.2012421,-116.1502052,180.0,2026-08-19T16:27:00Z,dipole-dipole,1,8,2.000,322.1,210.788,7.468,0.00585,0.00118,0.00936;0.00838;0.00772;0.00675;0.00661;0.00553;0.00435;0.00331;0.00276;0.00202,
line-c-r00736,line-c,line-c-e16,33.2007640,-116.1507740,180.0,line-c-e17,33.2009234,-116.1505844,180.0,line-c-e19,33.2012421,-116.1502052,180.0,line-c-e20,33.2014015,-116.1500156,180.0,2026-08-19T16:27:12Z,dipole-dipole,2,7,1.978,404.5,194.227,6.843,0.00623,0.00101,0.00957;0.00972;0.00831;0.00793;0.00662;0.00585;0.00492;0.00384;0.00314;0.00206,
line-c-r00737,line-c,line-c-e16,33.2007640,-116.1507740,180.0,line-c-e17,33.2009234,-116.1505844,180.0,line-c-e19,33.2012421,-116.1502052,180.0,line-c-e20,33.2014015,-116.1500156,180.0,2026-08-19T16:27:24Z,dipole-dipole,2,3,1.986,402.9,193.307,6.085,0.00518,0.00089,0.00782;0.00741;0.00822;0.00717;0.00642;0.00477;0.00411;0.00329;0.00230;0.00170,
line-c-r00738,line-c,line-c-e16,33.2007640,-116.1507740,180.0,line-c-e17,33.2009234,-116.1505844,180.0,line-c-e19,33.2012421,-116.1502052,180.0,line-c-e20,33.2014015,-116.1500156,180.0,2026-08-19T16:27:36Z,dipole-dipole,2,4,2.000,399.5,194.524,6.406,0.00713,0.00094,0.01197;0.01033;0.01033;0.00853;0.00897;0.00626;0.00560;0.00436;0.00375;0.00245,
line-c-r00739,line-c,line-c-e16,33.2007640,-116.1507740,180.0,line-c-e17,33.2009234,-116.1505844,180.0,line-c-e19,33.2012421,-116.1502052,180.0,line-c-e20,33.2014015,-116.1500156,180.0,2026-08-19T16:27:48Z,dipole-dipole,2,8,2.000,358.7,200.921,5.881,0.00711,0.00104,0.01134;0.01106;0.00938;0.00844;0.00746;0.00684;0.00596;0.00433;0.00336;0.00257,
line-c-r00740,line-c,line-c-e16,33.2007640,-116.1507740,180.0,line-c-e17,33.2009234,-116.1505844,180.0,line-c-e19,33.2012421,-116.1502052,180.0,line-c-e20,33.2014015,-116.1500156,180.0,2026-08-19T16:28:00Z,dipole-dipole,2,6,1.611,496.7,184.741,8.066,0.00355,0.00086,0.00543;0.00521;0.00470;0.00463;0.00468;0.00324;0.00259;0.00232;0.00183;0.00129,
line-c-r00741,line-c,line-c-e16,33.2007640,-116.1507740,180.0,line-c-e17,33.2009234,-116.1505844,180.0,line-c-e19,33.2012421,-116.1502052,180.0,line-c-e20,33.2014015,-116.1500156,180.0,2026-08-19T16:28:12Z,dipole-dipole,2,8,2.000,367.7,189.789,7.283,0.00809,0.00085,0.01335;0.01174;0.01269;0.01019;0.00956;0.00731;0.00645;0.00553;0.00418;0.00310,
line-c-r00742,line-c,line-c-e17,33.2009234,-116.1505844,180.0,line-c-e18,33.2010827,-116.1503948,180.0,line-c-e19,33.2012421,-116.1502052,180.0,line-c-e20,33.2014015,-116.1500156,180.0,2026-08-19T16:28:24Z,dipole-dipole,1,3,1.326,603.5,213.701,7.935,0.00717,0.01591,0.01134;0.01192;0.00990;0.00866;0.00807;0.00705;0.00511;0.00481;0.00338;0.00246,
line-c-r00743,line-c,line-c-e17,33.2009234,-116.1505844,180.0,line-c-e18,33.2010827,-116.1503948,180.0,line-c-e19,33.2012421,-116.1502052,180.0,line-c-e20,33.2014015,-116.1500156,180.0,2026-08-19T16:28:36Z,dipole-dipole,1,5,0.975,820.4,209.444,9.401,0.00528,0.00095,0.00821;0.00704;0.00783;0.00715;0.00552;0.00465;0.00441;0.00347;0.00278;0.00187,
line-c-r00744,line-c,line-c-e17,33.2009234,-116.1505844,180.0,line-c-e18,33.2010827,-116.1503948,180.0,line-c-e19,33.2012421,-116.1502052,180.0,line-c-e20,33.2014015,-116.1500156,180.0,2026-08-19T16:28:48Z,dipole-dipole,1,8,0.855,935.4,-196.334,8.998,0.00282,0.00138,0.00434;0.00412;0.00444;0.00347;0.00311;0.00283;0.00233;0.00170;0.00144;0.00095,
line-c-r00745,line-c,line-c-e17,33.2009234,-116.1505844,180.0,line-c-e18,33.2010827,-116.1503948,180.0,line-c-e19,33.2012421,-116.1502052,180.0,line-c-e20,33.2014015,-116.1500156,180.0,2026-08-19T16:29:00Z,dipole-dipole,1,6,1.117,716.2,203.537,7.156,0.00416,0.00132,0.00689;0.00599;0.00592;0.00500;0.00483;0.00390;0.00343;0.00277;0.00207;0.00148,
line-c-r00746,line-c,line-c-e17,33.2009234,-116.1505844,180.0,line-c-e18,33.2010827,-116.1503948,180.0,line-c-e19,33.2012421,-116.1502052,180.0,line-c-e20,33.2014015,-116.1500156,180.0,2026-08-19T16:29:12Z,dipole-dipole,1,7,1.121,713.8,201.189,9.899,0.00565,0.00102,0.00878;0.00882;0.00768;0.00667;0.00589;0.00490;0.00461;0.00351;0.00310;0.00229,
line-c-r00747,line-c,line-c-e17,33.2009234,-116.1505844,180.0,line-c-e18,33.2010827,-116.1503948,180.0,line-c-e19,33.2012421,-116.1502052,180.0,line-c-e20,33.2014015,-116.1500156,180.0,2026-08-19T16:29:24Z,dipole-dipole,1,7,1.221,655.0,207.471,8.319,0.00529,0.00074,0.00833;0.00848;0.00800;0.00710;0.00590;0.00490;0.00426;0.00336;0.00272;0.00170,
line-c-r00748,line-c,line-c-e17,33.2009234,-116.1505844,180.0,line-c-e18,33.2010827,-116.1503948,180.0,line-c-e19,33.2012421,-116.1502052,180.0,line-c-e20,33.2014015,-116.1500156,180.0,2026-08-19T16:29:36Z,dipole-dipole,1,5,0.899,889.6,212.642,7.656,0.00572,0.00103,0.00973;0.00769;0.00872;0.00674;0.00627;0.00572;0.00494;0.00365;0.00269;0.00190,
line-c-r00749,line-c,line-c-e11,33.1999670,-116.1517219,180.0,line-c-e12,33.2001264,-116.1515323,180.0,line-c-e20,33.2014015,-116.1500156,180.0,line-c-e21,33.2015609,-116.1498260,180.0,2026-08-19T16:54:48Z,dipole-dipole,8,4,0.746,1072.5,200.316,7.301,0.00583,0.00079,0.00911;0.00865;0.00803;0.00698;0.00654;0.00612;0.00437;0.00438;0.00289;0.00204,
line-c-r00750,line-c,line-c-e11,33.1999670,-116.1517219,180.0,line-c-e12,33.2001264,-116.1515323,180.0,line-c-e20,33.2014015,-116.1500156,180.0,line-c-e21,33.2015609,-116.1498260,180.0,2026-08-19T16:55:00Z,dipole-dipole,8,7,0.958,835.2,184.915,6.938,0.00857,0.00114,0.01335;0.01270;0.01273;0.01030;0.00923;0.00890;0.00655;0.00583;0.00402;0.00281,
line-c-r00751,line-c,line-c-e11,33.1999670,-116.1517219,180.0,line-c-e12,33.2001264,-116.1515323,180.0,line-c-e20,33.2014015,-116.1500156,180.0,line-c-e21,33.2015609,-116.1498260,180.0,2026-08-19T16:55:12Z,dipole-dipole,8,7,0.698,1146.4,186.994,6.871,0.00537,0.00120,0.00764;0.00896;0.00672;0.00657;0.00563;0.00520;0.00460;0.00323;0.00276;0.00172,
line-c-r00752,line-c,line-c-e11,33.1999670,-116.1517219,180.0,line-c-e12,33.2001264,-116.1515323,180.0,line-c-e20,33.2014015,-116.1500156,180.0,line-c-e21,33.2015609,-116.1498260,180.0,2026-08-19T16:55:24Z,dipole-dipole,8,7,0.808,989.5,184.481,4.991,0.00740,0.00115,0.01337;0.01083;0.01032;0.00892;0.00867;0.00682;0.00567;0.00438;0.00356;0.00253,
line-c-r00753,line-c,line-c-e11,33.1999670,-116.1517219,180.0,line-c-e12,33.2001264,-116.1515323,180.0,line-c-e20,33.2014015,-116.1500156,180.0,line-c-e21,33.2015609,-116.1498260,180.0,2026-08-19T16:55:36Z,dipole-dipole,8,6,0.922,867.7,188.309,6.364,0.00733,0.00091,0.01225;0.01168;0.01057;0.00904;0.00928;0.00660;0.00523;0.00431;0.00345;0.00252,
line-c-r00754,line-c,line-c-e11,33.1999670,-116.1517219,180.0,line-c-e12,33.2001264,-116.1515323,180.0,line-c-e20,33.2014015,-116.1500156,180.0,line-c-e21,33.2015609,-116.1498260,180.0,2026-08-19T16:55:48Z,dipole-dipole,8,4,1.229,651.1,186.949,8.742,0.00643,0.00098,0.01048;0.01029;0.00857;0.00787;0.00635;0.00616;0.00496;0.00400;0.00331;0.00222,
line-c-r00755,line-c,line-c-e11,33.1999670,-116.1517219,180.0,line-c-e12,33.2001264,-116.1515323,180.0,line-c-e20,33.2014015,-116.1500156,180.0,line-c-e21,33.2015609,-116.1498260,180.0,2026-08-19T16:56:00Z,dipole-dipole,8,3,0.938,853.1,195.280,6.737,0.00592,0.00107,0.00923;0.00828;0.00817;0.00806;0.00625;0.00585;0.00441;0.00390;0.00303;0.00194,
line-c-r00756,line-c,line-c-e11,33.1999670,-116.1517219,180.0,line-c-e12,33.2001264,-116.1515323,180.0,line-c-e20,33.2014015,-116.1500156,180.0,line-c-e21,33.2015609,-116.1498260,180.0,2026-08-19T16:56:12Z,dipole-dipole,8,5,0.990,808.0,187.195,9.109,0.00602,0.00151,0.00854;0.00825;0.00794;0.00812;0.00660;0.00519;0.00553;0.00389;0.00304;0.00207,
line-c-r00757,line-c,line-c-e12,33.2001264,-116.1515323,180.0,line-c-e13,33.2002858,-116.1513427,180.0,line-c-e20,33.2014015,-116.1500156,180.0,line-c-e21,33.2015609,-116.1498260,180.0,2026-08-19T16:56:24Z,dipole-dipole,7,7,2.000,385.5,191.166,7.588,0.00684,0.00103,0.01129;0.01017;0.01003;0.00846;0.00760;0.00685;0.00531;0.00453;0.00311;0.00245,
line-c-r00758,line-c,line-c-e12,33.2001264,-116.1515323,180.0,line-c-e13,33.2002858,-116.1513427,180.0,line-c-e20,33.2014015,-116.1500156,180.0,line-c-e21,33.2015609,-116.1498260,180.0,2026-08-19T16:56:36Z,dipole-dipole,7,5,2.000,392.4,203.393,7.223,0.00613,0.00086,0.00909;0.00834;0.00892;0.00755;0.00653;0.00611;0.00475;0.00451;0.00296;0.00203,
line-c-r00759,line-c,line-c-e12,33.2001264,-116.1515323,180.0,line-c-e13,33.2002858,-116.1513427,180.0,line-c-e20,33.2014015,-116.1500156,180.0,line-c-e21,33.2015609,-116.1498260,180.0,2026-08-19T16:56:48Z,dipole-dipole,7,3,1.741,459.6,197.099,8.023,0.00422,0.00093,0.00683;0.00636;0.00592;0.00498;0.00442;0.00416;0.00347;0.00266;0.00212;0.00138,
line-c-r00760,line-c,line-c-e12,33.2001264,-116.1515323,180.0,line-c-e13,33.2002858,-116.1513427,180.0,line-c-e20,33.2014015,-116.1500156,180.0,line-c-e21,33.2015609,-116.1498260,180.0,2026-08-19T16:57:00Z,dipole-dipole,7,8,2.000,285.0,191.828,9.111,0.00511,0.00142,0.00830;0.00670;0.00727;0.00679;0.00571;0.00505;0.00400;0.00358;0.00269;0.00175,
line-c-r00761,line-c,line-c-e12,33.2001264,-116.1515323,180.0,line-c-e13,33.2002858,-116.1513427,180.0,line-c-e20,33.2014015,-116.1500156,180.0,line-c-e21,33.2015609,-116.1498260,180.0,2026-08-19T16:57:12Z,dipole-dipole,7,6,1.911,418.5,178.427,7.211,0.00628,0.00114,0.00981;0.00832;0.00872;0.00717;0.00634;0.00571;0.00448;0.00402;0.00333;0.00227,
line-c-r00762,line-c,line-c-e12,33.2001264,-116.1515323,180.0,line-c-e13,33.2002858,-116.1513427,180.0,line-c-e20,33.2014015,-116.1500156,180.0,line-c-e21,33.2015609,-116.1498260,180.0,2026-08-19T16:57:24Z,dipole-dipole,7,4,1.769,452.3,188.260,8.221,0.00646,0.00106,0.01082;0.01002;0.00950;0.00725;0.00705;0.00591;0.00480;0.00425;0.00276;0.00229,
line-c-r00763,line-c,line-c-e12,33.2001264,-116.1515323,180.0,line-c-e13,33.2002858,-116.1513427,180.0,line-c-e20,33.2014015,-116.1500156,180.0,line-c-e21,33.2015609,-116.1498260,180.0,2026-08-19T16:57:36Z,dipole-dipole,7,3,1.646,486.1,199.670,6.210,0.00537,0.00125,0.00804;0.00820;0.00726;0.00646;0.00590;0.00480;0.00437;0.00333;0.00286;0.00178,
line-c-r00764,line-c,line-c-e12,33.2001264,-116.1515323,180.0,line-c-e13,33.2002858,-116.1513427,180.0,line-c-e20,33.2014015,-116.1500156,180.0,line-c-e21,33.2015609,-116.1498260,180.0,2026-08-19T16:57:48Z,dipole-dipole,7,7,1.626,492.1,200.135,7.197,0.00751,0.00103,0.01147;0.01190;0.00967;0.00947;0.00801;0.00666;0.00601;0.00532;0.00397;0.00257,
line-c-r00765,line-c,line-c-e12,33.2001264,-116.1515323,180.0,line-c-e13,33.2002858,-116.1513427,180.0,line-c-e21,33.2015609,-116.1498260,180.0,line-c-e22,33.2017203,-116.1496364,180.0,2026-08-19T16:58:00Z,dipole-dipole,8,5,1.588,503.7,192.447,7.083,0.00435,0.00108,0.00660;0.00656;0.00592;0.00620;0.00472;0.00425;0.00309;0.00240;0.00222;0.00144,
line-c-r00766,line-c,line-c-e12,33.2001264,-116.1515323,180.0,line-c-e13,33.2002858,-116.1513427,180.0,line-c-e21,33.2015609,-116.1498260,180.0,line-c-e22,33.2017203,-116.1496364,180.0,2026-08-19T16:58:12Z,dipole-dipole,8,4,1.257,636.6,187.588,6.926,0.00665,0.00110,0.01104;0.00989;0.00943;0.00860;0.00733;0.00611;0.00504;0.00417;0.00293;0.00222,
line-c-r00767,line-c,line-c-e12,33.2001264,-116.1515323,180.0,line-c-e13,33.2002858,-116.1513427,180.0,line-c-e21,33.2015609,-116.1498260,180.0,line-c-e22,33.2017203,-116.1496364,180.0,2026-08-19T16:58:24Z,dipole-dipole,8,3,1.686,474.6,193.349,6.911,0.00606,0.00103,0.01038;0.00889;0.00837;0.00780;0.00697;0.00629;0.00448;0.00364;0.00289;0.00219,
line-c-r00768,line-c,line-c-e12,33.2001264,-116.1515323,180.0,line-c-e13,33.2002858,-116.1513427,180.0,line-c-e21,33.2015609,-116.1498260,180.0,line-c-e22,33.2017203,-116.1496364,180.0,2026-08-19T16:58:36Z,dipole-dipole,8,6,1.926,415.4,186.505,6.285,0.00957,0.00111,0.01414;0.01356;0.01276;0.01199;0.00991;0.00855;0.00826;0.00555;0.00480;0.00320,
line-c-r00769,line-c,line-c-e12,33.2001264,-116.1515323,180.0,line-c-e13,33.2002858,-116.1513427,180.0,line-c-e21,33.2015609,-116.1498260,180.0,line-c-e22,33.2017203,-116.1496364,180.0,2026-08-19T16:58:48Z,dipole-dipole,8,3,1.863,429.5,199.023,6.742,0.00677,0.00103,0.01132;0.01004;0.00900;0.00850;0.00779;0.00640;0.00608;0.00450;0.00289;0.00252,
line-c-r00770,line-c,line-c-e12,33.2001264,-116.1515323,180.0,line-c-e13,33.2002858,-116.1513427,180.0,line-c-e21,33.2015609,-116.1498260,180.0,line-c-e22,33.2017203,-116.1496364,180.0,2026-08-19T16:59:00Z,dipole-dipole,8,3,1.640,487.8,190.223,7.410,0.00393,0.00103,0.00631;0.00588;0.00545;0.00480;0.00461;0.00413;0.00309;0.00249;0.00217;0.00130,
line-c-r00771,line-c,line-c-e12,33.2001264,-116.1515323,180.0,line-c-e13,33.2002858,-116.1513427,180.0,line-c-e21,33.2015609,-116.1498260,180.0,line-c-e22,33.2017203,-116.1496364,180.0,2026-08-19T16:59:12Z,dipole-dipole,8,4,1.753,456.5,208.007,7.923,0.00727,0.00118,0.01243;0.01160;0.00982;0.00930;0.00776;0.00686;0.00573;0.00460;0.00324;0.00243,
line-c-r00772,line-c,line-c-e13,33.2002858,-116.1513427,180.0,line-c-e14,33.2004452,-116.1511532,180.0,line-c-e20,33.2014015,-116.1500156,180.0,line-c-e21,33.2015609,-116.1498260,180.0,2026-08-19T16:59:24Z,dipole-dipole,6,8,2.000,359.8,198.338,7.278,0.00456,0.00108,0.00733;0.00677;0.00626;0.00571;0.00530;0.00419;0.00393;0.00256;0.00248;0.00178,
line-c-r00773,line-c,line-c-e13,33.2002858,-116.1513427,180.0,line-c-e14,33.2004452,-116.1511532,180.0,line-c-e20,33.2014015,-116.1500156,180.0,line-c-e21,33.2015609,-116.1498260,180.0,2026-08-19T16:59:36Z,dipole-dipole,6,3,2.000,271.4,183.626,9.292,0.00618,0.00103,0.01078;0.00857;0.00842;0.00776;0.00711;0.00589;0.00474;0.00394;0.00312;0.00243,
line-c-r00774,line-c,line-c-e13,33.2002858,-116.1513427,180.0,line-c-e14,33.2004452,-116.1511532,180.0,line-c-e20,33.2014015,-116.1500156,180.0,line-c-e21,33.2015609,-116.1498260,180.0,2026-08-19T16:59:48Z,dipole-dipole,6,8,2.000,266.0,196.566,10.497,0.00654,0.00093,0.01115;0.00928;0.00912;0.00815;0.00665;0.00672;0.00544;0.00419;0.00318;0.00222,
line-c-r00775,line-c,line-c-e13,33.2002858,-116.1513427,180.0,line-c-e14,33.2004452,-116.1511532,180.0,line-c-e20,33.2014015,-116.1500156,180.0,line-c-e21,33.2015609,-116.1498260,180.0,2026-08-19T17:00:00Z,dipole-dipole,6,7,2.000,262.0,197.209,7.293,0.00505,0.00092,0.00800;0.00746;0.00645;0.00608;0.00557;0.00463;0.00390;0.00298;0.00240;0.00191,
line-c-r00776,line-c,line-c-e13,33.2002858,-116.1513427,180.0,line-c-e14,33.2004452,-116.1511532,180.0,line-c-e20,33.2014015,-116.1500156,180.0,line-c-e21,33.2015609,-116.1498260,180.0,2026-08-19T17:00:12Z,dipole-dipole,6,7,2.000,269.1,191.535,7.027,0.00529,0.00116,0.00745;0.00776;0.00820;0.00605;0.00564;0.00552;0.00391;0.00348;0.00253;0.00173,
line-c-r00777,line-c,line-c-e13,33.2002858,-116.1513427,180.0,line-c-e14,33.2004452,-116.1511532,180.0,line-c-e20,33.2014015,-116.1500156,180.0,line-c-e21,33.2015609,-116.1498260,180.0,2026-08-19T17:00:24Z,dipole-dipole,6,8,2.000,207.9,204.431,8.017,0.00635,0.00107,0.00935;0.00883;0.00892;0.00800;0.00794;0.00611;0.00541;0.00394;0.00301;0.00227,
line-c-r00778,line-c,line-c-e13,33.2002858,-116.1513427,180.0,line-c-e14,33.2004452,-116.1511532,180.0,line-c-e21,33.2015609,-116.1498260,180.0,line-c-e22,33.2017203,-116.1496364,180.0,2026-08-19T17:00:36Z,dipole-dipole,7,4,2.000,297.4,183.378,6.519,0.00815,0.00108,0.01275;0.01301;0.01209;0.01024;0.00895;0.00715;0.00602;0.00461;0.00375;0.00259,
line-c-r00779,line-c,line-c-e13,33.2002858,-116.1513427,180.0,line-c-e14,33.2004452,-116.1511532,180.0,line-c-e21,33.2015609,-116.1498260,180.0,line-c-e22,33.2017203,-116.1496364,180.0,2026-08-19T17:00:48Z,dipole-dipole,7,5,2.000,342.8,192.918,7.360,0.00498,0.00113,0.00760;0.00749;0.00754;0.00614;0.00547;0.00444;0.00407;0.00359;0.00232;0.00184,
line-c-r00780,line-c,line-c-e13,33.2002858,-116.1513427,180.0,line-c-e14,33.2004452,-116.1511532,180.0,line-c-e21,33.2015609,-116.1498260,180.0,line-c-e22,33.2017203,-116.1496364,180.0,2026-08-19T17:01:00Z,dipole-dipole,7,3,2.000,315.8,199.838,9.138,0.00414,0.00112,0.00621;0.00616;0.00586;0.00519;0.00494;0.00419;0.00347;0.00280;0.00195;0.00145,
line-c-r00781,line-c,line-c-e13,33.2002858,-116.1513427,180.0,line-c-e14,33.2004452,-116.1511532,180.0,line-c-e21,33.2015609,-116.1498260,180.0,line-c-e22,33.2017203,-116.1496364,180.0,2026-08-19T17:01:12Z,dipole-dipole,7,3,2.000,315.1,185.591,6.870,0.00722,0.00113,0.01245;0.01122;0.01018;0.00901;0.00740;0.00595;0.00591;0.00427;0.00373;0.00244,
line-c-r00782,line-c,line-c-e13,33.2002858,-116.1513427,180.0,line-c-e14,33.2004452,-116.1511532,180.0,line-c-e21,33.2015609,-116.1498260,180.0,line-c-e22,33.2017203,-116.1496364,180.0,2026-08-19T17:01:24Z,dipole-dipole,7,4,2.000,341.8,198.235,6.826,0.00640,0.00140,0.01063;0.00891;0.00893;0.00805;0.00698;0.00647;0.00491;0.00423;0.00289;0.00237,
line-c-r00783,line-c,line-c-e13,33.2002858,-116.1513427,180.0,line-c-e14,33.2004452,-116.1511532,180.0,line-c-e21,33.2015609,-116.1498260,180.0,line-c-e22,33.2017203,-116.1496364,180.0,2026-08-19T17:01:36Z,dipole-dipole,7,7,2.000,231.7,193.131,7.789,0.00583,0.00100,0.00937;0.00823;0.00968;0.00815;0.00629;0.00523;0.00456;0.00407;0.00301;0.00194,
line-c-r00784,line-c,line-c-e13,33.2002858,-116.1513427,180.0,line-c-e14,33.2004452,-116.1511532,180.0,line-c-e21,33.2015609,-116.1498260,180.0,line-c-e22,33.2017203,-116.1496364,180.0,2026-08-19T17:01:48Z,dipole-dipole,7,4,2.000,296.4,191.370,6.199,0.00503,0.00112,0.00761;0.00765;0.00688;0.00705;0.00561;0.00461;0.00410;0.00314;0.00260;0.00183,
line-c-r00785,line-c,line-c-e13,33.2002858,-116.1513427,180.0,line-c-e14,33.2004452,-116.1511532,180.0,line-c-e22,33.2017203,-116.1496364,180.0,line-c-e23,33.2018797,-116.1494468,180.0,2026-08-19T17:02:00Z,dipole-dipole,8,5,2.000,313.1,187.487,6.129,0.00651,0.00116,0.01054;0.00915;0.00875;0.00824;0.00742;0.00626;0.00506;0.00407;0.00277;0.00227,
line-c-r00786,line-c,line-c-e13,33.2002858,-116.1513427,180.0,line-c-e14,33.2004452,-116.1511532,180.0,line-c-e22,33.2017203,-116.1496364,180.0,line-c-e23,33.2018797,-116.1494468,180.0,2026-08-19T17:02:12Z,dipole-dipole,8,6,2.000,326.4,201.874,6.532,0.00586,0.00119,0.00875;0.00860;0.00772;0.00771;0.00597;0.00549;0.00449;0.00351;0.00280;0.00218,
line-c-r00787,line-c,line-c-e13,33.2002858,-116.1513427,180.0,line-c-e14,33.2004452,-116.1511532,180.0,line-c-e22,33.2017203,-116.1496364,180.0,line-c-e23,33.2018797,-116.1494468,180.0,2026-08-19T17:02:24Z,dipole-dipole,8,4,2.000,286.1,196.699,5.060,0.00718,0.00150,0.01103;0.00990;0.00979;0.00922;0.00840;0.00636;0.00595;0.00420;0.00360;0.00248,
line-c-r00788,line-c,line-c-e13,33.2002858,-116.1513427,180.0,line-c-e14,33.2004452,-116.1511532,180.0,line-c-e22,33.2017203,-116.1496364,180.0,line-c-e23,33.2018797,-116.1494468,180.0,2026-08-19T17:02:36Z,dipole-dipole,8,8,2.000,231.6,195.173,6.808,0.00621,0.00147,0.01027;0.00865;0.00820;0.00690;0.00660;0.00582;0.00508;0.00353;0.00303;0.00227,
line-c-r00789,line-c,line-c-e13,33.2002858,-116.1513427,180.0,line-c-e14,33.2004452,-116.1511532,180.0,line-c-e22,33.2017203,-116.1496364,180.0,line-c-e23,33.2018797,-116.1494468,180.0,2026-08-19T17:02:48Z,dipole-dipole,8,3,2.000,269.7,191.832,8.003,0.00707,0.00119,0.01079;0.01071;0.00892;0.00832;0.00784;0.00615;0.00585;0.00439;0.00303;0.00247,
line-c-r00790,line-c,line-c-e13,33.2002858,-116.1513427,180.0,line-c-e14,33.2004452,-116.1511532,180.0,line-c-e22,33.2017203,-116.1496364,180.0,line-c-e23,33.2018797,-116.1494468,180.0,2026-08-19T17:03:00Z,dipole-dipole,8,8,2.000,351.5,200.365,8.874,0.00707,0.00138,0.01047;0.01042;0.00953;0.00836;0.00796;0.00694;0.00501;0.00441;0.00306;0.00279,
line-c-r00791,line-c,line-c-e14,33.2004452,-116.1511532,180.0,line-c-e15,33.2006046,-116.1509636,180.0,line-c-e20,33.2014015,-116.1500156,180.0,line-c-e21,33.2015609,-116.1498260,180.0,2026-08-19T17:03:12Z,dipole-dipole,5,4,1.512,529.0,205.457,7.205,0.00555,0.00107,0.00827;0.00843;0.00818;0.00730;0.00594;0.00519;0.00414;0.00347;0.00292;0.00175,
line-c-r00792,line-c,line-c-e14,33.2004452,-116.1511532,180.0,line-c-e15,33.2006046,-116.1509636,180.0,line-c-e20,33.2014015,-116.1500156,180.0,line-c-e21,33.2015609,-116.1498260,180.0,2026-08-19T17:03:24Z,dipole-dipole,5,6,0.985,812.1,-301.006,6.430,0.00565,0.00122,0.00848;0.00802;0.00793;0.00685;0.00585;0.00585;0.00453;0.00348;0.00293;0.00219,
line-c-r00793,line-c,line-c-e14,33.2004452,-116.1511532,180.0,line-c-e15,33.2006046,-116.1509636,180.0,line-c-e20,33.2014015,-116.1500156,180.0,line-c-e21,33.2015609,-116.1498260,180.0,2026-08-19T17:03:36Z,dipole-dipole,5,6,1.428,560.4,192.381,6.914,0.00277,0.00119,0.00437;0.00418;0.00365;0.00333;0.00302;0.00243;0.00216;0.00184;0.00119;0.00101,
line-c-r00794,line-c,line-c-e14,33.2004452,-116.1511532,180.0,line-c-e15,33.2006046,-116.1509636,180.0,line-c-e20,33.2014015,-116.1500156,180.0,line-c-e21,33.2015609,-116.1498260,180.0,2026-08-19T17:03:48Z,dipole-dipole,5,4,1.395,573.6,206.793,8.278,0.00436,0.00088,0.00780;0.00630;0.00614;0.00559;0.00416;0.00403;0.00339;0.00294;0.00231;0.00161,
line-c-r00795,line-c,line-c-e14,33.2004452,-116.1511532,180.0,line-c-e15,33.2006046,-116.1509636,180.0,line-c-e20,33.2014015,-116.1500156,180.0,line-c-e21,33.2015609,-116.1498260,180.0,2026-08-19T17:04:00Z,dipole-dipole,5,3,1.132,707.0,205.796,10.094,0.00435,0.00143,0.00712;0.00572;0.00603;0.00518;0.00509;0.00405;0.00353;0.00283;0.00209;0.00173,
line-c-r00796,line-c,line-c-e14,33.2004452,-116.1511532,180.0,line-c-e15,33.2006046,-116.1509636,180.0,line-c-e20,33.2014015,-116.1500156,180.0,line-c-e21,33.2015609,-116.1498260,180.0,2026-08-19T17:04:12Z,dipole-dipole,5,4,1.091,733.5,201.389,6.202,0.00374,0.00106,0.00611;0.00520;0.00516;0.00505;0.00421;0.00380;0.00298;0.00274;0.00182;0.00131,
line-c-r00797,line-c,line-c-e14,33.2004452,-116.1511532,180.0,line-c-e15,33.2006046,-116.1509636,180.0,line-c-e20,33.2014015,-116.1500156,180.0,line-c-e21,33.2015609,-116.1498260,180.0,2026-08-19T17:04:24Z,dipole-dipole,5,6,1.366,585.5,195.274,7.853,0.00414,0.00099,0.00642;0.00569;0.00573;0.00495;0.00481;0.00394;0.00324;0.00250;0.00192;0.00154,
line-c-r00798,line-c,line-c-e14,33.2004452,-116.1511532,180.0,line-c-e15,33.2006046,-116.1509636,180.0,line-c-e20,33.2014015,-116.1500156,180.0,line-c-e21,33.2015609,-116.1498260,180.0,2026-08-19T17:04:36Z,dipole-dipole,5,4,1.199,667.0,205.557,7.366,0.00385,0.00116,0.00587;0.00607;0.00509;0.00507;0.00469;0.00377;0.00323;0.00231;0.00206;0.00130,
line-c-r00799,line-c,line-c-e14,33.2004452,-116.1511532,180.0,line-c-e15,33.2006046,-116.1509636,180.0,line-c-e21,33.2015609,-116.1498260,180.0,line-c-e22,33.2017203,-116.1496364,180.0,2026-08-19T17:04:48Z,dipole-dipole,6,8,1.216,657.9,190.746,8.798,0.00525,0.00118,0.00815;0.00773;0.00682;0.00596;0.00600;0.00464;0.00442;0.00374;0.00250;0.00185,
line-c-r00800,line-c,line-c-e14,33.2004452,-116.1511532,180.0,line-c-e15,33.2006046,-116.1509636,180.0,line-c-e21,33.2015609,-116.1498260,180.0,line-c-e22,33.2017203,-116.1496364,180.0,2026-08-19T17:05:00Z,dipole-dipole,6,7,1.307,611.9,190.371,6.947,0.00548,0.00097,0.00829;0.00898;0.00782;0.00695;0.00574;0.00553;0.00465;0.00372;0.00260;0.00184,
line-c-r00801,line-c,line-c-e14,33.2004452,-116.1511532,180.0,line-c-e15,33.2006046,-116.1509636,180.0,line-c-e21,33.2015609,-116.1498260,180.0,line-c-e22,33.2017203,-116.1496364,180.0,2026-08-19T17:05:12Z,dipole-dipole,6,4,1.146,697.9,214.623,9.154,0.00485,0.00104,0.00750;0.00663;0.00630;0.00597;0.00485;0.00487;0.00384;0.00332;0.00259;0.00187,
line-c-r00802,line-c,line-c-e14,33.2004452,-116.1511532,180.0,line-c-e15,33.2006046,-116.1509636,180.0,line-c-e21,33.2015609,-116.1498260,180.0,line-c-e22,33.2017203,-116.1496364,180.0,2026-08-19T17:05:24Z,dipole-dipole,6,5,1.253,638.6,195.549,6.913,0.00651,0.00090,0.00916;0.00926;0.00853;0.00774;0.00747;0.00648;0.00526;0.00454;0.00346;0.00227,
line-c-r00803,line-c,line-c-e14,33.2004452,-116.1511532,180.0,line-c-e15,33.2006046,-116.1509636,180.0,line-c-e21,33.2015609,-116.1498260,180.0,line-c-e22,33.2017203,-116.1496364,180.0,2026-08-19T17:05:36Z,dipole-dipole,6,6,1.035,773.1,200.188,6.438,0.00587,0.00109,0.00932;0.00836;0.00871;0.00683;0.00659;0.00544;0.00432;0.00387;0.00275;0.00191,
line-c-r00804,line-c,line-c-e14,33.2004452,-116.1511532,180.0,line-c-e15,33.2006046,-116.1509636,180.0,line-c-e21,33.2015609,-116.1498260,180.0,line-c-e22,33.2017203,-116.1496364,180.0,2026-08-19T17:05:48Z,dipole-dipole,6,5,1.262,634.2,201.605,6.212,0.00635,0.00106,0.00996;0.00958;0.00829;0.00804;0.00826;0.00592;0.00470;0.00406;0.00287;0.00228,
line-c-r00805,line-c,line-c-e14,33.2004452,-116.1511532,180.0,line-c-e15,33.2006046,-116.1509636,180.0,line-c-e21,33.2015609,-116.1498260,180.0,line-c-e22,33.2017203,-116.1496364,180.0,2026-08-19T17:06:00Z,dipole-dipole,6,5,1.443,554.5,208.146,7.639,0.00383,0.00112,0.00627;0.00518;0.00537;0.00414;0.00426;0.00399;0.00328;0.00241;0.00197;0.00138,
line-c-r00806,line-c,line-c-e14,33.2004452,-116.1511532,180.0,line-c-e15,33.2006046,-116.1509636,180.0,line-c-e21,33.2015609,-116.1498260,180.0,line-c-e22,33.2017203,-116.1496364,180.0,2026-08-19T17:06:12Z,dipole-dipole,6,8,1.374,582.1,195.851,7.266,0.00577,0.00115,0.00874;0.00815;0.00744;0.00741;0.00630;0.00568;0.00491;0.00354;0.00257;0.00198,
line-c-r00807,line-c,line-c-e14,33.2004452,-116.1511532,180.0,line-c-e15,33.2006046,-116.1509636,180.0,line-c-e22,33.2017203,-116.1496364,180.0,line-c-e23,33.2018797,-116.1494468,180.0,2026-08-19T17:06:24Z,dipole-dipole,7,4,1.500,533.3,199.587,7.437,0.00869,0.00110,0.01373;0.01214;0.01101;0.01130;0.00851;0.00871;0.00665;0.00585;0.00385;0.00294,
line-c-r00808,line-c,line-c-e14,33.2004452,-116.1511532,180.0,line-c-e15,33.2006046,-116.1509636,180.0,line-c-e22,33.2017203,-116.1496364,180.0,line-c-e23,33.2018797,-116.1494468,180.0,2026-08-19T17:06:36Z,dipole-dipole,7,8,1.190,672.1,187.673,5.556,0.00491,0.00113,0.00765;0.00822;0.00636;0.00621;0.00546;0.00400;0.00334;0.00314;0.00248;0.00175,
line-c-r00809,line-c,line-c-e14,33.2004452,-116.1511532,180.0,line-c-e15,33.2006046,-116.1509636,180.0,line-c-e22,33.2017203,-116.1496364,180.0,line-c-e23,33.2018797,-116.1494468,180.0,2026-08-19T17:06:48Z,dipole-dipole,7,3,1.290,620.1,190.845,7.477,0.00597,0.00104,0.00962;0.00881;0.00745;0.00769;0.00720;0.00579;0.00440;0.00377;0.00268;0.00217,
line-c-r00810,line-c,line-c-e14,33.2004452,-116.1511532,180.0,line-c-e15,33.2006046,-116.1509636,180.0,line-c-e22,33.2017203,-116.1496364,180.0,line-c-e23,33.2018797,-116.1494468,180.0,2026-08-19T17:07:00Z,dipole-dipole,7,5,1.023,782.4,192.011,6.922,0.00544,0.00111,0.00888;0.00801;0.00740;0.00635;0.00587;0.00470;0.00422;0.00339;0.00243;0.00187,
line-c-r00811,line-c,line-c-e14,33.2004452,-116.1511532,180.0,line-c-e15,33.2006046,-116.1509636,180.0,line-c-e22,33.2017203,-116.1496364,180.0,line-c-e23,33.2018797,-116.1494468,180.0,2026-08-19T17:07:12Z,dipole-dipole,7,4,1.301,614.8,203.792,7.223,0.00800,0.00084,0.01261;0.01132;0.01061;0.00919;0.00806;0.00794;0.00601;0.00552;0.00413;0.00283,
line-c-r00812,line-c,line-c-e14,33.2004452,-116.1511532,180.0,line-c-e15,33.2006046,-116.1509636,180.0,line-c-e22,33.2017203,-116.1496364,180.0,line-c-e23,33.2018797,-116.1494468,180.0,2026-08-19T17:07:24Z,dipole-dipole,7,4,1.344,595.2,191.577,7.493,0.00545,0.00126,0.00766;0.00768;0.00753;0.00682;0.00627;0.00548;0.00449;0.00371;0.00285;0.00209,
line-c-r00813,line-c,line-c-e14,33.2004452,-116.1511532,180.0,line-c-e15,33.2006046,-116.1509636,180.0,line-c-e22,33.2017203,-116.1496364,180.0,line-c-e23,33.2018797,-116.1494468,180.0,2026-08-19T17:07:36Z,dipole-dipole,7,3,1.434,558.1,198.217,8.837,0.00520,0.00136,0.00851;0.00738;0.00777;0.00658;0.00570;0.00552;0.00412;0.00322;0.00277;0.00187,
line-c-r00814,line-c,line-c-e14,33.2004452,-116.1511532,180.0,line-c-e15,33.2006046,-116.1509636,180.0,line-c-e23,33.2018797,-116.1494468,180.0,line-c-e24,33.2020391,-116.1492572,180.0,2026-08-19T17:07:48Z,dipole-dipole,8,6,1.389,576.1,188.012,6.641,0.00497,0.00125,0.00842;0.00750;0.00651;0.00635;0.00563;0.00454;0.00361;0.00319;0.00249;0.00160,
line-c-r00815,line-c,line-c-e14,33.2004452,-116.1511532,180.0,line-c-e15,33.2006046,-116.1509636,180.0,line-c-e23,33.2018797,-116.1494468,180.0,line-c-e24,33.2020391,-116.1492572,180.0,2026-08-19T17:08:00Z,dipole-dipole,8,4,1.351,592.3,193.061,8.097,0.00636,0.00115,0.00959;0.00933;0.00844;0.00875;0.00650;0.00643;0.00503;0.00411;0.00315;0.00238,
line-c-r00816,line-c,line-c-e14,33.2004452,-116.1511532,180.0,line-c-e15,33.2006046,-116.1509636,180.0,line-c-e23,33.2018797,-116.1494468,180.0,line-c-e24,33.2020391,-116.1492572,180.0,2026-08-19T17:08:12Z,dipole-dipole,8,3,1.518,527.2,194.431,7.752,0.00603,0.00098,0.00877;0.00894;0.00817;0.00742;0.00599;0.00624;0.00447;0.00392;0.00291;0.00220,
line-c-r00817,line-c,line-c-e14,33.2004452,-116.1511532,180.0,line-c-e15,33.2006046,-116.1509636,180.0,line-c-e23,33.2018797,-116.1494468,180.0,line-c-e24,33.2020391,-116.1492572,180.0,2026-08-19T17:08:24Z,dipole-dipole,8,8,1.506,531.2,183.093,8.633,0.00477,0.00117,0.00834;0.00598;0.00686;0.00619;0.00519;0.00444;0.00416;0.00312;0.00234;0.00174,
line-c-r00818,line-c,line-c-e14,33.2004452,-116.1511532,180.0,line-c-e15,33.2006046,-116.1509636,180.0,line-c-e23,33.2018797,-116.1494468,180.0,line-c-e24,33.2020391,-116.1492572,180.0,2026-08-19T17:08:36Z,dipole-dipole,8,5,1.376,581.4,179.573,7.342,0.00504,0.00114,0.00741;0.00700;0.00681;0.00616;0.00530;0.00442;0.00430;0.00350;0.00235;0.00175,
line-c-r00819,line-c,line-c-e14,33.2004452,-116.1511532,180.0,line-c-e15,33.2006046,-116.1509636,180.0,line-c-e23,33.2018797,-116.1494468,180.0,line-c-e24,33.2020391,-116.1492572,180.0,2026-08-19T17:08:48Z,dipole-dipole,8,7,1.305,612.9,171.877,7.659,0.00644,0.00121,0.01029;0.00949;0.00829;0.00730;0.00715;0.00623;0.00534;0.00424;0.00322;0.00232,
line-c-r00820,line-c,line-c-e14,33.2004452,-116.1511532,180.0,line-c-e15,33.2006046,-116.1509636,180.0,line-c-e23,33.2018797,-116.1494468,180.0,line-c-e24,33.2020391,-116.1492572,180.0,2026-08-19T17:09:00Z,dipole-dipole,8,5,1.683,475.2,198.404,7.656,0.00759,0.00104,0.01208;0.01202;0.01105;0.00807;0.00859;0.00725;0.00629;0.00481;0.00374;0.00267,
line-c-r00821,line-c,line-c-e15,33.2006046,-116.1509636,180.0,line-c-e16,33.2007640,-116.1507740,180.0,line-c-e20,33.2014015,-116.1500156,180.0,line-c-e21,33.2015609,-116.1498260,180.0,2026-08-19T17:09:12Z,dipole-dipole,4,7,1.395,573.5,195.355,4.804,0.00520,0.00104,0.00823;0.00741;0.00695;0.00719;0.00551;0.00488;0.00360;0.00334;0.00248;0.00195,
line-c-r00822,line-c,line-c-e15,33.2006046,-116.1509636,180.0,line-c-e16,33.2007640,-116.1507740,180.0,line-c-e20,33.2014015,-116.1500156,180.0,line-c-e21,33.2015609,-116.1498260,180.0,2026-08-19T17:09:24Z,dipole-dipole,4,8,1.372,583.0,199.411,5.588,0.00496,0.00114,0.00755;0.00723;0.00721;0.00660;0.00499;0.00432;0.00422;0.00306;0.00255;0.00187,
line-c-r00823,line-c,line-c-e15,33.2006046,-116.1509636,180.0,line-c-e16,33.2007640,-116.1507740,180.0,line-c-e20,33.2014015,-116.1500156,180.0,line-c-e21,33.2015609,-116.1498260,180.0,2026-08-19T17:09:36Z,dipole-dipole,4,7,1.375,581.7,209.233,7.469,0.00667,0.00123,0.01034;0.00949;0.00897;0.00782;0.00772;0.00639;0.00506;0.00392;0.00352;0.00215,
line-c-r00824,line-c,line-c-e15,33.2006046,-116.1509636,180.0,line-c-e16,33.2007640,-116.1507740,180.0,line-c-e20,33.2014015,-116.1500156,180.0,line-c-e21,33.2015609,-116.1498260,180.0,2026-08-19T17:09:48Z,dipole-dipole,4,6,0.990,807.8,207.929,8.659,0.00511,0.00091,0.00913;0.00680;0.00696;0.00669;0.00515;0.00497;0.00428;0.00341;0.00271;0.00189,
line-c-r00825,line-c,line-c-e15,33.2006046,-116.1509636,180.0,line-c-e16,33.2007640,-116.1507740,180.0,line-c-e20,33.2014015,-116.1500156,180.0,line-c-e21,33.2015609,-116.1498260,180.0,2026-08-19T17:10:00Z,dipole-dipole,4,5,1.027,778.7,201.500,7.699,0.00605,0.00096,0.00994;0.00910;0.00805;0.00768;0.00681;0.00542;0.00417;0.00394;0.00293;0.00211,
line-c-r00826,line-c,line-c-e15,33.2006046,-116.1509636,180.0,line-c-e16,33.2007640,-116.1507740,180.0,line-c-e20,33.2014015,-116.1500156,180.0,line-c-e21,33.2015609,-116.1498260,180.0,2026-08-19T17:10:12Z,dipole-dipole,4,6,1.782,448.9,197.065,9.125,0.00451,0.00086,0.00709;0.00646;0.00600;0.00546;0.00511;0.00452;0.00343;0.00272;0.00216;0.00144,
line-c-r00827,line-c,line-c-e15,33.2006046,-116.1509636,180.0,line-c-e16,33.2007640,-116.1507740,180.0,line-c-e21,33.2015609,-116.1498260,180.0,line-c-e22,33.2017203,-116.1496364,180.0,2026-08-19T17:10:24Z,dipole-dipole,5,5,1.205,663.8,193.520,6.158,0.00445,0.00091,0.00709;0.00639;0.00622;0.00571;0.00472;0.00446;0.00363;0.00261;0.00230;0.00163,
line-c-r00828,line-c,line-c-e15,33.2006046,-116.1509636,180.0,line-c-e16,33.2007640,-116.1507740,180.0,line-c-e21,33.2015609,-116.1498260,180.0,line-c-e22,33.2017203,-116.1496364,180.0,2026-08-19T17:10:36Z,dipole-dipole,5,5,1.391,575.0,209.730,9.810,0.00495,0.00116,0.00750;0.00730;0.00756;0.00658;0.00485;0.00521;0.00373;0.00298;0.00221;0.00193,
line-c-r00829,line-c,line-c-e15,33.2006046,-116.1509636,180.0,line-c-e16,33.2007640,-116.1507740,180.0,line-c-e21,33.2015609,-116.1498260,180.0,line-c-e22,33.2017203,-116.1496364,180.0,2026-08-19T17:10:48Z,dipole-dipole,5,6,1.367,585.0,197.428,5.723,0.00644,0.00108,0.01011;0.00999;0.00843;0.00829;0.00741;0.00620;0.00617;0.00401;0.00295;0.00218,
line-c-r00830,line-c,line-c-e15,33.2006046,-116.1509636,180.0,line-c-e16,33.2007640,-116.1507740,180.0,line-c-e21,33.2015609,-116.1498260,180.0,line-c-e22,33.2017203,-116.1496364,180.0,2026-08-19T17:11:00Z,dipole-dipole,5,8,1.530,522.8,194.822,6.184,0.00551,0.00111,0.00873;0.00924;0.00675;0.00643;0.00634;0.00536;0.00435;0.00344;0.00298;0.00189,
line-c-r00831,line-c,line-c-e15,33.2006046,-116.1509636,180.0,line-c-e16,33.2007640,-116.1507740,180.0,line-c-e21,33.2015609,-116.1498260,180.0,line-c-e22,33.2017203,-116.1496364,180.0,2026-08-19T17:11:12Z,dipole-dipole,5,5,1.293,618.8,195.262,8.602,0.00494,0.00090,0.00868;0.00696;0.00707;0.00576;0.00539;0.00426;0.00376;0.00323;0.00252;0.00169,
line-c-r00832,line-c,line-c-e15,33.2006046,-116.1509636,180.0,line-c-e16,33.2007640,-116.1507740,180.0,line-c-e21,33.2015609,-116.1498260,180.0,line-c-e22,33.2017203,-116.1496364,180.0,2026-08-19T17:11:24Z,dipole-dipole,5,6,1.479,541.1,203.421,6.287,0.00539,0.00123,0.00803;0.00779;0.00695;0.00663;0.00556;0.00492;0.00407;0.00348;0.00265;0.00188,
line-c-r00833,line-c,line-c-e15,33.2006046,-116.1509636,180.0,line-c-e16,33.2007640,-116.1507740,180.0,line-c-e22,33.2017203,-116.1496364,180.0,line-c-e23,33.2018797,-116.1494468,180.0,2026-08-19T17:11:36Z,dipole-dipole,6,3,1.560,512.7,188.240,7.959,0.00436,0.00106,0.00684;0.00707;0.00557;0.00546;0.00474;0.00427;0.00343;0.00303;0.00235;0.00174,
line-c-r00834,line-c,line-c-e15,33.2006046,-116.1509636,180.0,line-c-e16,33.2007640,-116.1507740,180.0,line-c-e22,33.2017203,-116.1496364,180.0,line-c-e23,33.2018797,-116.1494468,180.0,2026-08-19T17:11:48Z,dipole-dipole,6,3,1.142,700.5,200.907,7.973,0.00590,0.00132,0.00957;0.00840;0.00745;0.00669;0.00596;0.00539;0.00512;0.00382;0.00279;0.00224,
line-c-r00835,line-c,line-c-e15,33.2006046,-116.1509636,180.0,line-c-e16,33.2007640,-116.1507740,180.0,line-c-e22,33.2017203,-116.1496364,180.0,line-c-e23,33.2018797,-116.1494468,180.0,2026-08-19T17:12:00Z,dipole-dipole,6,4,1.300,615.6,198.202,360.675,0.00492,0.00127,0.00743;0.00753;0.00666;0.00608;0.00562;0.00459;0.00438;0.00292;0.00241;0.00177,
line-c-r00836,line-c,line-c-e15,33.2006046,-116.1509636,180.0,line-c-e16,33.2007640,-116.1507740,180.0,line-c-e22,33.2017203,-116.1496364,180.0,line-c-e23,33.2018797,-116.1494468,180.0,2026-08-19T17:12:12Z,dipole-dipole,6,5,1.613,495.8,197.040,5.835,0.00670,0.00115,0.01100;0.01074;0.00858;0.00836;0.00778;0.00605;0.00525;0.00430;0.00348;0.00234,
line-c-r00837,line-c,line-c-e15,33.2006046,-116.1509636,180.0,line-c-e16,33.2007640,-116.1507740,180.0,line-c-e22,33.2017203,-116.1496364,180.0,line-c-e23,33.2018797,-116.1494468,180.0,2026-08-19T17:12:24Z,dipole-dipole,6,6,1.583,505.4,192.551,8.034,0.00531,0.00109,0.00786;0.00782;0.00789;0.00661;0.00587;0.00473;0.00412;0.00313;0.00248;0.00181,
line-c-r00838,line-c,line-c-e15,33.2006046,-116.1509636,180.0,line-c-e16,33.2007640,-116.1507740,180.0,line-c-e22,33.2017203,-116.1496364,180.0,line-c-e23,33.2018797,-116.1494468,180.0,2026-08-19T17:12:36Z,dipole-dipole,6,4,1.203,665.2,204.772,7.395,0.00772,0.00092,0.01208;0.01103;0.01055;0.00944;0.00804;0.00713;0.00562;0.00518;0.00385;0.00270,
line-c-r00839,line-c,line-c-e15,33.2006046,-116.1509636,180.0,line-c-e16,33.2007640,-116.1507740,180.0,line-c-e22,33.2017203,-116.1496364,180.0,line-c-e23,33.2018797,-116.1494468,180.0,2026-08-19T17:12:48Z,dipole-dipole,6,3,1.258,635.8,207.674,7.867,0.00398,0.00118,0.00625;0.00576;0.00485;0.00479;0.00437;0.00374;0.00289;0.00263;0.00194;0.00143,
line-c-r00840,line-c,line-c-e15,33.2006046,-116.1509636,180.0,line-c-e16,33.2007640,-116.1507740,180.0,line-c-e22,33.2017203,-116.1496364,180.0,line-c-e23,33.2018797,-116.1494468,180.0,2026-08-19T17:13:00Z,dipole-dipole,6,7,1.621,493.5,202.967,7.957,0.00672,0.00128,0.01153;0.00975;0.00897;0.00802;0.00739;0.00581;0.00555;0.00451;0.00327;0.00208,
line-c-r00841,line-c,line-c-e15,33.2006046,-116.1509636,180.0,line-c-e16,33.2007640,-116.1507740,180.0,line-c-e23,33.2018797,-116.1494468,180.0,line-c-e24,33.2020391,-116.1492572,180.0,2026-08-19T17:13:12Z,dipole-dipole,7,3,1.461,547.5,190.603,8.027,0.00550,0.00121,0.00921;0.00826;0.00730;0.00668;0.00572;0.00500;0.00455;0.00367;0.00271;0.00184,
line-c-r00842,line-c,line-c-e15,33.2006046,-116.1509636,180.0,line-c-e16,33.2007640,-116.1507740,180.0,line-c-e23,,,,line-c-e24,33.2020391,-116.1492572,180.0,2026-08-19T17:13:24Z,dipole-dipole,7,5,1.617,494.6,193.892,8.472,0.00444,0.00119,0.00687;0.00615;0.00661;0.00537;0.00492;0.00379;0.00339;0.00278;0.00215;0.00154,
line-c-r00843,line-c,line-c-e15,33.2006046,-116.1509636,180.0,line-c-e16,33.2007640,-116.1507740,180.0,line-c-e23,33.2018797,-116.1494468,180.0,line-c-e24,33.2020391,-116.1492572,180.0,2026-08-19T17:13:36Z,dipole-dipole,7,4,0.989,808.7,185.009,8.161,0.00424,0.00115,0.00710;0.00656;0.00534;0.00523;0.00465;0.00383;0.00341;0.00269;0.00211;0.00135,
line-c-r00844,line-c,line-c-e15,33.2006046,-116.1509636,180.0,line-c-e16,33.2007640,-116.1507740,180.0,line-c-e23,33.2018797,-116.1494468,180.0,line-c-e24,33.2020391,-116.1492572,180.0,2026-08-19T17:13:48Z,dipole-dipole,7,5,1.428,560.1,202.341,8.936,0.00594,0.00122,0.00930;0.00965;0.00726;0.00735;0.00687;0.00545;0.00506;0.00348;0.00259;0.00225,
line-c-r00845,line-c,line-c-e15,33.2006046,-116.1509636,180.0,line-c-e16,33.2007640,-116.1507740,180.0,line-c-e23,33.2018797,-116.1494468,180.0,line-c-e24,33.2020391,-116.1492572,180.0,2026-08-19T17:14:00Z,dipole-dipole,7,5,1.448,552.5,201.811,7.784,0.00766,0.00131,0.01243;0.01146;0.01078;0.00904;0.00821;0.00680;0.00633;0.00499;0.00358;0.00283,
line-c-r00846,line-c,line-c-e15,33.2006046,-116.1509636,180.0,line-c-e16,33.2007640,-116.1507740,180.0,line-c-e23,33.2018797,-116.1494468,180.0,line-c-e24,33.2020391,-116.1492572,180.0,2026-08-19T17:14:12Z,dipole-dipole,7,6,1.162,688.6,209.891,8.764,0.00534,0.00120,0.00811;0.00727;0.00679;0.00654;0.00568;0.00542;0.00393;0.00329;0.00275;0.00175,
line-c-r00847,line-c,line-c-e15,33.2006046,-116.1509636,180.0,line-c-e16,33.2007640,-116.1507740,180.0,line-c-e24,33.2020391,-116.1492572,180.0,line-c-e25,33.2021985,-116.1490676,180.0,2026-08-19T17:14:24Z,dipole-dipole,8,8,1.516,527.7,200.540,6.098,0.00575,0.00084,0.00912;0.00830;0.00795;0.00674;0.00650;0.00557;0.00471;0.00392;0.00298;0.00205,
line-c-r00848,line-c,line-c-e15,33.2006046,-116.1509636,180.0,line-c-e16,33.2007640,-116.1507740,180.0,line-c-e24,33.2020391,-116.1492572,180.0,line-c-e25,33.2021985,-116.1490676,180.0,2026-08-19T17:14:36Z,dipole-dipole,8,8,1.325,603.9,207.284,8.029,0.00662,0.00088,0.01077;0.00975;0.00803;0.00859;0.00741;0.00652;0.00532;0.00393;0.00312;0.00225,
line-c-r00849,line-c,line-c-e15,33.2006046,-116.1509636,180.0,line-c-e16,33.2007640,-116.1507740,180.0,line-c-e24,33.2020391,-116.1492572,180.0,line-c-e25,33.2021985,-116.1490676,180.0,2026-08-19T17:14:48Z,dipole-dipole,8,4,1.208,662.5,189.958,8.302,0.00603,0.00130,0.00996;0.00866;0.00925;0.00725;0.00610;0.00581;0.00470;0.00408;0.00301;0.00208,
line-c-r00850,line-c,line-c-e15,33.2006046,-116.1509636,180.0,line-c-e16,33.2007640,-116.1507740,180.0,line-c-e24,33.2020391,-116.1492572,180.0,line-c-e25,33.2021985,-116.1490676,180.0,2026-08-19T17:15:00Z,dipole-dipole,8,3,1.197,668.3,215.724,5.614,0.00554,0.00096,0.00965;0.00762;0.00763;0.00645;0.00545;0.00518;0.00446;0.00333;0.00267;0.00192,
line-c-r00851,line-c,line-c-e15,33.2006046,-116.1509636,180.0,line-c-e16,33.2007640,-116.1507740,180.0,line-c-e24,33.2020391,-116.1492572,180.0,line-c-e25,33.2021985,-116.1490676,180.0,2026-08-19T17:15:12Z,dipole-dipole,8,7,1.284,623.0,193.610,7.626,0.00451,0.00105,0.00686;0.00626;0.00610;0.00563;0.00487;0.00393;0.00373;0.00292;0.00199;0.00166,
line-c-r00852,line-c,line-c-e15,33.2006046,-116.1509636,180.0,line-c-e16,33.2007640,-116.1507740,180.0,line-c-e24,33.2020391,-116.1492572,180.0,line-c-e25,33.2021985,-116.1490676,180.0,2026-08-19T17:15:24Z,dipole-dipole,8,4,1.402,570.6,179.665,6.011,0.00490,0.00101,0.00775;0.00741;0.00677;0.00620;0.00519;0.00515;0.00407;0.00283;0.00246;0.00173,
line-c-r00853,line-c,line-c-e15,33.2006046,-116.1509636,180.0,line-c-e16,33.2007640,-116.1507740,180.0,line-c-e24,33.2020391,-116.1492572,180.0,line-c-e25,33.2021985,-116.1490676,180.0,2026-08-19T17:15:36Z,dipole-dipole,8,6,1.949,410.5,192.823,6.392,0.00637,0.00114,0.01008;0.00919;0.00856;0.00782;0.00711;0.00600;0.00485;0.00437;0.00305;0.00219,
line-c-r00854,line-c,line-c-e16,33.2007640,-116.1507740,180.0,line-c-e17,33.2009234,-116.1505844,180.0,line-c-e20,33.2014015,-116.1500156,180.0,line-c-e21,33.2015609,-116.1498260,180.0,2026-08-19T17:15:48Z,dipole-dipole,3,5,2.000,372.6,208.159,7.577,0.00517,0.00099,0.00823;0.00810;0.00818;0.00607;0.00527;0.00525;0.00457;0.00334;0.00233;0.00180,
line-c-r00855,line-c,line-c-e16,33.2007640,-116.1507740,180.0,line-c-e17,33.2009234,-116.1505844,180.0,line-c-e20,33.2014015,-116.1500156,180.0,line-c-e21,33.2015609,-116.1498260,180.0,2026-08-19T17:16:00Z,dipole-dipole,3,8,1.993,401.4,197.084,7.718,0.00396,0.00109,0.00656;0.00592;0.00534;0.00573;0.00458;0.00367;0.00317;0.00251;0.00200;0.00127,
line-c-r00856,line-c,line-c-e16,33.2007640,-116.1507740,180.0,line-c-e17,33.2009234,-116.1505844,180.0,line-c-e20,33.2014015,-116.1500156,180.0,line-c-e21,33.2015609,-116.1498260,180.0,2026-08-19T17:16:12Z,dipole-dipole,3,8,2.000,356.1,191.848,5.781,0.00490,0.00114,0.00842;0.00801;0.00670;0.00619;0.00525;0.00487;0.00390;0.00283;0.00247;0.00158,
line-c-r00857,line-c,line-c-e16,33.2007640,-116.1507740,180.0,line-c-e17,33.2009234,-116.1505844,180.0,line-c-e20,33.2014015,-116.1500156,180.0,line-c-e21,33.2015609,-116.1498260,180.0,2026-08-19T17:16:24Z,dipole-dipole,3,8,2.000,349.8,182.958,7.001,0.00491,0.00584,0.00740;0.00685;0.00648;0.00646;0.00538;0.00484;0.00377;0.00302;0.00234;0.00177,
line-c-r00858,line-c,line-c-e16,33.2007640,-116.1507740,180.0,line-c-e17,33.2009234,-116.1505844,180.0,line-c-e20,33.2014015,-116.1500156,180.0,line-c-e21,33.2015609,-116.1498260,180.0,2026-08-19T17:16:36Z,dipole-dipole,3,3,2.000,323.0,201.342,8.000,0.00516,0.00116,0.00804;0.00800;0.00718;0.00693;0.00559;0.00560;0.00389;0.00308;0.00266;0.00181,
line-c-r00859,line-c,line-c-e16,33.2007640,-116.1507740,180.0,line-c-e17,33.2009234,-116.1505844,180.0,line-c-e20,33.2014015,-116.1500156,180.0,line-c-e21,33.2015609,-116.1498260,180.0,2026-08-19T17:16:48Z,dipole-dipole,3,5,1.895,422.1,204.145,7.375,0.00610,0.00086,0.01001;0.00916;0.00765;0.00715;0.00681;0.00564;0.00461;0.00399;0.00291;0.00202,
line-c-r00860,line-c,line-c-e16,33.2007640,-116.1507740,180.0,line-c-e17,33.2009234,-116.1505844,180.0,line-c-e20,33.2014015,-116.1500156,180.0,line-c-e21,33.2015609,-116.1498260,180.0,2026-08-19T17:17:00Z,dipole-dipole,3,3,1.864,429.3,210.038,6.382,0.00354,0.00112,0.00509;0.00555;0.00437;0.00453;0.00391;0.00306;0.00323;0.00230;0.00165;0.00121,
line-c-r00861,line-c,line-c-e16,33.2007640,-116.1507740,180.0,line-c-e17,33.2009234,-116.1505844,180.0,line-c-e21,33.2015609,-116.1498260,180.0,line-c-e22,33.2017203,-116.1496364,180.0,2026-08-19T17:17:12Z,dipole-dipole,4,5,1.843,434.1,187.645,6.693,0.00763,0.00107,0.01146;0.01092;0.01008;0.00958;0.00802;0.00713;0.00600;0.00490;0.00401;0.00276,
line-c-r00862,line-c,line-c-e16,33.2007640,-116.1507740,180.0,line-c-e17,33.2009234,-116.1505844,180.0,line-c-e21,33.2015609,-116.1498260,180.0,line-c-e22,33.2017203,-116.1496364,180.0,2026-08-19T17:17:24Z,dipole-dipole,4,8,2.000,302.7,199.476,9.473,0.00439,0.00108,0.00799;0.00652;0.00645;0.00565;0.00422;0.00467;0.00344;0.00252;0.00230;0.00143,
line-c-r00863,line-c,line-c-e16,33.2007640,-116.1507740,180.0,line-c-e17,33.2009234,-116.1505844,180.0,line-c-e21,33.2015609,-116.1498260,180.0,line-c-e22,33.2017203,-116.1496364,180.0,2026-08-19T17:17:36Z,dipole-dipole,4,5,2.000,377.5,207.573,6.668,0.00604,0.00130,0.00940;0.00961;0.00749;0.00725;0.00598;0.00623;0.00465;0.00369;0.00274;0.00205,
line-c-r00864,line-c,line-c-e16,33.2007640,-116.1507740,180.0,line-c-e17,33.2009234,-116.1505844,180.0,line-c-e21,33.2015609,-116.1498260,180.0,line-c-e22,33.2017203,-116.1496364,180.0,2026-08-19T17:17:48Z,dipole-dipole,4,6,2.000,347.0,203.184,7.489,0.00611,0.00099,0.00941;0.00945;0.00867;0.00834;0.00710;0.00625;0.00502;0.00422;0.00276;0.00212,
line-c-r00865,line-c,line-c-e16,33.2007640,-116.1507740,180.0,line-c-e17,33.2009234,-116.1505844,180.0,line-c-e21,33.2015609,-116.1498260,180.0,line-c-e22,33.2017203,-116.1496364,180.0,2026-08-19T17:18:00Z,dipole-dipole,4,6,1.930,414.6,192.239,6.685,0.00521,0.00108,0.00843;0.00775;0.00754;0.00596;0.00578;0.00546;0.00426;0.00313;0.00256;0.00184,
line-c-r00866,line-c,line-c-e16,33.2007640,-116.1507740,180.0,line-c-e17,33.2009234,-116.1505844,180.0,line-c-e21,33.2015609,-116.1498260,180.0,line-c-e22,33.2017203,-116.1496364,180.0,2026-08-19T17:18:12Z,dipole-dipole,4,3,1.926,415.3,188.144,8.872,0.00583,0.00147,0.00992;0.00883;0.00768;0.00683;0.00572;0.00518;0.00453;0.00376;0.00283;0.00209,
line-c-r00867,line-c,line-c-e16,33.2007640,-116.1507740,180.0,line-c-e17,33.2009234,-116.1505844,180.0,line-c-e21,33.2015609,-116.1498260,180.0,line-c-e22,33.2017203,-116.1496364,180.0,2026-08-19T17:18:24Z,dipole-dipole,4,7,2.000,310.8,210.536,6.243,0.00559,0.00123,0.00928;0.00811;0.00739;0.00711;0.00613;0.00527;0.00432;0.00365;0.00277;0.00225,
line-c-r00868,line-c,line-c-e16,33.2007640,-116.1507740,180.0,line-c-e17,33.2009234,-116.1505844,180.0,line-c-e21,33.2015609,-116.1498260,180.0,line-c-e22,33.2017203,-116.1496364,180.0,2026-08-19T17:18:36Z,dipole-dipole,4,3,1.763,453.8,200.478,8.199,0.00283,0.00108,0.00450;0.00412;0.00376;0.00365;0.00308;0.00261;0.00236;0.00177;0.00139;0.00112,
line-c-r00869,line-c,line-c-e16,33.2007640,-116.1507740,180.0,line-c-e17,33.2009234,-116.1505844,180.0,line-c-e22,33.2017203,-116.1496364,180.0,line-c-e23,33.2018797,-116.1494468,180.0,2026-08-19T17:18:48Z,dipole-dipole,5,3,2.000,337.8,198.154,8.172,0.00348,0.00106,0.00656;0.00532;0.00476;0.00406;0.00339;0.00330;0.00291;0.00213;0.00179;0.00131,
line-c-r00870,line-c,line-c-e16,33.2007640,-116.1507740,180.0,line-c-e17,33.2009234,-116.1505844,180.0,line-c-e22,33.2017203,-116.1496364,180.0,line-c-e23,33.2018797,-116.1494468,180.0,2026-08-19T17:19:00Z,dipole-dipole,5,3,2.000,394.8,204.566,9.963,0.00578,0.00115,0.00865;0.00953;0.00828;0.00676;0.00696;0.00542;0.00481;0.00380;0.00294;0.00199,
line-c-r00871,line-c,line-c-e16,33.2007640,-116.1507740,180.0,line-c-e17,33.2009234,-116.1505844,180.0,line-c-e22,33.2017203,-116.1496364,180.0,line-c-e23,33.2018797,-116.1494468,180.0,2026-08-19T17:19:12Z,dipole-dipole,5,6,1.633,489.8,208.894,6.393,0.00285,0.00108,0.00470;0.00434;0.00398;0.00355;0.00300;0.00266;0.00238;0.00175;0.00152;0.00104,
line-c-r00872,line-c,line-c-e16,33.2007640,-116.1507740,180.0,line-c-e17,33.2009234,-116.1505844,180.0,line-c-e22,33.2017203,-116.1496364,180.0,line-c-e23,33.2018797,-116.1494468,180.0,2026-08-19T17:19:24Z,dipole-dipole,5,6,2.000,343.8,192.063,7.456,0.00399,0.00095,0.00627;0.00627;0.00559;0.00500;0.00475;0.00396;0.00296;0.00270;0.00199;0.00137,
line-c-r00873,line-c,line-c-e16,33.2007640,-116.1507740,180.0,line-c-e17,33.2009234,-116.1505844,180.0,line-c-e22,33.2017203,-116.1496364,180.0,line-c-e23,33.2018797,-116.1494468,180.0,2026-08-19T17:19:36Z,dipole-dipole,5,4,2.000,306.6,195.990,7.230,0.00510,0.00129,0.00816;0.00832;0.00652;0.00574;0.00595;0.00457;0.00403;0.00302;0.00245;0.00169,
line-c-r00874,line-c,line-c-e16,33.2007640,-116.1507740,180.0,line-c-e17,33.2009234,-116.1505844,180.0,line-c-e22,33.2017203,-116.1496364,180.0,line-c-e23,33.2018797,-116.1494468,180.0,2026-08-19T17:19:48Z,dipole-dipole,5,8,2.000,323.4,192.451,6.984,0.00513,0.00134,0.00804;0.00709;0.00700;0.00630;0.00578;0.00474;0.00350;0.00347;0.00253;0.00187,
line-c-r00875,line-c,line-c-e16,33.2007640,-116.1507740,180.0,line-c-e17,33.2009234,-116.1505844,180.0,line-c-e23,33.2018797,-116.1494468,180.0,line-c-e24,33.2020391,-116.1492572,180.0,2026-08-19T17:20:00Z,dipole-dipole,6,8,1.946,411.1,201.074,7.468,0.00553,0.00116,0.00895;0.00845;0.00855;0.00722;0.00654;0.00548;0.00451;0.00362;0.00268;0.00187,
line-c-r00876,line-c,line-c-e16,33.2007640,-116.1507740,180.0,line-c-e17,33.2009234,-116.1505844,180.0,line-c-e23,33.2018797,-116.1494468,180.0,line-c-e24,33.2020391,-116.1492572,180.0,2026-08-19T17:20:12Z,dipole-dipole,6,4,1.893,422.6,195.614,8.322,0.00368,0.00114,0.00597;0.00564;0.00508;0.00440;0.00444;0.00364;0.00291;0.00215;0.00170;0.00127,
line-c-r00877,line-c,line-c-e16,33.2007640,-116.1507740,180.0,line-c-e17,33.2009234,-116.1505844,180.0,line-c-e23,,,,line-c-e24,33.2020391,-116.1492572,180.0,2026-08-19T17:20:24Z,dipole-dipole,6,8,2.000,325.9,194.324,6.577,0.00660,0.00117,0.01100;0.00940;0.00918;0.00836;0.00657;0.00578;0.00507;0.00421;0.00327;0.00212,
line-c-r00878,line-c,line-c-e16,33.2007640,-116.1507740,180.0,line-c-e17,33.2009234,-116.1505844,180.0,line-c-e23,33.2018797,-116.1494468,180.0,line-c-e24,33.2020391,-116.1492572,180.0,2026-08-19T17:20:36Z,dipole-dipole,6,8,1.872,427.3,194.698,6.973,0.00461,0.00076,0.00757;0.00754;0.00685;0.00578;0.00527;0.00425;0.00335;0.00328;0.00258;0.00169,
line-c-r00879,line-c,line-c-e16,33.2007640,-116.1507740,180.0,line-c-e17,33.2009234,-116.1505844,180.0,line-c-e23,33.2018797,-116.1494468,180.0,line-c-e24,33.2020391,-116.1492572,180.0,2026-08-19T17:20:48Z,dipole-dipole,6,4,2.000,333.5,207.532,5.920,0.00628,0.00118,0.00956;0.00800;0.00849;0.00826;0.00744;0.00572;0.00471;0.00444;0.00295;0.00209,
line-c-r00880,line-c,line-c-e16,33.2007640,-116.1507740,180.0,line-c-e17,33.2009234,-116.1505844,180.0,line-c-e23,33.2018797,-116.1494468,180.0,line-c-e24,33.2020391,-116.1492572,180.0,2026-08-19T17:21:00Z,dipole-dipole,6,6,2.000,357.7,193.492,7.290,0.00566,0.00094,0.00897;0.00883;0.00804;0.00682;0.00675;0.00465;0.00459;0.00370;0.00256;0.00203,
line-c-r00881,line-c,line-c-e16,33.2007640,-116.1507740,180.0,line-c-e17,33.2009234,-116.1505844,180.0,line-c-e23,33.2018797,-116.1494468,180.0,line-c-e24,33.2020391,-116.1492572,180.0,2026-08-19T17:21:12Z,dipole-dipole,6,6,2.000,334.0,196.079,6.566,0.00492,0.00100,0.00812;0.00672;0.00743;0.00645;0.00587;0.00503;0.00381;0.00282;0.00243;0.00176,
line-c-r00882,line-c,line-c-e16,33.2007640,-116.1507740,180.0,line-c-e17,33.2009234,-116.1505844,180.0,line-c-e24,33.2020391,-116.1492572,180.0,line-c-e25,33.2021985,-116.1490676,180.0,2026-08-19T17:21:24Z,dipole-dipole,7,4,2.000,335.4,196.662,5.743,0.00504,0.00117,0.00784;0.00807;0.00722;0.00595;0.00567;0.00481;0.00409;0.00341;0.00216;0.00170,
line-c-r00883,line-c,line-c-e16,33.2007640,-116.1507740,180.0,line-c-e17,33.2009234,-116.1505844,180.0,line-c-e24,33.2020391,-116.1492572,180.0,line-c-e25,33.2021985,-116.1490676,180.0,2026-08-19T17:21:36Z,dipole-dipole,7,7,2.000,372.8,191.420,460.111,0.00604,0.00131,0.00992;0.00875;0.00779;0.00719;0.00636;0.00529;0.00475;0.00383;0.00295;0.00224,
line-c-r00884,line-c,line-c-e16,33.2007640,-116.1507740,180.0,line-c-e17,33.2009234,-116.1505844,180.0,line-c-e24,33.2020391,-116.1492572,180.0,line-c-e25,33.2021985,-116.1490676,180.0,2026-08-19T17:21:48Z,dipole-dipole,7,5,2.000,352.5,198.925,6.520,0.00690,0.00126,0.01047;0.01117;0.00897;0.00826;0.00748;0.00651;0.00560;0.00431;0.00325;0.00266,
line-c-r00885,line-c,line-c-e16,33.2007640,-116.1507740,180.0,line-c-e17,33.2009234,-116.1505844,180.0,line-c-e24,33.2020391,-116.1492572,180.0,line-c-e25,33.2021985,-116.1490676,180.0,2026-08-19T17:22:00Z,dipole-dipole,7,4,2.000,393.3,190.022,6.780,0.00775,0.00127,0.01175;0.01124;0.01160;0.00926;0.00827;0.00634;0.00624;0.00507;0.00328;0.00280,
line-c-r00886,line-c,line-c-e16,33.2007640,-116.1507740,180.0,line-c-e17,33.2009234,-116.1505844,180.0,line-c-e24,33.2020391,-116.1492572,180.0,line-c-e25,33.2021985,-116.1490676,180.0,2026-08-19T17:22:12Z,dipole-dipole,7,8,1.843,434.0,198.502,6.880,0.00594,0.00105,0.00887;0.00975;0.00778;0.00739;0.00662;0.00553;0.00464;0.00350;0.00296;0.00207,
line-c-r00887,line-c,line-c-e16,33.2007640,-116.1507740,180.0,line-c-e17,33.2009234,-116.1505844,180.0,line-c-e24,33.2020391,-116.1492572,180.0,line-c-e25,33.2021985,-116.1490676,180.0,2026-08-19T17:22:24Z,dipole-dipole,7,4,2.000,388.2,201.273,7.906,0.00503,0.00110,0.00830;0.00739;0.00683;0.00604;0.00509;0.00489;0.00405;0.00334;0.00249;0.00174,
line-c-r00888,line-c,line-c-e16,33.2007640,-116.1507740,180.0,line-c-e17,33.2009234,-116.1505844,180.0,line-c-e24,33.2020391,-116.1492572,180.0,line-c-e25,33.2021985,-116.1490676,180.0,2026-08-19T17:22:36Z,dipole-dipole,7,7,1.914,418.1,196.934,6.736,0.00481,0.00118,0.00746;0.00744;0.00629;0.00579;0.00503;0.00460;0.00368;0.00321;0.00254;0.00169,
line-c-r00889,line-c,line-c-e16,33.2007640,-116.1507740,180.0,line-c-e17,33.2009234,-116.1505844,180.0,line-c-e24,33.2020391,-116.1492572,180.0,line-c-e25,33.2021985,-116.1490676,180.0,2026-08-19T17:22:48Z,dipole-dipole,7,8,1.567,510.5,189.902,6.965,0.00590,0.00105,0.00950;0.00874;0.00781;0.00703;0.00622;0.00605;0.00470;0.00371;0.00284;0.00223,
line-c-r00890,line-c,line-c-e16,33.2007640,-116.1507740,180.0,line-c-e17,33.2009234,-116.1505844,180.0,line-c-e25,33.2021985,-116.1490676,180.0,line-c-e26,33.2023579,-116.1488780,180.0,2026-08-19T17:23:00Z,dipole-dipole,8,6,2.000,388.6,172.954,8.738,0.00936,0.00111,0.01599;0.01457;0.01331;0.01209;0.01043;0.00932;0.00672;0.00569;0.00443;0.00327,
line-c-r00891,line-c,line-c-e16,33.2007640,-116.1507740,180.0,line-c-e17,33.2009234,-116.1505844,180.0,line-c-e25,33.2021985,-116.1490676,180.0,line-c-e26,33.2023579,-116.1488780,180.0,2026-08-19T17:23:12Z,dipole-dipole,8,8,2.000,343.2,162.839,8.385,0.00789,0.00138,0.01332;0.01236;0.01077;0.00948;0.00892;0.00799;0.00650;0.00449;0.00359;0.00281,
line-c-r00892,line-c,line-c-e16,33.2007640,-116.1507740,180.0,line-c-e17,33.2009234,-116.1505844,180.0,line-c-e25,33.2021985,-116.1490676,180.0,line-c-e26,33.2023579,-116.1488780,180.0,2026-08-19T17:23:24Z,dipole-dipole,8,4,2.000,367.4,185.105,7.559,0.00912,0.00094,0.01333;0.01379;0.01210;0.01139;0.00996;0.00865;0.00720;0.00605;0.00430;0.00349,
line-c-r00893,line-c,line-c-e16,33.2007640,-116.1507740,180.0,line-c-e17,33.2009234,-116.1505844,180.0,line-c-e25,33.2021985,-116.1490676,180.0,line-c-e26,33.2023579,-116.1488780,180.0,2026-08-19T17:23:36Z,dipole-dipole,8,3,2.000,298.7,197.992,6.478,0.01698,0.00106,0.02627;0.02569;0.02273;0.02105;0.02141;0.01620;0.01337;0.01070;0.00857;0.00546,
line-c-r00894,line-c,line-c-e16,33.2007640,-116.1507740,180.0,line-c-e17,33.2009234,-116.1505844,180.0,line-c-e25,33.2021985,-116.1490676,180.0,line-c-e26,33.2023579,-116.1488780,180.0,2026-08-19T17:23:48Z,dipole-dipole,8,4,2.000,345.0,452.311,8.485,0.01443,0.00123,0.02384;0.02159;0.01869;0.01825;0.01518;0.01244;0.01161;0.00863;0.00738;0.00529,
line-c-r00895,line-c,line-c-e16,33.2007640,-116.1507740,180.0,line-c-e17,33.2009234,-116.1505844,180.0,line-c-e25,33.2021985,-116.1490676,180.0,line-c-e26,33.2023579,-116.1488780,180.0,2026-08-19T17:24:00Z,dipole-dipole,8,7,1.507,531.0,148.484,4.724,0.00857,0.00128,0.01519;0.01302;0.01156;0.01133;0.01093;0.00796;0.00759;0.00564;0.00440;0.00316,
line-c-r00896,line-c,line-c-e16,33.2007640,-116.1507740,180.0,line-c-e17,33.2009234,-116.1505844,180.0,line-c-e25,33.2021985,-116.1490676,180.0,line-c-e26,33.2023579,-116.1488780,180.0,2026-08-19T17:24:12Z,dipole-dipole,8,6,1.888,423.7,188.027,8.115,0.00987,0.00102,0.01553;0.01526;0.01457;0.01260;0.01099;0.00941;0.00782;0.00586;0.00472;0.00359,
line-c-r00897,line-c,line-c-e17,33.2009234,-116.1505844,180.0,line-c-e18,33.2010827,-116.1503948,180.0,line-c-e20,33.2014015,-116.1500156,180.0,line-c-e21,33.2015609,-116.1498260,180.0,2026-08-19T17:24:24Z,dipole-dipole,2,3,1.099,728.2,189.997,7.441,0.00529,0.00090,0.00973;0.00774;0.00723;0.00666;0.00574;0.00512;0.00437;0.00330;0.00229;0.00206,
line-c-r00898,line-c,line-c-e17,33.2009234,-116.1505844,180.0,line-c-e18,33.2010827,-116.1503948,180.0,line-c-e20,33.2014015,-116.1500156,180.0,line-c-e21,33.2015609,-116.1498260,180.0,2026-08-19T17:24:36Z,dipole-dipole,2,4,1.257,636.5,186.387,8.087,0.00545,0.00096,0.00904;0.00775;0.00767;0.00694;0.00652;0.00528;0.00403;0.00323;0.00237;0.00193,
line-c-r00899,line-c,line-c-e17,33.2009234,-116.1505844,180.0,line-c-e18,33.2010827,-116.1503948,180.0,line-c-e20,33.2014015,-116.1500156,180.0,line-c-e21,33.2015609,-116.1498260,180.0,2026-08-19T17:24:48Z,dipole-dipole,2,5,0.981,815.7,202.803,8.424,0.00394,0.00096,0.00651;0.00576;0.00534;0.00448;0.00452;0.00375;0.00299;0.00262;0.00182;0.00124,
line-c-r00900,line-c,line-c-e17,33.2009234,-116.1505844,180.0,line-c-e18,33.2010827,-116.1503948,180.0,line-c-e20,33.2014015,-116.1500156,180.0,line-c-e21,33.2015609,-116.1498260,180.0,2026-08-19T17:25:00Z,dipole-dipole,2,7,1.220,655.6,-183.069,7.039,0.00615,0.00108,0.01059;0.00773;0.00807;0.00755;0.00648;0.00636;0.00530;0.00405;0.00297;0.00232,
line-c-r00901,line-c,line-c-e17,33.2009234,-116.1505844,180.0,line-c-e18,33.2010827,-116.1503948,180.0,line-c-e20,33.2014015,-116.1500156,180.0,line-c-e21,33.2015609,-116.1498260,180.0,2026-08-19T17:25:12Z,dipole-dipole,2,8,1.252,638.8,211.977,6.028,0.00678,0.00125,0.01002;0.01042;0.00920;0.00905;0.00697;0.00636;0.00534;0.00452;0.00291;0.00214,
line-c-r00902,line-c,line-c-e17,33.2009234,-116.1505844,180.0,line-c-e18,33.2010827,-116.1503948,180.0,line-c-e20,33.2014015,-116.1500156,180.0,line-c-e21,33.2015609,-116.1498260,180.0,2026-08-19T17:25:24Z,dipole-dipole,2,3,1.546,517.6,188.854,6.048,0.00660,0.00094,0.01044;0.00942;0.01033;0.00834;0.00741;0.00576;0.00505;0.00398;0.00330;0.00249,
line-c-r00903,line-c,line-c-e17,33.2009234,-116.1505844,180.0,line-c-e18,33.2010827,-116.1503948,180.0,line-c-e20,33.2014015,-116.1500156,180.0,line-c-e21,33.2015609,-116.1498260,180.0,2026-08-19T17:25:36Z,dipole-dipole,2,4,0.998,801.2,204.578,6.719,0.00592,0.00098,0.00918;0.00902;0.00856;0.00748;0.00639;0.00600;0.00423;0.00411;0.00269;0.00201,
line-c-r00904,line-c,line-c-e17,33.2009234,-116.1505844,180.0,line-c-e18,33.2010827,-116.1503948,180.0,line-c-e21,33.2015609,-116.1498260,180.0,line-c-e22,33.2017203,-116.1496364,180.0,2026-08-19T17:25:48Z,dipole-dipole,3,7,1.285,622.7,204.059,7.278,0.00456,0.00135,0.00686;0.00678;0.00628;0.00616;0.00512;0.00407;0.00333;0.00276;0.00216;0.00188,
line-c-r00905,line-c,line-c-e17,33.2009234,-116.1505844,180.0,line-c-e18,33.2010827,-116.1503948,180.0,line-c-e21,33.2015609,-116.1498260,180.0,line-c-e22,33.2017203,-116.1496364,180.0,2026-08-19T17:26:00Z,dipole-dipole,3,5,1.297,616.8,199.801,7.722,0.00443,0.00109,0.00669;0.00786;0.00606;0.00484;0.00522;0.00417;0.00289;0.00296;0.00211;0.00162,
line-c-r00906,line-c,line-c-e17,33.2009234,-116.1505844,180.0,line-c-e18,33.2010827,-116.1503948,180.0,line-c-e21,33.2015609,-116.1498260,180.0,line-c-e22,33.2017203,-116.1496364,180.0,2026-08-19T17:26:12Z,dipole-dipole,3,8,1.536,521.0,207.001,6.960,0.00435,0.00107,0.00721;0.00675;0.00651;0.00548;0.00494;0.00366;0.00326;0.00306;0.00214;0.00138,
line-c-r00907,line-c,line-c-e17,33.2009234,-116.1505844,180.0,line-c-e18,33.2010827,-116.1503948,180.0,line-c-e21,33.2015609,-116.1498260,180.0,line-c-e22,33.2017203,-116.1496364,180.0,2026-08-19T17:26:24Z,dipole-dipole,3,6,0.979,817.0,198.558,9.799,0.00357,0.00116,0.00535;0.00514;0.00464;0.00446;0.00402;0.00333;0.00277;0.00220;0.00151;0.00134,
line-c-r00908,line-c,line-c-e17,33.2009234,-116.1505844,180.0,line-c-e18,33.2010827,-116.1503948,180.0,line-c-e21,33.2015609,-116.1498260,180.0,line-c-e22,33.2017203,-116.1496364,180.0,2026-08-19T17:26:36Z,dipole-dipole,3,7,1.066,750.8,205.989,7.596,0.00462,0.00096,0.00770;0.00684;0.00567;0.00557;0.00524;0.00413;0.00377;0.00298;0.00248;0.00161,
line-c-r00909,line-c,line-c-e17,33.2009234,-116.1505844,180.0,line-c-e18,33.2010827,-116.1503948,180.0,line-c-e21,33.2015609,-116.1498260,180.0,line-c-e22,33.2017203,-116.1496364,180.0,2026-08-19T17:26:48Z,dipole-dipole,3,8,1.275,627.5,182.170,7.453,0.00341,0.00100,0.00587;0.00487;0.00397;0.00433;0.00354;0.00339;0.00264;0.00209;0.00161;0.00115,
line-c-r00910,line-c,line-c-e17,33.2009234,-116.1505844,180.0,line-c-e18,33.2010827,-116.1503948,180.0,line-c-e21,33.2015609,-116.1498260,180.0,line-c-e22,33.2017203,-116.1496364,180.0,2026-08-19T17:27:00Z,dipole-dipole,3,6,1.002,798.2,199.907,5.417,0.00611,0.00100,0.01018;0.00897;0.00835;0.00751;0.00676;0.00614;0.00538;0.00346;0.00296;0.00211,
line-c-r00911,line-c,line-c-e17,33.2009234,-116.1505844,180.0,line-c-e18,33.2010827,-116.1503948,180.0,line-c-e22,33.2017203,-116.1496364,180.0,line-c-e23,33.2018797,-116.1494468,180.0,2026-08-19T17:27:12Z,dipole-dipole,4,3,1.345,594.6,200.206,7.381,0.00421,0.00115,0.00682;0.00610;0.00608;0.00535;0.00506;0.00399;0.00327;0.00277;0.00200;0.00170,
line-c-r00912,line-c,line-c-e17,33.2009234,-116.1505844,180.0,line-c-e18,33.2010827,-116.1503948,180.0,line-c-e22,33.2017203,-116.1496364,180.0,line-c-e23,33.2018797,-116.1494468,180.0,2026-08-19T17:27:24Z,dipole-dipole,4,6,1.115,717.4,194.026,7.658,0.00683,0.00109,0.00995;0.00976;0.01051;0.00748;0.00718;0.00720;0.00558;0.00430;0.00334;0.00225,
line-c-r00913,line-c,line-c-e17,33.2009234,-116.1505844,180.0,line-c-e18,33.2010827,-116.1503948,180.0,line-c-e22,33.2017203,-116.1496364,180.0,line-c-e23,33.2018797,-116.1494468,180.0,2026-08-19T17:27:36Z,dipole-dipole,4,5,1.016,787.5,183.335,7.338,0.00578,0.00093,0.01046;0.00879;0.00736;0.00601;0.00597;0.00498;0.00478;0.00355;0.00297;0.00196,
line-c-r00914,line-c,line-c-e17,33.2009234,-116.1505844,180.0,line-c-e18,33.2010827,-116.1503948,180.0,line-c-e22,33.2017203,-116.1496364,180.0,line-c-e23,33.2018797,-116.1494468,180.0,2026-08-19T17:27:48Z,dipole-dipole,4,6,1.259,635.2,205.992,6.918,0.00397,0.00108,0.00601;0.00627;0.00557;0.00473;0.00436;0.00384;0.00308;0.00260;0.00197;0.00149,
line-c-r00915,line-c,line-c-e17,33.2009234,-116.1505844,180.0,line-c-e18,33.2010827,-116.1503948,180.0,line-c-e22,33.2017203,-116.1496364,180.0,line-c-e23,33.2018797,-116.1494468,180.0,2026-08-19T17:28:00Z,dipole-dipole,4,7,1.320,606.2,195.872,12.065,0.00562,0.00084,0.00926;0.00817;0.00716;0.00658;0.00638;0.00545;0.00470;0.00381;0.00260;0.00191,
line-c-r00916,line-c,line-c-e17,33.2009234,-116.1505844,180.0,line-c-e18,33.2010827,-116.1503948,180.0,line-c-e22,33.2017203,-116.1496364,180.0,line-c-e23,33.2018797,-116.1494468,180.0,2026-08-19T17:28:12Z,dipole-dipole,4,7,1.225,653.3,202.429,7.600,0.00552,0.00097,0.00863;0.00846;0.00705;0.00687;0.00644;0.00511;0.00401;0.00340;0.00294;0.00203,
line-c-r00917,line-c,line-c-e17,33.2009234,-116.1505844,180.0,line-c-e18,33.2010827,-116.1503948,180.0,line-c-e22,33.2017203,-116.1496364,180.0,line-c-e23,33.2018797,-116.1494468,180.0,2026-08-19T17:28:24Z,dipole-dipole,4,7,1.087,735.9,188.986,6.815,0.00415,0.00106,0.00683;0.00656;0.00582;0.00559;0.00447;0.00387;0.00308;0.00266;0.00191;0.00152,
line-c-r00918,line-c,line-c-e17,33.2009234,-116.1505844,180.0,line-c-e18,33.2010827,-116.1503948,180.0,line-c-e23,33.2018797,-116.1494468,180.0,line-c-e24,33.2020391,-116.1492572,180.0,2026-08-19T17:28:36Z,dipole-dipole,5,7,1.352,591.9,194.036,6.337,0.00575,0.00110,0.00218;0.00264;0.00374;0.00488;0.00595;0.00660;0.00734;0.00823;0.00949;0.00835,
line-c-r00919,line-c,line-c-e17,33.2009234,-116.1505844,180.0,line-c-e18,33.2010827,-116.1503948,180.0,line-c-e23,33.2018797,-116.1494468,180.0,line-c-e24,33.2020391,-116.1492572,180.0,2026-08-19T17:28:48Z,dipole-dipole,5,8,1.394,573.9,204.657,7.362,0.00391,0.00092,0.00602;0.00553;0.00534;0.00479;0.00411;0.00381;0.00330;0.00262;0.00179;0.00120,
line-c-r00920,line-c,line-c-e17,33.2009234,-116.1505844,180.0,line-c-e18,33.2010827,-116.1503948,180.0,line-c-e23,33.2018797,-116.1494468,180.0,line-c-e24,33.2020391,-116.1492572,180.0,2026-08-19T17:29:00Z,dipole-dipole,5,6,1.286,622.1,202.106,6.913,0.00403,0.00103,0.00627;0.00621;0.00503;0.00539;0.00421;0.00361;0.00290;0.00261;0.00180;0.00139,
line-c-r00921,line-c,line-c-e17,33.2009234,-116.1505844,180.0,line-c-e18,33.2010827,-116.1503948,180.0,line-c-e23,33.2018797,-116.1494468,180.0,line-c-e24,33.2020391,-116.1492572,180.0,2026-08-19T17:29:12Z,dipole-dipole,5,3,1.087,736.3,206.237,8.182,0.00485,0.00115,0.00794;0.00655;0.00674;0.00604;0.00467;0.00487;0.00404;0.00339;0.00225;0.00176,
line-c-r00922,line-c,line-c-e17,33.2009234,-116.1505844,180.0,line-c-e18,33.2010827,-116.1503948,180.0,line-c-e23,33.2018797,-116.1494468,180.0,line-c-e24,33.2020391,-116.1492572,180.0,2026-08-19T17:29:24Z,dipole-dipole,5,8,1.281,624.5,208.374,4.723,0.00481,0.00118,0.00813;0.00789;0.00706;0.00612;0.00544;0.00461;0.00373;0.00291;0.00239;0.00170,
line-c-r00923,line-c,line-c-e17,33.2009234,-116.1505844,180.0,line-c-e18,33.2010827,-116.1503948,180.0,line-c-e23,33.2018797,-116.1494468,180.0,line-c-e24,33.2020391,-116.1492572,180.0,2026-08-19T17:29:36Z,dipole-dipole,5,3,1.053,759.5,198.074,8.178,0.00489,0.00115,0.00749;0.00662;0.00634;0.00642;0.00534;0.00455;0.00375;0.00294;0.00232;0.00179,
line-c-r00924,line-c,line-c-e17,33.2009234,-116.1505844,180.0,line-c-e18,33.2010827,-116.1503948,180.0,line-c-e24,33.2020391,-116.1492572,180.0,line-c-e25,33.2021985,-116.1490676,180.0,2026-08-19T17:29:48Z,dipole-dipole,6,7,0.847,944.1,202.713,6.996,0.00525,0.00097,0.00805;0.00809;0.00742;0.00589;0.00540;0.00516;0.00394;0.00319;0.00235;0.00189,
line-c-r00925,line-c,line-c-e17,33.2009234,-116.1505844,180.0,line-c-e18,33.2010827,-116.1503948,180.0,line-c-e24,33.2020391,-116.1492572,180.0,line-c-e25,33.2021985,-116.1490676,180.0,2026-08-19T17:30:00Z,dipole-dipole,6,7,1.509,530.3,215.784,6.735,0.00506,0.00108,0.00856;0.00762;0.00653;0.00643;0.00582;0.00462;0.00401;0.00340;0.00260;0.00181,
line-c-r00926,line-c,line-c-e17,33.2009234,-116.1505844,180.0,line-c-e18,33.2010827,-116.1503948,180.0,line-c-e24,33.2020391,-116.1492572,180.0,line-c-e25,33.2021985,-116.1490676,180.0,2026-08-19T17:30:12Z,dipole-dipole,6,7,1.168,684.9,199.665,7.940,0.00510,0.00096,0.00864;0.00785;0.00683;0.00628;0.00593;0.00490;0.00378;0.00355;0.00232;0.00198,
line-c-r00927,line-c,line-c-e17,33.2009234,-116.1505844,180.0,line-c-e18,33.2010827,-116.1503948,180.0,line-c-e24,33.2020391,-116.1492572,180.0,line-c-e25,33.2021985,-116.1490676,180.0,2026-08-19T17:30:24Z,dipole-dipole,6,3,1.524,525.1,192.270,286.476,0.00426,0.00140,0.00659;0.00596;0.00609;0.00496;0.00423;0.00418;0.00348;0.00287;0.00220;0.00154,
line-c-r00928,line-c,line-c-e17,33.2009234,-116.1505844,180.0,line-c-e18,33.2010827,-116.1503948,180.0,line-c-e24,33.2020391,-116.1492572,180.0,line-c-e25,33.2021985,-116.1490676,180.0,2026-08-19T17:30:36Z,dipole-dipole,6,8,1.298,616.5,203.337,10.210,0.00717,0.00101,0.01108;0.01060;0.00998;0.01023;0.00819;0.00743;0.00559;0.00469;0.00342;0.00231,
line-c-r00929,line-c,line-c-e17,33.2009234,-116.1505844,180.0,line-c-e18,33.2010827,-116.1503948,180.0,line-c-e24,33.2020391,-116.1492572,180.0,line-c-e25,33.2021985,-116.1490676,180.0,2026-08-19T17:30:48Z,dipole-dipole,6,6,1.229,651.0,201.626,6.328,0.00569,0.00097,0.00966;0.00804;0.00798;0.00706;0.00626;0.00571;0.00443;0.00384;0.00280;0.00187,
line-c-r00930,line-c,line-c-e17,33.2009234,-116.1505844,180.0,line-c-e18,33.2010827,-116.1503948,180.0,line-c-e24,33.2020391,-116.1492572,180.0,line-c-e25,33.2021985,-116.1490676,180.0,2026-08-19T17:31:00Z,dipole-dipole,6,6,1.368,584.6,202.195,7.222,0.00443,0.00134,0.00758;0.00612;0.00630;0.00587;0.00483;0.00420;0.00324;0.00270;0.00222;0.00153,
line-c-r00931,line-c,line-c-e17,33.2009234,-116.1505844,180.0,line-c-e18,33.2010827,-116.1503948,180.0,line-c-e25,33.2021985,-116.1490676,180.0,line-c-e26,33.2023579,-116.1488780,180.0,2026-08-19T17:31:12Z,dipole-dipole,7,3,0.992,806.9,68.778,7.661,0.01437,0.00099,0.02134;0.02137;0.01800;0.01800;0.01695;0.01431;0.01120;0.00961;0.00764;0.00533,
line-c-r00932,line-c,line-c-e17,33.2009234,-116.1505844,180.0,line-c-e18,33.2010827,-116.1503948,180.0,line-c-e25,33.2021985,-116.1490676,180.0,line-c-e26,33.2023579,-116.1488780,180.0,2026-08-19T17:31:24Z,dipole-dipole,7,4,0.948,843.6,266.252,7.548,0.01126,0.00156,0.01805;0.01525;0.01585;0.01479;0.01236;0.01084;0.00729;0.00754;0.00553;0.00425,
line-c-r00933,line-c,line-c-e17,33.2009234,-116.1505844,180.0,line-c-e18,33.2010827,-116.1503948,180.0,line-c-e25,33.2021985,-116.1490676,180.0,line-c-e26,33.2023579,-116.1488780,180.0,2026-08-19T17:31:36Z,dipole-dipole,7,4,0.933,857.3,318.005,6.776,0.00449,0.00082,0.00767;0.00642;0.00607;0.00533;0.00497;0.00415;0.00367;0.00264;0.00193;0.00158,
line-c-r00934,line-c,line-c-e17,33.2009234,-116.1505844,180.0,line-c-e18,33.2010827,-116.1503948,180.0,line-c-e25,33.2021985,-116.1490676,180.0,line-c-e26,33.2023579,-116.1488780,180.0,2026-08-19T17:31:48Z,dipole-dipole,7,5,1.308,611.8,196.748,7.637,0.00796,0.00092,0.01196;0.01189;0.00970;0.01026;0.00907;0.00797;0.00678;0.00549;0.00366;0.00286,
line-c-r00935,line-c,line-c-e17,33.2009234,-116.1505844,180.0,line-c-e18,33.2010827,-116.1503948,180.0,line-c-e25,33.2021985,-116.1490676,180.0,line-c-e26,33.2023579,-116.1488780,180.0,2026-08-19T17:32:00Z,dipole-dipole,7,6,1.011,791.0,187.900,8.183,0.02203,0.00110,0.03751;0.03636;0.02943;0.02867;0.02553;0.02235;0.01610;0.01344;0.00988;0.00828,
line-c-r00936,line-c,line-c-e17,33.2009234,-116.1505844,180.0,line-c-e18,33.2010827,-116.1503948,180.0,line-c-e25,33.2021985,-116.1490676,180.0,line-c-e26,33.2023579,-116.1488780,180.0,2026-08-19T17:32:12Z,dipole-dipole,7,8,0.884,904.7,261.836,7.571,0.00077,0.00090,0.00118;0.00130;0.00110;0.00103;0.00080;0.00070;0.00064;0.00049;0.00038;0.00027,
line-c-r00937,line-c,line-c-e17,33.2009234,-116.1505844,180.0,line-c-e18,33.2010827,-116.1503948,180.0,line-c-e26,33.2023579,-116.1488780,180.0,line-c-e27,33.2025172,-116.1486884,180.0,2026-08-19T17:32:24Z,dipole-dipole,8,7,0.896,893.1,181.431,7.807,0.00109,0.00115,0.00190;0.00158;0.00154;0.00130;0.00121;0.00093;0.00097;0.00071;0.00050;0.00038,
line-c-r00938,line-c,line-c-e17,33.2009234,-116.1505844,180.0,line-c-e18,33.2010827,-116.1503948,180.0,line-c-e26,33.2023579,-116.1488780,180.0,line-c-e27,33.2025172,-116.1486884,180.0,2026-08-19T17:32:36Z,dipole-dipole,8,8,1.016,787.6,236.473,9.474,0.00657,0.00090,0.01017;0.00875;0.00913;0.00782;0.00768;0.00575;0.00517;0.00422;0.00305;0.00237,
line-c-r00939,line-c,line-c-e17,33.2009234,-116.1505844,180.0,line-c-e18,33.2010827,-116.1503948,180.0,line-c-e26,33.2023579,-116.1488780,180.0,line-c-e27,33.2025172,-116.1486884,180.0,2026-08-19T17:32:48Z,dipole-dipole,8,4,1.018,786.1,361.148,5.172,0.00857,0.00089,0.01308;0.01148;0.01126;0.01088;0.00908;0.00792;0.00646;0.00575;0.00403;0.00347,
line-c-r00940,line-c,line-c-e17,33.2009234,-116.1505844,180.0,line-c-e18,33.2010827,-116.1503948,180.0,line-c-e26,33.2023579,-116.1488780,180.0,line-c-e27,33.2025172,-116.1486884,180.0,2026-08-19T17:33:00Z,dipole-dipole,8,8,1.038,770.7,330.583,7.046,0.00316,0.00109,0.00498;0.00445;0.00437;0.00398;0.00310;0.00308;0.00228;0.00211;0.00158;0.00107,
line-c-r00941,line-c,line-c-e17,33.2009234,-116.1505844,180.0,line-c-e18,33.2010827,-116.1503948,180.0,line-c-e26,33.2023579,-116.1488780,180.0,line-c-e27,33.2025172,-116.1486884,180.0,2026-08-19T17:33:12Z,dipole-dipole,8,3,1.226,652.4,65.911,8.623,0.01280,0.00111,0.01834;0.01874;0.01676;0.01860;0.01467;0.01229;0.01124;0.00778;0.00645;0.00429,
line-c-r00942,line-c,line-c-e17,33.2009234,-116.1505844,180.0,line-c-e18,33.2010827,-116.1503948,180.0,line-c-e26,33.2023579,-116.1488780,180.0,line-c-e27,33.2025172,-116.1486884,180.0,2026-08-19T17:33:24Z,dipole-dipole,8,4,0.974,821.5,406.749,7.275,0.00718,0.00109,0.01168;0.01076;0.00949;0.00750;0.00759;0.00711;0.00581;0.00435;0.00329;0.00263,
line-c-r00943,line-c,line-c-e17,33.2009234,-116.1505844,180.0,line-c-e18,33.2010827,-116.1503948,180.0,line-c-e26,33.2023579,-116.1488780,180.0,line-c-e27,33.2025172,-116.1486884,180.0,2026-08-19T17:33:36Z,dipole-dipole,8,4,1.168,684.9,122.972,6.986,0.00730,0.00113,0.01221;0.01075;0.00950;0.00932;0.00775;0.00681;0.00522;0.00477;0.00338;0.00258,
line-c-r00944,line-c,line-c-e18,33.2010827,-116.1503948,180.0,line-c-e19,33.2012421,-116.1502052,180.0,line-c-e20,33.2014015,-116.1500156,180.0,line-c-e21,33.2015609,-116.1498260,180.0,2026-08-19T17:33:48Z,dipole-dipole,1,4,1.208,662.4,203.307,10.187,0.00531,0.00141,0.00788;0.00805;0.00692;0.00594;0.00579;0.00493;0.00458;0.00333;0.00238;0.00183,
line-c-r00945,line-c,line-c-e18,33.2010827,-116.1503948,180.0,line-c-e19,33.2012421,-116.1502052,180.0,line-c-e20,33.2014015,-116.1500156,180.0,line-c-e21,33.2015609,-116.1498260,180.0,2026-08-19T17:34:00Z,dipole-dipole,1,6,1.009,793.1,206.415,7.860,0.00504,0.00092,0.00779;0.00732;0.00604;0.00651;0.00562;0.00474;0.00415;0.00331;0.00231;0.00167,
line-c-r00946,line-c,line-c-e18,33.2010827,-116.1503948,180.0,line-c-e19,33.2012421,-116.1502052,180.0,line-c-e20,33.2014015,-116.1500156,180.0,line-c-e21,33.2015609,-116.1498260,180.0,2026-08-19T17:34:12Z,dipole-dipole,1,4,1.019,784.9,218.707,6.111,0.00543,0.00133,0.00916;0.00669;0.00761;0.00679;0.00565;0.00547;0.00441;0.00353;0.00256;0.00175,
line-c-r00947,line-c,line-c-e18,33.2010827,-116.1503948,180.0,line-c-e19,33.2012421,-116.1502052,180.0,line-c-e20,33.2014015,-116.1500156,180.0,line-c-e21,33.2015609,-116.1498260,180.0,2026-08-19T17:34:24Z,dipole-dipole,1,3,1.062,753.1,212.926,10.294,0.00557,0.00079,0.00911;0.00858;0.00741;0.00738;0.00557;0.00535;0.00403;0.00329;0.00287;0.00198,
line-c-r00948,line-c,line-c-e18,33.2010827,-116.1503948,180.0,line-c-e19,33.2012421,-116.1502052,180.0,line-c-e20,33.2014015,-116.1500156,180.0,line-c-e21,33.2015609,-116.1498260,180.0,2026-08-19T17:34:36Z,dipole-dipole,1,3,1.005,796.2,201.124,10.087,0.00474,0.00112,0.00750;0.00729;0.00629;0.00601;0.00569;0.00431;0.00379;0.00331;0.00221;0.00172,
line-c-r00949,line-c,line-c-e18,33.2010827,-116.1503948,180.0,line-c-e19,33.2012421,-116.1502052,180.0,line-c-e20,33.2014015,-116.1500156,180.0,line-c-e21,33.2015609,-116.1498260,180.0,2026-08-19T17:34:48Z,dipole-dipole,1,7,1.228,651.2,210.716,6.236,0.00432,0.00114,0.00682;0.00668;0.00640;0.00599;0.00519;0.00431;0.00393;0.00307;0.00202;0.00154,
line-c-r00950,line-c,line-c-e18,33.2010827,-116.1503948,180.0,line-c-e19,33.2012421,-116.1502052,180.0,line-c-e20,33.2014015,-116.1500156,180.0,line-c-e21,33.2015609,-116.1498260,180.0,2026-08-19T17:35:00Z,dipole-dipole,1,5,1.303,613.9,199.899,6.971,0.00437,0.01203,0.00645;0.00592;0.00659;0.00538;0.00468;0.00436;0.00326;0.00254;0.00205;0.00153,
line-c-r00951,line-c,line-c-e18,33.2010827,-116.1503948,180.0,line-c-e19,33.2012421,-116.1502052,180.0,line-c-e20,33.2014015,-116.1500156,180.0,line-c-e21,33.2015609,-116.1498260,180.0,2026-08-19T17:35:12Z,dipole-dipole,1,3,1.004,797.1,205.187,9.070,0.00491,0.00117,0.00771;0.00760;0.00677;0.00657;0.00509;0.00459;0.00370;0.00318;0.00256;0.00155,
line-c-r00952,line-c,line-c-e18,33.2010827,-116.1503948,180.0,line-c-e19,33.2012421,-116.1502052,180.0,line-c-e21,33.2015609,-116.1498260,180.0,line-c-e22,33.2017203,-116.1496364,180.0,2026-08-19T17:35:24Z,dipole-dipole,2,8,1.194,669.9,194.714,7.808,0.00473,0.00070,0.00801;0.00763;0.00601;0.00544;0.00470;0.00420;0.00341;0.00314;0.00236;0.00155,
line-c-r00953,line-c,line-c-e18,33.2010827,-116.1503948,180.0,line-c-e19,33.2012421,-116.1502052,180.0,line-c-e21,33.2015609,-116.1498260,180.0,line-c-e22,33.2017203,-116.1496364,180.0,2026-08-19T17:35:36Z,dipole-dipole,2,5,1.388,576.4,199.108,7.267,0.00402,0.00109,0.00666;0.00621;0.00554;0.00485;0.00452;0.00379;0.00343;0.00252;0.00201;0.00146,
line-c-r00954,line-c,line-c-e18,33.2010827,-116.1503948,180.0,line-c-e19,33.2012421,-116.1502052,180.0,line-c-e21,33.2015609,-116.1498260,180.0,line-c-e22,33.2017203,-116.1496364,180.0,2026-08-19T17:35:48Z,dipole-dipole,2,6,1.192,671.1,176.528,6.451,0.00367,0.00110,0.00570;0.00572;0.00576;0.00451;0.00402;0.00353;0.00281;0.00244;0.00173;0.00129,
line-c-r00955,line-c,line-c-e18,33.2010827,-116.1503948,180.0,line-c-e19,33.2012421,-116.1502052,180.0,line-c-e21,33.2015609,-116.1498260,180.0,line-c-e22,33.2017203,-116.1496364,180.0,2026-08-19T17:36:00Z,dipole-dipole,2,6,0.985,812.1,186.793,6.802,0.00645,0.00083,0.01064;0.00964;0.00927;0.00796;0.00772;0.00709;0.00544;0.00411;0.00300;0.00224,
line-c-r00956,line-c,line-c-e18,33.2010827,-116.1503948,180.0,line-c-e19,33.2012421,-116.1502052,180.0,line-c-e21,33.2015609,-116.1498260,180.0,line-c-e22,33.2017203,-116.1496364,180.0,2026-08-19T17:36:12Z,dipole-dipole,2,3,1.034,774.0,-247.069,5.775,0.00536,0.00131,0.00874;0.00746;0.00737;0.00609;0.00604;0.00525;0.00409;0.00371;0.00246;0.00183,
line-c-r00957,line-c,line-c-e18,33.2010827,-116.1503948,180.0,line-c-e19,33.2012421,-116.1502052,180.0,line-c-e21,33.2015609,-116.1498260,180.0,line-c-e22,33.2017203,-116.1496364,180.0,2026-08-19T17:36:24Z,dipole-dipole,2,8,1.207,662.6,205.595,11.598,0.00639,0.00109,0.01001;0.00875;0.00847;0.00756;0.00748;0.00627;0.00491;0.00488;0.00342;0.00215,
line-c-r00958,line-c,line-c-e18,33.2010827,-116.1503948,180.0,line-c-e19,33.2012421,-116.1502052,180.0,line-c-e22,33.2017203,-116.1496364,180.0,line-c-e23,33.2018797,-116.1494468,180.0,2026-08-19T17:36:36Z,dipole-dipole,3,8,1.045,765.9,197.760,9.204,0.00361,0.00100,0.00524;0.00538;0.00509;0.00484;0.00400;0.00323;0.00282;0.00232;0.00179;0.00133,
line-c-r00959,line-c,line-c-e18,33.2010827,-116.1503948,180.0,line-c-e19,33.2012421,-116.1502052,180.0,line-c-e22,33.2017203,-116.1496364,180.0,line-c-e23,33.2018797,-116.1494468,180.0,2026-08-19T17:36:48Z,dipole-dipole,3,3,1.111,720.1,200.712,8.739,0.00527,0.00087,0.00815;0.00763;0.00724;0.00640;0.00593;0.00507;0.00421;0.00310;0.00258;0.00195,
line-c-r00960,line-c,line-c-e18,33.2010827,-116.1503948,180.0,line-c-e19,33.2012421,-116.1502052,180.0,line-c-e22,33.2017203,-116.1496364,180.0,line-c-e23,33.2018797,-116.1494468,180.0,2026-08-19T17:37:00Z,dipole-dipole,3,6,1.345,595.0,202.626,7.538,0.00732,0.00110,0.01426;0.01082;0.00991;0.00830;0.00757;0.00679;0.00608;0.00480;0.00359;0.00264,
line-c-r00961,line-c,line-c-e18,33.2010827,-116.1503948,180.0,line-c-e19,33.2012421,-116.1502052,180.0,line-c-e22,33.2017203,-116.1496364,180.0,line-c-e23,33.2018797,-116.1494468,180.0,2026-08-19T17:37:12Z,dipole-dipole,3,7,1.027,778.9,212.949,6.121,0.00541,0.00112,0.00877;0.00799;0.00710;0.00699;0.00559;0.00457;0.00455;0.00341;0.00265;0.00185,
line-c-r00962,line-c,line-c-e18,33.2010827,-116.1503948,180.0,line-c-e19,33.2012421,-116.1502052,180.0,line-c-e22,33.2017203,-116.1496364,180.0,line-c-e23,33.2018797,-116.1494468,180.0,2026-08-19T17:37:24Z,dipole-dipole,3,6,0.999,800.5,204.126,8.674,0.00593,0.00117,0.00940;0.00935;0.00760;0.00653;0.00591;0.00523;0.00453;0.00387;0.00292;0.00202,
line-c-r00963,line-c,line-c-e18,33.2010827,-116.1503948,180.0,line-c-e19,33.2012421,-116.1502052,180.0,line-c-e22,33.2017203,-116.1496364,180.0,line-c-e23,33.2018797,-116.1494468,180.0,2026-08-19T17:37:36Z,dipole-dipole,3,6,0.886,903.0,193.567,7.309,0.00548,0.00090,0.00853;0.00803;0.00766;0.00769;0.00675;0.00499;0.00437;0.00359;0.00271;0.00184,
line-c-r00964,line-c,line-c-e18,33.2010827,-116.1503948,180.0,line-c-e19,33.2012421,-116.1502052,180.0,line-c-e22,33.2017203,-116.1496364,180.0,line-c-e23,33.2018797,-116.1494468,180.0,2026-08-19T17:37:48Z,dipole-dipole,3,8,0.919,870.6,203.702,6.433,0.00474,0.00091,0.00795;0.00694;0.00629;0.00579;0.00534;0.00447;0.00389;0.00293;0.00249;0.00172,
line-c-r00965,line-c,line-c-e18,33.2010827,-116.1503948,180.0,line-c-e19,33.2012421,-116.1502052,180.0,line-c-e23,33.2018797,-116.1494468,180.0,line-c-e24,33.2020391,-116.1492572,180.0,2026-08-19T17:38:00Z,dipole-dipole,4,3,1.173,681.7,208.644,8.218,0.00426,0.00085,0.00688;0.00716;0.00624;0.00527;0.00473;0.00412;0.00339;0.00255;0.00226;0.00148,
line-c-r00966,line-c,line-c-e18,33.2010827,-116.1503948,180.0,line-c-e19,33.2012421,-116.1502052,180.0,line-c-e23,33.2018797,-116.1494468,180.0,line-c-e24,33.2020391,-116.1492572,180.0,2026-08-19T17:38:12Z,dipole-dipole,4,6,1.212,659.9,199.004,8.857,0.00624,0.00093,0.01074;0.00932;0.00867;0.00752;0.00678;0.00606;0.00477;0.00438;0.00299;0.00230,
line-c-r00967,line-c,line-c-e18,33.2010827,-116.1503948,180.0,line-c-e19,33.2012421,-116.1502052,180.0,line-c-e23,33.2018797,-116.1494468,180.0,line-c-e24,33.2020391,-116.1492572,180.0,2026-08-19T17:38:24Z,dipole-dipole,4,8,1.275,627.7,206.867,7.840,0.00411,0.00098,0.00622;0.00603;0.00596;0.00532;0.00400;0.00410;0.00348;0.00254;0.00207;0.00141,
line-c-r00968,line-c,line-c-e18,33.2010827,-116.1503948,180.0,line-c-e19,33.2012421,-116.1502052,180.0,line-c-e23,33.2018797,-116.1494468,180.0,line-c-e24,33.2020391,-116.1492572,180.0,2026-08-19T17:38:36Z,dipole-dipole,4,5,0.919,870.3,192.723,6.698,0.00488,0.00081,0.00726;0.00667;0.00656;0.00635;0.00521;0.00480;0.00357;0.00363;0.00237;0.00163,
line-c-r00056,line-c,line-c-e18,33.2010827,-116.1503948,180.0,line-c-e19,33.2012421,-116.1502052,180.0,line-c-e23,33.2018797,-116.1494468,180.0,line-c-e24,33.2020391,-116.1492572,180.0,2026-08-19T17:38:48Z,dipole-dipole,4,8,1.410,567.4,200.344,7.068,0.00534,0.00096,0.00854;0.00830;0.00688;0.00676;0.00565;0.00533;0.00443;0.00359;0.00271;0.00205,
line-c-r00970,line-c,line-c-e18,33.2010827,-116.1503948,180.0,line-c-e19,33.2012421,-116.1502052,180.0,line-c-e23,33.2018797,-116.1494468,180.0,line-c-e24,33.2020391,-116.1492572,180.0,2026-08-19T17:39:00Z,dipole-dipole,4,6,1.351,592.0,197.680,7.922,0.00518,0.00104,0.00787;0.00811;0.00738;0.00602;0.00624;0.00476;0.00446;0.00321;0.00248;0.00176,
line-c-r00971,line-c,line-c-e18,33.2010827,-116.1503948,180.0,line-c-e19,33.2012421,-116.1502052,180.0,line-c-e23,33.2018797,-116.1494468,180.0,line-c-e24,33.2020391,-116.1492572,180.0,2026-08-19T17:39:12Z,dipole-dipole,4,4,1.252,638.9,189.415,7.181,0.00479,0.00084,0.00806;0.00712;0.00646;0.00605;0.00541;0.00495;0.00389;0.00300;0.00229;0.00144,
line-c-r00972,line-c,line-c-e18,33.2010827,-116.1503948,180.0,line-c-e19,33.2012421,-116.1502052,180.0,line-c-e24,33.2020391,-116.1492572,180.0,line-c-e25,33.2021985,-116.1490676,180.0,2026-08-19T17:39:24Z,dipole-dipole,5,7,1.077,742.8,204.987,7.121,0.00506,0.00126,0.00810;0.00742;0.00692;0.00642;0.00523;0.00476;0.00422;0.00313;0.00255;0.00170,
line-c-r00973,line-c,line-c-e18,33.2010827,-116.1503948,180.0,line-c-e19,33.2012421,-116.1502052,180.0,line-c-e24,33.2020391,-116.1492572,180.0,line-c-e25,33.2021985,-116.1490676,180.0,2026-08-19T17:39:36Z,dipole-dipole,5,5,1.195,669.4,210.962,6.318,0.00541,0.00119,0.00825;0.00824;0.00797;0.00701;0.00617;0.00552;0.00455;0.00339;0.00256;0.00182,
line-c-r00974,line-c,line-c-e18,33.2010827,-116.1503948,180.0,line-c-e19,33.2012421,-116.1502052,180.0,line-c-e24,33.2020391,-116.1492572,180.0,line-c-e25,33.2021985,-116.1490676,180.0,2026-08-19T17:39:48Z,dipole-dipole,5,5,0.989,808.8,201.735,6.436,0.00590,0.00123,0.00895;0.00811;0.00848;0.00648;0.00664;0.00525;0.00452;0.00393;0.00276;0.00216,
line-c-r00975,line-c,line-c-e18,33.2010827,-116.1503948,180.0,line-c-e19,33.2012421,-116.1502052,180.0,line-c-e24,33.2020391,-116.1492572,180.0,line-c-e25,33.2021985,-116.1490676,180.0,2026-08-19T17:40:00Z,dipole-dipole,5,5,1.064,751.8,199.227,6.753,0.00631,0.00094,0.01092;0.00936;0.00924;0.00819;0.00725;0.00606;0.00527;0.00353;0.00285;0.00217,
line-c-r00976,line-c,line-c-e18,33.2010827,-116.1503948,180.0,line-c-e19,33.2012421,-116.1502052,180.0,line-c-e24,33.2020391,-116.1492572,180.0,line-c-e25,33.2021985,-116.1490676,180.0,2026-08-19T17:40:12Z,dipole-dipole,5,4,1.096,729.7,193.636,410.293,0.00449,0.00108,0.00671;0.00622;0.00576;0.00640;0.00486;0.00406;0.00329;0.00318;0.00229;0.00169,
line-c-r00977,line-c,line-c-e18,33.2010827,-116.1503948,180.0,line-c-e19,33.2012421,-116.1502052,180.0,line-c-e24,33.2020391,-116.1492572,180.0,line-c-e25,33.2021985,-116.1490676,180.0,2026-08-19T17:40:24Z,dipole-dipole,5,4,1.127,710.2,205.846,7.135,0.00485,0.00093,0.00824;0.00701;0.00690;0.00569;0.00526;0.00536;0.00389;0.00313;0.00279;0.00154,
line-c-r00978,line-c,line-c-e18,33.2010827,-116.1503948,180.0,line-c-e19,33.2012421,-116.1502052,180.0,line-c-e25,33.2021985,-116.1490676,180.0,line-c-e26,33.2023579,-116.1488780,180.0,2026-08-19T17:40:36Z,dipole-dipole,6,3,1.425,561.4,338.111,9.008,0.00647,0.00169,0.01017;0.00964;0.00909;0.00829;0.00690;0.00617;0.00440;0.00370;0.00301;0.00218,
line-c-r00979,line-c,line-c-e18,33.2010827,-116.1503948,180.0,line-c-e19,33.2012421,-116.1502052,180.0,line-c-e25,33.2021985,-116.1490676,180.0,line-c-e26,33.2023579,-116.1488780,180.0,2026-08-19T17:40:48Z,dipole-dipole,6,3,1.086,736.8,224.356,6.969,0.00376,0.00121,0.00571;0.00543;0.00518;0.00445;0.00396;0.00345;0.00292;0.00252;0.00189;0.00129,
line-c-r00980,line-c,line-c-e18,33.2010827,-116.1503948,180.0,line-c-e19,33.2012421,-116.1502052,180.0,line-c-e25,33.2021985,-116.1490676,180.0,line-c-e26,33.2023579,-116.1488780,180.0,2026-08-19T17:41:00Z,dipole-dipole,6,4,0.976,819.4,230.066,8.964,0.00117,0.00095,0.00175;0.00166;0.00161;0.00143;0.00141;0.00109;0.00097;0.00075;0.00054;0.00039,
line-c-r00981,line-c,line-c-e18,33.2010827,-116.1503948,180.0,line-c-e19,33.2012421,-116.1502052,180.0,line-c-e25,33.2021985,-116.1490676,180.0,line-c-e26,33.2023579,-116.1488780,180.0,2026-08-19T17:41:12Z,dipole-dipole,6,6,1.005,796.0,115.980,5.937,0.00532,0.00124,0.00787;0.00850;0.00695;0.00654;0.00565;0.00501;0.00355;0.00342;0.00274;0.00210,
line-c-r00982,line-c,line-c-e18,33.2010827,-116.1503948,180.0,line-c-e19,33.2012421,-116.1502052,180.0,line-c-e25,33.2021985,-116.1490676,180.0,line-c-e26,33.2023579,-116.1488780,180.0,2026-08-19T17:41:24Z,dipole-dipole,6,5,1.459,548.3,218.011,7.102,0.00635,0.00143,0.00948;0.00859;0.00858;0.00810;0.00648;0.00552;0.00561;0.00415;0.00265;0.00227,
line-c-r00983,line-c,line-c-e18,33.2010827,-116.1503948,180.0,line-c-e19,33.2012421,-116.1502052,180.0,line-c-e25,33.2021985,-116.1490676,180.0,line-c-e26,33.2023579,-116.1488780,180.0,2026-08-19T17:41:36Z,dipole-dipole,6,6,0.946,845.8,741.575,7.200,0.00552,0.00101,0.00911;0.00865;0.00756;0.00734;0.00578;0.00481;0.00418;0.00381;0.00283;0.00207,
line-c-r00984,line-c,line-c-e18,33.2010827,-116.1503948,180.0,line-c-e19,33.2012421,-116.1502052,180.0,line-c-e25,33.2021985,-116.1490676,180.0,line-c-e26,33.2023579,-116.1488780,180.0,2026-08-19T17:41:48Z,dipole-dipole,6,4,1.347,594.1,70.638,8.430,0.00212,0.00110,0.00315;0.00303;0.00292;0.00290;0.00251;0.00203;0.00168;0.00133;0.00102;0.00073,
line-c-r00985,line-c,line-c-e18,33.2010827,-116.1503948,180.0,line-c-e19,33.2012421,-116.1502052,180.0,line-c-e26,33.2023579,-116.1488780,180.0,line-c-e27,33.2025172,-116.1486884,180.0,2026-08-19T17:42:00Z,dipole-dipole,7,4,0.906,882.5,293.649,8.679,0.00752,0.00116,0.01124;0.01079;0.00977;0.00911;0.00804;0.00749;0.00589;0.00484;0.00361;0.00257,
line-c-r00986,line-c,line-c-e18,33.2010827,-116.1503948,180.0,line-c-e19,33.2012421,-116.1502052,180.0,line-c-e26,33.2023579,-116.1488780,180.0,line-c-e27,33.2025172,-116.1486884,180.0,2026-08-19T17:42:12Z,dipole-dipole,7,8,1.127,709.6,182.374,6.897,0.00335,0.00128,0.00545;0.00498;0.00459;0.00398;0.00392;0.00295;0.00277;0.00217;0.00168;0.00113,
line-c-r00987,line-c,line-c-e18,33.2010827,-116.1503948,180.0,line-c-e19,33.2012421,-116.1502052,180.0,line-c-e26,33.2023579,-116.1488780,180.0,line-c-e27,33.2025172,-116.1486884,180.0,2026-08-19T17:42:24Z,dipole-dipole,7,5,1.301,615.1,345.720,9.249,0.00286,0.00074,0.00449;0.00437;0.00413;0.00398;0.00298;0.00276;0.00258;0.00189;0.00124;0.00109,
line-c-r00988,line-c,line-c-e18,33.2010827,-116.1503948,180.0,line-c-e19,33.2012421,-116.1502052,180.0,line-c-e26,33.2023579,-116.1488780,180.0,line-c-e27,33.2025172,-116.1486884,180.0,2026-08-19T17:42:36Z,dipole-dipole,7,3,1.357,589.4,214.059,5.931,0.00662,0.00110,0.01028;0.01027;0.00922;0.00789;0.00729;0.00656;0.00584;0.00430;0.00350;0.00253,
line-c-r00989,line-c,line-c-e18,33.2010827,-116.1503948,180.0,line-c-e19,33.2012421,-116.1502052,180.0,line-c-e26,33.2023579,-116.1488780,180.0,line-c-e27,33.2025172,-116.1486884,180.0,2026-08-19T17:42:48Z,dipole-dipole,7,6,0.996,803.3,185.985,8.922,0.00350,0.00089,0.00599;0.00521;0.00485;0.00427;0.00396;0.00348;0.00277;0.00255;0.00172;0.00115,
line-c-r00990,line-c,line-c-e18,33.2010827,-116.1503948,180.0,line-c-e19,33.2012421,-116.1502052,180.0,line-c-e26,33.2023579,-116.1488780,180.0,line-c-e27,33.2025172,-116.1486884,180.0,2026-08-19T17:43:00Z,dipole-dipole,7,3,1.046,764.5,212.596,8.263,0.00092,0.00091,0.00141;0.00144;0.00131;0.00119;0.00103;0.00090;0.00075;0.00061;0.00042;0.00034,
line-c-r00991,line-c,line-c-e18,33.2010827,-116.1503948,180.0,line-c-e19,33.2012421,-116.1502052,180.0,line-c-e26,33.2023579,-116.1488780,180.0,line-c-e27,33.2025172,-116.1486884,180.0,2026-08-19T17:43:12Z,dipole-dipole,7,8,1.040,769.5,152.245,6.886,0.00279,0.00143,0.00506;0.00417;0.00389;0.00341;0.00308;0.00230;0.00248;0.00171;0.00137;0.00106,
line-c-r00992,line-c,line-c-e18,33.2010827,-116.1503948,180.0,line-c-e19,33.2012421,-116.1502052,180.0,line-c-e26,33.2023579,-116.1488780,180.0,line-c-e27,33.2025172,-116.1486884,180.0,2026-08-19T17:43:24Z,dipole-dipole,7,7,1.176,680.5,113.578,6.477,0.00257,0.00099,0.00401;0.00381;0.00316;0.00334;0.00330;0.00222;0.00200;0.00162;0.00120;0.00094,
line-c-r00993,line-c,line-c-e18,33.2010827,-116.1503948,180.0,line-c-e19,33.2012421,-116.1502052,180.0,line-c-e27,33.2025172,-116.1486884,180.0,line-c-e28,33.2026766,-116.1484988,180.0,2026-08-19T17:43:36Z,dipole-dipole,8,4,1.152,694.3,204.449,6.453,0.00690,0.00103,0.01153;0.01071;0.00924;0.00925;0.00901;0.00674;0.00546;0.00441;0.00340;0.00255,
line-c-r00994,line-c,line-c-e18,33.2010827,-116.1503948,180.0,line-c-e19,33.2012421,-116.1502052,180.0,line-c-e27,33.2025172,-116.1486884,180.0,line-c-e28,33.2026766,-116.1484988,180.0,2026-08-19T17:43:48Z,dipole-dipole,8,8,1.235,647.5,200.545,6.141,0.00568,0.00119,0.00848;0.00710;0.00743;0.00685;0.00563;0.00517;0.00492;0.00360;0.00276;0.00191,
line-c-r00995,line-c,line-c-e18,33.2010827,-116.1503948,180.0,line-c-e19,33.2012421,-116.1502052,180.0,line-c-e27,33.2025172,-116.1486884,180.0,line-c-e28,33.2026766,-116.1484988,180.0,2026-08-19T17:44:00Z,dipole-dipole,8,4,1.201,666.3,218.656,9.137,0.00439,0.00104,0.00710;0.00684;0.00646;0.00562;0.00539;0.00397;0.00369;0.00252;0.00226;0.00158,
line-c-r00996,line-c,line-c-e18,33.2010827,-116.1503948,180.0,line-c-e19,33.2012421,-116.1502052,180.0,line-c-e27,33.2025172,-116.1486884,180.0,line-c-e28,33.2026766,-116.1484988,180.0,2026-08-19T17:44:12Z,dipole-dipole,8,8,1.105,723.9,203.133,5.605,0.00607,0.00125,0.00951;0.00898;0.00849;0.00667;0.00694;0.00561;0.00415;0.00409;0.00289;0.00213,
line-c-r00997,line-c,line-c-e18,33.2010827,-116.1503948,180.0,line-c-e19,33.2012421,-116.1502052,180.0,line-c-e27,33.2025172,-116.1486884,180.0,line-c-e28,33.2026766,-116.1484988,180.0,2026-08-19T17:44:24Z,dipole-dipole,8,4,1.494,535.4,195.409,6.237,0.00636,0.00110,0.00959;0.00933;0.00905;0.00698;0.00724;0.00578;0.00486;0.00400;0.00313;0.00218,
line-c-r00998,line-c,line-c-e18,33.2010827,-116.1503948,180.0,line-c-e19,33.2012421,-116.1502052,180.0,line-c-e27,33.2025172,-116.1486884,180.0,line-c-e28,33.2026766,-116.1484988,180.0,2026-08-19T17:44:36Z,dipole-dipole,8,4,1.016,787.1,211.785,8.454,0.00449,0.00100,0.00712;0.00680;0.00602;0.00558;0.00488;0.00472;0.00361;0.00271;0.00250;0.00157,
line-c-r00999,line-c,line-c-e19,33.2012421,-116.1502052,180.0,line-c-e20,33.2014015,-116.1500156,180.0,line-c-e21,33.2015609,-116.1498260,180.0,line-c-e22,33.2017203,-116.1496364,180.0,2026-08-19T17:44:48Z,dipole-dipole,1,8,1.729,462.6,204.769,9.035,0.00643,0.00088,0.01033;0.00990;0.00893;0.00777;0.00677;0.00598;0.00552;0.00416;0.00318;0.00229,
line-c-r01000,line-c,line-c-e19,33.2012421,-116.1502052,180.0,line-c-e20,33.2014015,-116.1500156,180.0,line-c-e21,33.2015609,-116.1498260,180.0,line-c-e22,33.2017203,-116.1496364,180.0,2026-08-19T17:45:00Z,dipole-dipole,1,4,1.459,548.4,203.551,6.589,0.00569,0.00097,0.00862;0.00883;0.00730;0.00686;0.00683;0.00542;0.00457;0.00358;0.00286;0.00194,
line-c-r01001,line-c,line-c-e19,33.2012421,-116.1502052,180.0,line-c-e20,33.2014015,-116.1500156,180.0,line-c-e21,33.2015609,-116.1498260,180.0,line-c-e22,33.2017203,-116.1496364,180.0,2026-08-19T17:45:12Z,dipole-dipole,1,6,1.489,537.2,211.173,8.983,0.00870,0.00092,0.01431;0.01131;0.01206;0.01179;0.00996;0.00782;0.00718;0.00546;0.00407;0.00308,
line-c-r01002,line-c,line-c-e19,33.2012421,-116.1502052,180.0,line-c-e20,33.2014015,-116.1500156,180.0,line-c-e21,33.2015609,-116.1498260,180.0,line-c-e22,33.2017203,-116.1496364,180.0,2026-08-19T17:45:24Z,dipole-dipole,1,8,1.417,564.4,210.785,8.094,0.00382,0.00124,0.00627;0.00504;0.00552;0.00494;0.00434;0.00352;0.00311;0.00263;0.00186;0.00153,
line-c-r01003,line-c,line-c-e19,33.2012421,-116.1502052,180.0,line-c-e20,33.2014015,-116.1500156,180.0,line-c-e21,33.2015609,-116.1498260,180.0,line-c-e22,33.2017203,-116.1496364,180.0,2026-08-19T17:45:36Z,dipole-dipole,1,8,1.602,499.3,198.666,6.357,0.00466,0.00104,0.00722;0.00661;0.00597;0.00594;0.00509;0.00436;0.00403;0.00311;0.00211;0.00164,
line-c-r01004,line-c,line-c-e19,33.2012421,-116.1502052,180.0,line-c-e20,33.2014015,-116.1500156,180.0,line-c-e21,33.2015609,-116.1498260,180.0,line-c-e22,33.2017203,-116.1496364,180.0,2026-08-19T17:45:48Z,dipole-dipole,1,7,1.852,431.9,200.383,6.396,0.00608,0.00116,0.00996;0.00840;0.00762;0.00800;0.00678;0.00565;0.00404;0.00386;0.00274;0.00216,
line-c-r01005,line-c,line-c-e19,33.2012421,-116.1502052,180.0,line-c-e20,33.2014015,-116.1500156,180.0,line-c-e21,33.2015609,-116.1498260,180.0,line-c-e22,33.2017203,-116.1496364,180.0,2026-08-19T17:46:00Z,dipole-dipole,1,3,1.699,471.0,203.236,8.765,0.00506,0.00102,0.00892;0.00805;0.00657;0.00693;0.00519;0.00526;0.00408;0.00336;0.00233;0.00176,
line-c-r01006,line-c,line-c-e19,33.2012421,-116.1502052,180.0,line-c-e20,33.2014015,-116.1500156,180.0,line-c-e22,33.2017203,-116.1496364,180.0,line-c-e23,33.2018797,-116.1494468,180.0,2026-08-19T17:46:12Z,dipole-dipole,2,6,2.000,395.2,204.254,6.980,0.00634,0.01760,0.00991;0.00915;0.00921;0.00799;0.00700;0.00587;0.00521;0.00422;0.00308;0.00212,
line-c-r01007,line-c,line-c-e19,33.2012421,-116.1502052,180.0,line-c-e20,33.2014015,-116.1500156,180.0,line-c-e22,33.2017203,-116.1496364,180.0,line-c-e23,33.2018797,-116.1494468,180.0,2026-08-19T17:46:24Z,dipole-dipole,2,8,1.487,538.0,207.702,6.993,0.00543,0.00112,0.00819;0.00873;0.00802;0.00744;0.00594;0.00469;0.00468;0.00395;0.00280;0.00195,
line-c-r01008,line-c,line-c-e19,33.2012421,-116.1502052,180.0,line-c-e20,33.2014015,-116.1500156,180.0,line-c-e22,33.2017203,-116.1496364,180.0,line-c-e23,33.2018797,-116.1494468,180.0,2026-08-19T17:46:36Z,dipole-dipole,2,8,1.572,509.0,208.739,7.470,0.00398,0.00138,0.00584;0.00601;0.00471;0.00530;0.00450;0.00381;0.00291;0.00239;0.00194;0.00151,
line-c-r01009,line-c,line-c-e19,33.2012421,-116.1502052,180.0,line-c-e20,33.2014015,-116.1500156,180.0,line-c-e22,33.2017203,-116.1496364,180.0,line-c-e23,33.2018797,-116.1494468,180.0,2026-08-19T17:46:48Z,dipole-dipole,2,6,1.498,534.2,209.580,7.945,0.00479,0.00082,0.00824;0.00691;0.00637;0.00587;0.00545;0.00440;0.00369;0.00324;0.00236;0.00179,
line-c-r01010,line-c,line-c-e19,33.2012421,-116.1502052,180.0,line-c-e20,33.2014015,-116.1500156,180.0,line-c-e22,33.2017203,-116.1496364,180.0,line-c-e23,33.2018797,-116.1494468,180.0,2026-08-19T17:47:00Z,dipole-dipole,2,6,1.781,449.2,203.240,6.906,0.00544,0.00114,0.00794;0.00758;0.00773;0.00661;0.00566;0.00515;0.00399;0.00368;0.00245;0.00186,
line-c-r01011,line-c,line-c-e19,33.2012421,-116.1502052,180.0,line-c-e20,33.2014015,-116.1500156,180.0,line-c-e22,33.2017203,-116.1496364,180.0,line-c-e23,33.2018797,-116.1494468,180.0,2026-08-19T17:47:12Z,dipole-dipole,2,8,1.367,585.4,207.006,9.465,0.00534,0.00117,0.00794;0.00752;0.00719;0.00698;0.00608;0.00555;0.00407;0.00358;0.00267;0.00211,
line-c-r01012,line-c,line-c-e19,33.2012421,-116.1502052,180.0,line-c-e20,33.2014015,-116.1500156,180.0,line-c-e23,33.2018797,-116.1494468,180.0,line-c-e24,33.2020391,-116.1492572,180.0,2026-08-19T17:47:24Z,dipole-dipole,3,4,1.438,556.2,200.603,7.172,0.00646,0.01150,0.00949;0.00963;0.00793;0.00883;0.00667;0.00606;0.00584;0.00369;0.00333;0.00241,
line-c-r01013,line-c,line-c-e19,33.2012421,-116.1502052,180.0,line-c-e20,33.2014015,-116.1500156,180.0,line-c-e23,33.2018797,-116.1494468,180.0,line-c-e24,33.2020391,-116.1492572,180.0,2026-08-19T17:47:36Z,dipole-dipole,3,8,1.685,474.8,204.549,7.614,0.00467,0.00088,0.00723;0.00735;0.00621;0.00655;0.00544;0.00450;0.00365;0.00323;0.00219;0.00154,
line-c-r01014,line-c,line-c-e19,33.2012421,-116.1502052,180.0,line-c-e20,33.2014015,-116.1500156,180.0,line-c-e23,33.2018797,-116.1494468,180.0,line-c-e24,33.2020391,-116.1492572,180.0,2026-08-19T17:47:48Z,dipole-dipole,3,7,1.748,457.6,201.538,9.127,0.00289,0.00118,0.00472;0.00396;0.00406;0.00401;0.00318;0.00267;0.00242;0.00203;0.00131;0.00101,
line-c-r01015,line-c,line-c-e19,33.2012421,-116.1502052,180.0,line-c-e20,33.2014015,-116.1500156,180.0,line-c-e23,33.2018797,-116.1494468,180.0,line-c-e24,33.2020391,-116.1492572,180.0,2026-08-19T17:48:00Z,dipole-dipole,3,6,1.605,498.3,194.920,7.786,0.00405,0.00112,0.00650;0.00686;0.00538;0.00507;0.00489;0.00386;0.00319;0.00258;0.00206;0.00129,
line-c-r01016,line-c,line-c-e19,33.2012421,-116.1502052,180.0,line-c-e20,33.2014015,-116.1500156,180.0,line-c-e23,33.2018797,-116.1494468,180.0,line-c-e24,33.2020391,-116.1492572,180.0,2026-08-19T17:48:12Z,dipole-dipole,3,4,1.897,421.8,199.098,8.816,0.00581,0.00103,0.00899;0.00867;0.00741;0.00764;0.00683;0.00569;0.00403;0.00353;0.00282;0.00202,
line-c-r01017,line-c,line-c-e19,33.2012421,-116.1502052,180.0,line-c-e20,33.2014015,-116.1500156,180.0,line-c-e23,33.2018797,-116.1494468,180.0,line-c-e24,33.2020391,-116.1492572,180.0,2026-08-19T17:48:24Z,dipole-dipole,3,7,1.445,553.7,189.198,7.467,0.00524,0.00112,0.00912;0.00745;0.00678;0.00601;0.00566;0.00510;0.00424;0.00351;0.00278;0.00188,
line-c-r01018,line-c,line-c-e19,33.2012421,-116.1502052,180.0,line-c-e20,33.2014015,-116.1500156,180.0,line-c-e24,33.2020391,-116.1492572,180.0,line-c-e25,33.2021985,-116.1490676,180.0,2026-08-19T17:48:36Z,dipole-dipole,4,3,1.732,461.9,198.712,6.700,0.00631,0.00090,0.00971;0.01027;0.00890;0.00768;0.00636;0.00568;0.00522;0.00397;0.00331;0.00208,
line-c-r01019,line-c,line-c-e19,33.2012421,-116.1502052,180.0,line-c-e20,33.2014015,-116.1500156,180.0,line-c-e24,33.2020391,-116.1492572,180.0,line-c-e25,33.2021985,-116.1490676,180.0,2026-08-19T17:48:48Z,dipole-dipole,4,7,1.407,568.7,207.140,7.267,0.00594,0.00104,0.00876;0.00946;0.00872;0.00734;0.00691;0.00622;0.00489;0.00390;0.00310;0.00209,
line-c-r01020,line-c,line-c-e19,33.2012421,-116.1502052,180.0,line-c-e20,33.2014015,-116.1500156,180.0,line-c-e24,33.2020391,-116.1492572,180.0,line-c-e25,33.2021985,-116.1490676,180.0,2026-08-19T17:49:00Z,dipole-dipole,4,8,1.623,492.8,206.004,8.615,0.00594,0.00109,0.00912;0.00991;0.00896;0.00799;0.00637;0.00663;0.00482;0.00365;0.00292;0.00208,
line-c-r01021,line-c,line-c-e19,33.2012421,-116.1502052,180.0,line-c-e20,33.2014015,-116.1500156,180.0,line-c-e24,33.2020391,-116.1492572,180.0,line-c-e25,33.2021985,-116.1490676,180.0,2026-08-19T17:49:12Z,dipole-dipole,4,7,2.000,392.6,207.308,6.349,0.00538,0.00113,0.00826;0.00802;0.00701;0.00773;0.00631;0.00514;0.00477;0.00329;0.00242;0.00190,
line-c-r01022,line-c,line-c-e19,33.2012421,-116.1502052,180.0,line-c-e20,33.2014015,-116.1500156,180.0,line-c-e24,33.2020391,-116.1492572,180.0,line-c-e25,33.2021985,-116.1490676,180.0,2026-08-19T17:49:24Z,dipole-dipole,4,8,1.403,570.4,215.716,8.051,0.00546,0.00072,0.00860;0.00792;0.00798;0.00694;0.00591;0.00487;0.00423;0.00374;0.00253;0.00207,
line-c-r01023,line-c,line-c-e19,33.2012421,-116.1502052,180.0,line-c-e20,33.2014015,-116.1500156,180.0,line-c-e24,33.2020391,-116.1492572,180.0,line-c-e25,33.2021985,-116.1490676,180.0,2026-08-19T17:49:36Z,dipole-dipole,4,7,1.681,475.8,190.635,6.594,0.00474,0.00106,0.00691;0.00656;0.00620;0.00583;0.00523;0.00476;0.00380;0.00327;0.00247;0.00166,
line-c-r01024,line-c,line-c-e19,33.2012421,-116.1502052,180.0,line-c-e20,33.2014015,-116.1500156,180.0,line-c-e24,33.2020391,-116.1492572,180.0,line-c-e25,33.2021985,-116.1490676,180.0,2026-08-19T17:49:48Z,dipole-dipole,4,5,2.000,391.0,207.635,9.022,0.00685,0.00104,0.01109;0.01100;0.01070;0.00775;0.00737;0.00614;0.00528;0.00475;0.00352;0.00223,
line-c-r01025,line-c,line-c-e19,33.2012421,-116.1502052,180.0,line-c-e20,33.2014015,-116.1500156,180.0,line-c-e24,33.2020391,-116.1492572,180.0,line-c-e25,33.2021985,-116.1490676,180.0,2026-08-19T17:50:00Z,dipole-dipole,4,6,1.693,472.5,195.625,8.176,0.00394,0.00126,0.00606;0.00688;0.00506;0.00505;0.00455;0.00387;0.00295;0.00262;0.00192;0.00138,
line-c-r01026,line-c,line-c-e19,33.2012421,-116.1502052,180.0,line-c-e20,33.2014015,-116.1500156,180.0,line-c-e25,33.2021985,-116.1490676,180.0,line-c-e26,33.2023579,-116.1488780,180.0,2026-08-19T17:50:12Z,dipole-dipole,5,8,1.315,608.3,270.342,9.198,0.00335,0.00135,0.00519;0.00495;0.00456;0.00380;0.00361;0.00336;0.00274;0.00213;0.00151;0.00119,
line-c-r01027,line-c,line-c-e19,33.2012421,-116.1502052,180.0,line-c-e20,33.2014015,-116.1500156,180.0,line-c-e25,33.2021985,-116.1490676,180.0,line-c-e26,33.2023579,-116.1488780,180.0,2026-08-19T17:50:24Z,dipole-dipole,5,5,1.809,442.2,311.898,6.818,0.00465,0.00110,0.00788;0.00658;0.00623;0.00541;0.00504;0.00435;0.00376;0.00316;0.00207;0.00176,
line-c-r01028,line-c,line-c-e19,33.2012421,-116.1502052,180.0,line-c-e20,33.2014015,-116.1500156,180.0,line-c-e25,33.2021985,-116.1490676,180.0,line-c-e26,33.2023579,-116.1488780,180.0,2026-08-19T17:50:36Z,dipole-dipole,5,4,1.381,579.5,66.634,6.987,0.00817,0.00098,0.01420;0.01408;0.01063;0.00978;0.00849;0.00784;0.00621;0.00561;0.00404;0.00295,
line-c-r01029,line-c,line-c-e19,33.2012421,-116.1502052,180.0,line-c-e20,33.2014015,-116.1500156,180.0,line-c-e25,33.2021985,-116.1490676,180.0,line-c-e26,33.2023579,-116.1488780,180.0,2026-08-19T17:50:48Z,dipole-dipole,5,7,1.500,533.2,91.998,8.740,0.00640,0.00095,0.01047;0.01001;0.00774;0.00802;0.00798;0.00602;0.00470;0.00453;0.00342;0.00194,
line-c-r01030,line-c,line-c-e19,33.2012421,-116.1502052,180.0,line-c-e20,33.2014015,-116.1500156,180.0,line-c-e25,33.2021985,-116.1490676,180.0,line-c-e26,33.2023579,-116.1488780,180.0,2026-08-19T17:51:00Z,dipole-dipole,5,5,1.836,435.6,120.455,7.082,0.00157,0.00110,0.00262;0.00238;0.00219;0.00199;0.00184;0.00155;0.00111;0.00102;0.00079;0.00054,
line-c-r01031,line-c,line-c-e19,33.2012421,-116.1502052,180.0,line-c-e20,33.2014015,-116.1500156,180.0,line-c-e25,33.2021985,-116.1490676,180.0,line-c-e26,33.2023579,-116.1488780,180.0,2026-08-19T17:51:12Z,dipole-dipole,5,5,1.707,468.7,92.614,7.470,0.00212,0.00103,0.00327;0.00313;0.00297;0.00245;0.00231;0.00202;0.00167;0.00134;0.00104;0.00075,
line-c-r01032,line-c,line-c-e19,33.2012421,-116.1502052,180.0,line-c-e20,33.2014015,-116.1500156,180.0,line-c-e25,33.2021985,-116.1490676,180.0,line-c-e26,33.2023579,-116.1488780,180.0,2026-08-19T17:51:24Z,dipole-dipole,5,7,1.656,483.1,197.204,7.260,0.00803,0.00093,0.01245;0.01178;0.01109;0.01031;0.00901;0.00787;0.00579;0.00472;0.00402;0.00303,
line-c-r01033,line-c,line-c-e19,33.2012421,-116.1502052,180.0,line-c-e20,33.2014015,-116.1500156,180.0,line-c-e26,33.2023579,-116.1488780,180.0,line-c-e27,33.2025172,-116.1486884,180.0,2026-08-19T17:51:36Z,dipole-dipole,6,8,1.542,518.9,183.168,7.619,0.00189,0.00113,0.00277;0.00285;0.00278;0.00225;0.00218;0.00191;0.00150;0.00124;0.00088;0.00067,
line-c-r01034,line-c,line-c-e19,33.2012421,-116.1502052,180.0,line-c-e20,33.2014015,-116.1500156,180.0,line-c-e26,33.2023579,-116.1488780,180.0,line-c-e27,33.2025172,-116.1486884,180.0,2026-08-19T17:51:48Z,dipole-dipole,6,6,1.584,505.1,79.409,9.624,0.00089,0.00112,0.00156;0.00137;0.00125;0.00108;0.00096;0.00081;0.00068;0.00055;0.00041;0.00032,
line-c-r01035,line-c,line-c-e19,33.2012421,-116.1502052,180.0,line-c-e20,33.2014015,-116.1500156,180.0,line-c-e26,33.2023579,-116.1488780,180.0,line-c-e27,33.2025172,-116.1486884,180.0,2026-08-19T17:52:00Z,dipole-dipole,6,4,1.716,466.2,190.038,8.252,0.00656,0.00104,0.01074;0.01029;0.00933;0.00747;0.00753;0.00624;0.00527;0.00457;0.00298;0.00233,
line-c-r01036,line-c,line-c-e19,33.2012421,-116.1502052,180.0,line-c-e20,33.2014015,-116.1500156,180.0,line-c-e26,33.2023579,-116.1488780,180.0,line-c-e27,33.2025172,-116.1486884,180.0,2026-08-19T17:52:12Z,dipole-dipole,6,6,2.000,369.4,146.819,5.884,0.00327,0.00100,0.00558;0.00464;0.00393;0.00410;0.00365;0.00324;0.00264;0.00211;0.00164;0.00108,
line-c-r01037,line-c,line-c-e19,33.2012421,-116.1502052,180.0,line-c-e20,33.2014015,-116.1500156,180.0,line-c-e26,33.2023579,-116.1488780,180.0,line-c-e27,33.2025172,-116.1486884,180.0,2026-08-19T17:52:24Z,dipole-dipole,6,8,1.723,464.3,144.172,7.928,0.00155,0.00129,0.00265;0.00252;0.00228;0.00196;0.00172;0.00155;0.00127;0.00099;0.00079;0.00051,
line-c-r01038,line-c,line-c-e19,33.2012421,-116.1502052,180.0,line-c-e20,33.2014015,-116.1500156,180.0,line-c-e26,33.2023579,-116.1488780,180.0,line-c-e27,33.2025172,-116.1486884,180.0,2026-08-19T17:52:36Z,dipole-dipole,6,3,2.000,353.9,554.184,5.474,0.01177,0.00114,0.01766;0.01735;0.01839;0.01434;0.01264;0.01067;0.00895;0.00813;0.00575;0.00387,
line-c-r01039,line-c,line-c-e19,33.2012421,-116.1502052,180.0,line-c-e20,33.2014015,-116.1500156,180.0,line-c-e26,33.2023579,-116.1488780,180.0,line-c-e27,33.2025172,-116.1486884,180.0,2026-08-19T17:52:48Z,dipole-dipole,6,7,1.549,516.5,159.458,6.962,0.01227,0.00119,0.02091;0.01740;0.01644;0.01572;0.01344;0.01120;0.00983;0.00675;0.00624;0.00417,
line-c-r01040,line-c,line-c-e19,33.2012421,-116.1502052,180.0,line-c-e20,33.2014015,-116.1500156,180.0,line-c-e27,33.2025172,-116.1486884,180.0,line-c-e28,33.2026766,-116.1484988,180.0,2026-08-19T17:53:00Z,dipole-dipole,7,8,2.000,371.7,196.781,6.905,0.00338,0.00129,0.00526;0.00546;0.00442;0.00500;0.00368;0.00297;0.00294;0.00211;0.00155;0.00116,
line-c-r01041,line-c,line-c-e19,33.2012421,-116.1502052,180.0,line-c-e20,33.2014015,-116.1500156,180.0,line-c-e27,33.2025172,-116.1486884,180.0,line-c-e28,33.2026766,-116.1484988,180.0,2026-08-19T17:53:12Z,dipole-dipole,7,6,1.660,481.9,194.053,8.085,0.00677,0.00115,0.01091;0.01014;0.00957;0.00825;0.00696;0.00677;0.00520;0.00490;0.00342;0.00247,
line-c-r01042,line-c,line-c-e19,33.2012421,-116.1502052,180.0,line-c-e20,33.2014015,-116.1500156,180.0,line-c-e27,33.2025172,-116.1486884,180.0,line-c-e28,33.2026766,-116.1484988,180.0,2026-08-19T17:53:24Z,dipole-dipole,7,3,1.605,498.5,201.642,6.921,0.00515,0.00118,0.00937;0.00709;0.00726;0.00618;0.00515;0.00523;0.00385;0.00336;0.00224;0.00197,
line-c-r01043,line-c,line-c-e19,33.2012421,-116.1502052,180.0,line-c-e20,33.2014015,-116.1500156,180.0,line-c-e27,33.2025172,-116.1486884,180.0,line-c-e28,33.2026766,-116.1484988,180.0,2026-08-19T17:53:36Z,dipole-dipole,7,5,1.499,533.6,195.363,9.803,0.00530,0.00112,0.00851;0.00677;0.00728;0.00589;0.00603;0.00555;0.00428;0.00341;0.00269;0.00193,
line-c-r01044,line-c,line-c-e19,33.2012421,-116.1502052,180.0,line-c-e20,33.2014015,-116.1500156,180.0,line-c-e27,33.2025172,-116.1486884,180.0,line-c-e28,33.2026766,-116.1484988,180.0,2026-08-19T17:53:48Z,dipole-dipole,7,3,2.000,352.3,214.524,7.131,0.00526,0.00139,0.00857;0.00785;0.00695;0.00627;0.00575;0.00498;0.00399;0.00356;0.00247;0.00183,
line-c-r01045,line-c,line-c-e19,33.2012421,-116.1502052,180.0,line-c-e20,33.2014015,-116.1500156,180.0,line-c-e27,33.2025172,-116.1486884,180.0,line-c-e28,33.2026766,-116.1484988,180.0,2026-08-19T17:54:00Z,dipole-dipole,7,4,1.609,497.1,207.364,7.915,0.00463,0.00118,0.00864;0.00714;0.00614;0.00569;0.00462;0.00443;0.00364;0.00325;0.00220;0.00168,
line-c-r01046,line-c,line-c-e19,33.2012421,-116.1502052,180.0,line-c-e20,33.2014015,-116.1500156,180.0,line-c-e27,33.2025172,-116.1486884,180.0,line-c-e28,33.2026766,-116.1484988,180.0,2026-08-19T17:54:12Z,dipole-dipole,7,6,1.893,422.6,206.784,9.203,0.00242,0.00098,0.00389;0.00365;0.00288;0.00318;0.00279;0.00252;0.00178;0.00147;0.00128;0.00085,
line-c-r01047,line-c,line-c-e19,33.2012421,-116.1502052,180.0,line-c-e20,33.2014015,-116.1500156,180.0,line-c-e28,33.2026766,-116.1484988,180.0,line-c-e29,33.2028360,-116.1483092,180.0,2026-08-19T17:54:24Z,dipole-dipole,8,7,1.438,556.5,193.302,6.723,0.00381,0.00125,0.00629;0.00544;0.00463;0.00505;0.00396;0.00315;0.00319;0.00240;0.00164;0.00140,
line-c-r01048,line-c,line-c-e19,33.2012421,-116.1502052,180.0,line-c-e20,33.2014015,-116.1500156,180.0,line-c-e28,33.2026766,-116.1484988,180.0,line-c-e29,33.2028360,-116.1483092,180.0,2026-08-19T17:54:36Z,dipole-dipole,8,3,1.671,478.7,207.346,6.611,0.00596,0.00102,0.00896;0.00891;0.00865;0.00825;0.00640;0.00543;0.00467;0.00412;0.00289;0.00214,
line-c-r01049,line-c,line-c-e19,33.2012421,-116.1502052,180.0,line-c-e20,33.2014015,-116.1500156,180.0,line-c-e28,33.2026766,-116.1484988,180.0,line-c-e29,33.2028360,-116.1483092,180.0,2026-08-19T17:54:48Z,dipole-dipole,8,5,1.510,529.8,215.709,7.975,0.00519,0.00099,0.00759;0.00769;0.00688;0.00720;0.00566;0.00536;0.00420;0.00308;0.00246;0.00164,
line-c-r01050,line-c,line-c-e19,33.2012421,-116.1502052,180.0,line-c-e20,33.2014015,-116.1500156,180.0,line-c-e28,33.2026766,-116.1484988,180.0,line-c-e29,33.2028360,-116.1483092,180.0,2026-08-19T17:55:00Z,dipole-dipole,8,3,1.470,544.2,214.027,7.274,0.00485,0.00090,0.00774;0.00689;0.00668;0.00654;0.00497;0.00420;0.00372;0.00342;0.00234;0.00168,
line-c-r01051,line-c,line-c-e19,33.2012421,-116.1502052,180.0,line-c-e20,33.2014015,-116.1500156,180.0,line-c-e28,33.2026766,-116.1484988,180.0,line-c-e29,33.2028360,-116.1483092,180.0,2026-08-19T17:55:12Z,dipole-dipole,8,4,1.559,513.2,203.440,7.295,0.00242,0.00092,0.00368;0.00328;0.00352;0.00280;0.00267;0.00244;0.00193;0.00140;0.00116;0.00085,
line-c-r01052,line-c,line-c-e19,33.2012421,-116.1502052,180.0,line-c-e20,33.2014015,-116.1500156,180.0,line-c-e28,33.2026766,-116.1484988,180.0,line-c-e29,33.2028360,-116.1483092,180.0,2026-08-19T17:55:24Z,dipole-dipole,8,5,1.455,549.8,195.729,8.604,0.00408,0.00114,0.00623;0.00588;0.00532;0.00485;0.00417;0.00377;0.00321;0.00237;0.00179;0.00150,
line-c-r01053,line-c,line-c-e20,33.2014015,-116.1500156,180.0,line-c-e21,33.2015609,-116.1498260,180.0,line-c-e22,33.2017203,-116.1496364,180.0,line-c-e23,33.2018797,-116.1494468,180.0,2026-08-19T17:55:36Z,dipole-dipole,1,5,2.000,319.8,195.168,10.127,0.00606,0.00093,0.00899;0.00905;0.00851;0.00720;0.00658;0.00563;0.00505;0.00393;0.00284;0.00210,
line-c-r01054,line-c,line-c-e20,33.2014015,-116.1500156,180.0,line-c-e21,33.2015609,-116.1498260,180.0,line-c-e22,33.2017203,-116.1496364,180.0,line-c-e23,33.2018797,-116.1494468,180.0,2026-08-19T17:55:48Z,dipole-dipole,1,6,2.000,286.3,218.338,307.091,0.00713,0.00112,0.01163;0.01109;0.01021;0.00899;0.00818;0.00686;0.00563;0.00455;0.00346;0.00251,
line-c-r01055,line-c,line-c-e20,33.2014015,-116.1500156,180.0,line-c-e21,33.2015609,-116.1498260,180.0,line-c-e22,33.2017203,-116.1496364,180.0,line-c-e23,33.2018797,-116.1494468,180.0,2026-08-19T17:56:00Z,dipole-dipole,1,6,2.000,226.6,191.767,6.772,0.00555,0.00117,0.00902;0.00760;0.00731;0.00630;0.00572;0.00531;0.00406;0.00345;0.00264;0.00211,
line-c-r01056,line-c,line-c-e20,33.2014015,-116.1500156,180.0,line-c-e21,33.2015609,-116.1498260,180.0,line-c-e22,33.2017203,-116.1496364,180.0,line-c-e23,33.2018797,-116.1494468,180.0,2026-08-19T17:56:12Z,dipole-dipole,1,7,2.000,302.8,190.948,5.854,0.00529,0.00097,0.00813;0.00770;0.00679;0.00671;0.00556;0.00519;0.00412;0.00335;0.00248;0.00194,
line-c-r01057,line-c,line-c-e20,33.2014015,-116.1500156,180.0,line-c-e21,33.2015609,-116.1498260,180.0,line-c-e22,33.2017203,-116.1496364,180.0,line-c-e23,33.2018797,-116.1494468,180.0,2026-08-19T17:56:24Z,dipole-dipole,1,6,2.000,273.4,201.477,6.883,0.00692,0.00101,0.00981;0.01028;0.00925;0.00858;0.00720;0.00586;0.00544;0.00439;0.00369;0.00242,
line-c-r01058,line-c,line-c-e20,33.2014015,-116.1500156,180.0,line-c-e21,33.2015609,-116.1498260,180.0,line-c-e22,33.2017203,-116.1496364,180.0,line-c-e23,33.2018797,-116.1494468,180.0,2026-08-19T17:56:36Z,dipole-dipole,1,3,2.000,339.2,203.283,6.999,0.00479,0.00110,0.00744;0.00798;0.00620;0.00617;0.00536;0.00441;0.00351;0.00313;0.00237;0.00171,
line-c-r01059,line-c,line-c-e20,33.2014015,-116.1500156,180.0,line-c-e21,33.2015609,-116.1498260,180.0,line-c-e22,33.2017203,-116.1496364,180.0,line-c-e23,33.2018797,-116.1494468,180.0,2026-08-19T17:56:48Z,dipole-dipole,1,4,2.000,260.2,214.848,8.636,0.00575,0.00104,0.00886;0.00877;0.00832;0.00702;0.00578;0.00499;0.00465;0.00364;0.00286;0.00212,
line-c-r01060,line-c,line-c-e20,33.2014015,-116.1500156,180.0,line-c-e21,33.2015609,-116.1498260,180.0,line-c-e23,33.2018797,-116.1494468,180.0,line-c-e24,33.2020391,-116.1492572,180.0,2026-08-19T17:57:00Z,dipole-dipole,2,7,2.000,302.5,193.610,7.056,0.00586,0.00087,0.01000;0.00851;0.00821;0.00734;0.00623;0.00524;0.00501;0.00364;0.00288;0.00202,
line-c-r01061,line-c,line-c-e20,33.2014015,-116.1500156,180.0,line-c-e21,33.2015609,-116.1498260,180.0,line-c-e23,33.2018797,-116.1494468,180.0,line-c-e24,33.2020391,-116.1492572,180.0,2026-08-19T17:57:12Z,dipole-dipole,2,5,2.000,273.1,189.604,6.593,0.00651,0.00102,0.00978;0.01033;0.00949;0.00746;0.00714;0.00615;0.00496;0.00429;0.00297;0.00252,
line-c-r01062,line-c,line-c-e20,33.2014015,-116.1500156,180.0,line-c-e21,33.2015609,-116.1498260,180.0,line-c-e23,33.2018797,-116.1494468,180.0,line-c-e24,33.2020391,-116.1492572,180.0,2026-08-19T17:57:24Z,dipole-dipole,2,3,2.000,269.9,189.476,8.725,0.00633,0.00096,0.00994;0.00861;0.00839;0.00866;0.00680;0.00538;0.00495;0.00394;0.00314;0.00213,
line-c-r01063,line-c,line-c-e20,33.2014015,-116.1500156,180.0,line-c-e21,33.2015609,-116.1498260,180.0,line-c-e23,33.2018797,-116.1494468,180.0,line-c-e24,33.2020391,-116.1492572,180.0,2026-08-19T17:57:36Z,dipole-dipole,2,3,2.000,205.4,201.952,8.211,0.00395,0.00684,0.00594;0.00510;0.00536;0.00442;0.00352;0.00412;0.00330;0.00274;0.00186;0.00138,
line-c-r01064,line-c,line-c-e20,33.2014015,-116.1500156,180.0,line-c-e21,33.2015609,-116.1498260,180.0,line-c-e23,33.2018797,-116.1494468,180.0,line-c-e24,33.2020391,-116.1492572,180.0,2026-08-19T17:57:48Z,dipole-dipole,2,4,2.000,327.0,201.132,6.205,0.00656,0.00103,0.01163;0.00939;0.00869;0.00723;0.00706;0.00620;0.00548;0.00417;0.00345;0.00230,
line-c-r01065,line-c,line-c-e20,33.2014015,-116.1500156,180.0,line-c-e21,33.2015609,-116.1498260,180.0,line-c-e23,33.2018797,-116.1494468,180.0,line-c-e24,33.2020391,-116.1492572,180.0,2026-08-19T17:58:00Z,dipole-dipole,2,7,2.000,308.5,210.278,6.417,0.00622,0.00120,0.00982;0.00942;0.00843;0.00849;0.00679;0.00618;0.00527;0.00417;0.00320;0.00239,
line-c-r01066,line-c,line-c-e20,33.2014015,-116.1500156,180.0,line-c-e21,33.2015609,-116.1498260,180.0,line-c-e23,33.2018797,-116.1494468,180.0,line-c-e24,33.2020391,-116.1492572,180.0,2026-08-19T17:58:12Z,dipole-dipole,2,7,2.000,296.6,202.159,7.691,0.00490,0.00107,0.00742;0.00716;0.00728;0.00596;0.00553;0.00438;0.00398;0.00320;0.00255;0.00170,
line-c-r01067,line-c,line-c-e20,33.2014015,-116.1500156,180.0,line-c-e21,33.2015609,-116.1498260,180.0,line-c-e24,33.2020391,-116.1492572,180.0,line-c-e25,33.2021985,-116.1490676,180.0,2026-08-19T17:58:24Z,dipole-dipole,3,8,2.000,279.2,199.343,7.174,0.00646,0.00089,0.01096;0.01052;0.00859;0.00779;0.00745;0.00656;0.00524;0.00425;0.00286;0.00243,
line-c-r01068,line-c,line-c-e20,33.2014015,-116.1500156,180.0,line-c-e21,33.2015609,-116.1498260,180.0,line-c-e24,33.2020391,-116.1492572,180.0,line-c-e25,33.2021985,-116.1490676,180.0,2026-08-19T17:58:36Z,dipole-dipole,3,5,2.000,216.7,195.817,7.131,0.00518,0.00154,0.00831;0.00700;0.00690;0.00703;0.00618;0.00504;0.00431;0.00303;0.00247;0.00182,
line-c-r01069,line-c,line-c-e20,33.2014015,-116.1500156,180.0,line-c-e21,33.2015609,-116.1498260,180.0,line-c-e24,33.2020391,-116.1492572,180.0,line-c-e25,33.2021985,-116.1490676,180.0,2026-08-19T17:58:48Z,dipole-dipole,3,3,2.000,256.3,212.248,6.019,0.00449,0.00121,0.00696;0.00674;0.00600;0.00572;0.00496;0.00455;0.00395;0.00316;0.00244;0.00171,
line-c-r01070,line-c,line-c-e20,33.2014015,-116.1500156,180.0,line-c-e21,33.2015609,-116.1498260,180.0,line-c-e24,33.2020391,-116.1492572,180.0,line-c-e25,33.2021985,-116.1490676,180.0,2026-08-19T17:59:00Z,dipole-dipole,3,3,2.000,308.0,194.584,6.554,0.00522,0.00116,0.00864;0.00728;0.00728;0.00699;0.00624;0.00493;0.00397;0.00351;0.00261;0.00185,
line-c-r01071,line-c,line-c-e20,33.2014015,-116.1500156,180.0,line-c-e21,33.2015609,-116.1498260,180.0,line-c-e24,33.2020391,-116.1492572,180.0,line-c-e25,33.2021985,-116.1490676,180.0,2026-08-19T17:59:12Z,dipole-dipole,3,8,2.000,200.3,211.353,7.548,0.00634,0.00110,0.00954;0.00996;0.00943;0.00785;0.00693;0.00555;0.00509;0.00362;0.00286;0.00226,
line-c-r01072,line-c,line-c-e20,33.2014015,-116.1500156,180.0,line-c-e21,33.2015609,-116.1498260,180.0,line-c-e24,33.2020391,-116.1492572,180.0,line-c-e25,33.2021985,-116.1490676,180.0,2026-08-19T17:59:24Z,dipole-dipole,3,8,2.000,360.5,206.797,8.590,0.00604,0.00090,0.00866;0.00927;0.00873;0.00685;0.00687;0.00567;0.00504;0.00362;0.00282;0.00190,
line-c-r01073,line-c,line-c-e20,33.2014015,-116.1500156,180.0,line-c-e21,33.2015609,-116.1498260,180.0,line-c-e24,33.2020391,-116.1492572,180.0,line-c-e25,33.2021985,-116.1490676,180.0,2026-08-19T17:59:36Z,dipole-dipole,3,6,2.000,357.0,190.192,8.459,0.00579,0.00139,0.00943;0.00834;0.00777;0.00738;0.00614;0.00521;0.00486;0.00383;0.00308;0.00232,
line-c-r01074,line-c,line-c-e20,33.2014015,-116.1500156,180.0,line-c-e21,33.2015609,-116.1498260,180.0,line-c-e24,33.2020391,-116.1492572,180.0,line-c-e25,33.2021985,-116.1490676,180.0,2026-08-19T17:59:48Z,dipole-dipole,3,5,2.000,289.8,204.338,10.970,0.00636,0.00110,0.01075;0.00943;0.00933;0.00790;0.00714;0.00610;0.00543;0.00382;0.00340;0.00249,
line-c-r01075,line-c,line-c-e20,33.2014015,-116.1500156,180.0,line-c-e21,33.2015609,-116.1498260,180.0,line-c-e25,33.2021985,-116.1490676,180.0,line-c-e26,33.2023579,-116.1488780,180.0,2026-08-19T18:00:00Z,dipole-dipole,4,7,2.000,298.4,199.070,6.076,0.00752,0.00106,0.01268;0.01189;0.00973;0.00860;0.00855;0.00642;0.00725;0.00502;0.00399;0.00263,
line-c-r01076,line-c,line-c-e20,33.2014015,-116.1500156,180.0,line-c-e21,33.2015609,-116.1498260,180.0,line-c-e25,33.2021985,-116.1490676,180.0,line-c-e26,33.2023579,-116.1488780,180.0,2026-08-19T18:00:12Z,dipole-dipole,4,6,2.000,209.9,66.057,8.626,0.00391,0.00118,0.00556;0.00583;0.00496;0.00524;0.00406;0.00352;0.00340;0.00262;0.00175;0.00160,
line-c-r01077,line-c,line-c-e20,33.2014015,-116.1500156,180.0,line-c-e21,33.2015609,-116.1498260,180.0,line-c-e25,33.2021985,-116.1490676,180.0,line-c-e26,33.2023579,-116.1488780,180.0,2026-08-19T18:00:24Z,dipole-dipole,4,3,2.000,208.8,334.376,7.924,0.00779,0.00111,0.01111;0.01033;0.01027;0.00894;0.00798;0.00738;0.00645;0.00422;0.00382;0.00271,
line-c-r01078,line-c,line-c-e20,33.2014015,-116.1500156,180.0,line-c-e21,33.2015609,-116.1498260,180.0,line-c-e25,33.2021985,-116.1490676,180.0,line-c-e26,33.2023579,-116.1488780,180.0,2026-08-19T18:00:36Z,dipole-dipole,4,3,2.000,280.5,313.000,7.898,0.00311,0.00110,0.00457;0.00413;0.00384;0.00374;0.00327;0.00283;0.00226;0.00192;0.00162;0.00106,
line-c-r01079,line-c,line-c-e20,33.2014015,-116.1500156,180.0,line-c-e21,33.2015609,-116.1498260,180.0,line-c-e25,33.2021985,-116.1490676,180.0,line-c-e26,33.2023579,-116.1488780,180.0,2026-08-19T18:00:48Z,dipole-dipole,4,3,2.000,277.2,204.773,6.538,0.00677,0.00103,0.01065;0.01017;0.00871;0.00868;0.00692;0.00642;0.00534;0.00446;0.00318;0.00247,
line-c-r01080,line-c,line-c-e20,33.2014015,-116.1500156,180.0,line-c-e21,33.2015609,-116.1498260,180.0,line-c-e25,33.2021985,-116.1490676,180.0,line-c-e26,33.2023579,-116.1488780,180.0,2026-08-19T18:01:00Z,dipole-dipole,4,5,2.000,317.8,147.658,7.548,0.00496,0.00113,0.00883;0.00710;0.00751;0.00655;0.00535;0.00444;0.00371;0.00334;0.00228;0.00212,
line-c-r01081,line-c,line-c-e20,33.2014015,-116.1500156,180.0,line-c-e21,33.2015609,-116.1498260,180.0,line-c-e25,33.2021985,-116.1490676,180.0,line-c-e26,33.2023579,-116.1488780,180.0,2026-08-19T18:01:12Z,dipole-dipole,4,7,2.000,192.5,417.308,7.369,0.00437,0.00101,0.00767;0.00649;0.00603;0.00540;0.00579;0.00427;0.00361;0.00285;0.00206;0.00142,
line-c-r01082,line-c,line-c-e20,33.2014015,-116.1500156,180.0,line-c-e21,33.2015609,-116.1498260,180.0,line-c-e26,33.2023579,-116.1488780,180.0,line-c-e27,33.2025172,-116.1486884,180.0,2026-08-19T18:01:24Z,dipole-dipole,5,5,2.000,325.2,70.419,7.633,0.00224,0.00090,0.00355;0.00320;0.00292;0.00273;0.00241;0.00205;0.00168;0.00148;0.00109;0.00077,
line-c-r01083,line-c,line-c-e20,33.2014015,-116.1500156,180.0,line-c-e21,33.2015609,-116.1498260,180.0,line-c-e26,33.2023579,-116.1488780,180.0,line-c-e27,33.2025172,-116.1486884,180.0,2026-08-19T18:01:36Z,dipole-dipole,5,7,2.000,251.8,755.732,7.364,0.00589,0.00108,0.00987;0.00943;0.00836;0.00728;0.00591;0.00500;0.00478;0.00371;0.00291;0.00203,
line-c-r01084,line-c,line-c-e20,33.2014015,-116.1500156,180.0,line-c-e21,33.2015609,-116.1498260,180.0,line-c-e26,33.2023579,-116.1488780,180.0,line-c-e27,33.2025172,-116.1486884,180.0,2026-08-19T18:01:48Z,dipole-dipole,5,4,2.000,286.7,531.538,7.911,0.00382,0.00096,0.00630;0.00593;0.00520;0.00485;0.00401;0.00366;0.00284;0.00256;0.00200;0.00139,
line-c-r01085,line-c,line-c-e20,33.2014015,-116.1500156,180.0,line-c-e21,33.2015609,-116.1498260,180.0,line-c-e26,33.2023579,-116.1488780,180.0,line-c-e27,33.2025172,-116.1486884,180.0,2026-08-19T18:02:00Z,dipole-dipole,5,3,2.000,247.4,254.722,10.395,0.00333,0.00097,0.00599;0.00499;0.00441;0.00448;0.00365;0.00300;0.00258;0.00222;0.00174;0.00119,
line-c-r01086,line-c,line-c-e20,33.2014015,-116.1500156,180.0,line-c-e21,33.2015609,-116.1498260,180.0,line-c-e26,33.2023579,-116.1488780,180.0,line-c-e27,33.2025172,-116.1486884,180.0,2026-08-19T18:02:12Z,dipole-dipole,5,8,2.000,279.1,186.602,7.567,0.00493,0.00111,0.00787;0.00693;0.00712;0.00590;0.00630;0.00500;0.00392;0.00330;0.00246;0.00195,
line-c-r01087,line-c,line-c-e20,33.2014015,-116.1500156,180.0,line-c-e21,33.2015609,-116.1498260,180.0,line-c-e26,33.2023579,-116.1488780,180.0,line-c-e27,33.2025172,-116.1486884,180.0,2026-08-19T18:02:24Z,dipole-dipole,5,3,2.000,330.2,521.083,8.702,0.01945,0.00099,0.03009;0.03093;0.02701;0.02342;0.02095;0.01870;0.01520;0.01213;0.00976;0.00793,
line-c-r01088,line-c,line-c-e20,33.2014015,-116.1500156,180.0,line-c-e21,33.2015609,-116.1498260,180.0,line-c-e26,33.2023579,-116.1488780,180.0,line-c-e27,33.2025172,-116.1486884,180.0,2026-08-19T18:02:36Z,dipole-dipole,5,4,2.000,261.2,289.917,7.459,0.00406,0.00096,0.00629;0.00570;0.00573;0.00498;0.00440;0.00403;0.00339;0.00283;0.00204;0.00142,
line-c-r01089,line-c,line-c-e20,33.2014015,-116.1500156,180.0,line-c-e21,33.2015609,-116.1498260,180.0,line-c-e27,33.2025172,-116.1486884,180.0,line-c-e28,33.2026766,-116.1484988,180.0,2026-08-19T18:02:48Z,dipole-dipole,6,6,2.000,252.4,210.992,10.640,0.00424,0.00114,0.00610;0.00708;0.00550;0.00465;0.00452;0.00365;0.00335;0.00267;0.00216;0.00151,
line-c-r01090,line-c,line-c-e20,33.2014015,-116.1500156,180.0,line-c-e21,33.2015609,-116.1498260,180.0,line-c-e27,33.2025172,-116.1486884,180.0,line-c-e28,33.2026766,-116.1484988,180.0,2026-08-19T18:03:00Z,dipole-dipole,6,7,2.000,261.4,208.695,8.638,0.00695,0.00113,0.01064;0.00968;0.00951;0.00938;0.00727;0.00664;0.00548;0.00415;0.00336;0.00276,
line-c-r01091,line-c,line-c-e20,33.2014015,-116.1500156,180.0,line-c-e21,33.2015609,-116.1498260,180.0,line-c-e27,33.2025172,-116.1486884,180.0,line-c-e28,33.2026766,-116.1484988,180.0,2026-08-19T18:03:12Z,dipole-dipole,6,3,2.000,232.8,203.249,7.918,0.00634,0.00101,0.01034;0.00865;0.00858;0.00687;0.00699;0.00585;0.00470;0.00424;0.00312;0.00208,
line-c-r01092,line-c,line-c-e20,33.2014015,-116.1500156,180.0,line-c-e21,33.2015609,-116.1498260,180.0,line-c-e27,33.2025172,-116.1486884,180.0,line-c-e28,33.2026766,-116.1484988,180.0,2026-08-19T18:03:24Z,dipole-dipole,6,5,2.000,238.6,188.771,6.572,0.00475,0.00074,0.00737;0.00741;0.00650;0.00574;0.00521;0.00448;0.00364;0.00342;0.00236;0.00174,
line-c-r01093,line-c,line-c-e20,33.2014015,-116.1500156,180.0,line-c-e21,33.2015609,-116.1498260,180.0,line-c-e27,33.2025172,-116.1486884,180.0,line-c-e28,33.2026766,-116.1484988,180.0,2026-08-19T18:03:36Z,dipole-dipole,6,4,2.000,335.5,202.266,7.400,0.00615,0.00129,0.01107;0.00969;0.00806;0.00703;0.00749;0.00569;0.00452;0.00377;0.00298;0.00242,
line-c-r01094,line-c,line-c-e20,33.2014015,-116.1500156,180.0,line-c-e21,33.2015609,-116.1498260,180.0,line-c-e27,33.2025172,-116.1486884,180.0,line-c-e28,33.2026766,-116.1484988,180.0,2026-08-19T18:03:48Z,dipole-dipole,6,3,2.000,251.0,196.858,8.412,0.00436,0.00116,0.00660;0.00631;0.00554;0.00550;0.00468;0.00414;0.00322;0.00289;0.00227;0.00166,
line-c-r01095,line-c,line-c-e20,33.2014015,-116.1500156,180.0,line-c-e21,33.2015609,-116.1498260,180.0,line-c-e27,33.2025172,-116.1486884,180.0,line-c-e28,33.2026766,-116.1484988,180.0,2026-08-19T18:04:00Z,dipole-dipole,6,4,2.000,376.7,192.255,6.161,0.00423,0.00101,0.00721;0.00582;0.00519;0.00539;0.00497;0.00382;0.00313;0.00271;0.00209;0.00143,
line-c-r01096,line-c,line-c-e20,33.2014015,-116.1500156,180.0,line-c-e21,33.2015609,-116.1498260,180.0,line-c-e27,33.2025172,-116.1486884,180.0,line-c-e28,33.2026766,-116.1484988,180.0,2026-08-19T18:04:12Z,dipole-dipole,6,5,2.000,292.6,195.838,9.054,0.00570,0.00111,0.00948;0.00871;0.00750;0.00682;0.00585;0.00569;0.00447;0.00357;0.00279;0.00199,
line-c-r01097,line-c,line-c-e20,33.2014015,-116.1500156,180.0,line-c-e21,33.2015609,-116.1498260,180.0,line-c-e28,33.2026766,-116.1484988,180.0,line-c-e29,33.2028360,-116.1483092,180.0,2026-08-19T18:04:24Z,dipole-dipole,7,6,2.000,289.0,203.155,6.937,0.00654,0.00092,0.00997;0.00933;0.00783;0.00780;0.00756;0.00653;0.00483;0.00384;0.00346;0.00213,
line-c-r01098,line-c,line-c-e20,33.2014015,-116.1500156,180.0,line-c-e21,33.2015609,-116.1498260,180.0,line-c-e28,33.2026766,-116.1484988,180.0,line-c-e29,33.2028360,-116.1483092,180.0,2026-08-19T18:04:36Z,dipole-dipole,7,3,2.000,282.3,198.115,8.499,0.00501,0.00101,0.00832;0.00681;0.00651;0.00639;0.00537;0.00463;0.00395;0.00309;0.00253;0.00196,
line-c-r01099,line-c,line-c-e20,33.2014015,-116.1500156,180.0,line-c-e21,33.2015609,-116.1498260,180.0,line-c-e28,33.2026766,-116.1484988,180.0,line-c-e29,33.2028360,-116.1483092,180.0,2026-08-19T18:04:48Z,dipole-dipole,7,7,2.000,259.6,206.312,6.853,0.00529,0.00142,0.00811;0.00764;0.00671;0.00610;0.00546;0.00485;0.00359;0.00350;0.00269;0.00186,
line-c-r01100,line-c,line-c-e20,33.2014015,-116.1500156,180.0,line-c-e21,33.2015609,-116.1498260,180.0,line-c-e28,33.2026766,-116.1484988,180.0,line-c-e29,33.2028360,-116.1483092,180.0,2026-08-19T18:05:00Z,dipole-dipole,7,6,2.000,245.5,207.380,7.791,0.00675,0.00096,0.01193;0.01003;0.00837;0.00858;0.00697;0.00595;0.00514;0.00460;0.00360;0.00234,
line-c-r01101,line-c,line-c-e20,33.2014015,-116.1500156,180.0,line-c-e21,33.2015609,-116.1498260,180.0,line-c-e28,33.2026766,-116.1484988,180.0,line-c-e29,33.2028360,-116.1483092,180.0,2026-08-19T18:05:12Z,dipole-dipole,7,8,2.000,270.4,199.953,7.942,0.00426,0.00105,0.00631;0.00623;0.00630;0.00516;0.00486;0.00413;0.00316;0.00253;0.00186;0.00140,
line-c-r01102,line-c,line-c-e20,33.2014015,-116.1500156,180.0,line-c-e21,33.2015609,-116.1498260,180.0,line-c-e28,33.2026766,-116.1484988,180.0,line-c-e29,33.2028360,-116.1483092,180.0,2026-08-19T18:05:24Z,dipole-dipole,7,3,2.000,277.1,210.208,6.786,0.00345,0.00088,0.00598;0.00553;0.00483;0.00416;0.00424;0.00341;0.00275;0.00224;0.00174;0.00130,
line-c-r01103,line-c,line-c-e20,33.2014015,-116.1500156,180.0,line-c-e21,33.2015609,-116.1498260,180.0,line-c-e29,33.2028360,-116.1483092,180.0,line-c-e30,33.2029954,-116.1481196,180.0,2026-08-19T18:05:36Z,dipole-dipole,8,3,2.000,270.3,196.203,7.721,0.00431,0.00105,0.00693;0.00659;0.00590;0.00549;0.00496;0.00433;0.00359;0.00263;0.00185;0.00154,
line-c-r01104,line-c,line-c-e20,33.2014015,-116.1500156,180.0,line-c-e21,33.2015609,-116.1498260,180.0,line-c-e29,33.2028360,-116.1483092,180.0,line-c-e30,33.2029954,-116.1481196,180.0,2026-08-19T18:05:48Z,dipole-dipole,8,4,2.000,245.5,200.750,8.559,0.00472,0.00103,0.00760;0.00765;0.00680;0.00636;0.00528;0.00475;0.00381;0.00305;0.00255;0.00180,
line-c-r01105,line-c,line-c-e20,33.2014015,-116.1500156,180.0,line-c-e21,33.2015609,-116.1498260,180.0,line-c-e29,33.2028360,-116.1483092,180.0,line-c-e30,33.2029954,-116.1481196,180.0,2026-08-19T18:06:00Z,dipole-dipole,8,8,2.000,326.3,211.165,8.135,0.00439,0.00702,0.00720;0.00688;0.00566;0.00523;0.00459;0.00394;0.00372;0.00283;0.00256;0.00148,
line-c-r01106,line-c,line-c-e20,33.2014015,-116.1500156,180.0,line-c-e21,33.2015609,-116.1498260,180.0,line-c-e29,33.2028360,-116.1483092,180.0,line-c-e30,33.2029954,-116.1481196,180.0,2026-08-19T18:06:12Z,dipole-dipole,8,4,2.000,282.1,203.088,6.769,0.00411,0.00094,0.00668;0.00531;0.00570;0.00524;0.00425;0.00416;0.00326;0.00244;0.00190;0.00141,
line-c-r01107,line-c,line-c-e20,33.2014015,-116.1500156,180.0,line-c-e21,33.2015609,-116.1498260,180.0,line-c-e29,33.2028360,-116.1483092,180.0,line-c-e30,33.2029954,-116.1481196,180.0,2026-08-19T18:06:24Z,dipole-dipole,8,6,2.000,271.9,205.581,8.144,0.00567,0.00137,0.00930;0.00840;0.00786;0.00727;0.00631;0.00553;0.00420;0.00370;0.00285;0.00221,
line-c-r01108,line-c,line-c-e20,33.2014015,-116.1500156,180.0,line-c-e21,33.2015609,-116.1498260,180.0,line-c-e29,33.2028360,-116.1483092,180.0,line-c-e30,33.2029954,-116.1481196,180.0,2026-08-19T18:06:36Z,dipole-dipole,8,7,2.000,266.3,210.939,7.643,0.00723,0.00097,0.01186;0.00953;0.00997;0.00883;0.00798;0.00664;0.00547;0.00450;0.00351;0.00259,
line-c-r01109,line-c,line-c-e20,33.2014015,-116.1500156,180.0,line-c-e21,33.2015609,-116.1498260,180.0,line-c-e29,33.2028360,-116.1483092,180.0,line-c-e30,33.2029954,-116.1481196,180.0,2026-08-19T18:06:48Z,dipole-dipole,8,8,2.000,271.5,186.549,6.353,0.00510,0.00129,0.00828;0.00679;0.00618;0.00615;0.00526;0.00457;0.00411;0.00331;0.00265;0.00187,
line-c-r01110,line-c,line-c-e20,33.2014015,-116.1500156,180.0,line-c-e21,33.2015609,-116.1498260,180.0,line-c-e29,33.2028360,-116.1483092,180.0,line-c-e30,33.2029954,-116.1481196,180.0,2026-08-19T18:07:00Z,dipole-dipole,8,5,2.000,352.1,205.795,8.864,0.00319,0.00110,0.00470;0.00480;0.00406;0.00396;0.00332;0.00289;0.00270;0.00207;0.00148;0.00110,
line-c-r01111,line-c,line-c-e21,33.2015609,-116.1498260,180.0,line-c-e22,33.2017203,-116.1496364,180.0,line-c-e23,33.2018797,-116.1494468,180.0,line-c-e24,33.2020391,-116.1492572,180.0,2026-08-19T18:07:12Z,dipole-dipole,1,3,0.945,847.0,218.737,7.325,0.00397,0.00085,0.00632;0.00621;0.00523;0.00502;0.00404;0.00406;0.00284;0.00259;0.00190;0.00135,
line-c-r01112,line-c,line-c-e21,33.2015609,-116.1498260,180.0,line-c-e22,33.2017203,-116.1496364,180.0,line-c-e23,33.2018797,-116.1494468,180.0,line-c-e24,33.2020391,-116.1492572,180.0,2026-08-19T18:07:24Z,dipole-dipole,1,5,1.230,650.5,205.317,10.052,0.00577,0.00105,0.01004;0.00860;0.00800;0.00799;0.00611;0.00546;0.00459;0.00387;0.00277;0.00214,
line-c-r01113,line-c,line-c-e21,33.2015609,-116.1498260,180.0,line-c-e22,33.2017203,-116.1496364,180.0,line-c-e23,33.2018797,-116.1494468,180.0,line-c-e24,33.2020391,-116.1492572,180.0,2026-08-19T18:07:36Z,dipole-dipole,1,3,0.976,820.0,204.672,7.475,0.00482,0.00095,0.00760;0.00799;0.00642;0.00538;0.00505;0.00468;0.00407;0.00265;0.00225;0.00179,
line-c-r01114,line-c,line-c-e21,33.2015609,-116.1498260,180.0,line-c-e22,33.2017203,-116.1496364,180.0,line-c-e23,33.2018797,-116.1494468,180.0,line-c-e24,33.2020391,-116.1492572,180.0,2026-08-19T18:07:48Z,dipole-dipole,1,8,1.005,796.1,194.730,9.877,0.00660,0.00087,0.01060;0.00931;0.00862;0.00791;0.00763;0.00659;0.00577;0.00433;0.00340;0.00250,
line-c-r01115,line-c,line-c-e21,33.2015609,-116.1498260,180.0,line-c-e22,33.2017203,-116.1496364,180.0,line-c-e23,33.2018797,-116.1494468,180.0,line-c-e24,33.2020391,-116.1492572,180.0,2026-08-19T18:08:00Z,dipole-dipole,1,5,1.131,707.2,204.393,6.476,0.00506,0.00112,0.00757;0.00759;0.00607;0.00589;0.00522;0.00503;0.00419;0.00334;0.00254;0.00194,
line-c-r01116,line-c,line-c-e21,33.2015609,-116.1498260,180.0,line-c-e22,33.2017203,-116.1496364,180.0,line-c-e23,33.2018797,-116.1494468,180.0,line-c-e24,33.2020391,-116.1492572,180.0,2026-08-19T18:08:12Z,dipole-dipole,1,7,0.962,831.9,205.651,7.208,0.00273,0.00111,0.00438;0.00385;0.00374;0.00349;0.00282;0.00269;0.00244;0.00179;0.00142;0.00091,
line-c-r01117,line-c,line-c-e21,33.2015609,-116.1498260,180.0,line-c-e22,33.2017203,-116.1496364,180.0,line-c-e23,33.2018797,-116.1494468,180.0,line-c-e24,33.2020391,-116.1492572,180.0,2026-08-19T18:08:24Z,dipole-dipole,1,6,1.361,587.8,204.912,6.997,0.00536,0.00096,0.00739;0.00747;0.00754;0.00574;0.00495;0.00522;0.00444;0.00399;0.00249;0.00207,
line-c-r01118,line-c,line-c-e21,33.2015609,-116.1498260,180.0,line-c-e22,33.2017203,-116.1496364,180.0,line-c-e23,33.2018797,-116.1494468,180.0,line-c-e24,33.2020391,-116.1492572,180.0,2026-08-19T18:08:36Z,dipole-dipole,1,7,1.005,795.8,195.647,9.719,0.00531,0.00116,0.00823;0.00801;0.00729;0.00683;0.00612;0.00507;0.00417;0.00347;0.00261;0.00178,
line-c-r01119,line-c,line-c-e21,33.2015609,-116.1498260,180.0,line-c-e22,33.2017203,-116.1496364,180.0,line-c-e24,33.2020391,-116.1492572,180.0,line-c-e25,33.2021985,-116.1490676,180.0,2026-08-19T18:08:48Z,dipole-dipole,2,7,1.223,654.3,199.613,6.722,0.00535,0.00129,0.00871;0.00774;0.00699;0.00673;0.00603;0.00557;0.00441;0.00344;0.00267;0.00189,
line-c-r01120,line-c,line-c-e21,33.2015609,-116.1498260,180.0,line-c-e22,33.2017203,-116.1496364,180.0,line-c-e24,33.2020391,-116.1492572,180.0,line-c-e25,33.2021985,-116.1490676,180.0,2026-08-19T18:09:00Z,dipole-dipole,2,6,0.916,873.5,194.325,8.898,0.00424,0.00133,0.00637;0.00690;0.00576;0.00503;0.00479;0.00408;0.00337;0.00283;0.00225;0.00152,
line-c-r01121,line-c,line-c-e21,33.2015609,-116.1498260,180.0,line-c-e22,33.2017203,-116.1496364,180.0,line-c-e24,33.2020391,-116.1492572,180.0,line-c-e25,33.2021985,-116.1490676,180.0,2026-08-19T18:09:12Z,dipole-dipole,2,6,1.138,702.9,198.110,8.672,0.00522,0.00102,0.00744;0.00825;0.00671;0.00647;0.00553;0.00496;0.00457;0.00298;0.00234;0.00183,
line-c-r01122,line-c,line-c-e21,33.2015609,-116.1498260,180.0,line-c-e22,33.2017203,-116.1496364,180.0,line-c-e24,33.2020391,-116.1492572,180.0,line-c-e25,33.2021985,-116.1490676,180.0,2026-08-19T18:09:24Z,dipole-dipole,2,8,1.531,522.4,204.254,8.773,0.00424,0.00096,0.00742;0.00610;0.00597;0.00521;0.00441;0.00396;0.00322;0.00246;0.00231;0.00156,
line-c-r01123,line-c,line-c-e21,33.2015609,-116.1498260,180.0,line-c-e22,33.2017203,-116.1496364,180.0,line-c-e24,33.2020391,-116.1492572,180.0,line-c-e25,33.2021985,-116.1490676,180.0,2026-08-19T18:09:36Z,dipole-dipole,2,6,1.084,738.0,210.534,7.025,0.00416,0.00094,0.00699;0.00551;0.00593;0.00547;0.00488;0.00385;0.00315;0.00256;0.00184;0.00155,
line-c-r01124,line-c,line-c-e21,33.2015609,-116.1498260,180.0,line-c-e22,33.2017203,-116.1496364,180.0,line-c-e24,33.2020391,-116.1492572,180.0,line-c-e25,33.2021985,-116.1490676,180.0,2026-08-19T18:09:48Z,dipole-dipole,2,5,0.847,944.7,192.172,284.790,0.00636,0.00099,0.01035;0.01032;0.00854;0.00739;0.00624;0.00619;0.00520;0.00399;0.00334;0.00245,
line-c-r01125,line-c,line-c-e21,33.2015609,-116.1498260,180.0,line-c-e22,33.2017203,-116.1496364,180.0,line-c-e24,33.2020391,-116.1492572,180.0,line-c-e25,33.2021985,-116.1490676,180.0,2026-08-19T18:10:00Z,dipole-dipole,2,7,1.012,790.3,204.891,6.990,0.00276,0.00092,0.00464;0.00434;0.00355;0.00375;0.00290;0.00227;0.00224;0.00177;0.00143;0.00096,
line-c-r01126,line-c,line-c-e21,33.2015609,-116.1498260,180.0,line-c-e22,33.2017203,-116.1496364,180.0,line-c-e25,33.2021985,-116.1490676,180.0,line-c-e26,33.2023579,-116.1488780,180.0,2026-08-19T18:10:12Z,dipole-dipole,3,8,1.226,652.5,260.960,7.831,0.00197,0.00111,0.00305;0.00304;0.00282;0.00235;0.00183;0.00202;0.00165;0.00129;0.00100;0.00077,
line-c-r01127,line-c,line-c-e21,33.2015609,-116.1498260,180.0,line-c-e22,33.2017203,-116.1496364,180.0,line-c-e25,33.2021985,-116.1490676,180.0,line-c-e26,33.2023579,-116.1488780,180.0,2026-08-19T18:10:24Z,dipole-dipole,3,5,1.185,674.9,271.511,6.438,0.00470,0.00099,0.00750;0.00668;0.00633;0.00626;0.00544;0.00430;0.00354;0.00270;0.00203;0.00163,
line-c-r01128,line-c,line-c-e21,33.2015609,-116.1498260,180.0,line-c-e22,33.2017203,-116.1496364,180.0,line-c-e25,33.2021985,-116.1490676,180.0,line-c-e26,33.2023579,-116.1488780,180.0,2026-08-19T18:10:36Z,dipole-dipole,3,3,0.972,822.9,635.056,6.590,0.00282,0.00116,0.00513;0.00392;0.00386;0.00356;0.00314;0.00267;0.00210;0.00180;0.00126;0.00102,
line-c-r01129,line-c,line-c-e21,33.2015609,-116.1498260,180.0,line-c-e22,33.2017203,-116.1496364,180.0,line-c-e25,33.2021985,-116.1490676,180.0,line-c-e26,33.2023579,-116.1488780,180.0,2026-08-19T18:10:48Z,dipole-dipole,3,7,1.538,520.2,314.067,7.463,0.00493,0.00114,0.00808;0.00677;0.00719;0.00712;0.00543;0.00447;0.00402;0.00326;0.00224;0.00177,
line-c-r01130,line-c,line-c-e21,33.2015609,-116.1498260,180.0,line-c-e22,33.2017203,-116.1496364,180.0,line-c-e25,33.2021985,-116.1490676,180.0,line-c-e26,33.2023579,-116.1488780,180.0,2026-08-19T18:11:00Z,dipole-dipole,3,7,1.056,757.5,161.807,6.414,0.00466,0.00106,0.00869;0.00718;0.00605;0.00544;0.00543;0.00426;0.00364;0.00317;0.00228;0.00182,
line-c-r01131,line-c,line-c-e21,33.2015609,-116.1498260,180.0,line-c-e22,33.2017203,-116.1496364,180.0,line-c-e25,33.2021985,-116.1490676,180.0,line-c-e26,33.2023579,-116.1488780,180.0,2026-08-19T18:11:12Z,dipole-dipole,3,8,0.909,879.7,143.342,4.924,0.00274,0.00117,0.00424;0.00409;0.00325;0.00351;0.00302;0.00272;0.00210;0.00182;0.00133;0.00098,
line-c-r01132,line-c,line-c-e21,33.2015609,-116.1498260,180.0,line-c-e22,33.2017203,-116.1496364,180.0,line-c-e25,33.2021985,-116.1490676,180.0,line-c-e26,33.2023579,-116.1488780,180.0,2026-08-19T18:11:24Z,dipole-dipole,3,8,1.146,698.3,419.252,8.343,0.00824,0.00102,0.01423;0.01117;0.01068;0.00999;0.00975;0.00676;0.00607;0.00484;0.00362;0.00268,
line-c-r01133,line-c,line-c-e21,33.2015609,-116.1498260,180.0,line-c-e22,33.2017203,-116.1496364,180.0,line-c-e26,33.2023579,-116.1488780,180.0,line-c-e27,33.2025172,-116.1486884,180.0,2026-08-19T18:11:36Z,dipole-dipole,4,4,1.052,760.6,148.831,4.456,0.00436,0.00120,0.00718;0.00612;0.00603;0.00563;0.00477;0.00434;0.00356;0.00284;0.00202;0.00153,
line-c-r01134,line-c,line-c-e21,33.2015609,-116.1498260,180.0,line-c-e22,33.2017203,-116.1496364,180.0,line-c-e26,33.2023579,-116.1488780,180.0,line-c-e27,33.2025172,-116.1486884,180.0,2026-08-19T18:11:48Z,dipole-dipole,4,3,0.798,1002.4,588.287,7.939,0.00374,0.00093,0.00602;0.00570;0.00548;0.00416;0.00458;0.00353;0.00279;0.00269;0.00181;0.00135,
line-c-r01135,line-c,line-c-e21,33.2015609,-116.1498260,180.0,line-c-e22,33.2017203,-116.1496364,180.0,line-c-e26,33.2023579,-116.1488780,180.0,line-c-e27,33.2025172,-116.1486884,180.0,2026-08-19T18:12:00Z,dipole-dipole,4,8,1.432,558.6,207.057,8.533,0.00881,0.00148,0.01370;0.01333;0.01056;0.01046;0.00952;0.00829;0.00677;0.00642;0.00465;0.00305,
line-c-r01136,line-c,line-c-e21,33.2015609,-116.1498260,180.0,line-c-e22,33.2017203,-116.1496364,180.0,line-c-e26,33.2023579,-116.1488780,180.0,line-c-e27,33.2025172,-116.1486884,180.0,2026-08-19T18:12:12Z,dipole-dipole,4,4,0.983,814.1,133.426,8.868,0.00096,0.00088,0.00166;0.00149;0.00151;0.00111;0.00099;0.00085;0.00076;0.00068;0.00052;0.00034,
line-c-r01137,line-c,line-c-e21,33.2015609,-116.1498260,180.0,line-c-e22,33.2017203,-116.1496364,180.0,line-c-e26,33.2023579,-116.1488780,180.0,line-c-e27,33.2025172,-116.1486884,180.0,2026-08-19T18:12:24Z,dipole-dipole,4,6,1.433,558.3,364.786,8.261,0.01660,0.00108,0.02983;0.02463;0.02459;0.01936;0.01895;0.01542;0.01279;0.01067;0.00906;0.00575,
line-c-r01138,line-c,line-c-e21,33.2015609,-116.1498260,180.0,line-c-e22,33.2017203,-116.1496364,180.0,line-c-e26,33.2023579,-116.1488780,180.0,line-c-e27,33.2025172,-116.1486884,180.0,2026-08-19T18:12:36Z,dipole-dipole,4,3,1.042,767.5,65.721,6.881,0.00625,0.00105,0.00866;0.00946;0.00991;0.00719;0.00695;0.00551;0.00492;0.00403;0.00330;0.00220,
line-c-r01139,line-c,line-c-e21,33.2015609,-116.1498260,180.0,line-c-e22,33.2017203,-116.1496364,180.0,line-c-e26,33.2023579,-116.1488780,180.0,line-c-e27,33.2025172,-116.1486884,180.0,2026-08-19T18:12:48Z,dipole-dipole,4,7,1.058,755.8,123.171,6.237,0.00153,0.00086,0.00234;0.00225;0.00206;0.00188;0.00178;0.00130;0.00117;0.00091;0.00074;0.00060,
line-c-r01140,line-c,line-c-e21,33.2015609,-116.1498260,180.0,line-c-e22,33.2017203,-116.1496364,180.0,line-c-e27,33.2025172,-116.1486884,180.0,line-c-e28,33.2026766,-116.1484988,180.0,2026-08-19T18:13:00Z,dipole-dipole,5,8,1.077,742.8,205.276,9.589,0.00483,0.00072,0.00758;0.00702;0.00659;0.00607;0.00525;0.00452;0.00430;0.00293;0.00265;0.00187,
line-c-r01141,line-c,line-c-e21,33.2015609,-116.1498260,180.0,line-c-e22,33.2017203,-116.1496364,180.0,line-c-e27,33.2025172,-116.1486884,180.0,line-c-e28,33.2026766,-116.1484988,180.0,2026-08-19T18:13:12Z,dipole-dipole,5,7,0.967,827.5,197.132,8.237,0.00547,0.00096,0.00820;0.00793;0.00799;0.00752;0.00604;0.00501;0.00410;0.00326;0.00298;0.00204,
line-c-r01142,line-c,line-c-e21,33.2015609,-116.1498260,180.0,line-c-e22,33.2017203,-116.1496364,180.0,line-c-e27,33.2025172,-116.1486884,180.0,line-c-e28,33.2026766,-116.1484988,180.0,2026-08-19T18:13:24Z,dipole-dipole,5,3,1.010,792.3,186.197,8.374,0.00579,0.00104,0.00947;0.00830;0.00765;0.00738;0.00644;0.00615;0.00542;0.00361;0.00291;0.00200,
line-c-r01143,line-c,line-c-e21,33.2015609,-116.1498260,180.0,line-c-e22,33.2017203,-116.1496364,180.0,line-c-e27,33.2025172,-116.1486884,180.0,line-c-e28,33.2026766,-116.1484988,180.0,2026-08-19T18:13:36Z,dipole-dipole,5,7,1.062,752.9,196.558,6.480,0.00500,0.00128,0.00799;0.00719;0.00647;0.00631;0.00551;0.00484;0.00419;0.00310;0.00239;0.00175,
line-c-r01144,line-c,line-c-e21,33.2015609,-116.1498260,180.0,line-c-e22,33.2017203,-116.1496364,180.0,line-c-e27,33.2025172,-116.1486884,180.0,line-c-e28,33.2026766,-116.1484988,180.0,2026-08-19T18:13:48Z,dipole-dipole,5,8,1.389,576.1,197.790,9.399,0.00578,0.00090,0.00961;0.00896;0.00633;0.00705;0.00686;0.00543;0.00456;0.00354;0.00262;0.00198,
line-c-r01145,line-c,line-c-e21,33.2015609,-116.1498260,180.0,line-c-e22,33.2017203,-116.1496364,180.0,line-c-e27,33.2025172,-116.1486884,180.0,line-c-e28,33.2026766,-116.1484988,180.0,2026-08-19T18:14:00Z,dipole-dipole,5,4,1.088,735.6,201.396,8.537,0.00351,0.00094,0.00526;0.00525;0.00503;0.00468;0.00395;0.00364;0.00289;0.00230;0.00185;0.00116,
line-c-r01146,line-c,line-c-e21,33.2015609,-116.1498260,180.0,line-c-e22,33.2017203,-116.1496364,180.0,line-c-e27,33.2025172,-116.1486884,180.0,line-c-e28,33.2026766,-116.1484988,180.0,2026-08-19T18:14:12Z,dipole-dipole,5,3,0.992,806.3,190.259,6.850,0.00522,0.00113,0.00830;0.00778;0.00702;0.00637;0.00600;0.00554;0.00380;0.00316;0.00250;0.00184,
line-c-r01147,line-c,line-c-e21,33.2015609,-116.1498260,180.0,line-c-e22,33.2017203,-116.1496364,180.0,line-c-e28,33.2026766,-116.1484988,180.0,line-c-e29,33.2028360,-116.1483092,180.0,2026-08-19T18:14:24Z,dipole-dipole,6,7,1.460,547.8,196.336,7.198,0.00385,0.00081,0.00628;0.00515;0.00561;0.00520;0.00500;0.00387;0.00325;0.00238;0.00176;0.00137,
line-c-r01148,line-c,line-c-e21,33.2015609,-116.1498260,180.0,line-c-e22,33.2017203,-116.1496364,180.0,line-c-e28,33.2026766,-116.1484988,180.0,line-c-e29,33.2028360,-116.1483092,180.0,2026-08-19T18:14:36Z,dipole-dipole,6,7,1.184,675.6,200.422,8.182,0.00483,0.00124,0.00825;0.00672;0.00666;0.00558;0.00512;0.00471;0.00388;0.00317;0.00268;0.00174,
line-c-r01149,line-c,line-c-e21,33.2015609,-116.1498260,180.0,line-c-e22,33.2017203,-116.1496364,180.0,line-c-e28,33.2026766,-116.1484988,180.0,line-c-e29,33.2028360,-116.1483092,180.0,2026-08-19T18:14:48Z,dipole-dipole,6,7,1.409,567.7,198.335,7.188,0.00546,0.00106,0.00766;0.00816;0.00727;0.00695;0.00557;0.00492;0.00494;0.00333;0.00269;0.00217,
line-c-r01150,line-c,line-c-e21,33.2015609,-116.1498260,180.0,line-c-e22,33.2017203,-116.1496364,180.0,line-c-e28,33.2026766,-116.1484988,180.0,line-c-e29,33.2028360,-116.1483092,180.0,2026-08-19T18:15:00Z,dipole-dipole,6,4,0.969,825.3,198.096,7.038,0.00359,0.00105,0.00601;0.00492;0.00482;0.00471;0.00408;0.00333;0.00299;0.00213;0.00182;0.00147,
line-c-r01151,line-c,line-c-e21,33.2015609,-116.1498260,180.0,line-c-e22,33.2017203,-116.1496364,180.0,line-c-e28,33.2026766,-116.1484988,180.0,line-c-e29,33.2028360,-116.1483092,180.0,2026-08-19T18:15:12Z,dipole-dipole,6,5,0.939,852.2,203.902,8.026,0.00431,0.00113,0.00673;0.00629;0.00614;0.00532;0.00484;0.00394;0.00340;0.00303;0.00208;0.00139,
line-c-r01152,line-c,line-c-e21,33.2015609,-116.1498260,180.0,line-c-e22,33.2017203,-116.1496364,180.0,line-c-e28,33.2026766,-116.1484988,180.0,line-c-e29,33.2028360,-116.1483092,180.0,2026-08-19T18:15:24Z,dipole-dipole,6,5,0.873,916.7,210.287,7.562,0.00578,0.00138,0.00965;0.00819;0.00788;0.00686;0.00552;0.00554;0.00432;0.00377;0.00320;0.00184,
line-c-r01153,line-c,line-c-e21,33.2015609,-116.1498260,180.0,line-c-e22,33.2017203,-116.1496364,180.0,line-c-e28,33.2026766,-116.1484988,180.0,line-c-e29,33.2028360,-116.1483092,180.0,2026-08-19T18:15:36Z,dipole-dipole,6,6,1.327,602.7,197.252,7.744,0.00556,0.00114,0.00847;0.00836;0.00756;0.00703;0.00603;0.00549;0.00433;0.00334;0.00260;0.00204,
line-c-r01154,line-c,line-c-e21,33.2015609,-116.1498260,180.0,line-c-e22,33.2017203,-116.1496364,180.0,line-c-e29,33.2028360,-116.1483092,180.0,line-c-e30,33.2029954,-116.1481196,180.0,2026-08-19T18:15:48Z,dipole-dipole,7,3,1.043,767.1,200.377,8.904,0.00490,0.00108,0.00731;0.00684;0.00647;0.00626;0.00571;0.00494;0.00379;0.00323;0.00238;0.00177,
line-c-r01155,line-c,line-c-e21,33.2015609,-116.1498260,180.0,line-c-e22,33.2017203,-116.1496364,180.0,line-c-e29,33.2028360,-116.1483092,180.0,line-c-e30,33.2029954,-116.1481196,180.0,2026-08-19T18:16:00Z,dipole-dipole,7,5,1.361,587.7,196.676,6.889,0.00535,0.00096,0.00903;0.00734;0.00722;0.00688;0.00586;0.00528;0.00422;0.00360;0.00269;0.00185,
line-c-r01156,line-c,line-c-e21,33.2015609,-116.1498260,180.0,line-c-e22,33.2017203,-116.1496364,180.0,line-c-e29,33.2028360,-116.1483092,180.0,line-c-e30,33.2029954,-116.1481196,180.0,2026-08-19T18:16:12Z,dipole-dipole,7,3,1.253,638.5,204.163,8.187,0.00431,0.00108,0.00710;0.00611;0.00613;0.00526;0.00509;0.00375;0.00381;0.00241;0.00198;0.00145,
line-c-r01157,line-c,line-c-e21,33.2015609,-116.1498260,180.0,line-c-e22,33.2017203,-116.1496364,180.0,line-c-e29,33.2028360,-116.1483092,180.0,line-c-e30,33.2029954,-116.1481196,180.0,2026-08-19T18:16:24Z,dipole-dipole,7,8,1.274,627.8,210.127,7.664,0.00336,0.00113,0.00559;0.00453;0.00475;0.00388;0.00363;0.00295;0.00278;0.00196;0.00162;0.00128,
line-c-r01158,line-c,line-c-e21,33.2015609,-116.1498260,180.0,line-c-e22,33.2017203,-116.1496364,180.0,line-c-e29,33.2028360,-116.1483092,180.0,line-c-e30,33.2029954,-116.1481196,180.0,2026-08-19T18:16:36Z,dipole-dipole,7,5,1.111,720.1,200.993,6.131,0.00331,0.00108,0.00499;0.00514;0.00475;0.00380;0.00381;0.00310;0.00273;0.00207;0.00167;0.00119,
line-c-r01159,line-c,line-c-e21,33.2015609,-116.1498260,180.0,line-c-e22,33.2017203,-116.1496364,180.0,line-c-e29,33.2028360,-116.1483092,180.0,line-c-e30,33.2029954,-116.1481196,180.0,2026-08-19T18:16:48Z,dipole-dipole,7,4,1.350,592.4,210.205,7.863,0.00479,0.00125,0.00831;0.00722;0.00648;0.00525;0.00535;0.00427;0.00374;0.00332;0.00252;0.00166,
line-c-r00028,line-c,line-c-e22,33.2017203,-116.1496364,180.0,line-c-e23,33.2018797,-116.1494468,180.0,line-c-e24,33.2020391,-116.1492572,180.0,line-c-e25,33.2021985,-116.1490676,180.0,2026-08-19T18:17:00Z,dipole-dipole,1,6,1.194,670.2,202.407,6.279,0.00289,0.00101,0.00420;0.00417;0.00424;0.00401;0.00300;0.00275;0.00228;0.00189;0.00135;0.00107,
line-c-r01161,line-c,line-c-e22,33.2017203,-116.1496364,180.0,line-c-e23,33.2018797,-116.1494468,180.0,line-c-e24,33.2020391,-116.1492572,180.0,line-c-e25,33.2021985,-116.1490676,180.0,2026-08-19T18:17:12Z,dipole-dipole,1,8,1.121,713.9,201.727,7.454,0.00561,0.00111,0.00854;0.00752;0.00737;0.00711;0.00714;0.00481;0.00435;0.00357;0.00273;0.00187,
line-c-r01162,line-c,line-c-e22,33.2017203,-116.1496364,180.0,line-c-e23,33.2018797,-116.1494468,180.0,line-c-e24,33.2020391,-116.1492572,180.0,line-c-e25,33.2021985,-116.1490676,180.0,2026-08-19T18:17:24Z,dipole-dipole,1,4,1.156,692.2,220.293,8.085,0.00490,0.00109,0.00818;0.00690;0.00708;0.00739;0.00527;0.00504;0.00385;0.00299;0.00222;0.00158,
line-c-r01163,line-c,line-c-e22,33.2017203,-116.1496364,180.0,line-c-e23,33.2018797,-116.1494468,180.0,line-c-e24,33.2020391,-116.1492572,180.0,line-c-e25,33.2021985,-116.1490676,180.0,2026-08-19T18:17:36Z,dipole-dipole,1,3,0.968,826.1,213.534,6.291,0.00501,0.00085,0.00849;0.00801;0.00730;0.00556;0.00543;0.00488;0.00423;0.00346;0.00249;0.00179,
line-c-r01164,line-c,line-c-e22,33.2017203,-116.1496364,180.0,line-c-e23,33.2018797,-116.1494468,180.0,line-c-e24,33.2020391,-116.1492572,180.0,line-c-e25,33.2021985,-116.1490676,180.0,2026-08-19T18:17:48Z,dipole-dipole,1,6,1.087,735.8,218.143,9.962,0.00539,0.00098,0.00761;0.00799;0.00746;0.00608;0.00564;0.00567;0.00392;0.00341;0.00267;0.00185,
line-c-r01165,line-c,line-c-e22,33.2017203,-116.1496364,180.0,line-c-e23,33.2018797,-116.1494468,180.0,line-c-e24,33.2020391,-116.1492572,180.0,line-c-e25,33.2021985,-116.1490676,180.0,2026-08-19T18:18:00Z,dipole-dipole,1,7,1.230,650.2,208.081,8.619,0.00649,0.00118,0.00993;0.00988;0.00843;0.00697;0.00772;0.00681;0.00464;0.00422;0.00301;0.00217,
line-c-r01166,line-c,line-c-e22,33.2017203,-116.1496364,180.0,line-c-e23,33.2018797,-116.1494468,180.0,line-c-e25,33.2021985,-116.1490676,180.0,line-c-e26,33.2023579,-116.1488780,180.0,2026-08-19T18:18:12Z,dipole-dipole,2,5,1.036,771.8,360.009,8.551,0.00273,0.00114,0.00427;0.00378;0.00386;0.00381;0.00292;0.00264;0.00231;0.00161;0.00123;0.00099,
line-c-r01167,line-c,line-c-e22,33.2017203,-116.1496364,180.0,line-c-e23,33.2018797,-116.1494468,180.0,line-c-e25,33.2021985,-116.1490676,180.0,line-c-e26,33.2023579,-116.1488780,180.0,2026-08-19T18:18:24Z,dipole-dipole,2,7,1.141,700.9,195.792,7.102,0.00690,0.00104,0.01108;0.01019;0.00964;0.00815;0.00734;0.00646;0.00575;0.00433;0.00349;0.00248,
line-c-r01168,line-c,line-c-e22,33.2017203,-116.1496364,180.0,line-c-e23,33.2018797,-116.1494468,180.0,line-c-e25,33.2021985,-116.1490676,180.0,line-c-e26,33.2023579,-116.1488780,180.0,2026-08-19T18:18:36Z,dipole-dipole,2,4,1.475,542.3,370.797,7.144,0.00422,0.00097,0.00714;0.00570;0.00594;0.00519;0.00456;0.00407;0.00358;0.00259;0.00194;0.00145,
line-c-r01169,line-c,line-c-e22,33.2017203,-116.1496364,180.0,line-c-e23,33.2018797,-116.1494468,180.0,line-c-e25,33.2021985,-116.1490676,180.0,line-c-e26,33.2023579,-116.1488780,180.0,2026-08-19T18:18:48Z,dipole-dipole,2,7,0.913,876.2,372.118,8.185,0.00217,0.00129,0.00338;0.00350;0.00270;0.00262;0.00258;0.00202;0.00169;0.00127;0.00110;0.00080,
line-c-r01170,line-c,line-c-e22,33.2017203,-116.1496364,180.0,line-c-e23,33.2018797,-116.1494468,180.0,line-c-e25,33.2021985,-116.1490676,180.0,line-c-e26,33.2023579,-116.1488780,180.0,2026-08-19T18:19:00Z,dipole-dipole,2,7,1.039,769.8,212.442,7.658,0.00580,0.00091,0.00961;0.00897;0.00864;0.00683;0.00634;0.00553;0.00473;0.00356;0.00267;0.00209,
line-c-r01171,line-c,line-c-e22,33.2017203,-116.1496364,180.0,line-c-e23,33.2018797,-116.1494468,180.0,line-c-e25,33.2021985,-116.1490676,180.0,line-c-e26,33.2023579,-116.1488780,180.0,2026-08-19T18:19:12Z,dipole-dipole,2,7,1.169,684.6,264.596,7.963,0.00770,0.00137,0.01302;0.01089;0.01150;0.00964;0.00839;0.00720;0.00637;0.00512;0.00359;0.00254,
line-c-r01172,line-c,line-c-e22,33.2017203,-116.1496364,180.0,line-c-e23,33.2018797,-116.1494468,180.0,line-c-e26,33.2023579,-116.1488780,180.0,line-c-e27,33.2025172,-116.1486884,180.0,2026-08-19T18:19:24Z,dipole-dipole,3,6,1.233,648.7,302.914,6.954,0.00312,0.00121,0.00452;0.00502;0.00415;0.00388;0.00340;0.00287;0.00239;0.00219;0.00148;0.00101,
line-c-r01173,line-c,line-c-e22,33.2017203,-116.1496364,180.0,line-c-e23,33.2018797,-116.1494468,180.0,line-c-e26,33.2023579,-116.1488780,180.0,line-c-e27,33.2025172,-116.1486884,180.0,2026-08-19T18:19:36Z,dipole-dipole,3,5,1.234,648.1,142.513,8.230,0.00428,0.00118,0.00708;0.00538;0.00610;0.00558;0.00475;0.00431;0.00346;0.00294;0.00209;0.00138,
line-c-r01174,line-c,line-c-e22,33.2017203,-116.1496364,180.0,line-c-e23,33.2018797,-116.1494468,180.0,line-c-e26,33.2023579,-116.1488780,180.0,line-c-e27,33.2025172,-116.1486884,180.0,2026-08-19T18:19:48Z,dipole-dipole,3,7,0.974,821.1,240.225,8.260,0.00207,0.00093,0.00344;0.00305;0.00309;0.00248;0.00244;0.00199;0.00172;0.00116;0.00103;0.00076,
line-c-r01175,line-c,line-c-e22,33.2017203,-116.1496364,180.0,line-c-e23,33.2018797,-116.1494468,180.0,line-c-e26,33.2023579,-116.1488780,180.0,line-c-e27,33.2025172,-116.1486884,180.0,2026-08-19T18:20:00Z,dipole-dipole,3,5,1.030,776.4,124.823,6.536,0.00841,0.00128,0.01283;0.01228;0.01126;0.01019;0.01028;0.00762;0.00651;0.00518;0.00393;0.00306,
line-c-r01176,line-c,line-c-e22,33.2017203,-116.1496364,180.0,line-c-e23,33.2018797,-116.1494468,180.0,line-c-e26,33.2023579,-116.1488780,180.0,line-c-e27,33.2025172,-116.1486884,180.0,2026-08-19T18:20:12Z,dipole-dipole,3,8,1.224,653.6,205.734,6.379,0.00651,0.00118,0.01090;0.00972;0.00899;0.00796;0.00644;0.00632;0.00537;0.00437;0.00346;0.00235,
line-c-r01177,line-c,line-c-e22,33.2017203,-116.1496364,180.0,line-c-e23,33.2018797,-116.1494468,180.0,line-c-e26,33.2023579,-116.1488780,180.0,line-c-e27,33.2025172,-116.1486884,180.0,2026-08-19T18:20:24Z,dipole-dipole,3,7,1.364,586.6,682.303,7.354,0.00237,0.00102,0.00361;0.00323;0.00321;0.00296;0.00290;0.00251;0.00193;0.00146;0.00114;0.00077,
line-c-r01178,line-c,line-c-e22,33.2017203,-116.1496364,180.0,line-c-e23,33.2018797,-116.1494468,180.0,line-c-e26,33.2023579,-116.1488780,180.0,line-c-e27,33.2025172,-116.1486884,180.0,2026-08-19T18:20:36Z,dipole-dipole,3,6,1.300,615.3,231.387,9.272,0.00781,0.00127,0.01253;0.01118;0.01179;0.00913;0.00782;0.00784;0.00706;0.00484;0.00375;0.00278,
line-c-r01179,line-c,line-c-e22,33.2017203,-116.1496364,180.0,line-c-e23,33.2018797,-116.1494468,180.0,line-c-e27,33.2025172,-116.1486884,180.0,line-c-e28,33.2026766,-116.1484988,180.0,2026-08-19T18:20:48Z,dipole-dipole,4,7,1.382,578.8,202.382,9.282,0.00412,0.00465,0.00598;0.00607;0.00530;0.00486;0.00468;0.00388;0.00353;0.00246;0.00204;0.00144,
line-c-r01180,line-c,line-c-e22,33.2017203,-116.1496364,180.0,line-c-e23,33.2018797,-116.1494468,180.0,line-c-e27,33.2025172,-116.1486884,180.0,line-c-e28,33.2026766,-116.1484988,180.0,2026-08-19T18:21:00Z,dipole-dipole,4,5,0.684,1169.4,199.224,7.183,0.00452,0.00083,0.00757;0.00633;0.00645;0.00553;0.00458;0.00437;0.00373;0.00305;0.00214;0.00152,
line-c-r00524,line-c,line-c-e22,33.2017203,-116.1496364,180.0,line-c-e23,33.2018797,-116.1494468,180.0,line-c-e27,33.2025172,-116.1486884,180.0,line-c-e28,33.2026766,-116.1484988,180.0,2026-08-19T18:21:12Z,dipole-dipole,4,8,1.120,714.2,207.199,8.088,0.00369,0.00116,0.00586;0.00511;0.00542;0.00504;0.00430;0.00337;0.00342;0.00252;0.00196;0.00125,
line-c-r01182,line-c,line-c-e22,33.2017203,-116.1496364,180.0,line-c-e23,33.2018797,-116.1494468,180.0,line-c-e27,33.2025172,-116.1486884,180.0,line-c-e28,33.2026766,-116.1484988,180.0,2026-08-19T18:21:24Z,dipole-dipole,4,6,0.998,801.2,219.413,7.972,0.00487,0.00116,0.00739;0.00676;0.00639;0.00632;0.00515;0.00484;0.00349;0.00326;0.00228;0.00171,
line-c-r01183,line-c,line-c-e22,33.2017203,-116.1496364,180.0,line-c-e23,33.2018797,-116.1494468,180.0,line-c-e27,33.2025172,-116.1486884,180.0,line-c-e28,33.2026766,-116.1484988,180.0,2026-08-19T18:21:36Z,dipole-dipole,4,4,1.215,658.7,192.634,7.115,0.00480,0.00096,0.00733;0.00701;0.00693;0.00605;0.00511;0.00463;0.00390;0.00312;0.00219;0.00172,
line-c-r01184,line-c,line-c-e22,33.2017203,-116.1496364,180.0,line-c-e23,33.2018797,-116.1494468,180.0,line-c-e27,33.2025172,-116.1486884,180.0,line-c-e28,33.2026766,-116.1484988,180.0,2026-08-19T18:21:48Z,dipole-dipole,4,3,1.376,581.5,205.231,7.712,0.00500,0.00111,0.00815;0.00721;0.00757;0.00611;0.00533;0.00479;0.00438;0.00325;0.00246;0.00174,
line-c-r01185,line-c,line-c-e22,33.2017203,-116.1496364,180.0,line-c-e23,33.2018797,-116.1494468,180.0,line-c-e27,33.2025172,-116.1486884,180.0,line-c-e28,33.2026766,-116.1484988,180.0,2026-08-19T18:22:00Z,dipole-dipole,4,8,1.337,598.2,221.693,10.249,0.00280,0.00096,0.00465;0.00434;0.00399;0.00350;0.00320;0.00253;0.00238;0.00189;0.00142;0.00090,
line-c-r01186,line-c,line-c-e22,33.2017203,-116.1496364,180.0,line-c-e23,33.2018797,-116.1494468,180.0,line-c-e27,33.2025172,-116.1486884,180.0,line-c-e28,33.2026766,-116.1484988,180.0,2026-08-19T18:22:12Z,dipole-dipole,4,3,1.120,714.5,208.140,6.619,0.00531,0.00118,0.01014;0.00823;0.00747;0.00656;0.00551;0.00464;0.00441;0.00331;0.00239;0.00180,
line-c-r01187,line-c,line-c-e22,33.2017203,-116.1496364,180.0,line-c-e23,33.2018797,-116.1494468,180.0,line-c-e28,33.2026766,-116.1484988,180.0,line-c-e29,33.2028360,-116.1483092,180.0,2026-08-19T18:22:24Z,dipole-dipole,5,8,0.952,840.4,196.259,9.133,0.00579,0.00088,0.00908;0.00859;0.00838;0.00681;0.00606;0.00554;0.00435;0.00394;0.00259;0.00210,
line-c-r01188,line-c,line-c-e22,33.2017203,-116.1496364,180.0,line-c-e23,33.2018797,-116.1494468,180.0,line-c-e28,33.2026766,-116.1484988,180.0,line-c-e29,33.2028360,-116.1483092,180.0,2026-08-19T18:22:36Z,dipole-dipole,5,4,0.981,815.9,212.247,8.831,0.00430,0.00103,0.00646;0.00635;0.00584;0.00585;0.00456;0.00403;0.00360;0.00256;0.00193;0.00164,
line-c-r01189,line-c,line-c-e22,33.2017203,-116.1496364,180.0,line-c-e23,33.2018797,-116.1494468,180.0,line-c-e28,33.2026766,-116.1484988,180.0,line-c-e29,33.2028360,-116.1483092,180.0,2026-08-19T18:22:48Z,dipole-dipole,5,7,0.984,812.9,201.254,7.536,0.00629,0.00098,0.00860;0.00896;0.00888;0.00737;0.00749;0.00567;0.00492;0.00433;0.00300;0.00214,
line-c-r01190,line-c,line-c-e22,33.2017203,-116.1496364,180.0,line-c-e23,33.2018797,-116.1494468,180.0,line-c-e28,33.2026766,-116.1484988,180.0,line-c-e29,33.2028360,-116.1483092,180.0,2026-08-19T18:23:00Z,dipole-dipole,5,3,1.288,621.0,212.294,7.239,0.00699,0.00092,0.01119;0.00923;0.00900;0.00769;0.00750;0.00654;0.00532;0.00455;0.00370;0.00235,
line-c-r01191,line-c,line-c-e22,33.2017203,-116.1496364,180.0,line-c-e23,33.2018797,-116.1494468,180.0,line-c-e28,33.2026766,-116.1484988,180.0,line-c-e29,33.2028360,-116.1483092,180.0,2026-08-19T18:23:12Z,dipole-dipole,5,3,1.220,655.9,216.231,6.514,0.00476,0.00115,0.00715;0.00759;0.00617;0.00629;0.00521;0.00441;0.00382;0.00308;0.00224;0.00159,
line-c-r01192,line-c,line-c-e22,33.2017203,-116.1496364,180.0,line-c-e23,33.2018797,-116.1494468,180.0,line-c-e28,33.2026766,-116.1484988,180.0,line-c-e29,33.2028360,-116.1483092,180.0,2026-08-19T18:23:24Z,dipole-dipole,5,5,1.113,718.7,213.843,8.839,0.00479,0.00117,0.00817;0.00714;0.00672;0.00674;0.00608;0.00497;0.00388;0.00317;0.00248;0.00153,
line-c-r01193,line-c,line-c-e22,33.2017203,-116.1496364,180.0,line-c-e23,33.2018797,-116.1494468,180.0,line-c-e28,33.2026766,-116.1484988,180.0,line-c-e29,33.2028360,-116.1483092,180.0,2026-08-19T18:23:36Z,dipole-dipole,5,3,1.480,540.5,197.907,7.599,0.00335,0.00132,0.00508;0.00479;0.00468;0.00388;0.00389;0.00317;0.00281;0.00197;0.00156;0.00112,
line-c-r01194,line-c,line-c-e22,33.2017203,-116.1496364,180.0,line-c-e23,33.2018797,-116.1494468,180.0,line-c-e28,33.2026766,-116.1484988,180.0,line-c-e29,33.2028360,-116.1483092,180.0,2026-08-19T18:23:48Z,dipole-dipole,5,7,1.082,739.4,200.785,7.320,0.00761,0.00129,0.01220;0.01111;0.00953;0.00975;0.00777;0.00775;0.00611;0.00445;0.00364;0.00280,
line-c-r01195,line-c,line-c-e22,33.2017203,-116.1496364,180.0,line-c-e23,33.2018797,-116.1494468,180.0,line-c-e29,33.2028360,-116.1483092,180.0,line-c-e30,33.2029954,-116.1481196,180.0,2026-08-19T18:24:00Z,dipole-dipole,6,8,1.210,661.3,204.807,5.756,0.00499,0.00102,0.00869;0.00642;0.00735;0.00665;0.00565;0.00453;0.00414;0.00329;0.00247;0.00185,
line-c-r01196,line-c,line-c-e22,33.2017203,-116.1496364,180.0,line-c-e23,33.2018797,-116.1494468,180.0,line-c-e29,33.2028360,-116.1483092,180.0,line-c-e30,33.2029954,-116.1481196,180.0,2026-08-19T18:24:12Z,dipole-dipole,6,3,1.096,730.2,188.324,6.489,0.00602,0.00099,0.00944;0.00802;0.00780;0.00770;0.00593;0.00576;0.00471;0.00399;0.00298;0.00193,
line-c-r01197,line-c,line-c-e22,33.2017203,-116.1496364,180.0,line-c-e23,33.2018797,-116.1494468,180.0,line-c-e29,33.2028360,-116.1483092,180.0,line-c-e30,33.2029954,-116.1481196,180.0,2026-08-19T18:24:24Z,dipole-dipole,6,5,1.301,614.7,187.204,6.452,0.00522,0.00122,0.00767;0.00843;0.00721;0.00710;0.00574;0.00531;0.00390;0.00328;0.00259;0.00199,
line-c-r01198,line-c,line-c-e22,33.2017203,-116.1496364,180.0,line-c-e23,33.2018797,-116.1494468,180.0,line-c-e29,33.2028360,-116.1483092,180.0,line-c-e30,33.2029954,-116.1481196,180.0,2026-08-19T18:24:36Z,dipole-dipole,6,5,1.265,632.6,209.508,9.823,0.00556,0.00100,0.00870;0.00831;0.00798;0.00709;0.00620;0.00522;0.00419;0.00375;0.00273;0.00219,
line-c-r01199,line-c,line-c-e22,33.2017203,-116.1496364,180.0,line-c-e23,33.2018797,-116.1494468,180.0,line-c-e29,33.2028360,-116.1483092,180.0,line-c-e30,33.2029954,-116.1481196,180.0,2026-08-19T18:24:48Z,dipole-dipole,6,4,0.959,834.1,222.625,7.514,0.00562,0.00085,0.00953;0.00923;0.00739;0.00716;0.00676;0.00526;0.00453;0.00357;0.00264;0.00186,
line-c-r01200,line-c,line-c-e22,33.2017203,-116.1496364,180.0,line-c-e23,33.2018797,-116.1494468,180.0,line-c-e29,33.2028360,-116.1483092,180.0,line-c-e30,33.2029954,-116.1481196,180.0,2026-08-19T18:25:00Z,dipole-dipole,6,8,1.221,655.1,202.292,6.590,0.00361,0.00082,0.00570;0.00538;0.00460;0.00476;0.00423;0.00371;0.00273;0.00218;0.00185;0.00121,
line-c-r01201,line-c,line-c-e22,33.2017203,-116.1496364,180.0,line-c-e23,33.2018797,-116.1494468,180.0,line-c-e29,33.2028360,-116.1483092,180.0,line-c-e30,33.2029954,-116.1481196,180.0,2026-08-19T18:25:12Z,dipole-dipole,6,4,1.107,722.4,195.236,6.419,0.00562,0.00131,0.00889;0.00800;0.00812;0.00674;0.00553;0.00490;0.00423;0.00343;0.00272;0.00213,
line-c-r01202,line-c,line-c-e23,33.2018797,-116.1494468,180.0,line-c-e24,33.2020391,-116.1492572,180.0,line-c-e25,33.2021985,-116.1490676,180.0,line-c-e26,33.2023579,-116.1488780,180.0,2026-08-19T18:25:24Z,dipole-dipole,1,4,1.188,673.4,431.513,7.844,0.00552,0.00105,0.00916;0.00845;0.00835;0.00660;0.00671;0.00512;0.00458;0.00317;0.00283;0.00196,
line-c-r01203,line-c,line-c-e23,33.2018797,-116.1494468,180.0,line-c-e24,33.2020391,-116.1492572,180.0,line-c-e25,33.2021985,-116.1490676,180.0,line-c-e26,33.2023579,-116.1488780,180.0,2026-08-19T18:25:36Z,dipole-dipole,1,3,1.036,772.2,233.816,5.948,0.00942,0.00108,0.01519;0.01466;0.01304;0.01154;0.01040;0.00957;0.00731;0.00595;0.00452;0.00363,
line-c-r01204,line-c,line-c-e23,33.2018797,-116.1494468,180.0,line-c-e24,33.2020391,-116.1492572,180.0,line-c-e25,33.2021985,-116.1490676,180.0,line-c-e26,33.2023579,-116.1488780,180.0,2026-08-19T18:25:48Z,dipole-dipole,1,3,1.399,571.9,849.616,7.247,0.00881,0.00088,0.01305;0.01403;0.01114;0.01042;0.01035;0.00833;0.00708;0.00571;0.00399;0.00317,
line-c-r01205,line-c,line-c-e23,33.2018797,-116.1494468,180.0,line-c-e24,33.2020391,-116.1492572,180.0,line-c-e25,33.2021985,-116.1490676,180.0,line-c-e26,33.2023579,-116.1488780,180.0,2026-08-19T18:26:00Z,dipole-dipole,1,4,1.341,596.4,229.956,7.341,0.00216,0.00105,0.00342;0.00300;0.00285;0.00237;0.00239;0.00226;0.00174;0.00121;0.00106;0.00075,
line-c-r01206,line-c,line-c-e23,33.2018797,-116.1494468,180.0,line-c-e24,33.2020391,-116.1492572,180.0,line-c-e25,33.2021985,-116.1490676,180.0,line-c-e26,33.2023579,-116.1488780,180.0,2026-08-19T18:26:12Z,dipole-dipole,1,5,1.340,596.9,386.231,7.769,0.00914,0.00106,0.01501;0.01419;0.01252;0.01170;0.01171;0.00826;0.00747;0.00602;0.00451;0.00330,
line-c-r01207,line-c,line-c-e23,33.2018797,-116.1494468,180.0,line-c-e24,33.2020391,-116.1492572,180.0,line-c-e25,33.2021985,-116.1490676,180.0,line-c-e26,33.2023579,-116.1488780,180.0,2026-08-19T18:26:24Z,dipole-dipole,1,6,1.147,697.3,150.076,11.076,0.00389,0.00084,0.00629;0.00631;0.00529;0.00457;0.00411;0.00351;0.00325;0.00234;0.00214;0.00142,
line-c-r01208,line-c,line-c-e23,33.2018797,-116.1494468,180.0,line-c-e24,33.2020391,-116.1492572,180.0,line-c-e25,33.2021985,-116.1490676,180.0,line-c-e26,33.2023579,-116.1488780,180.0,2026-08-19T18:26:36Z,dipole-dipole,1,6,1.070,747.7,631.255,7.615,0.00574,0.00121,0.00844;0.00778;0.00697;0.00734;0.00567;0.00632;0.00517;0.00344;0.00289;0.00186,
line-c-r01209,line-c,line-c-e23,33.2018797,-116.1494468,180.0,line-c-e24,33.2020391,-116.1492572,180.0,line-c-e26,33.2023579,-116.1488780,180.0,line-c-e27,33.2025172,-116.1486884,180.0,2026-08-19T18:26:48Z,dipole-dipole,2,8,1.072,746.1,201.531,7.265,0.00577,0.00109,0.00935;0.00838;0.00784;0.00725;0.00638;0.00563;0.00483;0.00400;0.00298;0.00207,
line-c-r01210,line-c,line-c-e23,33.2018797,-116.1494468,180.0,line-c-e24,33.2020391,-116.1492572,180.0,line-c-e26,33.2023579,-116.1488780,180.0,line-c-e27,33.2025172,-116.1486884,180.0,2026-08-19T18:27:00Z,dipole-dipole,2,7,1.178,679.4,241.485,5.888,0.00153,0.00118,0.00287;0.00245;0.00206;0.00193;0.00173;0.00137;0.00108;0.00102;0.00071;0.00057,
line-c-r01211,line-c,line-c-e23,33.2018797,-116.1494468,180.0,line-c-e24,33.2020391,-116.1492572,180.0,line-c-e26,33.2023579,-116.1488780,180.0,line-c-e27,33.2025172,-116.1486884,180.0,2026-08-19T18:27:12Z,dipole-dipole,2,7,1.182,676.6,259.340,7.089,0.00517,0.00115,0.00847;0.00879;0.00824;0.00593;0.00555;0.00488;0.00437;0.00331;0.00209;0.00181,
line-c-r01212,line-c,line-c-e23,33.2018797,-116.1494468,180.0,line-c-e24,33.2020391,-116.1492572,180.0,line-c-e26,33.2023579,-116.1488780,180.0,line-c-e27,33.2025172,-116.1486884,180.0,2026-08-19T18:27:24Z,dipole-dipole,2,6,1.642,487.2,196.357,6.595,0.00401,0.00098,0.00679;0.00600;0.00552;0.00518;0.00437;0.00364;0.00312;0.00261;0.00202;0.00139,
line-c-r01213,line-c,line-c-e23,33.2018797,-116.1494468,180.0,line-c-e24,33.2020391,-116.1492572,180.0,line-c-e26,33.2023579,-116.1488780,180.0,line-c-e27,33.2025172,-116.1486884,180.0,2026-08-19T18:27:36Z,dipole-dipole,2,6,1.172,682.6,129.106,9.771,0.01755,0.00121,0.02968;0.02499;0.02520;0.02174;0.01874;0.01825;0.01464;0.01107;0.00883;0.00558,
line-c-r01214,line-c,line-c-e23,33.2018797,-116.1494468,180.0,line-c-e24,33.2020391,-116.1492572,180.0,line-c-e26,33.2023579,-116.1488780,180.0,line-c-e27,33.2025172,-116.1486884,180.0,2026-08-19T18:27:48Z,dipole-dipole,2,5,1.337,598.3,335.461,7.970,0.00111,0.00102,0.00182;0.00167;0.00174;0.00143;0.00121;0.00103;0.00086;0.00067;0.00055;0.00039,
line-c-r01215,line-c,line-c-e23,33.2018797,-116.1494468,180.0,line-c-e24,33.2020391,-116.1492572,180.0,line-c-e26,33.2023579,-116.1488780,180.0,line-c-e27,33.2025172,-116.1486884,180.0,2026-08-19T18:28:00Z,dipole-dipole,2,6,1.311,610.1,141.945,7.579,0.00470,0.00100,0.00702;0.00672;0.00617;0.00590;0.00502;0.00467;0.00353;0.00306;0.00259;0.00160,
line-c-r01216,line-c,line-c-e23,33.2018797,-116.1494468,180.0,line-c-e24,33.2020391,-116.1492572,180.0,line-c-e26,33.2023579,-116.1488780,180.0,line-c-e27,33.2025172,-116.1486884,180.0,2026-08-19T18:28:12Z,dipole-dipole,2,3,1.252,638.9,182.587,5.984,0.00443,0.00084,0.00748;0.00605;0.00686;0.00580;0.00457;0.00478;0.00372;0.00317;0.00223;0.00173,
line-c-r01217,line-c,line-c-e23,33.2018797,-116.1494468,180.0,line-c-e24,33.2020391,-116.1492572,180.0,line-c-e27,33.2025172,-116.1486884,180.0,line-c-e28,33.2026766,-116.1484988,180.0,2026-08-19T18:28:24Z,dipole-dipole,3,5,1.197,668.2,207.084,6.499,0.00702,0.00123,0.01063;0.01047;0.00909;0.00857;0.00838;0.00626;0.00570;0.00441;0.00346;0.00254,
line-c-r01218,line-c,line-c-e23,33.2018797,-116.1494468,180.0,line-c-e24,33.2020391,-116.1492572,180.0,line-c-e27,33.2025172,-116.1486884,180.0,line-c-e28,33.2026766,-116.1484988,180.0,2026-08-19T18:28:36Z,dipole-dipole,3,5,1.451,551.3,206.345,6.148,0.00537,0.00073,0.00862;0.00862;0.00733;0.00713;0.00640;0.00558;0.00450;0.00330;0.00285;0.00184,
line-c-r01219,line-c,line-c-e23,33.2018797,-116.1494468,180.0,line-c-e24,33.2020391,-116.1492572,180.0,line-c-e27,33.2025172,-116.1486884,180.0,line-c-e28,33.2026766,-116.1484988,180.0,2026-08-19T18:28:48Z,dipole-dipole,3,7,1.592,502.5,204.200,8.339,0.00473,0.00088,0.00827;0.00704;0.00619;0.00540;0.00532;0.00422;0.00356;0.00311;0.00254;0.00173,
line-c-r01220,line-c,line-c-e23,33.2018797,-116.1494468,180.0,line-c-e24,33.2020391,-116.1492572,180.0,line-c-e27,33.2025172,-116.1486884,180.0,line-c-e28,33.2026766,-116.1484988,180.0,2026-08-19T18:29:00Z,dipole-dipole,3,8,1.141,701.2,202.155,7.067,0.00492,0.00104,0.00788;0.00690;0.00707;0.00580;0.00516;0.00538;0.00405;0.00299;0.00239;0.00169,
line-c-r01221,line-c,line-c-e23,33.2018797,-116.1494468,180.0,line-c-e24,33.2020391,-116.1492572,180.0,line-c-e27,33.2025172,-116.1486884,180.0,line-c-e28,33.2026766,-116.1484988,180.0,2026-08-19T18:29:12Z,dipole-dipole,3,4,1.376,581.5,216.856,5.967,0.00467,0.00107,0.00722;0.00699;0.00648;0.00550;0.00537;0.00421;0.00372;0.00298;0.00225;0.00160,
line-c-r01222,line-c,line-c-e23,33.2018797,-116.1494468,180.0,line-c-e24,33.2020391,-116.1492572,180.0,line-c-e27,33.2025172,-116.1486884,180.0,line-c-e28,33.2026766,-116.1484988,180.0,2026-08-19T18:29:24Z,dipole-dipole,3,3,1.181,677.4,210.829,9.012,0.00386,0.00094,0.00659;0.00654;0.00530;0.00466;0.00385;0.00433;0.00309;0.00217;0.00198;0.00134,
line-c-r01223,line-c,line-c-e23,33.2018797,-116.1494468,180.0,line-c-e24,33.2020391,-116.1492572,180.0,line-c-e27,33.2025172,-116.1486884,180.0,line-c-e28,33.2026766,-116.1484988,180.0,2026-08-19T18:29:36Z,dipole-dipole,3,8,1.018,785.9,188.195,6.920,0.00367,0.00085,0.00596;0.00543;0.00513;0.00464;0.00431;0.00346;0.00304;0.00241;0.00197;0.00116,
line-c-r01224,line-c,line-c-e23,33.2018797,-116.1494468,180.0,line-c-e24,33.2020391,-116.1492572,180.0,line-c-e27,33.2025172,-116.1486884,180.0,line-c-e28,33.2026766,-116.1484988,180.0,2026-08-19T18:29:48Z,dipole-dipole,3,3,1.189,673.1,206.756,5.686,0.00620,0.00131,0.00870;0.00900;0.00937;0.00776;0.00679;0.00574;0.00490;0.00405;0.00309;0.00233,
line-c-r01225,line-c,line-c-e23,33.2018797,-116.1494468,180.0,line-c-e24,33.2020391,-116.1492572,180.0,line-c-e28,33.2026766,-116.1484988,180.0,line-c-e29,33.2028360,-116.1483092,180.0,2026-08-19T18:30:00Z,dipole-dipole,4,7,0.803,996.3,209.309,6.927,0.00386,0.00103,0.00598;0.00502;0.00557;0.00467;0.00425;0.00356;0.00315;0.00240;0.00186;0.00123,
line-c-r01226,line-c,line-c-e23,33.2018797,-116.1494468,180.0,line-c-e24,33.2020391,-116.1492572,180.0,line-c-e28,33.2026766,-116.1484988,180.0,line-c-e29,33.2028360,-116.1483092,180.0,2026-08-19T18:30:12Z,dipole-dipole,4,6,1.514,528.3,200.525,6.493,0.00583,0.00097,0.00866;0.00827;0.00876;0.00722;0.00608;0.00545;0.00458;0.00350;0.00287;0.00219,
line-c-r01227,line-c,line-c-e23,33.2018797,-116.1494468,180.0,line-c-e24,33.2020391,-116.1492572,180.0,line-c-e28,33.2026766,-116.1484988,180.0,line-c-e29,33.2028360,-116.1483092,180.0,2026-08-19T18:30:24Z,dipole-dipole,4,6,1.168,684.7,190.682,8.748,0.00519,0.00077,0.00891;0.00714;0.00674;0.00668;0.00533;0.00476;0.00417;0.00319;0.00249;0.00188,
line-c-r01228,line-c,line-c-e23,33.2018797,-116.1494468,180.0,line-c-e24,33.2020391,-116.1492572,180.0,line-c-e28,33.2026766,-116.1484988,180.0,line-c-e29,33.2028360,-116.1483092,180.0,2026-08-19T18:30:36Z,dipole-dipole,4,8,1.010,792.1,198.919,7.785,0.00425,0.00100,0.00697;0.00675;0.00546;0.00540;0.00478;0.00363;0.00314;0.00301;0.00220;0.00150,
line-c-r01229,line-c,line-c-e23,33.2018797,-116.1494468,180.0,line-c-e24,33.2020391,-116.1492572,180.0,line-c-e28,33.2026766,-116.1484988,180.0,line-c-e29,33.2028360,-116.1483092,180.0,2026-08-19T18:30:48Z,dipole-dipole,4,6,1.515,527.9,204.465,8.270,0.00482,0.00115,0.00812;0.00662;0.00635;0.00578;0.00562;0.00477;0.00391;0.00289;0.00241;0.00167,
line-c-r01230,line-c,line-c-e23,33.2018797,-116.1494468,180.0,line-c-e24,,,,line-c-e28,33.2026766,-116.1484988,180.0,line-c-e29,33.2028360,-116.1483092,180.0,2026-08-19T18:31:00Z,dipole-dipole,4,6,1.746,458.3,204.751,8.067,0.00523,0.00124,0.00760;0.00819;0.00695;0.00596;0.00517;0.00480;0.00441;0.00336;0.00255;0.00174,
line-c-r01231,line-c,line-c-e23,33.2018797,-116.1494468,180.0,line-c-e24,33.2020391,-116.1492572,180.0,line-c-e28,,,,line-c-e29,33.2028360,-116.1483092,180.0,2026-08-19T18:31:12Z,dipole-dipole,4,8,1.600,499.9,204.883,8.554,0.00604,0.00109,0.00865;0.00794;0.00763;0.00726;0.00618;0.00600;0.00478;0.00422;0.00281;0.00203,
line-c-r01232,line-c,line-c-e23,33.2018797,-116.1494468,180.0,line-c-e24,33.2020391,-116.1492572,180.0,line-c-e28,33.2026766,-116.1484988,180.0,line-c-e29,33.2028360,-116.1483092,180.0,2026-08-19T18:31:24Z,dipole-dipole,4,3,1.240,645.2,203.858,9.641,0.00545,0.00100,0.00906;0.00799;0.00755;0.00652;0.00595;0.00537;0.00427;0.00347;0.00270;0.00207,
line-c-r01233,line-c,line-c-e23,33.2018797,-116.1494468,180.0,line-c-e24,33.2020391,-116.1492572,180.0,line-c-e29,33.2028360,-116.1483092,180.0,line-c-e30,33.2029954,-116.1481196,180.0,2026-08-19T18:31:36Z,dipole-dipole,5,8,1.407,568.7,192.604,7.808,0.00616,0.00120,0.00986;0.00896;0.00788;0.00734;0.00725;0.00617;0.00525;0.00380;0.00301;0.00231,
line-c-r01234,line-c,line-c-e23,33.2018797,-116.1494468,180.0,line-c-e24,33.2020391,-116.1492572,180.0,line-c-e29,33.2028360,-116.1483092,180.0,line-c-e30,33.2029954,-116.1481196,180.0,2026-08-19T18:31:48Z,dipole-dipole,5,3,1.353,591.3,190.614,8.873,0.00508,0.00096,0.00849;0.00760;0.00725;0.00591;0.00626;0.00517;0.00379;0.00322;0.00249;0.00185,
line-c-r01235,line-c,line-c-e23,33.2018797,-116.1494468,180.0,line-c-e24,33.2020391,-116.1492572,180.0,line-c-e29,33.2028360,-116.1483092,180.0,line-c-e30,33.2029954,-116.1481196,180.0,2026-08-19T18:32:00Z,dipole-dipole,5,7,1.135,704.8,210.388,7.536,0.00554,0.00077,0.00863;0.00843;0.00785;0.00608;0.00658;0.00521;0.00450;0.00384;0.00284;0.00207,
line-c-r01236,line-c,line-c-e23,33.2018797,-116.1494468,180.0,line-c-e24,33.2020391,-116.1492572,180.0,line-c-e29,33.2028360,-116.1483092,180.0,line-c-e30,33.2029954,-116.1481196,180.0,2026-08-19T18:32:12Z,dipole-dipole,5,3,1.183,676.5,198.871,9.497,0.00574,0.00088,0.00941;0.00737;0.00730;0.00839;0.00626;0.00550;0.00497;0.00367;0.00298;0.00229,
line-c-r01237,line-c,line-c-e23,33.2018797,-116.1494468,180.0,line-c-e24,33.2020391,-116.1492572,180.0,line-c-e29,33.2028360,-116.1483092,180.0,line-c-e30,33.2029954,-116.1481196,180.0,2026-08-19T18:32:24Z,dipole-dipole,5,4,1.103,725.5,201.787,7.993,0.00559,0.00106,0.00853;0.00864;0.00783;0.00699;0.00618;0.00517;0.00410;0.00383;0.00285;0.00180,
line-c-r01238,line-c,line-c-e23,33.2018797,-116.1494468,180.0,line-c-e24,33.2020391,-116.1492572,180.0,line-c-e29,33.2028360,-116.1483092,180.0,line-c-e30,33.2029954,-116.1481196,180.0,2026-08-19T18:32:36Z,dipole-dipole,5,8,1.335,599.1,191.094,9.105,0.00554,0.00114,0.00844;0.00817;0.00772;0.00615;0.00651;0.00504;0.00450;0.00330;0.00240;0.00182,
line-c-r01239,line-c,line-c-e23,33.2018797,-116.1494468,180.0,line-c-e24,33.2020391,-116.1492572,180.0,line-c-e29,33.2028360,-116.1483092,180.0,line-c-e30,33.2029954,-116.1481196,180.0,2026-08-19T18:32:48Z,dipole-dipole,5,6,1.111,720.2,204.569,6.504,0.00476,0.00094,0.00716;0.00661;0.00687;0.00559;0.00489;0.00457;0.00388;0.00316;0.00240;0.00164,
line-c-r01240,line-c,line-c-e23,33.2018797,-116.1494468,180.0,line-c-e24,33.2020391,-116.1492572,180.0,line-c-e29,33.2028360,-116.1483092,180.0,line-c-e30,33.2029954,-116.1481196,180.0,2026-08-19T18:33:00Z,dipole-dipole,5,7,1.634,489.6,203.660,8.105,0.00454,0.00086,0.00710;0.00680;0.00649;0.00619;0.00487;0.00434;0.00385;0.00285;0.00213;0.00175,
line-c-r01241,line-c,line-c-e24,33.2020391,-116.1492572,180.0,line-c-e25,33.2021985,-116.1490676,180.0,line-c-e26,33.2023579,-116.1488780,180.0,line-c-e27,33.2025172,-116.1486884,180.0,2026-08-19T18:33:12Z,dipole-dipole,1,5,1.776,450.4,139.458,6.587,0.00791,0.00100,0.01145;0.01152;0.01053;0.00976;0.00955;0.00795;0.00602;0.00471;0.00374;0.00289,
line-c-r01242,line-c,line-c-e24,33.2020391,-116.1492572,180.0,line-c-e25,33.2021985,-116.1490676,180.0,line-c-e26,33.2023579,-116.1488780,180.0,line-c-e27,33.2025172,-116.1486884,180.0,2026-08-19T18:33:24Z,dipole-dipole,1,4,1.325,603.8,175.791,9.713,0.00501,0.00103,0.00797;0.00716;0.00718;0.00558;0.00521;0.00464;0.00399;0.00331;0.00245;0.00192,
line-c-r01243,line-c,line-c-e24,33.2020391,-116.1492572,180.0,line-c-e25,33.2021985,-116.1490676,180.0,line-c-e26,33.2023579,-116.1488780,180.0,line-c-e27,33.2025172,-116.1486884,180.0,2026-08-19T18:33:36Z,dipole-dipole,1,7,1.371,583.5,101.641,8.616,0.01528,0.00116,0.02509;0.02344;0.02180;0.01696;0.01725;0.01397;0.01135;0.01011;0.00724;0.00584,
line-c-r01244,line-c,line-c-e24,33.2020391,-116.1492572,180.0,line-c-e25,33.2021985,-116.1490676,180.0,line-c-e26,33.2023579,-116.1488780,180.0,line-c-e27,33.2025172,-116.1486884,180.0,2026-08-19T18:33:48Z,dipole-dipole,1,8,1.306,612.5,331.181,8.345,0.00622,0.00125,0.01001;0.00919;0.00924;0.00724;0.00642;0.00530;0.00498;0.00383;0.00275;0.00208,
line-c-r01245,line-c,line-c-e24,33.2020391,-116.1492572,180.0,line-c-e25,33.2021985,-116.1490676,180.0,line-c-e26,33.2023579,-116.1488780,180.0,line-c-e27,33.2025172,-116.1486884,180.0,2026-08-19T18:34:00Z,dipole-dipole,1,4,1.722,464.6,218.391,7.184,0.01049,0.00084,0.01577;0.01842;0.01349;0.01346;0.01154;0.01112;0.00855;0.00729;0.00473;0.00368,
line-c-r01246,line-c,line-c-e24,33.2020391,-116.1492572,180.0,line-c-e25,33.2021985,-116.1490676,180.0,line-c-e26,33.2023579,-116.1488780,180.0,line-c-e27,33.2025172,-116.1486884,180.0,2026-08-19T18:34:12Z,dipole-dipole,1,6,1.258,635.7,659.233,7.943,0.02708,0.00092,0.04168;0.04375;0.03376;0.03453;0.03120;0.02619;0.02264;0.01607;0.01159;0.00837,
line-c-r01247,line-c,line-c-e24,33.2020391,-116.1492572,180.0,line-c-e25,33.2021985,-116.1490676,180.0,line-c-e26,33.2023579,-116.1488780,180.0,line-c-e27,33.2025172,-116.1486884,180.0,2026-08-19T18:34:24Z,dipole-dipole,1,6,1.272,628.8,258.289,8.486,0.01230,0.00097,0.01870;0.01728;0.01467;0.01563;0.01349;0.01218;0.00961;0.00895;0.00601;0.00499,
line-c-r01248,line-c,line-c-e24,33.2020391,-116.1492572,180.0,line-c-e25,33.2021985,-116.1490676,180.0,line-c-e27,33.2025172,-116.1486884,180.0,line-c-e28,33.2026766,-116.1484988,180.0,2026-08-19T18:34:36Z,dipole-dipole,2,8,1.572,508.8,201.309,7.822,0.00483,0.00102,0.00800;0.00705;0.00722;0.00633;0.00480;0.00411;0.00369;0.00280;0.00242;0.00160,
line-c-r01249,line-c,line-c-e24,33.2020391,-116.1492572,180.0,line-c-e25,33.2021985,-116.1490676,180.0,line-c-e27,33.2025172,-116.1486884,180.0,line-c-e28,33.2026766,-116.1484988,180.0,2026-08-19T18:34:48Z,dipole-dipole,2,4,1.397,572.8,197.182,9.214,0.00613,0.00093,0.00996;0.00876;0.00816;0.00729;0.00659;0.00582;0.00486;0.00441;0.00325;0.00233,
line-c-r01250,line-c,line-c-e24,33.2020391,-116.1492572,180.0,line-c-e25,33.2021985,-116.1490676,180.0,line-c-e27,33.2025172,-116.1486884,180.0,line-c-e28,33.2026766,-116.1484988,180.0,2026-08-19T18:35:00Z,dipole-dipole,2,5,1.115,717.3,196.895,8.310,0.00605,0.00095,0.00901;0.00792;0.00803;0.00746;0.00669;0.00501;0.00494;0.00339;0.00294;0.00235,
line-c-r01251,line-c,line-c-e24,33.2020391,-116.1492572,180.0,line-c-e25,33.2021985,-116.1490676,180.0,line-c-e27,33.2025172,-116.1486884,180.0,line-c-e28,33.2026766,-116.1484988,180.0,2026-08-19T18:35:12Z,dipole-dipole,2,4,1.233,649.1,188.705,7.986,0.00450,0.00115,0.00783;0.00703;0.00618;0.00509;0.00485;0.00423;0.00367;0.00276;0.00218;0.00175,
line-c-r01252,line-c,line-c-e24,33.2020391,-116.1492572,180.0,line-c-e25,33.2021985,-116.1490676,180.0,line-c-e27,33.2025172,-116.1486884,180.0,line-c-e28,33.2026766,-116.1484988,180.0,2026-08-19T18:35:24Z,dipole-dipole,2,8,1.350,592.7,205.904,7.593,0.00469,0.00111,0.00776;0.00715;0.00590;0.00640;0.00478;0.00434;0.00382;0.00296;0.00234;0.00169,
line-c-r01253,line-c,line-c-e24,33.2020391,-116.1492572,180.0,line-c-e25,33.2021985,-116.1490676,180.0,line-c-e27,33.2025172,-116.1486884,180.0,line-c-e28,33.2026766,-116.1484988,180.0,2026-08-19T18:35:36Z,dipole-dipole,2,7,1.534,521.4,195.454,7.129,0.00442,0.00119,0.00664;0.00703;0.00565;0.00523;0.00461;0.00439;0.00377;0.00288;0.00220;0.00150,
line-c-r01254,line-c,line-c-e24,33.2020391,-116.1492572,180.0,line-c-e25,33.2021985,-116.1490676,180.0,line-c-e27,33.2025172,-116.1486884,180.0,line-c-e28,33.2026766,-116.1484988,180.0,2026-08-19T18:35:48Z,dipole-dipole,2,4,1.384,578.0,205.993,7.334,0.00316,0.00106,0.00519;0.00435;0.00428;0.00356;0.00333;0.00277;0.00276;0.00199;0.00147;0.00118,
line-c-r01255,line-c,line-c-e24,33.2020391,-116.1492572,180.0,line-c-e25,33.2021985,-116.1490676,180.0,line-c-e27,33.2025172,-116.1486884,180.0,line-c-e28,33.2026766,-116.1484988,180.0,2026-08-19T18:36:00Z,dipole-dipole,2,8,1.500,533.2,199.398,7.276,0.00438,0.00083,0.00705;0.00579;0.00621;0.00511;0.00466;0.00418;0.00341;0.00272;0.00198;0.00160,
line-c-r01256,line-c,line-c-e24,33.2020391,-116.1492572,180.0,line-c-e25,33.2021985,-116.1490676,180.0,line-c-e28,33.2026766,-116.1484988,180.0,line-c-e29,33.2028360,-116.1483092,180.0,2026-08-19T18:36:12Z,dipole-dipole,3,7,1.210,661.0,199.608,5.089,0.00294,0.00115,0.00524;0.00450;0.00401;0.00361;0.00310;0.00298;0.00257;0.00189;0.00143;0.00100,
line-c-r01257,line-c,line-c-e24,33.2020391,-116.1492572,180.0,line-c-e25,33.2021985,-116.1490676,180.0,line-c-e28,33.2026766,-116.1484988,180.0,line-c-e29,33.2028360,-116.1483092,180.0,2026-08-19T18:36:24Z,dipole-dipole,3,6,1.554,514.8,215.144,5.697,0.00424,0.00097,0.00684;0.00619;0.00631;0.00589;0.00492;0.00392;0.00352;0.00286;0.00190;0.00135,
line-c-r01258,line-c,line-c-e24,33.2020391,-116.1492572,180.0,line-c-e25,33.2021985,-116.1490676,180.0,line-c-e28,33.2026766,-116.1484988,180.0,line-c-e29,33.2028360,-116.1483092,180.0,2026-08-19T18:36:36Z,dipole-dipole,3,6,1.661,481.7,195.858,5.215,0.00644,0.00133,0.01083;0.00955;0.00955;0.00741;0.00690;0.00580;0.00503;0.00387;0.00306;0.00220,
line-c-r01259,line-c,line-c-e24,33.2020391,-116.1492572,180.0,line-c-e25,33.2021985,-116.1490676,180.0,line-c-e28,33.2026766,-116.1484988,180.0,line-c-e29,33.2028360,-116.1483092,180.0,2026-08-19T18:36:48Z,dipole-dipole,3,5,1.212,659.8,203.898,7.923,0.00467,0.01264,0.00738;0.00630;0.00685;0.00612;0.00501;0.00405;0.00388;0.00336;0.00229;0.00155,
line-c-r01260,line-c,line-c-e24,33.2020391,-116.1492572,180.0,line-c-e25,33.2021985,-116.1490676,180.0,line-c-e28,33.2026766,-116.1484988,180.0,line-c-e29,33.2028360,-116.1483092,180.0,2026-08-19T18:37:00Z,dipole-dipole,3,8,1.370,583.8,191.564,6.202,0.00312,0.00108,0.00570;0.00446;0.00415;0.00371;0.00321;0.00289;0.00228;0.00204;0.00143;0.00117,
line-c-r01261,line-c,line-c-e24,33.2020391,-116.1492572,180.0,line-c-e25,33.2021985,-116.1490676,180.0,line-c-e28,33.2026766,-116.1484988,180.0,line-c-e29,33.2028360,-116.1483092,180.0,2026-08-19T18:37:12Z,dipole-dipole,3,6,1.570,509.5,203.225,7.343,0.00518,0.00108,0.00853;0.00750;0.00781;0.00611;0.00537;0.00487;0.00402;0.00373;0.00247;0.00184,
line-c-r01262,line-c,line-c-e24,33.2020391,-116.1492572,180.0,line-c-e25,33.2021985,-116.1490676,180.0,line-c-e28,33.2026766,-116.1484988,180.0,line-c-e29,33.2028360,-116.1483092,180.0,2026-08-19T18:37:24Z,dipole-dipole,3,4,1.362,587.3,198.927,6.326,0.00309,0.00096,0.00478;0.00477;0.00407;0.00396;0.00363;0.00301;0.00242;0.00198;0.00134;0.00108,
line-c-r01263,line-c,line-c-e24,33.2020391,-116.1492572,180.0,line-c-e25,33.2021985,-116.1490676,180.0,line-c-e29,33.2028360,-116.1483092,180.0,line-c-e30,33.2029954,-116.1481196,180.0,2026-08-19T18:37:36Z,dipole-dipole,4,6,1.778,449.9,199.939,5.934,0.00586,0.00111,0.00943;0.00778;0.00749;0.00782;0.00690;0.00562;0.00439;0.00366;0.00291;0.00206,
line-c-r01264,line-c,line-c-e24,33.2020391,-116.1492572,180.0,line-c-e25,33.2021985,-116.1490676,180.0,line-c-e29,33.2028360,-116.1483092,180.0,line-c-e30,33.2029954,-116.1481196,180.0,2026-08-19T18:37:48Z,dipole-dipole,4,8,1.399,571.8,184.180,7.495,0.00562,0.00116,0.00804;0.00791;0.00801;0.00835;0.00520;0.00478;0.00484;0.00367;0.00272;0.00199,
line-c-r01265,line-c,line-c-e24,33.2020391,-116.1492572,180.0,line-c-e25,33.2021985,-116.1490676,180.0,line-c-e29,33.2028360,-116.1483092,180.0,line-c-e30,33.2029954,-116.1481196,180.0,2026-08-19T18:38:00Z,dipole-dipole,4,4,1.654,483.7,193.307,6.842,0.00475,0.00098,0.00785;0.00608;0.00682;0.00514;0.00555;0.00428;0.00355;0.00308;0.00233;0.00171,
line-c-r01266,line-c,line-c-e24,33.2020391,-116.1492572,180.0,line-c-e25,33.2021985,-116.1490676,180.0,line-c-e29,33.2028360,-116.1483092,180.0,line-c-e30,33.2029954,-116.1481196,180.0,2026-08-19T18:38:12Z,dipole-dipole,4,4,1.858,430.5,200.732,7.228,0.00473,0.00130,0.00873;0.00707;0.00698;0.00563;0.00489;0.00478;0.00417;0.00292;0.00234;0.00198,
line-c-r01267,line-c,line-c-e24,33.2020391,-116.1492572,180.0,line-c-e25,33.2021985,-116.1490676,180.0,line-c-e29,33.2028360,-116.1483092,180.0,line-c-e30,33.2029954,-116.1481196,180.0,2026-08-19T18:38:24Z,dipole-dipole,4,3,1.265,632.4,189.601,8.123,0.00425,0.00129,0.00635;0.00592;0.00599;0.00571;0.00477;0.00414;0.00313;0.00237;0.00212;0.00147,
line-c-r01268,line-c,line-c-e24,33.2020391,-116.1492572,180.0,line-c-e25,33.2021985,-116.1490676,180.0,line-c-e29,33.2028360,-116.1483092,180.0,line-c-e30,33.2029954,-116.1481196,180.0,2026-08-19T18:38:36Z,dipole-dipole,4,3,1.061,754.0,210.332,8.581,0.00576,0.00090,0.00909;0.00827;0.00710;0.00781;0.00619;0.00534;0.00451;0.00387;0.00288;0.00194,
line-c-r01269,line-c,line-c-e25,33.2021985,-116.1490676,180.0,line-c-e26,33.2023579,-116.1488780,180.0,line-c-e27,33.2025172,-116.1486884,180.0,line-c-e28,33.2026766,-116.1484988,180.0,2026-08-19T18:38:48Z,dipole-dipole,1,7,0.050,21904.8,321.564,9.081,0.01310,0.00105,0.02018;0.02178;0.01780;0.01560;0.01484;0.01264;0.01096;0.00786;0.00707;0.00421,
line-c-r01270,line-c,line-c-e25,33.2021985,-116.1490676,180.0,line-c-e26,33.2023579,-116.1488780,180.0,line-c-e27,33.2025172,-116.1486884,180.0,line-c-e28,33.2026766,-116.1484988,180.0,2026-08-19T18:39:00Z,dipole-dipole,1,4,0.050,18557.6,234.470,7.514,0.00345,0.00122,0.00503;0.00459;0.00470;0.00430;0.00365;0.00309;0.00312;0.00206;0.00165;0.00126,
line-c-r01271,line-c,line-c-e25,33.2021985,-116.1490676,180.0,line-c-e26,33.2023579,-116.1488780,180.0,line-c-e27,33.2025172,-116.1486884,180.0,line-c-e28,33.2026766,-116.1484988,180.0,2026-08-19T18:39:12Z,dipole-dipole,1,7,0.050,18698.8,156.721,10.819,0.00728,0.00121,0.01013;0.01028;0.01032;0.00985;0.00837;0.00677;0.00518;0.00478;0.00351;0.00233,
line-c-r01272,line-c,line-c-e25,33.2021985,-116.1490676,180.0,line-c-e26,33.2023579,-116.1488780,180.0,line-c-e27,33.2025172,-116.1486884,180.0,line-c-e28,33.2026766,-116.1484988,180.0,2026-08-19T18:39:24Z,dipole-dipole,1,6,0.050,16567.5,236.056,8.222,0.00372,0.00123,0.00572;0.00520;0.00520;0.00451;0.00420;0.00389;0.00297;0.00244;0.00158;0.00131,
line-c-r01273,line-c,line-c-e25,33.2021985,-116.1490676,180.0,line-c-e26,33.2023579,-116.1488780,180.0,line-c-e27,33.2025172,-116.1486884,180.0,line-c-e28,33.2026766,-116.1484988,180.0,2026-08-19T18:39:36Z,dipole-dipole,1,8,0.055,14477.1,62.608,8.112,0.00557,0.00078,0.00838;0.00870;0.00794;0.00645;0.00624;0.00510;0.00420;0.00364;0.00261;0.00179,
line-c-r01274,line-c,line-c-e25,33.2021985,-116.1490676,180.0,line-c-e26,33.2023579,-116.1488780,180.0,line-c-e27,33.2025172,-116.1486884,180.0,line-c-e28,33.2026766,-116.1484988,180.0,2026-08-19T18:39:48Z,dipole-dipole,1,5,0.057,13970.9,404.607,8.060,0.01216,0.00115,0.01764;0.01740;0.01736;0.01480;0.01257;0.01154;0.01065;0.00832;0.00585;0.00461,
line-c-r01275,line-c,line-c-e25,33.2021985,-116.1490676,180.0,line-c-e26,33.2023579,-116.1488780,180.0,line-c-e27,33.2025172,-116.1486884,180.0,line-c-e28,33.2026766,-116.1484988,180.0,2026-08-19T18:40:00Z,dipole-dipole,1,5,0.052,15403.9,126.877,9.408,0.00462,0.00108,0.00674;0.00667;0.00666;0.00597;0.00520;0.00484;0.00379;0.00308;0.00248;0.00161,
line-c-r01276,line-c,line-c-e25,33.2021985,-116.1490676,180.0,line-c-e26,33.2023579,-116.1488780,180.0,line-c-e27,33.2025172,-116.1486884,180.0,line-c-e28,33.2026766,-116.1484988,180.0,2026-08-19T18:40:12Z,dipole-dipole,1,6,0.050,20598.0,131.810,8.412,0.00328,0.00120,0.00537;0.00455;0.00435;0.00380;0.00339;0.00320;0.00265;0.00210;0.00166;0.00118,
line-c-r01277,line-c,line-c-e25,33.2021985,-116.1490676,180.0,line-c-e26,33.2023579,-116.1488780,180.0,line-c-e28,33.2026766,-116.1484988,180.0,line-c-e29,33.2028360,-116.1483092,180.0,2026-08-19T18:40:24Z,dipole-dipole,2,3,0.056,14336.2,274.190,6.039,0.00740,0.00093,0.01115;0.01073;0.01018;0.00981;0.00808;0.00706;0.00606;0.00440;0.00416;0.00252,
line-c-r01278,line-c,line-c-e25,33.2021985,-116.1490676,180.0,line-c-e26,33.2023579,-116.1488780,180.0,line-c-e28,33.2026766,-116.1484988,180.0,line-c-e29,33.2028360,-116.1483092,180.0,2026-08-19T18:40:36Z,dipole-dipole,2,6,0.066,12102.5,684.931,8.270,0.00249,0.00101,0.00378;0.00369;0.00303;0.00368;0.00251;0.00236;0.00196;0.00159;0.00120;0.00087,
line-c-r01279,line-c,line-c-e25,33.2021985,-116.1490676,180.0,line-c-e26,33.2023579,-116.1488780,180.0,line-c-e28,33.2026766,-116.1484988,180.0,line-c-e29,33.2028360,-116.1483092,180.0,2026-08-19T18:40:48Z,dipole-dipole,2,4,0.050,16250.4,75.418,6.740,0.00294,0.00097,0.00467;0.00459;0.00416;0.00344;0.00301;0.00277;0.00231;0.00182;0.00147;0.00095,
line-c-r01280,line-c,line-c-e25,33.2021985,-116.1490676,180.0,line-c-e26,33.2023579,-116.1488780,180.0,line-c-e28,33.2026766,-116.1484988,180.0,line-c-e29,33.2028360,-116.1483092,180.0,2026-08-19T18:41:00Z,dipole-dipole,2,6,0.050,22422.2,116.754,8.203,0.00146,0.00129,0.00233;0.00231;0.00186;0.00184;0.00164;0.00140;0.00112;0.00093;0.00065;0.00052,
line-c-r01281,line-c,line-c-e25,33.2021985,-116.1490676,180.0,line-c-e26,33.2023579,-116.1488780,180.0,line-c-e28,33.2026766,-116.1484988,180.0,line-c-e29,33.2028360,-116.1483092,180.0,2026-08-19T18:41:12Z,dipole-dipole,2,8,0.050,19043.0,286.428,8.344,0.00309,0.00111,0.00505;0.00490;0.00396;0.00363;0.00354;0.00282;0.00230;0.00202;0.00172;0.00104,
line-c-r01282,line-c,line-c-e25,33.2021985,-116.1490676,180.0,line-c-e26,33.2023579,-116.1488780,180.0,line-c-e28,33.2026766,-116.1484988,180.0,line-c-e29,33.2028360,-116.1483092,180.0,2026-08-19T18:41:24Z,dipole-dipole,2,5,0.050,20628.9,287.406,7.570,0.00762,0.00091,0.01331;0.01025;0.01165;0.00943;0.00836;0.00793;0.00577;0.00472;0.00385;0.00270,
line-c-r01283,line-c,line-c-e25,33.2021985,-116.1490676,180.0,line-c-e26,33.2023579,-116.1488780,180.0,line-c-e28,33.2026766,-116.1484988,180.0,line-c-e29,33.2028360,-116.1483092,180.0,2026-08-19T18:41:36Z,dipole-dipole,2,8,0.050,16845.4,245.487,7.975,0.00239,0.00102,0.00369;0.00357;0.00309;0.00288;0.00273;0.00217;0.00186;0.00150;0.00114;0.00075,
line-c-r01284,line-c,line-c-e25,33.2021985,-116.1490676,180.0,line-c-e26,33.2023579,-116.1488780,180.0,line-c-e28,33.2026766,-116.1484988,180.0,line-c-e29,33.2028360,-116.1483092,180.0,2026-08-19T18:41:48Z,dipole-dipole,2,3,0.050,17902.1,279.666,7.522,0.00963,0.00107,0.01399;0.01622;0.01329;0.01161;0.01200;0.00891;0.00826;0.00551;0.00448;0.00325,
line-c-r01285,line-c,line-c-e25,33.2021985,-116.1490676,180.0,line-c-e26,33.2023579,-116.1488780,180.0,line-c-e29,33.2028360,-116.1483092,180.0,line-c-e30,33.2029954,-116.1481196,180.0,2026-08-19T18:42:00Z,dipole-dipole,3,7,0.059,13650.9,86.470,10.032,0.00518,0.00098,0.00891;0.00826;0.00663;0.00656;0.00567;0.00460;0.00462;0.00345;0.00240;0.00177,
line-c-r01286,line-c,line-c-e25,33.2021985,-116.1490676,180.0,line-c-e26,33.2023579,-116.1488780,180.0,line-c-e29,33.2028360,-116.1483092,180.0,line-c-e30,33.2029954,-116.1481196,180.0,2026-08-19T18:42:12Z,dipole-dipole,3,7,0.056,14369.3,172.845,7.255,0.00099,0.00100,0.00150;0.00141;0.00127;0.00134;0.00102;0.00092;0.00071;0.00064;0.00049;0.00034,
line-c-r01287,line-c,line-c-e25,33.2021985,-116.1490676,180.0,line-c-e26,33.2023579,-116.1488780,180.0,line-c-e29,33.2028360,-116.1483092,180.0,line-c-e30,33.2029954,-116.1481196,180.0,2026-08-19T18:42:24Z,dipole-dipole,3,4,0.050,19282.3,241.418,8.305,0.01435,0.00088,0.02038;0.02180;0.01794;0.01726;0.01559;0.01491;0.01255;0.00844;0.00704;0.00562,
line-c-r01288,line-c,line-c-e25,33.2021985,-116.1490676,180.0,line-c-e26,33.2023579,-116.1488780,180.0,line-c-e29,33.2028360,-116.1483092,180.0,line-c-e30,33.2029954,-116.1481196,180.0,2026-08-19T18:42:36Z,dipole-dipole,3,4,0.050,15945.5,327.734,8.170,0.01272,0.00103,0.01949;0.02016;0.01885;0.01545;0.01427;0.01133;0.01055;0.00774;0.00702;0.00497,
line-c-r01289,line-c,line-c-e25,33.2021985,-116.1490676,180.0,line-c-e26,33.2023579,-116.1488780,180.0,line-c-e29,33.2028360,-116.1483092,180.0,line-c-e30,33.2029954,-116.1481196,180.0,2026-08-19T18:42:48Z,dipole-dipole,3,3,0.050,20542.2,196.765,6.836,0.01223,0.00147,0.01957;0.01984;0.01815;0.01483;0.01371;0.01203;0.00988;0.00774;0.00614;0.00448,
line-c-r01290,line-c,line-c-e25,33.2021985,-116.1490676,180.0,line-c-e26,33.2023579,-116.1488780,180.0,line-c-e29,33.2028360,-116.1483092,180.0,line-c-e30,33.2029954,-116.1481196,180.0,2026-08-19T18:43:00Z,dipole-dipole,3,7,0.050,17924.1,121.549,8.505,0.00540,0.00108,0.00892;0.00815;0.00759;0.00592;0.00601;0.00559;0.00467;0.00336;0.00263;0.00199,
line-c-r01291,line-c,line-c-e25,33.2021985,-116.1490676,180.0,line-c-e26,33.2023579,-116.1488780,180.0,line-c-e29,33.2028360,-116.1483092,180.0,line-c-e30,33.2029954,-116.1481196,180.0,2026-08-19T18:43:12Z,dipole-dipole,3,6,0.053,15234.7,348.874,6.357,0.01118,0.00117,0.01826;0.01604;0.01724;0.01321;0.01195;0.00949;0.00860;0.00684;0.00538;0.00416,
line-c-r01292,line-c,line-c-e26,33.2023579,-116.1488780,180.0,line-c-e27,33.2025172,-116.1486884,180.0,line-c-e28,33.2026766,-116.1484988,180.0,line-c-e29,33.2028360,-116.1483092,180.0,2026-08-19T18:43:24Z,dipole-dipole,1,6,0.060,13440.6,329.464,6.733,0.00842,0.00134,0.01293;0.01188;0.01264;0.01060;0.00927;0.00718;0.00644;0.00540;0.00449;0.00281,
line-c-r01293,line-c,line-c-e26,33.2023579,-116.1488780,180.0,line-c-e27,33.2025172,-116.1486884,180.0,line-c-e28,33.2026766,-116.1484988,180.0,line-c-e29,33.2028360,-116.1483092,180.0,2026-08-19T18:43:36Z,dipole-dipole,1,6,0.052,15479.8,88.695,7.382,0.00915,0.00101,0.01353;0.01356;0.01165;0.01161;0.00881;0.00871;0.00745;0.00549;0.00525;0.00299,
line-c-r01294,line-c,line-c-e26,33.2023579,-116.1488780,180.0,line-c-e27,33.2025172,-116.1486884,180.0,line-c-e28,33.2026766,-116.1484988,180.0,line-c-e29,33.2028360,-116.1483092,180.0,2026-08-19T18:43:48Z,dipole-dipole,1,8,0.050,21166.7,104.925,8.419,0.00958,0.00085,0.01619;0.01398;0.01224;0.01210;0.01075;0.00941;0.00693;0.00575;0.00434;0.00304,
line-c-r01295,line-c,line-c-e26,33.2023579,-116.1488780,180.0,line-c-e27,33.2025172,-116.1486884,180.0,line-c-e28,33.2026766,-116.1484988,180.0,line-c-e29,33.2028360,-116.1483092,180.0,2026-08-19T18:44:00Z,dipole-dipole,1,4,0.050,20822.4,132.517,8.561,0.01973,0.00093,0.03138;0.02807;0.02695;0.02548;0.02593;0.01902;0.01557;0.01304;0.01009;0.00673,
line-c-r01296,line-c,line-c-e26,33.2023579,-116.1488780,180.0,line-c-e27,33.2025172,-116.1486884,180.0,line-c-e28,33.2026766,-116.1484988,180.0,line-c-e29,33.2028360,-116.1483092,180.0,2026-08-19T18:44:12Z,dipole-dipole,1,7,0.050,24793.2,88.321,8.361,0.00173,0.00094,0.00275;0.00249;0.00224;0.00198;0.00183;0.00159;0.00149;0.00129;0.00084;0.00063,
line-c-r01297,line-c,line-c-e26,33.2023579,-116.1488780,180.0,line-c-e27,33.2025172,-116.1486884,180.0,line-c-e28,33.2026766,-116.1484988,180.0,line-c-e29,33.2028360,-116.1483092,180.0,2026-08-19T18:44:24Z,dipole-dipole,1,7,0.057,14070.5,204.026,9.095,0.00290,0.00120,0.00467;0.00459;0.00376;0.00334;0.00347;0.00266;0.00242;0.00217;0.00141;0.00101,
line-c-r01298,line-c,line-c-e26,33.2023579,-116.1488780,180.0,line-c-e27,33.2025172,-116.1486884,180.0,line-c-e28,33.2026766,-116.1484988,180.0,line-c-e29,33.2028360,-116.1483092,180.0,2026-08-19T18:44:36Z,dipole-dipole,1,5,0.050,16200.5,57.095,7.104,0.00604,0.00128,0.00952;0.00918;0.00811;0.00747;0.00672;0.00547;0.00518;0.00424;0.00326;0.00205,
line-c-r01299,line-c,line-c-e26,33.2023579,-116.1488780,180.0,line-c-e27,33.2025172,-116.1486884,180.0,line-c-e28,33.2026766,-116.1484988,180.0,line-c-e29,33.2028360,-116.1483092,180.0,2026-08-19T18:44:48Z,dipole-dipole,1,4,0.050,20921.7,368.295,9.066,0.00435,0.00121,0.00741;0.00682;0.00615;0.00564;0.00465;0.00397;0.00311;0.00265;0.00197;0.00152,
line-c-r01300,line-c,line-c-e26,33.2023579,-116.1488780,180.0,line-c-e27,33.2025172,-116.1486884,180.0,line-c-e29,33.2028360,-116.1483092,180.0,line-c-e30,33.2029954,-116.1481196,180.0,2026-08-19T18:45:00Z,dipole-dipole,2,6,0.050,21677.3,169.622,9.121,0.00174,0.00132,0.00254;0.00234;0.00232;0.00208;0.00210;0.00174;0.00122;0.00110;0.00094;0.00066,
line-c-r01301,line-c,line-c-e26,33.2023579,-116.1488780,180.0,line-c-e27,33.2025172,-116.1486884,180.0,line-c-e29,33.2028360,-116.1483092,180.0,line-c-e30,33.2029954,-116.1481196,180.0,2026-08-19T18:45:12Z,dipole-dipole,2,3,0.050,19828.3,219.742,7.408,0.00138,0.00130,0.00206;0.00180;0.00183;0.00195;0.00140;0.00144;0.00106;0.00087;0.00067;0.00050,
line-c-r01302,line-c,line-c-e26,33.2023579,-116.1488780,180.0,line-c-e27,33.2025172,-116.1486884,180.0,line-c-e29,33.2028360,-116.1483092,180.0,line-c-e30,33.2029954,-116.1481196,180.0,2026-08-19T18:45:24Z,dipole-dipole,2,7,0.050,20791.2,318.906,8.609,0.00736,0.00098,0.01101;0.01156;0.00928;0.00902;0.00824;0.00740;0.00593;0.00475;0.00369;0.00244,
line-c-r01303,line-c,line-c-e26,33.2023579,-116.1488780,180.0,line-c-e27,33.2025172,-116.1486884,180.0,line-c-e29,33.2028360,-116.1483092,180.0,line-c-e30,33.2029954,-116.1481196,180.0,2026-08-19T18:45:36Z,dipole-dipole,2,3,0.058,13709.5,179.502,7.389,0.01202,0.00087,0.01979;0.01776;0.01650;0.01479;0.01334;0.01129;0.00977;0.00775;0.00575;0.00417,
line-c-r01304,line-c,line-c-e26,33.2023579,-116.1488780,180.0,line-c-e27,33.2025172,-116.1486884,180.0,line-c-e29,33.2028360,-116.1483092,180.0,line-c-e30,33.2029954,-116.1481196,180.0,2026-08-19T18:45:48Z,dipole-dipole,2,6,0.050,18911.7,101.807,9.834,0.02450,0.00111,0.03609;0.04009;0.03500;0.03032;0.02408;0.02309;0.02010;0.01670;0.01080;0.00845,
line-c-r01305,line-c,line-c-e26,33.2023579,-116.1488780,180.0,line-c-e27,33.2025172,-116.1486884,180.0,line-c-e29,33.2028360,-116.1483092,180.0,line-c-e30,33.2029954,-116.1481196,180.0,2026-08-19T18:46:00Z,dipole-dipole,2,4,0.055,14589.0,277.822,7.391,0.00779,0.00131,0.01318;0.01074;0.01135;0.00918;0.00831;0.00741;0.00634;0.00477;0.00407;0.00255,
line-c-r01306,line-c,line-c-e27,33.2025172,-116.1486884,180.0,line-c-e28,33.2026766,-116.1484988,180.0,line-c-e29,33.2028360,-116.1483092,180.0,line-c-e30,33.2029954,-116.1481196,180.0,2026-08-19T18:46:12Z,dipole-dipole,1,7,1.503,532.2,196.178,6.583,0.00427,0.00114,0.00714;0.00647;0.00543;0.00519;0.00451;0.00412;0.00338;0.00267;0.00238;0.00140,
line-c-r00518,line-c,line-c-e27,33.2025172,-116.1486884,180.0,line-c-e28,33.2026766,-116.1484988,180.0,line-c-e29,33.2028360,-116.1483092,180.0,line-c-e30,33.2029954,-116.1481196,180.0,2026-08-19T18:46:24Z,dipole-dipole,1,6,1.904,420.1,199.585,9.608,0.00510,0.00118,0.00798;0.00707;0.00695;0.00629;0.00504;0.00498;0.00438;0.00302;0.00247;0.00191,
line-c-r01308,line-c,line-c-e27,33.2025172,-116.1486884,180.0,line-c-e28,33.2026766,-116.1484988,180.0,line-c-e29,33.2028360,-116.1483092,180.0,line-c-e30,33.2029954,-116.1481196,180.0,2026-08-19T18:46:36Z,dipole-dipole,1,4,1.281,624.7,203.041,7.463,0.00416,0.00121,0.00643;0.00643;0.00507;0.00469;0.00448;0.00414;0.00322;0.00281;0.00203;0.00136,
line-c-r01309,line-c,line-c-e27,33.2025172,-116.1486884,180.0,line-c-e28,33.2026766,-116.1484988,180.0,line-c-e29,33.2028360,-116.1483092,180.0,line-c-e30,33.2029954,-116.1481196,180.0,2026-08-19T18:46:48Z,dipole-dipole,1,4,1.810,442.0,204.995,7.153,0.00434,0.00109,0.00632;0.00683;0.00574;0.00560;0.00474;0.00387;0.00352;0.00300;0.00188;0.00163,
line-c-r01310,line-c,line-c-e27,33.2025172,-116.1486884,180.0,line-c-e28,33.2026766,-116.1484988,180.0,line-c-e29,33.2028360,-116.1483092,180.0,line-c-e30,33.2029954,-116.1481196,180.0,2026-08-19T18:47:00Z,dipole-dipole,1,8,1.370,583.8,213.755,8.548,0.00451,0.00081,0.00740;0.00689;0.00620;0.00582;0.00485;0.00442;0.00359;0.00271;0.00209;0.00163,
line-c-r01311,line-c,line-c-e27,33.2025172,-116.1486884,180.0,line-c-e28,33.2026766,-116.1484988,180.0,line-c-e29,33.2028360,-116.1483092,180.0,line-c-e30,33.2029954,-116.1481196,180.0,2026-08-19T18:47:12Z,dipole-dipole,1,5,1.427,560.7,206.001,7.078,0.00500,0.00111,0.00777;0.00785;0.00732;0.00609;0.00481;0.00495;0.00441;0.00277;0.00242;0.00175,
line-c-r01312,line-c,line-c-e27,33.2025172,-116.1486884,180.0,line-c-e28,33.2026766,-116.1484988,180.0,line-c-e29,33.2028360,-116.1483092,180.0,line-c-e30,33.2029954,-116.1481196,180.0,2026-08-19T18:47:24Z,dipole-dipole,1,8,1.558,513.4,195.838,9.686,0.00427,0.00104,0.00705;0.00642;0.00567;0.00557;0.00497;0.00413;0.00352;0.00308;0.00226;0.00165,
line-c-r01313,line-c,line-c-e21,33.2015609,-116.1498260,180.0,line-c-e22,33.2017203,-116.1496364,180.0,line-c-e30,33.2029954,-116.1481196,180.0,line-c-e31,33.2031548,-116.1479300,180.0,2026-08-19T19:12:36Z,dipole-dipole,8,6,1.079,741.5,206.983,6.699,0.00661,0.00127,0.01023;0.01043;0.00863;0.00831;0.00681;0.00629;0.00511;0.00436;0.00339;0.00245,
line-c-r01314,line-c,line-c-e21,33.2015609,-116.1498260,180.0,line-c-e22,33.2017203,-116.1496364,180.0,line-c-e30,33.2029954,-116.1481196,180.0,line-c-e31,33.2031548,-116.1479300,180.0,2026-08-19T19:12:48Z,dipole-dipole,8,5,1.175,680.6,182.655,331.812,0.00412,0.00114,0.00661;0.00604;0.00566;0.00508;0.00428;0.00420;0.00330;0.00262;0.00204;0.00136,
line-c-r01315,line-c,line-c-e21,33.2015609,-116.1498260,180.0,line-c-e22,33.2017203,-116.1496364,180.0,line-c-e30,33.2029954,-116.1481196,180.0,line-c-e31,33.2031548,-116.1479300,180.0,2026-08-19T19:13:00Z,dipole-dipole,8,4,1.010,791.9,197.992,8.127,0.00461,0.00115,0.00811;0.00607;0.00716;0.00546;0.00498;0.00412;0.00337;0.00277;0.00209;0.00160,
line-c-r01316,line-c,line-c-e21,33.2015609,-116.1498260,180.0,line-c-e22,33.2017203,-116.1496364,180.0,line-c-e30,33.2029954,-116.1481196,180.0,line-c-e31,33.2031548,-116.1479300,180.0,2026-08-19T19:13:12Z,dipole-dipole,8,7,1.064,751.6,214.801,8.022,0.00610,0.00106,0.00938;0.00840;0.00782;0.00710;0.00646;0.00539;0.00467;0.00428;0.00335;0.00220,
line-c-r01317,line-c,line-c-e21,33.2015609,-116.1498260,180.0,line-c-e22,33.2017203,-116.1496364,180.0,line-c-e30,33.2029954,-116.1481196,180.0,line-c-e31,33.2031548,-116.1479300,180.0,2026-08-19T19:13:24Z,dipole-dipole,8,6,1.016,787.3,199.219,5.058,0.00660,0.00100,0.01056;0.01079;0.00990;0.00896;0.00820;0.00598;0.00527;0.00447;0.00335;0.00217,
line-c-r01318,line-c,line-c-e21,33.2015609,-116.1498260,180.0,line-c-e22,33.2017203,-116.1496364,180.0,line-c-e30,33.2029954,-116.1481196,180.0,line-c-e31,33.2031548,-116.1479300,180.0,2026-08-19T19:13:36Z,dipole-dipole,8,3,1.196,668.7,202.169,6.578,0.00486,0.00083,0.00760;0.00758;0.00663;0.00641;0.00524;0.00489;0.00353;0.00296;0.00217;0.00149,
line-c-r01319,line-c,line-c-e21,33.2015609,-116.1498260,180.0,line-c-e22,33.2017203,-116.1496364,180.0,line-c-e30,33.2029954,-116.1481196,180.0,line-c-e31,33.2031548,-116.1479300,180.0,2026-08-19T19:13:48Z,dipole-dipole,8,6,1.160,689.7,204.167,7.493,0.00342,0.00112,0.00539;0.00567;0.00531;0.00410;0.00403;0.00358;0.00267;0.00229;0.00171;0.00128,
line-c-r01320,line-c,line-c-e21,33.2015609,-116.1498260,180.0,line-c-e22,33.2017203,-116.1496364,180.0,line-c-e30,33.2029954,-116.1481196,180.0,line-c-e31,33.2031548,-116.1479300,180.0,2026-08-19T19:14:00Z,dipole-dipole,8,5,1.092,732.4,196.278,8.745,0.00604,0.00100,0.00936;0.00862;0.00908;0.00799;0.00665;0.00570;0.00436;0.00401;0.00276;0.00212,
line-c-r01321,line-c,line-c-e22,33.2017203,-116.1496364,180.0,line-c-e23,33.2018797,-116.1494468,180.0,line-c-e30,33.2029954,-116.1481196,180.0,line-c-e31,33.2031548,-116.1479300,180.0,2026-08-19T19:14:12Z,dipole-dipole,7,3,0.962,831.2,201.700,7.711,0.00435,0.00127,0.00681;0.00607;0.00634;0.00532;0.00526;0.00450;0.00415;0.00266;0.00207;0.00156,
line-c-r01322,line-c,line-c-e22,33.2017203,-116.1496364,180.0,line-c-e23,33.2018797,-116.1494468,180.0,line-c-e30,33.2029954,-116.1481196,180.0,line-c-e31,33.2031548,-116.1479300,180.0,2026-08-19T19:14:24Z,dipole-dipole,7,6,1.227,651.9,202.582,7.223,0.00431,0.00125,0.00677;0.00663;0.00602;0.00506;0.00482;0.00423;0.00342;0.00275;0.00212;0.00169,
line-c-r01323,line-c,line-c-e22,33.2017203,-116.1496364,180.0,line-c-e23,33.2018797,-116.1494468,180.0,line-c-e30,33.2029954,-116.1481196,180.0,line-c-e31,33.2031548,-116.1479300,180.0,2026-08-19T19:14:36Z,dipole-dipole,7,8,1.271,629.3,192.228,6.637,0.00599,0.00079,0.00960;0.00879;0.00800;0.00818;0.00670;0.00543;0.00448;0.00363;0.00255;0.00215,
line-c-r01324,line-c,line-c-e22,33.2017203,-116.1496364,180.0,line-c-e23,33.2018797,-116.1494468,180.0,line-c-e30,33.2029954,-116.1481196,180.0,line-c-e31,33.2031548,-116.1479300,180.0,2026-08-19T19:14:48Z,dipole-dipole,7,5,0.968,826.2,187.684,8.052,0.00398,0.00077,0.00565;0.00620;0.00591;0.00530;0.00421;0.00400;0.00306;0.00261;0.00186;0.00138,
line-c-r01325,line-c,line-c-e22,33.2017203,-116.1496364,180.0,line-c-e23,33.2018797,-116.1494468,180.0,line-c-e30,33.2029954,-116.1481196,180.0,line-c-e31,33.2031548,-116.1479300,180.0,2026-08-19T19:15:00Z,dipole-dipole,7,8,1.027,779.0,202.657,8.043,0.00555,0.00108,0.00886;0.00722;0.00779;0.00692;0.00679;0.00535;0.00403;0.00388;0.00264;0.00202,
line-c-r01326,line-c,line-c-e22,33.2017203,-116.1496364,180.0,line-c-e23,33.2018797,-116.1494468,180.0,line-c-e30,33.2029954,-116.1481196,180.0,line-c-e31,33.2031548,-116.1479300,180.0,2026-08-19T19:15:12Z,dipole-dipole,7,5,1.082,739.3,192.189,7.177,0.00457,0.00110,0.00753;0.00613;0.00592;0.00602;0.00469;0.00460;0.00336;0.00297;0.00211;0.00149,
line-c-r01327,line-c,line-c-e22,33.2017203,-116.1496364,180.0,line-c-e23,33.2018797,-116.1494468,180.0,line-c-e30,33.2029954,-116.1481196,180.0,line-c-e31,33.2031548,-116.1479300,180.0,2026-08-19T19:15:24Z,dipole-dipole,7,3,1.112,719.7,197.959,7.221,0.00529,0.00121,0.00888;0.00798;0.00767;0.00722;0.00628;0.00519;0.00392;0.00342;0.00242;0.00174,
line-c-r01328,line-c,line-c-e22,33.2017203,-116.1496364,180.0,line-c-e23,33.2018797,-116.1494468,180.0,line-c-e30,33.2029954,-116.1481196,180.0,line-c-e31,33.2031548,-116.1479300,180.0,2026-08-19T19:15:36Z,dipole-dipole,7,8,1.002,798.2,204.617,601.876,0.00593,0.00129,0.00946;0.00843;0.00771;0.00694;0.00651;0.00546;0.00458;0.00395;0.00310;0.00215,
line-c-r01329,line-c,line-c-e22,33.2017203,-116.1496364,180.0,line-c-e23,33.2018797,-116.1494468,180.0,line-c-e31,33.2031548,-116.1479300,180.0,line-c-e32,33.2033142,-116.1477404,180.0,2026-08-19T19:15:48Z,dipole-dipole,8,8,1.260,634.9,188.610,6.882,0.00284,0.00127,0.00415;0.00422;0.00380;0.00344;0.00317;0.00296;0.00210;0.00186;0.00132;0.00095,
line-c-r01330,line-c,line-c-e22,33.2017203,-116.1496364,180.0,line-c-e23,33.2018797,-116.1494468,180.0,line-c-e31,33.2031548,-116.1479300,180.0,line-c-e32,33.2033142,-116.1477404,180.0,2026-08-19T19:16:00Z,dipole-dipole,8,3,1.470,544.2,202.697,8.175,0.00605,0.00134,0.01011;0.00844;0.00848;0.00739;0.00637;0.00579;0.00485;0.00358;0.00284;0.00221,
line-c-r01331,line-c,line-c-e22,33.2017203,-116.1496364,180.0,line-c-e23,33.2018797,-116.1494468,180.0,line-c-e31,33.2031548,-116.1479300,180.0,line-c-e32,33.2033142,-116.1477404,180.0,2026-08-19T19:16:12Z,dipole-dipole,8,6,1.339,597.6,190.481,6.399,0.00483,0.00097,0.00706;0.00793;0.00589;0.00530;0.00597;0.00435;0.00387;0.00304;0.00240;0.00154,
line-c-r01332,line-c,line-c-e22,33.2017203,-116.1496364,180.0,line-c-e23,33.2018797,-116.1494468,180.0,line-c-e31,33.2031548,-116.1479300,180.0,line-c-e32,33.2033142,-116.1477404,180.0,2026-08-19T19:16:24Z,dipole-dipole,8,7,1.543,518.5,209.456,8.865,0.00435,0.00087,0.00689;0.00631;0.00605;0.00581;0.00475;0.00446;0.00331;0.00312;0.00209;0.00153,
line-c-r01333,line-c,line-c-e22,33.2017203,-116.1496364,180.0,line-c-e23,33.2018797,-116.1494468,180.0,line-c-e31,33.2031548,-116.1479300,180.0,line-c-e32,33.2033142,-116.1477404,180.0,2026-08-19T19:16:36Z,dipole-dipole,8,8,1.501,532.9,211.326,6.512,0.00526,0.00093,0.00782;0.00698;0.00741;0.00647;0.00668;0.00493;0.00377;0.00323;0.00247;0.00170,
line-c-r01334,line-c,line-c-e22,33.2017203,-116.1496364,180.0,line-c-e23,33.2018797,-116.1494468,180.0,line-c-e31,33.2031548,-116.1479300,180.0,line-c-e32,33.2033142,-116.1477404,180.0,2026-08-19T19:16:48Z,dipole-dipole,8,5,1.198,667.8,203.691,6.268,0.00631,0.00125,0.00944;0.00998;0.00950;0.00825;0.00695;0.00628;0.00535;0.00387;0.00297;0.00207,
line-c-r01335,line-c,line-c-e23,33.2018797,-116.1494468,180.0,line-c-e24,33.2020391,-116.1492572,180.0,line-c-e30,33.2029954,-116.1481196,180.0,line-c-e31,33.2031548,-116.1479300,180.0,2026-08-19T19:17:00Z,dipole-dipole,6,4,1.371,583.4,184.581,7.702,0.00440,0.00100,0.00636;0.00686;0.00653;0.00510;0.00517;0.00407;0.00335;0.00281;0.00220;0.00154,
line-c-r01336,line-c,line-c-e23,33.2018797,-116.1494468,180.0,line-c-e24,33.2020391,-116.1492572,180.0,line-c-e30,33.2029954,-116.1481196,180.0,line-c-e31,33.2031548,-116.1479300,180.0,2026-08-19T19:17:12Z,dipole-dipole,6,7,1.496,534.7,206.999,6.184,0.00307,0.00114,0.00508;0.00440;0.00427;0.00382;0.00326;0.00296;0.00268;0.00207;0.00131;0.00107,
line-c-r01337,line-c,line-c-e23,33.2018797,-116.1494468,180.0,line-c-e24,33.2020391,-116.1492572,180.0,line-c-e30,33.2029954,-116.1481196,180.0,line-c-e31,33.2031548,-116.1479300,180.0,2026-08-19T19:17:24Z,dipole-dipole,6,4,1.711,467.5,200.954,6.542,0.00539,0.00098,0.00870;0.00791;0.00754;0.00689;0.00578;0.00539;0.00459;0.00353;0.00252;0.00190,
line-c-r01338,line-c,line-c-e23,33.2018797,-116.1494468,180.0,line-c-e24,33.2020391,-116.1492572,180.0,line-c-e30,33.2029954,-116.1481196,180.0,line-c-e31,33.2031548,-116.1479300,180.0,2026-08-19T19:17:36Z,dipole-dipole,6,6,1.566,510.7,206.050,7.253,0.00706,0.00109,0.01069;0.01001;0.00955;0.00818;0.00851;0.00634;0.00531;0.00476;0.00417;0.00303,
line-c-r01339,line-c,line-c-e23,33.2018797,-116.1494468,180.0,line-c-e24,33.2020391,-116.1492572,180.0,line-c-e30,33.2029954,-116.1481196,180.0,line-c-e31,33.2031548,-116.1479300,180.0,2026-08-19T19:17:48Z,dipole-dipole,6,8,1.104,724.4,193.953,6.239,0.00352,0.00098,0.00561;0.00443;0.00462;0.00448;0.00386;0.00341;0.00262;0.00189;0.00209;0.00138,
line-c-r01340,line-c,line-c-e23,33.2018797,-116.1494468,180.0,line-c-e24,33.2020391,-116.1492572,180.0,line-c-e30,33.2029954,-116.1481196,180.0,line-c-e31,33.2031548,-116.1479300,180.0,2026-08-19T19:18:00Z,dipole-dipole,6,7,1.019,785.4,192.342,8.463,0.00372,0.00106,0.00640;0.00523;0.00468;0.00473;0.00365;0.00376;0.00273;0.00239;0.00192;0.00130,
line-c-r01341,line-c,line-c-e23,33.2018797,-116.1494468,180.0,line-c-e24,33.2020391,-116.1492572,180.0,line-c-e30,33.2029954,-116.1481196,180.0,line-c-e31,33.2031548,-116.1479300,180.0,2026-08-19T19:18:12Z,dipole-dipole,6,5,0.973,821.9,195.284,9.645,0.00235,0.00076,0.00353;0.00330;0.00298;0.00300;0.00244;0.00218;0.00179;0.00149;0.00113;0.00078,
line-c-r01342,line-c,line-c-e23,33.2018797,-116.1494468,180.0,line-c-e24,33.2020391,-116.1492572,180.0,line-c-e31,33.2031548,-116.1479300,180.0,line-c-e32,33.2033142,-116.1477404,180.0,2026-08-19T19:18:24Z,dipole-dipole,7,4,1.032,775.1,202.614,6.342,0.00558,0.00139,0.00767;0.00835;0.00803;0.00666;0.00674;0.00595;0.00391;0.00351;0.00253;0.00214,
line-c-r01343,line-c,line-c-e23,33.2018797,-116.1494468,180.0,line-c-e24,33.2020391,-116.1492572,180.0,line-c-e31,33.2031548,-116.1479300,180.0,line-c-e32,33.2033142,-116.1477404,180.0,2026-08-19T19:18:36Z,dipole-dipole,7,7,1.223,654.0,201.840,9.424,0.00411,0.00125,0.00664;0.00626;0.00609;0.00517;0.00439;0.00435;0.00329;0.00258;0.00204;0.00139,
line-c-r01344,line-c,line-c-e23,33.2018797,-116.1494468,180.0,line-c-e24,33.2020391,-116.1492572,180.0,line-c-e31,33.2031548,-116.1479300,180.0,line-c-e32,33.2033142,-116.1477404,180.0,2026-08-19T19:18:48Z,dipole-dipole,7,5,0.907,882.5,198.461,6.040,0.00377,0.00129,0.00599;0.00583;0.00512;0.00462;0.00426;0.00341;0.00314;0.00252;0.00182;0.00138,
line-c-r01345,line-c,line-c-e23,33.2018797,-116.1494468,180.0,line-c-e24,33.2020391,-116.1492572,180.0,line-c-e31,33.2031548,-116.1479300,180.0,line-c-e32,33.2033142,-116.1477404,180.0,2026-08-19T19:19:00Z,dipole-dipole,7,6,1.157,691.5,210.296,6.867,0.00288,0.00087,0.00414;0.00427;0.00396;0.00351;0.00327;0.00271;0.00227;0.00178;0.00139;0.00090,
line-c-r01346,line-c,line-c-e23,33.2018797,-116.1494468,180.0,line-c-e24,33.2020391,-116.1492572,180.0,line-c-e31,33.2031548,-116.1479300,180.0,line-c-e32,33.2033142,-116.1477404,180.0,2026-08-19T19:19:12Z,dipole-dipole,7,5,1.356,590.0,181.395,8.328,0.00536,0.01375,0.00857;0.00784;0.00751;0.00627;0.00527;0.00490;0.00399;0.00381;0.00271;0.00184,
line-c-r01347,line-c,line-c-e23,33.2018797,-116.1494468,180.0,line-c-e24,33.2020391,-116.1492572,180.0,line-c-e31,33.2031548,-116.1479300,180.0,line-c-e32,33.2033142,-116.1477404,180.0,2026-08-19T19:19:24Z,dipole-dipole,7,3,1.018,785.8,209.233,7.850,0.00589,0.00082,0.00835;0.00798;0.00809;0.00793;0.00591;0.00577;0.00488;0.00406;0.00257;0.00224,
line-c-r01348,line-c,line-c-e23,33.2018797,-116.1494468,180.0,line-c-e24,33.2020391,-116.1492572,180.0,line-c-e31,33.2031548,-116.1479300,180.0,line-c-e32,33.2033142,-116.1477404,180.0,2026-08-19T19:19:36Z,dipole-dipole,7,7,1.326,603.2,207.087,8.768,0.00358,0.00090,0.00487;0.00509;0.00534;0.00424;0.00379;0.00319;0.00287;0.00228;0.00158;0.00121,
line-c-r01349,line-c,line-c-e23,33.2018797,-116.1494468,180.0,line-c-e24,33.2020391,-116.1492572,180.0,line-c-e32,33.2033142,-116.1477404,180.0,line-c-e33,33.2034736,-116.1475508,180.0,2026-08-19T19:19:48Z,dipole-dipole,8,6,0.954,839.0,209.355,7.123,0.00361,0.00098,0.00565;0.00530;0.00506;0.00444;0.00357;0.00350;0.00334;0.00229;0.00170;0.00139,
line-c-r01350,line-c,line-c-e23,33.2018797,-116.1494468,180.0,line-c-e24,33.2020391,-116.1492572,180.0,line-c-e32,33.2033142,-116.1477404,180.0,line-c-e33,33.2034736,-116.1475508,180.0,2026-08-19T19:20:00Z,dipole-dipole,8,7,1.253,638.5,207.854,9.883,0.00328,0.00108,0.00473;0.00449;0.00469;0.00422;0.00339;0.00306;0.00249;0.00233;0.00164;0.00112,
line-c-r01351,line-c,line-c-e23,33.2018797,-116.1494468,180.0,line-c-e24,33.2020391,-116.1492572,180.0,line-c-e32,33.2033142,-116.1477404,180.0,line-c-e33,33.2034736,-116.1475508,180.0,2026-08-19T19:20:12Z,dipole-dipole,8,4,1.240,644.9,196.492,7.410,0.00397,0.00134,0.00585;0.00566;0.00456;0.00499;0.00414;0.00389;0.00313;0.00214;0.00200;0.00134,
line-c-r01352,line-c,line-c-e23,33.2018797,-116.1494468,180.0,line-c-e24,33.2020391,-116.1492572,180.0,line-c-e32,33.2033142,-116.1477404,180.0,line-c-e33,33.2034736,-116.1475508,180.0,2026-08-19T19:20:24Z,dipole-dipole,8,5,1.031,776.0,203.393,7.752,0.00431,0.00104,0.00659;0.00671;0.00583;0.00507;0.00480;0.00435;0.00295;0.00282;0.00224;0.00169,
line-c-r01353,line-c,line-c-e23,33.2018797,-116.1494468,180.0,line-c-e24,33.2020391,-116.1492572,180.0,line-c-e32,33.2033142,-116.1477404,180.0,line-c-e33,33.2034736,-116.1475508,180.0,2026-08-19T19:20:36Z,dipole-dipole,8,6,1.331,601.3,193.666,7.666,0.00268,0.00100,0.00420;0.00403;0.00328;0.00317;0.00293;0.00277;0.00205;0.00163;0.00121;0.00105,
line-c-r01354,line-c,line-c-e23,33.2018797,-116.1494468,180.0,line-c-e24,33.2020391,-116.1492572,180.0,line-c-e32,33.2033142,-116.1477404,180.0,line-c-e33,33.2034736,-116.1475508,180.0,2026-08-19T19:20:48Z,dipole-dipole,8,3,1.520,526.4,203.839,6.751,0.00602,0.00107,0.00939;0.00834;0.00845;0.00762;0.00631;0.00610;0.00482;0.00417;0.00279;0.00226,
line-c-r01355,line-c,line-c-e23,33.2018797,-116.1494468,180.0,line-c-e24,33.2020391,-116.1492572,180.0,line-c-e32,33.2033142,-116.1477404,180.0,line-c-e33,33.2034736,-116.1475508,180.0,2026-08-19T19:21:00Z,dipole-dipole,8,4,1.382,578.8,200.324,6.117,0.00417,0.00126,0.00623;0.00600;0.00557;0.00536;0.00437;0.00410;0.00335;0.00250;0.00191;0.00162,
line-c-r01356,line-c,line-c-e23,33.2018797,-116.1494468,180.0,line-c-e24,33.2020391,-116.1492572,180.0,line-c-e32,33.2033142,-116.1477404,180.0,line-c-e33,33.2034736,-116.1475508,180.0,2026-08-19T19:21:12Z,dipole-dipole,8,3,1.409,567.8,203.760,7.040,0.00426,0.00119,0.00736;0.00603;0.00636;0.00518;0.00497;0.00396;0.00311;0.00279;0.00219;0.00149,
line-c-r01357,line-c,line-c-e24,33.2020391,-116.1492572,180.0,line-c-e25,33.2021985,-116.1490676,180.0,line-c-e30,33.2029954,-116.1481196,180.0,line-c-e31,33.2031548,-116.1479300,180.0,2026-08-19T19:21:24Z,dipole-dipole,5,8,1.458,548.5,191.125,9.045,0.00432,0.00097,0.00690;0.00728;0.00565;0.00553;0.00549;0.00374;0.00353;0.00293;0.00231;0.00155,
line-c-r01358,line-c,line-c-e24,33.2020391,-116.1492572,180.0,line-c-e25,33.2021985,-116.1490676,180.0,line-c-e30,33.2029954,-116.1481196,180.0,line-c-e31,33.2031548,-116.1479300,180.0,2026-08-19T19:21:36Z,dipole-dipole,5,3,1.851,432.1,195.039,7.842,0.00495,0.00087,0.00889;0.00776;0.00675;0.00580;0.00528;0.00463;0.00363;0.00299;0.00237;0.00160,
line-c-r01359,line-c,line-c-e24,33.2020391,-116.1492572,180.0,line-c-e25,33.2021985,-116.1490676,180.0,line-c-e30,33.2029954,-116.1481196,180.0,line-c-e31,33.2031548,-116.1479300,180.0,2026-08-19T19:21:48Z,dipole-dipole,5,3,1.664,480.7,187.414,8.693,0.00397,0.01057,0.00679;0.00622;0.00557;0.00473;0.00434;0.00367;0.00303;0.00242;0.00213;0.00145,
line-c-r01360,line-c,line-c-e24,33.2020391,-116.1492572,180.0,line-c-e25,33.2021985,-116.1490676,180.0,line-c-e30,33.2029954,-116.1481196,180.0,line-c-e31,33.2031548,-116.1479300,180.0,2026-08-19T19:22:00Z,dipole-dipole,5,7,1.535,521.1,189.609,7.521,0.00262,0.00114,0.00444;0.00364;0.00363;0.00305;0.00286;0.00277;0.00209;0.00170;0.00151;0.00099,
line-c-r01361,line-c,line-c-e24,33.2020391,-116.1492572,180.0,line-c-e25,33.2021985,-116.1490676,180.0,line-c-e30,33.2029954,-116.1481196,180.0,line-c-e31,33.2031548,-116.1479300,180.0,2026-08-19T19:22:12Z,dipole-dipole,5,6,1.850,432.5,222.745,8.924,0.00480,0.00104,0.00764;0.00649;0.00695;0.00617;0.00506;0.00454;0.00371;0.00304;0.00225;0.00198,
line-c-r01362,line-c,line-c-e24,33.2020391,-116.1492572,180.0,line-c-e25,33.2021985,-116.1490676,180.0,line-c-e30,33.2029954,-116.1481196,180.0,line-c-e31,33.2031548,-116.1479300,180.0,2026-08-19T19:22:24Z,dipole-dipole,5,8,1.242,644.0,219.281,6.801,0.00415,0.00092,0.00621;0.00641;0.00568;0.00483;0.00491;0.00366;0.00311;0.00257;0.00187;0.00145,
line-c-r01363,line-c,line-c-e24,33.2020391,-116.1492572,180.0,line-c-e25,33.2021985,-116.1490676,180.0,line-c-e31,33.2031548,-116.1479300,180.0,line-c-e32,33.2033142,-116.1477404,180.0,2026-08-19T19:22:36Z,dipole-dipole,6,8,1.437,556.7,210.647,7.597,0.00558,0.00091,0.00941;0.00863;0.00802;0.00771;0.00661;0.00564;0.00396;0.00343;0.00266;0.00185,
line-c-r01364,line-c,line-c-e24,33.2020391,-116.1492572,180.0,line-c-e25,33.2021985,-116.1490676,180.0,line-c-e31,33.2031548,-116.1479300,180.0,line-c-e32,33.2033142,-116.1477404,180.0,2026-08-19T19:22:48Z,dipole-dipole,6,6,1.581,506.0,191.998,6.916,0.00537,0.00106,0.00837;0.00828;0.00735;0.00623;0.00620;0.00507;0.00430;0.00368;0.00264;0.00179,
line-c-r01365,line-c,line-c-e24,33.2020391,-116.1492572,180.0,line-c-e25,33.2021985,-116.1490676,180.0,line-c-e31,33.2031548,-116.1479300,180.0,line-c-e32,33.2033142,-116.1477404,180.0,2026-08-19T19:23:00Z,dipole-dipole,6,6,1.990,402.0,195.655,6.070,0.00556,0.00101,0.00896;0.00845;0.00749;0.00652;0.00599;0.00557;0.00421;0.00329;0.00248;0.00223,
line-c-r01366,line-c,line-c-e24,33.2020391,-116.1492572,180.0,line-c-e25,33.2021985,-116.1490676,180.0,line-c-e31,33.2031548,-116.1479300,180.0,line-c-e32,33.2033142,-116.1477404,180.0,2026-08-19T19:23:12Z,dipole-dipole,6,5,1.220,655.8,204.696,7.978,0.00546,0.00089,0.00796;0.00792;0.00783;0.00644;0.00609;0.00490;0.00415;0.00403;0.00251;0.00169,
line-c-r01367,line-c,line-c-e24,33.2020391,-116.1492572,180.0,line-c-e25,33.2021985,-116.1490676,180.0,line-c-e31,33.2031548,-116.1479300,180.0,line-c-e32,33.2033142,-116.1477404,180.0,2026-08-19T19:23:24Z,dipole-dipole,6,4,1.273,628.5,196.918,6.820,0.00687,0.00072,0.01019;0.00980;0.00953;0.00831;0.00832;0.00645;0.00557;0.00442;0.00335;0.00241,
line-c-r01368,line-c,line-c-e24,33.2020391,-116.1492572,180.0,line-c-e25,33.2021985,-116.1490676,180.0,line-c-e31,33.2031548,-116.1479300,180.0,line-c-e32,33.2033142,-116.1477404,180.0,2026-08-19T19:23:36Z,dipole-dipole,6,5,1.304,613.7,202.130,7.536,0.00558,0.00099,0.00944;0.00821;0.00692;0.00742;0.00621;0.00528;0.00452;0.00346;0.00257;0.00186,
line-c-r01369,line-c,line-c-e24,33.2020391,-116.1492572,180.0,line-c-e25,33.2021985,-116.1490676,180.0,line-c-e31,33.2031548,-116.1479300,180.0,line-c-e32,33.2033142,-116.1477404,180.0,2026-08-19T19:23:48Z,dipole-dipole,6,5,1.763,453.8,193.178,6.124,0.00504,0.00106,0.00839;0.00671;0.00675;0.00656;0.00529;0.00455;0.00409;0.00324;0.00221;0.00180,
line-c-r01370,line-c,line-c-e24,33.2020391,-116.1492572,180.0,line-c-e25,33.2021985,-116.1490676,180.0,line-c-e31,33.2031548,-116.1479300,180.0,line-c-e32,33.2033142,-116.1477404,180.0,2026-08-19T19:24:00Z,dipole-dipole,6,5,1.456,549.4,201.288,7.856,0.00565,0.00120,0.00199;0.00288;0.00369;0.00409;0.00522;0.00681;0.00721;0.00745;0.00850;0.00904,
line-c-r01371,line-c,line-c-e24,33.2020391,-116.1492572,180.0,line-c-e25,33.2021985,-116.1490676,180.0,line-c-e32,33.2033142,-116.1477404,180.0,line-c-e33,33.2034736,-116.1475508,180.0,2026-08-19T19:24:12Z,dipole-dipole,7,5,1.460,547.8,206.968,7.678,0.00353,0.00109,0.00585;0.00561;0.00477;0.00448;0.00379;0.00342;0.00274;0.00231;0.00186;0.00137,
line-c-r01372,line-c,line-c-e24,33.2020391,-116.1492572,180.0,line-c-e25,33.2021985,-116.1490676,180.0,line-c-e32,33.2033142,-116.1477404,180.0,line-c-e33,33.2034736,-116.1475508,180.0,2026-08-19T19:24:24Z,dipole-dipole,7,5,1.733,461.6,208.862,6.331,0.00363,0.00101,0.00611;0.00585;0.00484;0.00500;0.00397;0.00330;0.00291;0.00255;0.00177;0.00127,
line-c-r01373,line-c,line-c-e24,33.2020391,-116.1492572,180.0,line-c-e25,33.2021985,-116.1490676,180.0,line-c-e32,33.2033142,-116.1477404,180.0,line-c-e33,33.2034736,-116.1475508,180.0,2026-08-19T19:24:36Z,dipole-dipole,7,3,1.551,515.7,207.770,6.497,0.00468,0.00105,0.00764;0.00647;0.00697;0.00591;0.00513;0.00470;0.00338;0.00292;0.00236;0.00172,
line-c-r01374,line-c,line-c-e24,33.2020391,-116.1492572,180.0,line-c-e25,33.2021985,-116.1490676,180.0,line-c-e32,33.2033142,-116.1477404,180.0,line-c-e33,33.2034736,-116.1475508,180.0,2026-08-19T19:24:48Z,dipole-dipole,7,7,1.361,588.0,187.926,9.245,0.00465,0.00103,0.00727;0.00782;0.00673;0.00568;0.00484;0.00417;0.00335;0.00287;0.00217;0.00170,
line-c-r01375,line-c,line-c-e24,33.2020391,-116.1492572,180.0,line-c-e25,33.2021985,-116.1490676,180.0,line-c-e32,33.2033142,-116.1477404,180.0,line-c-e33,33.2034736,-116.1475508,180.0,2026-08-19T19:25:00Z,dipole-dipole,7,4,1.553,515.1,-215.498,6.993,0.00456,0.00116,0.00715;0.00702;0.00636;0.00513;0.00487;0.00409;0.00335;0.00297;0.00213;0.00173,
line-c-r01376,line-c,line-c-e24,33.2020391,-116.1492572,180.0,line-c-e25,33.2021985,-116.1490676,180.0,line-c-e32,33.2033142,-116.1477404,180.0,line-c-e33,33.2034736,-116.1475508,180.0,2026-08-19T19:25:12Z,dipole-dipole,7,3,1.688,473.8,196.316,5.930,0.00560,0.00090,0.00838;0.00868;0.00780;0.00717;0.00639;0.00567;0.00416;0.00313;0.00239;0.00215,
line-c-r01377,line-c,line-c-e24,33.2020391,-116.1492572,180.0,line-c-e25,33.2021985,-116.1490676,180.0,line-c-e32,33.2033142,-116.1477404,180.0,line-c-e33,33.2034736,-116.1475508,180.0,2026-08-19T19:25:24Z,dipole-dipole,7,7,1.497,534.3,202.845,8.443,0.00633,0.00087,0.01005;0.00977;0.00832;0.00925;0.00704;0.00611;0.00460;0.00422;0.00301;0.00232,
line-c-r01378,line-c,line-c-e24,33.2020391,-116.1492572,180.0,line-c-e25,33.2021985,-116.1490676,180.0,line-c-e33,33.2034736,-116.1475508,180.0,line-c-e34,33.2036330,-116.1473612,180.0,2026-08-19T19:25:36Z,dipole-dipole,8,7,1.715,466.5,-230.958,6.660,0.00424,0.00086,0.00675;0.00628;0.00577;0.00483;0.00447;0.00425;0.00354;0.00288;0.00238;0.00155,
line-c-r01379,line-c,line-c-e24,33.2020391,-116.1492572,180.0,line-c-e25,33.2021985,-116.1490676,180.0,line-c-e33,33.2034736,-116.1475508,180.0,line-c-e34,33.2036330,-116.1473612,180.0,2026-08-19T19:25:48Z,dipole-dipole,8,4,1.303,613.9,194.733,8.554,0.00579,0.00089,0.00897;0.00875;0.00846;0.00700;0.00671;0.00539;0.00460;0.00376;0.00284;0.00191,
line-c-r01380,line-c,line-c-e24,33.2020391,-116.1492572,180.0,line-c-e25,33.2021985,-116.1490676,180.0,line-c-e33,33.2034736,-116.1475508,180.0,line-c-e34,33.2036330,-116.1473612,180.0,2026-08-19T19:26:00Z,dipole-dipole,8,5,1.136,703.9,197.179,8.298,0.00363,0.00143,0.00544;0.00541;0.00484;0.00447;0.00388;0.00362;0.00283;0.00239;0.00162;0.00130,
line-c-r01381,line-c,line-c-e24,33.2020391,-116.1492572,180.0,line-c-e25,33.2021985,-116.1490676,180.0,line-c-e33,33.2034736,-116.1475508,180.0,line-c-e34,33.2036330,-116.1473612,180.0,2026-08-19T19:26:12Z,dipole-dipole,8,6,1.660,482.0,203.131,9.683,0.00664,0.00147,0.00995;0.01074;0.00850;0.00772;0.00718;0.00803;0.00542;0.00407;0.00300;0.00242,
line-c-r01382,line-c,line-c-e24,33.2020391,-116.1492572,180.0,line-c-e25,33.2021985,-116.1490676,180.0,line-c-e33,33.2034736,-116.1475508,180.0,line-c-e34,33.2036330,-116.1473612,180.0,2026-08-19T19:26:24Z,dipole-dipole,8,6,1.906,419.6,204.317,8.123,0.00501,0.00101,0.00829;0.00740;0.00680;0.00595;0.00592;0.00478;0.00380;0.00327;0.00238;0.00181,
line-c-r01383,line-c,line-c-e24,33.2020391,-116.1492572,180.0,line-c-e25,33.2021985,-116.1490676,180.0,line-c-e33,33.2034736,-116.1475508,180.0,line-c-e34,33.2036330,-116.1473612,180.0,2026-08-19T19:26:36Z,dipole-dipole,8,8,1.686,474.5,209.101,7.766,0.00596,0.00131,0.00933;0.00986;0.00834;0.00680;0.00654;0.00544;0.00491;0.00396;0.00310;0.00190,
line-c-r01384,line-c,line-c-e24,33.2020391,-116.1492572,180.0,line-c-e25,33.2021985,-116.1490676,180.0,line-c-e33,33.2034736,-116.1475508,180.0,line-c-e34,33.2036330,-116.1473612,180.0,2026-08-19T19:26:48Z,dipole-dipole,8,4,1.479,540.9,207.338,6.277,0.00380,0.00091,0.00585;0.00533;0.00533;0.00488;0.00452;0.00347;0.00282;0.00213;0.00184;0.00127,
line-c-r01385,line-c,line-c-e25,33.2021985,-116.1490676,180.0,line-c-e26,33.2023579,-116.1488780,180.0,line-c-e30,33.2029954,-116.1481196,180.0,line-c-e31,33.2031548,-116.1479300,180.0,2026-08-19T19:27:00Z,dipole-dipole,4,7,0.050,21758.2,62.154,6.608,0.00229,0.00110,0.00352;0.00342;0.00302;0.00296;0.00242;0.00231;0.00186;0.00140;0.00111;0.00078,
line-c-r01386,line-c,line-c-e25,33.2021985,-116.1490676,180.0,line-c-e26,33.2023579,-116.1488780,180.0,line-c-e30,33.2029954,-116.1481196,180.0,line-c-e31,33.2031548,-116.1479300,180.0,2026-08-19T19:27:12Z,dipole-dipole,4,7,0.052,15323.9,211.868,7.747,0.00833,0.00118,0.01408;0.01231;0.01127;0.00972;0.00949;0.00838;0.00662;0.00516;0.00427;0.00248,
line-c-r01387,line-c,line-c-e25,33.2021985,-116.1490676,180.0,line-c-e26,33.2023579,-116.1488780,180.0,line-c-e30,33.2029954,-116.1481196,180.0,line-c-e31,33.2031548,-116.1479300,180.0,2026-08-19T19:27:24Z,dipole-dipole,4,7,0.050,20118.9,232.579,7.221,0.00554,0.00110,0.00830;0.00771;0.00680;0.00687;0.00559;0.00542;0.00454;0.00347;0.00262;0.00191,
line-c-r01388,line-c,line-c-e25,33.2021985,-116.1490676,180.0,line-c-e26,33.2023579,-116.1488780,180.0,line-c-e30,33.2029954,-116.1481196,180.0,line-c-e31,33.2031548,-116.1479300,180.0,2026-08-19T19:27:36Z,dipole-dipole,4,3,0.053,15013.6,145.128,7.083,0.00985,0.00098,0.01530;0.01453;0.01276;0.01113;0.01148;0.00879;0.00757;0.00594;0.00503;0.00397,
line-c-r01389,line-c,line-c-e25,33.2021985,-116.1490676,180.0,line-c-e26,33.2023579,-116.1488780,180.0,line-c-e30,33.2029954,-116.1481196,180.0,line-c-e31,33.2031548,-116.1479300,180.0,2026-08-19T19:27:48Z,dipole-dipole,4,8,0.050,17857.2,162.561,6.309,0.00693,0.00109,0.01123;0.01059;0.00944;0.00877;0.00777;0.00637;0.00531;0.00446;0.00317;0.00253,
line-c-r01390,line-c,line-c-e25,33.2021985,-116.1490676,180.0,line-c-e26,33.2023579,-116.1488780,180.0,line-c-e30,33.2029954,-116.1481196,180.0,line-c-e31,33.2031548,-116.1479300,180.0,2026-08-19T19:28:00Z,dipole-dipole,4,3,0.050,24783.0,485.644,7.177,0.00590,0.00100,0.00994;0.00852;0.00944;0.00718;0.00630;0.00585;0.00467;0.00401;0.00305;0.00202,
line-c-r01391,line-c,line-c-e25,33.2021985,-116.1490676,180.0,line-c-e26,33.2023579,-116.1488780,180.0,line-c-e30,33.2029954,-116.1481196,180.0,line-c-e31,33.2031548,-116.1479300,180.0,2026-08-19T19:28:12Z,dipole-dipole,4,8,0.052,15393.0,310.236,5.724,0.00853,0.00104,0.01423;0.01355;0.01108;0.01059;0.00871;0.00853;0.00710;0.00558;0.00451;0.00248,
line-c-r01392,line-c,line-c-e25,33.2021985,-116.1490676,180.0,line-c-e26,33.2023579,-116.1488780,180.0,line-c-e30,33.2029954,-116.1481196,180.0,line-c-e31,33.2031548,-116.1479300,180.0,2026-08-19T19:28:24Z,dipole-dipole,4,7,0.050,18529.9,190.167,6.193,0.00575,0.00113,0.00972;0.00813;0.00822;0.00722;0.00628;0.00513;0.00431;0.00378;0.00271;0.00192,
line-c-r01393,line-c,line-c-e25,33.2021985,-116.1490676,180.0,line-c-e26,33.2023579,-116.1488780,180.0,line-c-e31,33.2031548,-116.1479300,180.0,line-c-e32,33.2033142,-116.1477404,180.0,2026-08-19T19:28:36Z,dipole-dipole,5,7,0.055,14467.2,201.561,6.046,0.00442,0.00118,0.00692;0.00681;0.00631;0.00580;0.00466;0.00459;0.00370;0.00293;0.00207;0.00157,
line-c-r01394,line-c,line-c-e25,33.2021985,-116.1490676,180.0,line-c-e26,33.2023579,-116.1488780,180.0,line-c-e31,33.2031548,-116.1479300,180.0,line-c-e32,33.2033142,-116.1477404,180.0,2026-08-19T19:28:48Z,dipole-dipole,5,3,0.056,14347.3,151.349,8.771,0.00642,0.00117,0.01070;0.00971;0.00815;0.00881;0.00681;0.00604;0.00511;0.00433;0.00280;0.00230,
line-c-r01395,line-c,line-c-e25,33.2021985,-116.1490676,180.0,line-c-e26,33.2023579,-116.1488780,180.0,line-c-e31,33.2031548,-116.1479300,180.0,line-c-e32,33.2033142,-116.1477404,180.0,2026-08-19T19:29:00Z,dipole-dipole,5,5,0.052,15383.1,271.792,6.722,0.00540,0.00068,0.00828;0.00841;0.00743;0.00654;0.00584;0.00562;0.00467;0.00336;0.00264;0.00188,
line-c-r01396,line-c,line-c-e25,33.2021985,-116.1490676,180.0,line-c-e26,33.2023579,-116.1488780,180.0,line-c-e31,33.2031548,-116.1479300,180.0,line-c-e32,33.2033142,-116.1477404,180.0,2026-08-19T19:29:12Z,dipole-dipole,5,3,0.050,18234.9,129.818,6.033,0.00385,0.00092,0.00669;0.00632;0.00533;0.00453;0.00440;0.00379;0.00285;0.00240;0.00188;0.00126,
line-c-r01397,line-c,line-c-e25,33.2021985,-116.1490676,180.0,line-c-e26,33.2023579,-116.1488780,180.0,line-c-e31,33.2031548,-116.1479300,180.0,line-c-e32,33.2033142,-116.1477404,180.0,2026-08-19T19:29:24Z,dipole-dipole,5,3,0.050,17528.5,274.715,5.781,0.02498,0.00108,0.04060;0.03598;0.03253;0.03075;0.02957;0.02227;0.01879;0.01480;0.01103;0.00920,
line-c-r01398,line-c,line-c-e25,33.2021985,-116.1490676,180.0,line-c-e26,33.2023579,-116.1488780,180.0,line-c-e31,33.2031548,-116.1479300,180.0,line-c-e32,33.2033142,-116.1477404,180.0,2026-08-19T19:29:36Z,dipole-dipole,5,8,0.050,16460.7,230.112,7.623,0.01074,0.00090,0.01718;0.01659;0.01382;0.01387;0.01099;0.00974;0.00805;0.00699;0.00549;0.00416,
line-c-r01399,line-c,line-c-e25,33.2021985,-116.1490676,180.0,line-c-e26,33.2023579,-116.1488780,180.0,line-c-e32,33.2033142,-116.1477404,180.0,line-c-e33,33.2034736,-116.1475508,180.0,2026-08-19T19:29:48Z,dipole-dipole,6,5,0.050,16060.8,121.595,5.774,0.01954,0.00088,0.03342;0.02784;0.02891;0.02440;0.01962;0.01809;0.01621;0.01187;0.00899;0.00632,
line-c-r01400,line-c,line-c-e25,33.2021985,-116.1490676,180.0,line-c-e26,33.2023579,-116.1488780,180.0,line-c-e32,33.2033142,-116.1477404,180.0,line-c-e33,33.2034736,-116.1475508,180.0,2026-08-19T19:30:00Z,dipole-dipole,6,6,0.050,19924.3,402.309,8.736,0.00476,0.00088,0.00745;0.00650;0.00615;0.00554;0.00530;0.00489;0.00336;0.00293;0.00235;0.00154,
line-c-r01401,line-c,line-c-e25,33.2021985,-116.1490676,180.0,line-c-e26,33.2023579,-116.1488780,180.0,line-c-e32,33.2033142,-116.1477404,180.0,line-c-e33,33.2034736,-116.1475508,180.0,2026-08-19T19:30:12Z,dipole-dipole,6,5,0.050,20752.5,172.569,8.503,0.00128,0.00095,0.00191;0.00205;0.00169;0.00154;0.00133;0.00135;0.00104;0.00089;0.00064;0.00045,
line-c-r01402,line-c,line-c-e25,33.2021985,-116.1490676,180.0,line-c-e26,33.2023579,-116.1488780,180.0,line-c-e32,33.2033142,-116.1477404,180.0,line-c-e33,33.2034736,-116.1475508,180.0,2026-08-19T19:30:24Z,dipole-dipole,6,6,0.050,19718.8,176.669,8.952,0.00219,0.00109,0.00345;0.00319;0.00283;0.00261;0.00251;0.00217;0.00185;0.00136;0.00102;0.00078,
line-c-r01403,line-c,line-c-e25,33.2021985,-116.1490676,180.0,line-c-e26,33.2023579,-116.1488780,180.0,line-c-e32,33.2033142,-116.1477404,180.0,line-c-e33,33.2034736,-116.1475508,180.0,2026-08-19T19:30:36Z,dipole-dipole,6,4,0.050,20063.0,150.735,7.307,0.00323,0.00110,0.00452;0.00498;0.00472;0.00417;0.00339;0.00310;0.00249;0.00215;0.00142;0.00120,
line-c-r01404,line-c,line-c-e25,33.2021985,-116.1490676,180.0,line-c-e26,33.2023579,-116.1488780,180.0,line-c-e32,33.2033142,-116.1477404,180.0,line-c-e33,33.2034736,-116.1475508,180.0,2026-08-19T19:30:48Z,dipole-dipole,6,8,0.050,20139.7,58.332,6.616,0.00136,0.00091,0.00205;0.00173;0.00175;0.00175;0.00147;0.00129;0.00109;0.00082;0.00064;0.00045,
line-c-r01405,line-c,line-c-e25,33.2021985,-116.1490676,180.0,line-c-e26,33.2023579,-116.1488780,180.0,line-c-e33,33.2034736,-116.1475508,180.0,line-c-e34,33.2036330,-116.1473612,180.0,2026-08-19T19:31:00Z,dipole-dipole,7,4,0.050,16730.6,206.542,5.795,0.00539,0.00095,0.00859;0.00768;0.00807;0.00676;0.00577;0.00494;0.00394;0.00338;0.00273;0.00194,
line-c-r01406,line-c,line-c-e25,33.2021985,-116.1490676,180.0,line-c-e26,33.2023579,-116.1488780,180.0,line-c-e33,33.2034736,-116.1475508,180.0,line-c-e34,33.2036330,-116.1473612,180.0,2026-08-19T19:31:12Z,dipole-dipole,7,5,0.050,16815.3,68.562,8.967,0.00672,0.00106,0.01081;0.00975;0.00975;0.00782;0.00723;0.00624;0.00609;0.00439;0.00317;0.00232,
line-c-r01407,line-c,line-c-e25,33.2021985,-116.1490676,180.0,line-c-e26,33.2023579,-116.1488780,180.0,line-c-e33,33.2034736,-116.1475508,180.0,line-c-e34,33.2036330,-116.1473612,180.0,2026-08-19T19:31:24Z,dipole-dipole,7,4,0.054,14819.6,213.239,7.545,0.00968,0.00107,0.01572;0.01472;0.01351;0.01259;0.01103;0.00784;0.00705;0.00610;0.00520;0.00323,
line-c-r01408,line-c,line-c-e25,33.2021985,-116.1490676,180.0,line-c-e26,33.2023579,-116.1488780,180.0,line-c-e33,33.2034736,-116.1475508,180.0,line-c-e34,33.2036330,-116.1473612,180.0,2026-08-19T19:31:36Z,dipole-dipole,7,8,0.057,14135.8,264.451,7.023,0.01104,0.00092,0.01897;0.01473;0.01437;0.01256;0.01230;0.01066;0.00978;0.00664;0.00599;0.00392,
line-c-r01409,line-c,line-c-e25,33.2021985,-116.1490676,180.0,line-c-e26,33.2023579,-116.1488780,180.0,line-c-e33,33.2034736,-116.1475508,180.0,line-c-e34,33.2036330,-116.1473612,180.0,2026-08-19T19:31:48Z,dipole-dipole,7,3,0.052,15269.1,154.998,6.331,0.00162,0.00101,0.00265;0.00250;0.00224;0.00197;0.00175;0.00156;0.00129;0.00112;0.00085;0.00058,
line-c-r01410,line-c,line-c-e25,33.2021985,-116.1490676,180.0,line-c-e26,33.2023579,-116.1488780,180.0,line-c-e33,33.2034736,-116.1475508,180.0,line-c-e34,33.2036330,-116.1473612,180.0,2026-08-19T19:32:00Z,dipole-dipole,7,3,0.050,18271.3,561.084,7.477,0.00312,0.00131,0.00525;0.00514;0.00424;0.00419;0.00344;0.00308;0.00240;0.00188;0.00144;0.00111,
line-c-r01411,line-c,line-c-e25,33.2021985,-116.1490676,180.0,line-c-e26,33.2023579,-116.1488780,180.0,line-c-e33,33.2034736,-116.1475508,180.0,line-c-e34,33.2036330,-116.1473612,180.0,2026-08-19T19:32:12Z,dipole-dipole,7,4,0.064,12459.3,104.141,8.050,0.00698,0.00113,0.01161;0.01063;0.00979;0.00797;0.00795;0.00694;0.00580;0.00477;0.00316;0.00257,
line-c-r01412,line-c,line-c-e25,33.2021985,-116.1490676,180.0,line-c-e26,33.2023579,-116.1488780,180.0,line-c-e33,33.2034736,-116.1475508,180.0,line-c-e34,33.2036330,-116.1473612,180.0,2026-08-19T19:32:24Z,dipole-dipole,7,8,0.050,18235.3,281.502,8.694,0.00522,0.00109,0.00794;0.00807;0.00737;0.00586;0.00578;0.00494;0.00418;0.00298;0.00258;0.00184,
line-c-r01413,line-c,line-c-e25,33.2021985,-116.1490676,180.0,line-c-e26,33.2023579,-116.1488780,180.0,line-c-e34,33.2036330,-116.1473612,180.0,line-c-e35,33.2037923,-116.1471716,180.0,2026-08-19T19:32:36Z,dipole-dipole,8,8,0.050,15979.0,170.177,6.277,0.00245,0.00090,0.00406;0.00352;0.00335;0.00313;0.00281;0.00240;0.00180;0.00141;0.00123;0.00087,
line-c-r01414,line-c,line-c-e25,33.2021985,-116.1490676,180.0,line-c-e26,33.2023579,-116.1488780,180.0,line-c-e34,33.2036330,-116.1473612,180.0,line-c-e35,33.2037923,-116.1471716,180.0,2026-08-19T19:32:48Z,dipole-dipole,8,4,0.050,17432.1,190.872,7.293,0.00815,0.00097,0.01266;0.01252;0.01092;0.01101;0.00891;0.00774;0.00673;0.00466;0.00423;0.00270,
line-c-r01415,line-c,line-c-e25,33.2021985,-116.1490676,180.0,line-c-e26,33.2023579,-116.1488780,180.0,line-c-e34,33.2036330,-116.1473612,180.0,line-c-e35,33.2037923,-116.1471716,180.0,2026-08-19T19:33:00Z,dipole-dipole,8,3,0.050,21484.8,709.485,8.759,0.00651,0.00107,0.01051;0.00897;0.00889;0.00773;0.00717;0.00610;0.00493;0.00405;0.00347;0.00234,
line-c-r01416,line-c,line-c-e25,33.2021985,-116.1490676,180.0,line-c-e26,33.2023579,-116.1488780,180.0,line-c-e34,33.2036330,-116.1473612,180.0,line-c-e35,33.2037923,-116.1471716,180.0,2026-08-19T19:33:12Z,dipole-dipole,8,6,0.050,20041.6,453.151,7.235,0.00931,0.00102,0.01430;0.01365;0.01219;0.01207;0.01005;0.00869;0.00731;0.00608;0.00436;0.00333,
line-c-r01417,line-c,line-c-e25,33.2021985,-116.1490676,180.0,line-c-e26,33.2023579,-116.1488780,180.0,line-c-e34,33.2036330,-116.1473612,180.0,line-c-e35,33.2037923,-116.1471716,180.0,2026-08-19T19:33:24Z,dipole-dipole,8,5,0.051,15782.1,88.963,7.305,0.00913,0.00121,0.01534;0.01433;0.01251;0.01118;0.00939;0.00855;0.00727;0.00566;0.00484;0.00349,
line-c-r01418,line-c,line-c-e25,33.2021985,-116.1490676,180.0,line-c-e26,33.2023579,-116.1488780,180.0,line-c-e34,33.2036330,-116.1473612,180.0,line-c-e35,33.2037923,-116.1471716,180.0,2026-08-19T19:33:36Z,dipole-dipole,8,8,0.050,19814.5,101.139,7.098,0.00639,0.00125,0.00995;0.00978;0.00873;0.00798;0.00729;0.00591;0.00492;0.00378;0.00342;0.00236,
line-c-r01419,line-c,line-c-e25,33.2021985,-116.1490676,180.0,line-c-e26,33.2023579,-116.1488780,180.0,line-c-e34,33.2036330,-116.1473612,180.0,line-c-e35,33.2037923,-116.1471716,180.0,2026-08-19T19:33:48Z,dipole-dipole,8,8,0.050,17318.6,246.090,6.672,0.00557,0.00118,0.00917;0.00773;0.00736;0.00687;0.00638;0.00499;0.00435;0.00354;0.00267;0.00200,
line-c-r01420,line-c,line-c-e26,33.2023579,-116.1488780,180.0,line-c-e27,33.2025172,-116.1486884,180.0,line-c-e30,33.2029954,-116.1481196,180.0,line-c-e31,33.2031548,-116.1479300,180.0,2026-08-19T19:34:00Z,dipole-dipole,3,5,0.052,15506.6,294.919,6.124,0.00260,0.00104,0.00408;0.00366;0.00362;0.00353;0.00282;0.00254;0.00219;0.00164;0.00121;0.00083,
line-c-r01421,line-c,line-c-e26,33.2023579,-116.1488780,180.0,line-c-e27,33.2025172,-116.1486884,180.0,line-c-e30,33.2029954,-116.1481196,180.0,line-c-e31,33.2031548,-116.1479300,180.0,2026-08-19T19:34:12Z,dipole-dipole,3,6,0.050,18038.7,211.396,8.104,0.00614,0.00103,0.00996;0.00920;0.00874;0.00805;0.00671;0.00514;0.00487;0.00394;0.00285;0.00218,
line-c-r01422,line-c,line-c-e26,33.2023579,-116.1488780,180.0,line-c-e27,33.2025172,-116.1486884,180.0,line-c-e30,33.2029954,-116.1481196,180.0,line-c-e31,33.2031548,-116.1479300,180.0,2026-08-19T19:34:24Z,dipole-dipole,3,4,0.050,17546.0,180.332,10.610,0.00562,0.00126,0.00782;0.00788;0.00720;0.00764;0.00680;0.00508;0.00455;0.00356;0.00298;0.00211,
line-c-r01423,line-c,line-c-e26,33.2023579,-116.1488780,180.0,line-c-e27,33.2025172,-116.1486884,180.0,line-c-e30,33.2029954,-116.1481196,180.0,line-c-e31,33.2031548,-116.1479300,180.0,2026-08-19T19:34:36Z,dipole-dipole,3,3,0.051,15745.2,161.793,9.125,0.00404,0.00127,0.00698;0.00601;0.00573;0.00482;0.00473;0.00408;0.00296;0.00268;0.00203;0.00139,
line-c-r01424,line-c,line-c-e26,33.2023579,-116.1488780,180.0,line-c-e27,33.2025172,-116.1486884,180.0,line-c-e30,33.2029954,-116.1481196,180.0,line-c-e31,33.2031548,-116.1479300,180.0,2026-08-19T19:34:48Z,dipole-dipole,3,6,0.050,19823.0,375.726,8.417,0.00669,0.00127,0.01042;0.01077;0.00962;0.00756;0.00762;0.00724;0.00456;0.00393;0.00343;0.00239,
line-c-r01425,line-c,line-c-e26,33.2023579,-116.1488780,180.0,line-c-e27,33.2025172,-116.1486884,180.0,line-c-e30,33.2029954,-116.1481196,180.0,line-c-e31,33.2031548,-116.1479300,180.0,2026-08-19T19:35:00Z,dipole-dipole,3,8,0.050,18825.7,186.446,8.125,0.00628,0.00096,0.00905;0.00971;0.00875;0.00728;0.00734;0.00645;0.00515;0.00401;0.00285;0.00211,
line-c-r01426,line-c,line-c-e26,33.2023579,-116.1488780,180.0,line-c-e27,33.2025172,-116.1486884,180.0,line-c-e31,33.2031548,-116.1479300,180.0,line-c-e32,33.2033142,-116.1477404,180.0,2026-08-19T19:35:12Z,dipole-dipole,4,6,0.050,15850.6,154.355,10.088,0.00532,0.00136,0.00804;0.00754;0.00628;0.00638;0.00520;0.00501;0.00425;0.00329;0.00273;0.00208,
line-c-r01427,line-c,line-c-e26,33.2023579,-116.1488780,180.0,line-c-e27,33.2025172,-116.1486884,180.0,line-c-e31,33.2031548,-116.1479300,180.0,line-c-e32,33.2033142,-116.1477404,180.0,2026-08-19T19:35:24Z,dipole-dipole,4,4,0.050,18522.7,203.837,7.821,0.00646,0.00160,0.01042;0.00984;0.00903;0.00828;0.00682;0.00619;0.00559;0.00406;0.00344;0.00204,
line-c-r01428,line-c,line-c-e26,33.2023579,-116.1488780,180.0,line-c-e27,33.2025172,-116.1486884,180.0,line-c-e31,33.2031548,-116.1479300,180.0,line-c-e32,33.2033142,-116.1477404,180.0,2026-08-19T19:35:36Z,dipole-dipole,4,4,0.050,23819.7,159.168,6.919,0.00544,0.00101,0.00814;0.00797;0.00812;0.00697;0.00626;0.00529;0.00455;0.00351;0.00293;0.00198,
line-c-r01429,line-c,line-c-e26,33.2023579,-116.1488780,180.0,line-c-e27,33.2025172,-116.1486884,180.0,line-c-e31,33.2031548,-116.1479300,180.0,line-c-e32,33.2033142,-116.1477404,180.0,2026-08-19T19:35:48Z,dipole-dipole,4,4,0.061,13137.5,234.471,7.550,0.00196,0.00105,0.00339;0.00278;0.00262;0.00235;0.00209;0.00183;0.00186;0.00120;0.00099;0.00070,
line-c-r01430,line-c,line-c-e26,33.2023579,-116.1488780,180.0,line-c-e27,33.2025172,-116.1486884,180.0,line-c-e31,33.2031548,-116.1479300,180.0,line-c-e32,33.2033142,-116.1477404,180.0,2026-08-19T19:36:00Z,dipole-dipole,4,6,0.050,22489.4,88.728,7.769,0.01629,0.00105,0.02617;0.02448;0.02211;0.02079;0.01782;0.01427;0.01192;0.01092;0.00824;0.00581,
line-c-r01431,line-c,line-c-e26,33.2023579,-116.1488780,180.0,line-c-e27,33.2025172,-116.1486884,180.0,line-c-e31,33.2031548,-116.1479300,180.0,line-c-e32,33.2033142,-116.1477404,180.0,2026-08-19T19:36:12Z,dipole-dipole,4,6,0.050,16635.6,131.096,6.514,0.02207,0.00102,0.03787;0.03219;0.03112;0.02423;0.02361;0.02013;0.01766;0.01353;0.01090;0.00789,
line-c-r01432,line-c,line-c-e26,33.2023579,-116.1488780,180.0,line-c-e27,33.2025172,-116.1486884,180.0,line-c-e31,33.2031548,-116.1479300,180.0,line-c-e32,33.2033142,-116.1477404,180.0,2026-08-19T19:36:24Z,dipole-dipole,4,3,0.050,16227.7,133.671,9.205,0.00532,0.00093,0.00852;0.00790;0.00729;0.00681;0.00583;0.00529;0.00418;0.00377;0.00263;0.00210,
line-c-r01433,line-c,line-c-e26,33.2023579,-116.1488780,180.0,line-c-e27,33.2025172,-116.1486884,180.0,line-c-e31,33.2031548,-116.1479300,180.0,line-c-e32,33.2033142,-116.1477404,180.0,2026-08-19T19:36:36Z,dipole-dipole,4,5,0.059,13481.7,161.056,6.083,0.00424,0.00100,0.00681;0.00560;0.00620;0.00474;0.00498;0.00420;0.00341;0.00315;0.00206;0.00148,
line-c-r01434,line-c,line-c-e26,33.2023579,-116.1488780,180.0,line-c-e27,33.2025172,-116.1486884,180.0,line-c-e32,33.2033142,-116.1477404,180.0,line-c-e33,33.2034736,-116.1475508,180.0,2026-08-19T19:36:48Z,dipole-dipole,5,7,0.050,17338.9,126.532,4.810,0.00701,0.00095,0.01064;0.01013;0.01051;0.00815;0.00767;0.00703;0.00566;0.00432;0.00362;0.00246,
line-c-r01435,line-c,line-c-e26,33.2023579,-116.1488780,180.0,line-c-e27,33.2025172,-116.1486884,180.0,line-c-e32,33.2033142,-116.1477404,180.0,line-c-e33,33.2034736,-116.1475508,180.0,2026-08-19T19:37:00Z,dipole-dipole,5,5,0.050,19418.5,189.303,8.789,0.01354,0.00129,0.02302;0.01904;0.01870;0.01715;0.01556;0.01281;0.00947;0.00830;0.00809;0.00488,
line-c-r01436,line-c,line-c-e26,33.2023579,-116.1488780,180.0,line-c-e27,33.2025172,-116.1486884,180.0,line-c-e32,33.2033142,-116.1477404,180.0,line-c-e33,33.2034736,-116.1475508,180.0,2026-08-19T19:37:12Z,dipole-dipole,5,3,0.053,15147.6,347.508,5.892,0.01548,0.00085,0.02310;0.02626;0.02259;0.01831;0.01673;0.01577;0.01207;0.00955;0.00672;0.00630,
line-c-r01437,line-c,line-c-e26,33.2023579,-116.1488780,180.0,line-c-e27,33.2025172,-116.1486884,180.0,line-c-e32,33.2033142,-116.1477404,180.0,line-c-e33,33.2034736,-116.1475508,180.0,2026-08-19T19:37:24Z,dipole-dipole,5,7,0.050,16280.5,487.715,8.741,0.00398,0.00072,0.00642;0.00668;0.00555;0.00480;0.00392;0.00375;0.00311;0.00265;0.00195;0.00163,
line-c-r01438,line-c,line-c-e26,33.2023579,-116.1488780,180.0,line-c-e27,33.2025172,-116.1486884,180.0,line-c-e32,33.2033142,-116.1477404,180.0,line-c-e33,33.2034736,-116.1475508,180.0,2026-08-19T19:37:36Z,dipole-dipole,5,7,0.050,19315.5,206.002,6.423,0.01287,0.00108,0.01983;0.01964;0.01768;0.01718;0.01431;0.01244;0.01079;0.00759;0.00602;0.00469,
line-c-r01439,line-c,line-c-e26,33.2023579,-116.1488780,180.0,line-c-e27,33.2025172,-116.1486884,180.0,line-c-e32,33.2033142,-116.1477404,180.0,line-c-e33,33.2034736,-116.1475508,180.0,2026-08-19T19:37:48Z,dipole-dipole,5,7,0.050,17752.4,305.089,8.559,0.00773,0.00128,0.01201;0.01278;0.01074;0.00964;0.00794;0.00711;0.00684;0.00481;0.00342;0.00273,
line-c-r01440,line-c,line-c-e26,33.2023579,-116.1488780,180.0,line-c-e27,33.2025172,-116.1486884,180.0,line-c-e32,33.2033142,-116.1477404,180.0,line-c-e33,33.2034736,-116.1475508,180.0,2026-08-19T19:38:00Z,dipole-dipole,5,7,0.050,16478.3,150.728,7.420,0.00642,0.00112,0.00944;0.00897;0.00821;0.00787;0.00692;0.00654;0.00499;0.00391;0.00322;0.00248,
line-c-r01441,line-c,line-c-e26,33.2023579,-116.1488780,180.0,line-c-e27,33.2025172,-116.1486884,180.0,line-c-e33,33.2034736,-116.1475508,180.0,line-c-e34,33.2036330,-116.1473612,180.0,2026-08-19T19:38:12Z,dipole-dipole,6,6,0.050,16467.3,82.531,7.607,0.00338,0.00112,0.00518;0.00517;0.00450;0.00431;0.00335;0.00293;0.00270;0.00254;0.00176;0.00116,
line-c-r01442,line-c,line-c-e26,33.2023579,-116.1488780,180.0,line-c-e27,33.2025172,-116.1486884,180.0,line-c-e33,33.2034736,-116.1475508,180.0,line-c-e34,33.2036330,-116.1473612,180.0,2026-08-19T19:38:24Z,dipole-dipole,6,8,0.065,12360.3,100.290,6.646,0.00090,0.00116,0.00144;0.00142;0.00138;0.00114;0.00104;0.00089;0.00072;0.00056;0.00043;0.00029,
line-c-r01443,line-c,line-c-e26,33.2023579,-116.1488780,180.0,line-c-e27,33.2025172,-116.1486884,180.0,line-c-e33,33.2034736,-116.1475508,180.0,line-c-e34,33.2036330,-116.1473612,180.0,2026-08-19T19:38:36Z,dipole-dipole,6,3,0.050,23048.9,90.978,8.737,0.01233,0.00097,0.02059;0.02071;0.01759;0.01511;0.01352;0.01110;0.00990;0.00809;0.00577;0.00389,
line-c-r01444,line-c,line-c-e26,33.2023579,-116.1488780,180.0,line-c-e27,33.2025172,-116.1486884,180.0,line-c-e33,33.2034736,-116.1475508,180.0,line-c-e34,33.2036330,-116.1473612,180.0,2026-08-19T19:38:48Z,dipole-dipole,6,3,0.050,18055.5,206.248,8.209,0.00664,0.00083,0.01041;0.01020;0.00949;0.00867;0.00705;0.00583;0.00579;0.00407;0.00300;0.00239,
line-c-r01445,line-c,line-c-e26,33.2023579,-116.1488780,180.0,line-c-e27,33.2025172,-116.1486884,180.0,line-c-e33,33.2034736,-116.1475508,180.0,line-c-e34,33.2036330,-116.1473612,180.0,2026-08-19T19:39:00Z,dipole-dipole,6,4,0.050,16893.2,115.309,7.976,0.00134,0.00084,0.00201;0.00213;0.00196;0.00165;0.00145;0.00116;0.00115;0.00092;0.00065;0.00048,
line-c-r01446,line-c,line-c-e26,33.2023579,-116.1488780,180.0,line-c-e27,33.2025172,-116.1486884,180.0,line-c-e33,33.2034736,-116.1475508,180.0,line-c-e34,33.2036330,-116.1473612,180.0,2026-08-19T19:39:12Z,dipole-dipole,6,8,0.050,22050.0,152.287,7.831,0.00498,0.00097,0.00866;0.00764;0.00662;0.00609;0.00524;0.00490;0.00385;0.00326;0.00240;0.00205,
line-c-r01447,line-c,line-c-e26,33.2023579,-116.1488780,180.0,line-c-e27,33.2025172,-116.1486884,180.0,line-c-e33,33.2034736,-116.1475508,180.0,line-c-e34,33.2036330,-116.1473612,180.0,2026-08-19T19:39:24Z,dipole-dipole,6,8,0.050,16552.5,116.732,7.041,0.00577,0.00077,0.00886;0.00758;0.00764;0.00715;0.00569;0.00543;0.00520;0.00386;0.00268;0.00204,
line-c-r01448,line-c,line-c-e26,33.2023579,-116.1488780,180.0,line-c-e27,33.2025172,-116.1486884,180.0,line-c-e34,33.2036330,-116.1473612,180.0,line-c-e35,33.2037923,-116.1471716,180.0,2026-08-19T19:39:36Z,dipole-dipole,7,8,0.051,15620.0,514.619,6.806,0.00371,0.00142,0.00624;0.00609;0.00554;0.00439;0.00454;0.00357;0.00294;0.00252;0.00168;0.00126,
line-c-r01449,line-c,line-c-e26,33.2023579,-116.1488780,180.0,line-c-e27,33.2025172,-116.1486884,180.0,line-c-e34,33.2036330,-116.1473612,180.0,line-c-e35,33.2037923,-116.1471716,180.0,2026-08-19T19:39:48Z,dipole-dipole,7,8,0.050,18699.3,387.537,7.581,0.00231,0.00097,0.00364;0.00374;0.00311;0.00285;0.00239;0.00214;0.00168;0.00143;0.00106;0.00081,
line-c-r01450,line-c,line-c-e26,33.2023579,-116.1488780,180.0,line-c-e27,33.2025172,-116.1486884,180.0,line-c-e34,33.2036330,-116.1473612,180.0,line-c-e35,33.2037923,-116.1471716,180.0,2026-08-19T19:40:00Z,dipole-dipole,7,4,0.057,14132.4,122.946,7.829,0.00786,0.00101,0.01211;0.01104;0.00996;0.01066;0.00831;0.00689;0.00699;0.00488;0.00392;0.00279,
line-c-r01451,line-c,line-c-e26,33.2023579,-116.1488780,180.0,line-c-e27,33.2025172,-116.1486884,180.0,line-c-e34,33.2036330,-116.1473612,180.0,line-c-e35,33.2037923,-116.1471716,180.0,2026-08-19T19:40:12Z,dipole-dipole,7,3,0.050,18260.3,124.215,7.610,0.01505,0.00081,0.02314;0.02049;0.02050;0.01989;0.01588;0.01296;0.01193;0.01005;0.00712;0.00548,
line-c-r01452,line-c,line-c-e26,33.2023579,-116.1488780,180.0,line-c-e27,33.2025172,-116.1486884,180.0,line-c-e34,33.2036330,-116.1473612,180.0,line-c-e35,33.2037923,-116.1471716,180.0,2026-08-19T19:40:24Z,dipole-dipole,7,3,0.050,16071.0,267.418,7.308,0.03822,0.00083,0.06155;0.05075;0.05674;0.04964;0.04130;0.03490;0.02963;0.02345;0.01951;0.01276,
line-c-r01453,line-c,line-c-e26,33.2023579,-116.1488780,180.0,line-c-e27,33.2025172,-116.1486884,180.0,line-c-e34,33.2036330,-116.1473612,180.0,line-c-e35,33.2037923,-116.1471716,180.0,2026-08-19T19:40:36Z,dipole-dipole,7,6,0.050,22036.4,61.089,6.577,0.00166,0.00098,0.00255;0.00286;0.00235;0.00220;0.00188;0.00156;0.00131;0.00104;0.00074;0.00060,
line-c-r01454,line-c,line-c-e26,33.2023579,-116.1488780,180.0,line-c-e27,33.2025172,-116.1486884,180.0,line-c-e34,33.2036330,-116.1473612,180.0,line-c-e35,33.2037923,-116.1471716,180.0,2026-08-19T19:40:48Z,dipole-dipole,7,5,0.052,15305.6,363.301,7.963,0.00966,0.00127,0.01458;0.01402;0.01167;0.01159;0.00998;0.00871;0.00766;0.00589;0.00431;0.00351,
line-c-r01455,line-c,line-c-e26,33.2023579,-116.1488780,180.0,line-c-e27,33.2025172,-116.1486884,180.0,line-c-e34,33.2036330,-116.1473612,180.0,line-c-e35,33.2037923,-116.1471716,180.0,2026-08-19T19:41:00Z,dipole-dipole,7,5,0.050,19683.0,220.882,6.500,0.00216,0.00088,0.00336;0.00324;0.00286;0.00261;0.00240;0.00211;0.00171;0.00136;0.00107;0.00079,
line-c-r01456,line-c,line-c-e26,33.2023579,-116.1488780,180.0,line-c-e27,33.2025172,-116.1486884,180.0,line-c-e35,33.2037923,-116.1471716,180.0,line-c-e36,33.2039517,-116.1469820,180.0,2026-08-19T19:41:12Z,dipole-dipole,8,5,0.050,17356.1,76.321,6.363,0.00136,0.00123,0.00208;0.00231;0.00190;0.00169;0.00165;0.00149;0.00104;0.00084;0.00068;0.00055,
line-c-r01457,line-c,line-c-e26,33.2023579,-116.1488780,180.0,line-c-e27,33.2025172,-116.1486884,180.0,line-c-e35,33.2037923,-116.1471716,180.0,line-c-e36,33.2039517,-116.1469820,180.0,2026-08-19T19:41:24Z,dipole-dipole,8,4,0.050,22036.2,113.672,6.706,0.00340,0.00100,0.00538;0.00484;0.00472;0.00405;0.00365;0.00321;0.00265;0.00215;0.00159;0.00118,
line-c-r01458,line-c,line-c-e26,33.2023579,-116.1488780,180.0,line-c-e27,33.2025172,-116.1486884,180.0,line-c-e35,33.2037923,-116.1471716,180.0,line-c-e36,33.2039517,-116.1469820,180.0,2026-08-19T19:41:36Z,dipole-dipole,8,7,0.050,16179.9,216.573,6.433,0.00607,0.00101,0.00997;0.00897;0.00885;0.00750;0.00608;0.00555;0.00511;0.00429;0.00275;0.00221,
line-c-r01459,line-c,line-c-e26,33.2023579,-116.1488780,180.0,line-c-e27,33.2025172,-116.1486884,180.0,line-c-e35,33.2037923,-116.1471716,180.0,line-c-e36,33.2039517,-116.1469820,180.0,2026-08-19T19:41:48Z,dipole-dipole,8,7,0.050,18490.9,116.066,5.874,0.00399,0.00105,0.00646;0.00566;0.00547;0.00479;0.00472;0.00376;0.00320;0.00255;0.00206;0.00140,
line-c-r01460,line-c,line-c-e26,33.2023579,-116.1488780,180.0,line-c-e27,33.2025172,-116.1486884,180.0,line-c-e35,33.2037923,-116.1471716,180.0,line-c-e36,33.2039517,-116.1469820,180.0,2026-08-19T19:42:00Z,dipole-dipole,8,7,0.050,25512.3,104.892,7.579,0.00372,0.00131,0.00587;0.00529;0.00553;0.00457;0.00373;0.00366;0.00290;0.00238;0.00172;0.00132,
line-c-r01461,line-c,line-c-e26,33.2023579,-116.1488780,180.0,line-c-e27,33.2025172,-116.1486884,180.0,line-c-e35,33.2037923,-116.1471716,180.0,line-c-e36,33.2039517,-116.1469820,180.0,2026-08-19T19:42:12Z,dipole-dipole,8,4,0.050,19935.8,337.440,7.061,0.00076,0.00113,0.00134;0.00109;0.00101;0.00099;0.00088;0.00075;0.00056;0.00049;0.00038;0.00027,
line-c-r01462,line-c,line-c-e26,33.2023579,-116.1488780,180.0,line-c-e27,33.2025172,-116.1486884,180.0,line-c-e35,33.2037923,-116.1471716,180.0,line-c-e36,33.2039517,-116.1469820,180.0,2026-08-19T19:42:24Z,dipole-dipole,8,3,0.050,15876.3,95.009,7.703,0.00392,0.00089,0.00581;0.00573;0.00532;0.00517;0.00393;0.00398;0.00319;0.00247;0.00192;0.00139,
line-c-r01463,line-c,line-c-e27,33.2025172,-116.1486884,180.0,line-c-e28,33.2026766,-116.1484988,180.0,line-c-e30,33.2029954,-116.1481196,180.0,line-c-e31,33.2031548,-116.1479300,180.0,2026-08-19T19:42:36Z,dipole-dipole,2,7,1.852,432.0,193.265,9.175,0.00461,0.00111,0.00764;0.00643;0.00646;0.00583;0.00494;0.00421;0.00340;0.00279;0.00223;0.00162,
line-c-r01464,line-c,line-c-e27,33.2025172,-116.1486884,180.0,line-c-e28,33.2026766,-116.1484988,180.0,line-c-e30,33.2029954,-116.1481196,180.0,line-c-e31,33.2031548,-116.1479300,180.0,2026-08-19T19:42:48Z,dipole-dipole,2,6,1.466,545.7,216.726,7.994,0.00521,0.00083,0.00781;0.00734;0.00743;0.00621;0.00625;0.00498;0.00404;0.00345;0.00248;0.00174,
line-c-r01465,line-c,line-c-e27,33.2025172,-116.1486884,180.0,line-c-e28,33.2026766,-116.1484988,180.0,line-c-e30,33.2029954,-116.1481196,180.0,line-c-e31,33.2031548,-116.1479300,180.0,2026-08-19T19:43:00Z,dipole-dipole,2,8,1.828,437.6,189.590,7.600,0.00479,0.00095,0.00735;0.00669;0.00680;0.00564;0.00557;0.00453;0.00344;0.00292;0.00241;0.00186,
line-c-r01466,line-c,line-c-e27,33.2025172,-116.1486884,180.0,line-c-e28,33.2026766,-116.1484988,180.0,line-c-e30,33.2029954,-116.1481196,180.0,line-c-e31,33.2031548,-116.1479300,180.0,2026-08-19T19:43:12Z,dipole-dipole,2,3,1.621,493.4,197.365,7.512,0.00344,0.00098,0.00555;0.00477;0.00441;0.00389;0.00428;0.00298;0.00280;0.00240;0.00175;0.00114,
line-c-r01467,line-c,line-c-e27,33.2025172,-116.1486884,180.0,line-c-e28,33.2026766,-116.1484988,180.0,line-c-e30,33.2029954,-116.1481196,180.0,line-c-e31,33.2031548,-116.1479300,180.0,2026-08-19T19:43:24Z,dipole-dipole,2,8,1.376,581.4,203.396,6.087,0.00435,0.00091,0.00709;0.00692;0.00633;0.00613;0.00500;0.00369;0.00357;0.00269;0.00239;0.00160,
line-c-r01468,line-c,line-c-e27,33.2025172,-116.1486884,180.0,line-c-e28,33.2026766,-116.1484988,180.0,line-c-e30,33.2029954,-116.1481196,180.0,line-c-e31,33.2031548,-116.1479300,180.0,2026-08-19T19:43:36Z,dipole-dipole,2,6,1.232,649.1,204.101,7.691,0.00525,0.00120,0.00803;0.00784;0.00741;0.00634;0.00573;0.00468;0.00389;0.00326;0.00282;0.00191,
line-c-r01469,line-c,line-c-e27,33.2025172,-116.1486884,180.0,line-c-e28,33.2026766,-116.1484988,180.0,line-c-e30,33.2029954,-116.1481196,180.0,line-c-e31,33.2031548,-116.1479300,180.0,2026-08-19T19:43:48Z,dipole-dipole,2,4,1.709,468.1,204.071,6.885,0.00532,0.00093,0.00877;0.00786;0.00776;0.00678;0.00565;0.00461;0.00411;0.00345;0.00241;0.00198,
line-c-r01470,line-c,line-c-e27,33.2025172,-116.1486884,180.0,line-c-e28,33.2026766,-116.1484988,180.0,line-c-e30,33.2029954,-116.1481196,180.0,line-c-e31,33.2031548,-116.1479300,180.0,2026-08-19T19:44:00Z,dipole-dipole,2,8,1.639,488.0,198.287,7.272,0.00298,0.00121,0.00514;0.00436;0.00455;0.00372;0.00334;0.00295;0.00230;0.00181;0.00146;0.00108,
line-c-r01471,line-c,line-c-e27,33.2025172,-116.1486884,180.0,line-c-e28,33.2026766,-116.1484988,180.0,line-c-e31,33.2031548,-116.1479300,180.0,line-c-e32,33.2033142,-116.1477404,180.0,2026-08-19T19:44:12Z,dipole-dipole,3,3,1.420,563.2,194.919,6.553,0.00381,0.00118,0.00578;0.00533;0.00477;0.00497;0.00427;0.00350;0.00314;0.00255;0.00184;0.00145,
line-c-r01472,line-c,line-c-e27,33.2025172,-116.1486884,180.0,line-c-e28,33.2026766,-116.1484988,180.0,line-c-e31,33.2031548,-116.1479300,180.0,line-c-e32,33.2033142,-116.1477404,180.0,2026-08-19T19:44:24Z,dipole-dipole,3,3,1.795,445.7,198.046,9.121,0.00550,0.00117,0.00817;0.00838;0.00760;0.00750;0.00582;0.00539;0.00434;0.00445;0.00283;0.00196,
line-c-r01473,line-c,line-c-e27,33.2025172,-116.1486884,180.0,line-c-e28,33.2026766,-116.1484988,180.0,line-c-e31,33.2031548,-116.1479300,180.0,line-c-e32,33.2033142,-116.1477404,180.0,2026-08-19T19:44:36Z,dipole-dipole,3,5,1.577,507.2,205.673,6.515,0.00311,0.00112,0.00491;0.00499;0.00398;0.00396;0.00340;0.00296;0.00284;0.00204;0.00142;0.00105,
line-c-r01474,line-c,line-c-e27,33.2025172,-116.1486884,180.0,line-c-e28,33.2026766,-116.1484988,180.0,line-c-e31,33.2031548,-116.1479300,180.0,line-c-e32,33.2033142,-116.1477404,180.0,2026-08-19T19:44:48Z,dipole-dipole,3,6,1.438,556.5,194.839,7.809,0.00403,0.00128,0.00720;0.00573;0.00582;0.00521;0.00445;0.00412;0.00290;0.00261;0.00198;0.00129,
line-c-r01475,line-c,line-c-e27,33.2025172,-116.1486884,180.0,line-c-e28,33.2026766,-116.1484988,180.0,line-c-e31,33.2031548,-116.1479300,180.0,line-c-e32,33.2033142,-116.1477404,180.0,2026-08-19T19:45:00Z,dipole-dipole,3,3,1.554,514.7,210.158,5.791,0.00572,0.00097,0.00902;0.00838;0.00763;0.00744;0.00614;0.00542;0.00479;0.00392;0.00277;0.00228,
line-c-r01476,line-c,line-c-e27,33.2025172,-116.1486884,180.0,line-c-e28,33.2026766,-116.1484988,180.0,line-c-e31,33.2031548,-116.1479300,180.0,line-c-e32,33.2033142,-116.1477404,180.0,2026-08-19T19:45:12Z,dipole-dipole,3,8,2.000,391.4,215.689,6.628,0.00514,0.00107,0.00867;0.00708;0.00682;0.00672;0.00560;0.00442;0.00458;0.00318;0.00242;0.00187,
line-c-r01477,line-c,line-c-e27,33.2025172,-116.1486884,180.0,line-c-e28,33.2026766,-116.1484988,180.0,line-c-e31,33.2031548,-116.1479300,180.0,line-c-e32,33.2033142,-116.1477404,180.0,2026-08-19T19:45:24Z,dipole-dipole,3,5,1.689,473.7,194.897,7.914,0.00487,0.00087,0.00772;0.00726;0.00677;0.00615;0.00530;0.00454;0.00392;0.00336;0.00213;0.00164,
line-c-r01478,line-c,line-c-e27,33.2025172,-116.1486884,180.0,line-c-e28,33.2026766,-116.1484988,180.0,line-c-e32,33.2033142,-116.1477404,180.0,line-c-e33,33.2034736,-116.1475508,180.0,2026-08-19T19:45:36Z,dipole-dipole,4,3,1.765,453.2,198.034,6.299,0.00420,0.00106,0.00638;0.00649;0.00539;0.00543;0.00467;0.00405;0.00321;0.00243;0.00210;0.00144,
line-c-r01479,line-c,line-c-e27,33.2025172,-116.1486884,180.0,line-c-e28,33.2026766,-116.1484988,180.0,line-c-e32,33.2033142,-116.1477404,180.0,line-c-e33,33.2034736,-116.1475508,180.0,2026-08-19T19:45:48Z,dipole-dipole,4,4,1.684,475.1,208.263,7.992,0.00538,0.00094,0.00803;0.00815;0.00708;0.00667;0.00602;0.00487;0.00450;0.00351;0.00273;0.00186,
line-c-r01480,line-c,line-c-e27,33.2025172,-116.1486884,180.0,line-c-e28,33.2026766,-116.1484988,180.0,line-c-e32,33.2033142,-116.1477404,180.0,line-c-e33,33.2034736,-116.1475508,180.0,2026-08-19T19:46:00Z,dipole-dipole,4,5,1.334,599.7,199.952,7.190,0.00558,0.00104,0.00898;0.00846;0.00777;0.00721;0.00600;0.00504;0.00441;0.00344;0.00279;0.00193,
line-c-r01481,line-c,line-c-e27,33.2025172,-116.1486884,180.0,line-c-e28,33.2026766,-116.1484988,180.0,line-c-e32,33.2033142,-116.1477404,180.0,line-c-e33,33.2034736,-116.1475508,180.0,2026-08-19T19:46:12Z,dipole-dipole,4,8,1.719,465.4,209.574,6.170,0.00518,0.00103,0.00833;0.00705;0.00715;0.00646;0.00548;0.00477;0.00380;0.00329;0.00260;0.00179,
line-c-r01482,line-c,line-c-e27,33.2025172,-116.1486884,180.0,line-c-e28,33.2026766,-116.1484988,180.0,line-c-e32,33.2033142,-116.1477404,180.0,line-c-e33,33.2034736,-116.1475508,180.0,2026-08-19T19:46:24Z,dipole-dipole,4,4,1.790,446.9,193.736,7.489,0.00462,0.00121,0.00696;0.00677;0.00653;0.00544;0.00514;0.00459;0.00379;0.00290;0.00237;0.00169,
line-c-r01483,line-c,line-c-e27,33.2025172,-116.1486884,180.0,line-c-e28,33.2026766,-116.1484988,180.0,line-c-e32,33.2033142,-116.1477404,180.0,line-c-e33,33.2034736,-116.1475508,180.0,2026-08-19T19:46:36Z,dipole-dipole,4,4,2.000,385.3,192.150,201.191,0.00468,0.00082,0.00708;0.00645;0.00622;0.00601;0.00487;0.00420;0.00349;0.00282;0.00256;0.00177,
line-c-r01484,line-c,line-c-e27,33.2025172,-116.1486884,180.0,line-c-e28,33.2026766,-116.1484988,180.0,line-c-e33,33.2034736,-116.1475508,180.0,line-c-e34,33.2036330,-116.1473612,180.0,2026-08-19T19:46:48Z,dipole-dipole,5,5,1.448,552.4,200.718,8.142,0.00399,0.00098,0.00638;0.00508;0.00552;0.00505;0.00380;0.00376;0.00309;0.00241;0.00192;0.00154,
line-c-r01485,line-c,line-c-e27,33.2025172,-116.1486884,180.0,line-c-e28,33.2026766,-116.1484988,180.0,line-c-e33,33.2034736,-116.1475508,180.0,line-c-e34,33.2036330,-116.1473612,180.0,2026-08-19T19:47:00Z,dipole-dipole,5,5,1.630,490.9,199.733,7.018,0.00354,0.00093,0.00540;0.00557;0.00463;0.00453;0.00365;0.00335;0.00294;0.00246;0.00160;0.00139,
line-c-r01486,line-c,line-c-e27,33.2025172,-116.1486884,180.0,line-c-e28,33.2026766,-116.1484988,180.0,line-c-e33,33.2034736,-116.1475508,180.0,line-c-e34,33.2036330,-116.1473612,180.0,2026-08-19T19:47:12Z,dipole-dipole,5,4,1.740,459.8,199.914,6.675,0.00594,0.00093,0.01085;0.00772;0.00867;0.00799;0.00719;0.00545;0.00455;0.00391;0.00310;0.00232,
line-c-r01487,line-c,line-c-e27,33.2025172,-116.1486884,180.0,line-c-e28,33.2026766,-116.1484988,180.0,line-c-e33,33.2034736,-116.1475508,180.0,line-c-e34,33.2036330,-116.1473612,180.0,2026-08-19T19:47:24Z,dipole-dipole,5,7,1.425,561.2,200.074,7.202,0.00533,0.00111,0.00915;0.00745;0.00685;0.00698;0.00554;0.00514;0.00472;0.00339;0.00262;0.00200,
line-c-r01488,line-c,line-c-e27,33.2025172,-116.1486884,180.0,line-c-e28,33.2026766,-116.1484988,180.0,line-c-e33,33.2034736,-116.1475508,180.0,line-c-e34,33.2036330,-116.1473612,180.0,2026-08-19T19:47:36Z,dipole-dipole,5,5,1.772,451.4,194.243,7.404,0.00448,0.00089,0.00783;0.00684;0.00497;0.00550;0.00504;0.00414;0.00348;0.00251;0.00219;0.00158,
line-c-r01489,line-c,line-c-e27,33.2025172,-116.1486884,180.0,line-c-e28,33.2026766,-116.1484988,180.0,line-c-e33,33.2034736,-116.1475508,180.0,line-c-e34,33.2036330,-116.1473612,180.0,2026-08-19T19:47:48Z,dipole-dipole,5,3,1.722,464.5,214.753,8.020,0.00316,0.00109,0.00527;0.00450;0.00397;0.00422;0.00370;0.00328;0.00260;0.00193;0.00159;0.00107,
line-c-r01490,line-c,line-c-e27,33.2025172,-116.1486884,180.0,line-c-e28,33.2026766,-116.1484988,180.0,line-c-e33,33.2034736,-116.1475508,180.0,line-c-e34,33.2036330,-116.1473612,180.0,2026-08-19T19:48:00Z,dipole-dipole,5,3,1.475,542.5,195.757,7.746,0.00683,0.00108,0.01112;0.01132;0.01004;0.00860;0.00743;0.00551;0.00510;0.00397;0.00325;0.00252,
line-c-r01491,line-c,line-c-e27,33.2025172,-116.1486884,180.0,line-c-e28,33.2026766,-116.1484988,180.0,line-c-e33,33.2034736,-116.1475508,180.0,line-c-e34,33.2036330,-116.1473612,180.0,2026-08-19T19:48:12Z,dipole-dipole,5,3,1.694,472.3,201.622,7.801,0.00295,0.00109,0.00483;0.00425;0.00403;0.00399;0.00335;0.00283;0.00254;0.00183;0.00144;0.00106,
line-c-r01492,line-c,line-c-e27,33.2025172,-116.1486884,180.0,line-c-e28,33.2026766,-116.1484988,180.0,line-c-e34,33.2036330,-116.1473612,180.0,line-c-e35,33.2037923,-116.1471716,180.0,2026-08-19T19:48:24Z,dipole-dipole,6,6,1.374,582.1,196.803,7.914,0.00457,0.00132,0.00732;0.00686;0.00596;0.00599;0.00523;0.00431;0.00323;0.00317;0.00191;0.00166,
line-c-r01493,line-c,line-c-e27,33.2025172,-116.1486884,180.0,line-c-e28,33.2026766,-116.1484988,180.0,line-c-e34,33.2036330,-116.1473612,180.0,line-c-e35,33.2037923,-116.1471716,180.0,2026-08-19T19:48:36Z,dipole-dipole,6,5,1.918,417.2,207.866,8.694,0.00512,0.00109,0.00818;0.00748;0.00723;0.00634;0.00578;0.00477;0.00398;0.00358;0.00266;0.00172,
line-c-r01494,line-c,line-c-e27,33.2025172,-116.1486884,180.0,line-c-e28,33.2026766,-116.1484988,180.0,line-c-e34,33.2036330,-116.1473612,180.0,line-c-e35,33.2037923,-116.1471716,180.0,2026-08-19T19:48:48Z,dipole-dipole,6,4,1.616,495.1,196.920,6.762,0.00588,0.00113,0.00988;0.00880;0.00743;0.00739;0.00652;0.00600;0.00464;0.00394;0.00323;0.00229,
line-c-r01495,line-c,line-c-e27,33.2025172,-116.1486884,180.0,line-c-e28,33.2026766,-116.1484988,180.0,line-c-e34,33.2036330,-116.1473612,180.0,line-c-e35,33.2037923,-116.1471716,180.0,2026-08-19T19:49:00Z,dipole-dipole,6,3,1.431,559.1,202.021,6.424,0.00676,0.00092,0.01080;0.00966;0.00902;0.00855;0.00732;0.00691;0.00541;0.00432;0.00321;0.00223,
line-c-r01496,line-c,line-c-e27,33.2025172,-116.1486884,180.0,line-c-e28,33.2026766,-116.1484988,180.0,line-c-e34,33.2036330,-116.1473612,180.0,line-c-e35,33.2037923,-116.1471716,180.0,2026-08-19T19:49:12Z,dipole-dipole,6,6,1.479,540.7,213.430,7.497,0.00506,0.00085,0.00850;0.00750;0.00717;0.00626;0.00565;0.00529;0.00361;0.00354;0.00236;0.00182,
line-c-r01497,line-c,line-c-e27,33.2025172,-116.1486884,180.0,line-c-e28,33.2026766,-116.1484988,180.0,line-c-e34,33.2036330,-116.1473612,180.0,line-c-e35,33.2037923,-116.1471716,180.0,2026-08-19T19:49:24Z,dipole-dipole,6,3,1.590,503.3,192.665,8.982,0.00639,0.00103,0.00985;0.01029;0.00903;0.00727;0.00803;0.00590;0.00467;0.00441;0.00278;0.00238,
line-c-r01498,line-c,line-c-e27,33.2025172,-116.1486884,180.0,line-c-e28,33.2026766,-116.1484988,180.0,line-c-e35,33.2037923,-116.1471716,180.0,line-c-e36,33.2039517,-116.1469820,180.0,2026-08-19T19:49:36Z,dipole-dipole,7,5,1.641,487.6,221.038,8.669,0.00510,0.00136,0.00799;0.00793;0.00684;0.00641;0.00537;0.00497;0.00426;0.00299;0.00250;0.00163,
line-c-r01499,line-c,line-c-e27,33.2025172,-116.1486884,180.0,line-c-e28,33.2026766,-116.1484988,180.0,line-c-e35,33.2037923,-116.1471716,180.0,line-c-e36,33.2039517,-116.1469820,180.0,2026-08-19T19:49:48Z,dipole-dipole,7,5,1.787,447.8,202.489,7.738,0.00445,0.00092,0.00736;0.00670;0.00546;0.00533;0.00510;0.00399;0.00363;0.00251;0.00207;0.00173,
line-c-r01500,line-c,line-c-e27,33.2025172,-116.1486884,180.0,line-c-e28,33.2026766,-116.1484988,180.0,line-c-e35,33.2037923,-116.1471716,180.0,line-c-e36,33.2039517,-116.1469820,180.0,2026-08-19T19:50:00Z,dipole-dipole,7,8,1.365,585.9,199.274,7.188,0.00628,0.00088,0.01042;0.01048;0.00819;0.00857;0.00742;0.00528;0.00462;0.00397;0.00303;0.00208,
line-c-r01501,line-c,line-c-e27,33.2025172,-116.1486884,180.0,line-c-e28,33.2026766,-116.1484988,180.0,line-c-e35,33.2037923,-116.1471716,180.0,line-c-e36,33.2039517,-116.1469820,180.0,2026-08-19T19:50:12Z,dipole-dipole,7,8,1.409,567.7,192.457,9.971,0.00667,0.00123,0.01099;0.01055;0.00920;0.00851;0.00752;0.00651;0.00569;0.00484;0.00314;0.00224,
line-c-r01502,line-c,line-c-e27,33.2025172,-116.1486884,180.0,line-c-e28,33.2026766,-116.1484988,180.0,line-c-e35,33.2037923,-116.1471716,180.0,line-c-e36,33.2039517,-116.1469820,180.0,2026-08-19T19:50:24Z,dipole-dipole,7,5,1.363,586.8,215.591,7.380,0.00488,0.00095,0.00718;0.00719;0.00740;0.00607;0.00577;0.00460;0.00380;0.00316;0.00249;0.00181,
line-c-r01503,line-c,line-c-e27,33.2025172,-116.1486884,180.0,line-c-e28,33.2026766,-116.1484988,180.0,line-c-e35,33.2037923,-116.1471716,180.0,line-c-e36,33.2039517,-116.1469820,180.0,2026-08-19T19:50:36Z,dipole-dipole,7,7,1.874,426.8,196.490,8.105,0.00593,0.00094,0.00851;0.00801;0.00781;0.00776;0.00674;0.00528;0.00456;0.00371;0.00293;0.00185,
line-c-r01504,line-c,line-c-e27,33.2025172,-116.1486884,180.0,line-c-e28,33.2026766,-116.1484988,180.0,line-c-e35,33.2037923,-116.1471716,180.0,line-c-e36,33.2039517,-116.1469820,180.0,2026-08-19T19:50:48Z,dipole-dipole,7,7,1.554,514.8,203.476,7.210,0.00307,0.00085,0.00468;0.00411;0.00435;0.00418;0.00338;0.00291;0.00221;0.00197;0.00146;0.00109,
line-c-r01505,line-c,line-c-e27,33.2025172,-116.1486884,180.0,line-c-e28,33.2026766,-116.1484988,180.0,line-c-e35,33.2037923,-116.1471716,180.0,line-c-e36,33.2039517,-116.1469820,180.0,2026-08-19T19:51:00Z,dipole-dipole,7,8,1.641,487.6,203.554,6.079,0.00474,0.00097,0.00752;0.00672;0.00672;0.00592;0.00501;0.00494;0.00361;0.00320;0.00203;0.00169,
line-c-r01506,line-c,line-c-e27,33.2025172,-116.1486884,180.0,line-c-e28,33.2026766,-116.1484988,180.0,line-c-e36,33.2039517,-116.1469820,180.0,line-c-e37,33.2041111,-116.1467924,180.0,2026-08-19T19:51:12Z,dipole-dipole,8,6,1.776,450.5,202.221,6.699,0.00371,0.00709,0.00582;0.00630;0.00520;0.00470;0.00431;0.00351;0.00296;0.00225;0.00171;0.00131,
line-c-r01507,line-c,line-c-e27,33.2025172,-116.1486884,180.0,line-c-e28,33.2026766,-116.1484988,180.0,line-c-e36,33.2039517,-116.1469820,180.0,line-c-e37,33.2041111,-116.1467924,180.0,2026-08-19T19:51:24Z,dipole-dipole,8,5,1.358,589.2,203.789,8.479,0.00460,0.00123,0.00686;0.00661;0.00627;0.00607;0.00511;0.00476;0.00344;0.00287;0.00215;0.00159,
line-c-r01508,line-c,line-c-e27,33.2025172,-116.1486884,180.0,line-c-e28,33.2026766,-116.1484988,180.0,line-c-e36,33.2039517,-116.1469820,180.0,line-c-e37,33.2041111,-116.1467924,180.0,2026-08-19T19:51:36Z,dipole-dipole,8,3,1.839,434.9,193.712,7.339,0.00426,0.00102,0.00691;0.00636;0.00662;0.00536;0.00496;0.00410;0.00319;0.00287;0.00213;0.00152,
line-c-r01509,line-c,line-c-e27,33.2025172,-116.1486884,180.0,line-c-e28,33.2026766,-116.1484988,180.0,line-c-e36,33.2039517,-116.1469820,180.0,line-c-e37,33.2041111,-116.1467924,180.0,2026-08-19T19:51:48Z,dipole-dipole,8,4,1.780,449.3,197.031,9.171,0.00655,0.00100,0.01039;0.01033;0.00898;0.00801;0.00689;0.00673;0.00481;0.00383;0.00314;0.00227,
line-c-r01510,line-c,line-c-e27,33.2025172,-116.1486884,180.0,line-c-e28,33.2026766,-116.1484988,180.0,line-c-e36,33.2039517,-116.1469820,180.0,line-c-e37,33.2041111,-116.1467924,180.0,2026-08-19T19:52:00Z,dipole-dipole,8,4,1.463,546.8,206.519,8.933,0.00475,0.00096,0.00832;0.00674;0.00657;0.00625;0.00546;0.00488;0.00330;0.00298;0.00222;0.00163,
line-c-r01511,line-c,line-c-e27,33.2025172,-116.1486884,180.0,line-c-e28,33.2026766,-116.1484988,180.0,line-c-e36,33.2039517,-116.1469820,180.0,line-c-e37,33.2041111,-116.1467924,180.0,2026-08-19T19:52:12Z,dipole-dipole,8,4,1.729,462.8,190.608,7.215,0.00461,0.00123,0.00683;0.00626;0.00650;0.00570;0.00590;0.00427;0.00382;0.00301;0.00242;0.00150,
line-c-r01512,line-c,line-c-e27,33.2025172,-116.1486884,180.0,line-c-e28,33.2026766,-116.1484988,180.0,line-c-e36,33.2039517,-116.1469820,180.0,line-c-e37,33.2041111,-116.1467924,180.0,2026-08-19T19:52:24Z,dipole-dipole,8,8,1.551,515.8,204.725,7.588,0.00489,0.00085,0.00804;0.00769;0.00711;0.00555;0.00512;0.00439;0.00398;0.00274;0.00252;0.00179,
line-c-r01513,line-c,line-c-e27,33.2025172,-116.1486884,180.0,line-c-e28,33.2026766,-116.1484988,180.0,line-c-e36,33.2039517,-116.1469820,180.0,line-c-e37,33.2041111,-116.1467924,180.0,2026-08-19T19:52:36Z,dipole-dipole,8,3,0.972,823.1,185.431,6.696,0.00543,0.00107,0.00831;0.00781;0.00722;0.00654;0.00550;0.00490;0.00435;0.00345;0.00267;0.00186,
line-c-r01514,line-c,line-c-e28,33.2026766,-116.1484988,180.0,line-c-e29,33.2028360,-116.1483092,180.0,line-c-e30,33.2029954,-116.1481196,180.0,line-c-e31,33.2031548,-116.1479300,180.0,2026-08-19T19:52:48Z,dipole-dipole,1,4,1.013,789.7,200.031,9.018,0.00466,0.00102,0.00760;0.00687;0.00610;0.00551;0.00524;0.00440;0.00411;0.00282;0.00226;0.00171,
line-c-r01515,line-c,line-c-e28,33.2026766,-116.1484988,180.0,line-c-e29,33.2028360,-116.1483092,180.0,line-c-e30,33.2029954,-116.1481196,180.0,line-c-e31,33.2031548,-116.1479300,180.0,2026-08-19T19:53:00Z,dipole-dipole,1,5,1.502,532.5,199.251,8.394,0.00499,0.00095,0.00781;0.00682;0.00653;0.00587;0.00563;0.00499;0.00416;0.00320;0.00228;0.00177,
line-c-r01516,line-c,line-c-e28,33.2026766,-116.1484988,180.0,line-c-e29,33.2028360,-116.1483092,180.0,line-c-e30,33.2029954,-116.1481196,180.0,line-c-e31,33.2031548,-116.1479300,180.0,2026-08-19T19:53:12Z,dipole-dipole,1,6,1.240,645.2,191.274,7.584,0.00466,0.00111,0.00697;0.00765;0.00705;0.00626;0.00478;0.00451;0.00334;0.00342;0.00240;0.00157,
line-c-r01517,line-c,line-c-e28,33.2026766,-116.1484988,180.0,line-c-e29,33.2028360,-116.1483092,180.0,line-c-e30,33.2029954,-116.1481196,180.0,line-c-e31,33.2031548,-116.1479300,180.0,2026-08-19T19:53:24Z,dipole-dipole,1,4,0.949,843.4,204.508,8.294,0.00316,0.00121,0.00490;0.00443;0.00449;0.00426;0.00328;0.00321;0.00252;0.00203;0.00165;0.00100,
line-c-r01518,line-c,line-c-e28,33.2026766,-116.1484988,180.0,line-c-e29,33.2028360,-116.1483092,180.0,line-c-e30,33.2029954,-116.1481196,180.0,line-c-e31,33.2031548,-116.1479300,180.0,2026-08-19T19:53:36Z,dipole-dipole,1,4,1.177,679.5,212.662,8.689,0.00506,0.00101,0.00812;0.00699;0.00673;0.00607;0.00492;0.00488;0.00373;0.00271;0.00267;0.00176,
line-c-r01519,line-c,line-c-e28,33.2026766,-116.1484988,180.0,line-c-e29,33.2028360,-116.1483092,180.0,line-c-e30,33.2029954,-116.1481196,180.0,line-c-e31,33.2031548,-116.1479300,180.0,2026-08-19T19:53:48Z,dipole-dipole,1,5,1.109,721.7,202.338,7.928,0.00336,0.00096,0.00556;0.00430;0.00483;0.00415;0.00353;0.00320;0.00259;0.00249;0.00165;0.00117,
line-c-r01520,line-c,line-c-e28,33.2026766,-116.1484988,180.0,line-c-e29,33.2028360,-116.1483092,180.0,line-c-e30,33.2029954,-116.1481196,180.0,line-c-e31,33.2031548,-116.1479300,180.0,2026-08-19T19:54:00Z,dipole-dipole,1,3,1.045,765.3,200.382,8.879,0.00327,0.00090,0.00537;0.00480;0.00419;0.00380;0.00377;0.00316;0.00266;0.00201;0.00162;0.00115,
line-c-r01521,line-c,line-c-e28,33.2026766,-116.1484988,180.0,line-c-e29,33.2028360,-116.1483092,180.0,line-c-e31,33.2031548,-116.1479300,180.0,line-c-e32,33.2033142,-116.1477404,180.0,2026-08-19T19:54:12Z,dipole-dipole,2,5,1.077,742.8,189.962,7.819,0.00585,0.00106,0.00973;0.00835;0.00845;0.00700;0.00598;0.00479;0.00446;0.00374;0.00261;0.00210,
line-c-r01522,line-c,line-c-e28,33.2026766,-116.1484988,180.0,line-c-e29,33.2028360,-116.1483092,180.0,line-c-e31,33.2031548,-116.1479300,180.0,line-c-e32,33.2033142,-116.1477404,180.0,2026-08-19T19:54:24Z,dipole-dipole,2,6,0.923,867.2,196.592,7.715,0.00491,0.00108,0.00839;0.00770;0.00656;0.00641;0.00526;0.00436;0.00367;0.00335;0.00241;0.00173,
line-c-r01523,line-c,line-c-e28,33.2026766,-116.1484988,180.0,line-c-e29,33.2028360,-116.1483092,180.0,line-c-e31,33.2031548,-116.1479300,180.0,line-c-e32,33.2033142,-116.1477404,180.0,2026-08-19T19:54:36Z,dipole-dipole,2,5,1.057,756.7,203.626,5.860,0.00585,0.00103,0.00927;0.00929;0.00776;0.00764;0.00724;0.00635;0.00493;0.00377;0.00265;0.00218,
line-c-r01524,line-c,line-c-e28,33.2026766,-116.1484988,180.0,line-c-e29,33.2028360,-116.1483092,180.0,line-c-e31,33.2031548,-116.1479300,180.0,line-c-e32,33.2033142,-116.1477404,180.0,2026-08-19T19:54:48Z,dipole-dipole,2,5,0.940,850.7,198.987,296.593,0.00516,0.00129,0.00738;0.00738;0.00719;0.00675;0.00597;0.00476;0.00389;0.00304;0.00240;0.00178,
line-c-r01525,line-c,line-c-e28,33.2026766,-116.1484988,180.0,line-c-e29,33.2028360,-116.1483092,180.0,line-c-e31,33.2031548,-116.1479300,180.0,line-c-e32,33.2033142,-116.1477404,180.0,2026-08-19T19:55:00Z,dipole-dipole,2,3,1.489,537.4,195.351,7.064,0.00357,0.00081,0.00592;0.00526;0.00541;0.00431;0.00384;0.00302;0.00285;0.00228;0.00182;0.00128,
line-c-r01526,line-c,line-c-e28,33.2026766,-116.1484988,180.0,line-c-e29,33.2028360,-116.1483092,180.0,line-c-e31,33.2031548,-116.1479300,180.0,line-c-e32,33.2033142,-116.1477404,180.0,2026-08-19T19:55:12Z,dipole-dipole,2,8,1.555,514.4,183.403,7.461,0.00632,0.00118,0.01024;0.00932;0.00874;0.00860;0.00724;0.00597;0.00524;0.00417;0.00308;0.00224,
line-c-r01527,line-c,line-c-e28,33.2026766,-116.1484988,180.0,line-c-e29,33.2028360,-116.1483092,180.0,line-c-e31,33.2031548,-116.1479300,180.0,line-c-e32,33.2033142,-116.1477404,180.0,2026-08-19T19:55:24Z,dipole-dipole,2,4,1.408,568.3,189.645,8.452,0.00496,0.00089,0.00730;0.00721;0.00719;0.00672;0.00544;0.00453;0.00389;0.00295;0.00224;0.00178,
line-c-r01528,line-c,line-c-e28,33.2026766,-116.1484988,180.0,line-c-e29,33.2028360,-116.1483092,180.0,line-c-e32,33.2033142,-116.1477404,180.0,line-c-e33,33.2034736,-116.1475508,180.0,2026-08-19T19:55:36Z,dipole-dipole,3,4,1.155,692.5,201.676,8.127,0.00680,0.00085,0.01140;0.00993;0.00895;0.00866;0.00698;0.00570;0.00509;0.00422;0.00359;0.00235,
line-c-r01529,line-c,line-c-e28,33.2026766,-116.1484988,180.0,line-c-e29,33.2028360,-116.1483092,180.0,line-c-e32,33.2033142,-116.1477404,180.0,line-c-e33,33.2034736,-116.1475508,180.0,2026-08-19T19:55:48Z,dipole-dipole,3,4,1.195,669.3,208.420,7.581,0.00509,0.00111,0.00825;0.00680;0.00659;0.00646;0.00535;0.00473;0.00388;0.00331;0.00249;0.00169,
line-c-r01530,line-c,line-c-e28,33.2026766,-116.1484988,180.0,line-c-e29,33.2028360,-116.1483092,180.0,line-c-e32,33.2033142,-116.1477404,180.0,line-c-e33,33.2034736,-116.1475508,180.0,2026-08-19T19:56:00Z,dipole-dipole,3,8,1.053,759.9,204.526,8.083,0.00506,0.00086,0.00781;0.00819;0.00737;0.00673;0.00531;0.00436;0.00394;0.00328;0.00260;0.00193,
line-c-r01531,line-c,line-c-e28,33.2026766,-116.1484988,180.0,line-c-e29,33.2028360,-116.1483092,180.0,line-c-e32,33.2033142,-116.1477404,180.0,line-c-e33,33.2034736,-116.1475508,180.0,2026-08-19T19:56:12Z,dipole-dipole,3,7,1.441,555.2,203.404,8.433,0.00609,0.00115,0.00971;0.01013;0.00912;0.00832;0.00689;0.00559;0.00508;0.00346;0.00328;0.00206,
line-c-r01532,line-c,line-c-e28,33.2026766,-116.1484988,180.0,line-c-e29,33.2028360,-116.1483092,180.0,line-c-e32,33.2033142,-116.1477404,180.0,line-c-e33,33.2034736,-116.1475508,180.0,2026-08-19T19:56:24Z,dipole-dipole,3,6,1.220,655.6,179.642,7.547,0.00590,0.00105,0.00930;0.01007;0.00772;0.00657;0.00628;0.00551;0.00463;0.00361;0.00279;0.00209,
line-c-r01533,line-c,line-c-e28,33.2026766,-116.1484988,180.0,line-c-e29,33.2028360,-116.1483092,180.0,line-c-e32,33.2033142,-116.1477404,180.0,line-c-e33,33.2034736,-116.1475508,180.0,2026-08-19T19:56:36Z,dipole-dipole,3,7,1.240,645.2,190.269,8.467,0.00530,0.00128,0.00831;0.00735;0.00736;0.00639;0.00613;0.00473;0.00411;0.00342;0.00241;0.00182,
line-c-r01534,line-c,line-c-e28,33.2026766,-116.1484988,180.0,line-c-e29,33.2028360,-116.1483092,180.0,line-c-e32,33.2033142,-116.1477404,180.0,line-c-e33,33.2034736,-116.1475508,180.0,2026-08-19T19:56:48Z,dipole-dipole,3,5,1.046,764.6,195.872,8.461,0.00536,0.00085,0.00753;0.00859;0.00729;0.00705;0.00584;0.00490;0.00426;0.00332;0.00234;0.00199,
line-c-r01535,line-c,line-c-e28,33.2026766,-116.1484988,180.0,line-c-e29,33.2028360,-116.1483092,180.0,line-c-e32,33.2033142,-116.1477404,180.0,line-c-e33,33.2034736,-116.1475508,180.0,2026-08-19T19:57:00Z,dipole-dipole,3,5,1.133,706.2,194.372,6.866,0.00553,0.00144,0.00879;0.00808;0.00830;0.00731;0.00640;0.00472;0.00413;0.00365;0.00270;0.00193,
line-c-r01536,line-c,line-c-e28,33.2026766,-116.1484988,180.0,line-c-e29,33.2028360,-116.1483092,180.0,line-c-e33,33.2034736,-116.1475508,180.0,line-c-e34,33.2036330,-116.1473612,180.0,2026-08-19T19:57:12Z,dipole-dipole,4,5,1.135,704.7,199.793,8.285,0.00404,0.00107,0.00640;0.00614;0.00584;0.00426;0.00417;0.00381;0.00329;0.00260;0.00201;0.00148,
line-c-r01537,line-c,line-c-e28,33.2026766,-116.1484988,180.0,line-c-e29,33.2028360,-116.1483092,180.0,line-c-e33,33.2034736,-116.1475508,180.0,line-c-e34,33.2036330,-116.1473612,180.0,2026-08-19T19:57:24Z,dipole-dipole,4,8,1.496,534.9,206.919,7.554,0.00625,0.00084,0.00955;0.00946;0.00850;0.00730;0.00695;0.00572;0.00521;0.00427;0.00307;0.00215,
line-c-r01538,line-c,line-c-e28,33.2026766,-116.1484988,180.0,line-c-e29,33.2028360,-116.1483092,180.0,line-c-e33,33.2034736,-116.1475508,180.0,line-c-e34,33.2036330,-116.1473612,180.0,2026-08-19T19:57:36Z,dipole-dipole,4,8,0.953,839.2,211.733,10.621,0.00545,0.00120,0.00871;0.00745;0.00795;0.00690;0.00546;0.00510;0.00440;0.00349;0.00271;0.00225,
line-c-r01539,line-c,line-c-e28,33.2026766,-116.1484988,180.0,line-c-e29,33.2028360,-116.1483092,180.0,line-c-e33,33.2034736,-116.1475508,180.0,line-c-e34,33.2036330,-116.1473612,180.0,2026-08-19T19:57:48Z,dipole-dipole,4,5,1.448,552.3,203.912,7.892,0.00556,0.00145,0.00935;0.00782;0.00901;0.00668;0.00629;0.00608;0.00424;0.00305;0.00254;0.00202,
line-c-r01540,line-c,line-c-e28,33.2026766,-116.1484988,180.0,line-c-e29,33.2028360,-116.1483092,180.0,line-c-e33,33.2034736,-116.1475508,180.0,line-c-e34,33.2036330,-116.1473612,180.0,2026-08-19T19:58:00Z,dipole-dipole,4,3,1.145,698.9,-156.960,7.394,0.00324,0.00101,0.00478;0.00507;0.00434;0.00398;0.00393;0.00312;0.00260;0.00211;0.00158;0.00115,
line-c-r01541,line-c,line-c-e28,33.2026766,-116.1484988,180.0,line-c-e29,33.2028360,-116.1483092,180.0,line-c-e33,33.2034736,-116.1475508,180.0,line-c-e34,33.2036330,-116.1473612,180.0,2026-08-19T19:58:12Z,dipole-dipole,4,4,1.039,769.7,210.300,7.586,0.00699,0.00150,0.01167;0.01130;0.00975;0.00862;0.00715;0.00702;0.00583;0.00405;0.00345;0.00244,
line-c-r01542,line-c,line-c-e28,33.2026766,-116.1484988,180.0,line-c-e29,33.2028360,-116.1483092,180.0,line-c-e34,33.2036330,-116.1473612,180.0,line-c-e35,33.2037923,-116.1471716,180.0,2026-08-19T19:58:24Z,dipole-dipole,5,6,1.125,710.8,199.216,8.340,0.00497,0.00089,0.00786;0.00717;0.00698;0.00619;0.00615;0.00466;0.00361;0.00313;0.00265;0.00174,
line-c-r01543,line-c,line-c-e28,33.2026766,-116.1484988,180.0,line-c-e29,33.2028360,-116.1483092,180.0,line-c-e34,33.2036330,-116.1473612,180.0,line-c-e35,33.2037923,-116.1471716,180.0,2026-08-19T19:58:36Z,dipole-dipole,5,6,1.096,730.0,199.895,8.000,0.00530,0.00091,0.00875;0.00764;0.00692;0.00680;0.00555;0.00555;0.00410;0.00325;0.00248;0.00184,
line-c-r01544,line-c,line-c-e28,33.2026766,-116.1484988,180.0,line-c-e29,33.2028360,-116.1483092,180.0,line-c-e34,33.2036330,-116.1473612,180.0,line-c-e35,33.2037923,-116.1471716,180.0,2026-08-19T19:58:48Z,dipole-dipole,5,6,0.987,810.4,191.870,7.584,0.00675,0.00096,0.01089;0.01042;0.00901;0.00857;0.00745;0.00643;0.00496;0.00407;0.00346;0.00233,
line-c-r01545,line-c,line-c-e28,33.2026766,-116.1484988,180.0,line-c-e29,33.2028360,-116.1483092,180.0,line-c-e34,33.2036330,-116.1473612,180.0,line-c-e35,33.2037923,-116.1471716,180.0,2026-08-19T19:59:00Z,dipole-dipole,5,4,1.104,724.8,186.762,10.344,0.00797,0.00125,0.01330;0.01257;0.01064;0.00972;0.00847;0.00776;0.00658;0.00498;0.00348;0.00289,
line-c-r01546,line-c,line-c-e28,33.2026766,-116.1484988,180.0,line-c-e29,33.2028360,-116.1483092,180.0,line-c-e34,33.2036330,-116.1473612,180.0,line-c-e35,33.2037923,-116.1471716,180.0,2026-08-19T19:59:12Z,dipole-dipole,5,7,0.907,881.8,213.128,8.727,0.00574,0.00098,0.00844;0.00829;0.00832;0.00707;0.00614;0.00560;0.00473;0.00377;0.00251;0.00217,
line-c-r01547,line-c,line-c-e28,33.2026766,-116.1484988,180.0,line-c-e29,33.2028360,-116.1483092,180.0,line-c-e34,33.2036330,-116.1473612,180.0,line-c-e35,33.2037923,-116.1471716,180.0,2026-08-19T19:59:24Z,dipole-dipole,5,7,1.227,652.0,190.688,8.020,0.00350,0.00116,0.00631;0.00530;0.00499;0.00399;0.00385;0.00336;0.00297;0.00227;0.00183;0.00127,
line-c-r01548,line-c,line-c-e28,33.2026766,-116.1484988,180.0,line-c-e29,33.2028360,-116.1483092,180.0,line-c-e35,33.2037923,-116.1471716,180.0,line-c-e36,33.2039517,-116.1469820,180.0,2026-08-19T19:59:36Z,dipole-dipole,6,5,1.121,713.9,181.965,7.210,0.00576,0.00108,0.00909;0.00807;0.00779;0.00697;0.00647;0.00564;0.00438;0.00313;0.00268;0.00201,
line-c-r01549,line-c,line-c-e28,33.2026766,-116.1484988,180.0,line-c-e29,33.2028360,-116.1483092,180.0,line-c-e35,33.2037923,-116.1471716,180.0,line-c-e36,33.2039517,-116.1469820,180.0,2026-08-19T19:59:48Z,dipole-dipole,6,3,1.019,785.2,201.697,8.449,0.00315,0.00165,0.00498;0.00472;0.00392;0.00459;0.00341;0.00285;0.00250;0.00196;0.00145;0.00111,
line-c-r01550,line-c,line-c-e28,33.2026766,-116.1484988,180.0,line-c-e29,33.2028360,-116.1483092,180.0,line-c-e35,33.2037923,-116.1471716,180.0,line-c-e36,33.2039517,-116.1469820,180.0,2026-08-19T20:00:00Z,dipole-dipole,6,5,0.886,903.2,215.492,8.766,0.00493,0.00103,0.00819;0.00704;0.00757;0.00593;0.00572;0.00509;0.00390;0.00346;0.00233;0.00176,
line-c-r01551,line-c,line-c-e28,33.2026766,-116.1484988,180.0,line-c-e29,33.2028360,-116.1483092,180.0,line-c-e35,33.2037923,-116.1471716,180.0,line-c-e36,33.2039517,-116.1469820,180.0,2026-08-19T20:00:12Z,dipole-dipole,6,8,1.314,608.9,196.689,8.210,0.00507,0.00083,0.00871;0.00810;0.00776;0.00703;0.00543;0.00532;0.00405;0.00287;0.00246;0.00163,
line-c-r01552,line-c,line-c-e28,33.2026766,-116.1484988,180.0,line-c-e29,33.2028360,-116.1483092,180.0,line-c-e35,33.2037923,-116.1471716,180.0,line-c-e36,33.2039517,-116.1469820,180.0,2026-08-19T20:00:24Z,dipole-dipole,6,6,1.286,622.3,198.223,229.508,0.00406,0.00091,0.00611;0.00637;0.00497;0.00501;0.00473;0.00419;0.00317;0.00274;0.00211;0.00138,
line-c-r01553,line-c,line-c-e28,33.2026766,-116.1484988,180.0,line-c-e29,33.2028360,-116.1483092,180.0,line-c-e35,33.2037923,-116.1471716,180.0,line-c-e36,33.2039517,-116.1469820,180.0,2026-08-19T20:00:36Z,dipole-dipole,6,4,1.149,696.3,182.799,6.034,0.00413,0.00111,0.00653;0.00593;0.00581;0.00553;0.00447;0.00376;0.00304;0.00233;0.00204;0.00146,
line-c-r01554,line-c,line-c-e28,33.2026766,-116.1484988,180.0,line-c-e29,33.2028360,-116.1483092,180.0,line-c-e35,33.2037923,-116.1471716,180.0,line-c-e36,33.2039517,-116.1469820,180.0,2026-08-19T20:00:48Z,dipole-dipole,6,4,0.983,813.9,193.095,8.752,0.00557,0.00085,0.00869;0.00899;0.00812;0.00701;0.00615;0.00500;0.00437;0.00353;0.00295;0.00181,
line-c-r01555,line-c,line-c-e28,33.2026766,-116.1484988,180.0,line-c-e29,33.2028360,-116.1483092,180.0,line-c-e35,33.2037923,-116.1471716,180.0,line-c-e36,33.2039517,-116.1469820,180.0,2026-08-19T20:01:00Z,dipole-dipole,6,8,0.988,809.7,208.829,8.178,0.00575,0.00096,0.00918;0.00861;0.00787;0.00712;0.00614;0.00560;0.00471;0.00377;0.00297;0.00228,
line-c-r01556,line-c,line-c-e28,33.2026766,-116.1484988,180.0,line-c-e29,33.2028360,-116.1483092,180.0,line-c-e36,33.2039517,-116.1469820,180.0,line-c-e37,33.2041111,-116.1467924,180.0,2026-08-19T20:01:12Z,dipole-dipole,7,3,0.986,811.4,210.497,9.209,0.00394,0.00134,0.00622;0.00584;0.00529;0.00473;0.00441;0.00350;0.00327;0.00267;0.00200;0.00147,
line-c-r01557,line-c,line-c-e28,33.2026766,-116.1484988,180.0,line-c-e29,33.2028360,-116.1483092,180.0,line-c-e36,33.2039517,-116.1469820,180.0,line-c-e37,33.2041111,-116.1467924,180.0,2026-08-19T20:01:24Z,dipole-dipole,7,4,1.189,673.0,213.211,8.371,0.00360,0.00083,0.00585;0.00480;0.00526;0.00457;0.00372;0.00357;0.00275;0.00224;0.00189;0.00120,
line-c-r01558,line-c,line-c-e28,33.2026766,-116.1484988,180.0,line-c-e29,33.2028360,-116.1483092,180.0,line-c-e36,33.2039517,-116.1469820,180.0,line-c-e37,33.2041111,-116.1467924,180.0,2026-08-19T20:01:36Z,dipole-dipole,7,6,1.222,654.5,196.778,8.035,0.00462,0.00143,0.00747;0.00701;0.00654;0.00546;0.00478;0.00475;0.00382;0.00299;0.00221;0.00156,
line-c-r01559,line-c,line-c-e28,33.2026766,-116.1484988,180.0,line-c-e29,33.2028360,-116.1483092,180.0,line-c-e36,33.2039517,-116.1469820,180.0,line-c-e37,33.2041111,-116.1467924,180.0,2026-08-19T20:01:48Z,dipole-dipole,7,4,1.053,759.7,197.970,7.837,0.00499,0.00105,0.00752;0.00790;0.00630;0.00640;0.00564;0.00443;0.00394;0.00311;0.00247;0.00190,
line-c-r01560,line-c,line-c-e28,33.2026766,-116.1484988,180.0,line-c-e29,33.2028360,-116.1483092,180.0,line-c-e36,33.2039517,-116.1469820,180.0,line-c-e37,33.2041111,-116.1467924,180.0,2026-08-19T20:02:00Z,dipole-dipole,7,4,1.392,574.9,201.341,6.884,0.00527,0.00128,0.00795;0.00756;0.00751;0.00739;0.00530;0.00514;0.00403;0.00341;0.00262;0.00189,
line-c-r01561,line-c,line-c-e28,33.2026766,-116.1484988,180.0,line-c-e29,33.2028360,-116.1483092,180.0,line-c-e36,33.2039517,-116.1469820,180.0,line-c-e37,33.2041111,-116.1467924,180.0,2026-08-19T20:02:12Z,dipole-dipole,7,7,1.207,663.0,208.149,8.059,0.00626,0.00104,0.01010;0.00969;0.00827;0.00784;0.00667;0.00586;0.00522;0.00403;0.00349;0.00227,
line-c-r01562,line-c,line-c-e28,33.2026766,-116.1484988,180.0,line-c-e29,33.2028360,-116.1483092,180.0,line-c-e36,33.2039517,-116.1469820,180.0,line-c-e37,33.2041111,-116.1467924,180.0,2026-08-19T20:02:24Z,dipole-dipole,7,4,1.104,724.5,194.233,7.160,0.00196,0.00154,0.00296;0.00291;0.00276;0.00244;0.00195;0.00204;0.00161;0.00128;0.00087;0.00069,
line-c-r01563,line-c,line-c-e28,33.2026766,-116.1484988,180.0,line-c-e29,33.2028360,-116.1483092,180.0,line-c-e37,33.2041111,-116.1467924,180.0,line-c-e38,33.2042705,-116.1466028,180.0,2026-08-19T20:02:36Z,dipole-dipole,8,6,1.203,664.9,195.111,6.601,0.00667,0.00082,0.01084;0.00937;0.00876;0.00870;0.00733;0.00689;0.00550;0.00456;0.00308;0.00217,
line-c-r01564,line-c,line-c-e28,33.2026766,-116.1484988,180.0,line-c-e29,33.2028360,-116.1483092,180.0,line-c-e37,33.2041111,-116.1467924,180.0,line-c-e38,33.2042705,-116.1466028,180.0,2026-08-19T20:02:48Z,dipole-dipole,8,4,1.454,550.4,201.842,5.915,0.00395,0.00080,0.00557;0.00540;0.00528;0.00501;0.00456;0.00380;0.00328;0.00221;0.00203;0.00123,
line-c-r01565,line-c,line-c-e28,33.2026766,-116.1484988,180.0,line-c-e29,33.2028360,-116.1483092,180.0,line-c-e37,33.2041111,-116.1467924,180.0,line-c-e38,33.2042705,-116.1466028,180.0,2026-08-19T20:03:00Z,dipole-dipole,8,8,1.551,515.8,191.562,7.200,0.00497,0.00104,0.00828;0.00759;0.00610;0.00685;0.00524;0.00507;0.00381;0.00292;0.00253;0.00180,
line-c-r01566,line-c,line-c-e28,33.2026766,-116.1484988,180.0,line-c-e29,33.2028360,-116.1483092,180.0,line-c-e37,33.2041111,-116.1467924,180.0,line-c-e38,33.2042705,-116.1466028,180.0,2026-08-19T20:03:12Z,dipole-dipole,8,5,1.278,625.9,212.940,9.161,0.00642,0.00125,0.01100;0.00942;0.00888;0.00776;0.00658;0.00516;0.00492;0.00406;0.00309;0.00210,
line-c-r01567,line-c,line-c-e28,33.2026766,-116.1484988,180.0,line-c-e29,33.2028360,-116.1483092,180.0,line-c-e37,33.2041111,-116.1467924,180.0,line-c-e38,33.2042705,-116.1466028,180.0,2026-08-19T20:03:24Z,dipole-dipole,8,4,1.118,715.7,200.753,7.337,0.00499,0.00094,0.00808;0.00750;0.00704;0.00635;0.00571;0.00436;0.00359;0.00339;0.00243;0.00194,
line-c-r01568,line-c,line-c-e28,33.2026766,-116.1484988,180.0,line-c-e29,33.2028360,-116.1483092,180.0,line-c-e37,33.2041111,-116.1467924,180.0,line-c-e38,33.2042705,-116.1466028,180.0,2026-08-19T20:03:36Z,dipole-dipole,8,7,1.144,699.5,191.651,6.909,0.00572,0.00111,0.00200;0.00287;0.00348;0.00414;0.00475;0.00597;0.00757;0.00769;0.00823;0.00882,
line-c-r01569,line-c,line-c-e29,33.2028360,-116.1483092,180.0,line-c-e30,33.2029954,-116.1481196,180.0,line-c-e31,33.2031548,-116.1479300,180.0,line-c-e32,33.2033142,-116.1477404,180.0,2026-08-19T20:03:48Z,dipole-dipole,1,5,1.408,568.1,192.302,7.694,0.00523,0.00102,0.00804;0.00813;0.00792;0.00662;0.00586;0.00469;0.00412;0.00325;0.00259;0.00192,
line-c-r01570,line-c,line-c-e29,33.2028360,-116.1483092,180.0,line-c-e30,33.2029954,-116.1481196,180.0,line-c-e31,33.2031548,-116.1479300,180.0,line-c-e32,33.2033142,-116.1477404,180.0,2026-08-19T20:04:00Z,dipole-dipole,1,8,1.215,658.6,199.391,7.577,0.00449,0.00093,0.00669;0.00707;0.00540;0.00524;0.00497;0.00437;0.00333;0.00271;0.00225;0.00174,
line-c-r01571,line-c,line-c-e29,33.2028360,-116.1483092,180.0,line-c-e30,33.2029954,-116.1481196,180.0,line-c-e31,33.2031548,-116.1479300,180.0,line-c-e32,33.2033142,-116.1477404,180.0,2026-08-19T20:04:12Z,dipole-dipole,1,3,1.398,572.4,208.818,10.833,0.00590,0.00157,0.00972;0.00803;0.00931;0.00780;0.00646;0.00515;0.00440;0.00396;0.00282;0.00199,
line-c-r01572,line-c,line-c-e29,33.2028360,-116.1483092,180.0,line-c-e30,33.2029954,-116.1481196,180.0,line-c-e31,33.2031548,-116.1479300,180.0,line-c-e32,33.2033142,-116.1477404,180.0,2026-08-19T20:04:24Z,dipole-dipole,1,8,1.004,796.4,210.159,8.612,0.00456,0.00143,0.00773;0.00679;0.00610;0.00563;0.00561;0.00439;0.00371;0.00303;0.00213;0.00158,
line-c-r01573,line-c,line-c-e29,33.2028360,-116.1483092,180.0,line-c-e30,33.2029954,-116.1481196,180.0,line-c-e31,33.2031548,-116.1479300,180.0,line-c-e32,33.2033142,-116.1477404,180.0,2026-08-19T20:04:36Z,dipole-dipole,1,5,1.093,731.6,208.375,6.416,0.00512,0.00105,0.00778;0.00809;0.00786;0.00706;0.00531;0.00485;0.00443;0.00326;0.00252;0.00189,
line-c-r01574,line-c,line-c-e29,33.2028360,-116.1483092,180.0,line-c-e30,33.2029954,-116.1481196,180.0,line-c-e31,33.2031548,-116.1479300,180.0,line-c-e32,33.2033142,-116.1477404,180.0,2026-08-19T20:04:48Z,dipole-dipole,1,3,0.969,825.9,198.095,6.172,0.00522,0.00118,0.00755;0.00767;0.00702;0.00669;0.00555;0.00486;0.00427;0.00353;0.00237;0.00186,
line-c-r01575,line-c,line-c-e29,33.2028360,-116.1483092,180.0,line-c-e30,33.2029954,-116.1481196,180.0,line-c-e32,33.2033142,-116.1477404,180.0,line-c-e33,33.2034736,-116.1475508,180.0,2026-08-19T20:05:00Z,dipole-dipole,2,7,1.514,528.4,209.724,7.675,0.00301,0.00108,0.00533;0.00438;0.00415;0.00368;0.00353;0.00283;0.00261;0.00202;0.00156;0.00115,
line-c-r01576,line-c,line-c-e29,33.2028360,-116.1483092,180.0,line-c-e30,33.2029954,-116.1481196,180.0,line-c-e32,33.2033142,-116.1477404,180.0,line-c-e33,33.2034736,-116.1475508,180.0,2026-08-19T20:05:12Z,dipole-dipole,2,5,1.054,759.3,199.532,440.211,0.00689,0.00096,0.01014;0.01107;0.00876;0.00863;0.00683;0.00654;0.00528;0.00428;0.00301;0.00268,
line-c-r01577,line-c,line-c-e29,33.2028360,-116.1483092,180.0,line-c-e30,33.2029954,-116.1481196,180.0,line-c-e32,33.2033142,-116.1477404,180.0,line-c-e33,33.2034736,-116.1475508,180.0,2026-08-19T20:05:24Z,dipole-dipole,2,4,0.912,877.6,190.746,7.573,0.00497,0.00111,0.00732;0.00684;0.00722;0.00524;0.00517;0.00487;0.00395;0.00289;0.00233;0.00178,
line-c-r01578,line-c,line-c-e29,33.2028360,-116.1483092,180.0,line-c-e30,33.2029954,-116.1481196,180.0,line-c-e32,33.2033142,-116.1477404,180.0,line-c-e33,33.2034736,-116.1475508,180.0,2026-08-19T20:05:36Z,dipole-dipole,2,4,1.032,775.0,201.868,7.112,0.00393,0.00091,0.00692;0.00541;0.00559;0.00484;0.00467;0.00368;0.00323;0.00260;0.00194;0.00136,
line-c-r01579,line-c,line-c-e29,33.2028360,-116.1483092,180.0,line-c-e30,33.2029954,-116.1481196,180.0,line-c-e32,33.2033142,-116.1477404,180.0,line-c-e33,33.2034736,-116.1475508,180.0,2026-08-19T20:05:48Z,dipole-dipole,2,8,1.309,611.2,193.013,8.310,0.00538,0.00106,0.00839;0.00801;0.00722;0.00662;0.00644;0.00497;0.00440;0.00342;0.00269;0.00201,
line-c-r01580,line-c,line-c-e29,33.2028360,-116.1483092,180.0,line-c-e30,33.2029954,-116.1481196,180.0,line-c-e32,33.2033142,-116.1477404,180.0,line-c-e33,33.2034736,-116.1475508,180.0,2026-08-19T20:06:00Z,dipole-dipole,2,6,1.245,642.6,197.838,9.151,0.00255,0.00101,0.00404;0.00394;0.00327;0.00309;0.00269;0.00199;0.00210;0.00163;0.00129;0.00094,
line-c-r01581,line-c,line-c-e29,33.2028360,-116.1483092,180.0,line-c-e30,33.2029954,-116.1481196,180.0,line-c-e32,33.2033142,-116.1477404,180.0,line-c-e33,33.2034736,-116.1475508,180.0,2026-08-19T20:06:12Z,dipole-dipole,2,6,1.044,766.3,203.524,6.792,0.00412,0.00110,0.00658;0.00617;0.00625;0.00525;0.00478;0.00420;0.00337;0.00264;0.00197;0.00146,
line-c-r01582,line-c,line-c-e29,33.2028360,-116.1483092,180.0,line-c-e30,33.2029954,-116.1481196,180.0,line-c-e32,33.2033142,-116.1477404,180.0,line-c-e33,33.2034736,-116.1475508,180.0,2026-08-19T20:06:24Z,dipole-dipole,2,8,0.898,891.1,189.558,7.263,0.00479,0.00119,0.00838;0.00750;0.00656;0.00629;0.00514;0.00392;0.00386;0.00291;0.00252;0.00155,
line-c-r01583,line-c,line-c-e29,33.2028360,-116.1483092,180.0,line-c-e30,33.2029954,-116.1481196,180.0,line-c-e33,33.2034736,-116.1475508,180.0,line-c-e34,33.2036330,-116.1473612,180.0,2026-08-19T20:06:36Z,dipole-dipole,3,5,1.020,784.6,209.237,6.984,0.00617,0.00081,0.00944;0.00860;0.00869;0.00789;0.00833;0.00503;0.00557;0.00396;0.00305;0.00209,
line-c-r01584,line-c,line-c-e29,33.2028360,-116.1483092,180.0,line-c-e30,33.2029954,-116.1481196,180.0,line-c-e33,33.2034736,-116.1475508,180.0,line-c-e34,33.2036330,-116.1473612,180.0,2026-08-19T20:06:48Z,dipole-dipole,3,4,1.092,732.5,203.726,8.313,0.00537,0.00073,0.00875;0.00849;0.00809;0.00630;0.00617;0.00508;0.00408;0.00345;0.00284;0.00181,
line-c-r01585,line-c,line-c-e29,33.2028360,-116.1483092,180.0,line-c-e30,33.2029954,-116.1481196,180.0,line-c-e33,33.2034736,-116.1475508,180.0,line-c-e34,33.2036330,-116.1473612,180.0,2026-08-19T20:07:00Z,dipole-dipole,3,3,0.935,855.8,213.577,7.372,0.00528,0.00085,0.00802;0.00752;0.00775;0.00684;0.00578;0.00493;0.00425;0.00335;0.00259;0.00198,
line-c-r01586,line-c,line-c-e29,33.2028360,-116.1483092,180.0,line-c-e30,33.2029954,-116.1481196,180.0,line-c-e33,33.2034736,-116.1475508,180.0,line-c-e34,33.2036330,-116.1473612,180.0,2026-08-19T20:07:12Z,dipole-dipole,3,7,1.212,660.1,196.521,6.927,0.00443,0.00087,0.00660;0.00619;0.00639;0.00558;0.00447;0.00467;0.00347;0.00260;0.00211;0.00158,
line-c-r01587,line-c,line-c-e29,33.2028360,-116.1483092,180.0,line-c-e30,33.2029954,-116.1481196,180.0,line-c-e33,33.2034736,-116.1475508,180.0,line-c-e34,33.2036330,-116.1473612,180.0,2026-08-19T20:07:24Z,dipole-dipole,3,4,1.377,580.8,207.107,7.163,0.00432,0.00102,0.00164;0.00237;0.00279;0.00335;0.00403;0.00486;0.00522;0.00599;0.00668;0.00633,
line-c-r01588,line-c,line-c-e29,33.2028360,-116.1483092,180.0,line-c-e30,33.2029954,-116.1481196,180.0,line-c-e33,33.2034736,-116.1475508,180.0,line-c-e34,33.2036330,-116.1473612,180.0,2026-08-19T20:07:36Z,dipole-dipole,3,6,1.325,603.7,205.733,7.651,0.00532,0.00084,0.00812;0.00808;0.00669;0.00642;0.00656;0.00557;0.00452;0.00360;0.00210;0.00188,
line-c-r01589,line-c,line-c-e29,33.2028360,-116.1483092,180.0,line-c-e30,33.2029954,-116.1481196,180.0,line-c-e33,33.2034736,-116.1475508,180.0,line-c-e34,33.2036330,-116.1473612,180.0,2026-08-19T20:07:48Z,dipole-dipole,3,3,1.149,696.4,187.201,8.423,0.00487,0.00125,0.00802;0.00722;0.00734;0.00557;0.00538;0.00458;0.00374;0.00332;0.00256;0.00177,
line-c-r01590,line-c,line-c-e29,33.2028360,-116.1483092,180.0,line-c-e30,33.2029954,-116.1481196,180.0,line-c-e34,33.2036330,-116.1473612,180.0,line-c-e35,33.2037923,-116.1471716,180.0,2026-08-19T20:08:00Z,dipole-dipole,4,7,1.128,709.0,197.948,7.628,0.00519,0.00099,0.00777;0.00769;0.00738;0.00650;0.00527;0.00465;0.00395;0.00336;0.00250;0.00190,
line-c-r01591,line-c,line-c-e29,33.2028360,-116.1483092,180.0,line-c-e30,33.2029954,-116.1481196,180.0,line-c-e34,33.2036330,-116.1473612,180.0,line-c-e35,33.2037923,-116.1471716,180.0,2026-08-19T20:08:12Z,dipole-dipole,4,4,1.165,686.6,201.598,6.541,0.00449,0.00135,0.00727;0.00733;0.00715;0.00525;0.00479;0.00420;0.00348;0.00297;0.00210;0.00166,
line-c-r01592,line-c,line-c-e29,33.2028360,-116.1483092,180.0,line-c-e30,33.2029954,-116.1481196,180.0,line-c-e34,33.2036330,-116.1473612,180.0,line-c-e35,33.2037923,-116.1471716,180.0,2026-08-19T20:08:24Z,dipole-dipole,4,6,1.181,677.7,204.455,6.429,0.00476,0.00129,0.00756;0.00670;0.00615;0.00605;0.00515;0.00468;0.00392;0.00314;0.00242;0.00176,
line-c-r01593,line-c,line-c-e29,33.2028360,-116.1483092,180.0,line-c-e30,33.2029954,-116.1481196,180.0,line-c-e34,33.2036330,-116.1473612,180.0,line-c-e35,33.2037923,-116.1471716,180.0,2026-08-19T20:08:36Z,dipole-dipole,4,5,1.155,692.6,202.748,7.504,0.00454,0.00096,0.00732;0.00620;0.00579;0.00599;0.00477;0.00399;0.00382;0.00274;0.00215;0.00159,
line-c-r01594,line-c,line-c-e29,33.2028360,-116.1483092,180.0,line-c-e30,33.2029954,-116.1481196,180.0,line-c-e34,33.2036330,-116.1473612,180.0,line-c-e35,33.2037923,-116.1471716,180.0,2026-08-19T20:08:48Z,dipole-dipole,4,4,1.221,655.4,204.865,7.492,0.00439,0.00132,0.00703;0.00625;0.00536;0.00543;0.00460;0.00398;0.00349;0.00288;0.00218;0.00149,
line-c-r01595,line-c,line-c-e29,33.2028360,-116.1483092,180.0,line-c-e30,33.2029954,-116.1481196,180.0,line-c-e34,33.2036330,-116.1473612,180.0,line-c-e35,33.2037923,-116.1471716,180.0,2026-08-19T20:09:00Z,dipole-dipole,4,8,1.219,656.2,204.430,7.336,0.00577,0.00085,0.00976;0.00869;0.00771;0.00613;0.00694;0.00564;0.00486;0.00372;0.00283;0.00211,
line-c-r01596,line-c,line-c-e29,33.2028360,-116.1483092,180.0,line-c-e30,33.2029954,-116.1481196,180.0,line-c-e34,33.2036330,-116.1473612,180.0,line-c-e35,33.2037923,-116.1471716,180.0,2026-08-19T20:09:12Z,dipole-dipole,4,5,1.334,599.8,192.233,7.712,0.00595,0.00133,0.00902;0.00834;0.00862;0.00655;0.00672;0.00519;0.00505;0.00372;0.00308;0.00218,
line-c-r01597,line-c,line-c-e29,33.2028360,-116.1483092,180.0,line-c-e30,33.2029954,-116.1481196,180.0,line-c-e34,33.2036330,-116.1473612,180.0,line-c-e35,33.2037923,-116.1471716,180.0,2026-08-19T20:09:24Z,dipole-dipole,4,8,1.127,710.1,202.301,6.109,0.00445,0.00109,0.00690;0.00605;0.00618;0.00558;0.00548;0.00418;0.00342;0.00278;0.00206;0.00174,
line-c-r01598,line-c,line-c-e29,33.2028360,-116.1483092,180.0,line-c-e30,33.2029954,-116.1481196,180.0,line-c-e35,33.2037923,-116.1471716,180.0,line-c-e36,33.2039517,-116.1469820,180.0,2026-08-19T20:09:36Z,dipole-dipole,5,4,1.034,773.5,195.647,10.464,0.00557,0.00097,0.00940;0.00773;0.00645;0.00666;0.00632;0.00533;0.00423;0.00384;0.00274;0.00195,
line-c-r01599,line-c,line-c-e29,33.2028360,-116.1483092,180.0,line-c-e30,33.2029954,-116.1481196,180.0,line-c-e35,33.2037923,-116.1471716,180.0,line-c-e36,33.2039517,-116.1469820,180.0,2026-08-19T20:09:48Z,dipole-dipole,5,3,1.163,687.8,188.796,9.018,0.00410,0.00101,0.00673;0.00615;0.00527;0.00511;0.00399;0.00420;0.00356;0.00241;0.00192;0.00139,
line-c-r01600,line-c,line-c-e29,33.2028360,-116.1483092,180.0,line-c-e30,33.2029954,-116.1481196,180.0,line-c-e35,33.2037923,-116.1471716,180.0,line-c-e36,33.2039517,-116.1469820,180.0,2026-08-19T20:10:00Z,dipole-dipole,5,7,1.354,590.9,215.051,9.475,0.00448,0.00087,0.00811;0.00646;0.00677;0.00550;0.00497;0.00475;0.00339;0.00268;0.00213;0.00165,
line-c-r01601,line-c,line-c-e29,33.2028360,-116.1483092,180.0,line-c-e30,33.2029954,-116.1481196,180.0,line-c-e35,33.2037923,-116.1471716,180.0,line-c-e36,33.2039517,-116.1469820,180.0,2026-08-19T20:10:12Z,dipole-dipole,5,8,1.087,735.7,198.099,8.249,0.00438,0.00081,0.00743;0.00608;0.00585;0.00596;0.00483;0.00415;0.00331;0.00246;0.00219;0.00151,
line-c-r01602,line-c,line-c-e29,33.2028360,-116.1483092,180.0,line-c-e30,33.2029954,-116.1481196,180.0,line-c-e35,33.2037923,-116.1471716,180.0,line-c-e36,33.2039517,-116.1469820,180.0,2026-08-19T20:10:24Z,dipole-dipole,5,6,1.110,720.6,195.404,9.369,0.00670,0.00107,0.01038;0.00930;0.00839;0.00821;0.00746;0.00639;0.00548;0.00435;0.00335;0.00253,
line-c-r01603,line-c,line-c-e29,33.2028360,-116.1483092,180.0,line-c-e30,33.2029954,-116.1481196,180.0,line-c-e35,33.2037923,-116.1471716,180.0,line-c-e36,33.2039517,-116.1469820,180.0,2026-08-19T20:10:36Z,dipole-dipole,5,4,1.175,680.6,209.922,8.798,0.00481,0.00107,0.00780;0.00770;0.00691;0.00608;0.00579;0.00444;0.00391;0.00310;0.00252;0.00158,
line-c-r01604,line-c,line-c-e29,33.2028360,-116.1483092,180.0,line-c-e30,33.2029954,-116.1481196,180.0,line-c-e35,33.2037923,-116.1471716,180.0,line-c-e36,33.2039517,-116.1469820,180.0,2026-08-19T20:10:48Z,dipole-dipole,5,3,0.997,802.3,195.305,8.601,0.00649,0.00122,0.01028;0.01026;0.00848;0.00823;0.00731;0.00592;0.00552;0.00470;0.00322;0.00223,
line-c-r01605,line-c,line-c-e29,33.2028360,-116.1483092,180.0,line-c-e30,33.2029954,-116.1481196,180.0,line-c-e36,33.2039517,-116.1469820,180.0,line-c-e37,33.2041111,-116.1467924,180.0,2026-08-19T20:11:00Z,dipole-dipole,6,7,1.086,736.6,194.838,7.523,0.00553,0.00072,0.00905;0.00826;0.00716;0.00703;0.00521;0.00599;0.00449;0.00368;0.00269;0.00209,
line-c-r01606,line-c,line-c-e29,33.2028360,-116.1483092,180.0,line-c-e30,33.2029954,-116.1481196,180.0,line-c-e36,33.2039517,-116.1469820,180.0,line-c-e37,33.2041111,-116.1467924,180.0,2026-08-19T20:11:12Z,dipole-dipole,6,6,0.915,874.5,198.184,8.402,0.00474,0.00821,0.00813;0.00687;0.00654;0.00517;0.00500;0.00458;0.00357;0.00283;0.00229;0.00171,
line-c-r01607,line-c,line-c-e29,33.2028360,-116.1483092,180.0,line-c-e30,33.2029954,-116.1481196,180.0,line-c-e36,33.2039517,-116.1469820,180.0,line-c-e37,33.2041111,-116.1467924,180.0,2026-08-19T20:11:24Z,dipole-dipole,6,8,0.886,902.8,195.243,7.376,0.00432,0.00106,0.00687;0.00637;0.00549;0.00542;0.00488;0.00405;0.00340;0.00243;0.00203;0.00163,
line-c-r01608,line-c,line-c-e29,33.2028360,-116.1483092,180.0,line-c-e30,33.2029954,-116.1481196,180.0,line-c-e36,33.2039517,-116.1469820,180.0,line-c-e37,33.2041111,-116.1467924,180.0,2026-08-19T20:11:36Z,dipole-dipole,6,5,1.199,667.0,195.693,7.503,0.00436,0.00108,0.00690;0.00628;0.00608;0.00588;0.00468;0.00427;0.00342;0.00297;0.00212;0.00165,
line-c-r01609,line-c,line-c-e29,33.2028360,-116.1483092,180.0,line-c-e30,33.2029954,-116.1481196,180.0,line-c-e36,33.2039517,-116.1469820,180.0,line-c-e37,33.2041111,-116.1467924,180.0,2026-08-19T20:11:48Z,dipole-dipole,6,8,1.025,780.7,198.065,8.605,0.00617,0.00094,0.00832;0.00925;0.00832;0.00787;0.00662;0.00540;0.00499;0.00406;0.00298;0.00231,
line-c-r01610,line-c,line-c-e29,33.2028360,-116.1483092,180.0,line-c-e30,33.2029954,-116.1481196,180.0,line-c-e36,33.2039517,-116.1469820,180.0,line-c-e37,33.2041111,-116.1467924,180.0,2026-08-19T20:12:00Z,dipole-dipole,6,5,1.377,580.9,201.750,8.461,0.00573,0.00128,0.00955;0.00799;0.00731;0.00703;0.00629;0.00544;0.00424;0.00381;0.00269;0.00175,
line-c-r01611,line-c,line-c-e29,33.2028360,-116.1483092,180.0,line-c-e30,33.2029954,-116.1481196,180.0,line-c-e36,33.2039517,-116.1469820,180.0,line-c-e37,33.2041111,-116.1467924,180.0,2026-08-19T20:12:12Z,dipole-dipole,6,7,1.106,723.0,188.086,9.381,0.00459,0.00090,0.00710;0.00711;0.00631;0.00564;0.00509;0.00440;0.00331;0.00288;0.00238;0.00157,
line-c-r01612,line-c,line-c-e29,33.2028360,-116.1483092,180.0,line-c-e30,33.2029954,-116.1481196,180.0,line-c-e36,33.2039517,-116.1469820,180.0,line-c-e37,33.2041111,-116.1467924,180.0,2026-08-19T20:12:24Z,dipole-dipole,6,7,0.850,941.0,-144.929,6.629,0.00653,0.00080,0.00968;0.00976;0.00871;0.00832;0.00679;0.00629;0.00447;0.00433;0.00304;0.00236,
line-c-r01613,line-c,line-c-e29,33.2028360,-116.1483092,180.0,line-c-e30,33.2029954,-116.1481196,180.0,line-c-e37,33.2041111,-116.1467924,180.0,line-c-e38,33.2042705,-116.1466028,180.0,2026-08-19T20:12:36Z,dipole-dipole,7,7,1.185,674.8,193.742,7.128,0.00573,0.00101,0.00904;0.00745;0.00731;0.00654;0.00673;0.00492;0.00426;0.00361;0.00256;0.00219,
line-c-r01614,line-c,line-c-e29,33.2028360,-116.1483092,180.0,line-c-e30,33.2029954,-116.1481196,180.0,line-c-e37,33.2041111,-116.1467924,180.0,line-c-e38,33.2042705,-116.1466028,180.0,2026-08-19T20:12:48Z,dipole-dipole,7,7,1.344,595.1,195.761,5.078,0.00474,0.00111,0.00677;0.00689;0.00616;0.00574;0.00502;0.00427;0.00406;0.00304;0.00259;0.00174,
line-c-r01615,line-c,line-c-e29,33.2028360,-116.1483092,180.0,line-c-e30,33.2029954,-116.1481196,180.0,line-c-e37,33.2041111,-116.1467924,180.0,line-c-e38,33.2042705,-116.1466028,180.0,2026-08-19T20:13:00Z,dipole-dipole,7,5,1.489,537.2,203.417,7.543,0.00524,0.00102,0.00839;0.00736;0.00724;0.00659;0.00559;0.00450;0.00426;0.00284;0.00255;0.00189,
line-c-r01616,line-c,line-c-e29,33.2028360,-116.1483092,180.0,line-c-e30,33.2029954,-116.1481196,180.0,line-c-e37,33.2041111,-116.1467924,180.0,line-c-e38,33.2042705,-116.1466028,180.0,2026-08-19T20:13:12Z,dipole-dipole,7,6,1.069,748.1,192.164,6.182,0.00246,0.00100,0.00395;0.00393;0.00331;0.00302;0.00282;0.00235;0.00202;0.00167;0.00116;0.00084,
line-c-r01617,line-c,line-c-e29,33.2028360,-116.1483092,180.0,line-c-e30,33.2029954,-116.1481196,180.0,line-c-e37,33.2041111,-116.1467924,180.0,line-c-e38,33.2042705,-116.1466028,180.0,2026-08-19T20:13:24Z,dipole-dipole,7,4,1.662,481.4,203.770,6.911,0.00304,0.00091,0.00531;0.00405;0.00426;0.00411;0.00359;0.00317;0.00223;0.00212;0.00144;0.00102,
line-c-r01618,line-c,line-c-e29,33.2028360,-116.1483092,180.0,line-c-e30,33.2029954,-116.1481196,180.0,line-c-e37,33.2041111,-116.1467924,180.0,line-c-e38,33.2042705,-116.1466028,180.0,2026-08-19T20:13:36Z,dipole-dipole,7,8,1.273,628.5,210.643,7.241,0.00282,0.00110,0.00466;0.00390;0.00370;0.00337;0.00295;0.00288;0.00220;0.00192;0.00143;0.00099,
line-c-r01619,line-c,line-c-e29,33.2028360,-116.1483092,180.0,line-c-e30,33.2029954,-116.1481196,180.0,line-c-e37,33.2041111,-116.1467924,180.0,line-c-e38,33.2042705,-116.1466028,180.0,2026-08-19T20:13:48Z,dipole-dipole,7,5,1.046,765.1,202.442,7.965,0.00596,0.00110,0.00853;0.00953;0.00773;0.00819;0.00664;0.00540;0.00467;0.00381;0.00278;0.00224,
line-c-r01620,line-c,line-c-e29,33.2028360,-116.1483092,180.0,line-c-e30,33.2029954,-116.1481196,180.0,line-c-e37,33.2041111,-116.1467924,180.0,line-c-e38,33.2042705,-116.1466028,180.0,2026-08-19T20:14:00Z,dipole-dipole,7,6,1.244,643.1,192.680,8.726,0.00665,0.00104,0.01089;0.00977;0.00871;0.00876;0.00735;0.00685;0.00581;0.00420;0.00318;0.00222,
line-c-r01621,line-c,line-c-e29,33.2028360,-116.1483092,180.0,line-c-e30,33.2029954,-116.1481196,180.0,line-c-e38,33.2042705,-116.1466028,180.0,line-c-e39,33.2044299,-116.1464132,180.0,2026-08-19T20:14:12Z,dipole-dipole,8,3,1.023,782.3,192.092,6.840,0.00627,0.00092,0.00972;0.01094;0.00876;0.00750;0.00738;0.00587;0.00481;0.00386;0.00334;0.00223,
line-c-r01622,line-c,line-c-e29,33.2028360,-116.1483092,180.0,line-c-e30,33.2029954,-116.1481196,180.0,line-c-e38,33.2042705,-116.1466028,180.0,line-c-e39,33.2044299,-116.1464132,180.0,2026-08-19T20:14:24Z,dipole-dipole,8,6,1.059,755.6,203.427,7.287,0.00520,0.00109,0.00799;0.00739;0.00736;0.00606;0.00578;0.00504;0.00418;0.00334;0.00254;0.00178,
line-c-r01623,line-c,line-c-e29,33.2028360,-116.1483092,180.0,line-c-e30,33.2029954,-116.1481196,180.0,line-c-e38,33.2042705,-116.1466028,180.0,line-c-e39,33.2044299,-116.1464132,180.0,2026-08-19T20:14:36Z,dipole-dipole,8,5,0.846,945.7,208.672,8.782,0.00407,0.00113,0.00650;0.00664;0.00519;0.00476;0.00447;0.00359;0.00319;0.00253;0.00207;0.00143,
line-c-r01624,line-c,line-c-e29,33.2028360,-116.1483092,180.0,line-c-e30,33.2029954,-116.1481196,180.0,line-c-e38,33.2042705,-116.1466028,180.0,line-c-e39,33.2044299,-116.1464132,180.0,2026-08-19T20:14:48Z,dipole-dipole,8,4,1.070,748.0,184.573,9.285,0.00494,0.00104,0.00886;0.00750;0.00737;0.00589;0.00574;0.00437;0.00396;0.00321;0.00223;0.00183,
line-c-r01625,line-c,line-c-e29,33.2028360,-116.1483092,180.0,line-c-e30,33.2029954,-116.1481196,180.0,line-c-e38,33.2042705,-116.1466028,180.0,line-c-e39,33.2044299,-116.1464132,180.0,2026-08-19T20:15:00Z,dipole-dipole,8,7,1.446,553.2,213.440,8.456,0.00479,0.00112,0.00672;0.00681;0.00643;0.00611;0.00460;0.00429;0.00420;0.00302;0.00237;0.00159,
line-c-r01626,line-c,line-c-e29,33.2028360,-116.1483092,180.0,line-c-e30,33.2029954,-116.1481196,180.0,line-c-e38,33.2042705,-116.1466028,180.0,line-c-e39,33.2044299,-116.1464132,180.0,2026-08-19T20:15:12Z,dipole-dipole,8,3,1.268,631.1,203.595,7.828,0.00388,0.00111,0.00599;0.00531;0.00512;0.00480;0.00390;0.00393;0.00277;0.00222;0.00199;0.00132,
line-c-r01627,line-c,line-c-e29,33.2028360,-116.1483092,180.0,line-c-e30,33.2029954,-116.1481196,180.0,line-c-e38,33.2042705,-116.1466028,180.0,line-c-e39,33.2044299,-116.1464132,180.0,2026-08-19T20:15:24Z,dipole-dipole,8,7,1.007,794.5,198.160,6.465,0.00611,0.00114,0.01000;0.00901;0.00795;0.00707;0.00701;0.00586;0.00462;0.00394;0.00305;0.00205,
line-c-r01628,line-c,line-c-e29,33.2028360,-116.1483092,180.0,line-c-e30,33.2029954,-116.1481196,180.0,line-c-e38,33.2042705,-116.1466028,180.0,line-c-e39,33.2044299,-116.1464132,180.0,2026-08-19T20:15:36Z,dipole-dipole,8,6,1.051,761.3,190.871,7.626,0.00351,0.00111,0.00543;0.00479;0.00461;0.00431;0.00388;0.00327;0.00271;0.00227;0.00172;0.00124,
line-c-r01629,line-c,line-c-e30,33.2029954,-116.1481196,180.0,line-c-e31,33.2031548,-116.1479300,180.0,line-c-e32,33.2033142,-116.1477404,180.0,line-c-e33,33.2034736,-116.1475508,180.0,2026-08-19T20:15:48Z,dipole-dipole,1,4,2.000,396.4,206.671,9.260,0.00507,0.00075,0.00861;0.00713;0.00695;0.00655;0.00603;0.00462;0.00374;0.00322;0.00265;0.00171,
line-c-r01630,line-c,line-c-e30,33.2029954,-116.1481196,180.0,line-c-e31,33.2031548,-116.1479300,180.0,line-c-e32,,,,line-c-e33,33.2034736,-116.1475508,180.0,2026-08-19T20:16:00Z,dipole-dipole,1,7,1.820,439.6,198.501,5.469,0.00758,0.00097,0.01319;0.01099;0.00985;0.00881;0.00831;0.00746;0.00585;0.00500;0.00368;0.00240,
line-c-r01631,line-c,line-c-e30,33.2029954,-116.1481196,180.0,line-c-e31,33.2031548,-116.1479300,180.0,line-c-e32,33.2033142,-116.1477404,180.0,line-c-e33,33.2034736,-116.1475508,180.0,2026-08-19T20:16:12Z,dipole-dipole,1,3,1.699,470.9,200.511,8.711,0.00421,0.00126,0.00643;0.00619;0.00548;0.00546;0.00484;0.00354;0.00290;0.00257;0.00191;0.00160,
line-c-r01632,line-c,line-c-e30,33.2029954,-116.1481196,180.0,line-c-e31,33.2031548,-116.1479300,180.0,line-c-e32,33.2033142,-116.1477404,180.0,line-c-e33,33.2034736,-116.1475508,180.0,2026-08-19T20:16:24Z,dipole-dipole,1,8,2.000,382.8,209.127,7.448,0.00414,0.00102,0.00659;0.00684;0.00541;0.00488;0.00440;0.00417;0.00316;0.00264;0.00212;0.00145,
line-c-r01633,line-c,line-c-e30,33.2029954,-116.1481196,180.0,line-c-e31,33.2031548,-116.1479300,180.0,line-c-e32,33.2033142,-116.1477404,180.0,line-c-e33,33.2034736,-116.1475508,180.0,2026-08-19T20:16:36Z,dipole-dipole,1,7,2.000,384.0,218.656,5.848,0.00428,0.00103,0.00714;0.00606;0.00614;0.00564;0.00460;0.00380;0.00296;0.00291;0.00205;0.00151,
line-c-r01634,line-c,line-c-e30,33.2029954,-116.1481196,180.0,line-c-e31,33.2031548,-116.1479300,180.0,line-c-e32,33.2033142,-116.1477404,180.0,line-c-e33,33.2034736,-116.1475508,180.0,2026-08-19T20:16:48Z,dipole-dipole,1,4,1.818,440.1,224.901,7.641,0.00492,0.00128,0.00816;0.00741;0.00700;0.00596;0.00582;0.00474;0.00344;0.00305;0.00248;0.00183,
line-c-r01635,line-c,line-c-e30,33.2029954,-116.1481196,180.0,line-c-e31,33.2031548,-116.1479300,180.0,line-c-e32,33.2033142,-116.1477404,180.0,line-c-e33,33.2034736,-116.1475508,180.0,2026-08-19T20:17:00Z,dipole-dipole,1,5,2.000,356.2,194.963,8.722,0.00514,0.00124,0.00765;0.00691;0.00712;0.00658;0.00606;0.00537;0.00386;0.00335;0.00250;0.00196,
line-c-r01636,line-c,line-c-e30,33.2029954,-116.1481196,180.0,line-c-e31,33.2031548,-116.1479300,180.0,line-c-e33,33.2034736,-116.1475508,180.0,line-c-e34,33.2036330,-116.1473612,180.0,2026-08-19T20:17:12Z,dipole-dipole,2,8,1.903,420.5,187.605,7.696,0.00448,0.00119,0.00707;0.00672;0.00558;0.00528;0.00500;0.00426;0.00367;0.00294;0.00221;0.00170,
line-c-r01637,line-c,line-c-e30,33.2029954,-116.1481196,180.0,line-c-e31,33.2031548,-116.1479300,180.0,line-c-e33,33.2034736,-116.1475508,180.0,line-c-e34,33.2036330,-116.1473612,180.0,2026-08-19T20:17:24Z,dipole-dipole,2,4,1.731,462.1,187.605,7.381,0.00448,0.00085,0.00707;0.00672;0.00558;0.00528;0.00500;0.00426;0.00367;0.00294;0.00221;0.00170,
line-c-r01638,line-c,line-c-e30,33.2029954,-116.1481196,180.0,line-c-e31,33.2031548,-116.1479300,180.0,line-c-e33,33.2034736,-116.1475508,180.0,line-c-e34,33.2036330,-116.1473612,180.0,2026-08-19T20:17:36Z,dipole-dipole,2,8,1.857,430.8,187.605,8.230,0.00448,0.00109,0.00707;0.00672;0.00558;0.00528;0.00500;0.00426;0.00367;0.00294;0.00221;0.00170,
line-c-r01639,line-c,line-c-e30,33.2029954,-116.1481196,180.0,line-c-e31,33.2031548,-116.1479300,180.0,line-c-e33,33.2034736,-116.1475508,180.0,line-c-e34,33.2036330,-116.1473612,180.0,2026-08-19T20:17:48Z,dipole-dipole,2,5,1.913,418.2,187.605,6.604,0.00448,0.00127,0.00707;0.00672;0.00558;0.00528;0.00500;0.00426;0.00367;0.00294;0.00221;0.00170,
line-c-r01640,line-c,line-c-e30,33.2029954,-116.1481196,180.0,line-c-e31,33.2031548,-116.1479300,180.0,line-c-e33,33.2034736,-116.1475508,180.0,line-c-e34,33.2036330,-116.1473612,180.0,2026-08-19T20:18:00Z,dipole-dipole,2,7,1.956,409.0,187.605,6.304,0.00448,0.00090,0.00707;0.00672;0.00558;0.00528;0.00500;0.00426;0.00367;0.00294;0.00221;0.00170,
line-c-r01641,line-c,line-c-e30,33.2029954,-116.1481196,180.0,line-c-e31,33.2031548,-116.1479300,180.0,line-c-e33,33.2034736,-116.1475508,180.0,line-c-e34,33.2036330,-116.1473612,180.0,2026-08-19T20:18:12Z,dipole-dipole,2,5,2.000,383.3,187.605,5.595,0.00448,0.00142,0.00707;0.00672;0.00558;0.00528;0.00500;0.00426;0.00367;0.00294;0.00221;0.00170,
line-c-r01642,line-c,line-c-e30,33.2029954,-116.1481196,180.0,line-c-e31,33.2031548,-116.1479300,180.0,line-c-e33,33.2034736,-116.1475508,180.0,line-c-e34,33.2036330,-116.1473612,180.0,2026-08-19T20:18:24Z,dipole-dipole,2,7,1.877,426.1,187.605,7.646,0.00448,0.00112,0.00707;0.00672;0.00558;0.00528;0.00500;0.00426;0.00367;0.00294;0.00221;0.00170,
line-c-r01643,line-c,line-c-e30,33.2029954,-116.1481196,180.0,line-c-e31,33.2031548,-116.1479300,180.0,line-c-e33,33.2034736,-116.1475508,180.0,line-c-e34,33.2036330,-116.1473612,180.0,2026-08-19T20:18:36Z,dipole-dipole,2,5,1.993,401.4,187.605,5.562,0.00448,0.00095,0.00707;0.00672;0.00558;0.00528;0.00500;0.00426;0.00367;0.00294;0.00221;0.00170,
line-c-r01644,line-c,line-c-e30,33.2029954,-116.1481196,180.0,line-c-e31,33.2031548,-116.1479300,180.0,line-c-e34,33.2036330,-116.1473612,180.0,line-c-e35,33.2037923,-116.1471716,180.0,2026-08-19T20:18:48Z,dipole-dipole,3,4,2.000,381.2,196.964,6.970,0.00543,0.00104,0.00847;0.00823;0.00718;0.00621;0.00625;0.00470;0.00417;0.00335;0.00251;0.00175,
line-c-r01645,line-c,line-c-e30,33.2029954,-116.1481196,180.0,line-c-e31,33.2031548,-116.1479300,180.0,line-c-e34,33.2036330,-116.1473612,180.0,line-c-e35,33.2037923,-116.1471716,180.0,2026-08-19T20:19:00Z,dipole-dipole,3,5,1.509,530.1,198.532,6.637,0.00419,0.00099,0.00645;0.00598;0.00649;0.00527;0.00454;0.00400;0.00323;0.00265;0.00205;0.00164,
line-c-r01646,line-c,line-c-e30,33.2029954,-116.1481196,180.0,line-c-e31,33.2031548,-116.1479300,180.0,line-c-e34,33.2036330,-116.1473612,180.0,line-c-e35,,,,2026-08-19T20:19:12Z,dipole-dipole,3,7,1.760,454.6,197.973,6.724,0.00561,0.00096,0.00855;0.00747;0.00771;0.00683;0.00611;0.00493;0.00435;0.00383;0.00282;0.00189,
line-c-r01647,line-c,line-c-e30,33.2029954,-116.1481196,180.0,line-c-e31,33.2031548,-116.1479300,180.0,line-c-e34,33.2036330,-116.1473612,180.0,line-c-e35,33.2037923,-116.1471716,180.0,2026-08-19T20:19:24Z,dipole-dipole,3,5,2.000,389.8,197.745,6.122,0.00398,0.00116,0.00687;0.00548;0.00542;0.00506;0.00417;0.00408;0.00314;0.00247;0.00204;0.00151,
line-c-r01648,line-c,line-c-e30,33.2029954,-116.1481196,180.0,line-c-e31,33.2031548,-116.1479300,180.0,line-c-e34,33.2036330,-116.1473612,180.0,line-c-e35,33.2037923,-116.1471716,180.0,2026-08-19T20:19:36Z,dipole-dipole,3,5,1.605,498.4,197.856,7.675,0.00540,0.00077,0.00775;0.00818;0.00725;0.00686;0.00651;0.00512;0.00414;0.00350;0.00266;0.00198,
line-c-r01649,line-c,line-c-e30,33.2029954,-116.1481196,180.0,line-c-e31,33.2031548,-116.1479300,180.0,line-c-e34,33.2036330,-116.1473612,180.0,line-c-e35,33.2037923,-116.1471716,180.0,2026-08-19T20:19:48Z,dipole-dipole,3,3,1.776,450.4,196.822,6.553,0.00491,0.00107,0.00773;0.00715;0.00661;0.00581;0.00553;0.00448;0.00365;0.00310;0.00228;0.00152,
line-c-r01650,line-c,line-c-e30,33.2029954,-116.1481196,180.0,line-c-e31,33.2031548,-116.1479300,180.0,line-c-e34,33.2036330,-116.1473612,180.0,line-c-e35,33.2037923,-116.1471716,180.0,2026-08-19T20:20:00Z,dipole-dipole,3,3,1.933,413.8,197.987,6.494,0.00663,0.00112,0.01013;0.00985;0.00840;0.00730;0.00733;0.00617;0.00562;0.00441;0.00315;0.00230,
line-c-r01651,line-c,line-c-e30,33.2029954,-116.1481196,180.0,line-c-e31,33.2031548,-116.1479300,180.0,line-c-e35,33.2037923,-116.1471716,180.0,line-c-e36,33.2039517,-116.1469820,180.0,2026-08-19T20:20:12Z,dipole-dipole,4,6,1.985,403.0,192.764,5.563,0.00588,0.00123,0.00920;0.00865;0.00803;0.00751;0.00681;0.00547;0.00431;0.00391;0.00290;0.00191,
line-c-r01652,line-c,line-c-e30,33.2029954,-116.1481196,180.0,line-c-e31,33.2031548,-116.1479300,180.0,line-c-e35,33.2037923,-116.1471716,180.0,line-c-e36,33.2039517,-116.1469820,180.0,2026-08-19T20:20:24Z,dipole-dipole,4,3,2.000,246.7,204.426,10.035,0.00412,0.00071,0.00586;0.00605;0.00554;0.00467;0.00427;0.00401;0.00343;0.00244;0.00216;0.00154,
line-c-r01653,line-c,line-c-e30,33.2029954,-116.1481196,180.0,line-c-e31,33.2031548,-116.1479300,180.0,line-c-e35,33.2037923,-116.1471716,180.0,line-c-e36,33.2039517,-116.1469820,180.0,2026-08-19T20:20:36Z,dipole-dipole,4,6,2.000,382.6,200.174,10.062,0.00571,0.00122,0.00878;0.00905;0.00753;0.00777;0.00553;0.00581;0.00447;0.00341;0.00287;0.00181,
line-c-r01654,line-c,line-c-e30,33.2029954,-116.1481196,180.0,line-c-e31,33.2031548,-116.1479300,180.0,line-c-e35,33.2037923,-116.1471716,180.0,line-c-e36,33.2039517,-116.1469820,180.0,2026-08-19T20:20:48Z,dipole-dipole,4,5,2.000,303.3,210.350,6.116,0.00305,0.00082,0.00483;0.00483;0.00435;0.00366;0.00309;0.00274;0.00235;0.00193;0.00144;0.00116,
line-c-r01655,line-c,line-c-e30,33.2029954,-116.1481196,180.0,line-c-e31,33.2031548,-116.1479300,180.0,line-c-e35,33.2037923,-116.1471716,180.0,line-c-e36,33.2039517,-116.1469820,180.0,2026-08-19T20:21:00Z,dipole-dipole,4,3,2.000,354.0,195.071,7.767,0.00484,0.00089,0.00714;0.00730;0.00689;0.00555;0.00572;0.00465;0.00403;0.00296;0.00254;0.00175,
line-c-r01656,line-c,line-c-e30,33.2029954,-116.1481196,180.0,line-c-e31,33.2031548,-116.1479300,180.0,line-c-e35,33.2037923,-116.1471716,180.0,line-c-e36,33.2039517,-116.1469820,180.0,2026-08-19T20:21:12Z,dipole-dipole,4,6,1.549,516.4,206.001,6.806,0.00560,0.00137,0.00914;0.00862;0.00777;0.00664;0.00620;0.00547;0.00476;0.00356;0.00276;0.00179,
line-c-r01657,line-c,line-c-e30,,,,line-c-e31,33.2031548,-116.1479300,180.0,line-c-e35,33.2037923,-116.1471716,180.0,line-c-e36,33.2039517,-116.1469820,180.0,2026-08-19T20:21:24Z,dipole-dipole,4,5,2.000,377.4,191.830,6.336,0.00566,0.00099,0.00849;0.00777;0.00807;0.00635;0.00685;0.00535;0.00442;0.00386;0.00281;0.00208,
line-c-r01658,line-c,line-c-e30,33.2029954,-116.1481196,180.0,line-c-e31,33.2031548,-116.1479300,180.0,line-c-e36,33.2039517,-116.1469820,180.0,line-c-e37,33.2041111,-116.1467924,180.0,2026-08-19T20:21:36Z,dipole-dipole,5,7,1.924,415.8,205.526,7.372,0.00514,0.00768,0.00804;0.00742;0.00681;0.00623;0.00566;0.00513;0.00379;0.00312;0.00230;0.00178,
line-c-r01659,line-c,line-c-e30,33.2029954,-116.1481196,180.0,line-c-e31,33.2031548,-116.1479300,180.0,line-c-e36,33.2039517,-116.1469820,180.0,line-c-e37,33.2041111,-116.1467924,180.0,2026-08-19T20:21:48Z,dipole-dipole,5,8,1.625,492.2,212.051,6.849,0.00407,0.00085,0.00704;0.00534;0.00509;0.00524;0.00426;0.00377;0.00335;0.00263;0.00203;0.00149,
line-c-r01660,line-c,line-c-e30,33.2029954,-116.1481196,180.0,line-c-e31,33.2031548,-116.1479300,180.0,line-c-e36,33.2039517,-116.1469820,180.0,line-c-e37,33.2041111,-116.1467924,180.0,2026-08-19T20:22:00Z,dipole-dipole,5,4,2.000,326.7,209.075,7.454,0.00528,0.00096,0.00826;0.00747;0.00809;0.00693;0.00560;0.00442;0.00467;0.00336;0.00247;0.00190,
line-c-r01661,line-c,line-c-e30,33.2029954,-116.1481196,180.0,line-c-e31,33.2031548,-116.1479300,180.0,line-c-e36,33.2039517,-116.1469820,180.0,line-c-e37,33.2041111,-116.1467924,180.0,2026-08-19T20:22:12Z,dipole-dipole,5,8,2.000,384.3,197.000,8.357,0.00433,0.00096,0.00635;0.00577;0.00621;0.00612;0.00478;0.00445;0.00320;0.00270;0.00210;0.00171,
line-c-r01662,line-c,line-c-e30,33.2029954,-116.1481196,180.0,line-c-e31,33.2031548,-116.1479300,180.0,line-c-e36,33.2039517,-116.1469820,180.0,line-c-e37,33.2041111,-116.1467924,180.0,2026-08-19T20:22:24Z,dipole-dipole,5,7,1.945,411.2,203.109,7.194,0.00397,0.00114,0.00576;0.00612;0.00572;0.00485;0.00452;0.00365;0.00341;0.00251;0.00196;0.00124,
line-c-r01663,line-c,line-c-e30,33.2029954,-116.1481196,180.0,line-c-e31,33.2031548,-116.1479300,180.0,line-c-e36,33.2039517,-116.1469820,180.0,line-c-e37,33.2041111,-116.1467924,180.0,2026-08-19T20:22:36Z,dipole-dipole,5,7,1.932,414.1,184.361,6.727,0.00486,0.00099,0.00789;0.00768;0.00679;0.00548;0.00528;0.00487;0.00417;0.00328;0.00246;0.00178,
line-c-r01664,line-c,line-c-e30,33.2029954,-116.1481196,180.0,line-c-e31,33.2031548,-116.1479300,180.0,line-c-e36,33.2039517,-116.1469820,180.0,line-c-e37,33.2041111,-116.1467924,180.0,2026-08-19T20:22:48Z,dipole-dipole,5,6,2.000,342.7,198.902,9.563,0.00409,0.00095,0.00587;0.00642;0.00541;0.00503;0.00422;0.00355;0.00325;0.00254;0.00197;0.00141,
line-c-r01665,line-c,line-c-e30,33.2029954,-116.1481196,180.0,line-c-e31,33.2031548,-116.1479300,180.0,line-c-e36,33.2039517,-116.1469820,180.0,line-c-e37,33.2041111,-116.1467924,180.0,2026-08-19T20:23:00Z,dipole-dipole,5,6,2.000,289.0,197.592,5.737,0.00580,0.00107,0.01078;0.00891;0.00824;0.00763;0.00612;0.00536;0.00471;0.00392;0.00269;0.00216,
line-c-r01666,line-c,line-c-e30,33.2029954,-116.1481196,180.0,line-c-e31,33.2031548,-116.1479300,180.0,line-c-e37,33.2041111,-116.1467924,180.0,line-c-e38,33.2042705,-116.1466028,180.0,2026-08-19T20:23:12Z,dipole-dipole,6,3,2.000,361.5,203.402,7.182,0.00514,0.00094,0.00934;0.00753;0.00658;0.00652;0.00536;0.00471;0.00425;0.00331;0.00247;0.00173,
line-c-r01667,line-c,line-c-e30,33.2029954,-116.1481196,180.0,line-c-e31,33.2031548,-116.1479300,180.0,line-c-e37,33.2041111,-116.1467924,180.0,line-c-e38,33.2042705,-116.1466028,180.0,2026-08-19T20:23:24Z,dipole-dipole,6,8,1.724,464.0,193.282,7.202,0.00571,0.00117,0.00871;0.00772;0.00784;0.00699;0.00586;0.00542;0.00508;0.00336;0.00255;0.00196,
line-c-r01668,line-c,line-c-e30,33.2029954,-116.1481196,180.0,line-c-e31,33.2031548,-116.1479300,180.0,line-c-e37,33.2041111,-116.1467924,180.0,line-c-e38,33.2042705,-116.1466028,180.0,2026-08-19T20:23:36Z,dipole-dipole,6,5,2.000,373.9,217.838,6.925,0.00602,0.00113,0.00986;0.00837;0.00773;0.00777;0.00611;0.00590;0.00506;0.00349;0.00283;0.00222,
line-c-r01669,line-c,line-c-e30,33.2029954,-116.1481196,180.0,line-c-e31,33.2031548,-116.1479300,180.0,line-c-e37,33.2041111,-116.1467924,180.0,line-c-e38,33.2042705,-116.1466028,180.0,2026-08-19T20:23:48Z,dipole-dipole,6,8,2.000,334.0,193.834,8.981,0.00652,0.00120,0.01040;0.00934;0.00931;0.00798;0.00821;0.00627;0.00506;0.00420;0.00313;0.00232,
line-c-r01670,line-c,line-c-e30,33.2029954,-116.1481196,180.0,line-c-e31,33.2031548,-116.1479300,180.0,line-c-e37,33.2041111,-116.1467924,180.0,line-c-e38,33.2042705,-116.1466028,180.0,2026-08-19T20:24:00Z,dipole-dipole,6,7,2.000,398.8,198.362,7.776,0.00703,0.00121,0.01130;0.00975;0.01006;0.00834;0.00768;0.00685;0.00527;0.00449;0.00329;0.00242,
line-c-r01671,line-c,line-c-e30,33.2029954,-116.1481196,180.0,line-c-e31,33.2031548,-116.1479300,180.0,line-c-e37,33.2041111,-116.1467924,180.0,line-c-e38,33.2042705,-116.1466028,180.0,2026-08-19T20:24:12Z,dipole-dipole,6,7,1.934,413.6,197.390,7.603,0.00547,0.00093,0.00904;0.00794;0.00914;0.00681;0.00597;0.00487;0.00443;0.00326;0.00282;0.00208,
line-c-r01672,line-c,line-c-e30,33.2029954,-116.1481196,180.0,line-c-e31,33.2031548,-116.1479300,180.0,line-c-e38,33.2042705,-116.1466028,180.0,line-c-e39,33.2044299,-116.1464132,180.0,2026-08-19T20:24:24Z,dipole-dipole,7,7,2.000,369.4,206.275,7.662,0.00644,0.00106,0.00959;0.01030;0.00870;0.00856;0.00684;0.00622;0.00505;0.00425;0.00316;0.00214,
line-c-r01673,line-c,line-c-e30,33.2029954,-116.1481196,180.0,line-c-e31,33.2031548,-116.1479300,180.0,line-c-e38,33.2042705,-116.1466028,180.0,line-c-e39,33.2044299,-116.1464132,180.0,2026-08-19T20:24:36Z,dipole-dipole,7,8,1.876,426.4,207.067,8.711,0.00277,0.00077,0.00440;0.00411;0.00377;0.00331;0.00315;0.00242;0.00210;0.00166;0.00130;0.00102,
line-c-r01674,line-c,line-c-e30,33.2029954,-116.1481196,180.0,line-c-e31,33.2031548,-116.1479300,180.0,line-c-e38,33.2042705,-116.1466028,180.0,line-c-e39,33.2044299,-116.1464132,180.0,2026-08-19T20:24:48Z,dipole-dipole,7,8,1.621,493.4,186.480,6.490,0.00503,0.00107,0.00790;0.00765;0.00612;0.00655;0.00602;0.00495;0.00436;0.00335;0.00244;0.00162,
line-c-r01675,line-c,line-c-e30,33.2029954,-116.1481196,180.0,line-c-e31,33.2031548,-116.1479300,180.0,line-c-e38,33.2042705,-116.1466028,180.0,line-c-e39,33.2044299,-116.1464132,180.0,2026-08-19T20:25:00Z,dipole-dipole,7,7,1.341,596.4,193.020,8.320,0.00388,0.00086,0.00677;0.00543;0.00532;0.00478;0.00356;0.00357;0.00306;0.00213;0.00199;0.00149,
line-c-r01676,line-c,line-c-e30,33.2029954,-116.1481196,180.0,line-c-e31,33.2031548,-116.1479300,180.0,line-c-e38,33.2042705,-116.1466028,180.0,line-c-e39,33.2044299,-116.1464132,180.0,2026-08-19T20:25:12Z,dipole-dipole,7,4,1.660,481.8,191.434,7.444,0.00419,0.00100,0.00613;0.00630;0.00617;0.00494;0.00439;0.00400;0.00329;0.00256;0.00193;0.00149,
line-c-r01677,line-c,line-c-e30,33.2029954,-116.1481196,180.0,line-c-e31,33.2031548,-116.1479300,180.0,line-c-e38,33.2042705,-116.1466028,180.0,line-c-e39,33.2044299,-116.1464132,180.0,2026-08-19T20:25:24Z,dipole-dipole,7,4,1.657,482.7,198.040,8.708,0.00438,0.00130,0.00684;0.00591;0.00603;0.00501;0.00485;0.00420;0.00363;0.00274;0.00200;0.00147,
line-c-r01678,line-c,line-c-e30,33.2029954,-116.1481196,180.0,line-c-e31,33.2031548,-116.1479300,180.0,line-c-e38,33.2042705,-116.1466028,180.0,line-c-e39,33.2044299,-116.1464132,180.0,2026-08-19T20:25:36Z,dipole-dipole,7,4,2.000,316.9,209.379,6.144,0.00364,0.00076,0.00555;0.00528;0.00540;0.00431;0.00376;0.00359;0.00308;0.00230;0.00173;0.00129,
line-c-r01679,line-c,line-c-e30,33.2029954,-116.1481196,180.0,line-c-e31,33.2031548,-116.1479300,180.0,line-c-e38,33.2042705,-116.1466028,180.0,line-c-e39,33.2044299,-116.1464132,180.0,2026-08-19T20:25:48Z,dipole-dipole,7,6,1.851,432.3,202.397,7.663,0.00582,0.00125,0.00864;0.01034;0.00814;0.00783;0.00646;0.00581;0.00451;0.00395;0.00275;0.00221,
line-c-r01680,line-c,line-c-e30,33.2029954,-116.1481196,180.0,line-c-e31,33.2031548,-116.1479300,180.0,line-c-e39,33.2044299,-116.1464132,180.0,line-c-e40,33.2045893,-116.1462236,180.0,2026-08-19T20:26:00Z,dipole-dipole,8,4,2.000,338.3,195.003,582.961,0.00624,0.00102,0.00973;0.00939;0.00831;0.00742;0.00651;0.00641;0.00518;0.00398;0.00307;0.00220,
line-c-r01681,line-c,line-c-e30,33.2029954,-116.1481196,180.0,line-c-e31,33.2031548,-116.1479300,180.0,line-c-e39,33.2044299,-116.1464132,180.0,line-c-e40,33.2045893,-116.1462236,180.0,2026-08-19T20:26:12Z,dipole-dipole,8,6,2.000,349.7,195.040,9.444,0.00385,0.00100,0.00653;0.00566;0.00529;0.00462;0.00406;0.00342;0.00296;0.00239;0.00188;0.00142,
line-c-r01682,line-c,line-c-e30,33.2029954,-116.1481196,180.0,line-c-e31,33.2031548,-116.1479300,180.0,line-c-e39,33.2044299,-116.1464132,180.0,line-c-e40,33.2045893,-116.1462236,180.0,2026-08-19T20:26:24Z,dipole-dipole,8,6,1.956,409.0,194.572,7.015,0.00494,0.00137,0.00792;0.00782;0.00711;0.00620;0.00575;0.00439;0.00404;0.00297;0.00231;0.00174,
line-c-r01683,line-c,line-c-e30,33.2029954,-116.1481196,180.0,line-c-e31,33.2031548,-116.1479300,180.0,line-c-e39,33.2044299,-116.1464132,180.0,line-c-e40,33.2045893,-116.1462236,180.0,2026-08-19T20:26:36Z,dipole-dipole,8,7,1.998,400.4,194.198,10.289,0.00630,0.00100,0.00230;0.00283;0.00397;0.00448;0.00605;0.00692;0.00755;0.00854;0.00900;0.01075,
line-c-r01684,line-c,line-c-e30,33.2029954,-116.1481196,180.0,line-c-e31,33.2031548,-116.1479300,180.0,line-c-e39,33.2044299,-116.1464132,180.0,line-c-e40,33.2045893,-116.1462236,180.0,2026-08-19T20:26:48Z,dipole-dipole,8,4,1.899,421.2,214.745,7.914,0.00459,0.00075,0.00807;0.00676;0.00598;0.00570;0.00541;0.00474;0.00365;0.00267;0.00206;0.00160,
line-c-r01685,line-c,line-c-e30,33.2029954,-116.1481196,180.0,line-c-e31,33.2031548,-116.1479300,180.0,line-c-e39,33.2044299,-116.1464132,180.0,line-c-e40,33.2045893,-116.1462236,180.0,2026-08-19T20:27:00Z,dipole-dipole,8,8,1.787,447.7,191.260,6.374,0.00373,0.00108,0.00621;0.00598;0.00564;0.00455;0.00421;0.00299;0.00310;0.00243;0.00199;0.00136,
line-c-r01686,line-c,line-c-e30,33.2029954,-116.1481196,180.0,line-c-e31,33.2031548,-116.1479300,180.0,line-c-e39,33.2044299,-116.1464132,180.0,line-c-e40,33.2045893,-116.1462236,180.0,2026-08-19T20:27:12Z,dipole-dipole,8,6,2.000,399.3,192.673,6.837,0.00490,0.00107,0.00178;0.00263;0.00290;0.00401;0.00507;0.00526;0.00653;0.00693;0.00705;0.00720,
line-c-r01687,line-c,line-c-e31,33.2031548,-116.1479300,180.0,line-c-e32,33.2033142,-116.1477404,180.0,line-c-e33,33.2034736,-116.1475508,180.0,line-c-e34,33.2036330,-116.1473612,180.0,2026-08-19T20:27:24Z,dipole-dipole,1,5,1.862,429.7,208.340,6.996,0.00498,0.00106,0.00869;0.00700;0.00685;0.00634;0.00580;0.00436;0.00435;0.00327;0.00247;0.00164,
line-c-r01688,line-c,line-c-e31,33.2031548,-116.1479300,180.0,line-c-e32,33.2033142,-116.1477404,180.0,line-c-e33,33.2034736,-116.1475508,180.0,line-c-e34,33.2036330,-116.1473612,180.0,2026-08-19T20:27:36Z,dipole-dipole,1,4,1.791,446.7,202.042,8.462,0.00491,0.00106,0.00756;0.00661;0.00621;0.00599;0.00551;0.00495;0.00424;0.00319;0.00240;0.00168,
line-c-r01689,line-c,line-c-e31,33.2031548,-116.1479300,180.0,line-c-e32,33.2033142,-116.1477404,180.0,line-c-e33,33.2034736,-116.1475508,180.0,line-c-e34,33.2036330,-116.1473612,180.0,2026-08-19T20:27:48Z,dipole-dipole,1,8,1.776,450.3,199.694,8.818,0.00560,0.00122,0.00829;0.00770;0.00882;0.00731;0.00642;0.00542;0.00416;0.00344;0.00254;0.00198,
line-c-r01690,line-c,line-c-e31,33.2031548,-116.1479300,180.0,line-c-e32,33.2033142,-116.1477404,180.0,line-c-e33,33.2034736,-116.1475508,180.0,line-c-e34,33.2036330,-116.1473612,180.0,2026-08-19T20:28:00Z,dipole-dipole,1,8,2.000,357.0,200.456,8.603,0.00505,0.00086,0.00778;0.00749;0.00753;0.00595;0.00558;0.00478;0.00384;0.00302;0.00233;0.00181,
line-c-r01691,line-c,line-c-e31,33.2031548,-116.1479300,180.0,line-c-e32,33.2033142,-116.1477404,180.0,line-c-e33,33.2034736,-116.1475508,180.0,line-c-e34,33.2036330,-116.1473612,180.0,2026-08-19T20:28:12Z,dipole-dipole,1,3,2.000,391.0,212.705,7.992,0.00565,0.00113,0.00904;0.00861;0.00719;0.00732;0.00591;0.00494;0.00473;0.00375;0.00266;0.00218,
line-c-r01692,line-c,line-c-e31,33.2031548,-116.1479300,180.0,line-c-e32,33.2033142,-116.1477404,180.0,line-c-e33,33.2034736,-116.1475508,180.0,line-c-e34,33.2036330,-116.1473612,180.0,2026-08-19T20:28:24Z,dipole-dipole,1,3,1.403,570.2,210.711,5.655,0.00417,0.00106,0.00703;0.00628;0.00597;0.00517;0.00527;0.00376;0.00346;0.00264;0.00205;0.00158,
line-c-r01693,line-c,line-c-e31,33.2031548,-116.1479300,180.0,line-c-e32,33.2033142,-116.1477404,180.0,line-c-e34,33.2036330,-116.1473612,180.0,line-c-e35,33.2037923,-116.1471716,180.0,2026-08-19T20:28:36Z,dipole-dipole,2,8,1.928,414.8,193.241,8.713,0.00477,0.00093,0.00775;0.00703;0.00639;0.00594;0.00470;0.00421;0.00416;0.00304;0.00221;0.00176,
line-c-r01694,line-c,line-c-e31,33.2031548,-116.1479300,180.0,line-c-e32,33.2033142,-116.1477404,180.0,line-c-e34,33.2036330,-116.1473612,180.0,line-c-e35,33.2037923,-116.1471716,180.0,2026-08-19T20:28:48Z,dipole-dipole,2,8,2.000,387.0,217.631,7.248,0.00265,0.00107,0.00449;0.00368;0.00339;0.00334;0.00269;0.00237;0.00194;0.00179;0.00125;0.00091,
line-c-r01695,line-c,line-c-e31,33.2031548,-116.1479300,180.0,line-c-e32,33.2033142,-116.1477404,180.0,line-c-e34,33.2036330,-116.1473612,180.0,line-c-e35,33.2037923,-116.1471716,180.0,2026-08-19T20:29:00Z,dipole-dipole,2,7,1.273,628.3,191.563,5.737,0.00359,0.00069,0.00577;0.00507;0.00452;0.00440;0.00408;0.00324;0.00323;0.00241;0.00172;0.00121,
line-c-r01696,line-c,line-c-e31,33.2031548,-116.1479300,180.0,line-c-e32,33.2033142,-116.1477404,180.0,line-c-e34,33.2036330,-116.1473612,180.0,line-c-e35,33.2037923,-116.1471716,180.0,2026-08-19T20:29:12Z,dipole-dipole,2,4,2.000,332.1,197.691,5.000,0.00425,0.00094,0.00717;0.00653;0.00550;0.00529;0.00465;0.00389;0.00361;0.00273;0.00206;0.00133,
line-c-r01697,line-c,line-c-e31,33.2031548,-116.1479300,180.0,line-c-e32,33.2033142,-116.1477404,180.0,line-c-e34,33.2036330,-116.1473612,180.0,line-c-e35,33.2037923,-116.1471716,180.0,2026-08-19T20:29:24Z,dipole-dipole,2,6,1.687,474.1,200.358,9.651,0.00781,0.00104,0.01243;0.01012;0.00994;0.00999;0.00986;0.00709;0.00585;0.00460;0.00352;0.00309,
line-c-r01698,line-c,line-c-e31,33.2031548,-116.1479300,180.0,line-c-e32,33.2033142,-116.1477404,180.0,line-c-e34,33.2036330,-116.1473612,180.0,line-c-e35,33.2037923,-116.1471716,180.0,2026-08-19T20:29:36Z,dipole-dipole,2,8,2.000,385.9,200.588,9.503,0.00402,0.00139,0.00627;0.00569;0.00552;0.00508;0.00460;0.00351;0.00325;0.00254;0.00185;0.00141,
line-c-r01699,line-c,line-c-e31,33.2031548,-116.1479300,180.0,line-c-e32,33.2033142,-116.1477404,180.0,line-c-e34,33.2036330,-116.1473612,180.0,line-c-e35,33.2037923,-116.1471716,180.0,2026-08-19T20:29:48Z,dipole-dipole,2,6,2.000,380.1,202.981,5.360,0.00266,0.00120,0.00381;0.00375;0.00359;0.00359;0.00299;0.00269;0.00204;0.00172;0.00151;0.00094,
line-c-r01700,line-c,line-c-e31,33.2031548,-116.1479300,180.0,line-c-e32,33.2033142,-116.1477404,180.0,line-c-e34,33.2036330,-116.1473612,180.0,line-c-e35,33.2037923,-116.1471716,180.0,2026-08-19T20:30:00Z,dipole-dipole,2,8,1.407,568.7,194.857,6.839,0.00526,0.00105,0.00793;0.00763;0.00695;0.00663;0.00549;0.00444;0.00440;0.00344;0.00251;0.00184,
line-c-r01701,line-c,line-c-e31,33.2031548,-116.1479300,180.0,line-c-e32,33.2033142,-116.1477404,180.0,line-c-e35,33.2037923,-116.1471716,180.0,line-c-e36,33.2039517,-116.1469820,180.0,2026-08-19T20:30:12Z,dipole-dipole,3,3,1.741,459.4,194.803,6.236,0.00518,0.00111,0.00797;0.00820;0.00732;0.00656;0.00563;0.00474;0.00412;0.00318;0.00223;0.00181,
line-c-r01702,line-c,line-c-e31,33.2031548,-116.1479300,180.0,line-c-e32,33.2033142,-116.1477404,180.0,line-c-e35,33.2037923,-116.1471716,180.0,line-c-e36,33.2039517,-116.1469820,180.0,2026-08-19T20:30:24Z,dipole-dipole,3,4,1.838,435.3,212.730,8.262,0.00558,0.00080,0.00808;0.00864;0.00717;0.00681;0.00610;0.00511;0.00459;0.00339;0.00285;0.00190,
line-c-r01703,line-c,line-c-e31,33.2031548,-116.1479300,180.0,line-c-e32,33.2033142,-116.1477404,180.0,line-c-e35,33.2037923,-116.1471716,180.0,line-c-e36,33.2039517,-116.1469820,180.0,2026-08-19T20:30:36Z,dipole-dipole,3,7,1.334,599.6,208.714,6.163,0.00654,0.00108,0.01109;0.00890;0.00950;0.00839;0.00827;0.00648;0.00533;0.00395;0.00328;0.00214,
line-c-r01704,line-c,line-c-e31,33.2031548,-116.1479300,180.0,line-c-e32,33.2033142,-116.1477404,180.0,line-c-e35,33.2037923,-116.1471716,180.0,line-c-e36,33.2039517,-116.1469820,180.0,2026-08-19T20:30:48Z,dipole-dipole,3,6,1.891,423.1,204.822,8.505,0.00471,0.00099,0.00709;0.00704;0.00669;0.00647;0.00527;0.00427;0.00341;0.00310;0.00249;0.00148,
line-c-r01705,line-c,line-c-e31,33.2031548,-116.1479300,180.0,line-c-e32,33.2033142,-116.1477404,180.0,line-c-e35,33.2037923,-116.1471716,180.0,line-c-e36,33.2039517,-116.1469820,180.0,2026-08-19T20:31:00Z,dipole-dipole,3,3,1.760,454.5,199.228,8.286,0.00557,0.00117,0.00876;0.00840;0.00791;0.00617;0.00617;0.00564;0.00467;0.00357;0.00296;0.00182,
line-c-r01706,line-c,line-c-e31,33.2031548,-116.1479300,180.0,line-c-e32,33.2033142,-116.1477404,180.0,line-c-e35,33.2037923,-116.1471716,180.0,line-c-e36,33.2039517,-116.1469820,180.0,2026-08-19T20:31:12Z,dipole-dipole,3,7,1.468,545.0,196.595,8.224,0.00655,0.00106,0.01012;0.00946;0.00957;0.00768;0.00710;0.00628;0.00521;0.00417;0.00332;0.00238,
line-c-r01707,line-c,line-c-e31,33.2031548,-116.1479300,180.0,line-c-e32,33.2033142,-116.1477404,180.0,line-c-e35,33.2037923,-116.1471716,180.0,line-c-e36,33.2039517,-116.1469820,180.0,2026-08-19T20:31:24Z,dipole-dipole,3,7,1.888,423.7,196.213,7.070,0.00576,0.00099,0.00937;0.00910;0.00788;0.00730;0.00726;0.00559;0.00425;0.00344;0.00293;0.00209,
line-c-r01708,line-c,line-c-e31,33.2031548,-116.1479300,180.0,line-c-e32,33.2033142,-116.1477404,180.0,line-c-e36,33.2039517,-116.1469820,180.0,line-c-e37,33.2041111,-116.1467924,180.0,2026-08-19T20:31:36Z,dipole-dipole,4,3,1.851,432.2,200.321,8.450,0.00490,0.00109,0.00740;0.00775;0.00657;0.00637;0.00572;0.00474;0.00396;0.00332;0.00238;0.00180,
line-c-r01709,line-c,line-c-e31,33.2031548,-116.1479300,180.0,line-c-e32,33.2033142,-116.1477404,180.0,line-c-e36,33.2039517,-116.1469820,180.0,line-c-e37,33.2041111,-116.1467924,180.0,2026-08-19T20:31:48Z,dipole-dipole,4,7,2.000,349.1,193.575,6.344,0.00184,0.00082,0.00336;0.00257;0.00231;0.00229;0.00205;0.00181;0.00145;0.00105;0.00090;0.00058,
line-c-r01710,line-c,line-c-e31,33.2031548,-116.1479300,180.0,line-c-e32,33.2033142,-116.1477404,180.0,line-c-e36,33.2039517,-116.1469820,180.0,line-c-e37,33.2041111,-116.1467924,180.0,2026-08-19T20:32:00Z,dipole-dipole,4,4,1.896,422.0,206.446,6.683,0.00471,0.00116,0.00746;0.00591;0.00675;0.00578;0.00478;0.00394;0.00366;0.00294;0.00229;0.00157,
line-c-r01711,line-c,line-c-e31,33.2031548,-116.1479300,180.0,line-c-e32,33.2033142,-116.1477404,180.0,line-c-e36,33.2039517,-116.1469820,180.0,line-c-e37,33.2041111,-116.1467924,180.0,2026-08-19T20:32:12Z,dipole-dipole,4,6,2.000,325.9,201.471,8.321,0.00408,0.00113,0.00651;0.00594;0.00555;0.00507;0.00450;0.00367;0.00344;0.00255;0.00224;0.00135,
line-c-r01712,line-c,line-c-e31,33.2031548,-116.1479300,180.0,line-c-e32,33.2033142,-116.1477404,180.0,line-c-e36,33.2039517,-116.1469820,180.0,line-c-e37,33.2041111,-116.1467924,180.0,2026-08-19T20:32:24Z,dipole-dipole,4,7,2.000,360.2,206.218,7.648,0.00572,0.00086,0.00894;0.00891;0.00889;0.00758;0.00657;0.00518;0.00437;0.00381;0.00282;0.00212,
line-c-r01713,line-c,line-c-e31,33.2031548,-116.1479300,180.0,line-c-e32,33.2033142,-116.1477404,180.0,line-c-e36,33.2039517,-116.1469820,180.0,line-c-e37,33.2041111,-116.1467924,180.0,2026-08-19T20:32:36Z,dipole-dipole,4,6,1.556,514.1,195.533,7.328,0.00490,0.00111,0.00753;0.00723;0.00669;0.00612;0.00586;0.00452;0.00385;0.00303;0.00284;0.00177,
line-c-r01714,line-c,line-c-e31,33.2031548,-116.1479300,180.0,line-c-e32,33.2033142,-116.1477404,180.0,line-c-e36,33.2039517,-116.1469820,180.0,line-c-e37,33.2041111,-116.1467924,180.0,2026-08-19T20:32:48Z,dipole-dipole,4,4,1.505,531.6,202.262,7.596,0.00598,0.00102,0.01017;0.00964;0.00780;0.00745;0.00705;0.00545;0.00459;0.00386;0.00329;0.00217,
line-c-r01715,line-c,line-c-e31,33.2031548,-116.1479300,180.0,line-c-e32,33.2033142,-116.1477404,180.0,line-c-e36,33.2039517,-116.1469820,180.0,line-c-e37,33.2041111,-116.1467924,180.0,2026-08-19T20:33:00Z,dipole-dipole,4,5,1.596,501.1,197.441,7.578,0.00483,0.00115,0.00772;0.00717;0.00598;0.00579;0.00524;0.00471;0.00362;0.00310;0.00229;0.00179,
line-c-r01716,line-c,line-c-e31,33.2031548,-116.1479300,180.0,line-c-e32,33.2033142,-116.1477404,180.0,line-c-e37,33.2041111,-116.1467924,180.0,line-c-e38,33.2042705,-116.1466028,180.0,2026-08-19T20:33:12Z,dipole-dipole,5,5,2.000,388.7,191.753,6.462,0.00466,0.00129,0.00795;0.00643;0.00597;0.00597;0.00473;0.00488;0.00404;0.00319;0.00235;0.00171,
line-c-r01717,line-c,line-c-e31,33.2031548,-116.1479300,180.0,line-c-e32,33.2033142,-116.1477404,180.0,line-c-e37,33.2041111,-116.1467924,180.0,line-c-e38,33.2042705,-116.1466028,180.0,2026-08-19T20:33:24Z,dipole-dipole,5,6,2.000,295.4,203.978,8.099,0.00470,0.00111,0.00785;0.00686;0.00656;0.00556;0.00532;0.00465;0.00379;0.00278;0.00216;0.00159,
line-c-r01718,line-c,line-c-e31,33.2031548,-116.1479300,180.0,line-c-e32,33.2033142,-116.1477404,180.0,line-c-e37,33.2041111,-116.1467924,180.0,line-c-e38,33.2042705,-116.1466028,180.0,2026-08-19T20:33:36Z,dipole-dipole,5,5,1.369,584.2,198.907,11.066,0.00564,0.00105,0.00867;0.00839;0.00752;0.00649;0.00641;0.00541;0.00436;0.00356;0.00279;0.00213,
line-c-r01719,line-c,line-c-e31,33.2031548,-116.1479300,180.0,line-c-e32,33.2033142,-116.1477404,180.0,line-c-e37,33.2041111,-116.1467924,180.0,line-c-e38,33.2042705,-116.1466028,180.0,2026-08-19T20:33:48Z,dipole-dipole,5,7,2.000,343.2,186.587,8.242,0.00542,0.00115,0.00875;0.00813;0.00803;0.00655;0.00545;0.00603;0.00404;0.00330;0.00247;0.00203,
line-c-r01720,line-c,line-c-e31,33.2031548,-116.1479300,180.0,line-c-e32,33.2033142,-116.1477404,180.0,line-c-e37,33.2041111,-116.1467924,180.0,line-c-e38,33.2042705,-116.1466028,180.0,2026-08-19T20:34:00Z,dipole-dipole,5,8,2.000,389.1,204.353,8.239,0.00326,0.00119,0.00505;0.00523;0.00429;0.00420;0.00334;0.00277;0.00246;0.00192;0.00151;0.00110,
line-c-r01721,line-c,line-c-e31,33.2031548,-116.1479300,180.0,line-c-e32,33.2033142,-116.1477404,180.0,line-c-e37,33.2041111,-116.1467924,180.0,line-c-e38,33.2042705,-116.1466028,180.0,2026-08-19T20:34:12Z,dipole-dipole,5,3,2.000,378.1,200.935,5.617,0.00451,0.00089,0.00816;0.00627;0.00708;0.00568;0.00479;0.00408;0.00377;0.00279;0.00222;0.00150,
line-c-r01722,line-c,line-c-e31,33.2031548,-116.1479300,180.0,line-c-e32,33.2033142,-116.1477404,180.0,line-c-e37,33.2041111,-116.1467924,180.0,line-c-e38,33.2042705,-116.1466028,180.0,2026-08-19T20:34:24Z,dipole-dipole,5,5,1.446,553.4,201.795,6.222,0.00595,0.00133,0.00958;0.00805;0.00818;0.00732;0.00696;0.00530;0.00466;0.00365;0.00371;0.00214,
line-c-r01723,line-c,line-c-e31,33.2031548,-116.1479300,180.0,line-c-e32,33.2033142,-116.1477404,180.0,line-c-e38,33.2042705,-116.1466028,180.0,line-c-e39,33.2044299,-116.1464132,180.0,2026-08-19T20:34:36Z,dipole-dipole,6,7,1.375,581.8,195.211,6.563,0.00276,0.00095,0.00453;0.00376;0.00354;0.00355;0.00295;0.00232;0.00210;0.00164;0.00141;0.00098,
line-c-r01724,line-c,line-c-e31,33.2031548,-116.1479300,180.0,line-c-e32,33.2033142,-116.1477404,180.0,line-c-e38,33.2042705,-116.1466028,180.0,line-c-e39,33.2044299,-116.1464132,180.0,2026-08-19T20:34:48Z,dipole-dipole,6,6,1.968,406.5,196.877,8.360,0.00346,0.00075,0.00550;0.00532;0.00462;0.00456;0.00365;0.00326;0.00274;0.00236;0.00167;0.00129,
line-c-r01725,line-c,line-c-e31,33.2031548,-116.1479300,180.0,line-c-e32,33.2033142,-116.1477404,180.0,line-c-e38,33.2042705,-116.1466028,180.0,line-c-e39,33.2044299,-116.1464132,180.0,2026-08-19T20:35:00Z,dipole-dipole,6,8,1.969,406.2,208.422,10.984,0.00441,0.00132,0.00719;0.00765;0.00618;0.00544;0.00507;0.00419;0.00349;0.00319;0.00246;0.00160,
line-c-r01726,line-c,line-c-e31,33.2031548,-116.1479300,180.0,line-c-e32,33.2033142,-116.1477404,180.0,line-c-e38,33.2042705,-116.1466028,180.0,line-c-e39,33.2044299,-116.1464132,180.0,2026-08-19T20:35:12Z,dipole-dipole,6,5,1.746,458.3,197.803,6.517,0.00608,0.00076,0.01027;0.00848;0.00828;0.00767;0.00585;0.00565;0.00482;0.00346;0.00317;0.00217,
line-c-r01727,line-c,line-c-e31,33.2031548,-116.1479300,180.0,line-c-e32,33.2033142,-116.1477404,180.0,line-c-e38,33.2042705,-116.1466028,180.0,line-c-e39,33.2044299,-116.1464132,180.0,2026-08-19T20:35:24Z,dipole-dipole,6,6,2.000,395.5,217.637,7.473,0.00603,0.00109,0.00988;0.00958;0.00898;0.00773;0.00670;0.00569;0.00513;0.00388;0.00298;0.00223,
line-c-r01728,line-c,line-c-e31,33.2031548,-116.1479300,180.0,line-c-e32,33.2033142,-116.1477404,180.0,line-c-e38,33.2042705,-116.1466028,180.0,line-c-e39,33.2044299,-116.1464132,180.0,2026-08-19T20:35:36Z,dipole-dipole,6,3,1.770,451.9,193.685,9.195,0.00442,0.00111,0.00733;0.00671;0.00585;0.00584;0.00496;0.00450;0.00348;0.00256;0.00188;0.00131,
line-c-r01729,line-c,line-c-e31,33.2031548,-116.1479300,180.0,line-c-e32,33.2033142,-116.1477404,180.0,line-c-e39,33.2044299,-116.1464132,180.0,line-c-e40,33.2045893,-116.1462236,180.0,2026-08-19T20:35:48Z,dipole-dipole,7,5,1.716,466.3,201.375,7.468,0.00408,0.00094,0.00700;0.00609;0.00480;0.00485;0.00483;0.00388;0.00323;0.00266;0.00188;0.00144,
line-c-r01730,line-c,line-c-e31,33.2031548,-116.1479300,180.0,line-c-e32,33.2033142,-116.1477404,180.0,line-c-e39,33.2044299,-116.1464132,180.0,line-c-e40,33.2045893,-116.1462236,180.0,2026-08-19T20:36:00Z,dipole-dipole,7,6,1.900,421.0,196.197,7.382,0.00442,0.00100,0.00736;0.00664;0.00669;0.00518;0.00462;0.00422;0.00352;0.00274;0.00196;0.00157,
line-c-r01731,line-c,line-c-e31,33.2031548,-116.1479300,180.0,line-c-e32,33.2033142,-116.1477404,180.0,line-c-e39,33.2044299,-116.1464132,180.0,line-c-e40,33.2045893,-116.1462236,180.0,2026-08-19T20:36:12Z,dipole-dipole,7,7,1.775,450.7,199.098,5.869,0.00421,0.00121,0.00663;0.00546;0.00518;0.00557;0.00456;0.00386;0.00296;0.00254;0.00213;0.00144,
line-c-r01732,line-c,line-c-e31,33.2031548,-116.1479300,180.0,line-c-e32,33.2033142,-116.1477404,180.0,line-c-e39,33.2044299,-116.1464132,180.0,line-c-e40,33.2045893,-116.1462236,180.0,2026-08-19T20:36:24Z,dipole-dipole,7,8,2.000,339.3,192.345,6.389,0.00438,0.00088,0.00672;0.00632;0.00588;0.00541;0.00518;0.00397;0.00381;0.00302;0.00222;0.00157,
line-c-r01733,line-c,line-c-e31,33.2031548,-116.1479300,180.0,line-c-e32,33.2033142,-116.1477404,180.0,line-c-e39,33.2044299,-116.1464132,180.0,line-c-e40,33.2045893,-116.1462236,180.0,2026-08-19T20:36:36Z,dipole-dipole,7,7,1.533,521.9,202.310,9.640,0.00492,0.00142,0.00755;0.00753;0.00666;0.00643;0.00575;0.00508;0.00438;0.00340;0.00233;0.00188,
line-c-r01734,line-c,line-c-e31,33.2031548,-116.1479300,180.0,line-c-e32,33.2033142,-116.1477404,180.0,line-c-e39,33.2044299,-116.1464132,180.0,line-c-e40,33.2045893,-116.1462236,180.0,2026-08-19T20:36:48Z,dipole-dipole,7,3,1.609,497.1,212.984,5.877,0.00519,0.00094,0.00799;0.00722;0.00676;0.00679;0.00560;0.00542;0.00413;0.00325;0.00259;0.00198,
line-c-r01735,line-c,line-c-e32,33.2033142,-116.1477404,180.0,line-c-e33,33.2034736,-116.1475508,180.0,line-c-e34,33.2036330,-116.1473612,180.0,line-c-e35,33.2037923,-116.1471716,180.0,2026-08-19T20:37:00Z,dipole-dipole,1,8,1.491,536.7,200.130,8.102,0.00471,0.00111,0.00714;0.00710;0.00665;0.00592;0.00559;0.00474;0.00348;0.00243;0.00220;0.00183,
line-c-r01736,line-c,line-c-e32,33.2033142,-116.1477404,180.0,line-c-e33,33.2034736,-116.1475508,180.0,line-c-e34,33.2036330,-116.1473612,180.0,line-c-e35,33.2037923,-116.1471716,180.0,2026-08-19T20:37:12Z,dipole-dipole,1,4,1.666,480.3,209.557,7.376,0.00505,0.00118,0.00792;0.00743;0.00646;0.00606;0.00534;0.00470;0.00365;0.00310;0.00261;0.00186,
line-c-r01737,line-c,line-c-e32,33.2033142,-116.1477404,180.0,line-c-e33,33.2034736,-116.1475508,180.0,line-c-e34,33.2036330,-116.1473612,180.0,line-c-e35,33.2037923,-116.1471716,180.0,2026-08-19T20:37:24Z,dipole-dipole,1,6,1.846,433.4,197.914,9.026,0.00549,0.00094,0.00182;0.00276;0.00370;0.00429;0.00518;0.00575;0.00746;0.00754;0.00759;0.00772,
line-c-r01738,line-c,line-c-e32,33.2033142,-116.1477404,180.0,line-c-e33,33.2034736,-116.1475508,180.0,line-c-e34,33.2036330,-116.1473612,180.0,line-c-e35,33.2037923,-116.1471716,180.0,2026-08-19T20:37:36Z,dipole-dipole,1,7,1.248,641.1,200.493,7.579,0.00476,0.00107,0.00808;0.00651;0.00617;0.00612;0.00437;0.00452;0.00387;0.00318;0.00240;0.00175,
line-c-r01739,line-c,line-c-e32,33.2033142,-116.1477404,180.0,line-c-e33,33.2034736,-116.1475508,180.0,line-c-e34,33.2036330,-116.1473612,180.0,line-c-e35,33.2037923,-116.1471716,180.0,2026-08-19T20:37:48Z,dipole-dipole,1,4,2.000,349.9,204.425,6.184,0.00365,0.00117,0.00557;0.00598;0.00506;0.00410;0.00396;0.00362;0.00281;0.00213;0.00183;0.00118,
line-c-r01740,line-c,line-c-e32,33.2033142,-116.1477404,180.0,line-c-e33,33.2034736,-116.1475508,180.0,line-c-e34,33.2036330,-116.1473612,180.0,line-c-e35,33.2037923,-116.1471716,180.0,2026-08-19T20:38:00Z,dipole-dipole,1,4,1.603,499.2,205.960,6.216,0.00382,0.00073,0.00620;0.00577;0.00494;0.00459;0.00413;0.00331;0.00288;0.00274;0.00168;0.00122,
line-c-r01741,line-c,line-c-e32,33.2033142,-116.1477404,180.0,line-c-e33,33.2034736,-116.1475508,180.0,line-c-e34,33.2036330,-116.1473612,180.0,line-c-e35,33.2037923,-116.1471716,180.0,2026-08-19T20:38:12Z,dipole-dipole,1,8,1.574,508.2,213.212,8.253,0.00336,0.00140,0.00473;0.00479;0.00456;0.00455;0.00369;0.00283;0.00265;0.00209;0.00156;0.00121,
line-c-r01742,line-c,line-c-e32,33.2033142,-116.1477404,180.0,line-c-e33,33.2034736,-116.1475508,180.0,line-c-e34,33.2036330,-116.1473612,180.0,line-c-e35,33.2037923,-116.1471716,180.0,2026-08-19T20:38:24Z,dipole-dipole,1,8,1.552,515.5,197.574,5.813,0.00503,0.00094,0.00810;0.00760;0.00679;0.00632;0.00563;0.00501;0.00402;0.00308;0.00229;0.00199,
line-c-r01743,line-c,line-c-e32,33.2033142,-116.1477404,180.0,line-c-e33,33.2034736,-116.1475508,180.0,line-c-e35,33.2037923,-116.1471716,180.0,line-c-e36,33.2039517,-116.1469820,180.0,2026-08-19T20:38:36Z,dipole-dipole,2,3,1.588,503.9,201.747,8.363,0.00466,0.00132,0.00735;0.00726;0.00669;0.00589;0.00500;0.00444;0.00369;0.00301;0.00222;0.00158,
line-c-r01744,line-c,line-c-e32,33.2033142,-116.1477404,180.0,line-c-e33,33.2034736,-116.1475508,180.0,line-c-e35,33.2037923,-116.1471716,180.0,line-c-e36,33.2039517,-116.1469820,180.0,2026-08-19T20:38:48Z,dipole-dipole,2,6,1.698,471.1,205.320,10.278,0.00430,0.00086,0.00708;0.00626;0.00570;0.00481;0.00441;0.00421;0.00381;0.00276;0.00236;0.00156,
line-c-r01745,line-c,line-c-e32,33.2033142,-116.1477404,180.0,line-c-e33,33.2034736,-116.1475508,180.0,line-c-e35,33.2037923,-116.1471716,180.0,line-c-e36,33.2039517,-116.1469820,180.0,2026-08-19T20:39:00Z,dipole-dipole,2,4,1.857,430.8,188.811,6.952,0.00441,0.00137,0.00695;0.00719;0.00602;0.00491;0.00545;0.00431;0.00324;0.00266;0.00202;0.00161,
line-c-r01746,line-c,line-c-e32,33.2033142,-116.1477404,180.0,line-c-e33,33.2034736,-116.1475508,180.0,line-c-e35,33.2037923,-116.1471716,180.0,line-c-e36,33.2039517,-116.1469820,180.0,2026-08-19T20:39:12Z,dipole-dipole,2,5,1.693,472.4,184.081,6.483,0.00526,0.00107,0.00808;0.00744;0.00681;0.00743;0.00537;0.00483;0.00438;0.00323;0.00264;0.00190,
line-c-r01747,line-c,line-c-e32,33.2033142,-116.1477404,180.0,line-c-e33,33.2034736,-116.1475508,180.0,line-c-e35,33.2037923,-116.1471716,180.0,line-c-e36,33.2039517,-116.1469820,180.0,2026-08-19T20:39:24Z,dipole-dipole,2,5,2.000,367.9,201.616,6.199,0.00358,0.00090,0.00572;0.00536;0.00467;0.00420;0.00397;0.00345;0.00300;0.00227;0.00184;0.00136,
line-c-r01748,line-c,line-c-e32,33.2033142,-116.1477404,180.0,line-c-e33,33.2034736,-116.1475508,180.0,line-c-e35,33.2037923,-116.1471716,180.0,line-c-e36,33.2039517,-116.1469820,180.0,2026-08-19T20:39:36Z,dipole-dipole,2,4,2.000,393.2,194.519,7.917,0.00484,0.00132,0.00857;0.00737;0.00687;0.00586;0.00557;0.00466;0.00399;0.00288;0.00235;0.00198,
line-c-r01749,line-c,line-c-e32,33.2033142,-116.1477404,180.0,line-c-e33,33.2034736,-116.1475508,180.0,line-c-e35,33.2037923,-116.1471716,180.0,line-c-e36,33.2039517,-116.1469820,180.0,2026-08-19T20:39:48Z,dipole-dipole,2,6,1.635,489.4,192.255,6.636,0.00310,0.00102,0.00438;0.00452;0.00408;0.00347;0.00336;0.00275;0.00266;0.00203;0.00150;0.00113,
line-c-r01750,line-c,line-c-e32,33.2033142,-116.1477404,180.0,line-c-e33,33.2034736,-116.1475508,180.0,line-c-e35,33.2037923,-116.1471716,180.0,line-c-e36,33.2039517,-116.1469820,180.0,2026-08-19T20:40:00Z,dipole-dipole,2,4,1.701,470.3,208.138,8.387,0.00635,0.00152,0.00967;0.01051;0.00768;0.00810;0.00736;0.00606;0.00473;0.00389;0.00301;0.00225,
line-c-r01751,line-c,line-c-e32,33.2033142,-116.1477404,180.0,line-c-e33,33.2034736,-116.1475508,180.0,line-c-e36,33.2039517,-116.1469820,180.0,line-c-e37,33.2041111,-116.1467924,180.0,2026-08-19T20:40:12Z,dipole-dipole,3,3,1.567,510.5,206.427,7.524,0.00376,0.00115,0.00578;0.00502;0.00509;0.00447;0.00413;0.00346;0.00309;0.00231;0.00199;0.00132,
line-c-r01752,line-c,line-c-e32,33.2033142,-116.1477404,180.0,line-c-e33,33.2034736,-116.1475508,180.0,line-c-e36,33.2039517,-116.1469820,180.0,line-c-e37,33.2041111,-116.1467924,180.0,2026-08-19T20:40:24Z,dipole-dipole,3,6,2.000,361.7,204.718,6.437,0.00654,0.00130,0.01062;0.01046;0.00871;0.00747;0.00737;0.00597;0.00485;0.00403;0.00321;0.00253,
line-c-r01753,line-c,line-c-e32,33.2033142,-116.1477404,180.0,line-c-e33,33.2034736,-116.1475508,180.0,line-c-e36,33.2039517,-116.1469820,180.0,line-c-e37,33.2041111,-116.1467924,180.0,2026-08-19T20:40:36Z,dipole-dipole,3,4,1.425,561.4,198.999,5.860,0.00651,0.00094,0.00977;0.00898;0.00961;0.00822;0.00717;0.00646;0.00551;0.00420;0.00317;0.00225,
line-c-r01754,line-c,line-c-e32,33.2033142,-116.1477404,180.0,line-c-e33,33.2034736,-116.1475508,180.0,line-c-e36,33.2039517,-116.1469820,180.0,line-c-e37,33.2041111,-116.1467924,180.0,2026-08-19T20:40:48Z,dipole-dipole,3,8,1.785,448.2,209.334,7.605,0.00509,0.00091,0.00704;0.00708;0.00719;0.00662;0.00523;0.00499;0.00408;0.00337;0.00271;0.00173,
line-c-r01755,line-c,line-c-e32,33.2033142,-116.1477404,180.0,line-c-e33,33.2034736,-116.1475508,180.0,line-c-e36,33.2039517,-116.1469820,180.0,line-c-e37,33.2041111,-116.1467924,180.0,2026-08-19T20:41:00Z,dipole-dipole,3,4,1.483,539.3,197.312,6.624,0.00335,0.00085,0.00539;0.00556;0.00505;0.00408;0.00353;0.00290;0.00262;0.00201;0.00166;0.00120,
line-c-r01756,line-c,line-c-e32,33.2033142,-116.1477404,180.0,line-c-e33,33.2034736,-116.1475508,180.0,line-c-e36,33.2039517,-116.1469820,180.0,line-c-e37,33.2041111,-116.1467924,180.0,2026-08-19T20:41:12Z,dipole-dipole,3,8,1.669,479.4,209.266,8.502,0.00507,0.00096,0.00807;0.00717;0.00697;0.00630;0.00525;0.00461;0.00381;0.00283;0.00284;0.00204,
line-c-r01757,line-c,line-c-e32,33.2033142,-116.1477404,180.0,line-c-e33,33.2034736,-116.1475508,180.0,line-c-e37,33.2041111,-116.1467924,180.0,line-c-e38,33.2042705,-116.1466028,180.0,2026-08-19T20:41:24Z,dipole-dipole,4,6,1.637,488.8,-227.596,7.162,0.00582,0.00089,0.00877;0.00984;0.00842;0.00732;0.00621;0.00546;0.00542;0.00372;0.00271;0.00190,
line-c-r01758,line-c,line-c-e32,33.2033142,-116.1477404,180.0,line-c-e33,33.2034736,-116.1475508,180.0,line-c-e37,33.2041111,-116.1467924,180.0,line-c-e38,33.2042705,-116.1466028,180.0,2026-08-19T20:41:36Z,dipole-dipole,4,5,1.716,466.2,208.034,475.611,0.00565,0.00092,0.00845;0.00826;0.00758;0.00700;0.00614;0.00540;0.00445;0.00340;0.00274;0.00191,
line-c-r01759,line-c,line-c-e32,33.2033142,-116.1477404,180.0,line-c-e33,33.2034736,-116.1475508,180.0,line-c-e37,33.2041111,-116.1467924,180.0,line-c-e38,33.2042705,-116.1466028,180.0,2026-08-19T20:41:48Z,dipole-dipole,4,8,1.495,534.9,203.693,8.089,0.00476,0.00102,0.00796;0.00653;0.00649;0.00596;0.00537;0.00415;0.00339;0.00292;0.00230;0.00168,
line-c-r01760,line-c,line-c-e32,33.2033142,-116.1477404,180.0,line-c-e33,33.2034736,-116.1475508,180.0,line-c-e37,33.2041111,-116.1467924,180.0,line-c-e38,33.2042705,-116.1466028,180.0,2026-08-19T20:42:00Z,dipole-dipole,4,7,1.725,463.7,202.769,8.173,0.00348,0.00103,0.00521;0.00506;0.00457;0.00436;0.00370;0.00359;0.00281;0.00217;0.00174;0.00119,
line-c-r01761,line-c,line-c-e32,33.2033142,-116.1477404,180.0,line-c-e33,33.2034736,-116.1475508,180.0,line-c-e37,33.2041111,-116.1467924,180.0,line-c-e38,33.2042705,-116.1466028,180.0,2026-08-19T20:42:12Z,dipole-dipole,4,6,1.953,409.6,201.902,7.939,0.00559,0.00107,0.00904;0.00910;0.00718;0.00654;0.00651;0.00497;0.00425;0.00342;0.00262;0.00180,
line-c-r01762,line-c,line-c-e32,33.2033142,-116.1477404,180.0,line-c-e33,33.2034736,-116.1475508,180.0,line-c-e37,33.2041111,-116.1467924,180.0,line-c-e38,33.2042705,-116.1466028,180.0,2026-08-19T20:42:24Z,dipole-dipole,4,8,1.765,453.4,204.141,7.704,0.00426,0.00118,0.00700;0.00610;0.00537;0.00516;0.00505;0.00411;0.00339;0.00278;0.00201;0.00132,
line-c-r01763,line-c,line-c-e32,33.2033142,-116.1477404,180.0,line-c-e33,33.2034736,-116.1475508,180.0,line-c-e37,33.2041111,-116.1467924,180.0,line-c-e38,33.2042705,-116.1466028,180.0,2026-08-19T20:42:36Z,dipole-dipole,4,3,2.000,360.5,200.159,7.027,0.00505,0.00079,0.00836;0.00766;0.00724;0.00673;0.00508;0.00492;0.00441;0.00354;0.00219;0.00179,
line-c-r01764,line-c,line-c-e32,33.2033142,-116.1477404,180.0,line-c-e33,33.2034736,-116.1475508,180.0,line-c-e37,33.2041111,-116.1467924,180.0,line-c-e38,33.2042705,-116.1466028,180.0,2026-08-19T20:42:48Z,dipole-dipole,4,8,1.859,430.3,194.445,9.599,0.00353,0.00107,0.00548;0.00554;0.00482;0.00457;0.00400;0.00332;0.00290;0.00208;0.00179;0.00121,
line-c-r01765,line-c,line-c-e32,33.2033142,-116.1477404,180.0,line-c-e33,33.2034736,-116.1475508,180.0,line-c-e38,33.2042705,-116.1466028,180.0,line-c-e39,33.2044299,-116.1464132,180.0,2026-08-19T20:43:00Z,dipole-dipole,5,3,2.000,364.7,-124.836,7.112,0.00280,0.00115,0.00455;0.00457;0.00399;0.00377;0.00360;0.00276;0.00233;0.00175;0.00133;0.00102,
line-c-r01766,line-c,line-c-e32,33.2033142,-116.1477404,180.0,line-c-e33,33.2034736,-116.1475508,180.0,line-c-e38,33.2042705,-116.1466028,180.0,line-c-e39,33.2044299,-116.1464132,180.0,2026-08-19T20:43:12Z,dipole-dipole,5,6,1.399,571.8,209.354,6.975,0.00566,0.00096,0.01085;0.00874;0.00918;0.00757;0.00552;0.00511;0.00457;0.00329;0.00282;0.00189,
line-c-r01767,line-c,line-c-e32,33.2033142,-116.1477404,180.0,line-c-e33,33.2034736,-116.1475508,180.0,line-c-e38,33.2042705,-116.1466028,180.0,line-c-e39,33.2044299,-116.1464132,180.0,2026-08-19T20:43:24Z,dipole-dipole,5,6,1.731,462.3,192.662,8.511,0.00495,0.00108,0.00778;0.00740;0.00691;0.00640;0.00541;0.00448;0.00380;0.00329;0.00254;0.00178,
line-c-r01768,line-c,line-c-e32,33.2033142,-116.1477404,180.0,line-c-e33,33.2034736,-116.1475508,180.0,line-c-e38,33.2042705,-116.1466028,180.0,line-c-e39,33.2044299,-116.1464132,180.0,2026-08-19T20:43:36Z,dipole-dipole,5,7,1.997,400.6,195.732,6.582,0.00353,0.00114,0.00571;0.00558;0.00427;0.00419;0.00405;0.00343;0.00268;0.00222;0.00177;0.00135,
line-c-r01769,line-c,line-c-e32,33.2033142,-116.1477404,180.0,line-c-e33,33.2034736,-116.1475508,180.0,line-c-e38,33.2042705,-116.1466028,180.0,line-c-e39,33.2044299,-116.1464132,180.0,2026-08-19T20:43:48Z,dipole-dipole,5,8,1.585,504.8,201.727,8.608,0.00403,0.00138,0.00621;0.00569;0.00564;0.00519;0.00428;0.00393;0.00282;0.00241;0.00219;0.00149,
line-c-r01770,line-c,line-c-e32,33.2033142,-116.1477404,180.0,line-c-e33,33.2034736,-116.1475508,180.0,line-c-e38,33.2042705,-116.1466028,180.0,line-c-e39,33.2044299,-116.1464132,180.0,2026-08-19T20:44:00Z,dipole-dipole,5,5,1.529,523.1,201.713,7.246,0.00314,0.00095,0.00477;0.00461;0.00411;0.00436;0.00361;0.00288;0.00242;0.00215;0.00161;0.00116,
line-c-r01771,line-c,line-c-e32,33.2033142,-116.1477404,180.0,line-c-e33,33.2034736,-116.1475508,180.0,line-c-e39,33.2044299,-116.1464132,180.0,line-c-e40,33.2045893,-116.1462236,180.0,2026-08-19T20:44:12Z,dipole-dipole,6,8,1.521,525.8,187.211,425.617,0.00363,0.00127,0.00575;0.00496;0.00540;0.00482;0.00410;0.00369;0.00301;0.00221;0.00173;0.00133,
line-c-r01772,line-c,line-c-e32,33.2033142,-116.1477404,180.0,line-c-e33,33.2034736,-116.1475508,180.0,line-c-e39,33.2044299,-116.1464132,180.0,line-c-e40,33.2045893,-116.1462236,180.0,2026-08-19T20:44:24Z,dipole-dipole,6,4,1.775,450.7,210.826,9.179,0.00281,0.00104,0.00430;0.00440;0.00398;0.00370;0.00309;0.00257;0.00245;0.00172;0.00133;0.00106,
line-c-r01773,line-c,line-c-e32,33.2033142,-116.1477404,180.0,line-c-e33,33.2034736,-116.1475508,180.0,line-c-e39,33.2044299,-116.1464132,180.0,line-c-e40,33.2045893,-116.1462236,180.0,2026-08-19T20:44:36Z,dipole-dipole,6,6,1.795,445.8,209.789,7.631,0.00311,0.00123,0.00481;0.00451;0.00432;0.00391;0.00333;0.00321;0.00242;0.00205;0.00133;0.00106,
line-c-r01774,line-c,line-c-e32,33.2033142,-116.1477404,180.0,line-c-e33,33.2034736,-116.1475508,180.0,line-c-e39,33.2044299,-116.1464132,180.0,line-c-e40,33.2045893,-116.1462236,180.0,2026-08-19T20:44:48Z,dipole-dipole,6,3,2.000,389.4,194.761,7.367,0.00412,0.00130,0.00710;0.00691;0.00539;0.00486;0.00502;0.00418;0.00325;0.00272;0.00189;0.00145,
line-c-r01775,line-c,line-c-e32,33.2033142,-116.1477404,180.0,line-c-e33,33.2034736,-116.1475508,180.0,line-c-e39,33.2044299,-116.1464132,180.0,line-c-e40,33.2045893,-116.1462236,180.0,2026-08-19T20:45:00Z,dipole-dipole,6,8,1.566,510.9,201.917,9.005,0.00528,0.00101,0.00814;0.00742;0.00691;0.00697;0.00536;0.00512;0.00434;0.00314;0.00245;0.00170,
line-c-r01776,line-c,line-c-e32,33.2033142,-116.1477404,180.0,line-c-e33,33.2034736,-116.1475508,180.0,line-c-e39,33.2044299,-116.1464132,180.0,line-c-e40,33.2045893,-116.1462236,180.0,2026-08-19T20:45:12Z,dipole-dipole,6,3,2.000,379.3,212.992,7.011,0.00392,0.00093,0.00638;0.00550;0.00525;0.00463;0.00424;0.00373;0.00323;0.00262;0.00188;0.00122,
line-c-r01777,line-c,line-c-e32,33.2033142,-116.1477404,180.0,line-c-e33,33.2034736,-116.1475508,180.0,line-c-e39,33.2044299,-116.1464132,180.0,line-c-e40,33.2045893,-116.1462236,180.0,2026-08-19T20:45:24Z,dipole-dipole,6,4,2.000,384.4,201.661,7.596,0.00631,0.00102,0.01064;0.01048;0.00826;0.00842;0.00769;0.00578;0.00522;0.00399;0.00329;0.00230,
line-c-r01778,line-c,line-c-e32,33.2033142,-116.1477404,180.0,line-c-e33,33.2034736,-116.1475508,180.0,line-c-e39,33.2044299,-116.1464132,180.0,line-c-e40,33.2045893,-116.1462236,180.0,2026-08-19T20:45:36Z,dipole-dipole,6,4,1.776,450.3,198.541,9.233,0.00476,0.00106,0.00739;0.00704;0.00664;0.00556;0.00561;0.00442;0.00367;0.00309;0.00232;0.00166,
line-c-r01779,line-c,line-c-e33,33.2034736,-116.1475508,180.0,line-c-e34,33.2036330,-116.1473612,180.0,line-c-e35,33.2037923,-116.1471716,180.0,line-c-e36,33.2039517,-116.1469820,180.0,2026-08-19T20:45:48Z,dipole-dipole,1,7,1.857,430.7,205.149,7.098,0.00212,0.00119,0.00075;0.00117;0.00127;0.00166;0.00205;0.00233;0.00263;0.00307;0.00297;0.00345,
line-c-r01780,line-c,line-c-e33,33.2034736,-116.1475508,180.0,line-c-e34,33.2036330,-116.1473612,180.0,line-c-e35,33.2037923,-116.1471716,180.0,line-c-e36,33.2039517,-116.1469820,180.0,2026-08-19T20:46:00Z,dipole-dipole,1,6,1.761,454.3,205.737,7.292,0.00388,0.00102,0.00657;0.00526;0.00479;0.00469;0.00427;0.00395;0.00283;0.00209;0.00195;0.00140,
line-c-r01781,line-c,line-c-e33,33.2034736,-116.1475508,180.0,line-c-e34,33.2036330,-116.1473612,180.0,line-c-e35,33.2037923,-116.1471716,180.0,line-c-e36,33.2039517,-116.1469820,180.0,2026-08-19T20:46:12Z,dipole-dipole,1,7,1.708,468.3,203.534,9.521,0.00568,0.00096,0.01021;0.00826;0.00728;0.00777;0.00570;0.00567;0.00418;0.00374;0.00272;0.00200,
line-c-r01782,line-c,line-c-e33,33.2034736,-116.1475508,180.0,line-c-e34,33.2036330,-116.1473612,180.0,line-c-e35,33.2037923,-116.1471716,180.0,line-c-e36,33.2039517,-116.1469820,180.0,2026-08-19T20:46:24Z,dipole-dipole,1,7,2.000,366.8,209.717,8.288,0.00572,0.00087,0.00853;0.00821;0.00831;0.00764;0.00580;0.00602;0.00452;0.00344;0.00303;0.00194,
line-c-r01783,line-c,line-c-e33,33.2034736,-116.1475508,180.0,line-c-e34,33.2036330,-116.1473612,180.0,line-c-e35,33.2037923,-116.1471716,180.0,line-c-e36,33.2039517,-116.1469820,180.0,2026-08-19T20:46:36Z,dipole-dipole,1,8,2.000,396.0,204.213,6.304,0.00536,0.00101,0.00936;0.00782;0.00726;0.00731;0.00591;0.00489;0.00436;0.00342;0.00246;0.00180,
line-c-r01784,line-c,line-c-e33,33.2034736,-116.1475508,180.0,line-c-e34,33.2036330,-116.1473612,180.0,line-c-e35,33.2037923,-116.1471716,180.0,line-c-e36,33.2039517,-116.1469820,180.0,2026-08-19T20:46:48Z,dipole-dipole,1,5,1.716,466.2,215.267,7.134,0.00471,0.00099,0.00754;0.00670;0.00611;0.00560;0.00551;0.00415;0.00403;0.00271;0.00229;0.00175,
line-c-r01785,line-c,line-c-e33,33.2034736,-116.1475508,180.0,line-c-e34,33.2036330,-116.1473612,180.0,line-c-e35,33.2037923,-116.1471716,180.0,line-c-e36,33.2039517,-116.1469820,180.0,2026-08-19T20:47:00Z,dipole-dipole,1,8,2.000,357.2,196.950,7.666,0.00434,0.00066,0.00746;0.00696;0.00585;0.00528;0.00438;0.00476;0.00337;0.00282;0.00219;0.00142,
line-c-r01786,line-c,line-c-e33,33.2034736,-116.1475508,180.0,line-c-e34,33.2036330,-116.1473612,180.0,line-c-e35,33.2037923,-116.1471716,180.0,line-c-e36,33.2039517,-116.1469820,180.0,2026-08-19T20:47:12Z,dipole-dipole,1,3,1.622,493.2,202.292,10.170,0.00507,0.00115,0.00832;0.00698;0.00713;0.00603;0.00557;0.00453;0.00378;0.00328;0.00237;0.00175,
line-c-r01787,line-c,line-c-e33,33.2034736,-116.1475508,180.0,line-c-e34,33.2036330,-116.1473612,180.0,line-c-e36,33.2039517,-116.1469820,180.0,line-c-e37,33.2041111,-116.1467924,180.0,2026-08-19T20:47:24Z,dipole-dipole,2,8,1.489,537.2,189.871,8.617,0.00441,0.00142,0.00664;0.00642;0.00647;0.00534;0.00521;0.00464;0.00324;0.00278;0.00204;0.00147,
line-c-r01788,line-c,line-c-e33,33.2034736,-116.1475508,180.0,line-c-e34,33.2036330,-116.1473612,180.0,line-c-e36,33.2039517,-116.1469820,180.0,line-c-e37,33.2041111,-116.1467924,180.0,2026-08-19T20:47:36Z,dipole-dipole,2,5,1.635,489.4,200.440,7.957,0.00504,0.00091,0.00802;0.00747;0.00657;0.00615;0.00515;0.00459;0.00416;0.00293;0.00231;0.00194,
line-c-r01789,line-c,line-c-e33,33.2034736,-116.1475508,180.0,line-c-e34,33.2036330,-116.1473612,180.0,line-c-e36,33.2039517,-116.1469820,180.0,line-c-e37,33.2041111,-116.1467924,180.0,2026-08-19T20:47:48Z,dipole-dipole,2,4,1.700,470.6,207.163,7.660,0.00624,0.00091,0.01067;0.00816;0.00899;0.00768;0.00625;0.00614;0.00503;0.00400;0.00343;0.00236,
line-c-r01790,line-c,line-c-e33,33.2034736,-116.1475508,180.0,line-c-e34,33.2036330,-116.1473612,180.0,line-c-e36,33.2039517,-116.1469820,180.0,line-c-e37,33.2041111,-116.1467924,180.0,2026-08-19T20:48:00Z,dipole-dipole,2,3,1.908,419.3,211.314,7.826,0.00358,0.00113,0.00569;0.00559;0.00544;0.00410;0.00444;0.00309;0.00260;0.00230;0.00168;0.00130,
line-c-r01791,line-c,line-c-e33,33.2034736,-116.1475508,180.0,line-c-e34,33.2036330,-116.1473612,180.0,line-c-e36,33.2039517,-116.1469820,180.0,line-c-e37,33.2041111,-116.1467924,180.0,2026-08-19T20:48:12Z,dipole-dipole,2,7,1.620,493.7,197.864,6.238,0.00460,0.00129,0.00736;0.00623;0.00588;0.00561;0.00505;0.00449;0.00375;0.00282;0.00217;0.00166,
line-c-r01792,line-c,line-c-e33,33.2034736,-116.1475508,180.0,line-c-e34,33.2036330,-116.1473612,180.0,line-c-e36,33.2039517,-116.1469820,180.0,line-c-e37,33.2041111,-116.1467924,180.0,2026-08-19T20:48:24Z,dipole-dipole,2,3,1.454,550.1,190.298,458.313,0.00496,0.00084,0.00825;0.00739;0.00689;0.00546;0.00590;0.00475;0.00425;0.00286;0.00252;0.00184,
line-c-r01793,line-c,line-c-e33,33.2034736,-116.1475508,180.0,line-c-e34,33.2036330,-116.1473612,180.0,line-c-e37,33.2041111,-116.1467924,180.0,line-c-e38,33.2042705,-116.1466028,180.0,2026-08-19T20:48:36Z,dipole-dipole,3,3,1.475,542.4,191.463,8.203,0.00576,0.00105,0.00958;0.00795;0.00746;0.00697;0.00663;0.00524;0.00457;0.00368;0.00260;0.00207,
line-c-r01794,line-c,line-c-e33,33.2034736,-116.1475508,180.0,line-c-e34,33.2036330,-116.1473612,180.0,line-c-e37,33.2041111,-116.1467924,180.0,line-c-e38,33.2042705,-116.1466028,180.0,2026-08-19T20:48:48Z,dipole-dipole,3,8,1.414,565.7,183.918,7.011,0.00640,0.00084,0.01046;0.00938;0.00892;0.00803;0.00707;0.00616;0.00524;0.00355;0.00299;0.00249,
line-c-r01795,line-c,line-c-e33,33.2034736,-116.1475508,180.0,line-c-e34,33.2036330,-116.1473612,180.0,line-c-e37,33.2041111,-116.1467924,180.0,line-c-e38,33.2042705,-116.1466028,180.0,2026-08-19T20:49:00Z,dipole-dipole,3,8,2.000,398.2,201.790,5.660,0.00392,0.00083,0.00612;0.00579;0.00501;0.00477;0.00410;0.00397;0.00342;0.00249;0.00204;0.00153,
line-c-r01796,line-c,line-c-e33,33.2034736,-116.1475508,180.0,line-c-e34,33.2036330,-116.1473612,180.0,line-c-e37,33.2041111,-116.1467924,180.0,line-c-e38,33.2042705,-116.1466028,180.0,2026-08-19T20:49:12Z,dipole-dipole,3,3,1.741,459.4,190.315,6.616,0.00678,0.00099,0.01037;0.01012;0.00974;0.00837;0.00722;0.00603;0.00620;0.00485;0.00323;0.00235,
line-c-r01797,line-c,line-c-e33,33.2034736,-116.1475508,180.0,line-c-e34,33.2036330,-116.1473612,180.0,line-c-e37,33.2041111,-116.1467924,180.0,line-c-e38,33.2042705,-116.1466028,180.0,2026-08-19T20:49:24Z,dipole-dipole,3,3,1.342,596.0,197.295,7.445,0.00417,0.00087,0.00622;0.00592;0.00613;0.00583;0.00468;0.00383;0.00322;0.00268;0.00216;0.00148,
line-c-r01798,line-c,line-c-e33,33.2034736,-116.1475508,180.0,line-c-e34,33.2036330,-116.1473612,180.0,line-c-e37,33.2041111,-116.1467924,180.0,line-c-e38,33.2042705,-116.1466028,180.0,2026-08-19T20:49:36Z,dipole-dipole,3,5,1.893,422.5,203.372,6.856,0.00352,0.00151,0.00558;0.00551;0.00467;0.00444;0.00382;0.00313;0.00306;0.00211;0.00162;0.00121,
line-c-r01799,line-c,line-c-e33,33.2034736,-116.1475508,180.0,line-c-e34,33.2036330,-116.1473612,180.0,line-c-e37,33.2041111,-116.1467924,180.0,line-c-e38,33.2042705,-116.1466028,180.0,2026-08-19T20:49:48Z,dipole-dipole,3,3,2.000,354.4,192.052,6.964,0.00590,0.00119,0.00907;0.00900;0.00743;0.00803;0.00713;0.00539;0.00443;0.00404;0.00291;0.00191,
line-c-r01800,line-c,line-c-e33,33.2034736,-116.1475508,180.0,line-c-e34,33.2036330,-116.1473612,180.0,line-c-e37,33.2041111,-116.1467924,180.0,line-c-e38,33.2042705,-116.1466028,180.0,2026-08-19T20:50:00Z,dipole-dipole,3,7,1.663,481.1,195.643,6.301,0.00499,0.00099,0.00795;0.00756;0.00635;0.00621;0.00623;0.00573;0.00411;0.00315;0.00237;0.00179,
line-c-r01801,line-c,line-c-e33,33.2034736,-116.1475508,180.0,line-c-e34,33.2036330,-116.1473612,180.0,line-c-e38,33.2042705,-116.1466028,180.0,line-c-e39,33.2044299,-116.1464132,180.0,2026-08-19T20:50:12Z,dipole-dipole,4,7,1.881,425.3,183.677,7.570,0.00747,0.00101,0.01041;0.01113;0.01082;0.00944;0.00783;0.00727;0.00577;0.00436;0.00358;0.00268,
line-c-r01802,line-c,line-c-e33,33.2034736,-116.1475508,180.0,line-c-e34,33.2036330,-116.1473612,180.0,line-c-e38,33.2042705,-116.1466028,180.0,line-c-e39,33.2044299,-116.1464132,180.0,2026-08-19T20:50:24Z,dipole-dipole,4,3,1.634,489.6,202.000,6.435,0.00540,0.00097,0.00817;0.00734;0.00801;0.00683;0.00570;0.00519;0.00387;0.00333;0.00272;0.00206,
line-c-r01803,line-c,line-c-e33,33.2034736,-116.1475508,180.0,line-c-e34,33.2036330,-116.1473612,180.0,line-c-e38,33.2042705,-116.1466028,180.0,line-c-e39,33.2044299,-116.1464132,180.0,2026-08-19T20:50:36Z,dipole-dipole,4,5,1.515,528.2,193.777,8.394,0.00485,0.00097,0.00830;0.00714;0.00638;0.00588;0.00494;0.00423;0.00390;0.00296;0.00235;0.00177,
line-c-r01804,line-c,line-c-e33,33.2034736,-116.1475508,180.0,line-c-e34,33.2036330,-116.1473612,180.0,line-c-e38,33.2042705,-116.1466028,180.0,line-c-e39,33.2044299,-116.1464132,180.0,2026-08-19T20:50:48Z,dipole-dipole,4,7,1.670,478.9,191.610,8.368,0.00640,0.00113,0.00998;0.00978;0.00870;0.00793;0.00736;0.00606;0.00460;0.00384;0.00314;0.00239,
line-c-r01805,line-c,line-c-e33,33.2034736,-116.1475508,180.0,line-c-e34,33.2036330,-116.1473612,180.0,line-c-e38,33.2042705,-116.1466028,180.0,line-c-e39,33.2044299,-116.1464132,180.0,2026-08-19T20:51:00Z,dipole-dipole,4,3,1.449,552.0,203.191,6.376,0.00503,0.00118,0.00805;0.00757;0.00695;0.00629;0.00573;0.00458;0.00380;0.00297;0.00248;0.00196,
line-c-r01806,line-c,line-c-e33,33.2034736,-116.1475508,180.0,line-c-e34,33.2036330,-116.1473612,180.0,line-c-e38,33.2042705,-116.1466028,180.0,line-c-e39,33.2044299,-116.1464132,180.0,2026-08-19T20:51:12Z,dipole-dipole,4,6,1.634,489.6,201.489,8.040,0.00509,0.00097,0.00851;0.00710;0.00719;0.00624;0.00554;0.00515;0.00421;0.00367;0.00245;0.00189,
line-c-r01807,line-c,line-c-e33,33.2034736,-116.1475508,180.0,line-c-e34,33.2036330,-116.1473612,180.0,line-c-e38,33.2042705,-116.1466028,180.0,line-c-e39,33.2044299,-116.1464132,180.0,2026-08-19T20:51:24Z,dipole-dipole,4,8,2.000,383.9,199.947,11.039,0.00587,0.00120,0.00874;0.00822;0.00843;0.00768;0.00636;0.00636;0.00450;0.00360;0.00298;0.00196,
line-c-r01808,line-c,line-c-e33,33.2034736,-116.1475508,180.0,line-c-e34,33.2036330,-116.1473612,180.0,line-c-e38,33.2042705,-116.1466028,180.0,line-c-e39,33.2044299,-116.1464132,180.0,2026-08-19T20:51:36Z,dipole-dipole,4,6,1.524,524.9,204.211,6.406,0.00501,0.00116,0.00817;0.00770;0.00639;0.00570;0.00521;0.00453;0.00408;0.00341;0.00227;0.00204,
line-c-r01809,line-c,line-c-e33,33.2034736,-116.1475508,180.0,line-c-e34,33.2036330,-116.1473612,180.0,line-c-e39,33.2044299,-116.1464132,180.0,line-c-e40,33.2045893,-116.1462236,180.0,2026-08-19T20:51:48Z,dipole-dipole,5,8,1.578,506.8,191.718,7.153,0.00396,0.00089,0.00605;0.00576;0.00527;0.00517;0.00462;0.00372;0.00326;0.00262;0.00185;0.00136,
line-c-r01810,line-c,line-c-e33,33.2034736,-116.1475508,180.0,line-c-e34,33.2036330,-116.1473612,180.0,line-c-e39,33.2044299,-116.1464132,180.0,line-c-e40,33.2045893,-116.1462236,180.0,2026-08-19T20:52:00Z,dipole-dipole,5,7,1.721,464.9,194.340,7.874,0.00573,0.00109,0.00902;0.00880;0.00812;0.00713;0.00603;0.00494;0.00431;0.00371;0.00286;0.00214,
line-c-r01811,line-c,line-c-e33,33.2034736,-116.1475508,180.0,line-c-e34,33.2036330,-116.1473612,180.0,line-c-e39,33.2044299,-116.1464132,180.0,line-c-e40,33.2045893,-116.1462236,180.0,2026-08-19T20:52:12Z,dipole-dipole,5,3,1.755,455.8,203.738,7.788,0.00604,0.00100,0.00952;0.00886;0.00822;0.00683;0.00619;0.00618;0.00487;0.00354;0.00283;0.00204,
line-c-r01376,line-c,line-c-e33,33.2034736,-116.1475508,180.0,line-c-e34,33.2036330,-116.1473612,180.0,line-c-e39,33.2044299,-116.1464132,180.0,line-c-e40,33.2045893,-116.1462236,180.0,2026-08-19T20:52:24Z,dipole-dipole,5,7,1.677,477.1,177.449,8.638,0.00564,0.00109,0.00925;0.00881;0.00786;0.00607;0.00636;0.00525;0.00465;0.00329;0.00274;0.00197,
line-c-r01813,line-c,line-c-e33,33.2034736,-116.1475508,180.0,line-c-e34,33.2036330,-116.1473612,180.0,line-c-e39,33.2044299,-116.1464132,180.0,line-c-e40,33.2045893,-116.1462236,180.0,2026-08-19T20:52:36Z,dipole-dipole,5,3,1.943,411.6,196.564,7.998,0.00583,0.00090,0.00937;0.00806;0.00776;0.00766;0.00774;0.00514;0.00444;0.00407;0.00310;0.00201,
line-c-r01814,line-c,line-c-e33,33.2034736,-116.1475508,180.0,line-c-e34,33.2036330,-116.1473612,180.0,line-c-e39,33.2044299,-116.1464132,180.0,line-c-e40,33.2045893,-116.1462236,180.0,2026-08-19T20:52:48Z,dipole-dipole,5,4,1.599,500.4,205.752,8.172,0.00646,0.00090,0.00983;0.00942;0.00990;0.00814;0.00699;0.00664;0.00484;0.00440;0.00339;0.00243,
line-c-r01815,line-c,line-c-e33,33.2034736,-116.1475508,180.0,line-c-e34,33.2036330,-116.1473612,180.0,line-c-e39,33.2044299,-116.1464132,180.0,line-c-e40,33.2045893,-116.1462236,180.0,2026-08-19T20:53:00Z,dipole-dipole,5,5,1.571,509.4,190.701,9.206,0.00415,0.00099,0.00662;0.00612;0.00575;0.00538;0.00439;0.00367;0.00312;0.00268;0.00214;0.00140,
line-c-r01816,line-c,line-c-e33,33.2034736,-116.1475508,180.0,line-c-e34,33.2036330,-116.1473612,180.0,line-c-e39,33.2044299,-116.1464132,180.0,line-c-e40,33.2045893,-116.1462236,180.0,2026-08-19T20:53:12Z,dipole-dipole,5,4,1.840,434.8,204.986,7.973,0.00499,0.00090,0.00805;0.00775;0.00678;0.00667;0.00550;0.00423;0.00363;0.00319;0.00270;0.00187,
line-c-r01817,line-c,line-c-e34,33.2036330,-116.1473612,180.0,line-c-e35,33.2037923,-116.1471716,180.0,line-c-e36,33.2039517,-116.1469820,180.0,line-c-e37,33.2041111,-116.1467924,180.0,2026-08-19T20:53:24Z,dipole-dipole,1,7,1.822,439.0,-120.399,6.535,0.00395,0.00088,0.00595;0.00554;0.00525;0.00509;0.00414;0.00366;0.00291;0.00243;0.00198;0.00150,
line-c-r01818,line-c,line-c-e34,33.2036330,-116.1473612,180.0,line-c-e35,33.2037923,-116.1471716,180.0,line-c-e36,33.2039517,-116.1469820,180.0,line-c-e37,33.2041111,-116.1467924,180.0,2026-08-19T20:53:36Z,dipole-dipole,1,8,2.000,354.8,204.561,8.011,0.00711,0.00119,0.01166;0.01103;0.00880;0.00903;0.00779;0.00680;0.00549;0.00425;0.00339;0.00258,
line-c-r01819,line-c,line-c-e34,33.2036330,-116.1473612,180.0,line-c-e35,33.2037923,-116.1471716,180.0,line-c-e36,33.2039517,-116.1469820,180.0,line-c-e37,33.2041111,-116.1467924,180.0,2026-08-19T20:53:48Z,dipole-dipole,1,3,1.938,412.8,201.186,7.545,0.00480,0.00093,0.00718;0.00735;0.00690;0.00574;0.00490;0.00461;0.00387;0.00303;0.00210;0.00184,
line-c-r01820,line-c,line-c-e34,33.2036330,-116.1473612,180.0,line-c-e35,33.2037923,-116.1471716,180.0,line-c-e36,33.2039517,-116.1469820,180.0,line-c-e37,33.2041111,-116.1467924,180.0,2026-08-19T20:54:00Z,dipole-dipole,1,7,2.000,388.4,215.396,7.973,0.00594,0.00096,0.00967;0.00890;0.00832;0.00754;0.00631;0.00538;0.00425;0.00360;0.00282;0.00210,
line-c-r01821,line-c,line-c-e34,33.2036330,-116.1473612,180.0,line-c-e35,33.2037923,-116.1471716,180.0,line-c-e36,33.2039517,-116.1469820,180.0,line-c-e37,33.2041111,-116.1467924,180.0,2026-08-19T20:54:12Z,dipole-dipole,1,8,1.774,451.0,217.243,8.391,0.00554,0.00100,0.01006;0.00858;0.00793;0.00695;0.00597;0.00537;0.00491;0.00353;0.00266;0.00238,
line-c-r01822,line-c,line-c-e34,33.2036330,-116.1473612,180.0,line-c-e35,33.2037923,-116.1471716,180.0,line-c-e36,33.2039517,-116.1469820,180.0,line-c-e37,33.2041111,-116.1467924,180.0,2026-08-19T20:54:24Z,dipole-dipole,1,3,1.646,486.0,189.915,7.373,0.00388,0.00106,0.00631;0.00552;0.00549;0.00497;0.00438;0.00357;0.00300;0.00230;0.00161;0.00136,
line-c-r01823,line-c,line-c-e34,33.2036330,-116.1473612,180.0,line-c-e35,33.2037923,-116.1471716,180.0,line-c-e36,33.2039517,-116.1469820,180.0,line-c-e37,33.2041111,-116.1467924,180.0,2026-08-19T20:54:36Z,dipole-dipole,1,6,1.755,455.8,189.729,8.716,0.00454,0.00108,0.00709;0.00663;0.00639;0.00503;0.00502;0.00437;0.00385;0.00290;0.00225;0.00173,
line-c-r01824,line-c,line-c-e34,33.2036330,-116.1473612,180.0,line-c-e35,33.2037923,-116.1471716,180.0,line-c-e37,33.2041111,-116.1467924,180.0,line-c-e38,33.2042705,-116.1466028,180.0,2026-08-19T20:54:48Z,dipole-dipole,2,4,1.907,419.6,201.094,6.694,0.00459,0.00079,0.00724;0.00697;0.00641;0.00545;0.00437;0.00401;0.00360;0.00291;0.00235;0.00156,
line-c-r01825,line-c,line-c-e34,33.2036330,-116.1473612,180.0,line-c-e35,33.2037923,-116.1471716,180.0,line-c-e37,33.2041111,-116.1467924,180.0,line-c-e38,33.2042705,-116.1466028,180.0,2026-08-19T20:55:00Z,dipole-dipole,2,4,2.000,378.3,203.951,5.421,0.00453,0.00088,0.00674;0.00627;0.00599;0.00590;0.00478;0.00441;0.00367;0.00292;0.00236;0.00170,
line-c-r01826,line-c,line-c-e34,33.2036330,-116.1473612,180.0,line-c-e35,33.2037923,-116.1471716,180.0,line-c-e37,33.2041111,-116.1467924,180.0,line-c-e38,33.2042705,-116.1466028,180.0,2026-08-19T20:55:12Z,dipole-dipole,2,7,1.709,468.2,201.994,6.797,0.00476,0.00101,0.00161;0.00206;0.00285;0.00353;0.00460;0.00533;0.00626;0.00642;0.00767;0.00724,
line-c-r01827,line-c,line-c-e34,33.2036330,-116.1473612,180.0,line-c-e35,,,,line-c-e37,33.2041111,-116.1467924,180.0,line-c-e38,33.2042705,-116.1466028,180.0,2026-08-19T20:55:24Z,dipole-dipole,2,5,2.000,373.3,184.733,6.637,0.00428,0.00101,0.00720;0.00616;0.00565;0.00594;0.00456;0.00423;0.00380;0.00257;0.00218;0.00151,
line-c-r01828,line-c,line-c-e34,33.2036330,-116.1473612,180.0,line-c-e35,33.2037923,-116.1471716,180.0,line-c-e37,33.2041111,-116.1467924,180.0,line-c-e38,33.2042705,-116.1466028,180.0,2026-08-19T20:55:36Z,dipole-dipole,2,3,1.825,438.4,191.633,5.978,0.00391,0.00102,0.00656;0.00541;0.00560;0.00526;0.00377;0.00386;0.00289;0.00270;0.00197;0.00133,
line-c-r01829,line-c,line-c-e34,33.2036330,-116.1473612,180.0,line-c-e35,33.2037923,-116.1471716,180.0,line-c-e37,33.2041111,-116.1467924,180.0,line-c-e38,33.2042705,-116.1466028,180.0,2026-08-19T20:55:48Z,dipole-dipole,2,8,1.968,406.5,198.353,7.643,0.00466,0.00118,0.00774;0.00679;0.00600;0.00593;0.00497;0.00433;0.00357;0.00297;0.00225;0.00174,
line-c-r01830,line-c,line-c-e34,33.2036330,-116.1473612,180.0,line-c-e35,33.2037923,-116.1471716,180.0,line-c-e38,33.2042705,-116.1466028,180.0,line-c-e39,33.2044299,-116.1464132,180.0,2026-08-19T20:56:00Z,dipole-dipole,3,8,1.634,489.6,189.717,7.961,0.00583,0.00108,0.00984;0.00983;0.00730;0.00785;0.00627;0.00607;0.00514;0.00386;0.00300;0.00221,
line-c-r01831,line-c,line-c-e34,33.2036330,-116.1473612,180.0,line-c-e35,33.2037923,-116.1471716,180.0,line-c-e38,33.2042705,-116.1466028,180.0,line-c-e39,33.2044299,-116.1464132,180.0,2026-08-19T20:56:12Z,dipole-dipole,3,7,1.776,450.6,194.707,6.371,0.00483,0.00112,0.00752;0.00800;0.00683;0.00606;0.00557;0.00425;0.00359;0.00329;0.00215;0.00172,
line-c-r01832,line-c,line-c-e34,33.2036330,-116.1473612,180.0,line-c-e35,33.2037923,-116.1471716,180.0,line-c-e38,33.2042705,-116.1466028,180.0,line-c-e39,33.2044299,-116.1464132,180.0,2026-08-19T20:56:24Z,dipole-dipole,3,7,2.000,374.9,205.142,9.697,0.00329,0.00088,0.00517;0.00519;0.00427;0.00358;0.00329;0.00311;0.00272;0.00200;0.00180;0.00114,
line-c-r01833,line-c,line-c-e34,33.2036330,-116.1473612,180.0,line-c-e35,33.2037923,-116.1471716,180.0,line-c-e38,33.2042705,-116.1466028,180.0,line-c-e39,33.2044299,-116.1464132,180.0,2026-08-19T20:56:36Z,dipole-dipole,3,7,1.623,492.8,211.870,8.227,0.00403,0.00099,0.00627;0.00570;0.00521;0.00529;0.00490;0.00394;0.00304;0.00274;0.00211;0.00128,
line-c-r01834,line-c,line-c-e34,33.2036330,-116.1473612,180.0,line-c-e35,33.2037923,-116.1471716,180.0,line-c-e38,33.2042705,-116.1466028,180.0,line-c-e39,33.2044299,-116.1464132,180.0,2026-08-19T20:56:48Z,dipole-dipole,3,7,2.000,358.7,202.172,6.816,0.00422,0.00120,0.00677;0.00652;0.00578;0.00520;0.00458;0.00407;0.00325;0.00265;0.00219;0.00151,
line-c-r01835,line-c,line-c-e34,33.2036330,-116.1473612,180.0,line-c-e35,33.2037923,-116.1471716,180.0,line-c-e38,33.2042705,-116.1466028,180.0,line-c-e39,33.2044299,-116.1464132,180.0,2026-08-19T20:57:00Z,dipole-dipole,3,7,1.554,514.8,205.502,7.883,0.00356,0.00101,0.00584;0.00554;0.00484;0.00419;0.00386;0.00334;0.00318;0.00230;0.00172;0.00131,
line-c-r01836,line-c,line-c-e34,33.2036330,-116.1473612,180.0,line-c-e35,33.2037923,-116.1471716,180.0,line-c-e38,33.2042705,-116.1466028,180.0,line-c-e39,33.2044299,-116.1464132,180.0,2026-08-19T20:57:12Z,dipole-dipole,3,4,1.607,498.0,196.793,7.988,0.00686,0.00100,0.01063;0.01121;0.00945;0.00904;0.00747;0.00675;0.00598;0.00471;0.00308;0.00230,
line-c-r01837,line-c,line-c-e34,33.2036330,-116.1473612,180.0,line-c-e35,33.2037923,-116.1471716,180.0,line-c-e39,33.2044299,-116.1464132,180.0,line-c-e40,33.2045893,-116.1462236,180.0,2026-08-19T20:57:24Z,dipole-dipole,4,6,2.000,325.0,196.639,8.412,0.00575,0.00123,0.00921;0.00803;0.00845;0.00730;0.00582;0.00505;0.00521;0.00344;0.00265;0.00217,
line-c-r01838,line-c,line-c-e34,33.2036330,-116.1473612,180.0,line-c-e35,33.2037923,-116.1471716,180.0,line-c-e39,33.2044299,-116.1464132,180.0,line-c-e40,33.2045893,-116.1462236,180.0,2026-08-19T20:57:36Z,dipole-dipole,4,6,2.000,345.1,208.982,7.527,0.00494,0.00111,0.00809;0.00733;0.00627;0.00673;0.00521;0.00495;0.00351;0.00298;0.00234;0.00173,
line-c-r01839,line-c,line-c-e34,33.2036330,-116.1473612,180.0,line-c-e35,33.2037923,-116.1471716,180.0,line-c-e39,33.2044299,-116.1464132,180.0,line-c-e40,33.2045893,-116.1462236,180.0,2026-08-19T20:57:48Z,dipole-dipole,4,3,1.854,431.5,190.756,6.159,0.00632,0.00110,0.00936;0.00922;0.00829;0.00745;0.00670;0.00562;0.00521;0.00402;0.00313;0.00212,
line-c-r01840,line-c,line-c-e34,33.2036330,-116.1473612,180.0,line-c-e35,33.2037923,-116.1471716,180.0,line-c-e39,33.2044299,-116.1464132,180.0,line-c-e40,33.2045893,-116.1462236,180.0,2026-08-19T20:58:00Z,dipole-dipole,4,6,1.782,448.9,203.520,9.673,0.00550,0.00095,0.00831;0.00832;0.00764;0.00720;0.00559;0.00555;0.00410;0.00375;0.00260;0.00203,
line-c-r01841,line-c,line-c-e34,33.2036330,-116.1473612,180.0,line-c-e35,33.2037923,-116.1471716,180.0,line-c-e39,33.2044299,-116.1464132,180.0,line-c-e40,33.2045893,-116.1462236,180.0,2026-08-19T20:58:12Z,dipole-dipole,4,3,1.422,562.5,198.737,5.952,0.00280,0.00114,0.00440;0.00433;0.00396;0.00386;0.00303;0.00240;0.00225;0.00183;0.00134;0.00091,
line-c-r01842,line-c,line-c-e34,33.2036330,-116.1473612,180.0,line-c-e35,33.2037923,-116.1471716,180.0,line-c-e39,33.2044299,-116.1464132,180.0,line-c-e40,33.2045893,-116.1462236,180.0,2026-08-19T20:58:24Z,dipole-dipole,4,4,1.939,412.6,192.962,526.225,0.00642,0.00101,0.01046;0.01012;0.00807;0.00799;0.00662;0.00684;0.00478;0.00405;0.00316;0.00250,
line-c-r01843,line-c,line-c-e34,33.2036330,-116.1473612,180.0,line-c-e35,33.2037923,-116.1471716,180.0,line-c-e39,33.2044299,-116.1464132,180.0,line-c-e40,33.2045893,-116.1462236,180.0,2026-08-19T20:58:36Z,dipole-dipole,4,5,1.684,475.0,202.322,8.721,0.00538,0.00121,0.00913;0.00856;0.00719;0.00685;0.00631;0.00487;0.00431;0.00363;0.00259;0.00176,
line-c-r01844,line-c,line-c-e35,33.2037923,-116.1471716,180.0,line-c-e36,33.2039517,-116.1469820,180.0,line-c-e37,33.2041111,-116.1467924,180.0,line-c-e38,33.2042705,-116.1466028,180.0,2026-08-19T20:58:48Z,dipole-dipole,1,7,2.000,322.2,192.566,7.463,0.00499,0.00106,0.00750;0.00775;0.00648;0.00638;0.00617;0.00469;0.00456;0.00308;0.00236;0.00184,
line-c-r01845,line-c,line-c-e35,33.2037923,-116.1471716,180.0,line-c-e36,33.2039517,-116.1469820,180.0,line-c-e37,33.2041111,-116.1467924,180.0,line-c-e38,33.2042705,-116.1466028,180.0,2026-08-19T20:59:00Z,dipole-dipole,1,6,1.866,428.8,210.865,7.352,0.00415,0.00091,0.00666;0.00608;0.00541;0.00450;0.00475;0.00419;0.00325;0.00245;0.00195;0.00158,
line-c-r01846,line-c,line-c-e35,33.2037923,-116.1471716,180.0,line-c-e36,33.2039517,-116.1469820,180.0,line-c-e37,33.2041111,-116.1467924,180.0,line-c-e38,33.2042705,-116.1466028,180.0,2026-08-19T20:59:12Z,dipole-dipole,1,8,2.000,288.2,206.644,6.934,0.00527,0.00113,0.00943;0.00690;0.00760;0.00659;0.00604;0.00536;0.00423;0.00320;0.00269;0.00191,
line-c-r01847,line-c,line-c-e35,33.2037923,-116.1471716,180.0,line-c-e36,33.2039517,-116.1469820,180.0,line-c-e37,33.2041111,-116.1467924,180.0,line-c-e38,33.2042705,-116.1466028,180.0,2026-08-19T20:59:24Z,dipole-dipole,1,3,2.000,341.4,208.773,6.957,0.00375,0.00090,0.00560;0.00624;0.00507;0.00469;0.00400;0.00342;0.00310;0.00237;0.00195;0.00130,
line-c-r01848,line-c,line-c-e35,33.2037923,-116.1471716,180.0,line-c-e36,33.2039517,-116.1469820,180.0,line-c-e37,33.2041111,-116.1467924,180.0,line-c-e38,33.2042705,-116.1466028,180.0,2026-08-19T20:59:36Z,dipole-dipole,1,8,1.678,476.8,209.904,7.805,0.00389,0.00116,0.00608;0.00570;0.00586;0.00419;0.00370;0.00374;0.00334;0.00240;0.00163;0.00124,
line-c-r01849,line-c,line-c-e35,33.2037923,-116.1471716,180.0,line-c-e36,33.2039517,-116.1469820,180.0,line-c-e37,33.2041111,-116.1467924,180.0,line-c-e38,33.2042705,-116.1466028,180.0,2026-08-19T20:59:48Z,dipole-dipole,1,5,2.000,299.2,200.457,8.781,0.00563,0.00113,0.00903;0.00808;0.00758;0.00662;0.00636;0.00464;0.00457;0.00360;0.00267;0.00207,
line-c-r01850,line-c,line-c-e35,33.2037923,-116.1471716,180.0,line-c-e36,33.2039517,-116.1469820,180.0,line-c-e37,33.2041111,-116.1467924,180.0,line-c-e38,33.2042705,-116.1466028,180.0,2026-08-19T21:00:00Z,dipole-dipole,1,7,1.515,527.9,199.861,6.807,0.00755,0.00113,0.01144;0.01061;0.01150;0.00901;0.00879;0.00738;0.00546;0.00483;0.00352;0.00252,
line-c-r01851,line-c,line-c-e35,33.2037923,-116.1471716,180.0,line-c-e36,33.2039517,-116.1469820,180.0,line-c-e37,33.2041111,-116.1467924,180.0,line-c-e38,33.2042705,-116.1466028,180.0,2026-08-19T21:00:12Z,dipole-dipole,1,8,2.000,391.1,212.507,7.023,0.00481,0.00100,0.00743;0.00682;0.00657;0.00585;0.00522;0.00432;0.00377;0.00262;0.00212;0.00178,
line-c-r01852,line-c,line-c-e35,33.2037923,-116.1471716,180.0,line-c-e36,33.2039517,-116.1469820,180.0,line-c-e38,33.2042705,-116.1466028,180.0,line-c-e39,33.2044299,-116.1464132,180.0,2026-08-19T21:00:24Z,dipole-dipole,2,6,2.000,268.8,181.772,6.265,0.00339,0.00111,0.00488;0.00489;0.00481;0.00367;0.00423;0.00309;0.00277;0.00217;0.00172;0.00108,
line-c-r01853,line-c,line-c-e35,33.2037923,-116.1471716,180.0,line-c-e36,33.2039517,-116.1469820,180.0,line-c-e38,33.2042705,-116.1466028,180.0,line-c-e39,33.2044299,-116.1464132,180.0,2026-08-19T21:00:36Z,dipole-dipole,2,7,2.000,379.7,198.233,9.041,0.00622,0.00093,0.00952;0.01015;0.00940;0.00840;0.00632;0.00528;0.00487;0.00384;0.00301;0.00228,
line-c-r01854,line-c,line-c-e35,33.2037923,-116.1471716,180.0,line-c-e36,33.2039517,-116.1469820,180.0,line-c-e38,33.2042705,-116.1466028,180.0,line-c-e39,33.2044299,-116.1464132,180.0,2026-08-19T21:00:48Z,dipole-dipole,2,4,2.000,363.1,202.420,8.768,0.00512,0.00075,0.00789;0.00734;0.00774;0.00668;0.00559;0.00451;0.00400;0.00368;0.00216;0.00180,
line-c-r01855,line-c,line-c-e35,33.2037923,-116.1471716,180.0,line-c-e36,33.2039517,-116.1469820,180.0,line-c-e38,33.2042705,-116.1466028,180.0,line-c-e39,33.2044299,-116.1464132,180.0,2026-08-19T21:01:00Z,dipole-dipole,2,6,2.000,371.9,203.303,7.796,0.00559,0.00108,0.00899;0.00907;0.00742;0.00632;0.00591;0.00569;0.00418;0.00326;0.00280;0.00187,
line-c-r01856,line-c,line-c-e35,33.2037923,-116.1471716,180.0,line-c-e36,33.2039517,-116.1469820,180.0,line-c-e38,33.2042705,-116.1466028,180.0,line-c-e39,33.2044299,-116.1464132,180.0,2026-08-19T21:01:12Z,dipole-dipole,2,3,2.000,303.1,211.312,6.936,0.00364,0.00098,0.00595;0.00509;0.00464;0.00417;0.00431;0.00338;0.00291;0.00228;0.00181;0.00137,
line-c-r01857,line-c,line-c-e35,33.2037923,-116.1471716,180.0,line-c-e36,33.2039517,-116.1469820,180.0,line-c-e38,33.2042705,-116.1466028,180.0,line-c-e39,33.2044299,-116.1464132,180.0,2026-08-19T21:01:24Z,dipole-dipole,2,4,2.000,335.0,195.113,6.227,0.00775,0.00089,0.01235;0.01217;0.01118;0.00990;0.00830;0.00728;0.00584;0.00456;0.00390;0.00301,
line-c-r01858,line-c,line-c-e35,33.2037923,-116.1471716,180.0,line-c-e36,33.2039517,-116.1469820,180.0,line-c-e38,33.2042705,-116.1466028,180.0,line-c-e39,33.2044299,-116.1464132,180.0,2026-08-19T21:01:36Z,dipole-dipole,2,4,2.000,342.6,191.376,7.251,0.00372,0.00091,0.00601;0.00612;0.00450;0.00456;0.00434;0.00372;0.00290;0.00233;0.00180;0.00117,
line-c-r01859,line-c,line-c-e35,33.2037923,-116.1471716,180.0,line-c-e36,33.2039517,-116.1469820,180.0,line-c-e39,33.2044299,-116.1464132,180.0,line-c-e40,33.2045893,-116.1462236,180.0,2026-08-19T21:01:48Z,dipole-dipole,3,3,2.000,348.9,191.470,8.808,0.00496,0.00084,0.00803;0.00691;0.00748;0.00604;0.00555;0.00472;0.00374;0.00292;0.00260;0.00164,
line-c-r01860,line-c,line-c-e35,33.2037923,-116.1471716,180.0,line-c-e36,33.2039517,-116.1469820,180.0,line-c-e39,33.2044299,-116.1464132,180.0,line-c-e40,33.2045893,-116.1462236,180.0,2026-08-19T21:02:00Z,dipole-dipole,3,3,2.000,323.6,206.800,9.227,0.00561,0.00086,0.00892;0.00755;0.00686;0.00665;0.00571;0.00524;0.00495;0.00340;0.00257;0.00207,
line-c-r01861,line-c,line-c-e35,33.2037923,-116.1471716,180.0,line-c-e36,33.2039517,-116.1469820,180.0,line-c-e39,33.2044299,-116.1464132,180.0,line-c-e40,33.2045893,-116.1462236,180.0,2026-08-19T21:02:12Z,dipole-dipole,3,6,2.000,345.5,192.038,8.084,0.00461,0.00104,0.00789;0.00722;0.00616;0.00652;0.00509;0.00419;0.00364;0.00302;0.00221;0.00162,
line-c-r01862,line-c,line-c-e35,33.2037923,-116.1471716,180.0,line-c-e36,33.2039517,-116.1469820,180.0,line-c-e39,33.2044299,-116.1464132,180.0,line-c-e40,33.2045893,-116.1462236,180.0,2026-08-19T21:02:24Z,dipole-dipole,3,7,2.000,327.9,181.390,7.172,0.00524,0.00097,0.00830;0.00765;0.00741;0.00704;0.00549;0.00457;0.00421;0.00337;0.00265;0.00171,
line-c-r01863,line-c,line-c-e35,33.2037923,-116.1471716,180.0,line-c-e36,33.2039517,-116.1469820,180.0,line-c-e39,33.2044299,-116.1464132,180.0,line-c-e40,33.2045893,-116.1462236,180.0,2026-08-19T21:02:36Z,dipole-dipole,3,6,2.000,380.8,177.713,9.024,0.00477,0.00103,0.00806;0.00723;0.00679;0.00610;0.00527;0.00432;0.00403;0.00326;0.00236;0.00169,
line-c-r01864,line-c,line-c-e35,33.2037923,-116.1471716,180.0,line-c-e36,33.2039517,-116.1469820,180.0,line-c-e39,33.2044299,-116.1464132,180.0,line-c-e40,33.2045893,-116.1462236,180.0,2026-08-19T21:02:48Z,dipole-dipole,3,4,1.756,455.7,211.316,6.296,0.00427,0.00103,0.00619;0.00695;0.00540;0.00523;0.00447;0.00428;0.00338;0.00284;0.00210;0.00144,
line-c-r01865,line-c,line-c-e35,33.2037923,-116.1471716,180.0,line-c-e36,33.2039517,-116.1469820,180.0,line-c-e39,33.2044299,-116.1464132,180.0,line-c-e40,33.2045893,-116.1462236,180.0,2026-08-19T21:03:00Z,dipole-dipole,3,3,2.000,357.3,205.722,7.032,0.00531,0.00099,0.00866;0.00866;0.00701;0.00625;0.00586;0.00499;0.00379;0.00324;0.00273;0.00198,
line-c-r01866,line-c,line-c-e35,33.2037923,-116.1471716,180.0,line-c-e36,33.2039517,-116.1469820,180.0,line-c-e39,33.2044299,-116.1464132,180.0,line-c-e40,33.2045893,-116.1462236,180.0,2026-08-19T21:03:12Z,dipole-dipole,3,8,1.808,442.6,189.038,9.009,0.00522,0.00096,0.00914;0.00767;0.00631;0.00638;0.00527;0.00491;0.00425;0.00321;0.00259;0.00185,
line-c-r01867,line-c,line-c-e36,33.2039517,-116.1469820,180.0,line-c-e37,33.2041111,-116.1467924,180.0,line-c-e38,33.2042705,-116.1466028,180.0,line-c-e39,33.2044299,-116.1464132,180.0,2026-08-19T21:03:24Z,dipole-dipole,1,3,0.815,981.3,192.512,7.857,0.00549,0.00107,0.00890;0.00831;0.00696;0.00656;0.00607;0.00506;0.00426;0.00344;0.00247;0.00179,
line-c-r01868,line-c,line-c-e36,33.2039517,-116.1469820,180.0,line-c-e37,33.2041111,-116.1467924,180.0,line-c-e38,33.2042705,-116.1466028,180.0,line-c-e39,33.2044299,-116.1464132,180.0,2026-08-19T21:03:36Z,dipole-dipole,1,5,1.114,717.8,195.764,9.671,0.00488,0.00103,0.00788;0.00718;0.00595;0.00590;0.00523;0.00473;0.00383;0.00309;0.00216;0.00153,
line-c-r01869,line-c,line-c-e36,33.2039517,-116.1469820,180.0,line-c-e37,33.2041111,-116.1467924,180.0,line-c-e38,33.2042705,-116.1466028,180.0,line-c-e39,33.2044299,-116.1464132,180.0,2026-08-19T21:03:48Z,dipole-dipole,1,5,1.210,661.1,204.708,6.816,0.00596,0.00081,0.00948;0.00916;0.00860;0.00664;0.00643;0.00607;0.00490;0.00400;0.00318;0.00208,
line-c-r01870,line-c,line-c-e36,33.2039517,-116.1469820,180.0,line-c-e37,33.2041111,-116.1467924,180.0,line-c-e38,33.2042705,-116.1466028,180.0,line-c-e39,33.2044299,-116.1464132,180.0,2026-08-19T21:04:00Z,dipole-dipole,1,3,0.878,911.0,200.493,9.707,0.00252,0.00114,0.00436;0.00402;0.00348;0.00296;0.00293;0.00241;0.00198;0.00148;0.00123;0.00094,
line-c-r01871,line-c,line-c-e36,33.2039517,-116.1469820,180.0,line-c-e37,33.2041111,-116.1467924,180.0,line-c-e38,33.2042705,-116.1466028,180.0,line-c-e39,33.2044299,-116.1464132,180.0,2026-08-19T21:04:12Z,dipole-dipole,1,4,1.069,748.4,200.846,6.486,0.00558,0.00074,0.00835;0.00880;0.00812;0.00719;0.00660;0.00525;0.00450;0.00341;0.00267;0.00197,
line-c-r01872,line-c,line-c-e36,33.2039517,-116.1469820,180.0,line-c-e37,33.2041111,-116.1467924,180.0,line-c-e38,33.2042705,-116.1466028,180.0,line-c-e39,33.2044299,-116.1464132,180.0,2026-08-19T21:04:24Z,dipole-dipole,1,6,1.025,780.3,221.648,7.645,0.00395,0.00089,0.00625;0.00604;0.00539;0.00484;0.00453;0.00387;0.00307;0.00272;0.00185;0.00143,
line-c-r01873,line-c,line-c-e36,33.2039517,-116.1469820,180.0,line-c-e37,33.2041111,-116.1467924,180.0,line-c-e38,33.2042705,-116.1466028,180.0,line-c-e39,33.2044299,-116.1464132,180.0,2026-08-19T21:04:36Z,dipole-dipole,1,4,0.974,821.5,193.569,8.147,0.00422,0.00101,0.00751;0.00701;0.00580;0.00520;0.00434;0.00389;0.00379;0.00268;0.00209;0.00157,
line-c-r01874,line-c,line-c-e36,33.2039517,-116.1469820,180.0,line-c-e37,33.2041111,-116.1467924,180.0,line-c-e38,33.2042705,-116.1466028,180.0,line-c-e39,33.2044299,-116.1464132,180.0,2026-08-19T21:04:48Z,dipole-dipole,1,7,0.955,837.6,212.450,7.899,0.00612,0.00098,0.00819;0.00839;0.00819;0.00791;0.00613;0.00536;0.00529;0.00434;0.00318;0.00231,
line-c-r01875,line-c,line-c-e36,33.2039517,-116.1469820,180.0,line-c-e37,33.2041111,-116.1467924,180.0,line-c-e39,33.2044299,-116.1464132,180.0,line-c-e40,33.2045893,-116.1462236,180.0,2026-08-19T21:05:00Z,dipole-dipole,2,3,1.041,768.6,190.823,4.913,0.00436,0.00103,0.00687;0.00606;0.00564;0.00544;0.00471;0.00409;0.00314;0.00283;0.00207;0.00168,
line-c-r01876,line-c,line-c-e36,33.2039517,-116.1469820,180.0,line-c-e37,33.2041111,-116.1467924,180.0,line-c-e39,33.2044299,-116.1464132,180.0,line-c-e40,33.2045893,-116.1462236,180.0,2026-08-19T21:05:12Z,dipole-dipole,2,5,1.208,662.0,193.749,6.604,0.00383,0.00138,0.00605;0.00571;0.00523;0.00460;0.00436;0.00333;0.00311;0.00245;0.00186;0.00139,
line-c-r01877,line-c,line-c-e36,33.2039517,-116.1469820,180.0,line-c-e37,33.2041111,-116.1467924,180.0,line-c-e39,33.2044299,-116.1464132,180.0,line-c-e40,33.2045893,-116.1462236,180.0,2026-08-19T21:05:24Z,dipole-dipole,2,6,1.065,751.1,204.311,7.399,0.00471,0.00079,0.00786;0.00671;0.00637;0.00594;0.00523;0.00427;0.00382;0.00272;0.00253;0.00168,
line-c-r01878,line-c,line-c-e36,33.2039517,-116.1469820,180.0,line-c-e37,33.2041111,-116.1467924,180.0,line-c-e39,33.2044299,-116.1464132,180.0,line-c-e40,33.2045893,-116.1462236,180.0,2026-08-19T21:05:36Z,dipole-dipole,2,8,1.054,759.2,190.282,7.439,0.00424,0.00102,0.00676;0.00591;0.00555;0.00496;0.00501;0.00427;0.00318;0.00271;0.00201;0.00157,
line-c-r01879,line-c,line-c-e36,33.2039517,-116.1469820,180.0,line-c-e37,33.2041111,-116.1467924,180.0,line-c-e39,33.2044299,-116.1464132,180.0,line-c-e40,33.2045893,-116.1462236,180.0,2026-08-19T21:05:48Z,dipole-dipole,2,8,1.040,769.6,188.538,8.395,0.00517,0.00129,0.00864;0.00813;0.00750;0.00608;0.00588;0.00541;0.00377;0.00346;0.00243;0.00209,
line-c-r01880,line-c,line-c-e36,33.2039517,-116.1469820,180.0,line-c-e37,33.2041111,-116.1467924,180.0,line-c-e39,33.2044299,-116.1464132,180.0,line-c-e40,33.2045893,-116.1462236,180.0,2026-08-19T21:06:00Z,dipole-dipole,2,6,0.890,899.1,204.441,6.648,0.00506,0.00085,0.00867;0.00759;0.00705;0.00631;0.00545;0.00473;0.00413;0.00304;0.00248;0.00200,
line-c-r01881,line-c,line-c-e37,33.2041111,-116.1467924,180.0,line-c-e38,33.2042705,-116.1466028,180.0,line-c-e39,33.2044299,-116.1464132,180.0,line-c-e40,33.2045893,-116.1462236,180.0,2026-08-19T21:06:12Z,dipole-dipole,1,7,1.385,577.6,202.780,5.644,0.00447,0.00124,0.00675;0.00587;0.00588;0.00555;0.00486;0.00420;0.00351;0.00255;0.00206;0.00158,
line-c-r01882,line-c,line-c-e37,33.2041111,-116.1467924,180.0,line-c-e38,33.2042705,-116.1466028,180.0,line-c-e39,33.2044299,-116.1464132,180.0,line-c-e40,33.2045893,-116.1462236,180.0,2026-08-19T21:06:24Z,dipole-dipole,1,5,1.127,709.6,215.976,7.784,0.00591,0.00092,0.00994;0.00935;0.00904;0.00707;0.00630;0.00524;0.00456;0.00399;0.00277;0.00227,
line-c-r01883,line-c,line-c-e37,33.2041111,-116.1467924,180.0,line-c-e38,33.2042705,-116.1466028,180.0,line-c-e39,33.2044299,-116.1464132,180.0,line-c-e40,33.2045893,-116.1462236,180.0,2026-08-19T21:06:36Z,dipole-dipole,1,8,0.936,854.4,201.763,7.049,0.00424,0.00172,0.00720;0.00592;0.00577;0.00548;0.00486;0.00408;0.00350;0.00251;0.00200;0.00152,
line-c-r01884,line-c,line-c-e37,33.2041111,-116.1467924,180.0,line-c-e38,33.2042705,-116.1466028,180.0,line-c-e39,33.2044299,-116.1464132,180.0,line-c-e40,33.2045893,-116.1462236,180.0,2026-08-19T21:06:48Z,dipole-dipole,1,7,1.372,582.9,200.732,8.070,0.00446,0.00109,0.00703;0.00732;0.00580;0.00540;0.00479;0.00405;0.00338;0.00295;0.00210;0.00168,
line-c-r01885,line-c,line-c-e37,33.2041111,-116.1467924,180.0,line-c-e38,33.2042705,-116.1466028,180.0,line-c-e39,33.2044299,-116.1464132,180.0,line-c-e40,33.2045893,-116.1462236,180.0,2026-08-19T21:07:00Z,dipole-dipole,1,3,1.323,604.7,206.184,8.148,0.00445,0.00089,0.00659;0.00570;0.00580;0.00638;0.00496;0.00399;0.00361;0.00249;0.00219;0.00158,
line-c-r01886,line-c,line-c-e37,33.2041111,-116.1467924,180.0,line-c-e38,33.2042705,-116.1466028,180.0,line-c-e39,33.2044299,-116.1464132,180.0,line-c-e40,33.2045893,-116.1462236,180.0,2026-08-19T21:07:12Z,dipole-dipole,1,8,0.931,859.5,210.654,9.100,0.00316,0.00103,0.00529;0.00433;0.00446;0.00403;0.00413;0.00311;0.00256;0.00209;0.00138;0.00108,
