id,line_id,tx1_id,tx1_lat,tx1_lon,tx1_alt,tx2_id,tx2_lat,tx2_lon,tx2_alt,rx1_id,rx1_lat,rx1_lon,rx1_alt,rx2_id,rx2_lat,rx2_lon,rx2_alt,timestamp,array_type,symmetry,stacks,input_current,contact_resistance,apparent_resistivity,apparent_resistivity_err,chargeability,chargeability_err,decay_curve,qc_review
line-b-r00001,line-b,line-b-e01,33.1990106,-116.1543761,180.0,line-b-e02,33.1991700,-116.1541865,180.0,line-b-e03,33.1993294,-116.1539970,180.0,line-b-e04,33.1994888,-116.1538074,180.0,2026-08-18T14:00:12Z,dipole-dipole,1,6,0.477,1678.7,198.314,9.175,0.00667,0.00114,0.00984;0.01166;0.00988;0.00782;0.00735;0.00645;0.00505;0.00384;0.00315;0.00219,
line-b-r00002,line-b,line-b-e01,33.1990106,-116.1543761,180.0,line-b-e02,33.1991700,-116.1541865,180.0,line-b-e03,33.1993294,-116.1539970,180.0,line-b-e04,33.1994888,-116.1538074,180.0,2026-08-18T14:00:24Z,dipole-dipole,1,8,0.440,1816.7,197.958,8.727,0.00361,0.00109,0.00553;0.00505;0.00511;0.00423;0.00384;0.00326;0.00276;0.00203;0.00163;0.00138,
line-b-r00003,line-b,line-b-e01,33.1990106,-116.1543761,180.0,line-b-e02,33.1991700,-116.1541865,180.0,line-b-e03,33.1993294,-116.1539970,180.0,line-b-e04,33.1994888,-116.1538074,180.0,2026-08-18T14:00:36Z,dipole-dipole,1,4,0.443,1804.5,213.789,6.695,0.00380,0.00107,0.00625;0.00573;0.00541;0.00478;0.00418;0.00368;0.00283;0.00217;0.00208;0.00132,
line-b-r00004,line-b,line-b-e01,33.1990106,-116.1543761,180.0,line-b-e02,33.1991700,-116.1541865,180.0,line-b-e03,33.1993294,-116.1539970,180.0,line-b-e04,33.1994888,-116.1538074,180.0,2026-08-18T14:00:48Z,dipole-dipole,1,7,0.461,1734.9,200.876,9.602,0.00556,0.00106,0.00787;0.00832;0.00804;0.00661;0.00534;0.00525;0.00451;0.00328;0.00276;0.00188,
line-b-r00005,line-b,line-b-e01,33.1990106,-116.1543761,180.0,line-b-e02,33.1991700,-116.1541865,180.0,line-b-e03,33.1993294,-116.1539970,180.0,line-b-e04,33.1994888,-116.1538074,180.0,2026-08-18T14:01:00Z,dipole-dipole,1,6,0.420,1902.5,-166.827,6.507,0.00394,0.00111,0.00598;0.00605;0.00481;0.00453;0.00413;0.00385;0.00316;0.00248;0.00216;0.00149,
line-b-r00006,line-b,line-b-e01,33.1990106,-116.1543761,180.0,line-b-e02,33.1991700,-116.1541865,180.0,line-b-e03,33.1993294,-116.1539970,180.0,line-b-e04,33.1994888,-116.1538074,180.0,2026-08-18T14:01:12Z,dipole-dipole,1,6,0.514,1557.0,201.959,7.635,0.00510,0.00091,0.00774;0.00759;0.00676;0.00655;0.00524;0.00474;0.00404;0.00369;0.00237;0.00177,
line-b-r00007,line-b,line-b-e01,33.1990106,-116.1543761,180.0,line-b-e02,33.1991700,-116.1541865,180.0,line-b-e04,33.1994888,-116.1538074,180.0,line-b-e05,33.1996482,-116.1536178,180.0,2026-08-18T14:01:24Z,dipole-dipole,2,3,0.458,1745.7,209.195,7.706,0.00576,0.00117,0.00908;0.00882;0.00814;0.00683;0.00711;0.00568;0.00489;0.00375;0.00314;0.00202,
line-b-r00008,line-b,line-b-e01,33.1990106,-116.1543761,180.0,line-b-e02,33.1991700,-116.1541865,180.0,line-b-e04,33.1994888,-116.1538074,180.0,line-b-e05,33.1996482,-116.1536178,180.0,2026-08-18T14:01:36Z,dipole-dipole,2,6,0.478,1672.0,197.282,7.282,0.00525,0.00159,0.00853;0.00748;0.00694;0.00645;0.00602;0.00468;0.00407;0.00324;0.00247;0.00205,
line-b-r00009,line-b,line-b-e01,33.1990106,-116.1543761,180.0,line-b-e02,33.1991700,-116.1541865,180.0,line-b-e04,33.1994888,-116.1538074,180.0,line-b-e05,33.1996482,-116.1536178,180.0,2026-08-18T14:01:48Z,dipole-dipole,2,5,0.506,1579.5,189.439,7.711,0.00302,0.00111,0.00505;0.00488;0.00419;0.00337;0.00350;0.00274;0.00228;0.00208;0.00149;0.00102,
line-b-r00010,line-b,line-b-e01,33.1990106,-116.1543761,180.0,line-b-e02,33.1991700,-116.1541865,180.0,line-b-e04,33.1994888,-116.1538074,180.0,line-b-e05,33.1996482,-116.1536178,180.0,2026-08-18T14:02:00Z,dipole-dipole,2,5,0.529,1512.3,212.744,9.207,0.00502,0.00106,0.00823;0.00750;0.00682;0.00659;0.00542;0.00487;0.00362;0.00319;0.00242;0.00189,
line-b-r00011,line-b,line-b-e01,33.1990106,-116.1543761,180.0,line-b-e02,33.1991700,-116.1541865,180.0,line-b-e04,33.1994888,-116.1538074,180.0,line-b-e05,33.1996482,-116.1536178,180.0,2026-08-18T14:02:12Z,dipole-dipole,2,3,0.561,1426.0,-240.899,8.269,0.00544,0.00104,0.00873;0.00763;0.00729;0.00675;0.00588;0.00519;0.00447;0.00336;0.00262;0.00191,
line-b-r00012,line-b,line-b-e01,33.1990106,-116.1543761,180.0,line-b-e02,33.1991700,-116.1541865,180.0,line-b-e04,33.1994888,-116.1538074,180.0,line-b-e05,33.1996482,-116.1536178,180.0,2026-08-18T14:02:24Z,dipole-dipole,2,5,0.453,1767.4,194.984,5.186,0.00460,0.00118,0.00746;0.00686;0.00631;0.00531;0.00532;0.00399;0.00374;0.00285;0.00227;0.00154,
line-b-r00013,line-b,line-b-e01,33.1990106,-116.1543761,180.0,line-b-e02,33.1991700,-116.1541865,180.0,line-b-e04,33.1994888,-116.1538074,180.0,line-b-e05,33.1996482,-116.1536178,180.0,2026-08-18T14:02:36Z,dipole-dipole,2,8,0.496,1612.3,209.031,10.342,0.00440,0.00085,0.00744;0.00674;0.00639;0.00534;0.00506;0.00425;0.00357;0.00289;0.00229;0.00156,
line-b-r00014,line-b,line-b-e01,33.1990106,-116.1543761,180.0,line-b-e02,33.1991700,-116.1541865,180.0,line-b-e05,33.1996482,-116.1536178,180.0,line-b-e06,33.1998076,-116.1534282,180.0,2026-08-18T14:02:48Z,dipole-dipole,3,4,0.426,1878.5,193.054,6.968,0.00558,0.00101,0.00868;0.00855;0.00791;0.00659;0.00580;0.00525;0.00413;0.00309;0.00261;0.00184,
line-b-r00015,line-b,line-b-e01,33.1990106,-116.1543761,180.0,line-b-e02,33.1991700,-116.1541865,180.0,line-b-e05,33.1996482,-116.1536178,180.0,line-b-e06,33.1998076,-116.1534282,180.0,2026-08-18T14:03:00Z,dipole-dipole,3,7,0.526,1521.8,201.447,378.261,0.00404,0.00128,0.00583;0.00609;0.00517;0.00535;0.00471;0.00349;0.00334;0.00252;0.00208;0.00143,
line-b-r00016,line-b,line-b-e01,33.1990106,-116.1543761,180.0,line-b-e02,33.1991700,-116.1541865,180.0,line-b-e05,33.1996482,-116.1536178,180.0,line-b-e06,33.1998076,-116.1534282,180.0,2026-08-18T14:03:12Z,dipole-dipole,3,6,0.419,1909.4,202.714,8.397,0.00504,0.00112,0.00732;0.00742;0.00698;0.00658;0.00535;0.00433;0.00402;0.00342;0.00232;0.00169,
line-b-r00017,line-b,line-b-e01,33.1990106,-116.1543761,180.0,line-b-e02,33.1991700,-116.1541865,180.0,line-b-e05,33.1996482,-116.1536178,180.0,line-b-e06,33.1998076,-116.1534282,180.0,2026-08-18T14:03:24Z,dipole-dipole,3,3,0.478,1675.0,197.993,7.168,0.00369,0.00117,0.00511;0.00522;0.00479;0.00436;0.00374;0.00353;0.00290;0.00269;0.00179;0.00142,
line-b-r00018,line-b,line-b-e01,33.1990106,-116.1543761,180.0,line-b-e02,33.1991700,-116.1541865,180.0,line-b-e05,33.1996482,-116.1536178,180.0,line-b-e06,33.1998076,-116.1534282,180.0,2026-08-18T14:03:36Z,dipole-dipole,3,4,0.524,1527.8,193.325,9.547,0.00669,0.00112,0.01074;0.01002;0.00830;0.00834;0.00735;0.00657;0.00520;0.00435;0.00302;0.00233,
line-b-r00019,line-b,line-b-e01,33.1990106,-116.1543761,180.0,line-b-e02,33.1991700,-116.1541865,180.0,line-b-e05,33.1996482,-116.1536178,180.0,line-b-e06,33.1998076,-116.1534282,180.0,2026-08-18T14:03:48Z,dipole-dipole,3,7,0.465,1721.5,193.333,10.132,0.00479,0.00106,0.00838;0.00691;0.00613;0.00579;0.00535;0.00451;0.00370;0.00310;0.00245;0.00186,
line-b-r00020,line-b,line-b-e01,33.1990106,-116.1543761,180.0,line-b-e02,33.1991700,-116.1541865,180.0,line-b-e05,33.1996482,-116.1536178,180.0,line-b-e06,33.1998076,-116.1534282,180.0,2026-08-18T14:04:00Z,dipole-dipole,3,6,0.410,1949.1,195.284,8.086,0.00492,0.00105,0.00782;0.00741;0.00690;0.00611;0.00503;0.00457;0.00394;0.00303;0.00235;0.00186,
line-b-r00021,line-b,line-b-e01,33.1990106,-116.1543761,180.0,line-b-e02,33.1991700,-116.1541865,180.0,line-b-e06,33.1998076,-116.1534282,180.0,line-b-e07,33.1999670,-116.1532386,180.0,2026-08-18T14:04:12Z,dipole-dipole,4,4,0.437,1829.5,205.793,8.538,0.00304,0.00093,0.00471;0.00439;0.00425;0.00358;0.00367;0.00264;0.00216;0.00192;0.00149;0.00098,
line-b-r00022,line-b,line-b-e01,33.1990106,-116.1543761,180.0,line-b-e02,33.1991700,-116.1541865,180.0,line-b-e06,33.1998076,-116.1534282,180.0,line-b-e07,33.1999670,-116.1532386,180.0,2026-08-18T14:04:24Z,dipole-dipole,4,7,0.495,1615.6,212.697,5.596,0.00406,0.00092,0.00622;0.00605;0.00567;0.00525;0.00445;0.00377;0.00309;0.00283;0.00201;0.00154,
line-b-r00023,line-b,line-b-e01,33.1990106,-116.1543761,180.0,line-b-e02,33.1991700,-116.1541865,180.0,line-b-e06,33.1998076,-116.1534282,180.0,line-b-e07,33.1999670,-116.1532386,180.0,2026-08-18T14:04:36Z,dipole-dipole,4,3,0.381,2097.6,215.378,5.904,0.00589,0.00129,0.00899;0.00899;0.00771;0.00776;0.00634;0.00572;0.00464;0.00381;0.00279;0.00203,
line-b-r00024,line-b,line-b-e01,33.1990106,-116.1543761,180.0,line-b-e02,33.1991700,-116.1541865,180.0,line-b-e06,33.1998076,-116.1534282,180.0,line-b-e07,33.1999670,-116.1532386,180.0,2026-08-18T14:04:48Z,dipole-dipole,4,6,0.479,1671.9,194.342,6.260,0.00572,0.00108,0.00831;0.00904;0.00763;0.00724;0.00664;0.00569;0.00422;0.00367;0.00299;0.00206,
line-b-r00025,line-b,line-b-e01,33.1990106,-116.1543761,180.0,line-b-e02,33.1991700,-116.1541865,180.0,line-b-e06,33.1998076,-116.1534282,180.0,line-b-e07,33.1999670,-116.1532386,180.0,2026-08-18T14:05:00Z,dipole-dipole,4,7,0.533,1501.0,203.830,6.964,0.00498,0.00121,0.00768;0.00729;0.00654;0.00685;0.00608;0.00427;0.00386;0.00306;0.00239;0.00148,
line-b-r00026,line-b,line-b-e01,33.1990106,-116.1543761,180.0,line-b-e02,33.1991700,-116.1541865,180.0,line-b-e06,33.1998076,-116.1534282,180.0,line-b-e07,33.1999670,-116.1532386,180.0,2026-08-18T14:05:12Z,dipole-dipole,4,8,0.543,1472.0,201.503,6.925,0.00648,0.00126,0.01090;0.00923;0.00864;0.00779;0.00673;0.00674;0.00490;0.00382;0.00335;0.00243,
line-b-r00027,line-b,line-b-e01,33.1990106,-116.1543761,180.0,line-b-e02,33.1991700,-116.1541865,180.0,line-b-e06,33.1998076,-116.1534282,180.0,line-b-e07,33.1999670,-116.1532386,180.0,2026-08-18T14:05:24Z,dipole-dipole,4,4,0.562,1423.4,211.609,8.077,0.00615,0.00093,0.00941;0.00926;0.00946;0.00753;0.00696;0.00586;0.00455;0.00406;0.00327;0.00222,
line-b-r00028,line-b,line-b-e01,33.1990106,-116.1543761,180.0,line-b-e02,33.1991700,-116.1541865,180.0,line-b-e07,33.1999670,-116.1532386,180.0,line-b-e08,33.2001264,-116.1530491,180.0,2026-08-18T14:05:36Z,dipole-dipole,5,3,0.667,1199.6,201.806,6.727,0.00450,0.00079,0.00678;0.00676;0.00587;0.00505;0.00488;0.00410;0.00369;0.00318;0.00240;0.00164,
line-b-r00029,line-b,line-b-e01,33.1990106,-116.1543761,180.0,line-b-e02,33.1991700,-116.1541865,180.0,line-b-e07,33.1999670,-116.1532386,180.0,line-b-e08,33.2001264,-116.1530491,180.0,2026-08-18T14:05:48Z,dipole-dipole,5,7,0.481,1664.4,207.601,7.926,0.00458,0.00083,0.00720;0.00708;0.00661;0.00607;0.00464;0.00458;0.00387;0.00307;0.00200;0.00167,
line-b-r00030,line-b,line-b-e01,33.1990106,-116.1543761,180.0,line-b-e02,33.1991700,-116.1541865,180.0,line-b-e07,33.1999670,-116.1532386,180.0,line-b-e08,33.2001264,-116.1530491,180.0,2026-08-18T14:06:00Z,dipole-dipole,5,3,0.541,1477.8,203.936,9.036,0.00374,0.00078,0.00599;0.00561;0.00448;0.00487;0.00406;0.00331;0.00251;0.00229;0.00187;0.00115,
line-b-r00031,line-b,line-b-e01,33.1990106,-116.1543761,180.0,line-b-e02,33.1991700,-116.1541865,180.0,line-b-e07,33.1999670,-116.1532386,180.0,line-b-e08,33.2001264,-116.1530491,180.0,2026-08-18T14:06:12Z,dipole-dipole,5,4,0.521,1535.1,210.427,8.798,0.00387,0.00108,0.00601;0.00512;0.00543;0.00535;0.00376;0.00389;0.00335;0.00244;0.00198;0.00124,
line-b-r00247,line-b,line-b-e01,33.1990106,-116.1543761,180.0,line-b-e02,33.1991700,-116.1541865,180.0,line-b-e07,33.1999670,-116.1532386,180.0,line-b-e08,33.2001264,-116.1530491,180.0,2026-08-18T14:06:24Z,dipole-dipole,5,5,0.506,1580.4,213.507,7.407,0.00274,0.00101,0.00419;0.00421;0.00382;0.00307;0.00309;0.00274;0.00212;0.00175;0.00139;0.00096,
line-b-r00033,line-b,line-b-e01,33.1990106,-116.1543761,180.0,line-b-e02,33.1991700,-116.1541865,180.0,line-b-e07,33.1999670,-116.1532386,180.0,line-b-e08,33.2001264,-116.1530491,180.0,2026-08-18T14:06:36Z,dipole-dipole,5,7,0.562,1423.6,215.899,9.056,0.00465,0.00083,0.00758;0.00724;0.00707;0.00557;0.00492;0.00459;0.00344;0.00318;0.00217;0.00173,
line-b-r00034,line-b,line-b-e01,33.1990106,-116.1543761,180.0,line-b-e02,33.1991700,-116.1541865,180.0,line-b-e08,33.2001264,-116.1530491,180.0,line-b-e09,33.2002858,-116.1528595,180.0,2026-08-18T14:06:48Z,dipole-dipole,6,5,0.525,1524.1,207.220,7.069,0.00428,0.00115,0.00661;0.00657;0.00586;0.00519;0.00462;0.00405;0.00321;0.00297;0.00190;0.00142,
line-b-r00035,line-b,line-b-e01,33.1990106,-116.1543761,180.0,line-b-e02,33.1991700,-116.1541865,180.0,line-b-e08,33.2001264,-116.1530491,180.0,line-b-e09,33.2002858,-116.1528595,180.0,2026-08-18T14:07:00Z,dipole-dipole,6,7,0.521,1535.0,207.220,7.468,0.00428,0.00099,0.00661;0.00657;0.00586;0.00519;0.00462;0.00405;0.00321;0.00297;0.00190;0.00142,
line-b-r00036,line-b,line-b-e01,33.1990106,-116.1543761,180.0,line-b-e02,33.1991700,-116.1541865,180.0,line-b-e08,33.2001264,-116.1530491,180.0,line-b-e09,33.2002858,-116.1528595,180.0,2026-08-18T14:07:12Z,dipole-dipole,6,8,0.592,1351.9,207.220,8.988,0.00428,0.00092,0.00661;0.00657;0.00586;0.00519;0.00462;0.00405;0.00321;0.00297;0.00190;0.00142,
line-b-r00037,line-b,line-b-e01,33.1990106,-116.1543761,180.0,line-b-e02,33.1991700,-116.1541865,180.0,line-b-e08,33.2001264,-116.1530491,180.0,line-b-e09,33.2002858,-116.1528595,180.0,2026-08-18T14:07:24Z,dipole-dipole,6,5,0.488,1638.9,207.220,7.697,0.00428,0.00090,0.00661;0.00657;0.00586;0.00519;0.00462;0.00405;0.00321;0.00297;0.00190;0.00142,
line-b-r00038,line-b,line-b-e01,33.1990106,-116.1543761,180.0,line-b-e02,33.1991700,-116.1541865,180.0,line-b-e08,33.2001264,-116.1530491,180.0,line-b-e09,33.2002858,-116.1528595,180.0,2026-08-18T14:07:36Z,dipole-dipole,6,6,0.440,1820.2,207.220,8.241,0.00428,0.00086,0.00661;0.00657;0.00586;0.00519;0.00462;0.00405;0.00321;0.00297;0.00190;0.00142,
line-b-r00039,line-b,line-b-e01,33.1990106,-116.1543761,180.0,line-b-e02,33.1991700,-116.1541865,180.0,line-b-e08,33.2001264,-116.1530491,180.0,line-b-e09,33.2002858,-116.1528595,180.0,2026-08-18T14:07:48Z,dipole-dipole,6,4,0.483,1657.5,207.220,8.114,0.00428,0.00121,0.00661;0.00657;0.00586;0.00519;0.00462;0.00405;0.00321;0.00297;0.00190;0.00142,
line-b-r00040,line-b,line-b-e01,33.1990106,-116.1543761,180.0,line-b-e02,33.1991700,-116.1541865,180.0,line-b-e08,33.2001264,-116.1530491,180.0,line-b-e09,33.2002858,-116.1528595,180.0,2026-08-18T14:08:00Z,dipole-dipole,6,8,0.461,1734.7,207.220,7.073,0.00428,0.00128,0.00661;0.00657;0.00586;0.00519;0.00462;0.00405;0.00321;0.00297;0.00190;0.00142,
line-b-r00041,line-b,line-b-e01,33.1990106,-116.1543761,180.0,line-b-e02,33.1991700,-116.1541865,180.0,line-b-e08,33.2001264,-116.1530491,180.0,line-b-e09,33.2002858,-116.1528595,180.0,2026-08-18T14:08:12Z,dipole-dipole,6,5,0.529,1511.0,207.220,7.100,0.00428,0.00104,0.00661;0.00657;0.00586;0.00519;0.00462;0.00405;0.00321;0.00297;0.00190;0.00142,
line-b-r00042,line-b,line-b-e01,33.1990106,-116.1543761,180.0,line-b-e02,33.1991700,-116.1541865,180.0,line-b-e09,33.2002858,-116.1528595,180.0,line-b-e10,33.2004452,-116.1526699,180.0,2026-08-18T14:08:24Z,dipole-dipole,7,3,0.501,1597.6,198.761,5.856,0.00477,0.00110,0.00771;0.00635;0.00582;0.00582;0.00540;0.00498;0.00386;0.00289;0.00208;0.00189,
line-b-r00043,line-b,line-b-e01,33.1990106,-116.1543761,180.0,line-b-e02,33.1991700,-116.1541865,180.0,line-b-e09,33.2002858,-116.1528595,180.0,line-b-e10,33.2004452,-116.1526699,180.0,2026-08-18T14:08:36Z,dipole-dipole,7,4,0.475,1683.1,199.480,6.635,0.00304,0.00115,0.00502;0.00443;0.00386;0.00367;0.00349;0.00308;0.00284;0.00212;0.00162;0.00113,
line-b-r00044,line-b,line-b-e01,33.1990106,-116.1543761,180.0,line-b-e02,33.1991700,-116.1541865,180.0,line-b-e09,33.2002858,-116.1528595,180.0,line-b-e10,33.2004452,-116.1526699,180.0,2026-08-18T14:08:48Z,dipole-dipole,7,7,0.438,1824.8,205.904,9.114,0.00340,0.00094,0.00458;0.00533;0.00457;0.00426;0.00365;0.00302;0.00271;0.00229;0.00169;0.00126,
line-b-r00045,line-b,line-b-e01,33.1990106,-116.1543761,180.0,line-b-e02,33.1991700,-116.1541865,180.0,line-b-e09,33.2002858,-116.1528595,180.0,line-b-e10,33.2004452,-116.1526699,180.0,2026-08-18T14:09:00Z,dipole-dipole,7,3,0.486,1646.8,208.577,8.450,0.00477,0.00084,0.00758;0.00769;0.00635;0.00644;0.00540;0.00425;0.00359;0.00276;0.00238;0.00180,
line-b-r00046,line-b,line-b-e01,33.1990106,-116.1543761,180.0,line-b-e02,33.1991700,-116.1541865,180.0,line-b-e09,33.2002858,-116.1528595,180.0,line-b-e10,33.2004452,-116.1526699,180.0,2026-08-18T14:09:12Z,dipole-dipole,7,5,0.496,1612.0,213.867,7.224,0.00494,0.00084,0.00829;0.00783;0.00736;0.00602;0.00499;0.00529;0.00387;0.00286;0.00248;0.00148,
line-b-r00047,line-b,line-b-e01,33.1990106,-116.1543761,180.0,line-b-e02,33.1991700,-116.1541865,180.0,line-b-e09,33.2002858,-116.1528595,180.0,line-b-e10,33.2004452,-116.1526699,180.0,2026-08-18T14:09:24Z,dipole-dipole,7,8,0.466,1716.6,202.965,6.300,0.00429,0.00111,0.00759;0.00658;0.00563;0.00493;0.00505;0.00404;0.00367;0.00265;0.00204;0.00158,
line-b-r00048,line-b,line-b-e01,33.1990106,-116.1543761,180.0,line-b-e02,33.1991700,-116.1541865,180.0,line-b-e09,33.2002858,-116.1528595,180.0,line-b-e10,33.2004452,-116.1526699,180.0,2026-08-18T14:09:36Z,dipole-dipole,7,7,0.575,1391.0,212.903,6.509,0.00535,0.00093,0.00898;0.00787;0.00688;0.00679;0.00546;0.00459;0.00383;0.00352;0.00275;0.00196,
line-b-r00049,line-b,line-b-e01,33.1990106,-116.1543761,180.0,line-b-e02,33.1991700,-116.1541865,180.0,line-b-e10,33.2004452,-116.1526699,180.0,line-b-e11,33.2006046,-116.1524803,180.0,2026-08-18T14:09:48Z,dipole-dipole,8,5,0.537,1488.6,194.285,8.294,0.00656,0.00080,0.00922;0.01005;0.00906;0.00849;0.00635;0.00609;0.00503;0.00487;0.00320;0.00234,
line-b-r00050,line-b,line-b-e01,33.1990106,-116.1543761,180.0,line-b-e02,33.1991700,-116.1541865,180.0,line-b-e10,33.2004452,-116.1526699,180.0,line-b-e11,33.2006046,-116.1524803,180.0,2026-08-18T14:10:00Z,dipole-dipole,8,4,0.465,1722.0,190.029,7.465,0.00579,0.00094,0.00899;0.00859;0.00781;0.00692;0.00629;0.00533;0.00445;0.00376;0.00274;0.00209,
line-b-r00051,line-b,line-b-e01,33.1990106,-116.1543761,180.0,line-b-e02,33.1991700,-116.1541865,180.0,line-b-e10,33.2004452,-116.1526699,180.0,line-b-e11,33.2006046,-116.1524803,180.0,2026-08-18T14:10:12Z,dipole-dipole,8,6,0.537,1488.9,195.438,8.469,0.00651,0.01450,0.01046;0.00967;0.00772;0.00777;0.00693;0.00656;0.00513;0.00444;0.00344;0.00225,
line-b-r00052,line-b,line-b-e01,33.1990106,-116.1543761,180.0,line-b-e02,33.1991700,-116.1541865,180.0,line-b-e10,33.2004452,-116.1526699,180.0,line-b-e11,33.2006046,-116.1524803,180.0,2026-08-18T14:10:24Z,dipole-dipole,8,8,0.372,2150.1,199.406,9.670,0.00575,0.00103,0.01035;0.00872;0.00720;0.00652;0.00622;0.00537;0.00498;0.00376;0.00259;0.00205,
line-b-r00053,line-b,line-b-e01,33.1990106,-116.1543761,180.0,line-b-e02,33.1991700,-116.1541865,180.0,line-b-e10,33.2004452,-116.1526699,180.0,line-b-e11,33.2006046,-116.1524803,180.0,2026-08-18T14:10:36Z,dipole-dipole,8,5,0.382,2096.0,196.673,10.015,0.00523,0.00096,0.00884;0.00734;0.00697;0.00569;0.00572;0.00485;0.00409;0.00337;0.00265;0.00191,
line-b-r00054,line-b,line-b-e01,33.1990106,-116.1543761,180.0,line-b-e02,33.1991700,-116.1541865,180.0,line-b-e10,33.2004452,-116.1526699,180.0,line-b-e11,33.2006046,-116.1524803,180.0,2026-08-18T14:10:48Z,dipole-dipole,8,3,0.390,2049.1,206.990,5.975,0.00898,0.00105,0.01366;0.01354;0.01317;0.01228;0.00984;0.00835;0.00717;0.00562;0.00440;0.00329,
line-b-r00055,line-b,line-b-e02,33.1991700,-116.1541865,180.0,line-b-e03,33.1993294,-116.1539970,180.0,line-b-e04,33.1994888,-116.1538074,180.0,line-b-e05,33.1996482,-116.1536178,180.0,2026-08-18T14:11:00Z,dipole-dipole,1,7,2.000,235.0,203.786,6.896,0.00310,0.00106,0.00465;0.00483;0.00486;0.00420;0.00351;0.00293;0.00250;0.00196;0.00154;0.00111,
line-b-r00056,line-b,line-b-e02,33.1991700,-116.1541865,180.0,line-b-e03,33.1993294,-116.1539970,180.0,line-b-e04,33.1994888,-116.1538074,180.0,line-b-e05,33.1996482,-116.1536178,180.0,2026-08-18T14:11:12Z,dipole-dipole,1,5,2.000,245.2,208.987,7.234,0.00363,0.00126,0.00559;0.00486;0.00496;0.00434;0.00351;0.00356;0.00251;0.00226;0.00178;0.00128,
line-b-r00057,line-b,line-b-e02,33.1991700,-116.1541865,180.0,line-b-e03,33.1993294,-116.1539970,180.0,line-b-e04,33.1994888,-116.1538074,180.0,line-b-e05,33.1996482,-116.1536178,180.0,2026-08-18T14:11:24Z,dipole-dipole,1,5,2.000,237.6,209.164,5.486,0.00515,0.00151,0.00831;0.00675;0.00748;0.00668;0.00544;0.00492;0.00405;0.00307;0.00256;0.00177,
line-b-r00058,line-b,line-b-e02,33.1991700,-116.1541865,180.0,line-b-e03,33.1993294,-116.1539970,180.0,line-b-e04,33.1994888,-116.1538074,180.0,line-b-e05,33.1996482,-116.1536178,180.0,2026-08-18T14:11:36Z,dipole-dipole,1,6,2.000,369.7,200.481,7.403,0.00457,0.00106,0.00786;0.00672;0.00605;0.00590;0.00480;0.00440;0.00337;0.00315;0.00227;0.00162,
line-b-r00059,line-b,line-b-e02,33.1991700,-116.1541865,180.0,line-b-e03,33.1993294,-116.1539970,180.0,line-b-e04,33.1994888,-116.1538074,180.0,line-b-e05,33.1996482,-116.1536178,180.0,2026-08-18T14:11:48Z,dipole-dipole,1,4,2.000,359.6,200.213,6.937,0.00506,0.00104,0.00887;0.00806;0.00648;0.00570;0.00561;0.00467;0.00468;0.00327;0.00252;0.00151,
line-b-r00060,line-b,line-b-e02,33.1991700,-116.1541865,180.0,line-b-e03,33.1993294,-116.1539970,180.0,line-b-e04,33.1994888,-116.1538074,180.0,line-b-e05,33.1996482,-116.1536178,180.0,2026-08-18T14:12:00Z,dipole-dipole,1,8,2.000,270.0,208.144,9.200,0.00598,0.00110,0.00948;0.00837;0.00834;0.00744;0.00683;0.00560;0.00525;0.00373;0.00336;0.00209,
line-b-r00061,line-b,line-b-e02,33.1991700,-116.1541865,180.0,line-b-e03,33.1993294,-116.1539970,180.0,line-b-e04,33.1994888,-116.1538074,180.0,line-b-e05,33.1996482,-116.1536178,180.0,2026-08-18T14:12:12Z,dipole-dipole,1,8,2.000,354.4,196.034,5.384,0.00390,0.00106,0.00641;0.00636;0.00598;0.00504;0.00440;0.00377;0.00291;0.00238;0.00174;0.00149,
line-b-r00062,line-b,line-b-e02,33.1991700,-116.1541865,180.0,line-b-e03,33.1993294,-116.1539970,180.0,line-b-e04,33.1994888,-116.1538074,180.0,line-b-e05,33.1996482,-116.1536178,180.0,2026-08-18T14:12:24Z,dipole-dipole,1,6,2.000,254.9,198.948,9.108,0.00460,0.00129,0.00701;0.00681;0.00655;0.00528;0.00487;0.00403;0.00371;0.00291;0.00213;0.00169,
line-b-r00063,line-b,line-b-e02,33.1991700,-116.1541865,180.0,line-b-e03,33.1993294,-116.1539970,180.0,line-b-e05,33.1996482,-116.1536178,180.0,line-b-e06,33.1998076,-116.1534282,180.0,2026-08-18T14:12:36Z,dipole-dipole,2,4,1.944,411.6,205.042,9.643,0.00480,0.00119,0.00804;0.00744;0.00659;0.00609;0.00512;0.00494;0.00394;0.00299;0.00250;0.00171,
line-b-r00064,line-b,line-b-e02,33.1991700,-116.1541865,180.0,line-b-e03,33.1993294,-116.1539970,180.0,line-b-e05,33.1996482,-116.1536178,180.0,line-b-e06,33.1998076,-116.1534282,180.0,2026-08-18T14:12:48Z,dipole-dipole,2,4,2.000,326.8,193.908,9.032,0.00409,0.00093,0.00645;0.00569;0.00552;0.00502;0.00442;0.00391;0.00330;0.00255;0.00201;0.00144,
line-b-r00065,line-b,line-b-e02,33.1991700,-116.1541865,180.0,line-b-e03,33.1993294,-116.1539970,180.0,line-b-e05,33.1996482,-116.1536178,180.0,line-b-e06,33.1998076,-116.1534282,180.0,2026-08-18T14:13:00Z,dipole-dipole,2,7,2.000,235.8,187.687,6.879,0.00494,0.00102,0.00716;0.00790;0.00760;0.00582;0.00520;0.00510;0.00396;0.00305;0.00249;0.00163,
line-b-r00066,line-b,line-b-e02,33.1991700,-116.1541865,180.0,line-b-e03,33.1993294,-116.1539970,180.0,line-b-e05,33.1996482,-116.1536178,180.0,line-b-e06,33.1998076,-116.1534282,180.0,2026-08-18T14:13:12Z,dipole-dipole,2,7,2.000,266.0,207.189,7.402,0.00418,0.00104,0.00630;0.00677;0.00515;0.00524;0.00475;0.00427;0.00318;0.00253;0.00203;0.00164,
line-b-r00067,line-b,line-b-e02,33.1991700,-116.1541865,180.0,line-b-e03,33.1993294,-116.1539970,180.0,line-b-e05,33.1996482,-116.1536178,180.0,line-b-e06,33.1998076,-116.1534282,180.0,2026-08-18T14:13:24Z,dipole-dipole,2,4,2.000,283.5,199.610,5.826,0.00505,0.00103,0.00796;0.00753;0.00633;0.00626;0.00557;0.00420;0.00450;0.00304;0.00246;0.00172,
line-b-r00068,line-b,line-b-e02,33.1991700,-116.1541865,180.0,line-b-e03,33.1993294,-116.1539970,180.0,line-b-e05,33.1996482,-116.1536178,180.0,line-b-e06,33.1998076,-116.1534282,180.0,2026-08-18T14:13:36Z,dipole-dipole,2,6,2.000,284.1,-232.059,7.695,0.00663,0.00102,0.01140;0.00925;0.00870;0.00783;0.00730;0.00628;0.00536;0.00403;0.00351;0.00231,
line-b-r00069,line-b,line-b-e02,33.1991700,-116.1541865,180.0,line-b-e03,33.1993294,-116.1539970,180.0,line-b-e05,33.1996482,-116.1536178,180.0,line-b-e06,33.1998076,-116.1534282,180.0,2026-08-18T14:13:48Z,dipole-dipole,2,3,2.000,277.6,194.015,6.260,0.00356,0.00094,0.00624;0.00532;0.00497;0.00428;0.00394;0.00336;0.00285;0.00232;0.00187;0.00120,
line-b-r00070,line-b,line-b-e02,33.1991700,-116.1541865,180.0,line-b-e03,33.1993294,-116.1539970,180.0,line-b-e05,33.1996482,-116.1536178,180.0,line-b-e06,33.1998076,-116.1534282,180.0,2026-08-18T14:14:00Z,dipole-dipole,2,6,2.000,259.0,199.362,7.146,0.00658,0.00119,0.00949;0.00996;0.00886;0.00795;0.00666;0.00588;0.00480;0.00390;0.00309;0.00225,
line-b-r00071,line-b,line-b-e02,33.1991700,-116.1541865,180.0,line-b-e03,33.1993294,-116.1539970,180.0,line-b-e06,33.1998076,-116.1534282,180.0,line-b-e07,33.1999670,-116.1532386,180.0,2026-08-18T14:14:12Z,dipole-dipole,3,3,2.000,314.8,195.355,6.780,0.00556,0.00104,0.00863;0.00820;0.00712;0.00673;0.00611;0.00503;0.00435;0.00369;0.00286;0.00190,
line-b-r00072,line-b,line-b-e02,33.1991700,-116.1541865,180.0,line-b-e03,33.1993294,-116.1539970,180.0,line-b-e06,33.1998076,-116.1534282,180.0,line-b-e07,33.1999670,-116.1532386,180.0,2026-08-18T14:14:24Z,dipole-dipole,3,7,1.989,402.2,207.172,6.169,0.00618,0.00098,0.00943;0.00860;0.00897;0.00817;0.00620;0.00562;0.00483;0.00382;0.00271;0.00221,
line-b-r00073,line-b,line-b-e02,33.1991700,-116.1541865,180.0,line-b-e03,33.1993294,-116.1539970,180.0,line-b-e06,33.1998076,-116.1534282,180.0,line-b-e07,33.1999670,-116.1532386,180.0,2026-08-18T14:14:36Z,dipole-dipole,3,8,2.000,234.7,208.373,5.736,0.00721,0.00106,0.01076;0.01083;0.01022;0.00929;0.00818;0.00686;0.00535;0.00445;0.00372;0.00247,
line-b-r00074,line-b,line-b-e02,33.1991700,-116.1541865,180.0,line-b-e03,33.1993294,-116.1539970,180.0,line-b-e06,33.1998076,-116.1534282,180.0,line-b-e07,33.1999670,-116.1532386,180.0,2026-08-18T14:14:48Z,dipole-dipole,3,4,2.000,353.5,200.205,8.433,0.00400,0.00108,0.00685;0.00594;0.00597;0.00517;0.00436;0.00372;0.00280;0.00255;0.00203;0.00150,
line-b-r00075,line-b,line-b-e02,33.1991700,-116.1541865,180.0,line-b-e03,33.1993294,-116.1539970,180.0,line-b-e06,33.1998076,-116.1534282,180.0,line-b-e07,33.1999670,-116.1532386,180.0,2026-08-18T14:15:00Z,dipole-dipole,3,7,2.000,321.2,200.578,10.761,0.00315,0.00096,0.00531;0.00497;0.00427;0.00369;0.00309;0.00299;0.00246;0.00202;0.00154;0.00108,
line-b-r00076,line-b,line-b-e02,33.1991700,-116.1541865,180.0,line-b-e03,33.1993294,-116.1539970,180.0,line-b-e06,33.1998076,-116.1534282,180.0,line-b-e07,33.1999670,-116.1532386,180.0,2026-08-18T14:15:12Z,dipole-dipole,3,8,2.000,229.2,-125.043,7.245,0.00605,0.00108,0.00892;0.00843;0.00848;0.00724;0.00687;0.00523;0.00503;0.00381;0.00299;0.00188,
line-b-r00077,line-b,line-b-e02,33.1991700,-116.1541865,180.0,line-b-e03,33.1993294,-116.1539970,180.0,line-b-e07,33.1999670,-116.1532386,180.0,line-b-e08,33.2001264,-116.1530491,180.0,2026-08-18T14:15:24Z,dipole-dipole,4,7,2.000,261.1,206.357,8.332,0.00383,0.00118,0.00586;0.00556;0.00536;0.00532;0.00384;0.00366;0.00312;0.00235;0.00193;0.00131,
line-b-r00078,line-b,line-b-e02,33.1991700,-116.1541865,180.0,line-b-e03,33.1993294,-116.1539970,180.0,line-b-e07,33.1999670,-116.1532386,180.0,line-b-e08,33.2001264,-116.1530491,180.0,2026-08-18T14:15:36Z,dipole-dipole,4,3,2.000,239.7,217.122,7.813,0.00365,0.00087,0.00640;0.00548;0.00495;0.00506;0.00412;0.00304;0.00318;0.00227;0.00176;0.00121,
line-b-r00079,line-b,line-b-e02,33.1991700,-116.1541865,180.0,line-b-e03,33.1993294,-116.1539970,180.0,line-b-e07,33.1999670,-116.1532386,180.0,line-b-e08,33.2001264,-116.1530491,180.0,2026-08-18T14:15:48Z,dipole-dipole,4,7,2.000,245.0,202.273,10.171,0.00399,0.00091,0.00596;0.00642;0.00537;0.00483;0.00427;0.00409;0.00316;0.00272;0.00201;0.00136,
line-b-r00080,line-b,line-b-e02,33.1991700,-116.1541865,180.0,line-b-e03,33.1993294,-116.1539970,180.0,line-b-e07,33.1999670,-116.1532386,180.0,line-b-e08,33.2001264,-116.1530491,180.0,2026-08-18T14:16:00Z,dipole-dipole,4,3,2.000,248.0,197.006,7.517,0.00546,0.00100,0.00834;0.00829;0.00768;0.00708;0.00606;0.00590;0.00407;0.00327;0.00260;0.00200,
line-b-r00081,line-b,line-b-e02,33.1991700,-116.1541865,180.0,line-b-e03,33.1993294,-116.1539970,180.0,line-b-e07,33.1999670,-116.1532386,180.0,line-b-e08,33.2001264,-116.1530491,180.0,2026-08-18T14:16:12Z,dipole-dipole,4,4,2.000,210.7,197.281,6.348,0.00492,0.00076,0.00782;0.00757;0.00681;0.00652;0.00528;0.00444;0.00418;0.00326;0.00234;0.00171,
line-b-r00082,line-b,line-b-e02,33.1991700,-116.1541865,180.0,line-b-e03,33.1993294,-116.1539970,180.0,line-b-e07,33.1999670,-116.1532386,180.0,line-b-e08,33.2001264,-116.1530491,180.0,2026-08-18T14:16:24Z,dipole-dipole,4,8,2.000,359.8,213.923,6.386,0.00384,0.00092,0.00572;0.00623;0.00481;0.00506;0.00429;0.00365;0.00278;0.00238;0.00175;0.00119,
line-b-r00083,line-b,line-b-e02,33.1991700,-116.1541865,180.0,line-b-e03,33.1993294,-116.1539970,180.0,line-b-e08,33.2001264,-116.1530491,180.0,line-b-e09,33.2002858,-116.1528595,180.0,2026-08-18T14:16:36Z,dipole-dipole,5,3,2.000,243.5,205.731,8.429,0.00598,0.00122,0.00889;0.00946;0.00806;0.00717;0.00620;0.00546;0.00441;0.00410;0.00295;0.00234,
line-b-r00084,line-b,line-b-e02,33.1991700,-116.1541865,180.0,line-b-e03,33.1993294,-116.1539970,180.0,line-b-e08,33.2001264,-116.1530491,180.0,line-b-e09,33.2002858,-116.1528595,180.0,2026-08-18T14:16:48Z,dipole-dipole,5,7,2.000,273.4,214.362,6.368,0.00483,0.00101,0.00762;0.00702;0.00628;0.00695;0.00536;0.00461;0.00410;0.00321;0.00241;0.00176,
line-b-r00085,line-b,line-b-e02,33.1991700,-116.1541865,180.0,line-b-e03,,,,line-b-e08,33.2001264,-116.1530491,180.0,line-b-e09,33.2002858,-116.1528595,180.0,2026-08-18T14:17:00Z,dipole-dipole,5,8,2.000,347.9,205.964,8.253,0.00398,0.00088,0.00586;0.00582;0.00515;0.00531;0.00449;0.00344;0.00315;0.00245;0.00193;0.00134,
line-b-r00086,line-b,line-b-e02,33.1991700,-116.1541865,180.0,line-b-e03,33.1993294,-116.1539970,180.0,line-b-e08,33.2001264,-116.1530491,180.0,line-b-e09,33.2002858,-116.1528595,180.0,2026-08-18T14:17:12Z,dipole-dipole,5,7,2.000,262.6,197.886,7.409,0.00367,0.00090,0.00599;0.00568;0.00520;0.00463;0.00418;0.00298;0.00307;0.00234;0.00171;0.00139,
line-b-r00087,line-b,line-b-e02,33.1991700,-116.1541865,180.0,line-b-e03,33.1993294,-116.1539970,180.0,line-b-e08,33.2001264,-116.1530491,180.0,line-b-e09,33.2002858,-116.1528595,180.0,2026-08-18T14:17:24Z,dipole-dipole,5,6,2.000,244.6,215.446,6.819,0.00585,0.00117,0.00893;0.00794;0.00796;0.00750;0.00634;0.00530;0.00464;0.00386;0.00300;0.00220,
line-b-r00088,line-b,line-b-e02,33.1991700,-116.1541865,180.0,line-b-e03,33.1993294,-116.1539970,180.0,line-b-e08,33.2001264,-116.1530491,180.0,line-b-e09,33.2002858,-116.1528595,180.0,2026-08-18T14:17:36Z,dipole-dipole,5,8,2.000,349.3,200.828,8.084,0.00344,0.00122,0.00521;0.00530;0.00488;0.00406;0.00366;0.00320;0.00243;0.00210;0.00159;0.00130,
line-b-r00089,line-b,line-b-e02,33.1991700,-116.1541865,180.0,line-b-e03,33.1993294,-116.1539970,180.0,line-b-e09,33.2002858,-116.1528595,180.0,line-b-e10,33.2004452,-116.1526699,180.0,2026-08-18T14:17:48Z,dipole-dipole,6,5,2.000,188.2,199.235,7.750,0.00508,0.00114,0.00811;0.00693;0.00703;0.00624;0.00578;0.00485;0.00379;0.00352;0.00228;0.00181,
line-b-r00090,line-b,line-b-e02,33.1991700,-116.1541865,180.0,line-b-e03,33.1993294,-116.1539970,180.0,line-b-e09,33.2002858,-116.1528595,180.0,line-b-e10,33.2004452,-116.1526699,180.0,2026-08-18T14:18:00Z,dipole-dipole,6,3,2.000,236.8,192.557,8.961,0.00275,0.00081,0.00427;0.00396;0.00369;0.00326;0.00300;0.00241;0.00217;0.00196;0.00128;0.00103,
line-b-r00091,line-b,line-b-e02,33.1991700,-116.1541865,180.0,line-b-e03,33.1993294,-116.1539970,180.0,line-b-e09,33.2002858,-116.1528595,180.0,line-b-e10,33.2004452,-116.1526699,180.0,2026-08-18T14:18:12Z,dipole-dipole,6,5,2.000,339.4,200.861,7.925,0.00324,0.00121,0.00504;0.00524;0.00412;0.00385;0.00399;0.00303;0.00259;0.00200;0.00147;0.00115,
line-b-r00092,line-b,line-b-e02,33.1991700,-116.1541865,180.0,line-b-e03,33.1993294,-116.1539970,180.0,line-b-e09,33.2002858,-116.1528595,180.0,line-b-e10,33.2004452,-116.1526699,180.0,2026-08-18T14:18:24Z,dipole-dipole,6,3,2.000,202.8,204.966,8.650,0.00352,0.00111,0.00604;0.00535;0.00483;0.00434;0.00372;0.00322;0.00300;0.00238;0.00157;0.00124,
line-b-r00093,line-b,line-b-e02,33.1991700,-116.1541865,180.0,line-b-e03,33.1993294,-116.1539970,180.0,line-b-e09,33.2002858,-116.1528595,180.0,line-b-e10,33.2004452,-116.1526699,180.0,2026-08-18T14:18:36Z,dipole-dipole,6,6,2.000,287.7,200.604,8.959,0.00581,0.00118,0.00863;0.00785;0.00760;0.00776;0.00675;0.00541;0.00498;0.00347;0.00298;0.00216,
line-b-r00094,line-b,line-b-e02,33.1991700,-116.1541865,180.0,line-b-e03,33.1993294,-116.1539970,180.0,line-b-e09,33.2002858,-116.1528595,180.0,line-b-e10,33.2004452,-116.1526699,180.0,2026-08-18T14:18:48Z,dipole-dipole,6,7,2.000,315.7,211.261,7.891,0.00596,0.00117,0.01004;0.00923;0.00795;0.00723;0.00654;0.00478;0.00466;0.00385;0.00294;0.00223,
line-b-r00095,line-b,line-b-e02,33.1991700,-116.1541865,180.0,line-b-e03,33.1993294,-116.1539970,180.0,line-b-e09,33.2002858,-116.1528595,180.0,line-b-e10,33.2004452,-116.1526699,180.0,2026-08-18T14:19:00Z,dipole-dipole,6,5,2.000,304.6,212.380,6.174,0.00416,0.00099,0.00684;0.00608;0.00623;0.00541;0.00446;0.00390;0.00304;0.00248;0.00205;0.00147,
line-b-r00096,line-b,line-b-e02,33.1991700,-116.1541865,180.0,line-b-e03,33.1993294,-116.1539970,180.0,line-b-e09,33.2002858,-116.1528595,180.0,line-b-e10,33.2004452,-116.1526699,180.0,2026-08-18T14:19:12Z,dipole-dipole,6,5,2.000,344.1,200.839,8.953,0.00499,0.00096,0.00767;0.00719;0.00677;0.00621;0.00568;0.00492;0.00401;0.00343;0.00249;0.00175,
line-b-r00097,line-b,line-b-e02,33.1991700,-116.1541865,180.0,line-b-e03,33.1993294,-116.1539970,180.0,line-b-e10,33.2004452,-116.1526699,180.0,line-b-e11,33.2006046,-116.1524803,180.0,2026-08-18T14:19:24Z,dipole-dipole,7,3,2.000,273.4,207.429,6.807,0.00557,0.00114,0.00770;0.00768;0.00745;0.00655;0.00633;0.00503;0.00421;0.00330;0.00270;0.00206,
line-b-r00098,line-b,line-b-e02,33.1991700,-116.1541865,180.0,line-b-e03,33.1993294,-116.1539970,180.0,line-b-e10,33.2004452,-116.1526699,180.0,line-b-e11,33.2006046,-116.1524803,180.0,2026-08-18T14:19:36Z,dipole-dipole,7,6,2.000,208.6,198.420,8.124,0.00562,0.00085,0.00851;0.00888;0.00693;0.00700;0.00642;0.00500;0.00421;0.00374;0.00270;0.00207,
line-b-r00099,line-b,line-b-e02,33.1991700,-116.1541865,180.0,line-b-e03,33.1993294,-116.1539970,180.0,line-b-e10,33.2004452,-116.1526699,180.0,line-b-e11,33.2006046,-116.1524803,180.0,2026-08-18T14:19:48Z,dipole-dipole,7,6,2.000,303.5,204.153,8.258,0.00526,0.00122,0.00839;0.00761;0.00712;0.00630;0.00583;0.00468;0.00399;0.00341;0.00259;0.00181,
line-b-r00100,line-b,line-b-e02,33.1991700,-116.1541865,180.0,line-b-e03,33.1993294,-116.1539970,180.0,line-b-e10,33.2004452,-116.1526699,180.0,line-b-e11,33.2006046,-116.1524803,180.0,2026-08-18T14:20:00Z,dipole-dipole,7,6,2.000,293.5,191.108,5.917,0.00613,0.00107,0.00873;0.00981;0.00879;0.00814;0.00655;0.00568;0.00462;0.00404;0.00310;0.00200,
line-b-r00101,line-b,line-b-e02,33.1991700,-116.1541865,180.0,line-b-e03,33.1993294,-116.1539970,180.0,line-b-e10,33.2004452,-116.1526699,180.0,line-b-e11,33.2006046,-116.1524803,180.0,2026-08-18T14:20:12Z,dipole-dipole,7,7,2.000,297.2,191.897,9.360,0.00546,0.00116,0.00826;0.00730;0.00718;0.00683;0.00672;0.00490;0.00423;0.00328;0.00303;0.00188,
line-b-r00102,line-b,line-b-e02,33.1991700,-116.1541865,180.0,line-b-e03,33.1993294,-116.1539970,180.0,line-b-e10,33.2004452,-116.1526699,180.0,line-b-e11,33.2006046,-116.1524803,180.0,2026-08-18T14:20:24Z,dipole-dipole,7,7,2.000,287.2,201.832,6.970,0.00559,0.00109,0.00934;0.00744;0.00726;0.00633;0.00579;0.00527;0.00430;0.00380;0.00240;0.00206,
line-b-r00103,line-b,line-b-e02,33.1991700,-116.1541865,180.0,line-b-e03,33.1993294,-116.1539970,180.0,line-b-e10,33.2004452,-116.1526699,180.0,line-b-e11,33.2006046,-116.1524803,180.0,2026-08-18T14:20:36Z,dipole-dipole,7,4,2.000,221.8,196.937,7.861,0.00669,0.00115,0.01127;0.00954;0.00886;0.00765;0.00815;0.00682;0.00536;0.00451;0.00396;0.00246,
line-b-r00104,line-b,line-b-e02,33.1991700,-116.1541865,180.0,line-b-e03,33.1993294,-116.1539970,180.0,line-b-e10,33.2004452,-116.1526699,180.0,line-b-e11,33.2006046,-116.1524803,180.0,2026-08-18T14:20:48Z,dipole-dipole,7,7,2.000,298.5,197.229,7.863,0.00577,0.00876,0.00960;0.00943;0.00740;0.00692;0.00636;0.00582;0.00418;0.00341;0.00281;0.00192,
line-b-r00105,line-b,line-b-e02,33.1991700,-116.1541865,180.0,line-b-e03,33.1993294,-116.1539970,180.0,line-b-e11,33.2006046,-116.1524803,180.0,line-b-e12,33.2007639,-116.1522907,180.0,2026-08-18T14:21:00Z,dipole-dipole,8,6,2.000,267.7,187.372,5.650,0.00843,0.00090,0.01293;0.01213;0.01156;0.01080;0.00774;0.00831;0.00676;0.00511;0.00369;0.00298,
line-b-r00106,line-b,line-b-e02,33.1991700,-116.1541865,180.0,line-b-e03,33.1993294,-116.1539970,180.0,line-b-e11,33.2006046,-116.1524803,180.0,line-b-e12,33.2007639,-116.1522907,180.0,2026-08-18T14:21:12Z,dipole-dipole,8,6,2.000,233.9,175.669,7.101,0.00964,0.00129,0.01592;0.01370;0.01339;0.01354;0.01136;0.00789;0.00679;0.00658;0.00467;0.00340,
line-b-r00107,line-b,line-b-e02,33.1991700,-116.1541865,180.0,line-b-e03,33.1993294,-116.1539970,180.0,line-b-e11,33.2006046,-116.1524803,180.0,line-b-e12,33.2007639,-116.1522907,180.0,2026-08-18T14:21:24Z,dipole-dipole,8,5,2.000,322.8,183.632,7.014,0.00940,0.00159,0.01441;0.01220;0.01323;0.01140;0.01047;0.00805;0.00749;0.00556;0.00443;0.00345,
line-b-r00108,line-b,line-b-e02,33.1991700,-116.1541865,180.0,line-b-e03,33.1993294,-116.1539970,180.0,line-b-e11,33.2006046,-116.1524803,180.0,line-b-e12,33.2007639,-116.1522907,180.0,2026-08-18T14:21:36Z,dipole-dipole,8,3,2.000,315.0,168.646,6.718,0.00823,0.00120,0.01319;0.01322;0.01251;0.01099;0.00953;0.00763;0.00579;0.00485;0.00380;0.00274,
line-b-r00109,line-b,line-b-e02,33.1991700,-116.1541865,180.0,line-b-e03,33.1993294,-116.1539970,180.0,line-b-e11,33.2006046,-116.1524803,180.0,line-b-e12,33.2007639,-116.1522907,180.0,2026-08-18T14:21:48Z,dipole-dipole,8,6,2.000,231.0,178.284,7.882,0.00930,0.00118,0.01618;0.01431;0.01415;0.01178;0.01071;0.00866;0.00703;0.00626;0.00466;0.00319,
line-b-r00110,line-b,line-b-e02,33.1991700,-116.1541865,180.0,line-b-e03,33.1993294,-116.1539970,180.0,line-b-e11,33.2006046,-116.1524803,180.0,line-b-e12,33.2007639,-116.1522907,180.0,2026-08-18T14:22:00Z,dipole-dipole,8,4,2.000,256.2,176.868,5.768,0.00782,0.00115,0.01242;0.01222;0.00970;0.00983;0.00827;0.00764;0.00619;0.00543;0.00365;0.00281,
line-b-r00111,line-b,line-b-e02,33.1991700,-116.1541865,180.0,line-b-e03,33.1993294,-116.1539970,180.0,line-b-e11,33.2006046,-116.1524803,180.0,line-b-e12,33.2007639,-116.1522907,180.0,2026-08-18T14:22:12Z,dipole-dipole,8,8,2.000,313.6,184.452,5.152,0.00919,0.00143,0.01467;0.01305;0.01280;0.01019;0.00952;0.00971;0.00736;0.00580;0.00482;0.00312,
line-b-r00112,line-b,line-b-e03,33.1993294,-116.1539970,180.0,line-b-e04,33.1994888,-116.1538074,180.0,line-b-e05,33.1996482,-116.1536178,180.0,line-b-e06,33.1998076,-116.1534282,180.0,2026-08-18T14:22:24Z,dipole-dipole,1,6,1.820,439.6,207.751,8.714,0.00520,0.00105,0.00877;0.00805;0.00788;0.00634;0.00594;0.00514;0.00447;0.00342;0.00248;0.00156,
line-b-r00113,line-b,line-b-e03,33.1993294,-116.1539970,180.0,line-b-e04,33.1994888,-116.1538074,180.0,line-b-e05,33.1996482,-116.1536178,180.0,line-b-e06,33.1998076,-116.1534282,180.0,2026-08-18T14:22:36Z,dipole-dipole,1,4,2.000,297.7,202.318,8.413,0.00319,0.00114,0.00517;0.00493;0.00435;0.00366;0.00361;0.00305;0.00257;0.00207;0.00147;0.00113,
line-b-r00114,line-b,line-b-e03,33.1993294,-116.1539970,180.0,line-b-e04,33.1994888,-116.1538074,180.0,line-b-e05,33.1996482,-116.1536178,180.0,line-b-e06,33.1998076,-116.1534282,180.0,2026-08-18T14:22:48Z,dipole-dipole,1,6,2.000,271.6,197.623,7.045,0.00635,0.00111,0.00978;0.01047;0.00821;0.00723;0.00639;0.00577;0.00539;0.00430;0.00315;0.00219,
line-b-r00115,line-b,line-b-e03,33.1993294,-116.1539970,180.0,line-b-e04,33.1994888,-116.1538074,180.0,line-b-e05,33.1996482,-116.1536178,180.0,line-b-e06,33.1998076,-116.1534282,180.0,2026-08-18T14:23:00Z,dipole-dipole,1,6,2.000,242.5,208.070,8.630,0.00529,0.00109,0.00849;0.00791;0.00698;0.00799;0.00604;0.00495;0.00437;0.00345;0.00243;0.00197,
line-b-r00116,line-b,line-b-e03,33.1993294,-116.1539970,180.0,line-b-e04,33.1994888,-116.1538074,180.0,line-b-e05,33.1996482,-116.1536178,180.0,line-b-e06,33.1998076,-116.1534282,180.0,2026-08-18T14:23:12Z,dipole-dipole,1,5,2.000,284.5,190.727,7.498,0.00478,0.00120,0.00688;0.00774;0.00672;0.00611;0.00480;0.00405;0.00365;0.00349;0.00235;0.00160,
line-b-r00117,line-b,line-b-e03,33.1993294,-116.1539970,180.0,line-b-e04,33.1994888,-116.1538074,180.0,line-b-e05,33.1996482,-116.1536178,180.0,line-b-e06,33.1998076,-116.1534282,180.0,2026-08-18T14:23:24Z,dipole-dipole,1,4,2.000,211.7,220.197,5.935,0.00502,0.00114,0.00785;0.00751;0.00720;0.00617;0.00583;0.00451;0.00394;0.00295;0.00241;0.00165,
line-b-r00118,line-b,line-b-e03,33.1993294,-116.1539970,180.0,line-b-e04,33.1994888,-116.1538074,180.0,line-b-e05,33.1996482,-116.1536178,180.0,line-b-e06,33.1998076,-116.1534282,180.0,2026-08-18T14:23:36Z,dipole-dipole,1,5,2.000,323.1,209.581,6.926,0.00414,0.00124,0.00640;0.00623;0.00564;0.00544;0.00477;0.00410;0.00331;0.00241;0.00203;0.00132,
line-b-r00119,line-b,line-b-e03,33.1993294,-116.1539970,180.0,line-b-e04,33.1994888,-116.1538074,180.0,line-b-e05,33.1996482,-116.1536178,180.0,line-b-e06,33.1998076,-116.1534282,180.0,2026-08-18T14:23:48Z,dipole-dipole,1,6,1.880,425.5,217.094,6.663,0.00607,0.00096,0.00944;0.00936;0.00836;0.00733;0.00699;0.00590;0.00502;0.00410;0.00285;0.00213,
line-b-r00120,line-b,line-b-e03,33.1993294,-116.1539970,180.0,line-b-e04,33.1994888,-116.1538074,180.0,line-b-e06,33.1998076,-116.1534282,180.0,line-b-e07,33.1999670,-116.1532386,180.0,2026-08-18T14:24:00Z,dipole-dipole,2,5,2.000,265.2,-127.249,7.806,0.00343,0.00092,0.00515;0.00528;0.00463;0.00459;0.00344;0.00331;0.00283;0.00236;0.00153;0.00120,
line-b-r00121,line-b,line-b-e03,33.1993294,-116.1539970,180.0,line-b-e04,33.1994888,-116.1538074,180.0,line-b-e06,33.1998076,-116.1534282,180.0,line-b-e07,33.1999670,-116.1532386,180.0,2026-08-18T14:24:12Z,dipole-dipole,2,6,2.000,312.0,203.715,6.274,0.00417,0.00110,0.00673;0.00608;0.00562;0.00539;0.00460;0.00390;0.00310;0.00254;0.00214;0.00145,
line-b-r00122,line-b,line-b-e03,33.1993294,-116.1539970,180.0,line-b-e04,33.1994888,-116.1538074,180.0,line-b-e06,33.1998076,-116.1534282,180.0,line-b-e07,33.1999670,-116.1532386,180.0,2026-08-18T14:24:24Z,dipole-dipole,2,8,2.000,203.9,-243.940,6.640,0.00414,0.00089,0.00633;0.00636;0.00557;0.00468;0.00440;0.00419;0.00359;0.00274;0.00211;0.00142,
line-b-r00123,line-b,line-b-e03,33.1993294,-116.1539970,180.0,line-b-e04,33.1994888,-116.1538074,180.0,line-b-e06,33.1998076,-116.1534282,180.0,line-b-e07,33.1999670,-116.1532386,180.0,2026-08-18T14:24:36Z,dipole-dipole,2,8,2.000,284.4,206.074,10.283,0.00425,0.00130,0.00659;0.00623;0.00608;0.00580;0.00436;0.00410;0.00335;0.00290;0.00194;0.00165,
line-b-r00124,line-b,line-b-e03,33.1993294,-116.1539970,180.0,line-b-e04,33.1994888,-116.1538074,180.0,line-b-e06,33.1998076,-116.1534282,180.0,line-b-e07,33.1999670,-116.1532386,180.0,2026-08-18T14:24:48Z,dipole-dipole,2,8,2.000,255.8,178.118,9.157,0.00612,0.00111,0.00929;0.00810;0.00840;0.00793;0.00643;0.00614;0.00502;0.00398;0.00300;0.00208,
line-b-r00125,line-b,line-b-e03,33.1993294,-116.1539970,180.0,line-b-e04,33.1994888,-116.1538074,180.0,line-b-e06,33.1998076,-116.1534282,180.0,line-b-e07,33.1999670,-116.1532386,180.0,2026-08-18T14:25:00Z,dipole-dipole,2,7,2.000,297.9,186.944,7.466,0.00284,0.00098,0.00453;0.00445;0.00394;0.00368;0.00307;0.00277;0.00241;0.00206;0.00140;0.00107,
line-b-r00126,line-b,line-b-e03,33.1993294,-116.1539970,180.0,line-b-e04,33.1994888,-116.1538074,180.0,line-b-e07,33.1999670,-116.1532386,180.0,line-b-e08,33.2001264,-116.1530491,180.0,2026-08-18T14:25:12Z,dipole-dipole,3,3,2.000,285.8,202.138,8.054,0.00453,0.00085,0.00676;0.00552;0.00696;0.00559;0.00544;0.00457;0.00387;0.00281;0.00225;0.00174,
line-b-r00127,line-b,line-b-e03,33.1993294,-116.1539970,180.0,line-b-e04,33.1994888,-116.1538074,180.0,line-b-e07,33.1999670,-116.1532386,180.0,line-b-e08,33.2001264,-116.1530491,180.0,2026-08-18T14:25:24Z,dipole-dipole,3,3,2.000,272.2,201.358,6.070,0.00257,0.00092,0.00428;0.00396;0.00343;0.00337;0.00298;0.00228;0.00204;0.00162;0.00128;0.00091,
line-b-r00128,line-b,line-b-e03,33.1993294,-116.1539970,180.0,line-b-e04,33.1994888,-116.1538074,180.0,line-b-e07,33.1999670,-116.1532386,180.0,line-b-e08,33.2001264,-116.1530491,180.0,2026-08-18T14:25:36Z,dipole-dipole,3,6,2.000,337.6,201.888,7.743,0.00555,0.00122,0.00946;0.00739;0.00781;0.00747;0.00612;0.00531;0.00433;0.00351;0.00284;0.00191,
line-b-r00129,line-b,line-b-e03,33.1993294,-116.1539970,180.0,line-b-e04,33.1994888,-116.1538074,180.0,line-b-e07,33.1999670,-116.1532386,180.0,line-b-e08,33.2001264,-116.1530491,180.0,2026-08-18T14:25:48Z,dipole-dipole,3,3,2.000,237.5,200.081,7.686,0.00492,0.00109,0.00864;0.00735;0.00658;0.00612;0.00528;0.00499;0.00367;0.00333;0.00268;0.00181,
line-b-r00130,line-b,line-b-e03,33.1993294,-116.1539970,180.0,line-b-e04,33.1994888,-116.1538074,180.0,line-b-e07,33.1999670,-116.1532386,180.0,line-b-e08,33.2001264,-116.1530491,180.0,2026-08-18T14:26:00Z,dipole-dipole,3,6,2.000,244.2,201.943,7.399,0.00477,0.00110,0.00715;0.00632;0.00657;0.00634;0.00536;0.00457;0.00369;0.00275;0.00222;0.00154,
line-b-r00131,line-b,line-b-e03,33.1993294,-116.1539970,180.0,line-b-e04,33.1994888,-116.1538074,180.0,line-b-e07,33.1999670,-116.1532386,180.0,line-b-e08,33.2001264,-116.1530491,180.0,2026-08-18T14:26:12Z,dipole-dipole,3,5,2.000,254.3,198.861,8.439,0.00518,0.00124,0.00849;0.00702;0.00792;0.00654;0.00513;0.00466;0.00408;0.00310;0.00263;0.00183,
line-b-r00132,line-b,line-b-e03,33.1993294,-116.1539970,180.0,line-b-e04,33.1994888,-116.1538074,180.0,line-b-e07,33.1999670,-116.1532386,180.0,line-b-e08,33.2001264,-116.1530491,180.0,2026-08-18T14:26:24Z,dipole-dipole,3,3,2.000,286.9,214.179,7.377,0.00423,0.00091,0.00653;0.00612;0.00612;0.00492;0.00506;0.00417;0.00358;0.00246;0.00211;0.00148,
line-b-r00133,line-b,line-b-e03,33.1993294,-116.1539970,180.0,line-b-e04,33.1994888,-116.1538074,180.0,line-b-e08,33.2001264,-116.1530491,180.0,line-b-e09,33.2002858,-116.1528595,180.0,2026-08-18T14:26:36Z,dipole-dipole,4,5,2.000,329.5,210.713,7.173,0.00561,0.00080,0.00884;0.00770;0.00750;0.00774;0.00599;0.00496;0.00466;0.00357;0.00309;0.00192,
line-b-r00134,line-b,line-b-e03,33.1993294,-116.1539970,180.0,line-b-e04,33.1994888,-116.1538074,180.0,line-b-e08,33.2001264,-116.1530491,180.0,line-b-e09,33.2002858,-116.1528595,180.0,2026-08-18T14:26:48Z,dipole-dipole,4,7,2.000,314.6,206.315,7.057,0.00498,0.00078,0.00809;0.00761;0.00721;0.00571;0.00536;0.00466;0.00374;0.00355;0.00235;0.00175,
line-b-r00135,line-b,line-b-e03,33.1993294,-116.1539970,180.0,line-b-e04,33.1994888,-116.1538074,180.0,line-b-e08,33.2001264,-116.1530491,180.0,line-b-e09,33.2002858,-116.1528595,180.0,2026-08-18T14:27:00Z,dipole-dipole,4,6,2.000,245.0,214.327,8.158,0.00404,0.00106,0.00590;0.00665;0.00652;0.00542;0.00475;0.00405;0.00317;0.00275;0.00193;0.00140,
line-b-r00136,line-b,line-b-e03,33.1993294,-116.1539970,180.0,line-b-e04,33.1994888,-116.1538074,180.0,line-b-e08,33.2001264,-116.1530491,180.0,line-b-e09,33.2002858,-116.1528595,180.0,2026-08-18T14:27:12Z,dipole-dipole,4,7,2.000,284.4,189.026,6.752,0.00582,0.00118,0.01020;0.00884;0.00764;0.00646;0.00653;0.00610;0.00501;0.00370;0.00289;0.00189,
line-b-r00137,line-b,line-b-e03,33.1993294,-116.1539970,180.0,line-b-e04,33.1994888,-116.1538074,180.0,line-b-e08,33.2001264,-116.1530491,180.0,line-b-e09,33.2002858,-116.1528595,180.0,2026-08-18T14:27:24Z,dipole-dipole,4,4,2.000,254.5,205.401,8.109,0.00448,0.00096,0.00655;0.00692;0.00643;0.00552;0.00543;0.00489;0.00355;0.00289;0.00219;0.00168,
line-b-r00138,line-b,line-b-e03,33.1993294,-116.1539970,180.0,line-b-e04,33.1994888,-116.1538074,180.0,line-b-e08,33.2001264,-116.1530491,180.0,line-b-e09,33.2002858,-116.1528595,180.0,2026-08-18T14:27:36Z,dipole-dipole,4,8,2.000,327.9,198.372,6.394,0.00380,0.00105,0.00600;0.00574;0.00490;0.00497;0.00420;0.00345;0.00294;0.00254;0.00174;0.00138,
line-b-r00139,line-b,line-b-e03,33.1993294,-116.1539970,180.0,line-b-e04,33.1994888,-116.1538074,180.0,line-b-e08,33.2001264,-116.1530491,180.0,line-b-e09,33.2002858,-116.1528595,180.0,2026-08-18T14:27:48Z,dipole-dipole,4,8,2.000,373.9,-172.202,7.297,0.00469,0.00090,0.00699;0.00687;0.00644;0.00621;0.00474;0.00417;0.00411;0.00300;0.00227;0.00151,
line-b-r00140,line-b,line-b-e03,33.1993294,-116.1539970,180.0,line-b-e04,33.1994888,-116.1538074,180.0,line-b-e08,33.2001264,-116.1530491,180.0,line-b-e09,33.2002858,-116.1528595,180.0,2026-08-18T14:28:00Z,dipole-dipole,4,6,2.000,279.0,210.943,6.753,0.00528,0.00108,0.00813;0.00725;0.00741;0.00614;0.00569;0.00491;0.00500;0.00360;0.00282;0.00208,
line-b-r00141,line-b,line-b-e03,33.1993294,-116.1539970,180.0,line-b-e04,33.1994888,-116.1538074,180.0,line-b-e09,33.2002858,-116.1528595,180.0,line-b-e10,33.2004452,-116.1526699,180.0,2026-08-18T14:28:12Z,dipole-dipole,5,7,2.000,253.2,216.665,8.309,0.00297,0.00104,0.00459;0.00395;0.00406;0.00379;0.00337;0.00275;0.00253;0.00175;0.00137;0.00100,
line-b-r00142,line-b,line-b-e03,33.1993294,-116.1539970,180.0,line-b-e04,33.1994888,-116.1538074,180.0,line-b-e09,33.2002858,-116.1528595,180.0,line-b-e10,33.2004452,-116.1526699,180.0,2026-08-18T14:28:24Z,dipole-dipole,5,4,2.000,344.7,212.866,9.340,0.00534,0.00104,0.00821;0.00801;0.00737;0.00663;0.00570;0.00520;0.00416;0.00332;0.00251;0.00192,
line-b-r00143,line-b,line-b-e03,33.1993294,-116.1539970,180.0,line-b-e04,33.1994888,-116.1538074,180.0,line-b-e09,33.2002858,-116.1528595,180.0,line-b-e10,33.2004452,-116.1526699,180.0,2026-08-18T14:28:36Z,dipole-dipole,5,7,2.000,280.4,206.830,7.697,0.00232,0.00090,0.00387;0.00321;0.00283;0.00286;0.00274;0.00210;0.00178;0.00153;0.00121;0.00072,
line-b-r00144,line-b,line-b-e03,33.1993294,-116.1539970,180.0,line-b-e04,33.1994888,-116.1538074,180.0,line-b-e09,33.2002858,-116.1528595,180.0,line-b-e10,33.2004452,-116.1526699,180.0,2026-08-18T14:28:48Z,dipole-dipole,5,4,2.000,363.6,211.676,8.041,0.00396,0.00107,0.00657;0.00595;0.00538;0.00493;0.00474;0.00427;0.00302;0.00249;0.00196;0.00129,
line-b-r00145,line-b,line-b-e03,33.1993294,-116.1539970,180.0,line-b-e04,33.1994888,-116.1538074,180.0,line-b-e09,33.2002858,-116.1528595,180.0,line-b-e10,33.2004452,-116.1526699,180.0,2026-08-18T14:29:00Z,dipole-dipole,5,7,2.000,264.0,205.210,8.053,0.00655,0.00095,0.01003;0.01053;0.00844;0.00762;0.00686;0.00603;0.00510;0.00413;0.00292;0.00255,
line-b-r00146,line-b,line-b-e03,33.1993294,-116.1539970,180.0,line-b-e04,33.1994888,-116.1538074,180.0,line-b-e09,33.2002858,-116.1528595,180.0,line-b-e10,33.2004452,-116.1526699,180.0,2026-08-18T14:29:12Z,dipole-dipole,5,8,2.000,339.3,208.107,7.969,0.00266,0.00105,0.00418;0.00390;0.00395;0.00354;0.00272;0.00266;0.00223;0.00174;0.00134;0.00093,
line-b-r00147,line-b,line-b-e03,33.1993294,-116.1539970,180.0,line-b-e04,33.1994888,-116.1538074,180.0,line-b-e09,33.2002858,-116.1528595,180.0,line-b-e10,33.2004452,-116.1526699,180.0,2026-08-18T14:29:24Z,dipole-dipole,5,5,2.000,304.4,202.210,8.308,0.00485,0.00086,0.00794;0.00790;0.00645;0.00635;0.00528;0.00409;0.00403;0.00315;0.00241;0.00196,
line-b-r00148,line-b,line-b-e03,33.1993294,-116.1539970,180.0,line-b-e04,33.1994888,-116.1538074,180.0,line-b-e09,33.2002858,-116.1528595,180.0,line-b-e10,33.2004452,-116.1526699,180.0,2026-08-18T14:29:36Z,dipole-dipole,5,3,2.000,324.0,204.750,7.007,0.00498,0.00108,0.00740;0.00702;0.00688;0.00602;0.00512;0.00492;0.00389;0.00303;0.00251;0.00160,
line-b-r00149,line-b,line-b-e03,33.1993294,-116.1539970,180.0,line-b-e04,33.1994888,-116.1538074,180.0,line-b-e10,33.2004452,-116.1526699,180.0,line-b-e11,33.2006046,-116.1524803,180.0,2026-08-18T14:29:48Z,dipole-dipole,6,8,2.000,367.7,201.031,7.120,0.00651,0.00101,0.01046;0.00975;0.00855;0.00835;0.00736;0.00635;0.00548;0.00392;0.00357;0.00244,
line-b-r00150,line-b,line-b-e03,33.1993294,-116.1539970,180.0,line-b-e04,33.1994888,-116.1538074,180.0,line-b-e10,33.2004452,-116.1526699,180.0,line-b-e11,33.2006046,-116.1524803,180.0,2026-08-18T14:30:00Z,dipole-dipole,6,8,2.000,228.3,191.953,8.479,0.00496,0.00094,0.00856;0.00725;0.00717;0.00613;0.00527;0.00476;0.00392;0.00295;0.00238;0.00171,
line-b-r00151,line-b,line-b-e03,33.1993294,-116.1539970,180.0,line-b-e04,33.1994888,-116.1538074,180.0,line-b-e10,33.2004452,-116.1526699,180.0,line-b-e11,33.2006046,-116.1524803,180.0,2026-08-18T14:30:12Z,dipole-dipole,6,6,2.000,250.1,204.954,8.625,0.00394,0.00123,0.00590;0.00592;0.00570;0.00469;0.00462;0.00344;0.00312;0.00230;0.00182;0.00141,
line-b-r00152,line-b,line-b-e03,33.1993294,-116.1539970,180.0,line-b-e04,33.1994888,-116.1538074,180.0,line-b-e10,33.2004452,-116.1526699,180.0,line-b-e11,33.2006046,-116.1524803,180.0,2026-08-18T14:30:24Z,dipole-dipole,6,8,2.000,254.1,196.869,7.452,0.00511,0.00125,0.00793;0.00689;0.00763;0.00670;0.00515;0.00470;0.00430;0.00315;0.00238;0.00182,
line-b-r00153,line-b,line-b-e03,33.1993294,-116.1539970,180.0,line-b-e04,33.1994888,-116.1538074,180.0,line-b-e10,33.2004452,-116.1526699,180.0,line-b-e11,33.2006046,-116.1524803,180.0,2026-08-18T14:30:36Z,dipole-dipole,6,7,2.000,213.0,202.011,6.922,0.00579,0.00111,0.00987;0.00909;0.00793;0.00704;0.00625;0.00560;0.00454;0.00337;0.00305;0.00186,
line-b-r00154,line-b,line-b-e03,33.1993294,-116.1539970,180.0,line-b-e04,33.1994888,-116.1538074,180.0,line-b-e10,33.2004452,-116.1526699,180.0,line-b-e11,33.2006046,-116.1524803,180.0,2026-08-18T14:30:48Z,dipole-dipole,6,3,2.000,271.4,199.978,6.555,0.00420,0.00130,0.00622;0.00620;0.00623;0.00508;0.00507;0.00413;0.00334;0.00278;0.00219;0.00159,
line-b-r00155,line-b,line-b-e03,33.1993294,-116.1539970,180.0,line-b-e04,33.1994888,-116.1538074,180.0,line-b-e11,33.2006046,-116.1524803,180.0,line-b-e12,33.2007639,-116.1522907,180.0,2026-08-18T14:31:00Z,dipole-dipole,7,8,2.000,266.1,185.631,8.039,0.00670,0.00103,0.01092;0.00962;0.00853;0.00733;0.00699;0.00599;0.00501;0.00422;0.00326;0.00227,
line-b-r00156,line-b,line-b-e03,33.1993294,-116.1539970,180.0,line-b-e04,33.1994888,-116.1538074,180.0,line-b-e11,33.2006046,-116.1524803,180.0,line-b-e12,33.2007639,-116.1522907,180.0,2026-08-18T14:31:12Z,dipole-dipole,7,6,2.000,304.8,176.780,8.941,0.00665,0.00116,0.01074;0.00970;0.00918;0.00823;0.00771;0.00530;0.00463;0.00401;0.00345;0.00230,
line-b-r00157,line-b,line-b-e03,33.1993294,-116.1539970,180.0,line-b-e04,33.1994888,-116.1538074,180.0,line-b-e11,33.2006046,-116.1524803,180.0,line-b-e12,33.2007639,-116.1522907,180.0,2026-08-18T14:31:24Z,dipole-dipole,7,8,2.000,274.8,195.830,7.300,0.00923,0.00160,0.01510;0.01351;0.01212;0.01119;0.01058;0.00855;0.00773;0.00594;0.00458;0.00293,
line-b-r00158,line-b,line-b-e03,33.1993294,-116.1539970,180.0,line-b-e04,33.1994888,-116.1538074,180.0,line-b-e11,33.2006046,-116.1524803,180.0,line-b-e12,33.2007639,-116.1522907,180.0,2026-08-18T14:31:36Z,dipole-dipole,7,5,2.000,300.0,180.147,7.849,0.00839,0.00142,0.01288;0.01200;0.01104;0.01050;0.00832;0.00788;0.00741;0.00539;0.00404;0.00329,
line-b-r00159,line-b,line-b-e03,33.1993294,-116.1539970,180.0,line-b-e04,33.1994888,-116.1538074,180.0,line-b-e11,33.2006046,-116.1524803,180.0,line-b-e12,33.2007639,-116.1522907,180.0,2026-08-18T14:31:48Z,dipole-dipole,7,4,2.000,278.1,185.366,8.238,0.00877,0.00120,0.01412;0.01276;0.01152;0.01068;0.00993;0.00813;0.00647;0.00563;0.00445;0.00344,
line-b-r00160,line-b,line-b-e03,33.1993294,-116.1539970,180.0,line-b-e04,33.1994888,-116.1538074,180.0,line-b-e11,33.2006046,-116.1524803,180.0,line-b-e12,33.2007639,-116.1522907,180.0,2026-08-18T14:32:00Z,dipole-dipole,7,3,2.000,305.5,182.353,6.358,0.00976,0.00165,0.01642;0.01419;0.01266;0.01251;0.01038;0.00981;0.00772;0.00604;0.00493;0.00369,
line-b-r00161,line-b,line-b-e03,33.1993294,-116.1539970,180.0,line-b-e04,33.1994888,-116.1538074,180.0,line-b-e11,33.2006046,-116.1524803,180.0,line-b-e12,33.2007639,-116.1522907,180.0,2026-08-18T14:32:12Z,dipole-dipole,7,7,2.000,359.7,180.906,7.357,0.00911,0.00127,0.01430;0.01331;0.01283;0.00968;0.00908;0.00911;0.00714;0.00551;0.00449;0.00314,
line-b-r00162,line-b,line-b-e03,33.1993294,-116.1539970,180.0,line-b-e04,33.1994888,-116.1538074,180.0,line-b-e11,33.2006046,-116.1524803,180.0,line-b-e12,33.2007639,-116.1522907,180.0,2026-08-18T14:32:24Z,dipole-dipole,7,4,2.000,292.4,189.026,8.205,0.00951,0.00093,0.01396;0.01386;0.01324;0.01316;0.01046;0.00772;0.00734;0.00633;0.00451;0.00372,
line-b-r00163,line-b,line-b-e03,33.1993294,-116.1539970,180.0,line-b-e04,33.1994888,-116.1538074,180.0,line-b-e12,33.2007639,-116.1522907,180.0,line-b-e13,33.2009233,-116.1521011,180.0,2026-08-18T14:32:36Z,dipole-dipole,8,5,2.000,287.3,167.201,6.275,0.01085,0.00149,0.01682;0.01674;0.01347;0.01332;0.01135;0.01138;0.00897;0.00643;0.00514;0.00422,
line-b-r00164,line-b,line-b-e03,33.1993294,-116.1539970,180.0,line-b-e04,33.1994888,-116.1538074,180.0,line-b-e12,33.2007639,-116.1522907,180.0,line-b-e13,33.2009233,-116.1521011,180.0,2026-08-18T14:32:48Z,dipole-dipole,8,4,2.000,339.0,169.760,5.833,0.01183,0.00128,0.02023;0.01666;0.01823;0.01505;0.01330;0.01228;0.00837;0.00776;0.00510;0.00425,
line-b-r00165,line-b,line-b-e03,33.1993294,-116.1539970,180.0,line-b-e04,33.1994888,-116.1538074,180.0,line-b-e12,33.2007639,-116.1522907,180.0,line-b-e13,33.2009233,-116.1521011,180.0,2026-08-18T14:33:00Z,dipole-dipole,8,5,2.000,217.3,180.148,6.025,0.01234,0.00127,0.01764;0.01963;0.01731;0.01516;0.01334;0.01095;0.00984;0.00812;0.00544;0.00439,
line-b-r00166,line-b,line-b-e03,33.1993294,-116.1539970,180.0,line-b-e04,33.1994888,-116.1538074,180.0,line-b-e12,33.2007639,-116.1522907,180.0,line-b-e13,33.2009233,-116.1521011,180.0,2026-08-18T14:33:12Z,dipole-dipole,8,7,2.000,275.5,177.124,7.100,0.01272,0.00155,0.01838;0.01916;0.01774;0.01670;0.01425;0.01217;0.01078;0.00752;0.00604;0.00435,
line-b-r00167,line-b,line-b-e03,33.1993294,-116.1539970,180.0,line-b-e04,33.1994888,-116.1538074,180.0,line-b-e12,33.2007639,-116.1522907,180.0,line-b-e13,33.2009233,-116.1521011,180.0,2026-08-18T14:33:24Z,dipole-dipole,8,3,2.000,263.9,175.758,5.884,0.01176,0.00163,0.02097;0.01764;0.01674;0.01433;0.01348;0.01059;0.00973;0.00747;0.00570;0.00444,
line-b-r00168,line-b,line-b-e03,33.1993294,-116.1539970,180.0,line-b-e04,33.1994888,-116.1538074,180.0,line-b-e12,33.2007639,-116.1522907,180.0,line-b-e13,33.2009233,-116.1521011,180.0,2026-08-18T14:33:36Z,dipole-dipole,8,3,2.000,281.2,176.117,7.734,0.01206,0.00162,0.01902;0.01629;0.01552;0.01588;0.01343;0.01293;0.00916;0.00751;0.00569;0.00402,
line-b-r00169,line-b,line-b-e03,33.1993294,-116.1539970,180.0,line-b-e04,33.1994888,-116.1538074,180.0,line-b-e12,33.2007639,-116.1522907,180.0,line-b-e13,33.2009233,-116.1521011,180.0,2026-08-18T14:33:48Z,dipole-dipole,8,8,2.000,322.7,161.866,5.588,0.01249,0.00124,0.01958;0.01868;0.01725;0.01762;0.01228;0.01155;0.01000;0.00833;0.00645;0.00491,
line-b-r00170,line-b,line-b-e03,33.1993294,-116.1539970,180.0,line-b-e04,33.1994888,-116.1538074,180.0,line-b-e12,33.2007639,-116.1522907,180.0,line-b-e13,33.2009233,-116.1521011,180.0,2026-08-18T14:34:00Z,dipole-dipole,8,7,2.000,317.5,172.021,7.459,0.01342,0.00135,0.02226;0.01923;0.01904;0.01773;0.01614;0.01283;0.01068;0.00883;0.00741;0.00516,
line-b-r00171,line-b,line-b-e04,33.1994888,-116.1538074,180.0,line-b-e05,33.1996482,-116.1536178,180.0,line-b-e06,33.1998076,-116.1534282,180.0,line-b-e07,33.1999670,-116.1532386,180.0,2026-08-18T14:34:12Z,dipole-dipole,1,6,2.000,255.4,214.861,8.939,0.00534,0.00102,0.00882;0.00808;0.00705;0.00674;0.00566;0.00518;0.00417;0.00341;0.00257;0.00171,
line-b-r00172,line-b,line-b-e04,33.1994888,-116.1538074,180.0,line-b-e05,33.1996482,-116.1536178,180.0,line-b-e06,33.1998076,-116.1534282,180.0,line-b-e07,33.1999670,-116.1532386,180.0,2026-08-18T14:34:24Z,dipole-dipole,1,3,2.000,324.9,222.587,6.323,0.00582,0.00095,0.00984;0.00835;0.00727;0.00787;0.00604;0.00553;0.00496;0.00386;0.00290;0.00183,
line-b-r00173,line-b,line-b-e04,33.1994888,-116.1538074,180.0,line-b-e05,33.1996482,-116.1536178,180.0,line-b-e06,33.1998076,-116.1534282,180.0,line-b-e07,33.1999670,-116.1532386,180.0,2026-08-18T14:34:36Z,dipole-dipole,1,5,2.000,319.7,221.204,7.260,0.00412,0.00128,0.00737;0.00598;0.00572;0.00454;0.00493;0.00370;0.00325;0.00266;0.00215;0.00144,
line-b-r00174,line-b,line-b-e04,33.1994888,-116.1538074,180.0,line-b-e05,33.1996482,-116.1536178,180.0,line-b-e06,33.1998076,-116.1534282,180.0,line-b-e07,33.1999670,-116.1532386,180.0,2026-08-18T14:34:48Z,dipole-dipole,1,5,2.000,283.6,218.791,9.998,0.00590,0.00082,0.01021;0.00918;0.00894;0.00753;0.00647;0.00593;0.00493;0.00378;0.00292;0.00202,
line-b-r00175,line-b,line-b-e04,33.1994888,-116.1538074,180.0,line-b-e05,33.1996482,-116.1536178,180.0,line-b-e06,33.1998076,-116.1534282,180.0,line-b-e07,33.1999670,-116.1532386,180.0,2026-08-18T14:35:00Z,dipole-dipole,1,7,1.941,412.2,215.002,7.313,0.00376,0.00089,0.00573;0.00595;0.00448;0.00484;0.00391;0.00343;0.00320;0.00243;0.00200;0.00142,
line-b-r00176,line-b,line-b-e04,33.1994888,-116.1538074,180.0,line-b-e05,33.1996482,-116.1536178,180.0,line-b-e06,33.1998076,-116.1534282,180.0,line-b-e07,33.1999670,-116.1532386,180.0,2026-08-18T14:35:12Z,dipole-dipole,1,8,2.000,319.1,210.124,8.850,0.00541,0.00112,0.00852;0.00748;0.00805;0.00685;0.00583;0.00512;0.00412;0.00303;0.00257;0.00212,
line-b-r00177,line-b,line-b-e04,33.1994888,-116.1538074,180.0,line-b-e05,33.1996482,-116.1536178,180.0,line-b-e06,33.1998076,-116.1534282,180.0,line-b-e07,33.1999670,-116.1532386,180.0,2026-08-18T14:35:24Z,dipole-dipole,1,5,2.000,307.0,205.482,9.989,0.00508,0.00122,0.00743;0.00756;0.00668;0.00640;0.00563;0.00414;0.00391;0.00297;0.00286;0.00190,
line-b-r00178,line-b,line-b-e04,33.1994888,-116.1538074,180.0,line-b-e05,33.1996482,-116.1536178,180.0,line-b-e06,33.1998076,-116.1534282,180.0,line-b-e07,33.1999670,-116.1532386,180.0,2026-08-18T14:35:36Z,dipole-dipole,1,4,2.000,311.1,200.626,6.129,0.00613,0.00101,0.00906;0.00950;0.00807;0.00745;0.00642;0.00580;0.00495;0.00374;0.00270;0.00201,
line-b-r00179,line-b,line-b-e04,33.1994888,-116.1538074,180.0,line-b-e05,33.1996482,-116.1536178,180.0,line-b-e07,33.1999670,-116.1532386,180.0,line-b-e08,33.2001264,-116.1530491,180.0,2026-08-18T14:35:48Z,dipole-dipole,2,8,2.000,249.6,194.416,6.283,0.00411,0.00095,0.00636;0.00554;0.00582;0.00470;0.00426;0.00389;0.00360;0.00271;0.00220;0.00167,
line-b-r00180,line-b,line-b-e04,33.1994888,-116.1538074,180.0,line-b-e05,33.1996482,-116.1536178,180.0,line-b-e07,33.1999670,-116.1532386,180.0,line-b-e08,33.2001264,-116.1530491,180.0,2026-08-18T14:36:00Z,dipole-dipole,2,3,2.000,309.1,211.997,6.300,0.00536,0.00093,0.00967;0.00733;0.00698;0.00649;0.00521;0.00545;0.00413;0.00313;0.00242;0.00180,
line-b-r00181,line-b,line-b-e04,33.1994888,-116.1538074,180.0,line-b-e05,33.1996482,-116.1536178,180.0,line-b-e07,33.1999670,-116.1532386,180.0,line-b-e08,33.2001264,-116.1530491,180.0,2026-08-18T14:36:12Z,dipole-dipole,2,8,2.000,314.8,189.384,8.028,0.00522,0.00116,0.00822;0.00771;0.00726;0.00669;0.00530;0.00470;0.00371;0.00347;0.00254;0.00177,
line-b-r00182,line-b,line-b-e04,33.1994888,-116.1538074,180.0,line-b-e05,33.1996482,-116.1536178,180.0,line-b-e07,33.1999670,-116.1532386,180.0,line-b-e08,33.2001264,-116.1530491,180.0,2026-08-18T14:36:24Z,dipole-dipole,2,3,2.000,323.4,193.453,6.892,0.00415,0.00120,0.00704;0.00607;0.00603;0.00497;0.00458;0.00444;0.00333;0.00268;0.00203;0.00152,
line-b-r00183,line-b,line-b-e04,33.1994888,-116.1538074,180.0,line-b-e05,33.1996482,-116.1536178,180.0,line-b-e07,33.1999670,-116.1532386,180.0,line-b-e08,33.2001264,-116.1530491,180.0,2026-08-18T14:36:36Z,dipole-dipole,2,3,2.000,371.0,207.211,6.717,0.00575,0.00152,0.00903;0.00916;0.00727;0.00735;0.00658;0.00526;0.00439;0.00374;0.00277;0.00208,
line-b-r00184,line-b,line-b-e04,33.1994888,-116.1538074,180.0,line-b-e05,33.1996482,-116.1536178,180.0,line-b-e07,33.1999670,-116.1532386,180.0,line-b-e08,33.2001264,-116.1530491,180.0,2026-08-18T14:36:48Z,dipole-dipole,2,5,2.000,351.7,196.919,7.894,0.00439,0.00101,0.00613;0.00591;0.00584;0.00550;0.00493;0.00434;0.00355;0.00284;0.00225;0.00161,
line-b-r00185,line-b,line-b-e04,33.1994888,-116.1538074,180.0,line-b-e05,33.1996482,-116.1536178,180.0,line-b-e08,33.2001264,-116.1530491,180.0,line-b-e09,33.2002858,-116.1528595,180.0,2026-08-18T14:37:00Z,dipole-dipole,3,7,2.000,319.4,208.561,7.660,0.00574,0.00099,0.00878;0.00800;0.00732;0.00651;0.00639;0.00571;0.00465;0.00356;0.00290;0.00215,
line-b-r00186,line-b,line-b-e04,33.1994888,-116.1538074,180.0,line-b-e05,33.1996482,-116.1536178,180.0,line-b-e08,33.2001264,-116.1530491,180.0,line-b-e09,33.2002858,-116.1528595,180.0,2026-08-18T14:37:12Z,dipole-dipole,3,8,2.000,283.9,194.200,6.746,0.00311,0.00132,0.00491;0.00438;0.00425;0.00409;0.00371;0.00301;0.00258;0.00212;0.00150;0.00101,
line-b-r00187,line-b,line-b-e04,33.1994888,-116.1538074,180.0,line-b-e05,33.1996482,-116.1536178,180.0,line-b-e08,33.2001264,-116.1530491,180.0,line-b-e09,33.2002858,-116.1528595,180.0,2026-08-18T14:37:24Z,dipole-dipole,3,7,2.000,299.8,196.838,7.231,0.00549,0.00143,0.00823;0.00850;0.00794;0.00705;0.00625;0.00539;0.00419;0.00386;0.00289;0.00196,
line-b-r00188,line-b,line-b-e04,33.1994888,-116.1538074,180.0,line-b-e05,33.1996482,-116.1536178,180.0,line-b-e08,33.2001264,-116.1530491,180.0,line-b-e09,33.2002858,-116.1528595,180.0,2026-08-18T14:37:36Z,dipole-dipole,3,6,2.000,315.1,205.028,5.722,0.00420,0.00103,0.00705;0.00680;0.00598;0.00492;0.00441;0.00411;0.00330;0.00274;0.00197;0.00146,
line-b-r00189,line-b,line-b-e04,33.1994888,-116.1538074,180.0,line-b-e05,33.1996482,-116.1536178,180.0,line-b-e08,33.2001264,-116.1530491,180.0,line-b-e09,33.2002858,-116.1528595,180.0,2026-08-18T14:37:48Z,dipole-dipole,3,7,2.000,332.6,202.550,7.692,0.00317,0.00102,0.00505;0.00530;0.00428;0.00419;0.00377;0.00296;0.00251;0.00195;0.00157;0.00114,
line-b-r00190,line-b,line-b-e04,33.1994888,-116.1538074,180.0,line-b-e05,33.1996482,-116.1536178,180.0,line-b-e08,33.2001264,-116.1530491,180.0,line-b-e09,33.2002858,-116.1528595,180.0,2026-08-18T14:38:00Z,dipole-dipole,3,3,2.000,299.5,195.109,7.649,0.00297,0.00091,0.00417;0.00420;0.00395;0.00380;0.00341;0.00284;0.00255;0.00192;0.00155;0.00102,
line-b-r00191,line-b,line-b-e04,33.1994888,-116.1538074,180.0,line-b-e05,33.1996482,-116.1536178,180.0,line-b-e08,33.2001264,-116.1530491,180.0,line-b-e09,33.2002858,-116.1528595,180.0,2026-08-18T14:38:12Z,dipole-dipole,3,5,2.000,289.5,205.364,8.179,0.00462,0.00085,0.00722;0.00677;0.00628;0.00609;0.00481;0.00410;0.00355;0.00309;0.00220;0.00156,
line-b-r00192,line-b,line-b-e04,33.1994888,-116.1538074,180.0,line-b-e05,33.1996482,-116.1536178,180.0,line-b-e09,33.2002858,-116.1528595,180.0,line-b-e10,33.2004452,-116.1526699,180.0,2026-08-18T14:38:24Z,dipole-dipole,4,3,2.000,391.4,204.321,7.959,0.00395,0.00096,0.00730;0.00678;0.00591;0.00489;0.00457;0.00347;0.00319;0.00240;0.00185;0.00142,
line-b-r00193,line-b,line-b-e04,33.1994888,-116.1538074,180.0,line-b-e05,33.1996482,-116.1536178,180.0,line-b-e09,33.2002858,-116.1528595,180.0,line-b-e10,33.2004452,-116.1526699,180.0,2026-08-18T14:38:36Z,dipole-dipole,4,8,2.000,308.9,193.360,7.749,0.00529,0.00078,0.00901;0.00843;0.00756;0.00714;0.00585;0.00530;0.00434;0.00394;0.00268;0.00182,
line-b-r00194,line-b,line-b-e04,33.1994888,-116.1538074,180.0,line-b-e05,33.1996482,-116.1536178,180.0,line-b-e09,33.2002858,-116.1528595,180.0,line-b-e10,33.2004452,-116.1526699,180.0,2026-08-18T14:38:48Z,dipole-dipole,4,4,2.000,336.0,206.731,6.775,0.00373,0.00113,0.00626;0.00503;0.00496;0.00444;0.00469;0.00378;0.00297;0.00254;0.00177;0.00132,
line-b-r00195,line-b,line-b-e04,33.1994888,-116.1538074,180.0,line-b-e05,33.1996482,-116.1536178,180.0,line-b-e09,33.2002858,-116.1528595,180.0,line-b-e10,33.2004452,-116.1526699,180.0,2026-08-18T14:39:00Z,dipole-dipole,4,5,2.000,390.3,211.548,6.559,0.00362,0.00102,0.00545;0.00515;0.00522;0.00437;0.00384;0.00302;0.00295;0.00239;0.00164;0.00121,
line-b-r00196,line-b,line-b-e04,33.1994888,-116.1538074,180.0,line-b-e05,33.1996482,-116.1536178,180.0,line-b-e09,33.2002858,-116.1528595,180.0,line-b-e10,33.2004452,-116.1526699,180.0,2026-08-18T14:39:12Z,dipole-dipole,4,3,2.000,264.3,205.742,7.305,0.00475,0.00100,0.00731;0.00793;0.00686;0.00583;0.00510;0.00461;0.00365;0.00309;0.00249;0.00161,
line-b-r00197,line-b,line-b-e04,33.1994888,-116.1538074,180.0,line-b-e05,33.1996482,-116.1536178,180.0,line-b-e09,33.2002858,-116.1528595,180.0,line-b-e10,33.2004452,-116.1526699,180.0,2026-08-18T14:39:24Z,dipole-dipole,4,5,2.000,345.3,207.149,6.712,0.00380,0.00103,0.00629;0.00578;0.00546;0.00486;0.00430;0.00402;0.00285;0.00235;0.00205;0.00149,
line-b-r00198,line-b,line-b-e04,33.1994888,-116.1538074,180.0,line-b-e05,33.1996482,-116.1536178,180.0,line-b-e09,33.2002858,-116.1528595,180.0,line-b-e10,33.2004452,-116.1526699,180.0,2026-08-18T14:39:36Z,dipole-dipole,4,7,2.000,380.7,207.664,5.718,0.00496,0.00114,0.00832;0.00717;0.00678;0.00578;0.00473;0.00493;0.00368;0.00292;0.00249;0.00184,
line-b-r00199,line-b,line-b-e04,33.1994888,-116.1538074,180.0,line-b-e05,33.1996482,-116.1536178,180.0,line-b-e10,33.2004452,-116.1526699,180.0,line-b-e11,33.2006046,-116.1524803,180.0,2026-08-18T14:39:48Z,dipole-dipole,5,4,2.000,263.0,205.476,7.504,0.00696,0.00123,0.01075;0.01058;0.00984;0.00894;0.00660;0.00597;0.00541;0.00427;0.00372;0.00236,
line-b-r00200,line-b,line-b-e04,33.1994888,-116.1538074,180.0,line-b-e05,33.1996482,-116.1536178,180.0,line-b-e10,33.2004452,-116.1526699,180.0,line-b-e11,33.2006046,-116.1524803,180.0,2026-08-18T14:40:00Z,dipole-dipole,5,6,2.000,240.3,199.536,7.995,0.00492,0.00106,0.00815;0.00802;0.00646;0.00568;0.00518;0.00489;0.00432;0.00339;0.00251;0.00191,
line-b-r00201,line-b,line-b-e04,33.1994888,-116.1538074,180.0,line-b-e05,33.1996482,-116.1536178,180.0,line-b-e10,33.2004452,-116.1526699,180.0,line-b-e11,33.2006046,-116.1524803,180.0,2026-08-18T14:40:12Z,dipole-dipole,5,4,2.000,373.3,188.085,7.692,0.00656,0.00096,0.01116;0.01001;0.00884;0.00783;0.00675;0.00640;0.00499;0.00458;0.00322;0.00242,
line-b-r00202,line-b,line-b-e04,33.1994888,-116.1538074,180.0,line-b-e05,33.1996482,-116.1536178,180.0,line-b-e10,33.2004452,-116.1526699,180.0,line-b-e11,33.2006046,-116.1524803,180.0,2026-08-18T14:40:24Z,dipole-dipole,5,3,2.000,340.9,213.749,9.172,0.00491,0.00111,0.00727;0.00707;0.00714;0.00636;0.00516;0.00501;0.00355;0.00328;0.00251;0.00160,
line-b-r00203,line-b,line-b-e04,33.1994888,-116.1538074,180.0,line-b-e05,33.1996482,-116.1536178,180.0,line-b-e10,33.2004452,-116.1526699,180.0,line-b-e11,33.2006046,-116.1524803,180.0,2026-08-18T14:40:36Z,dipole-dipole,5,8,1.995,401.0,203.634,7.890,0.00459,0.00096,0.00736;0.00667;0.00582;0.00539;0.00488;0.00446;0.00359;0.00312;0.00216;0.00180,
line-b-r00204,line-b,line-b-e04,33.1994888,-116.1538074,180.0,line-b-e05,33.1996482,-116.1536178,180.0,line-b-e10,33.2004452,-116.1526699,180.0,line-b-e11,33.2006046,-116.1524803,180.0,2026-08-18T14:40:48Z,dipole-dipole,5,6,2.000,350.9,205.187,10.621,0.00521,0.00115,0.00813;0.00785;0.00713;0.00729;0.00564;0.00546;0.00415;0.00305;0.00235;0.00197,
line-b-r00205,line-b,line-b-e04,33.1994888,-116.1538074,180.0,line-b-e05,33.1996482,-116.1536178,180.0,line-b-e10,33.2004452,-116.1526699,180.0,line-b-e11,33.2006046,-116.1524803,180.0,2026-08-18T14:41:00Z,dipole-dipole,5,3,2.000,316.5,207.098,9.079,0.00557,0.00129,0.00826;0.00916;0.00751;0.00676;0.00556;0.00540;0.00438;0.00366;0.00265;0.00192,
line-b-r00206,line-b,line-b-e04,33.1994888,-116.1538074,180.0,line-b-e05,33.1996482,-116.1536178,180.0,line-b-e11,33.2006046,-116.1524803,180.0,line-b-e12,33.2007639,-116.1522907,180.0,2026-08-18T14:41:12Z,dipole-dipole,6,5,2.000,283.8,176.918,6.207,0.00926,0.00158,0.01559;0.01398;0.01109;0.01125;0.01006;0.00889;0.00826;0.00646;0.00462;0.00306,
line-b-r00207,line-b,line-b-e04,33.1994888,-116.1538074,180.0,line-b-e05,33.1996482,-116.1536178,180.0,line-b-e11,33.2006046,-116.1524803,180.0,line-b-e12,33.2007639,-116.1522907,180.0,2026-08-18T14:41:24Z,dipole-dipole,6,5,2.000,322.1,188.315,10.045,0.00496,0.00107,0.00848;0.00731;0.00690;0.00626;0.00527;0.00519;0.00371;0.00303;0.00238;0.00190,
line-b-r00208,line-b,line-b-e04,33.1994888,-116.1538074,180.0,line-b-e05,33.1996482,-116.1536178,180.0,line-b-e11,33.2006046,-116.1524803,180.0,line-b-e12,33.2007639,-116.1522907,180.0,2026-08-18T14:41:36Z,dipole-dipole,6,6,2.000,302.0,186.838,7.423,0.00537,0.00110,0.00916;0.00788;0.00795;0.00651;0.00634;0.00482;0.00419;0.00339;0.00268;0.00197,
line-b-r00209,line-b,line-b-e04,33.1994888,-116.1538074,180.0,line-b-e05,33.1996482,-116.1536178,180.0,line-b-e11,33.2006046,-116.1524803,180.0,line-b-e12,33.2007639,-116.1522907,180.0,2026-08-18T14:41:48Z,dipole-dipole,6,8,2.000,346.1,186.198,9.722,0.00829,0.00124,0.01392;0.01320;0.01121;0.01108;0.00941;0.00795;0.00683;0.00513;0.00409;0.00297,
line-b-r00210,line-b,line-b-e04,33.1994888,-116.1538074,180.0,line-b-e05,33.1996482,-116.1536178,180.0,line-b-e11,33.2006046,-116.1524803,180.0,line-b-e12,33.2007639,-116.1522907,180.0,2026-08-18T14:42:00Z,dipole-dipole,6,6,2.000,399.4,184.682,7.441,0.00899,0.00138,0.01379;0.01452;0.01236;0.01095;0.00915;0.00777;0.00726;0.00577;0.00512;0.00313,
line-b-r00211,line-b,line-b-e04,33.1994888,-116.1538074,180.0,line-b-e05,33.1996482,-116.1536178,180.0,line-b-e11,33.2006046,-116.1524803,180.0,line-b-e12,33.2007639,-116.1522907,180.0,2026-08-18T14:42:12Z,dipole-dipole,6,4,2.000,335.7,185.238,8.614,0.00606,0.00129,0.00965;0.00903;0.00853;0.00678;0.00650;0.00610;0.00469;0.00361;0.00290;0.00215,
line-b-r00212,line-b,line-b-e04,33.1994888,-116.1538074,180.0,line-b-e05,33.1996482,-116.1536178,180.0,line-b-e11,33.2006046,-116.1524803,180.0,line-b-e12,33.2007639,-116.1522907,180.0,2026-08-18T14:42:24Z,dipole-dipole,6,3,2.000,332.5,191.517,8.207,0.00876,0.00107,0.01400;0.01263;0.01034;0.01100;0.00907;0.00875;0.00760;0.00518;0.00416;0.00319,
line-b-r00213,line-b,line-b-e04,33.1994888,-116.1538074,180.0,line-b-e05,33.1996482,-116.1536178,180.0,line-b-e11,33.2006046,-116.1524803,180.0,line-b-e12,33.2007639,-116.1522907,180.0,2026-08-18T14:42:36Z,dipole-dipole,6,7,2.000,253.2,188.941,7.254,0.00920,0.00109,0.01539;0.01303;0.01173;0.01101;0.00931;0.00915;0.00763;0.00573;0.00443;0.00330,
line-b-r00214,line-b,line-b-e04,33.1994888,-116.1538074,180.0,line-b-e05,33.1996482,-116.1536178,180.0,line-b-e12,33.2007639,-116.1522907,180.0,line-b-e13,33.2009233,-116.1521011,180.0,2026-08-18T14:42:48Z,dipole-dipole,7,4,2.000,308.0,166.849,7.911,0.01284,0.00128,0.01874;0.01804;0.01624;0.01655;0.01296;0.01219;0.00984;0.00793;0.00599;0.00443,
line-b-r00215,line-b,line-b-e04,33.1994888,-116.1538074,180.0,line-b-e05,33.1996482,-116.1536178,180.0,line-b-e12,33.2007639,-116.1522907,180.0,line-b-e13,33.2009233,-116.1521011,180.0,2026-08-18T14:43:00Z,dipole-dipole,7,3,2.000,303.1,171.536,8.626,0.01118,0.00142,0.01784;0.01558;0.01477;0.01458;0.01242;0.01121;0.00887;0.00672;0.00553;0.00397,
line-b-r00216,line-b,line-b-e04,33.1994888,-116.1538074,180.0,line-b-e05,33.1996482,-116.1536178,180.0,line-b-e12,33.2007639,-116.1522907,180.0,line-b-e13,33.2009233,-116.1521011,180.0,2026-08-18T14:43:12Z,dipole-dipole,7,5,1.890,423.3,168.027,5.956,0.01044,0.00157,0.01587;0.01579;0.01675;0.01387;0.01139;0.01040;0.00813;0.00664;0.00545;0.00396,
line-b-r00217,line-b,line-b-e04,33.1994888,-116.1538074,180.0,line-b-e05,33.1996482,-116.1536178,180.0,line-b-e12,33.2007639,-116.1522907,180.0,line-b-e13,33.2009233,-116.1521011,180.0,2026-08-18T14:43:24Z,dipole-dipole,7,4,2.000,351.7,171.450,6.224,0.00979,0.00127,0.01580;0.01327;0.01528;0.01103;0.01197;0.00838;0.00761;0.00559;0.00500;0.00392,
line-b-r00218,line-b,line-b-e04,33.1994888,-116.1538074,180.0,line-b-e05,33.1996482,-116.1536178,180.0,line-b-e12,33.2007639,-116.1522907,180.0,line-b-e13,33.2009233,-116.1521011,180.0,2026-08-18T14:43:36Z,dipole-dipole,7,8,2.000,318.9,173.485,8.488,0.01029,0.00126,0.01543;0.01646;0.01399;0.01287;0.01127;0.01063;0.00763;0.00622;0.00497;0.00364,
line-b-r00219,line-b,line-b-e04,33.1994888,-116.1538074,180.0,line-b-e05,33.1996482,-116.1536178,180.0,line-b-e12,33.2007639,-116.1522907,180.0,line-b-e13,33.2009233,-116.1521011,180.0,2026-08-18T14:43:48Z,dipole-dipole,7,4,2.000,289.0,174.708,7.294,0.01160,0.00113,0.01818;0.01660;0.01570;0.01392;0.01351;0.01145;0.01058;0.00778;0.00563;0.00443,
line-b-r00220,line-b,line-b-e04,33.1994888,-116.1538074,180.0,line-b-e05,33.1996482,-116.1536178,180.0,line-b-e12,33.2007639,-116.1522907,180.0,line-b-e13,33.2009233,-116.1521011,180.0,2026-08-18T14:44:00Z,dipole-dipole,7,4,2.000,369.9,185.078,6.633,0.01389,0.00112,0.02329;0.02105;0.01846;0.01719;0.01427;0.01341;0.01139;0.00844;0.00689;0.00500,
line-b-r00221,line-b,line-b-e04,33.1994888,-116.1538074,180.0,line-b-e05,33.1996482,-116.1536178,180.0,line-b-e12,33.2007639,-116.1522907,180.0,line-b-e13,33.2009233,-116.1521011,180.0,2026-08-18T14:44:12Z,dipole-dipole,7,3,2.000,266.7,176.656,6.277,0.01320,0.00140,0.02267;0.01876;0.01932;0.01708;0.01353;0.01255;0.00980;0.00868;0.00669;0.00500,
line-b-r00222,line-b,line-b-e04,33.1994888,-116.1538074,180.0,line-b-e05,33.1996482,-116.1536178,180.0,line-b-e13,33.2009233,-116.1521011,180.0,line-b-e14,33.2010827,-116.1519115,180.0,2026-08-18T14:44:24Z,dipole-dipole,8,6,2.000,289.4,152.152,5.457,0.01103,0.00178,0.01779;0.01596;0.01549;0.01445;0.01086;0.01072;0.00953;0.00638;0.00513;0.00365,
line-b-r00223,line-b,line-b-e04,33.1994888,-116.1538074,180.0,line-b-e05,33.1996482,-116.1536178,180.0,line-b-e13,33.2009233,-116.1521011,180.0,line-b-e14,33.2010827,-116.1519115,180.0,2026-08-18T14:44:36Z,dipole-dipole,8,4,2.000,246.6,153.228,5.148,0.01578,0.00170,0.02439;0.02133;0.02009;0.01834;0.01673;0.01603;0.01312;0.00985;0.00752;0.00534,
line-b-r00224,line-b,line-b-e04,33.1994888,-116.1538074,180.0,line-b-e05,33.1996482,-116.1536178,180.0,line-b-e13,33.2009233,-116.1521011,180.0,line-b-e14,33.2010827,-116.1519115,180.0,2026-08-18T14:44:48Z,dipole-dipole,8,6,2.000,330.8,154.124,155.062,0.01286,0.00162,0.02049;0.01914;0.01681;0.01682;0.01108;0.01116;0.01084;0.00810;0.00615;0.00466,
line-b-r00225,line-b,line-b-e04,33.1994888,-116.1538074,180.0,line-b-e05,33.1996482,-116.1536178,180.0,line-b-e13,33.2009233,-116.1521011,180.0,line-b-e14,33.2010827,-116.1519115,180.0,2026-08-18T14:45:00Z,dipole-dipole,8,6,2.000,377.7,169.948,5.928,0.01552,0.00154,0.02763;0.02185;0.01852;0.02101;0.01629;0.01560;0.01222;0.01024;0.00730;0.00503,
line-b-r00226,line-b,line-b-e04,33.1994888,-116.1538074,180.0,line-b-e05,33.1996482,-116.1536178,180.0,line-b-e13,33.2009233,-116.1521011,180.0,line-b-e14,33.2010827,-116.1519115,180.0,2026-08-18T14:45:12Z,dipole-dipole,8,7,2.000,307.6,155.582,5.878,0.01492,0.00176,0.02367;0.02305;0.02115;0.01862;0.01797;0.01311;0.01146;0.00904;0.00741;0.00553,
line-b-r00227,line-b,line-b-e04,33.1994888,-116.1538074,180.0,line-b-e05,33.1996482,-116.1536178,180.0,line-b-e13,33.2009233,-116.1521011,180.0,line-b-e14,33.2010827,-116.1519115,180.0,2026-08-18T14:45:24Z,dipole-dipole,8,5,2.000,358.3,151.526,7.368,0.01581,0.00196,0.02493;0.02477;0.02255;0.01982;0.01698;0.01378;0.01179;0.01095;0.00791;0.00548,
line-b-r00228,line-b,line-b-e04,33.1994888,-116.1538074,180.0,line-b-e05,33.1996482,-116.1536178,180.0,line-b-e13,33.2009233,-116.1521011,180.0,line-b-e14,33.2010827,-116.1519115,180.0,2026-08-18T14:45:36Z,dipole-dipole,8,5,2.000,374.7,159.341,5.664,0.01651,0.00204,0.02665;0.02266;0.02195;0.02047;0.01727;0.01644;0.01185;0.00953;0.00926;0.00572,
line-b-r00229,line-b,line-b-e04,33.1994888,-116.1538074,180.0,line-b-e05,33.1996482,-116.1536178,180.0,line-b-e13,33.2009233,-116.1521011,180.0,line-b-e14,33.2010827,-116.1519115,180.0,2026-08-18T14:45:48Z,dipole-dipole,8,3,2.000,210.9,156.349,4.947,0.01581,0.00168,0.02489;0.02459;0.02303;0.01897;0.01746;0.01501;0.01293;0.01047;0.00710;0.00567,
line-b-r00230,line-b,line-b-e05,33.1996482,-116.1536178,180.0,line-b-e06,33.1998076,-116.1534282,180.0,line-b-e07,33.1999670,-116.1532386,180.0,line-b-e08,33.2001264,-116.1530491,180.0,2026-08-18T14:46:00Z,dipole-dipole,1,5,2.000,350.5,208.891,5.687,0.00547,0.00115,0.00718;0.00959;0.00738;0.00703;0.00525;0.00499;0.00419;0.00361;0.00271;0.00181,
line-b-r00231,line-b,line-b-e05,33.1996482,-116.1536178,180.0,line-b-e06,33.1998076,-116.1534282,180.0,line-b-e07,33.1999670,-116.1532386,180.0,line-b-e08,33.2001264,-116.1530491,180.0,2026-08-18T14:46:12Z,dipole-dipole,1,5,2.000,323.1,213.740,8.771,0.00331,0.00095,0.00576;0.00440;0.00421;0.00410;0.00368;0.00315;0.00260;0.00223;0.00158;0.00121,
line-b-r00232,line-b,line-b-e05,33.1996482,-116.1536178,180.0,line-b-e06,33.1998076,-116.1534282,180.0,line-b-e07,33.1999670,-116.1532386,180.0,line-b-e08,33.2001264,-116.1530491,180.0,2026-08-18T14:46:24Z,dipole-dipole,1,5,2.000,352.4,212.542,7.012,0.00390,0.00103,0.00582;0.00545;0.00534;0.00492;0.00418;0.00367;0.00306;0.00236;0.00182;0.00124,
line-b-r00233,line-b,line-b-e05,33.1996482,-116.1536178,180.0,line-b-e06,33.1998076,-116.1534282,180.0,line-b-e07,33.1999670,-116.1532386,180.0,line-b-e08,33.2001264,-116.1530491,180.0,2026-08-18T14:46:36Z,dipole-dipole,1,7,2.000,304.9,208.584,6.867,0.00369,0.00083,0.00549;0.00533;0.00498;0.00497;0.00361;0.00360;0.00303;0.00238;0.00195;0.00123,
line-b-r00234,line-b,line-b-e05,33.1996482,-116.1536178,180.0,line-b-e06,33.1998076,-116.1534282,180.0,line-b-e07,33.1999670,-116.1532386,180.0,line-b-e08,33.2001264,-116.1530491,180.0,2026-08-18T14:46:48Z,dipole-dipole,1,4,2.000,330.3,200.580,7.501,0.00527,0.00120,0.00831;0.00794;0.00789;0.00613;0.00567;0.00524;0.00429;0.00360;0.00268;0.00182,
line-b-r00235,line-b,line-b-e05,33.1996482,-116.1536178,180.0,line-b-e06,33.1998076,-116.1534282,180.0,line-b-e07,33.1999670,-116.1532386,180.0,line-b-e08,33.2001264,-116.1530491,180.0,2026-08-18T14:47:00Z,dipole-dipole,1,3,2.000,234.9,199.425,6.844,0.00580,0.00125,0.00892;0.00884;0.00836;0.00642;0.00635;0.00583;0.00460;0.00374;0.00237;0.00203,
line-b-r00236,line-b,line-b-e05,33.1996482,-116.1536178,180.0,line-b-e06,33.1998076,-116.1534282,180.0,line-b-e07,33.1999670,-116.1532386,180.0,line-b-e08,33.2001264,-116.1530491,180.0,2026-08-18T14:47:12Z,dipole-dipole,1,5,2.000,277.0,189.436,9.492,0.00409,0.00117,0.00644;0.00650;0.00608;0.00543;0.00406;0.00387;0.00322;0.00279;0.00214;0.00144,
line-b-r00237,line-b,line-b-e05,33.1996482,-116.1536178,180.0,line-b-e06,33.1998076,-116.1534282,180.0,line-b-e08,33.2001264,-116.1530491,180.0,line-b-e09,33.2002858,-116.1528595,180.0,2026-08-18T14:47:24Z,dipole-dipole,2,8,2.000,287.0,204.935,6.892,0.00548,0.00107,0.00831;0.00861;0.00718;0.00705;0.00608;0.00477;0.00456;0.00342;0.00263;0.00183,
line-b-r00238,line-b,line-b-e05,33.1996482,-116.1536178,180.0,line-b-e06,33.1998076,-116.1534282,180.0,line-b-e08,33.2001264,-116.1530491,180.0,line-b-e09,33.2002858,-116.1528595,180.0,2026-08-18T14:47:36Z,dipole-dipole,2,6,2.000,347.1,200.414,7.397,0.00605,0.00110,0.01098;0.00978;0.00861;0.00784;0.00711;0.00580;0.00438;0.00370;0.00263;0.00214,
line-b-r00239,line-b,line-b-e05,33.1996482,-116.1536178,180.0,line-b-e06,33.1998076,-116.1534282,180.0,line-b-e08,33.2001264,-116.1530491,180.0,line-b-e09,33.2002858,-116.1528595,180.0,2026-08-18T14:47:48Z,dipole-dipole,2,4,2.000,320.0,200.629,592.282,0.00426,0.00101,0.00674;0.00627;0.00538;0.00535;0.00479;0.00400;0.00356;0.00273;0.00201;0.00162,
line-b-r00240,line-b,line-b-e05,33.1996482,-116.1536178,180.0,line-b-e06,33.1998076,-116.1534282,180.0,line-b-e08,33.2001264,-116.1530491,180.0,line-b-e09,33.2002858,-116.1528595,180.0,2026-08-18T14:48:00Z,dipole-dipole,2,7,2.000,355.4,-210.409,6.627,0.00533,0.00106,0.00800;0.00813;0.00667;0.00654;0.00601;0.00576;0.00455;0.00332;0.00277;0.00210,
line-b-r00241,line-b,line-b-e05,33.1996482,-116.1536178,180.0,line-b-e06,33.1998076,-116.1534282,180.0,line-b-e08,33.2001264,-116.1530491,180.0,line-b-e09,33.2002858,-116.1528595,180.0,2026-08-18T14:48:12Z,dipole-dipole,2,3,2.000,350.0,199.198,7.506,0.00372,0.00149,0.00622;0.00539;0.00481;0.00461;0.00432;0.00326;0.00258;0.00213;0.00193;0.00132,
line-b-r00242,line-b,line-b-e05,33.1996482,-116.1536178,180.0,line-b-e06,33.1998076,-116.1534282,180.0,line-b-e08,33.2001264,-116.1530491,180.0,line-b-e09,33.2002858,-116.1528595,180.0,2026-08-18T14:48:24Z,dipole-dipole,2,4,2.000,325.6,202.767,8.699,0.00437,0.00104,0.00697;0.00611;0.00606;0.00520;0.00488;0.00411;0.00313;0.00260;0.00216;0.00152,
line-b-r00243,line-b,line-b-e05,33.1996482,-116.1536178,180.0,line-b-e06,33.1998076,-116.1534282,180.0,line-b-e08,33.2001264,-116.1530491,180.0,line-b-e09,33.2002858,-116.1528595,180.0,2026-08-18T14:48:36Z,dipole-dipole,2,3,2.000,285.9,181.583,513.931,0.00518,0.00093,0.00897;0.00762;0.00687;0.00709;0.00616;0.00524;0.00391;0.00290;0.00240;0.00163,
line-b-r00244,line-b,line-b-e05,33.1996482,-116.1536178,180.0,line-b-e06,33.1998076,-116.1534282,180.0,line-b-e08,33.2001264,-116.1530491,180.0,line-b-e09,33.2002858,-116.1528595,180.0,2026-08-18T14:48:48Z,dipole-dipole,2,4,2.000,271.9,-143.693,7.541,0.00453,0.00107,0.00659;0.00637;0.00620;0.00530;0.00518;0.00507;0.00405;0.00272;0.00215;0.00178,
line-b-r00245,line-b,line-b-e05,33.1996482,-116.1536178,180.0,line-b-e06,33.1998076,-116.1534282,180.0,line-b-e09,33.2002858,-116.1528595,180.0,line-b-e10,33.2004452,-116.1526699,180.0,2026-08-18T14:49:00Z,dipole-dipole,3,3,2.000,382.5,212.051,6.131,0.00565,0.00100,0.00915;0.00898;0.00783;0.00695;0.00656;0.00621;0.00391;0.00338;0.00284;0.00174,
line-b-r00246,line-b,line-b-e05,33.1996482,-116.1536178,180.0,line-b-e06,33.1998076,-116.1534282,180.0,line-b-e09,33.2002858,-116.1528595,180.0,line-b-e10,33.2004452,-116.1526699,180.0,2026-08-18T14:49:12Z,dipole-dipole,3,8,2.000,329.7,208.146,6.945,0.00485,0.00112,0.00809;0.00721;0.00724;0.00583;0.00503;0.00492;0.00381;0.00336;0.00250;0.00161,
line-b-r00247,line-b,line-b-e05,33.1996482,-116.1536178,180.0,line-b-e06,33.1998076,-116.1534282,180.0,line-b-e09,33.2002858,-116.1528595,180.0,line-b-e10,33.2004452,-116.1526699,180.0,2026-08-18T14:49:24Z,dipole-dipole,3,8,2.000,363.2,205.308,7.821,0.00687,0.00129,0.01194;0.00988;0.00962;0.00775;0.00759;0.00716;0.00601;0.00396;0.00339;0.00270,
line-b-r00248,line-b,line-b-e05,33.1996482,-116.1536178,180.0,line-b-e06,33.1998076,-116.1534282,180.0,line-b-e09,33.2002858,-116.1528595,180.0,line-b-e10,33.2004452,-116.1526699,180.0,2026-08-18T14:49:36Z,dipole-dipole,3,4,1.754,456.2,208.570,6.334,0.00392,0.00107,0.00677;0.00569;0.00547;0.00493;0.00433;0.00382;0.00285;0.00249;0.00167;0.00149,
line-b-r00249,line-b,line-b-e05,33.1996482,-116.1536178,180.0,line-b-e06,33.1998076,-116.1534282,180.0,line-b-e09,33.2002858,-116.1528595,180.0,line-b-e10,33.2004452,-116.1526699,180.0,2026-08-18T14:49:48Z,dipole-dipole,3,6,2.000,299.8,199.671,7.399,0.00461,0.00117,0.00723;0.00740;0.00614;0.00569;0.00578;0.00418;0.00414;0.00310;0.00223;0.00170,
line-b-r00250,line-b,line-b-e05,33.1996482,-116.1536178,180.0,line-b-e06,33.1998076,-116.1534282,180.0,line-b-e09,33.2002858,-116.1528595,180.0,line-b-e10,33.2004452,-116.1526699,180.0,2026-08-18T14:50:00Z,dipole-dipole,3,4,2.000,383.8,212.739,9.882,0.00618,0.00139,0.00961;0.00979;0.00858;0.00745;0.00675;0.00518;0.00506;0.00388;0.00281;0.00207,
line-b-r00251,line-b,line-b-e05,33.1996482,-116.1536178,180.0,line-b-e06,33.1998076,-116.1534282,180.0,line-b-e10,33.2004452,-116.1526699,180.0,line-b-e11,33.2006046,-116.1524803,180.0,2026-08-18T14:50:12Z,dipole-dipole,4,6,2.000,309.9,212.051,6.197,0.00601,0.00114,0.00836;0.00913;0.00770;0.00752;0.00618;0.00586;0.00453;0.00396;0.00308;0.00218,
line-b-r00252,line-b,line-b-e05,33.1996482,-116.1536178,180.0,line-b-e06,33.1998076,-116.1534282,180.0,line-b-e10,33.2004452,-116.1526699,180.0,line-b-e11,33.2006046,-116.1524803,180.0,2026-08-18T14:50:24Z,dipole-dipole,4,8,1.823,438.8,197.017,8.798,0.00780,0.00104,0.01260;0.01220;0.00984;0.00992;0.00850;0.00747;0.00629;0.00479;0.00402;0.00301,
line-b-r00253,line-b,line-b-e05,33.1996482,-116.1536178,180.0,line-b-e06,33.1998076,-116.1534282,180.0,line-b-e10,33.2004452,-116.1526699,180.0,line-b-e11,33.2006046,-116.1524803,180.0,2026-08-18T14:50:36Z,dipole-dipole,4,7,2.000,363.7,206.376,6.031,0.00710,0.00103,0.01168;0.01030;0.00869;0.00769;0.00805;0.00753;0.00532;0.00483;0.00342;0.00273,
line-b-r00254,line-b,line-b-e05,33.1996482,-116.1536178,180.0,line-b-e06,33.1998076,-116.1534282,180.0,line-b-e10,33.2004452,-116.1526699,180.0,line-b-e11,33.2006046,-116.1524803,180.0,2026-08-18T14:50:48Z,dipole-dipole,4,5,2.000,303.9,199.015,6.777,0.00538,0.00122,0.00841;0.00811;0.00761;0.00673;0.00652;0.00477;0.00467;0.00346;0.00268;0.00196,
line-b-r00255,line-b,line-b-e05,33.1996482,-116.1536178,180.0,line-b-e06,33.1998076,-116.1534282,180.0,line-b-e10,33.2004452,-116.1526699,180.0,line-b-e11,33.2006046,-116.1524803,180.0,2026-08-18T14:51:00Z,dipole-dipole,4,4,2.000,391.2,207.516,7.751,0.00650,0.00128,0.00992;0.00972;0.00918;0.00774;0.00703;0.00589;0.00565;0.00419;0.00294;0.00244,
line-b-r00256,line-b,line-b-e05,33.1996482,-116.1536178,180.0,line-b-e06,33.1998076,-116.1534282,180.0,line-b-e10,33.2004452,-116.1526699,180.0,line-b-e11,33.2006046,-116.1524803,180.0,2026-08-18T14:51:12Z,dipole-dipole,4,3,2.000,262.1,211.675,6.555,0.00395,0.00094,0.00614;0.00571;0.00514;0.00486;0.00497;0.00417;0.00286;0.00280;0.00180;0.00148,
line-b-r00257,line-b,line-b-e05,33.1996482,-116.1536178,180.0,line-b-e06,33.1998076,-116.1534282,180.0,line-b-e11,33.2006046,-116.1524803,180.0,line-b-e12,33.2007639,-116.1522907,180.0,2026-08-18T14:51:24Z,dipole-dipole,5,7,2.000,320.1,186.714,6.803,0.00785,0.00098,0.01289;0.01093;0.01070;0.00917;0.00867;0.00774;0.00633;0.00510;0.00371;0.00265,
line-b-r00258,line-b,line-b-e05,33.1996482,-116.1536178,180.0,line-b-e06,33.1998076,-116.1534282,180.0,line-b-e11,33.2006046,-116.1524803,180.0,line-b-e12,33.2007639,-116.1522907,180.0,2026-08-18T14:51:36Z,dipole-dipole,5,8,2.000,278.7,186.015,7.280,0.00799,0.00129,0.01328;0.01216;0.01068;0.01033;0.00912;0.00762;0.00606;0.00491;0.00352;0.00332,
line-b-r00259,line-b,line-b-e05,33.1996482,-116.1536178,180.0,line-b-e06,33.1998076,-116.1534282,180.0,line-b-e11,33.2006046,-116.1524803,180.0,line-b-e12,33.2007639,-116.1522907,180.0,2026-08-18T14:51:48Z,dipole-dipole,5,8,2.000,361.7,189.474,6.675,0.00900,0.00111,0.01337;0.01332;0.01165;0.01045;0.00998;0.00792;0.00708;0.00681;0.00426;0.00356,
line-b-r00260,line-b,line-b-e05,33.1996482,-116.1536178,180.0,line-b-e06,33.1998076,-116.1534282,180.0,line-b-e11,33.2006046,-116.1524803,180.0,line-b-e12,33.2007639,-116.1522907,180.0,2026-08-18T14:52:00Z,dipole-dipole,5,3,2.000,301.8,182.014,5.713,0.00668,0.00145,0.01174;0.00955;0.00885;0.00838;0.00750;0.00602;0.00477;0.00420;0.00314;0.00245,
line-b-r00261,line-b,line-b-e05,33.1996482,-116.1536178,180.0,line-b-e06,33.1998076,-116.1534282,180.0,line-b-e11,33.2006046,-116.1524803,180.0,line-b-e12,33.2007639,-116.1522907,180.0,2026-08-18T14:52:12Z,dipole-dipole,5,7,2.000,276.0,192.931,7.454,0.00806,0.00151,0.01284;0.01137;0.01022;0.01078;0.00927;0.00756;0.00647;0.00496;0.00390;0.00274,
line-b-r00262,line-b,line-b-e05,33.1996482,-116.1536178,180.0,line-b-e06,33.1998076,-116.1534282,180.0,line-b-e11,33.2006046,-116.1524803,180.0,line-b-e12,33.2007639,-116.1522907,180.0,2026-08-18T14:52:24Z,dipole-dipole,5,4,2.000,370.8,196.216,7.153,0.00855,0.00112,0.01313;0.01300;0.01255;0.00988;0.00888;0.00891;0.00629;0.00615;0.00379;0.00304,
line-b-r00263,line-b,line-b-e05,33.1996482,-116.1536178,180.0,line-b-e06,33.1998076,-116.1534282,180.0,line-b-e11,33.2006046,-116.1524803,180.0,line-b-e12,33.2007639,-116.1522907,180.0,2026-08-18T14:52:36Z,dipole-dipole,5,8,2.000,315.1,183.601,6.506,0.00704,0.00123,0.01099;0.00990;0.00914;0.00863;0.00784;0.00648;0.00503;0.00486;0.00321;0.00259,
line-b-r00264,line-b,line-b-e05,33.1996482,-116.1536178,180.0,line-b-e06,33.1998076,-116.1534282,180.0,line-b-e11,33.2006046,-116.1524803,180.0,line-b-e12,33.2007639,-116.1522907,180.0,2026-08-18T14:52:48Z,dipole-dipole,5,8,2.000,273.2,189.775,6.975,0.00661,0.00133,0.01026;0.01108;0.00899;0.00753;0.00716;0.00636;0.00483;0.00421;0.00330;0.00238,
line-b-r00265,line-b,line-b-e05,33.1996482,-116.1536178,180.0,line-b-e06,33.1998076,-116.1534282,180.0,line-b-e12,33.2007639,-116.1522907,180.0,line-b-e13,33.2009233,-116.1521011,180.0,2026-08-18T14:53:00Z,dipole-dipole,6,3,2.000,329.8,169.225,7.132,0.00871,0.00131,0.01306;0.01408;0.01368;0.01100;0.00947;0.00892;0.00722;0.00535;0.00433;0.00305,
line-b-r00266,line-b,line-b-e05,33.1996482,-116.1536178,180.0,line-b-e06,33.1998076,-116.1534282,180.0,line-b-e12,33.2007639,-116.1522907,180.0,line-b-e13,33.2009233,-116.1521011,180.0,2026-08-18T14:53:12Z,dipole-dipole,6,5,2.000,375.5,174.749,7.017,0.00824,0.00163,0.01287;0.01243;0.01063;0.01176;0.00854;0.00745;0.00650;0.00527;0.00376;0.00303,
line-b-r00267,line-b,line-b-e05,33.1996482,-116.1536178,180.0,line-b-e06,33.1998076,-116.1534282,180.0,line-b-e12,33.2007639,-116.1522907,180.0,line-b-e13,33.2009233,-116.1521011,180.0,2026-08-18T14:53:24Z,dipole-dipole,6,7,2.000,328.3,175.364,5.819,0.01078,0.00206,0.01686;0.01525;0.01553;0.01153;0.01172;0.00975;0.00858;0.00664;0.00565;0.00358,
line-b-r00268,line-b,line-b-e05,33.1996482,-116.1536178,180.0,line-b-e06,33.1998076,-116.1534282,180.0,line-b-e12,33.2007639,-116.1522907,180.0,line-b-e13,33.2009233,-116.1521011,180.0,2026-08-18T14:53:36Z,dipole-dipole,6,3,2.000,348.0,180.101,7.711,0.00888,0.00149,0.01297;0.01214;0.01102;0.01118;0.01062;0.00760;0.00700;0.00513;0.00447;0.00304,
line-b-r00269,line-b,line-b-e05,33.1996482,-116.1536178,180.0,line-b-e06,33.1998076,-116.1534282,180.0,line-b-e12,33.2007639,-116.1522907,180.0,line-b-e13,33.2009233,-116.1521011,180.0,2026-08-18T14:53:48Z,dipole-dipole,6,7,2.000,385.1,169.579,8.508,0.01005,0.00116,0.01620;0.01483;0.01284;0.01113;0.01095;0.00870;0.00828;0.00665;0.00505;0.00352,
line-b-r00270,line-b,line-b-e05,33.1996482,-116.1536178,180.0,line-b-e06,33.1998076,-116.1534282,180.0,line-b-e12,33.2007639,-116.1522907,180.0,line-b-e13,33.2009233,-116.1521011,180.0,2026-08-18T14:54:00Z,dipole-dipole,6,3,2.000,285.9,182.878,8.402,0.00989,0.00154,0.01631;0.01290;0.01308;0.01264;0.00992;0.00847;0.00818;0.00599;0.00491;0.00380,
line-b-r00271,line-b,line-b-e05,33.1996482,-116.1536178,180.0,line-b-e06,33.1998076,-116.1534282,180.0,line-b-e12,33.2007639,-116.1522907,180.0,line-b-e13,33.2009233,-116.1521011,180.0,2026-08-18T14:54:12Z,dipole-dipole,6,6,2.000,331.2,184.985,8.076,0.01065,0.00132,0.01677;0.01433;0.01344;0.01347;0.01156;0.01020;0.00798;0.00705;0.00540;0.00399,
line-b-r00272,line-b,line-b-e05,33.1996482,-116.1536178,180.0,line-b-e06,33.1998076,-116.1534282,180.0,line-b-e12,33.2007639,-116.1522907,180.0,line-b-e13,33.2009233,-116.1521011,180.0,2026-08-18T14:54:24Z,dipole-dipole,6,5,2.000,335.9,172.669,5.549,0.01074,0.02267,0.01793;0.01532;0.01515;0.01347;0.01020;0.01029;0.00826;0.00713;0.00535;0.00434,
line-b-r00273,line-b,line-b-e05,33.1996482,-116.1536178,180.0,line-b-e06,33.1998076,-116.1534282,180.0,line-b-e13,33.2009233,-116.1521011,180.0,line-b-e14,33.2010827,-116.1519115,180.0,2026-08-18T14:54:36Z,dipole-dipole,7,8,2.000,365.0,164.053,5.844,0.01409,0.00143,0.02296;0.02213;0.01857;0.01728;0.01589;0.01462;0.01004;0.00939;0.00679;0.00471,
line-b-r00274,line-b,line-b-e05,33.1996482,-116.1536178,180.0,line-b-e06,33.1998076,-116.1534282,180.0,line-b-e13,33.2009233,-116.1521011,180.0,line-b-e14,33.2010827,-116.1519115,180.0,2026-08-18T14:54:48Z,dipole-dipole,7,7,2.000,267.0,158.874,6.869,0.01188,0.00233,0.01668;0.01718;0.01543;0.01478;0.01328;0.01147;0.00891;0.00772;0.00614;0.00411,
line-b-r00275,line-b,line-b-e05,33.1996482,-116.1536178,180.0,line-b-e06,33.1998076,-116.1534282,180.0,line-b-e13,33.2009233,-116.1521011,180.0,line-b-e14,33.2010827,-116.1519115,180.0,2026-08-18T14:55:00Z,dipole-dipole,7,4,2.000,306.8,157.144,7.060,0.01401,0.00163,0.02236;0.02129;0.02026;0.01817;0.01692;0.01389;0.01111;0.01034;0.00698;0.00527,
line-b-r00276,line-b,line-b-e05,33.1996482,-116.1536178,180.0,line-b-e06,33.1998076,-116.1534282,180.0,line-b-e13,33.2009233,-116.1521011,180.0,line-b-e14,33.2010827,-116.1519115,180.0,2026-08-18T14:55:12Z,dipole-dipole,7,3,2.000,322.9,165.929,6.343,0.01431,0.00157,0.02050;0.02294;0.01908;0.01942;0.01488;0.01240;0.01143;0.00862;0.00750;0.00511,
line-b-r00277,line-b,line-b-e05,33.1996482,-116.1536178,180.0,line-b-e06,33.1998076,-116.1534282,180.0,line-b-e13,33.2009233,-116.1521011,180.0,line-b-e14,33.2010827,-116.1519115,180.0,2026-08-18T14:55:24Z,dipole-dipole,7,8,1.971,405.8,171.088,6.449,0.01422,0.00139,0.02574;0.02063;0.02064;0.01765;0.01614;0.01300;0.01066;0.00886;0.00703;0.00497,
line-b-r00278,line-b,line-b-e05,33.1996482,-116.1536178,180.0,line-b-e06,33.1998076,-116.1534282,180.0,line-b-e13,33.2009233,-116.1521011,180.0,line-b-e14,33.2010827,-116.1519115,180.0,2026-08-18T14:55:36Z,dipole-dipole,7,8,2.000,288.6,163.702,6.459,0.01433,0.00154,0.02483;0.02014;0.02058;0.01857;0.01387;0.01402;0.01131;0.00931;0.00686;0.00555,
line-b-r00279,line-b,line-b-e05,33.1996482,-116.1536178,180.0,line-b-e06,33.1998076,-116.1534282,180.0,line-b-e14,33.2010827,-116.1519115,180.0,line-b-e15,33.2012421,-116.1517219,180.0,2026-08-18T14:55:48Z,dipole-dipole,8,5,2.000,289.2,161.539,281.648,0.01537,0.00199,0.02550;0.02167;0.01990;0.01875;0.01561;0.01471;0.01240;0.00923;0.00726;0.00531,
line-b-r00280,line-b,line-b-e05,33.1996482,-116.1536178,180.0,line-b-e06,33.1998076,-116.1534282,180.0,line-b-e14,33.2010827,-116.1519115,180.0,line-b-e15,33.2012421,-116.1517219,180.0,2026-08-18T14:56:00Z,dipole-dipole,8,3,2.000,309.2,-126.233,5.221,0.02056,0.00142,0.03228;0.03176;0.02925;0.02469;0.02200;0.01944;0.01572;0.01251;0.01011;0.00698,
line-b-r00281,line-b,line-b-e05,33.1996482,-116.1536178,180.0,line-b-e06,33.1998076,-116.1534282,180.0,line-b-e14,33.2010827,-116.1519115,180.0,line-b-e15,33.2012421,-116.1517219,180.0,2026-08-18T14:56:12Z,dipole-dipole,8,4,2.000,225.4,150.367,6.231,0.01781,0.00166,0.02713;0.02680;0.02604;0.02074;0.01928;0.01654;0.01665;0.01031;0.00788;0.00619,
line-b-r00282,line-b,line-b-e05,33.1996482,-116.1536178,180.0,line-b-e06,33.1998076,-116.1534282,180.0,line-b-e14,33.2010827,-116.1519115,180.0,line-b-e15,33.2012421,-116.1517219,180.0,2026-08-18T14:56:24Z,dipole-dipole,8,3,2.000,326.9,142.166,4.237,0.01779,0.00185,0.02934;0.02789;0.02428;0.02194;0.01737;0.01843;0.01427;0.01132;0.00798;0.00621,
line-b-r00283,line-b,line-b-e05,33.1996482,-116.1536178,180.0,line-b-e06,33.1998076,-116.1534282,180.0,line-b-e14,33.2010827,-116.1519115,180.0,line-b-e15,33.2012421,-116.1517219,180.0,2026-08-18T14:56:36Z,dipole-dipole,8,6,2.000,320.1,149.960,7.661,0.01658,0.00124,0.02639;0.02506;0.01982;0.01883;0.01956;0.01561;0.01347;0.01083;0.00841;0.00641,
line-b-r00284,line-b,line-b-e05,33.1996482,-116.1536178,180.0,line-b-e06,33.1998076,-116.1534282,180.0,line-b-e14,33.2010827,-116.1519115,180.0,line-b-e15,33.2012421,-116.1517219,180.0,2026-08-18T14:56:48Z,dipole-dipole,8,3,2.000,258.5,146.335,8.406,0.01927,0.00144,0.03010;0.03120;0.02559;0.02531;0.02054;0.02168;0.01353;0.01165;0.00944;0.00612,
line-b-r00285,line-b,line-b-e05,33.1996482,-116.1536178,180.0,line-b-e06,33.1998076,-116.1534282,180.0,line-b-e14,33.2010827,-116.1519115,180.0,line-b-e15,33.2012421,-116.1517219,180.0,2026-08-18T14:57:00Z,dipole-dipole,8,3,2.000,279.1,151.956,5.954,0.01951,0.00178,0.03005;0.02962;0.02702;0.02320;0.02328;0.02075;0.01497;0.01241;0.00965;0.00648,
line-b-r00286,line-b,line-b-e05,33.1996482,-116.1536178,180.0,line-b-e06,33.1998076,-116.1534282,180.0,line-b-e14,33.2010827,-116.1519115,180.0,line-b-e15,33.2012421,-116.1517219,180.0,2026-08-18T14:57:12Z,dipole-dipole,8,4,2.000,248.0,156.263,5.309,0.01455,0.00158,0.02294;0.02208;0.02045;0.01864;0.01734;0.01423;0.01300;0.00942;0.00777;0.00480,
line-b-r00287,line-b,line-b-e06,33.1998076,-116.1534282,180.0,line-b-e07,33.1999670,-116.1532386,180.0,line-b-e08,33.2001264,-116.1530491,180.0,line-b-e09,33.2002858,-116.1528595,180.0,2026-08-18T14:57:24Z,dipole-dipole,1,3,1.926,415.4,208.894,8.346,0.00439,0.00107,0.00701;0.00602;0.00604;0.00597;0.00487;0.00465;0.00354;0.00287;0.00221;0.00147,
line-b-r00288,line-b,line-b-e06,33.1998076,-116.1534282,180.0,line-b-e07,33.1999670,-116.1532386,180.0,line-b-e08,33.2001264,-116.1530491,180.0,line-b-e09,33.2002858,-116.1528595,180.0,2026-08-18T14:57:36Z,dipole-dipole,1,8,2.000,378.5,206.928,8.233,0.00593,0.00099,0.00880;0.00713;0.00814;0.00813;0.00660;0.00576;0.00483;0.00349;0.00284;0.00204,
line-b-r00289,line-b,line-b-e06,33.1998076,-116.1534282,180.0,line-b-e07,33.1999670,-116.1532386,180.0,line-b-e08,33.2001264,-116.1530491,180.0,line-b-e09,33.2002858,-116.1528595,180.0,2026-08-18T14:57:48Z,dipole-dipole,1,6,1.643,486.9,214.309,6.656,0.00755,0.00108,0.01247;0.01320;0.01108;0.00910;0.00789;0.00762;0.00631;0.00481;0.00341;0.00271,
line-b-r00290,line-b,line-b-e06,33.1998076,-116.1534282,180.0,line-b-e07,33.1999670,-116.1532386,180.0,line-b-e08,33.2001264,-116.1530491,180.0,line-b-e09,33.2002858,-116.1528595,180.0,2026-08-18T14:58:00Z,dipole-dipole,1,5,1.774,450.9,215.238,4.603,0.00433,0.00080,0.00665;0.00656;0.00594;0.00561;0.00516;0.00454;0.00377;0.00273;0.00206;0.00170,
line-b-r00291,line-b,line-b-e06,33.1998076,-116.1534282,180.0,line-b-e07,33.1999670,-116.1532386,180.0,line-b-e08,33.2001264,-116.1530491,180.0,line-b-e09,33.2002858,-116.1528595,180.0,2026-08-18T14:58:12Z,dipole-dipole,1,7,2.000,398.9,212.212,7.725,0.00488,0.00115,0.00836;0.00662;0.00679;0.00611;0.00578;0.00469;0.00391;0.00297;0.00216;0.00179,
line-b-r00292,line-b,line-b-e06,33.1998076,-116.1534282,180.0,line-b-e07,33.1999670,-116.1532386,180.0,line-b-e08,33.2001264,-116.1530491,180.0,line-b-e09,33.2002858,-116.1528595,180.0,2026-08-18T14:58:24Z,dipole-dipole,1,6,1.884,424.6,217.376,6.890,0.00409,0.00074,0.00617;0.00663;0.00585;0.00474;0.00429;0.00398;0.00360;0.00254;0.00219;0.00141,
line-b-r00293,line-b,line-b-e06,33.1998076,-116.1534282,180.0,line-b-e07,33.1999670,-116.1532386,180.0,line-b-e08,33.2001264,-116.1530491,180.0,line-b-e09,33.2002858,-116.1528595,180.0,2026-08-18T14:58:36Z,dipole-dipole,1,7,2.000,320.5,196.885,7.096,0.00529,0.00122,0.00786;0.00771;0.00716;0.00712;0.00537;0.00496;0.00450;0.00322;0.00248;0.00184,
line-b-r00294,line-b,line-b-e06,33.1998076,-116.1534282,180.0,line-b-e07,33.1999670,-116.1532386,180.0,line-b-e09,33.2002858,-116.1528595,180.0,line-b-e10,33.2004452,-116.1526699,180.0,2026-08-18T14:58:48Z,dipole-dipole,2,5,2.000,373.3,217.268,7.526,0.00376,0.00120,0.00631;0.00557;0.00490;0.00462;0.00475;0.00337;0.00314;0.00235;0.00187;0.00143,
line-b-r00295,line-b,line-b-e06,33.1998076,-116.1534282,180.0,line-b-e07,33.1999670,-116.1532386,180.0,line-b-e09,33.2002858,-116.1528595,180.0,line-b-e10,33.2004452,-116.1526699,180.0,2026-08-18T14:59:00Z,dipole-dipole,2,4,2.000,380.3,186.386,7.562,0.00349,0.00110,0.00565;0.00537;0.00455;0.00434;0.00357;0.00369;0.00293;0.00227;0.00151;0.00127,
line-b-r00296,line-b,line-b-e06,33.1998076,-116.1534282,180.0,line-b-e07,33.1999670,-116.1532386,180.0,line-b-e09,33.2002858,-116.1528595,180.0,line-b-e10,33.2004452,-116.1526699,180.0,2026-08-18T14:59:12Z,dipole-dipole,2,8,2.000,314.2,208.205,6.710,0.00508,0.00083,0.00828;0.00817;0.00644;0.00648;0.00554;0.00531;0.00392;0.00315;0.00249;0.00177,
line-b-r00297,line-b,line-b-e06,33.1998076,-116.1534282,180.0,line-b-e07,33.1999670,-116.1532386,180.0,line-b-e09,33.2002858,-116.1528595,180.0,line-b-e10,33.2004452,-116.1526699,180.0,2026-08-18T14:59:24Z,dipole-dipole,2,4,1.792,446.5,185.073,7.105,0.00538,0.00088,0.00931;0.00748;0.00744;0.00674;0.00570;0.00516;0.00466;0.00337;0.00281;0.00202,
line-b-r00298,line-b,line-b-e06,33.1998076,-116.1534282,180.0,line-b-e07,33.1999670,-116.1532386,180.0,line-b-e09,33.2002858,-116.1528595,180.0,line-b-e10,33.2004452,-116.1526699,180.0,2026-08-18T14:59:36Z,dipole-dipole,2,5,2.000,396.4,207.697,7.843,0.00410,0.00093,0.00693;0.00603;0.00593;0.00478;0.00456;0.00399;0.00353;0.00256;0.00202;0.00151,
line-b-r00299,line-b,line-b-e06,33.1998076,-116.1534282,180.0,line-b-e07,33.1999670,-116.1532386,180.0,line-b-e09,33.2002858,-116.1528595,180.0,line-b-e10,33.2004452,-116.1526699,180.0,2026-08-18T14:59:48Z,dipole-dipole,2,6,1.595,501.4,194.581,10.194,0.00484,0.00116,0.00729;0.00758;0.00710;0.00558;0.00549;0.00433;0.00372;0.00308;0.00234;0.00160,
line-b-r00300,line-b,line-b-e06,33.1998076,-116.1534282,180.0,line-b-e07,33.1999670,-116.1532386,180.0,line-b-e10,33.2004452,-116.1526699,180.0,line-b-e11,33.2006046,-116.1524803,180.0,2026-08-18T15:00:00Z,dipole-dipole,3,7,2.000,371.2,204.869,10.033,0.00801,0.00111,0.01220;0.01068;0.01021;0.01045;0.00916;0.00777;0.00614;0.00513;0.00389;0.00292,
line-b-r00301,line-b,line-b-e06,33.1998076,-116.1534282,180.0,line-b-e07,33.1999670,-116.1532386,180.0,line-b-e10,33.2004452,-116.1526699,180.0,line-b-e11,33.2006046,-116.1524803,180.0,2026-08-18T15:00:12Z,dipole-dipole,3,6,2.000,298.2,206.526,6.831,0.00553,0.00101,0.00959;0.00786;0.00680;0.00712;0.00597;0.00459;0.00450;0.00350;0.00263;0.00184,
line-b-r00302,line-b,line-b-e06,33.1998076,-116.1534282,180.0,line-b-e07,33.1999670,-116.1532386,180.0,line-b-e10,33.2004452,-116.1526699,180.0,line-b-e11,33.2006046,-116.1524803,180.0,2026-08-18T15:00:24Z,dipole-dipole,3,3,2.000,311.9,200.368,6.047,0.00554,0.00104,0.00876;0.00900;0.00862;0.00681;0.00583;0.00498;0.00444;0.00354;0.00251;0.00177,
line-b-r00303,line-b,line-b-e06,33.1998076,-116.1534282,180.0,line-b-e07,33.1999670,-116.1532386,180.0,line-b-e10,33.2004452,-116.1526699,180.0,line-b-e11,33.2006046,-116.1524803,180.0,2026-08-18T15:00:36Z,dipole-dipole,3,8,2.000,360.0,207.343,6.178,0.00401,0.00103,0.00609;0.00553;0.00466;0.00500;0.00434;0.00414;0.00349;0.00256;0.00201;0.00138,
line-b-r00304,line-b,line-b-e06,33.1998076,-116.1534282,180.0,line-b-e07,33.1999670,-116.1532386,180.0,line-b-e10,33.2004452,-116.1526699,180.0,line-b-e11,33.2006046,-116.1524803,180.0,2026-08-18T15:00:48Z,dipole-dipole,3,8,2.000,387.4,188.547,5.688,0.00528,0.01169,0.00986;0.00803;0.00713;0.00623;0.00586;0.00529;0.00413;0.00361;0.00253;0.00203,
line-b-r00305,line-b,line-b-e06,33.1998076,-116.1534282,180.0,line-b-e07,33.1999670,-116.1532386,180.0,line-b-e10,33.2004452,-116.1526699,180.0,line-b-e11,33.2006046,-116.1524803,180.0,2026-08-18T15:01:00Z,dipole-dipole,3,7,2.000,333.1,196.446,6.677,0.00496,0.00074,0.00721;0.00761;0.00730;0.00636;0.00584;0.00447;0.00403;0.00305;0.00246;0.00200,
line-b-r00306,line-b,line-b-e06,33.1998076,-116.1534282,180.0,line-b-e07,33.1999670,-116.1532386,180.0,line-b-e11,33.2006046,-116.1524803,180.0,line-b-e12,33.2007639,-116.1522907,180.0,2026-08-18T15:01:12Z,dipole-dipole,4,8,2.000,348.1,188.393,7.784,0.00529,0.00120,0.00867;0.00748;0.00689;0.00687;0.00562;0.00499;0.00437;0.00329;0.00238;0.00163,
line-b-r00307,line-b,line-b-e06,33.1998076,-116.1534282,180.0,line-b-e07,33.1999670,-116.1532386,180.0,line-b-e11,33.2006046,-116.1524803,180.0,line-b-e12,33.2007639,-116.1522907,180.0,2026-08-18T15:01:24Z,dipole-dipole,4,8,1.846,433.4,195.977,6.793,0.00649,0.00163,0.01018;0.00825;0.00864;0.00778;0.00734;0.00559;0.00547;0.00424;0.00304;0.00217,
line-b-r00308,line-b,line-b-e06,33.1998076,-116.1534282,180.0,line-b-e07,33.1999670,-116.1532386,180.0,line-b-e11,33.2006046,-116.1524803,180.0,line-b-e12,33.2007639,-116.1522907,180.0,2026-08-18T15:01:36Z,dipole-dipole,4,4,1.236,647.1,198.290,7.064,0.00494,0.00109,0.00806;0.00835;0.00684;0.00634;0.00543;0.00477;0.00409;0.00297;0.00261;0.00189,
line-b-r00309,line-b,line-b-e06,33.1998076,-116.1534282,180.0,line-b-e07,33.1999670,-116.1532386,180.0,line-b-e11,33.2006046,-116.1524803,180.0,line-b-e12,33.2007639,-116.1522907,180.0,2026-08-18T15:01:48Z,dipole-dipole,4,4,2.000,355.2,190.713,8.508,0.00895,0.00113,0.01399;0.01466;0.01223;0.01145;0.00845;0.01013;0.00679;0.00568;0.00458;0.00300,
line-b-r00310,line-b,line-b-e06,33.1998076,-116.1534282,180.0,line-b-e07,33.1999670,-116.1532386,180.0,line-b-e11,33.2006046,-116.1524803,180.0,line-b-e12,33.2007639,-116.1522907,180.0,2026-08-18T15:02:00Z,dipole-dipole,4,3,1.816,440.5,191.136,6.602,0.00694,0.00103,0.01164;0.01007;0.00946;0.00855;0.00742;0.00631;0.00622;0.00426;0.00365;0.00253,
line-b-r00311,line-b,line-b-e06,33.1998076,-116.1534282,180.0,line-b-e07,33.1999670,-116.1532386,180.0,line-b-e11,33.2006046,-116.1524803,180.0,line-b-e12,33.2007639,-116.1522907,180.0,2026-08-18T15:02:12Z,dipole-dipole,4,7,1.933,413.8,202.160,6.776,0.00850,0.00130,0.01306;0.01362;0.01177;0.01019;0.00957;0.00838;0.00651;0.00567;0.00396;0.00329,
line-b-r00312,line-b,line-b-e06,33.1998076,-116.1534282,180.0,line-b-e07,33.1999670,-116.1532386,180.0,line-b-e11,33.2006046,-116.1524803,180.0,line-b-e12,33.2007639,-116.1522907,180.0,2026-08-18T15:02:24Z,dipole-dipole,4,5,1.954,409.4,169.109,6.442,0.00626,0.00102,0.00960;0.00872;0.00773;0.00773;0.00756;0.00622;0.00477;0.00399;0.00303;0.00234,
line-b-r00313,line-b,line-b-e06,33.1998076,-116.1534282,180.0,line-b-e07,33.1999670,-116.1532386,180.0,line-b-e12,33.2007639,-116.1522907,180.0,line-b-e13,33.2009233,-116.1521011,180.0,2026-08-18T15:02:36Z,dipole-dipole,5,7,1.558,513.6,185.191,502.587,0.01144,0.00075,0.01691;0.01611;0.01509;0.01485;0.01151;0.01050;0.00914;0.00719;0.00557;0.00415,
line-b-r00314,line-b,line-b-e06,33.1998076,-116.1534282,180.0,line-b-e07,33.1999670,-116.1532386,180.0,line-b-e12,33.2007639,-116.1522907,180.0,line-b-e13,33.2009233,-116.1521011,180.0,2026-08-18T15:02:48Z,dipole-dipole,5,3,2.000,381.3,174.923,8.550,0.00794,0.00102,0.01282;0.01241;0.01124;0.01002;0.00885;0.00715;0.00735;0.00486;0.00367;0.00256,
line-b-r00315,line-b,line-b-e06,33.1998076,-116.1534282,180.0,line-b-e07,33.1999670,-116.1532386,180.0,line-b-e12,33.2007639,-116.1522907,180.0,line-b-e13,33.2009233,-116.1521011,180.0,2026-08-18T15:03:00Z,dipole-dipole,5,8,1.998,400.4,176.046,8.232,0.00971,0.00145,0.01490;0.01587;0.01360;0.01195;0.01055;0.00987;0.00751;0.00655;0.00478;0.00330,
line-b-r00316,line-b,line-b-e06,33.1998076,-116.1534282,180.0,line-b-e07,33.1999670,-116.1532386,180.0,line-b-e12,33.2007639,-116.1522907,180.0,line-b-e13,33.2009233,-116.1521011,180.0,2026-08-18T15:03:12Z,dipole-dipole,5,5,1.939,412.5,185.448,8.261,0.00910,0.00105,0.01375;0.01334;0.01257;0.01195;0.00984;0.00789;0.00635;0.00632;0.00454;0.00328,
line-b-r00317,line-b,line-b-e06,33.1998076,-116.1534282,180.0,line-b-e07,33.1999670,-116.1532386,180.0,line-b-e12,33.2007639,-116.1522907,180.0,line-b-e13,33.2009233,-116.1521011,180.0,2026-08-18T15:03:24Z,dipole-dipole,5,8,1.794,445.9,181.664,6.473,0.00832,0.00107,0.01325;0.01229;0.01201;0.00989;0.00951;0.00757;0.00649;0.00551;0.00402;0.00283,
line-b-r00318,line-b,line-b-e06,33.1998076,-116.1534282,180.0,line-b-e07,33.1999670,-116.1532386,180.0,line-b-e12,33.2007639,-116.1522907,180.0,line-b-e13,33.2009233,-116.1521011,180.0,2026-08-18T15:03:36Z,dipole-dipole,5,8,1.936,413.3,184.666,6.739,0.00782,0.00161,0.01310;0.01190;0.01125;0.00989;0.00858;0.00678;0.00610;0.00485;0.00390;0.00284,
line-b-r00319,line-b,line-b-e06,33.1998076,-116.1534282,180.0,line-b-e07,33.1999670,-116.1532386,180.0,line-b-e12,33.2007639,-116.1522907,180.0,line-b-e13,33.2009233,-116.1521011,180.0,2026-08-18T15:03:48Z,dipole-dipole,5,3,1.873,427.1,185.593,6.694,0.01096,0.00144,0.00380;0.00532;0.00710;0.00901;0.01017;0.01260;0.01261;0.01350;0.01695;0.01737,
line-b-r00320,line-b,line-b-e06,33.1998076,-116.1534282,180.0,line-b-e07,33.1999670,-116.1532386,180.0,line-b-e12,33.2007639,-116.1522907,180.0,line-b-e13,33.2009233,-116.1521011,180.0,2026-08-18T15:04:00Z,dipole-dipole,5,3,1.881,425.2,180.906,5.758,0.00767,0.00140,0.01144;0.01019;0.00979;0.00917;0.00883;0.00714;0.00611;0.00503;0.00349;0.00274,
line-b-r00321,line-b,line-b-e06,33.1998076,-116.1534282,180.0,line-b-e07,33.1999670,-116.1532386,180.0,line-b-e13,33.2009233,-116.1521011,180.0,line-b-e14,33.2010827,-116.1519115,180.0,2026-08-18T15:04:12Z,dipole-dipole,6,8,1.633,490.0,169.534,6.861,0.01253,0.00129,0.02014;0.01896;0.01794;0.01594;0.01398;0.01228;0.00963;0.00734;0.00701;0.00457,
line-b-r00322,line-b,line-b-e06,33.1998076,-116.1534282,180.0,line-b-e07,33.1999670,-116.1532386,180.0,line-b-e13,33.2009233,-116.1521011,180.0,line-b-e14,33.2010827,-116.1519115,180.0,2026-08-18T15:04:24Z,dipole-dipole,6,7,1.566,510.9,176.677,6.508,0.01061,0.00139,0.01626;0.01725;0.01483;0.01288;0.01149;0.00909;0.00808;0.00650;0.00508;0.00366,
line-b-r00323,line-b,line-b-e06,33.1998076,-116.1534282,180.0,line-b-e07,33.1999670,-116.1532386,180.0,line-b-e13,33.2009233,-116.1521011,180.0,line-b-e14,33.2010827,-116.1519115,180.0,2026-08-18T15:04:36Z,dipole-dipole,6,3,1.934,413.6,174.354,6.924,0.01225,0.00124,0.02192;0.01849;0.01623;0.01543;0.01268;0.01085;0.00982;0.00731;0.00559;0.00416,
line-b-r00324,line-b,line-b-e06,33.1998076,-116.1534282,180.0,line-b-e07,33.1999670,-116.1532386,180.0,line-b-e13,33.2009233,-116.1521011,180.0,line-b-e14,33.2010827,-116.1519115,180.0,2026-08-18T15:04:48Z,dipole-dipole,6,5,1.965,407.1,154.760,7.063,0.01289,0.00128,0.01941;0.01780;0.01878;0.01608;0.01582;0.01247;0.01065;0.00732;0.00662;0.00427,
line-b-r00325,line-b,line-b-e06,33.1998076,-116.1534282,180.0,line-b-e07,33.1999670,-116.1532386,180.0,line-b-e13,33.2009233,-116.1521011,180.0,line-b-e14,33.2010827,-116.1519115,180.0,2026-08-18T15:05:00Z,dipole-dipole,6,6,1.933,413.8,174.054,6.599,0.01213,0.00141,0.01785;0.01725;0.01662;0.01451;0.01435;0.01000;0.00947;0.00793;0.00589;0.00442,
line-b-r00326,line-b,line-b-e06,33.1998076,-116.1534282,180.0,line-b-e07,33.1999670,-116.1532386,180.0,line-b-e13,33.2009233,-116.1521011,180.0,line-b-e14,33.2010827,-116.1519115,180.0,2026-08-18T15:05:12Z,dipole-dipole,6,3,2.000,357.6,166.248,6.343,0.01048,0.00141,0.01594;0.01587;0.01352;0.01151;0.01179;0.01048;0.00814;0.00665;0.00529;0.00375,
line-b-r00327,line-b,line-b-e06,33.1998076,-116.1534282,180.0,line-b-e07,33.1999670,-116.1532386,180.0,line-b-e14,33.2010827,-116.1519115,180.0,line-b-e15,33.2012421,-116.1517219,180.0,2026-08-18T15:05:24Z,dipole-dipole,7,6,1.854,431.5,153.988,6.752,0.01778,0.00158,0.03035;0.02933;0.02515;0.02334;0.01982;0.01597;0.01324;0.01164;0.00821;0.00586,
line-b-r00328,line-b,line-b-e06,33.1998076,-116.1534282,180.0,line-b-e07,33.1999670,-116.1532386,180.0,line-b-e14,33.2010827,-116.1519115,180.0,line-b-e15,33.2012421,-116.1517219,180.0,2026-08-18T15:05:36Z,dipole-dipole,7,7,1.609,497.1,155.664,6.276,0.01916,0.00187,0.02982;0.02881;0.02778;0.02531;0.02182;0.02034;0.01551;0.01213;0.00998;0.00644,
line-b-r00329,line-b,line-b-e06,33.1998076,-116.1534282,180.0,line-b-e07,33.1999670,-116.1532386,180.0,line-b-e14,33.2010827,-116.1519115,180.0,line-b-e15,33.2012421,-116.1517219,180.0,2026-08-18T15:05:48Z,dipole-dipole,7,5,2.000,347.7,162.159,5.087,0.01352,0.00203,0.02010;0.01976;0.01684;0.01635;0.01512;0.01247;0.01070;0.00745;0.00695;0.00455,
line-b-r00330,line-b,line-b-e06,33.1998076,-116.1534282,180.0,line-b-e07,33.1999670,-116.1532386,180.0,line-b-e14,33.2010827,-116.1519115,180.0,line-b-e15,33.2012421,-116.1517219,180.0,2026-08-18T15:06:00Z,dipole-dipole,7,8,1.887,423.9,148.233,6.373,0.01467,0.00129,0.02442;0.02176;0.01948;0.01885;0.01772;0.01251;0.01205;0.00940;0.00724;0.00513,
line-b-r00331,line-b,line-b-e06,33.1998076,-116.1534282,180.0,line-b-e07,33.1999670,-116.1532386,180.0,line-b-e14,33.2010827,-116.1519115,180.0,line-b-e15,33.2012421,-116.1517219,180.0,2026-08-18T15:06:12Z,dipole-dipole,7,3,1.809,442.2,154.693,6.931,0.01601,0.00149,0.02661;0.02530;0.02117;0.01743;0.01830;0.01595;0.01238;0.00952;0.00829;0.00569,
line-b-r00332,line-b,line-b-e06,33.1998076,-116.1534282,180.0,line-b-e07,33.1999670,-116.1532386,180.0,line-b-e14,33.2010827,-116.1519115,180.0,line-b-e15,33.2012421,-116.1517219,180.0,2026-08-18T15:06:24Z,dipole-dipole,7,4,1.844,433.8,149.438,4.463,0.01337,0.00130,0.02100;0.02001;0.01775;0.01723;0.01452;0.01231;0.01150;0.00919;0.00759;0.00485,
line-b-r00333,line-b,line-b-e06,33.1998076,-116.1534282,180.0,line-b-e07,33.1999670,-116.1532386,180.0,line-b-e14,33.2010827,-116.1519115,180.0,line-b-e15,33.2012421,-116.1517219,180.0,2026-08-18T15:06:36Z,dipole-dipole,7,5,2.000,392.7,152.576,7.383,0.01790,0.00159,0.03142;0.02498;0.02354;0.02182;0.02000;0.01753;0.01462;0.01107;0.00855;0.00681,
line-b-r00334,line-b,line-b-e06,33.1998076,-116.1534282,180.0,line-b-e07,33.1999670,-116.1532386,180.0,line-b-e14,33.2010827,-116.1519115,180.0,line-b-e15,33.2012421,-116.1517219,180.0,2026-08-18T15:06:48Z,dipole-dipole,7,6,2.000,389.4,142.510,5.776,0.01441,0.00131,0.02281;0.02348;0.01839;0.01751;0.01486;0.01387;0.01058;0.00963;0.00743;0.00500,
line-b-r00335,line-b,line-b-e06,33.1998076,-116.1534282,180.0,line-b-e07,33.1999670,-116.1532386,180.0,line-b-e15,33.2012421,-116.1517219,180.0,line-b-e16,33.2014015,-116.1515324,180.0,2026-08-18T15:07:00Z,dipole-dipole,8,4,1.807,442.7,138.695,5.344,0.01723,0.00166,0.02357;0.02512;0.02302;0.02231;0.01723;0.01708;0.01527;0.01139;0.00805;0.00615,
line-b-r00336,line-b,line-b-e06,33.1998076,-116.1534282,180.0,line-b-e07,33.1999670,-116.1532386,180.0,line-b-e15,33.2012421,-116.1517219,180.0,line-b-e16,33.2014015,-116.1515324,180.0,2026-08-18T15:07:12Z,dipole-dipole,8,4,1.584,505.1,144.099,4.988,0.02140,0.00147,0.03427;0.03272;0.02591;0.02725;0.02321;0.01987;0.01810;0.01409;0.01150;0.00735,
line-b-r00337,line-b,line-b-e06,33.1998076,-116.1534282,180.0,line-b-e07,33.1999670,-116.1532386,180.0,line-b-e15,33.2012421,-116.1517219,180.0,line-b-e16,33.2014015,-116.1515324,180.0,2026-08-18T15:07:24Z,dipole-dipole,8,8,1.713,466.9,135.317,4.302,0.02027,0.00166,0.03299;0.03124;0.02907;0.02528;0.02307;0.01712;0.01560;0.01320;0.00971;0.00686,
line-b-r00338,line-b,line-b-e06,33.1998076,-116.1534282,180.0,line-b-e07,33.1999670,-116.1532386,180.0,line-b-e15,33.2012421,-116.1517219,180.0,line-b-e16,33.2014015,-116.1515324,180.0,2026-08-18T15:07:36Z,dipole-dipole,8,6,2.000,389.6,137.462,5.640,0.02075,0.00205,0.03646;0.03019;0.03049;0.02265;0.02357;0.01914;0.01599;0.01373;0.01006;0.00733,
line-b-r00339,line-b,line-b-e06,33.1998076,-116.1534282,180.0,line-b-e07,33.1999670,-116.1532386,180.0,line-b-e15,33.2012421,-116.1517219,180.0,line-b-e16,33.2014015,-116.1515324,180.0,2026-08-18T15:07:48Z,dipole-dipole,8,6,1.591,502.7,141.240,6.865,0.01755,0.00202,0.02679;0.02652;0.02376;0.02057;0.01984;0.01605;0.01526;0.00977;0.01004;0.00733,
line-b-r00340,line-b,line-b-e06,33.1998076,-116.1534282,180.0,line-b-e07,33.1999670,-116.1532386,180.0,line-b-e15,33.2012421,-116.1517219,180.0,line-b-e16,33.2014015,-116.1515324,180.0,2026-08-18T15:08:00Z,dipole-dipole,8,8,2.000,323.7,137.378,5.997,0.01913,0.00187,0.03062;0.02725;0.02595;0.02337;0.01982;0.01747;0.01667;0.01124;0.00965;0.00697,
line-b-r00341,line-b,line-b-e06,33.1998076,-116.1534282,180.0,line-b-e07,33.1999670,-116.1532386,180.0,line-b-e15,33.2012421,-116.1517219,180.0,line-b-e16,33.2014015,-116.1515324,180.0,2026-08-18T15:08:12Z,dipole-dipole,8,5,1.747,457.8,140.931,7.162,0.02032,0.00167,0.03740;0.03043;0.02879;0.02701;0.02285;0.01799;0.01615;0.01286;0.00965;0.00762,
line-b-r00342,line-b,line-b-e07,33.1999670,-116.1532386,180.0,line-b-e08,33.2001264,-116.1530491,180.0,line-b-e09,33.2002858,-116.1528595,180.0,line-b-e10,33.2004452,-116.1526699,180.0,2026-08-18T15:08:24Z,dipole-dipole,1,5,1.739,460.1,209.625,6.159,0.00403,0.00153,0.00543;0.00691;0.00598;0.00543;0.00463;0.00420;0.00328;0.00257;0.00195;0.00145,
line-b-r00343,line-b,line-b-e07,33.1999670,-116.1532386,180.0,line-b-e08,33.2001264,-116.1530491,180.0,line-b-e09,33.2002858,-116.1528595,180.0,line-b-e10,33.2004452,-116.1526699,180.0,2026-08-18T15:08:36Z,dipole-dipole,1,4,1.826,438.1,211.948,8.247,0.00461,0.00115,0.00779;0.00734;0.00580;0.00564;0.00548;0.00459;0.00359;0.00292;0.00236;0.00150,
line-b-r00344,line-b,line-b-e07,33.1999670,-116.1532386,180.0,line-b-e08,33.2001264,-116.1530491,180.0,line-b-e09,33.2002858,-116.1528595,180.0,line-b-e10,33.2004452,-116.1526699,180.0,2026-08-18T15:08:48Z,dipole-dipole,1,3,1.801,444.1,212.618,7.980,0.00673,0.00092,0.01063;0.00911;0.00897;0.00809;0.00753;0.00620;0.00488;0.00402;0.00313;0.00233,
line-b-r00345,line-b,line-b-e07,33.1999670,-116.1532386,180.0,line-b-e08,33.2001264,-116.1530491,180.0,line-b-e09,33.2002858,-116.1528595,180.0,line-b-e10,33.2004452,-116.1526699,180.0,2026-08-18T15:09:00Z,dipole-dipole,1,4,1.950,410.3,209.432,6.910,0.00589,0.00105,0.00902;0.00909;0.00780;0.00811;0.00600;0.00542;0.00467;0.00374;0.00273;0.00213,
line-b-r00346,line-b,line-b-e07,33.1999670,-116.1532386,180.0,line-b-e08,33.2001264,-116.1530491,180.0,line-b-e09,33.2002858,-116.1528595,180.0,line-b-e10,33.2004452,-116.1526699,180.0,2026-08-18T15:09:12Z,dipole-dipole,1,4,2.000,359.5,211.290,7.639,0.00574,0.00113,0.00848;0.00864;0.00826;0.00732;0.00627;0.00540;0.00451;0.00353;0.00294;0.00242,
line-b-r00347,line-b,line-b-e07,33.1999670,-116.1532386,180.0,line-b-e08,33.2001264,-116.1530491,180.0,line-b-e09,33.2002858,-116.1528595,180.0,line-b-e10,33.2004452,-116.1526699,180.0,2026-08-18T15:09:24Z,dipole-dipole,1,6,1.999,400.2,203.565,8.670,0.00452,0.00101,0.00676;0.00748;0.00656;0.00533;0.00540;0.00405;0.00329;0.00275;0.00222;0.00153,
line-b-r00348,line-b,line-b-e07,33.1999670,-116.1532386,180.0,line-b-e08,33.2001264,-116.1530491,180.0,line-b-e09,33.2002858,-116.1528595,180.0,line-b-e10,33.2004452,-116.1526699,180.0,2026-08-18T15:09:36Z,dipole-dipole,1,4,1.893,422.5,204.417,7.968,0.00654,0.00111,0.01034;0.00901;0.00944;0.00838;0.00737;0.00575;0.00480;0.00440;0.00316;0.00209,
line-b-r00349,line-b,line-b-e07,33.1999670,-116.1532386,180.0,line-b-e08,33.2001264,-116.1530491,180.0,line-b-e09,33.2002858,-116.1528595,180.0,line-b-e10,33.2004452,-116.1526699,180.0,2026-08-18T15:09:48Z,dipole-dipole,1,8,1.719,465.3,208.153,6.039,0.00463,0.00131,0.00746;0.00738;0.00585;0.00542;0.00516;0.00449;0.00390;0.00313;0.00214;0.00152,
line-b-r00350,line-b,line-b-e07,33.1999670,-116.1532386,180.0,line-b-e08,33.2001264,-116.1530491,180.0,line-b-e10,33.2004452,-116.1526699,180.0,line-b-e11,33.2006046,-116.1524803,180.0,2026-08-18T15:10:00Z,dipole-dipole,2,4,2.000,367.8,214.501,8.683,0.00358,0.00087,0.00575;0.00500;0.00456;0.00433;0.00369;0.00331;0.00292;0.00218;0.00169;0.00118,
line-b-r00351,line-b,line-b-e07,33.1999670,-116.1532386,180.0,line-b-e08,33.2001264,-116.1530491,180.0,line-b-e10,33.2004452,-116.1526699,180.0,line-b-e11,33.2006046,-116.1524803,180.0,2026-08-18T15:10:12Z,dipole-dipole,2,5,1.616,495.2,214.501,8.544,0.00358,0.00080,0.00575;0.00500;0.00456;0.00433;0.00369;0.00331;0.00292;0.00218;0.00169;0.00118,
line-b-r00352,line-b,line-b-e07,33.1999670,-116.1532386,180.0,line-b-e08,33.2001264,-116.1530491,180.0,line-b-e10,33.2004452,-116.1526699,180.0,line-b-e11,33.2006046,-116.1524803,180.0,2026-08-18T15:10:24Z,dipole-dipole,2,8,2.000,386.5,214.501,6.990,0.00358,0.00095,0.00575;0.00500;0.00456;0.00433;0.00369;0.00331;0.00292;0.00218;0.00169;0.00118,
line-b-r00353,line-b,line-b-e07,33.1999670,-116.1532386,180.0,line-b-e08,33.2001264,-116.1530491,180.0,line-b-e10,33.2004452,-116.1526699,180.0,line-b-e11,33.2006046,-116.1524803,180.0,2026-08-18T15:10:36Z,dipole-dipole,2,8,2.000,371.0,214.501,7.179,0.00358,0.00096,0.00575;0.00500;0.00456;0.00433;0.00369;0.00331;0.00292;0.00218;0.00169;0.00118,
line-b-r00354,line-b,line-b-e07,33.1999670,-116.1532386,180.0,line-b-e08,33.2001264,-116.1530491,180.0,line-b-e10,33.2004452,-116.1526699,180.0,line-b-e11,33.2006046,-116.1524803,180.0,2026-08-18T15:10:48Z,dipole-dipole,2,3,1.619,494.3,214.501,7.899,0.00358,0.00092,0.00575;0.00500;0.00456;0.00433;0.00369;0.00331;0.00292;0.00218;0.00169;0.00118,
line-b-r00355,line-b,line-b-e07,33.1999670,-116.1532386,180.0,line-b-e08,33.2001264,-116.1530491,180.0,line-b-e10,33.2004452,-116.1526699,180.0,line-b-e11,33.2006046,-116.1524803,180.0,2026-08-18T15:11:00Z,dipole-dipole,2,6,2.000,399.3,214.501,8.304,0.00358,0.00083,0.00575;0.00500;0.00456;0.00433;0.00369;0.00331;0.00292;0.00218;0.00169;0.00118,
line-b-r00356,line-b,line-b-e07,33.1999670,-116.1532386,180.0,line-b-e08,33.2001264,-116.1530491,180.0,line-b-e10,33.2004452,-116.1526699,180.0,line-b-e11,33.2006046,-116.1524803,180.0,2026-08-18T15:11:12Z,dipole-dipole,2,5,2.000,292.5,214.501,5.998,0.00358,0.00096,0.00575;0.00500;0.00456;0.00433;0.00369;0.00331;0.00292;0.00218;0.00169;0.00118,
line-b-r00357,line-b,line-b-e07,33.1999670,-116.1532386,180.0,line-b-e08,33.2001264,-116.1530491,180.0,line-b-e10,33.2004452,-116.1526699,180.0,line-b-e11,33.2006046,-116.1524803,180.0,2026-08-18T15:11:24Z,dipole-dipole,2,6,2.000,357.3,214.501,8.367,0.00358,0.00112,0.00575;0.00500;0.00456;0.00433;0.00369;0.00331;0.00292;0.00218;0.00169;0.00118,
line-b-r00358,line-b,line-b-e07,33.1999670,-116.1532386,180.0,line-b-e08,33.2001264,-116.1530491,180.0,line-b-e11,33.2006046,-116.1524803,180.0,line-b-e12,33.2007639,-116.1522907,180.0,2026-08-18T15:11:36Z,dipole-dipole,3,4,2.000,357.8,194.127,7.814,0.00457,0.00154,0.00675;0.00784;0.00602;0.00532;0.00487;0.00416;0.00360;0.00290;0.00198;0.00153,
line-b-r00359,line-b,line-b-e07,33.1999670,-116.1532386,180.0,line-b-e08,33.2001264,-116.1530491,180.0,line-b-e11,33.2006046,-116.1524803,180.0,line-b-e12,33.2007639,-116.1522907,180.0,2026-08-18T15:11:48Z,dipole-dipole,3,3,2.000,348.6,191.961,8.081,0.00523,0.00100,0.00905;0.00795;0.00726;0.00642;0.00508;0.00508;0.00417;0.00350;0.00247;0.00170,
line-b-r00360,line-b,line-b-e07,33.1999670,-116.1532386,180.0,line-b-e08,33.2001264,-116.1530491,180.0,line-b-e11,33.2006046,-116.1524803,180.0,line-b-e12,33.2007639,-116.1522907,180.0,2026-08-18T15:12:00Z,dipole-dipole,3,8,2.000,318.3,207.416,7.251,0.00550,0.00135,0.00813;0.00752;0.00837;0.00635;0.00617;0.00487;0.00496;0.00339;0.00276;0.00198,
line-b-r00361,line-b,line-b-e07,33.1999670,-116.1532386,180.0,line-b-e08,33.2001264,-116.1530491,180.0,line-b-e11,33.2006046,-116.1524803,180.0,line-b-e12,33.2007639,-116.1522907,180.0,2026-08-18T15:12:12Z,dipole-dipole,3,6,2.000,391.6,182.932,6.113,0.00525,0.00102,0.00759;0.00748;0.00791;0.00674;0.00611;0.00482;0.00429;0.00333;0.00235;0.00197,
line-b-r00362,line-b,line-b-e07,33.1999670,-116.1532386,180.0,line-b-e08,33.2001264,-116.1530491,180.0,line-b-e11,33.2006046,-116.1524803,180.0,line-b-e12,33.2007639,-116.1522907,180.0,2026-08-18T15:12:24Z,dipole-dipole,3,4,2.000,370.5,195.019,6.611,0.00639,0.00085,0.00969;0.00963;0.00834;0.00879;0.00640;0.00616;0.00538;0.00455;0.00316;0.00240,
line-b-r00363,line-b,line-b-e07,33.1999670,-116.1532386,180.0,line-b-e08,33.2001264,-116.1530491,180.0,line-b-e11,33.2006046,-116.1524803,180.0,line-b-e12,33.2007639,-116.1522907,180.0,2026-08-18T15:12:36Z,dipole-dipole,3,5,2.000,320.8,183.366,6.657,0.00390,0.00112,0.00632;0.00562;0.00559;0.00462;0.00415;0.00350;0.00294;0.00238;0.00201;0.00145,
line-b-r00364,line-b,line-b-e07,33.1999670,-116.1532386,180.0,line-b-e08,33.2001264,-116.1530491,180.0,line-b-e12,33.2007639,-116.1522907,180.0,line-b-e13,33.2009233,-116.1521011,180.0,2026-08-18T15:12:48Z,dipole-dipole,4,4,2.000,375.7,198.150,8.885,0.00794,0.00149,0.01336;0.01047;0.01073;0.00952;0.00817;0.00749;0.00610;0.00485;0.00415;0.00282,
line-b-r00365,line-b,line-b-e07,33.1999670,-116.1532386,180.0,line-b-e08,33.2001264,-116.1530491,180.0,line-b-e12,33.2007639,-116.1522907,180.0,line-b-e13,33.2009233,-116.1521011,180.0,2026-08-18T15:13:00Z,dipole-dipole,4,4,2.000,395.2,184.795,6.652,0.00837,0.00101,0.01283;0.01211;0.01123;0.01034;0.00897;0.00826;0.00675;0.00524;0.00394;0.00309,
line-b-r00366,line-b,line-b-e07,33.1999670,-116.1532386,180.0,line-b-e08,33.2001264,-116.1530491,180.0,line-b-e12,33.2007639,-116.1522907,180.0,line-b-e13,33.2009233,-116.1521011,180.0,2026-08-18T15:13:12Z,dipole-dipole,4,8,2.000,361.3,200.509,6.834,0.00781,0.00106,0.01197;0.01172;0.01050;0.00959;0.00953;0.00651;0.00606;0.00496;0.00404;0.00265,
line-b-r00367,line-b,line-b-e07,33.1999670,-116.1532386,180.0,line-b-e08,33.2001264,-116.1530491,180.0,line-b-e12,33.2007639,-116.1522907,180.0,line-b-e13,33.2009233,-116.1521011,180.0,2026-08-18T15:13:24Z,dipole-dipole,4,6,2.000,364.5,190.245,6.715,0.00637,0.00102,0.00955;0.00916;0.00846;0.00815;0.00657;0.00607;0.00456;0.00414;0.00312;0.00251,
line-b-r00368,line-b,line-b-e07,33.1999670,-116.1532386,180.0,line-b-e08,33.2001264,-116.1530491,180.0,line-b-e12,33.2007639,-116.1522907,180.0,line-b-e13,33.2009233,-116.1521011,180.0,2026-08-18T15:13:36Z,dipole-dipole,4,5,2.000,356.7,177.401,7.269,0.00592,0.00107,0.01053;0.00915;0.00806;0.00825;0.00631;0.00568;0.00506;0.00370;0.00302;0.00223,
line-b-r00369,line-b,line-b-e07,33.1999670,-116.1532386,180.0,line-b-e08,33.2001264,-116.1530491,180.0,line-b-e12,33.2007639,-116.1522907,180.0,line-b-e13,33.2009233,-116.1521011,180.0,2026-08-18T15:13:48Z,dipole-dipole,4,7,1.506,531.1,183.197,7.149,0.00713,0.00097,0.01193;0.01167;0.00957;0.00996;0.00840;0.00692;0.00553;0.00453;0.00337;0.00273,
line-b-r00370,line-b,line-b-e07,33.1999670,-116.1532386,180.0,line-b-e08,33.2001264,-116.1530491,180.0,line-b-e12,33.2007639,-116.1522907,180.0,line-b-e13,33.2009233,-116.1521011,180.0,2026-08-18T15:14:00Z,dipole-dipole,4,6,1.591,502.9,182.034,6.117,0.00690,0.00117,0.01092;0.00984;0.00944;0.00810;0.00700;0.00606;0.00613;0.00426;0.00320;0.00232,
line-b-r00371,line-b,line-b-e07,33.1999670,-116.1532386,180.0,line-b-e08,33.2001264,-116.1530491,180.0,line-b-e12,33.2007639,-116.1522907,180.0,line-b-e13,33.2009233,-116.1521011,180.0,2026-08-18T15:14:12Z,dipole-dipole,4,8,1.706,468.8,196.448,7.779,0.00785,0.00130,0.01381;0.01215;0.01059;0.00987;0.00965;0.00812;0.00645;0.00483;0.00358;0.00288,
line-b-r00372,line-b,line-b-e07,33.1999670,-116.1532386,180.0,line-b-e08,33.2001264,-116.1530491,180.0,line-b-e13,33.2009233,-116.1521011,180.0,line-b-e14,33.2010827,-116.1519115,180.0,2026-08-18T15:14:24Z,dipole-dipole,5,5,1.323,604.5,166.541,5.888,0.01057,0.00174,0.01700;0.01649;0.01496;0.01314;0.01143;0.00959;0.00794;0.00732;0.00557;0.00337,
line-b-r00373,line-b,line-b-e07,33.1999670,-116.1532386,180.0,line-b-e08,33.2001264,-116.1530491,180.0,line-b-e13,33.2009233,-116.1521011,180.0,line-b-e14,33.2010827,-116.1519115,180.0,2026-08-18T15:14:36Z,dipole-dipole,5,8,2.000,331.3,172.645,5.822,0.01082,0.00160,0.01835;0.01607;0.01393;0.01408;0.01130;0.01041;0.00799;0.00662;0.00585;0.00356,
line-b-r00374,line-b,line-b-e07,33.1999670,-116.1532386,180.0,line-b-e08,33.2001264,-116.1530491,180.0,line-b-e13,33.2009233,-116.1521011,180.0,line-b-e14,33.2010827,-116.1519115,180.0,2026-08-18T15:14:48Z,dipole-dipole,5,5,1.861,429.8,171.103,6.332,0.00834,0.00119,0.01437;0.01155;0.01165;0.01036;0.00882;0.00737;0.00610;0.00521;0.00410;0.00302,
line-b-r00375,line-b,line-b-e07,33.1999670,-116.1532386,180.0,line-b-e08,33.2001264,-116.1530491,180.0,line-b-e13,33.2009233,-116.1521011,180.0,line-b-e14,33.2010827,-116.1519115,180.0,2026-08-18T15:15:00Z,dipole-dipole,5,8,2.000,326.0,172.191,7.061,0.00903,0.00108,0.01520;0.01277;0.01226;0.00985;0.00904;0.00804;0.00750;0.00578;0.00435;0.00310,
line-b-r00376,line-b,line-b-e07,33.1999670,-116.1532386,180.0,line-b-e08,33.2001264,-116.1530491,180.0,line-b-e13,33.2009233,-116.1521011,180.0,line-b-e14,33.2010827,-116.1519115,180.0,2026-08-18T15:15:12Z,dipole-dipole,5,4,2.000,346.5,177.416,7.727,0.00949,0.00112,0.01563;0.01474;0.01219;0.01131;0.01100;0.00904;0.00783;0.00574;0.00501;0.00343,
line-b-r00377,line-b,line-b-e07,33.1999670,-116.1532386,180.0,line-b-e08,33.2001264,-116.1530491,180.0,line-b-e13,33.2009233,-116.1521011,180.0,line-b-e14,33.2010827,-116.1519115,180.0,2026-08-18T15:15:24Z,dipole-dipole,5,8,2.000,373.9,165.875,9.355,0.00802,0.00103,0.01320;0.01229;0.01170;0.00963;0.00840;0.00805;0.00687;0.00530;0.00357;0.00313,
line-b-r00378,line-b,line-b-e07,33.1999670,-116.1532386,180.0,line-b-e08,33.2001264,-116.1530491,180.0,line-b-e14,33.2010827,-116.1519115,180.0,line-b-e15,33.2012421,-116.1517219,180.0,2026-08-18T15:15:36Z,dipole-dipole,6,5,2.000,299.8,144.123,6.676,0.01364,0.00187,0.02074;0.01763;0.02059;0.01628;0.01392;0.01281;0.01036;0.00916;0.00699;0.00517,
line-b-r00379,line-b,line-b-e07,33.1999670,-116.1532386,180.0,line-b-e08,33.2001264,-116.1530491,180.0,line-b-e14,33.2010827,-116.1519115,180.0,line-b-e15,33.2012421,-116.1517219,180.0,2026-08-18T15:15:48Z,dipole-dipole,6,5,2.000,332.7,150.179,5.279,0.01406,0.00150,0.02154;0.02027;0.01980;0.01775;0.01516;0.01235;0.01232;0.00924;0.00638;0.00514,
line-b-r00380,line-b,line-b-e07,33.1999670,-116.1532386,180.0,line-b-e08,33.2001264,-116.1530491,180.0,line-b-e14,33.2010827,-116.1519115,180.0,line-b-e15,33.2012421,-116.1517219,180.0,2026-08-18T15:16:00Z,dipole-dipole,6,7,2.000,380.9,159.157,5.935,0.01645,0.00149,0.02653;0.02381;0.02275;0.02076;0.01902;0.01707;0.01523;0.01087;0.00803;0.00595,
line-b-r00381,line-b,line-b-e07,33.1999670,-116.1532386,180.0,line-b-e08,33.2001264,-116.1530491,180.0,line-b-e14,33.2010827,-116.1519115,180.0,line-b-e15,33.2012421,-116.1517219,180.0,2026-08-18T15:16:12Z,dipole-dipole,6,3,2.000,396.9,156.157,5.370,0.01472,0.00182,0.02393;0.02183;0.02055;0.02028;0.01685;0.01330;0.01122;0.00906;0.00776;0.00539,
line-b-r00382,line-b,line-b-e07,33.1999670,-116.1532386,180.0,line-b-e08,33.2001264,-116.1530491,180.0,line-b-e14,33.2010827,-116.1519115,180.0,line-b-e15,33.2012421,-116.1517219,180.0,2026-08-18T15:16:24Z,dipole-dipole,6,4,2.000,347.9,155.846,6.200,0.01290,0.00158,0.02171;0.01924;0.01826;0.01721;0.01500;0.01340;0.01153;0.00869;0.00705;0.00461,
line-b-r00383,line-b,line-b-e07,33.1999670,-116.1532386,180.0,line-b-e08,33.2001264,-116.1530491,180.0,line-b-e14,33.2010827,-116.1519115,180.0,line-b-e15,33.2012421,-116.1517219,180.0,2026-08-18T15:16:36Z,dipole-dipole,6,5,1.779,449.7,153.812,6.314,0.01151,0.00141,0.01916;0.01637;0.01455;0.01397;0.01333;0.01217;0.00881;0.00770;0.00571;0.00449,
line-b-r00384,line-b,line-b-e07,33.1999670,-116.1532386,180.0,line-b-e08,33.2001264,-116.1530491,180.0,line-b-e14,33.2010827,-116.1519115,180.0,line-b-e15,33.2012421,-116.1517219,180.0,2026-08-18T15:16:48Z,dipole-dipole,6,5,2.000,397.8,169.365,6.482,0.01173,0.00141,0.02079;0.01728;0.01452;0.01281;0.01236;0.01119;0.00883;0.00760;0.00600;0.00421,
line-b-r00385,line-b,line-b-e07,33.1999670,-116.1532386,180.0,line-b-e08,33.2001264,-116.1530491,180.0,line-b-e15,33.2012421,-116.1517219,180.0,line-b-e16,33.2014015,-116.1515324,180.0,2026-08-18T15:17:00Z,dipole-dipole,7,5,2.000,276.9,142.944,6.439,0.01501,0.00204,0.02234;0.02211;0.02059;0.01859;0.01673;0.01480;0.01099;0.00901;0.00703;0.00483,
line-b-r00386,line-b,line-b-e07,33.1999670,-116.1532386,180.0,line-b-e08,33.2001264,-116.1530491,180.0,line-b-e15,33.2012421,-116.1517219,180.0,line-b-e16,33.2014015,-116.1515324,180.0,2026-08-18T15:17:12Z,dipole-dipole,7,4,2.000,389.5,148.110,4.566,0.01742,0.00165,0.02837;0.02920;0.02202;0.02160;0.01931;0.01827;0.01290;0.01053;0.00860;0.00580,
line-b-r00387,line-b,line-b-e07,33.1999670,-116.1532386,180.0,line-b-e08,33.2001264,-116.1530491,180.0,line-b-e15,33.2012421,-116.1517219,180.0,line-b-e16,33.2014015,-116.1515324,180.0,2026-08-18T15:17:24Z,dipole-dipole,7,5,2.000,395.2,155.987,7.085,0.01705,0.00164,0.02731;0.02589;0.02356;0.02047;0.01848;0.01731;0.01267;0.01124;0.00924;0.00548,
line-b-r00388,line-b,line-b-e07,33.1999670,-116.1532386,180.0,line-b-e08,33.2001264,-116.1530491,180.0,line-b-e15,33.2012421,-116.1517219,180.0,line-b-e16,33.2014015,-116.1515324,180.0,2026-08-18T15:17:36Z,dipole-dipole,7,3,1.654,483.6,144.727,7.024,0.01785,0.00137,0.02830;0.02682;0.02470;0.02200;0.01805;0.01602;0.01431;0.01263;0.00821;0.00622,
line-b-r00389,line-b,line-b-e07,33.1999670,-116.1532386,180.0,line-b-e08,33.2001264,-116.1530491,180.0,line-b-e15,33.2012421,-116.1517219,180.0,line-b-e16,33.2014015,-116.1515324,180.0,2026-08-18T15:17:48Z,dipole-dipole,7,7,1.671,478.9,149.024,5.885,0.01908,0.00145,0.02832;0.02720;0.02568;0.02228;0.02027;0.01676;0.01491;0.01134;0.00946;0.00692,
line-b-r00390,line-b,line-b-e07,33.1999670,-116.1532386,180.0,line-b-e08,33.2001264,-116.1530491,180.0,line-b-e15,33.2012421,-116.1517219,180.0,line-b-e16,33.2014015,-116.1515324,180.0,2026-08-18T15:18:00Z,dipole-dipole,7,5,2.000,358.0,153.901,6.830,0.01385,0.00170,0.02243;0.02022;0.01783;0.01623;0.01487;0.01263;0.01146;0.00941;0.00654;0.00455,
line-b-r00391,line-b,line-b-e07,33.1999670,-116.1532386,180.0,line-b-e08,33.2001264,-116.1530491,180.0,line-b-e15,33.2012421,-116.1517219,180.0,line-b-e16,33.2014015,-116.1515324,180.0,2026-08-18T15:18:12Z,dipole-dipole,7,6,1.654,483.8,153.742,5.611,0.01733,0.00131,0.02643;0.02604;0.02351;0.02227;0.02101;0.01529;0.01445;0.01093;0.00842;0.00550,
line-b-r00392,line-b,line-b-e07,33.1999670,-116.1532386,180.0,line-b-e08,33.2001264,-116.1530491,180.0,line-b-e16,33.2014015,-116.1515324,180.0,line-b-e17,33.2015609,-116.1513428,180.0,2026-08-18T15:18:24Z,dipole-dipole,8,3,1.957,408.8,345.218,5.362,0.04111,0.00196,0.06503;0.06298;0.05496;0.05029;0.04436;0.04300;0.03236;0.02732;0.01943;0.01309,
line-b-r00393,line-b,line-b-e07,33.1999670,-116.1532386,180.0,line-b-e08,33.2001264,-116.1530491,180.0,line-b-e16,33.2014015,-116.1515324,180.0,line-b-e17,33.2015609,-116.1513428,180.0,2026-08-18T15:18:36Z,dipole-dipole,8,4,2.000,376.5,129.943,6.121,0.00514,0.00169,0.00805;0.00753;0.00730;0.00677;0.00660;0.00493;0.00390;0.00347;0.00237;0.00167,
line-b-r00394,line-b,line-b-e07,33.1999670,-116.1532386,180.0,line-b-e08,33.2001264,-116.1530491,180.0,line-b-e16,33.2014015,-116.1515324,180.0,line-b-e17,33.2015609,-116.1513428,180.0,2026-08-18T15:18:48Z,dipole-dipole,8,3,1.363,586.8,214.147,5.085,0.01087,0.00160,0.01799;0.01582;0.01523;0.01354;0.01308;0.01027;0.00871;0.00737;0.00494;0.00441,
line-b-r00395,line-b,line-b-e07,33.1999670,-116.1532386,180.0,line-b-e08,33.2001264,-116.1530491,180.0,line-b-e16,33.2014015,-116.1515324,180.0,line-b-e17,33.2015609,-116.1513428,180.0,2026-08-18T15:19:00Z,dipole-dipole,8,7,2.000,355.1,109.826,5.761,0.00988,0.00170,0.01621;0.01541;0.01345;0.01305;0.01065;0.00937;0.00837;0.00687;0.00491;0.00349,
line-b-r00396,line-b,line-b-e07,33.1999670,-116.1532386,180.0,line-b-e08,33.2001264,-116.1530491,180.0,line-b-e16,33.2014015,-116.1515324,180.0,line-b-e17,33.2015609,-116.1513428,180.0,2026-08-18T15:19:12Z,dipole-dipole,8,3,2.000,376.4,56.926,6.334,0.01803,0.00164,0.02646;0.02849;0.02385;0.02126;0.02172;0.01630;0.01271;0.01238;0.00861;0.00628,
line-b-r00397,line-b,line-b-e07,33.1999670,-116.1532386,180.0,line-b-e08,33.2001264,-116.1530491,180.0,line-b-e16,33.2014015,-116.1515324,180.0,line-b-e17,33.2015609,-116.1513428,180.0,2026-08-18T15:19:24Z,dipole-dipole,8,8,2.000,395.7,250.527,6.421,0.01832,0.00197,0.03289;0.02771;0.02265;0.02333;0.01984;0.01784;0.01642;0.01124;0.00869;0.00638,
line-b-r00398,line-b,line-b-e07,33.1999670,-116.1532386,180.0,line-b-e08,33.2001264,-116.1530491,180.0,line-b-e16,33.2014015,-116.1515324,180.0,line-b-e17,33.2015609,-116.1513428,180.0,2026-08-18T15:19:36Z,dipole-dipole,8,6,1.667,479.8,135.138,7.648,0.00367,0.00262,0.00575;0.00520;0.00525;0.00441;0.00406;0.00326;0.00303;0.00211;0.00182;0.00134,
line-b-r00399,line-b,line-b-e08,33.2001264,-116.1530491,180.0,line-b-e09,33.2002858,-116.1528595,180.0,line-b-e10,33.2004452,-116.1526699,180.0,line-b-e11,33.2006046,-116.1524803,180.0,2026-08-18T15:19:48Z,dipole-dipole,1,6,1.573,508.7,194.704,7.113,0.00464,0.00118,0.00801;0.00720;0.00621;0.00589;0.00461;0.00444;0.00370;0.00291;0.00214;0.00172,
line-b-r00400,line-b,line-b-e08,33.2001264,-116.1530491,180.0,line-b-e09,33.2002858,-116.1528595,180.0,line-b-e10,33.2004452,-116.1526699,180.0,line-b-e11,33.2006046,-116.1524803,180.0,2026-08-18T15:20:00Z,dipole-dipole,1,3,2.000,372.9,211.487,7.097,0.00635,0.00109,0.01046;0.00938;0.00900;0.00777;0.00739;0.00566;0.00537;0.00403;0.00289;0.00247,
line-b-r00401,line-b,line-b-e08,33.2001264,-116.1530491,180.0,line-b-e09,33.2002858,-116.1528595,180.0,line-b-e10,33.2004452,-116.1526699,180.0,line-b-e11,33.2006046,-116.1524803,180.0,2026-08-18T15:20:12Z,dipole-dipole,1,8,2.000,380.5,204.118,7.905,0.00535,0.00117,0.00901;0.00773;0.00826;0.00663;0.00557;0.00542;0.00394;0.00356;0.00241;0.00196,
line-b-r00402,line-b,line-b-e08,33.2001264,-116.1530491,180.0,line-b-e09,33.2002858,-116.1528595,180.0,line-b-e10,33.2004452,-116.1526699,180.0,line-b-e11,33.2006046,-116.1524803,180.0,2026-08-18T15:20:24Z,dipole-dipole,1,8,2.000,322.4,205.992,7.762,0.00420,0.00079,0.00599;0.00595;0.00593;0.00502;0.00486;0.00383;0.00360;0.00280;0.00188;0.00151,
line-b-r00403,line-b,line-b-e08,33.2001264,-116.1530491,180.0,line-b-e09,33.2002858,-116.1528595,180.0,line-b-e10,33.2004452,-116.1526699,180.0,line-b-e11,33.2006046,-116.1524803,180.0,2026-08-18T15:20:36Z,dipole-dipole,1,3,2.000,385.8,212.505,8.156,0.00491,0.00095,0.00807;0.00665;0.00646;0.00580;0.00517;0.00430;0.00413;0.00301;0.00253;0.00186,
line-b-r00404,line-b,line-b-e08,33.2001264,-116.1530491,180.0,line-b-e09,33.2002858,-116.1528595,180.0,line-b-e10,33.2004452,-116.1526699,180.0,line-b-e11,33.2006046,-116.1524803,180.0,2026-08-18T15:20:48Z,dipole-dipole,1,5,2.000,363.4,206.778,7.552,0.00421,0.00120,0.00682;0.00648;0.00604;0.00573;0.00454;0.00389;0.00377;0.00302;0.00211;0.00137,
line-b-r00405,line-b,line-b-e08,33.2001264,-116.1530491,180.0,line-b-e09,33.2002858,-116.1528595,180.0,line-b-e11,33.2006046,-116.1524803,180.0,line-b-e12,33.2007639,-116.1522907,180.0,2026-08-18T15:21:00Z,dipole-dipole,2,5,2.000,370.6,201.113,6.216,0.00523,0.00089,0.00807;0.00717;0.00682;0.00686;0.00613;0.00459;0.00429;0.00325;0.00273;0.00196,
line-b-r00406,line-b,line-b-e08,33.2001264,-116.1530491,180.0,line-b-e09,33.2002858,-116.1528595,180.0,line-b-e11,33.2006046,-116.1524803,180.0,line-b-e12,33.2007639,-116.1522907,180.0,2026-08-18T15:21:12Z,dipole-dipole,2,3,2.000,349.7,201.493,6.447,0.00622,0.00088,0.01033;0.00985;0.00762;0.00765;0.00692;0.00565;0.00500;0.00404;0.00283;0.00203,
line-b-r00407,line-b,line-b-e08,33.2001264,-116.1530491,180.0,line-b-e09,33.2002858,-116.1528595,180.0,line-b-e11,33.2006046,-116.1524803,180.0,line-b-e12,33.2007639,-116.1522907,180.0,2026-08-18T15:21:24Z,dipole-dipole,2,5,2.000,371.4,-260.784,5.943,0.00539,0.00125,0.00859;0.00757;0.00703;0.00696;0.00599;0.00536;0.00483;0.00370;0.00264;0.00187,
line-b-r00408,line-b,line-b-e08,33.2001264,-116.1530491,180.0,line-b-e09,33.2002858,-116.1528595,180.0,line-b-e11,33.2006046,-116.1524803,180.0,line-b-e12,33.2007639,-116.1522907,180.0,2026-08-18T15:21:36Z,dipole-dipole,2,3,2.000,318.1,205.210,6.843,0.00605,0.00116,0.00993;0.00857;0.00741;0.00744;0.00661;0.00593;0.00516;0.00391;0.00298;0.00203,
line-b-r00409,line-b,line-b-e08,33.2001264,-116.1530491,180.0,line-b-e09,33.2002858,-116.1528595,180.0,line-b-e11,33.2006046,-116.1524803,180.0,line-b-e12,33.2007639,-116.1522907,180.0,2026-08-18T15:21:48Z,dipole-dipole,2,4,2.000,337.9,192.161,8.227,0.00581,0.00104,0.00905;0.00977;0.00801;0.00762;0.00660;0.00538;0.00437;0.00380;0.00265;0.00191,
line-b-r00410,line-b,line-b-e08,33.2001264,-116.1530491,180.0,line-b-e09,33.2002858,-116.1528595,180.0,line-b-e11,33.2006046,-116.1524803,180.0,line-b-e12,33.2007639,-116.1522907,180.0,2026-08-18T15:22:00Z,dipole-dipole,2,6,2.000,394.1,211.497,6.579,0.00500,0.00115,0.00756;0.00676;0.00668;0.00590;0.00547;0.00492;0.00340;0.00329;0.00241;0.00166,
line-b-r00411,line-b,line-b-e08,33.2001264,-116.1530491,180.0,line-b-e09,33.2002858,-116.1528595,180.0,line-b-e11,33.2006046,-116.1524803,180.0,line-b-e12,33.2007639,-116.1522907,180.0,2026-08-18T15:22:12Z,dipole-dipole,2,8,1.994,401.1,211.157,7.618,0.00617,0.00105,0.01104;0.00949;0.00860;0.00767;0.00639;0.00577;0.00480;0.00395;0.00290;0.00219,
line-b-r00412,line-b,line-b-e08,33.2001264,-116.1530491,180.0,line-b-e09,33.2002858,-116.1528595,180.0,line-b-e12,33.2007639,-116.1522907,180.0,line-b-e13,33.2009233,-116.1521011,180.0,2026-08-18T15:22:24Z,dipole-dipole,3,8,2.000,361.7,186.496,7.188,0.00667,0.00112,0.01128;0.00957;0.00919;0.00829;0.00680;0.00544;0.00517;0.00446;0.00336;0.00238,
line-b-r00413,line-b,line-b-e08,33.2001264,-116.1530491,180.0,line-b-e09,33.2002858,-116.1528595,180.0,line-b-e12,33.2007639,-116.1522907,180.0,line-b-e13,33.2009233,-116.1521011,180.0,2026-08-18T15:22:36Z,dipole-dipole,3,5,2.000,263.7,188.813,6.244,0.00806,0.00101,0.01176;0.01096;0.01169;0.00938;0.00881;0.00863;0.00652;0.00499;0.00404;0.00268,
line-b-r00414,line-b,line-b-e08,33.2001264,-116.1530491,180.0,line-b-e09,33.2002858,-116.1528595,180.0,line-b-e12,33.2007639,-116.1522907,180.0,line-b-e13,33.2009233,-116.1521011,180.0,2026-08-18T15:22:48Z,dipole-dipole,3,8,2.000,328.0,203.017,6.567,0.00575,0.00140,0.00975;0.00956;0.00787;0.00664;0.00663;0.00519;0.00468;0.00376;0.00280;0.00192,
line-b-r00415,line-b,line-b-e08,33.2001264,-116.1530491,180.0,line-b-e09,33.2002858,-116.1528595,180.0,line-b-e12,33.2007639,-116.1522907,180.0,line-b-e13,33.2009233,-116.1521011,180.0,2026-08-18T15:23:00Z,dipole-dipole,3,3,2.000,344.1,190.193,7.683,0.00465,0.00105,0.00858;0.00677;0.00666;0.00609;0.00496;0.00387;0.00384;0.00309;0.00219;0.00168,
line-b-r00416,line-b,line-b-e08,33.2001264,-116.1530491,180.0,line-b-e09,33.2002858,-116.1528595,180.0,line-b-e12,33.2007639,-116.1522907,180.0,line-b-e13,33.2009233,-116.1521011,180.0,2026-08-18T15:23:12Z,dipole-dipole,3,8,2.000,324.9,181.309,8.076,0.00596,0.01688,0.00863;0.00805;0.00863;0.00726;0.00696;0.00570;0.00471;0.00398;0.00275;0.00214,
line-b-r00417,line-b,line-b-e08,33.2001264,-116.1530491,180.0,line-b-e09,33.2002858,-116.1528595,180.0,line-b-e12,33.2007639,-116.1522907,180.0,line-b-e13,33.2009233,-116.1521011,180.0,2026-08-18T15:23:24Z,dipole-dipole,3,8,2.000,393.8,201.092,8.658,0.00541,0.00136,0.00875;0.00775;0.00679;0.00679;0.00570;0.00549;0.00439;0.00343;0.00272;0.00190,
line-b-r00418,line-b,line-b-e08,33.2001264,-116.1530491,180.0,line-b-e09,33.2002858,-116.1528595,180.0,line-b-e12,33.2007639,-116.1522907,180.0,line-b-e13,33.2009233,-116.1521011,180.0,2026-08-18T15:23:36Z,dipole-dipole,3,4,2.000,373.0,199.809,271.600,0.00636,0.00150,0.01045;0.00877;0.00917;0.00878;0.00747;0.00619;0.00440;0.00424;0.00339;0.00230,
line-b-r00419,line-b,line-b-e08,33.2001264,-116.1530491,180.0,line-b-e09,33.2002858,-116.1528595,180.0,line-b-e13,33.2009233,-116.1521011,180.0,line-b-e14,33.2010827,-116.1519115,180.0,2026-08-18T15:23:48Z,dipole-dipole,4,4,2.000,286.5,199.063,9.908,0.00806,0.00128,0.01239;0.01221;0.01127;0.00934;0.00889;0.00799;0.00644;0.00531;0.00400;0.00277,
line-b-r00420,line-b,line-b-e08,33.2001264,-116.1530491,180.0,line-b-e09,33.2002858,-116.1528595,180.0,line-b-e13,33.2009233,-116.1521011,180.0,line-b-e14,33.2010827,-116.1519115,180.0,2026-08-18T15:24:00Z,dipole-dipole,4,7,1.792,446.5,185.255,6.508,0.00692,0.00122,0.01118;0.01084;0.00963;0.00862;0.00768;0.00603;0.00527;0.00481;0.00350;0.00238,
line-b-r00421,line-b,line-b-e08,33.2001264,-116.1530491,180.0,line-b-e09,33.2002858,-116.1528595,180.0,line-b-e13,33.2009233,-116.1521011,180.0,line-b-e14,33.2010827,-116.1519115,180.0,2026-08-18T15:24:12Z,dipole-dipole,4,4,2.000,259.5,183.124,8.020,0.00863,0.00154,0.01257;0.01256;0.01105;0.00992;0.00899;0.00867;0.00675;0.00533;0.00426;0.00287,
line-b-r00422,line-b,line-b-e08,33.2001264,-116.1530491,180.0,line-b-e09,33.2002858,-116.1528595,180.0,line-b-e13,33.2009233,-116.1521011,180.0,line-b-e14,33.2010827,-116.1519115,180.0,2026-08-18T15:24:24Z,dipole-dipole,4,5,1.715,466.6,-116.950,5.842,0.00917,0.00114,0.01461;0.01324;0.01266;0.01064;0.00992;0.00840;0.00729;0.00639;0.00433;0.00346,
line-b-r00423,line-b,line-b-e08,33.2001264,-116.1530491,180.0,line-b-e09,33.2002858,-116.1528595,180.0,line-b-e13,33.2009233,-116.1521011,180.0,line-b-e14,33.2010827,-116.1519115,180.0,2026-08-18T15:24:36Z,dipole-dipole,4,7,2.000,318.9,182.953,6.983,0.00809,0.00096,0.01283;0.01146;0.01129;0.01019;0.00981;0.00801;0.00621;0.00504;0.00393;0.00273,
line-b-r00424,line-b,line-b-e08,33.2001264,-116.1530491,180.0,line-b-e09,33.2002858,-116.1528595,180.0,line-b-e13,33.2009233,-116.1521011,180.0,line-b-e14,33.2010827,-116.1519115,180.0,2026-08-18T15:24:48Z,dipole-dipole,4,8,1.599,500.4,176.985,8.036,0.00696,0.00113,0.01169;0.01147;0.00925;0.00798;0.00728;0.00649;0.00548;0.00434;0.00315;0.00241,
line-b-r00425,line-b,line-b-e08,33.2001264,-116.1530491,180.0,line-b-e09,33.2002858,-116.1528595,180.0,line-b-e13,33.2009233,-116.1521011,180.0,line-b-e14,33.2010827,-116.1519115,180.0,2026-08-18T15:25:00Z,dipole-dipole,4,5,1.697,471.3,183.684,7.243,0.00929,0.00139,0.01452;0.01356;0.01150;0.01233;0.01041;0.00880;0.00709;0.00521;0.00433;0.00297,
line-b-r00426,line-b,line-b-e08,33.2001264,-116.1530491,180.0,line-b-e09,33.2002858,-116.1528595,180.0,line-b-e13,33.2009233,-116.1521011,180.0,line-b-e14,33.2010827,-116.1519115,180.0,2026-08-18T15:25:12Z,dipole-dipole,4,3,1.874,426.9,165.440,6.098,0.00856,0.00121,0.01389;0.01109;0.01107;0.01066;0.00914;0.00816;0.00623;0.00581;0.00424;0.00317,
line-b-r00427,line-b,line-b-e08,33.2001264,-116.1530491,180.0,line-b-e09,33.2002858,-116.1528595,180.0,line-b-e14,33.2010827,-116.1519115,180.0,line-b-e15,33.2012421,-116.1517219,180.0,2026-08-18T15:25:24Z,dipole-dipole,5,7,1.882,425.1,166.976,6.656,0.00953,0.00120,0.01374;0.01387;0.01320;0.01176;0.01118;0.01017;0.00804;0.00628;0.00479;0.00373,
line-b-r00428,line-b,line-b-e08,33.2001264,-116.1530491,180.0,line-b-e09,33.2002858,-116.1528595,180.0,line-b-e14,33.2010827,-116.1519115,180.0,line-b-e15,33.2012421,-116.1517219,180.0,2026-08-18T15:25:36Z,dipole-dipole,5,3,2.000,346.5,163.708,5.628,0.01316,0.00127,0.02140;0.02091;0.01794;0.01433;0.01372;0.01265;0.00958;0.00784;0.00629;0.00457,
line-b-r00429,line-b,line-b-e08,33.2001264,-116.1530491,180.0,line-b-e09,33.2002858,-116.1528595,180.0,line-b-e14,33.2010827,-116.1519115,180.0,line-b-e15,33.2012421,-116.1517219,180.0,2026-08-18T15:25:48Z,dipole-dipole,5,5,2.000,353.0,170.396,9.675,0.01134,0.00128,0.01729;0.01670;0.01405;0.01481;0.01190;0.01136;0.00963;0.00684;0.00586;0.00390,
line-b-r00430,line-b,line-b-e08,33.2001264,-116.1530491,180.0,line-b-e09,33.2002858,-116.1528595,180.0,line-b-e14,33.2010827,-116.1519115,180.0,line-b-e15,33.2012421,-116.1517219,180.0,2026-08-18T15:26:00Z,dipole-dipole,5,3,1.733,461.7,170.738,5.319,0.01201,0.00144,0.02103;0.01719;0.01787;0.01470;0.01306;0.01077;0.01003;0.00699;0.00565;0.00430,
line-b-r00431,line-b,line-b-e08,33.2001264,-116.1530491,180.0,line-b-e09,33.2002858,-116.1528595,180.0,line-b-e14,33.2010827,-116.1519115,180.0,line-b-e15,33.2012421,-116.1517219,180.0,2026-08-18T15:26:12Z,dipole-dipole,5,7,1.921,416.4,173.649,6.849,0.01115,0.00106,0.01684;0.01846;0.01560;0.01486;0.01242;0.00999;0.00860;0.00726;0.00508;0.00424,
line-b-r00432,line-b,line-b-e08,33.2001264,-116.1530491,180.0,line-b-e09,33.2002858,-116.1528595,180.0,line-b-e14,33.2010827,-116.1519115,180.0,line-b-e15,33.2012421,-116.1517219,180.0,2026-08-18T15:26:24Z,dipole-dipole,5,3,1.827,437.8,171.683,8.658,0.01096,0.00168,0.01531;0.01786;0.01487;0.01220;0.01178;0.01133;0.00930;0.00761;0.00507;0.00416,
line-b-r00433,line-b,line-b-e08,33.2001264,-116.1530491,180.0,line-b-e09,33.2002858,-116.1528595,180.0,line-b-e15,33.2012421,-116.1517219,180.0,line-b-e16,33.2014015,-116.1515324,180.0,2026-08-18T15:26:36Z,dipole-dipole,6,7,2.000,337.8,160.446,5.027,0.01382,0.00128,0.02359;0.02004;0.01878;0.01732;0.01568;0.01233;0.01063;0.00879;0.00709;0.00503,
line-b-r00434,line-b,line-b-e08,33.2001264,-116.1530491,180.0,line-b-e09,33.2002858,-116.1528595,180.0,line-b-e15,33.2012421,-116.1517219,180.0,line-b-e16,33.2014015,-116.1515324,180.0,2026-08-18T15:26:48Z,dipole-dipole,6,7,2.000,270.9,153.801,6.343,0.01459,0.02401,0.02468;0.02222;0.01937;0.01677;0.01561;0.01323;0.01129;0.00954;0.00695;0.00511,
line-b-r00435,line-b,line-b-e08,33.2001264,-116.1530491,180.0,line-b-e09,33.2002858,-116.1528595,180.0,line-b-e15,33.2012421,-116.1517219,180.0,line-b-e16,33.2014015,-116.1515324,180.0,2026-08-18T15:27:00Z,dipole-dipole,6,7,1.835,435.9,159.595,6.677,0.01357,0.00112,0.02024;0.02058;0.01953;0.01648;0.01458;0.01228;0.00958;0.00893;0.00693;0.00488,
line-b-r00436,line-b,line-b-e08,33.2001264,-116.1530491,180.0,line-b-e09,33.2002858,-116.1528595,180.0,line-b-e15,33.2012421,-116.1517219,180.0,line-b-e16,33.2014015,-116.1515324,180.0,2026-08-18T15:27:12Z,dipole-dipole,6,6,1.978,404.4,155.812,5.775,0.01587,0.00149,0.02577;0.02197;0.02129;0.02041;0.01910;0.01475;0.01230;0.00929;0.00743;0.00543,
line-b-r00437,line-b,line-b-e08,33.2001264,-116.1530491,180.0,line-b-e09,33.2002858,-116.1528595,180.0,line-b-e15,33.2012421,-116.1517219,180.0,line-b-e16,33.2014015,-116.1515324,180.0,2026-08-18T15:27:24Z,dipole-dipole,6,4,2.000,388.4,157.631,5.014,0.01352,0.00159,0.02259;0.02085;0.01713;0.01723;0.01286;0.01426;0.01133;0.00773;0.00603;0.00470,
line-b-r00438,line-b,line-b-e08,33.2001264,-116.1530491,180.0,line-b-e09,33.2002858,-116.1528595,180.0,line-b-e15,33.2012421,-116.1517219,180.0,line-b-e16,33.2014015,-116.1515324,180.0,2026-08-18T15:27:36Z,dipole-dipole,6,8,2.000,351.4,157.434,6.663,0.01225,0.00148,0.01939;0.01679;0.01659;0.01659;0.01261;0.01155;0.00851;0.00881;0.00616;0.00420,
line-b-r01135,line-b,line-b-e08,33.2001264,-116.1530491,180.0,line-b-e09,33.2002858,-116.1528595,180.0,line-b-e15,33.2012421,-116.1517219,180.0,line-b-e16,33.2014015,-116.1515324,180.0,2026-08-18T15:27:48Z,dipole-dipole,6,3,1.964,407.3,153.981,5.794,0.01316,0.00168,0.01932;0.01745;0.01676;0.01589;0.01461;0.01291;0.01069;0.00852;0.00634;0.00431,
line-b-r00440,line-b,line-b-e08,33.2001264,-116.1530491,180.0,line-b-e09,33.2002858,-116.1528595,180.0,line-b-e15,33.2012421,-116.1517219,180.0,line-b-e16,33.2014015,-116.1515324,180.0,2026-08-18T15:28:00Z,dipole-dipole,6,4,2.000,293.0,154.621,6.564,0.01503,0.00162,0.02603;0.02315;0.02004;0.01727;0.01718;0.01366;0.01194;0.01034;0.00717;0.00554,
line-b-r00441,line-b,line-b-e08,33.2001264,-116.1530491,180.0,line-b-e09,33.2002858,-116.1528595,180.0,line-b-e16,33.2014015,-116.1515324,180.0,line-b-e17,33.2015609,-116.1513428,180.0,2026-08-18T15:28:12Z,dipole-dipole,7,4,2.000,385.7,110.648,6.641,0.00782,0.00195,0.01263;0.01055;0.01107;0.00874;0.00791;0.00726;0.00630;0.00478;0.00375;0.00269,
line-b-r00442,line-b,line-b-e08,33.2001264,-116.1530491,180.0,line-b-e09,33.2002858,-116.1528595,180.0,line-b-e16,33.2014015,-116.1515324,180.0,line-b-e17,33.2015609,-116.1513428,180.0,2026-08-18T15:28:24Z,dipole-dipole,7,7,1.584,504.9,362.805,7.187,0.01163,0.00172,0.01720;0.01587;0.01764;0.01360;0.01322;0.01150;0.00968;0.00707;0.00510;0.00447,
line-b-r00443,line-b,line-b-e08,33.2001264,-116.1530491,180.0,line-b-e09,33.2002858,-116.1528595,180.0,line-b-e16,33.2014015,-116.1515324,180.0,line-b-e17,33.2015609,-116.1513428,180.0,2026-08-18T15:28:36Z,dipole-dipole,7,4,2.000,305.6,90.073,5.592,0.00758,0.00232,0.01103;0.01222;0.01033;0.00895;0.00878;0.00708;0.00601;0.00445;0.00355;0.00275,
line-b-r00444,line-b,line-b-e08,33.2001264,-116.1530491,180.0,line-b-e09,33.2002858,-116.1528595,180.0,line-b-e16,33.2014015,-116.1515324,180.0,line-b-e17,33.2015609,-116.1513428,180.0,2026-08-18T15:28:48Z,dipole-dipole,7,8,2.000,334.9,82.223,5.074,0.01417,0.00199,0.02022;0.02052;0.01888;0.01650;0.01578;0.01220;0.01061;0.00870;0.00705;0.00464,
line-b-r00445,line-b,line-b-e08,33.2001264,-116.1530491,180.0,line-b-e09,33.2002858,-116.1528595,180.0,line-b-e16,33.2014015,-116.1515324,180.0,line-b-e17,33.2015609,-116.1513428,180.0,2026-08-18T15:29:00Z,dipole-dipole,7,3,1.666,480.2,162.844,5.950,0.02326,0.00155,0.03706;0.03665;0.03162;0.02597;0.02513;0.02228;0.01927;0.01426;0.01121;0.00787,
line-b-r00446,line-b,line-b-e08,33.2001264,-116.1530491,180.0,line-b-e09,33.2002858,-116.1528595,180.0,line-b-e16,33.2014015,-116.1515324,180.0,line-b-e17,33.2015609,-116.1513428,180.0,2026-08-18T15:29:12Z,dipole-dipole,7,5,2.000,391.6,82.117,6.822,0.00999,0.00139,0.01676;0.01591;0.01296;0.01257;0.01167;0.00960;0.00809;0.00659;0.00492;0.00386,
line-b-r00447,line-b,line-b-e08,33.2001264,-116.1530491,180.0,line-b-e09,33.2002858,-116.1528595,180.0,line-b-e16,33.2014015,-116.1515324,180.0,line-b-e17,33.2015609,-116.1513428,180.0,2026-08-18T15:29:24Z,dipole-dipole,7,6,2.000,294.1,105.579,6.328,0.03198,0.00185,0.05908;0.04657;0.04798;0.04109;0.03243;0.03090;0.02710;0.01927;0.01707;0.01167,
line-b-r00448,line-b,line-b-e08,33.2001264,-116.1530491,180.0,line-b-e09,33.2002858,-116.1528595,180.0,line-b-e17,33.2015609,-116.1513428,180.0,line-b-e18,33.2017203,-116.1511532,180.0,2026-08-18T15:29:36Z,dipole-dipole,8,4,1.866,428.8,105.596,5.960,0.00632,0.00190,0.00915;0.00940;0.00872;0.00792;0.00667;0.00571;0.00465;0.00394;0.00317;0.00229,
line-b-r00449,line-b,line-b-e08,33.2001264,-116.1530491,180.0,line-b-e09,33.2002858,-116.1528595,180.0,line-b-e17,33.2015609,-116.1513428,180.0,line-b-e18,33.2017203,-116.1511532,180.0,2026-08-18T15:29:48Z,dipole-dipole,8,7,2.000,390.8,184.952,4.329,0.03142,0.00184,0.05002;0.04389;0.04685;0.03902;0.03696;0.02948;0.02654;0.02195;0.01585;0.01057,
line-b-r00450,line-b,line-b-e08,33.2001264,-116.1530491,180.0,line-b-e09,33.2002858,-116.1528595,180.0,line-b-e17,33.2015609,-116.1513428,180.0,line-b-e18,33.2017203,-116.1511532,180.0,2026-08-18T15:30:00Z,dipole-dipole,8,4,1.850,432.5,237.087,5.816,0.05636,0.00186,0.07637;0.08297;0.07705;0.06872;0.05992;0.05178;0.04566;0.03655;0.03042;0.02073,
line-b-r00451,line-b,line-b-e08,33.2001264,-116.1530491,180.0,line-b-e09,33.2002858,-116.1528595,180.0,line-b-e17,33.2015609,-116.1513428,180.0,line-b-e18,33.2017203,-116.1511532,180.0,2026-08-18T15:30:12Z,dipole-dipole,8,4,2.000,311.5,95.082,6.085,0.01474,0.00147,0.02693;0.02292;0.01875;0.02101;0.01785;0.01406;0.01155;0.00890;0.00757;0.00488,
line-b-r00452,line-b,line-b-e08,33.2001264,-116.1530491,180.0,line-b-e09,33.2002858,-116.1528595,180.0,line-b-e17,33.2015609,-116.1513428,180.0,line-b-e18,33.2017203,-116.1511532,180.0,2026-08-18T15:30:24Z,dipole-dipole,8,7,1.778,449.8,108.195,4.819,0.00799,0.00208,0.01257;0.01287;0.01085;0.00965;0.00894;0.00769;0.00643;0.00494;0.00391;0.00277,
line-b-r00453,line-b,line-b-e08,33.2001264,-116.1530491,180.0,line-b-e09,33.2002858,-116.1528595,180.0,line-b-e17,33.2015609,-116.1513428,180.0,line-b-e18,33.2017203,-116.1511532,180.0,2026-08-18T15:30:36Z,dipole-dipole,8,3,2.000,351.4,195.734,6.050,0.06034,0.00196,0.10015;0.08136;0.08113;0.07070;0.07050;0.05677;0.04771;0.03810;0.03278;0.02142,
line-b-r00454,line-b,line-b-e08,33.2001264,-116.1530491,180.0,line-b-e09,33.2002858,-116.1528595,180.0,line-b-e17,33.2015609,-116.1513428,180.0,line-b-e18,33.2017203,-116.1511532,180.0,2026-08-18T15:30:48Z,dipole-dipole,8,3,2.000,368.2,117.210,5.004,0.01250,0.00202,0.02201;0.01837;0.01565;0.01533;0.01329;0.01167;0.00840;0.00761;0.00610;0.00492,
line-b-r00455,line-b,line-b-e08,33.2001264,-116.1530491,180.0,line-b-e09,33.2002858,-116.1528595,180.0,line-b-e17,33.2015609,-116.1513428,180.0,line-b-e18,33.2017203,-116.1511532,180.0,2026-08-18T15:31:00Z,dipole-dipole,8,5,1.540,519.6,213.946,5.164,0.01361,0.00186,0.02208;0.02164;0.01965;0.01629;0.01540;0.01215;0.00942;0.00871;0.00631;0.00512,
line-b-r00456,line-b,line-b-e09,33.2002858,-116.1528595,180.0,line-b-e10,33.2004452,-116.1526699,180.0,line-b-e11,33.2006046,-116.1524803,180.0,line-b-e12,33.2007639,-116.1522907,180.0,2026-08-18T15:31:12Z,dipole-dipole,1,6,0.855,935.8,203.906,8.834,0.00498,0.00117,0.00783;0.00737;0.00677;0.00673;0.00488;0.00495;0.00371;0.00343;0.00241;0.00168,
line-b-r00457,line-b,line-b-e09,33.2002858,-116.1528595,180.0,line-b-e10,33.2004452,-116.1526699,180.0,line-b-e11,33.2006046,-116.1524803,180.0,line-b-e12,33.2007639,-116.1522907,180.0,2026-08-18T15:31:24Z,dipole-dipole,1,4,0.628,1273.7,198.551,8.055,0.00404,0.00105,0.00712;0.00536;0.00548;0.00496;0.00477;0.00390;0.00368;0.00267;0.00200;0.00144,
line-b-r00458,line-b,line-b-e09,33.2002858,-116.1528595,180.0,line-b-e10,33.2004452,-116.1526699,180.0,line-b-e11,33.2006046,-116.1524803,180.0,line-b-e12,33.2007639,-116.1522907,180.0,2026-08-18T15:31:36Z,dipole-dipole,1,7,0.757,1056.4,195.447,6.224,0.00502,0.00102,0.00734;0.00741;0.00665;0.00651;0.00618;0.00474;0.00430;0.00324;0.00246;0.00187,
line-b-r00459,line-b,line-b-e09,33.2002858,-116.1528595,180.0,line-b-e10,33.2004452,-116.1526699,180.0,line-b-e11,33.2006046,-116.1524803,180.0,line-b-e12,33.2007639,-116.1522907,180.0,2026-08-18T15:31:48Z,dipole-dipole,1,5,0.760,1053.1,188.625,12.507,0.00387,0.00087,0.00640;0.00540;0.00564;0.00494;0.00455;0.00356;0.00314;0.00234;0.00210;0.00143,
line-b-r00460,line-b,line-b-e09,33.2002858,-116.1528595,180.0,line-b-e10,33.2004452,-116.1526699,180.0,line-b-e11,33.2006046,-116.1524803,180.0,line-b-e12,33.2007639,-116.1522907,180.0,2026-08-18T15:32:00Z,dipole-dipole,1,7,0.790,1013.1,216.345,5.988,0.00550,0.00099,0.00928;0.00797;0.00692;0.00669;0.00681;0.00544;0.00454;0.00368;0.00265;0.00190,
line-b-r00461,line-b,line-b-e09,33.2002858,-116.1528595,180.0,line-b-e10,33.2004452,-116.1526699,180.0,line-b-e11,33.2006046,-116.1524803,180.0,line-b-e12,33.2007639,-116.1522907,180.0,2026-08-18T15:32:12Z,dipole-dipole,1,7,0.970,824.8,208.916,9.337,0.00590,0.00107,0.00956;0.00729;0.00824;0.00785;0.00690;0.00566;0.00497;0.00380;0.00276;0.00183,
line-b-r00462,line-b,line-b-e09,33.2002858,-116.1528595,180.0,line-b-e10,33.2004452,-116.1526699,180.0,line-b-e12,33.2007639,-116.1522907,180.0,line-b-e13,33.2009233,-116.1521011,180.0,2026-08-18T15:32:24Z,dipole-dipole,2,4,0.907,882.1,201.855,8.180,0.00466,0.00109,0.00695;0.00750;0.00714;0.00594;0.00494;0.00440;0.00375;0.00318;0.00217;0.00173,
line-b-r00463,line-b,line-b-e09,33.2002858,-116.1528595,180.0,line-b-e10,33.2004452,-116.1526699,180.0,line-b-e12,33.2007639,-116.1522907,180.0,line-b-e13,33.2009233,-116.1521011,180.0,2026-08-18T15:32:36Z,dipole-dipole,2,4,0.794,1007.9,205.443,8.771,0.00601,0.00130,0.01000;0.00920;0.00877;0.00825;0.00661;0.00500;0.00415;0.00420;0.00318;0.00239,
line-b-r00464,line-b,line-b-e09,33.2002858,-116.1528595,180.0,line-b-e10,33.2004452,-116.1526699,180.0,line-b-e12,33.2007639,-116.1522907,180.0,line-b-e13,33.2009233,-116.1521011,180.0,2026-08-18T15:32:48Z,dipole-dipole,2,3,0.991,807.0,205.513,7.107,0.00592,0.00115,0.00931;0.00812;0.00782;0.00657;0.00659;0.00609;0.00485;0.00337;0.00268;0.00203,
line-b-r00465,line-b,line-b-e09,33.2002858,-116.1528595,180.0,line-b-e10,33.2004452,-116.1526699,180.0,line-b-e12,33.2007639,-116.1522907,180.0,line-b-e13,33.2009233,-116.1521011,180.0,2026-08-18T15:33:00Z,dipole-dipole,2,5,0.997,802.8,204.562,6.608,0.00414,0.00106,0.00763;0.00655;0.00588;0.00474;0.00438;0.00419;0.00349;0.00252;0.00208;0.00147,
line-b-r00466,line-b,line-b-e09,33.2002858,-116.1528595,180.0,line-b-e10,33.2004452,-116.1526699,180.0,line-b-e12,33.2007639,-116.1522907,180.0,line-b-e13,33.2009233,-116.1521011,180.0,2026-08-18T15:33:12Z,dipole-dipole,2,4,0.756,1058.3,208.976,8.319,0.00499,0.00127,0.00776;0.00725;0.00696;0.00605;0.00538;0.00488;0.00368;0.00315;0.00233;0.00168,
line-b-r00467,line-b,line-b-e09,33.2002858,-116.1528595,180.0,line-b-e10,33.2004452,-116.1526699,180.0,line-b-e12,33.2007639,-116.1522907,180.0,line-b-e13,33.2009233,-116.1521011,180.0,2026-08-18T15:33:24Z,dipole-dipole,2,5,0.875,914.3,192.357,6.316,0.00474,0.00105,0.00720;0.00711;0.00710;0.00562;0.00541;0.00433;0.00396;0.00324;0.00232;0.00144,
line-b-r00468,line-b,line-b-e09,33.2002858,-116.1528595,180.0,line-b-e10,33.2004452,-116.1526699,180.0,line-b-e13,33.2009233,-116.1521011,180.0,line-b-e14,33.2010827,-116.1519115,180.0,2026-08-18T15:33:36Z,dipole-dipole,3,6,0.826,968.9,183.229,5.172,0.00610,0.00099,0.00931;0.00883;0.00849;0.00732;0.00664;0.00566;0.00532;0.00406;0.00285;0.00199,
line-b-r00469,line-b,line-b-e09,33.2002858,-116.1528595,180.0,line-b-e10,33.2004452,-116.1526699,180.0,line-b-e13,33.2009233,-116.1521011,180.0,line-b-e14,33.2010827,-116.1519115,180.0,2026-08-18T15:33:48Z,dipole-dipole,3,4,0.835,957.5,180.955,7.972,0.00370,0.00113,0.00564;0.00583;0.00492;0.00466;0.00478;0.00324;0.00297;0.00229;0.00178;0.00134,
line-b-r00470,line-b,line-b-e09,33.2002858,-116.1528595,180.0,line-b-e10,33.2004452,-116.1526699,180.0,line-b-e13,33.2009233,-116.1521011,180.0,line-b-e14,33.2010827,-116.1519115,180.0,2026-08-18T15:34:00Z,dipole-dipole,3,3,0.622,1285.6,190.259,6.630,0.00810,0.00099,0.01304;0.01299;0.01108;0.01004;0.00848;0.00854;0.00673;0.00479;0.00404;0.00279,
line-b-r00471,line-b,line-b-e09,33.2002858,-116.1528595,180.0,line-b-e10,33.2004452,-116.1526699,180.0,line-b-e13,33.2009233,-116.1521011,180.0,line-b-e14,33.2010827,-116.1519115,180.0,2026-08-18T15:34:12Z,dipole-dipole,3,5,0.827,967.7,194.334,5.611,0.00446,0.00110,0.00620;0.00646;0.00603;0.00594;0.00487;0.00426;0.00347;0.00286;0.00206;0.00156,
line-b-r00472,line-b,line-b-e09,33.2002858,-116.1528595,180.0,line-b-e10,33.2004452,-116.1526699,180.0,line-b-e13,33.2009233,-116.1521011,180.0,line-b-e14,33.2010827,-116.1519115,180.0,2026-08-18T15:34:24Z,dipole-dipole,3,4,0.951,840.8,195.884,7.930,0.00647,0.00113,0.01066;0.00922;0.00857;0.00864;0.00698;0.00590;0.00490;0.00393;0.00318;0.00242,
line-b-r00473,line-b,line-b-e09,33.2002858,-116.1528595,180.0,line-b-e10,33.2004452,-116.1526699,180.0,line-b-e13,33.2009233,-116.1521011,180.0,line-b-e14,33.2010827,-116.1519115,180.0,2026-08-18T15:34:36Z,dipole-dipole,3,5,0.892,896.4,-219.435,7.172,0.00425,0.00116,0.00677;0.00572;0.00579;0.00508;0.00415;0.00399;0.00346;0.00298;0.00211;0.00136,
line-b-r00474,line-b,line-b-e09,33.2002858,-116.1528595,180.0,line-b-e10,33.2004452,-116.1526699,180.0,line-b-e13,33.2009233,-116.1521011,180.0,line-b-e14,33.2010827,-116.1519115,180.0,2026-08-18T15:34:48Z,dipole-dipole,3,6,0.784,1020.6,201.913,9.229,0.00658,0.00113,0.01021;0.00878;0.00842;0.00755;0.00701;0.00651;0.00512;0.00465;0.00307;0.00219,
line-b-r00475,line-b,line-b-e09,33.2002858,-116.1528595,180.0,line-b-e10,33.2004452,-116.1526699,180.0,line-b-e14,33.2010827,-116.1519115,180.0,line-b-e15,33.2012421,-116.1517219,180.0,2026-08-18T15:35:00Z,dipole-dipole,4,3,0.820,975.9,168.814,7.565,0.00887,0.00121,0.01267;0.01411;0.01123;0.01225;0.01061;0.00878;0.00715;0.00544;0.00418;0.00329,
line-b-r00476,line-b,line-b-e09,33.2002858,-116.1528595,180.0,line-b-e10,33.2004452,-116.1526699,180.0,line-b-e14,33.2010827,-116.1519115,180.0,line-b-e15,33.2012421,-116.1517219,180.0,2026-08-18T15:35:12Z,dipole-dipole,4,6,1.134,705.6,177.429,7.620,0.00569,0.00119,0.00963;0.00814;0.00786;0.00723;0.00614;0.00524;0.00440;0.00374;0.00300;0.00207,
line-b-r00477,line-b,line-b-e09,33.2002858,-116.1528595,180.0,line-b-e10,33.2004452,-116.1526699,180.0,line-b-e14,33.2010827,-116.1519115,180.0,line-b-e15,33.2012421,-116.1517219,180.0,2026-08-18T15:35:24Z,dipole-dipole,4,5,0.795,1006.7,187.813,8.194,0.00700,0.00137,0.01211;0.01017;0.00958;0.00891;0.00816;0.00666;0.00592;0.00429;0.00330;0.00238,
line-b-r00478,line-b,line-b-e09,33.2002858,-116.1528595,180.0,line-b-e10,33.2004452,-116.1526699,180.0,line-b-e14,33.2010827,-116.1519115,180.0,line-b-e15,33.2012421,-116.1517219,180.0,2026-08-18T15:35:36Z,dipole-dipole,4,8,0.834,958.9,187.648,7.865,0.00692,0.00159,0.01121;0.01141;0.00868;0.00873;0.00758;0.00672;0.00597;0.00427;0.00344;0.00251,
line-b-r00479,line-b,line-b-e09,33.2002858,-116.1528595,180.0,line-b-e10,33.2004452,-116.1526699,180.0,line-b-e14,33.2010827,-116.1519115,180.0,line-b-e15,33.2012421,-116.1517219,180.0,2026-08-18T15:35:48Z,dipole-dipole,4,7,0.981,815.2,190.729,6.989,0.00874,0.00094,0.01443;0.01480;0.01144;0.01080;0.00982;0.00910;0.00655;0.00608;0.00431;0.00337,
line-b-r00480,line-b,line-b-e09,33.2002858,-116.1528595,180.0,line-b-e10,33.2004452,-116.1526699,180.0,line-b-e14,33.2010827,-116.1519115,180.0,line-b-e15,33.2012421,-116.1517219,180.0,2026-08-18T15:36:00Z,dipole-dipole,4,8,0.820,975.2,192.947,7.350,0.00482,0.00116,0.00745;0.00725;0.00605;0.00632;0.00521;0.00464;0.00358;0.00303;0.00243;0.00173,
line-b-r00481,line-b,line-b-e09,33.2002858,-116.1528595,180.0,line-b-e10,33.2004452,-116.1526699,180.0,line-b-e14,33.2010827,-116.1519115,180.0,line-b-e15,33.2012421,-116.1517219,180.0,2026-08-18T15:36:12Z,dipole-dipole,4,3,0.888,900.9,185.811,7.840,0.00867,0.00145,0.01371;0.01237;0.01237;0.01067;0.00933;0.00873;0.00695;0.00530;0.00419;0.00302,
line-b-r00482,line-b,line-b-e09,33.2002858,-116.1528595,180.0,line-b-e10,33.2004452,-116.1526699,180.0,line-b-e14,33.2010827,-116.1519115,180.0,line-b-e15,33.2012421,-116.1517219,180.0,2026-08-18T15:36:24Z,dipole-dipole,4,7,0.769,1040.8,186.507,7.168,0.00523,0.00129,0.00897;0.00831;0.00663;0.00588;0.00559;0.00545;0.00392;0.00346;0.00274;0.00185,
line-b-r00483,line-b,line-b-e09,33.2002858,-116.1528595,180.0,line-b-e10,33.2004452,-116.1526699,180.0,line-b-e15,33.2012421,-116.1517219,180.0,line-b-e16,33.2014015,-116.1515324,180.0,2026-08-18T15:36:36Z,dipole-dipole,5,4,0.628,1274.5,172.623,6.692,0.01158,0.00098,0.01751;0.01806;0.01513;0.01399;0.01359;0.01172;0.00866;0.00696;0.00565;0.00476,
line-b-r00484,line-b,line-b-e09,33.2002858,-116.1528595,180.0,line-b-e10,33.2004452,-116.1526699,180.0,line-b-e15,33.2012421,-116.1517219,180.0,line-b-e16,33.2014015,-116.1515324,180.0,2026-08-18T15:36:48Z,dipole-dipole,5,6,0.714,1119.8,-212.198,6.213,0.00683,0.00097,0.01067;0.00927;0.00887;0.00851;0.00722;0.00630;0.00499;0.00431;0.00312;0.00213,
line-b-r00485,line-b,line-b-e09,33.2002858,-116.1528595,180.0,line-b-e10,33.2004452,-116.1526699,180.0,line-b-e15,33.2012421,-116.1517219,180.0,line-b-e16,33.2014015,-116.1515324,180.0,2026-08-18T15:37:00Z,dipole-dipole,5,3,0.781,1023.9,168.809,6.852,0.00953,0.00127,0.01503;0.01413;0.01150;0.01255;0.01020;0.00901;0.00694;0.00583;0.00490;0.00359,
line-b-r00486,line-b,line-b-e09,33.2002858,-116.1528595,180.0,line-b-e10,33.2004452,-116.1526699,180.0,line-b-e15,33.2012421,-116.1517219,180.0,line-b-e16,33.2014015,-116.1515324,180.0,2026-08-18T15:37:12Z,dipole-dipole,5,4,0.839,954.0,171.921,6.452,0.01313,0.00133,0.02163;0.02117;0.01826;0.01570;0.01529;0.01091;0.01141;0.00866;0.00647;0.00439,
line-b-r00487,line-b,line-b-e09,33.2002858,-116.1528595,180.0,line-b-e10,33.2004452,-116.1526699,180.0,line-b-e15,33.2012421,-116.1517219,180.0,line-b-e16,33.2014015,-116.1515324,180.0,2026-08-18T15:37:24Z,dipole-dipole,5,5,0.909,880.5,164.803,367.855,0.01051,0.00151,0.01768;0.01477;0.01527;0.01342;0.01187;0.01004;0.00802;0.00683;0.00609;0.00389,
line-b-r00488,line-b,line-b-e09,33.2002858,-116.1528595,180.0,line-b-e10,33.2004452,-116.1526699,180.0,line-b-e15,33.2012421,-116.1517219,180.0,line-b-e16,33.2014015,-116.1515324,180.0,2026-08-18T15:37:36Z,dipole-dipole,5,4,0.919,870.4,-177.295,6.338,0.01048,0.00155,0.01547;0.01681;0.01423;0.01167;0.01189;0.01044;0.00815;0.00648;0.00515;0.00398,
line-b-r00489,line-b,line-b-e09,33.2002858,-116.1528595,180.0,line-b-e10,33.2004452,-116.1526699,180.0,line-b-e15,33.2012421,-116.1517219,180.0,line-b-e16,33.2014015,-116.1515324,180.0,2026-08-18T15:37:48Z,dipole-dipole,5,4,0.941,850.4,169.912,7.386,0.01287,0.00104,0.02062;0.01982;0.01669;0.01731;0.01374;0.01115;0.01141;0.00819;0.00639;0.00440,
line-b-r00490,line-b,line-b-e09,33.2002858,-116.1528595,180.0,line-b-e10,33.2004452,-116.1526699,180.0,line-b-e15,33.2012421,-116.1517219,180.0,line-b-e16,33.2014015,-116.1515324,180.0,2026-08-18T15:38:00Z,dipole-dipole,5,6,0.929,861.1,169.634,8.289,0.01119,0.00133,0.01899;0.01576;0.01596;0.01458;0.01153;0.01004;0.00947;0.00669;0.00544;0.00366,
line-b-r00491,line-b,line-b-e09,33.2002858,-116.1528595,180.0,line-b-e10,33.2004452,-116.1526699,180.0,line-b-e16,33.2014015,-116.1515324,180.0,line-b-e17,33.2015609,-116.1513428,180.0,2026-08-18T15:38:12Z,dipole-dipole,6,6,0.785,1018.6,679.666,6.429,0.00129,0.00150,0.00212;0.00198;0.00194;0.00180;0.00137;0.00130;0.00103;0.00080;0.00060;0.00043,
line-b-r00492,line-b,line-b-e09,33.2002858,-116.1528595,180.0,line-b-e10,33.2004452,-116.1526699,180.0,line-b-e16,33.2014015,-116.1515324,180.0,line-b-e17,33.2015609,-116.1513428,180.0,2026-08-18T15:38:24Z,dipole-dipole,6,6,0.845,947.2,221.531,4.630,0.01062,0.00163,0.01774;0.01555;0.01410;0.01295;0.01215;0.01021;0.00828;0.00699;0.00512;0.00381,
line-b-r00493,line-b,line-b-e09,33.2002858,-116.1528595,180.0,line-b-e10,33.2004452,-116.1526699,180.0,line-b-e16,33.2014015,-116.1515324,180.0,line-b-e17,33.2015609,-116.1513428,180.0,2026-08-18T15:38:36Z,dipole-dipole,6,5,0.838,954.3,142.100,6.339,0.01109,0.00122,0.01787;0.01708;0.01405;0.01455;0.01242;0.01022;0.00972;0.00670;0.00538;0.00360,
line-b-r00494,line-b,line-b-e09,33.2002858,-116.1528595,180.0,line-b-e10,33.2004452,-116.1526699,180.0,line-b-e16,33.2014015,-116.1515324,180.0,line-b-e17,33.2015609,-116.1513428,180.0,2026-08-18T15:38:48Z,dipole-dipole,6,4,0.878,911.5,203.315,5.836,0.02251,0.00135,0.03401;0.03273;0.03113;0.02640;0.02678;0.02350;0.01969;0.01484;0.01187;0.00757,
line-b-r00495,line-b,line-b-e09,33.2002858,-116.1528595,180.0,line-b-e10,33.2004452,-116.1526699,180.0,line-b-e16,33.2014015,-116.1515324,180.0,line-b-e17,33.2015609,-116.1513428,180.0,2026-08-18T15:39:00Z,dipole-dipole,6,3,1.030,777.0,166.420,5.748,0.01944,0.00127,0.03357;0.02853;0.02574;0.02499;0.02224;0.01978;0.01597;0.01298;0.00939;0.00738,
line-b-r00496,line-b,line-b-e09,33.2002858,-116.1528595,180.0,line-b-e10,33.2004452,-116.1526699,180.0,line-b-e16,33.2014015,-116.1515324,180.0,line-b-e17,33.2015609,-116.1513428,180.0,2026-08-18T15:39:12Z,dipole-dipole,6,4,0.982,814.8,90.268,4.617,0.01105,0.00141,0.01827;0.01584;0.01567;0.01381;0.01152;0.01052;0.00890;0.00681;0.00532;0.00385,
line-b-r00497,line-b,line-b-e09,33.2002858,-116.1528595,180.0,line-b-e10,33.2004452,-116.1526699,180.0,line-b-e16,33.2014015,-116.1515324,180.0,line-b-e17,33.2015609,-116.1513428,180.0,2026-08-18T15:39:24Z,dipole-dipole,6,8,1.156,692.0,65.199,7.478,0.01090,0.00194,0.01827;0.01608;0.01667;0.01313;0.01134;0.01025;0.00859;0.00630;0.00543;0.00395,
line-b-r00498,line-b,line-b-e09,33.2002858,-116.1528595,180.0,line-b-e10,33.2004452,-116.1526699,180.0,line-b-e16,33.2014015,-116.1515324,180.0,line-b-e17,33.2015609,-116.1513428,180.0,2026-08-18T15:39:36Z,dipole-dipole,6,3,0.722,1108.5,44.061,5.598,0.01210,0.00168,0.01766;0.01933;0.01772;0.01713;0.01461;0.01103;0.00967;0.00755;0.00573;0.00376,
line-b-r00499,line-b,line-b-e09,33.2002858,-116.1528595,180.0,line-b-e10,33.2004452,-116.1526699,180.0,line-b-e17,33.2015609,-116.1513428,180.0,line-b-e18,33.2017203,-116.1511532,180.0,2026-08-18T15:39:48Z,dipole-dipole,7,5,1.133,706.0,274.432,6.093,0.01239,0.00119,0.01977;0.01844;0.01828;0.01435;0.01479;0.01133;0.00951;0.00787;0.00590;0.00472,
line-b-r00500,line-b,line-b-e09,33.2002858,-116.1528595,180.0,line-b-e10,33.2004452,-116.1526699,180.0,line-b-e17,33.2015609,-116.1513428,180.0,line-b-e18,33.2017203,-116.1511532,180.0,2026-08-18T15:40:00Z,dipole-dipole,7,4,0.873,916.8,93.335,5.999,0.00285,0.00151,0.00463;0.00405;0.00353;0.00366;0.00327;0.00249;0.00226;0.00168;0.00143;0.00099,
line-b-r00501,line-b,line-b-e09,33.2002858,-116.1528595,180.0,line-b-e10,33.2004452,-116.1526699,180.0,line-b-e17,33.2015609,-116.1513428,180.0,line-b-e18,33.2017203,-116.1511532,180.0,2026-08-18T15:40:12Z,dipole-dipole,7,6,0.865,924.8,162.751,6.215,0.02291,0.00150,0.03437;0.03179;0.03290;0.02814;0.02752;0.02345;0.01731;0.01585;0.01076;0.00888,
line-b-r00502,line-b,line-b-e09,33.2002858,-116.1528595,180.0,line-b-e10,33.2004452,-116.1526699,180.0,line-b-e17,33.2015609,-116.1513428,180.0,line-b-e18,33.2017203,-116.1511532,180.0,2026-08-18T15:40:24Z,dipole-dipole,7,5,1.160,689.7,342.397,4.682,0.05373,0.00187,0.09205;0.07505;0.07241;0.06279;0.06074;0.04721;0.04353;0.03416;0.02717;0.01918,
line-b-r00503,line-b,line-b-e09,33.2002858,-116.1528595,180.0,line-b-e10,33.2004452,-116.1526699,180.0,line-b-e17,33.2015609,-116.1513428,180.0,line-b-e18,33.2017203,-116.1511532,180.0,2026-08-18T15:40:36Z,dipole-dipole,7,7,0.684,1169.9,106.287,6.229,0.00515,0.00127,0.00898;0.00723;0.00682;0.00646;0.00592;0.00554;0.00387;0.00326;0.00267;0.00165,
line-b-r00504,line-b,line-b-e09,33.2002858,-116.1528595,180.0,line-b-e10,33.2004452,-116.1526699,180.0,line-b-e17,33.2015609,-116.1513428,180.0,line-b-e18,33.2017203,-116.1511532,180.0,2026-08-18T15:40:48Z,dipole-dipole,7,6,1.059,755.4,72.988,5.312,0.03433,0.00138,0.04973;0.05158;0.04725;0.04293;0.03560;0.03035;0.02821;0.02241;0.01565;0.01269,
line-b-r00505,line-b,line-b-e09,33.2002858,-116.1528595,180.0,line-b-e10,33.2004452,-116.1526699,180.0,line-b-e17,33.2015609,-116.1513428,180.0,line-b-e18,33.2017203,-116.1511532,180.0,2026-08-18T15:41:00Z,dipole-dipole,7,5,0.781,1024.7,153.164,6.633,0.00767,0.00166,0.01248;0.01115;0.01096;0.00965;0.00805;0.00842;0.00612;0.00468;0.00324;0.00275,
line-b-r00506,line-b,line-b-e09,33.2002858,-116.1528595,180.0,line-b-e10,33.2004452,-116.1526699,180.0,line-b-e18,33.2017203,-116.1511532,180.0,line-b-e19,33.2018797,-116.1509636,180.0,2026-08-18T15:41:12Z,dipole-dipole,8,3,0.828,966.4,123.835,6.095,0.01802,0.00161,0.02468;0.03117;0.02673;0.02175;0.01948;0.01897;0.01472;0.01155;0.00866;0.00697,
line-b-r00507,line-b,line-b-e09,33.2002858,-116.1528595,180.0,line-b-e10,33.2004452,-116.1526699,180.0,line-b-e18,33.2017203,-116.1511532,180.0,line-b-e19,33.2018797,-116.1509636,180.0,2026-08-18T15:41:24Z,dipole-dipole,8,5,0.852,939.0,128.290,4.958,0.01642,0.00194,0.02881;0.02627;0.02156;0.02108;0.01835;0.01699;0.01288;0.01021;0.00843;0.00563,
line-b-r00508,line-b,line-b-e09,33.2002858,-116.1528595,180.0,line-b-e10,33.2004452,-116.1526699,180.0,line-b-e18,33.2017203,-116.1511532,180.0,line-b-e19,33.2018797,-116.1509636,180.0,2026-08-18T15:41:36Z,dipole-dipole,8,4,0.791,1011.9,137.436,5.535,0.01469,0.00132,0.02443;0.02273;0.01960;0.01631;0.01466;0.01440;0.01241;0.01019;0.00646;0.00518,
line-b-r00509,line-b,line-b-e09,33.2002858,-116.1528595,180.0,line-b-e10,33.2004452,-116.1526699,180.0,line-b-e18,33.2017203,-116.1511532,180.0,line-b-e19,33.2018797,-116.1509636,180.0,2026-08-18T15:41:48Z,dipole-dipole,8,7,0.869,920.1,134.969,4.746,0.01898,0.00137,0.03025;0.03382;0.02707;0.02275;0.02047;0.01785;0.01423;0.01190;0.00972;0.00621,
line-b-r00510,line-b,line-b-e09,33.2002858,-116.1528595,180.0,line-b-e10,33.2004452,-116.1526699,180.0,line-b-e18,33.2017203,-116.1511532,180.0,line-b-e19,33.2018797,-116.1509636,180.0,2026-08-18T15:42:00Z,dipole-dipole,8,7,0.834,959.0,130.214,5.118,0.01954,0.03730,0.03117;0.02922;0.02761;0.02625;0.02156;0.01985;0.01549;0.01271;0.00882;0.00676,
line-b-r00511,line-b,line-b-e09,33.2002858,-116.1528595,180.0,line-b-e10,33.2004452,-116.1526699,180.0,line-b-e18,33.2017203,-116.1511532,180.0,line-b-e19,33.2018797,-116.1509636,180.0,2026-08-18T15:42:12Z,dipole-dipole,8,4,1.158,691.0,134.495,5.776,0.01803,0.00156,0.03114;0.02751;0.02527;0.01999;0.01920;0.01978;0.01414;0.01195;0.00916;0.00628,
line-b-r00512,line-b,line-b-e09,33.2002858,-116.1528595,180.0,line-b-e10,33.2004452,-116.1526699,180.0,line-b-e18,33.2017203,-116.1511532,180.0,line-b-e19,33.2018797,-116.1509636,180.0,2026-08-18T15:42:24Z,dipole-dipole,8,5,0.977,818.7,130.097,6.384,0.01552,0.00152,0.02646;0.02419;0.01994;0.01877;0.01638;0.01489;0.01238;0.01108;0.00767;0.00519,
line-b-r00513,line-b,line-b-e09,33.2002858,-116.1528595,180.0,line-b-e10,33.2004452,-116.1526699,180.0,line-b-e18,33.2017203,-116.1511532,180.0,line-b-e19,33.2018797,-116.1509636,180.0,2026-08-18T15:42:36Z,dipole-dipole,8,5,0.938,853.3,132.375,5.569,0.01663,0.00137,0.02316;0.02558;0.02268;0.01998;0.01729;0.01485;0.01263;0.01108;0.00771;0.00619,
line-b-r00514,line-b,line-b-e10,33.2004452,-116.1526699,180.0,line-b-e11,33.2006046,-116.1524803,180.0,line-b-e12,33.2007639,-116.1522907,180.0,line-b-e13,33.2009233,-116.1521011,180.0,2026-08-18T15:42:48Z,dipole-dipole,1,5,0.808,990.3,213.339,6.127,0.00550,0.00105,0.00806;0.00856;0.00731;0.00690;0.00585;0.00537;0.00418;0.00368;0.00274;0.00180,
line-b-r00515,line-b,line-b-e10,33.2004452,-116.1526699,180.0,line-b-e11,33.2006046,-116.1524803,180.0,line-b-e12,33.2007639,-116.1522907,180.0,line-b-e13,33.2009233,-116.1521011,180.0,2026-08-18T15:43:00Z,dipole-dipole,1,6,1.149,696.5,203.272,9.055,0.00548,0.00088,0.00837;0.00825;0.00746;0.00651;0.00658;0.00496;0.00500;0.00300;0.00270;0.00199,
line-b-r00516,line-b,line-b-e10,33.2004452,-116.1526699,180.0,line-b-e11,33.2006046,-116.1524803,180.0,line-b-e12,33.2007639,-116.1522907,180.0,line-b-e13,33.2009233,-116.1521011,180.0,2026-08-18T15:43:12Z,dipole-dipole,1,3,1.051,761.5,200.184,9.003,0.00626,0.00127,0.00987;0.00965;0.00898;0.00762;0.00667;0.00598;0.00421;0.00426;0.00319;0.00247,
line-b-r00517,line-b,line-b-e10,33.2004452,-116.1526699,180.0,line-b-e11,33.2006046,-116.1524803,180.0,line-b-e12,33.2007639,-116.1522907,180.0,line-b-e13,33.2009233,-116.1521011,180.0,2026-08-18T15:43:24Z,dipole-dipole,1,3,0.773,1034.8,201.520,8.030,0.00608,0.00118,0.01018;0.00920;0.00794;0.00812;0.00614;0.00575;0.00504;0.00377;0.00309;0.00205,
line-b-r00518,line-b,line-b-e10,33.2004452,-116.1526699,180.0,line-b-e11,33.2006046,-116.1524803,180.0,line-b-e12,33.2007639,-116.1522907,180.0,line-b-e13,33.2009233,-116.1521011,180.0,2026-08-18T15:43:36Z,dipole-dipole,1,4,0.838,954.4,194.593,8.474,0.00487,0.00100,0.00798;0.00793;0.00667;0.00611;0.00511;0.00450;0.00403;0.00287;0.00251;0.00170,
line-b-r00519,line-b,line-b-e10,33.2004452,-116.1526699,180.0,line-b-e11,33.2006046,-116.1524803,180.0,line-b-e12,33.2007639,-116.1522907,180.0,line-b-e13,33.2009233,-116.1521011,180.0,2026-08-18T15:43:48Z,dipole-dipole,1,5,0.788,1015.5,207.445,9.991,0.00519,0.00123,0.00906;0.00790;0.00698;0.00649;0.00566;0.00511;0.00398;0.00351;0.00273;0.00191,
line-b-r00520,line-b,line-b-e10,33.2004452,-116.1526699,180.0,line-b-e11,33.2006046,-116.1524803,180.0,line-b-e12,33.2007639,-116.1522907,180.0,line-b-e13,33.2009233,-116.1521011,180.0,2026-08-18T15:44:00Z,dipole-dipole,1,7,0.969,825.6,206.918,9.646,0.00364,0.00098,0.00581;0.00514;0.00498;0.00458;0.00373;0.00387;0.00289;0.00265;0.00167;0.00130,
line-b-r00521,line-b,line-b-e10,33.2004452,-116.1526699,180.0,line-b-e11,33.2006046,-116.1524803,180.0,line-b-e13,33.2009233,-116.1521011,180.0,line-b-e14,33.2010827,-116.1519115,180.0,2026-08-18T15:44:12Z,dipole-dipole,2,5,0.802,997.1,199.189,7.939,0.00483,0.00097,0.00810;0.00733;0.00676;0.00580;0.00506;0.00408;0.00369;0.00301;0.00210;0.00177,
line-b-r00522,line-b,line-b-e10,33.2004452,-116.1526699,180.0,line-b-e11,33.2006046,-116.1524803,180.0,line-b-e13,33.2009233,-116.1521011,180.0,line-b-e14,33.2010827,-116.1519115,180.0,2026-08-18T15:44:24Z,dipole-dipole,2,3,0.707,1131.7,205.189,6.027,0.00303,0.00105,0.00452;0.00472;0.00408;0.00382;0.00362;0.00294;0.00240;0.00182;0.00156;0.00114,
line-b-r00523,line-b,line-b-e10,33.2004452,-116.1526699,180.0,line-b-e11,33.2006046,-116.1524803,180.0,line-b-e13,33.2009233,-116.1521011,180.0,line-b-e14,33.2010827,-116.1519115,180.0,2026-08-18T15:44:36Z,dipole-dipole,2,7,1.002,798.7,198.485,6.918,0.00534,0.00115,0.00856;0.00805;0.00761;0.00620;0.00529;0.00512;0.00393;0.00324;0.00234;0.00211,
line-b-r00524,line-b,line-b-e10,33.2004452,-116.1526699,180.0,line-b-e11,33.2006046,-116.1524803,180.0,line-b-e13,33.2009233,-116.1521011,180.0,line-b-e14,33.2010827,-116.1519115,180.0,2026-08-18T15:44:48Z,dipole-dipole,2,6,0.855,935.5,201.348,9.133,0.00335,0.00122,0.00525;0.00518;0.00441;0.00387;0.00390;0.00302;0.00270;0.00201;0.00160;0.00119,
line-b-r00525,line-b,line-b-e10,33.2004452,-116.1526699,180.0,line-b-e11,33.2006046,-116.1524803,180.0,line-b-e13,33.2009233,-116.1521011,180.0,line-b-e14,33.2010827,-116.1519115,180.0,2026-08-18T15:45:00Z,dipole-dipole,2,8,0.994,805.1,194.395,5.570,0.00521,0.00114,0.00851;0.00741;0.00648;0.00575;0.00514;0.00525;0.00435;0.00361;0.00251;0.00198,
line-b-r00526,line-b,line-b-e10,33.2004452,-116.1526699,180.0,line-b-e11,33.2006046,-116.1524803,180.0,line-b-e13,33.2009233,-116.1521011,180.0,line-b-e14,33.2010827,-116.1519115,180.0,2026-08-18T15:45:12Z,dipole-dipole,2,3,0.827,967.7,205.454,6.043,0.00391,0.00092,0.00604;0.00598;0.00570;0.00468;0.00467;0.00370;0.00301;0.00256;0.00188;0.00136,
line-b-r00527,line-b,line-b-e10,33.2004452,-116.1526699,180.0,line-b-e11,33.2006046,-116.1524803,180.0,line-b-e13,33.2009233,-116.1521011,180.0,line-b-e14,33.2010827,-116.1519115,180.0,2026-08-18T15:45:24Z,dipole-dipole,2,4,0.859,931.6,199.703,6.344,0.00539,0.00143,0.00824;0.00817;0.00735;0.00655;0.00590;0.00485;0.00405;0.00344;0.00255;0.00187,
line-b-r00528,line-b,line-b-e10,33.2004452,-116.1526699,180.0,line-b-e11,33.2006046,-116.1524803,180.0,line-b-e14,33.2010827,-116.1519115,180.0,line-b-e15,33.2012421,-116.1517219,180.0,2026-08-18T15:45:36Z,dipole-dipole,3,8,0.865,924.8,203.532,8.134,0.00608,0.00108,0.00969;0.00899;0.00798;0.00861;0.00670;0.00602;0.00530;0.00406;0.00309;0.00210,
line-b-r00529,line-b,line-b-e10,33.2004452,-116.1526699,180.0,line-b-e11,33.2006046,-116.1524803,180.0,line-b-e14,33.2010827,-116.1519115,180.0,line-b-e15,33.2012421,-116.1517219,180.0,2026-08-18T15:45:48Z,dipole-dipole,3,8,0.724,1104.4,198.125,7.701,0.00391,0.00100,0.00690;0.00672;0.00526;0.00500;0.00397;0.00367;0.00351;0.00240;0.00185;0.00137,
line-b-r00530,line-b,line-b-e10,33.2004452,-116.1526699,180.0,line-b-e11,33.2006046,-116.1524803,180.0,line-b-e14,33.2010827,-116.1519115,180.0,line-b-e15,33.2012421,-116.1517219,180.0,2026-08-18T15:46:00Z,dipole-dipole,3,3,1.039,769.8,199.724,7.371,0.00673,0.00099,0.01100;0.00992;0.00913;0.00792;0.00712;0.00626;0.00543;0.00436;0.00342;0.00271,
line-b-r00531,line-b,line-b-e10,33.2004452,-116.1526699,180.0,line-b-e11,33.2006046,-116.1524803,180.0,line-b-e14,33.2010827,-116.1519115,180.0,line-b-e15,33.2012421,-116.1517219,180.0,2026-08-18T15:46:12Z,dipole-dipole,3,5,0.727,1100.4,180.983,6.540,0.00664,0.00108,0.00962;0.00954;0.00984;0.00913;0.00718;0.00684;0.00510;0.00439;0.00318;0.00243,
line-b-r00532,line-b,line-b-e10,33.2004452,-116.1526699,180.0,line-b-e11,33.2006046,-116.1524803,180.0,line-b-e14,33.2010827,-116.1519115,180.0,line-b-e15,33.2012421,-116.1517219,180.0,2026-08-18T15:46:24Z,dipole-dipole,3,5,0.892,896.9,200.365,7.911,0.00647,0.00095,0.01039;0.01017;0.00803;0.00727;0.00689;0.00600;0.00513;0.00395;0.00277;0.00219,
line-b-r00533,line-b,line-b-e10,33.2004452,-116.1526699,180.0,line-b-e11,33.2006046,-116.1524803,180.0,line-b-e14,33.2010827,-116.1519115,180.0,line-b-e15,33.2012421,-116.1517219,180.0,2026-08-18T15:46:36Z,dipole-dipole,3,5,1.054,758.9,197.388,7.788,0.00719,0.00125,0.01063;0.01041;0.00973;0.00851;0.00797;0.00708;0.00552;0.00415;0.00344;0.00279,
line-b-r00534,line-b,line-b-e10,33.2004452,-116.1526699,180.0,line-b-e11,33.2006046,-116.1524803,180.0,line-b-e14,33.2010827,-116.1519115,180.0,line-b-e15,33.2012421,-116.1517219,180.0,2026-08-18T15:46:48Z,dipole-dipole,3,3,0.946,846.1,199.875,7.858,0.00518,0.00129,0.00820;0.00702;0.00614;0.00664;0.00540;0.00536;0.00414;0.00302;0.00256;0.00161,
line-b-r00535,line-b,line-b-e10,33.2004452,-116.1526699,180.0,line-b-e11,33.2006046,-116.1524803,180.0,line-b-e14,33.2010827,-116.1519115,180.0,line-b-e15,33.2012421,-116.1517219,180.0,2026-08-18T15:47:00Z,dipole-dipole,3,6,0.835,957.9,183.040,7.024,0.00452,0.00093,0.00750;0.00713;0.00641;0.00485;0.00516;0.00425;0.00342;0.00305;0.00224;0.00173,
line-b-r00536,line-b,line-b-e10,33.2004452,-116.1526699,180.0,line-b-e11,33.2006046,-116.1524803,180.0,line-b-e15,33.2012421,-116.1517219,180.0,line-b-e16,33.2014015,-116.1515324,180.0,2026-08-18T15:47:12Z,dipole-dipole,4,8,0.847,944.5,170.690,7.231,0.00561,0.00788,0.00851;0.00850;0.00698;0.00704;0.00671;0.00547;0.00451;0.00339;0.00263;0.00181,
line-b-r00537,line-b,line-b-e10,33.2004452,-116.1526699,180.0,line-b-e11,33.2006046,-116.1524803,180.0,line-b-e15,33.2012421,-116.1517219,180.0,line-b-e16,33.2014015,-116.1515324,180.0,2026-08-18T15:47:24Z,dipole-dipole,4,6,1.096,730.1,172.209,7.918,0.00794,0.00087,0.01224;0.01269;0.01219;0.01005;0.00809;0.00721;0.00593;0.00512;0.00407;0.00302,
line-b-r00538,line-b,line-b-e10,33.2004452,-116.1526699,180.0,line-b-e11,33.2006046,-116.1524803,180.0,line-b-e15,33.2012421,-116.1517219,180.0,line-b-e16,33.2014015,-116.1515324,180.0,2026-08-18T15:47:36Z,dipole-dipole,4,3,0.690,1159.6,180.007,7.559,0.00775,0.00119,0.01269;0.01288;0.01088;0.01073;0.00866;0.00632;0.00581;0.00464;0.00395;0.00271,
line-b-r00539,line-b,line-b-e10,33.2004452,-116.1526699,180.0,line-b-e11,33.2006046,-116.1524803,180.0,line-b-e15,33.2012421,-116.1517219,180.0,line-b-e16,33.2014015,-116.1515324,180.0,2026-08-18T15:47:48Z,dipole-dipole,4,8,0.642,1245.9,192.961,7.830,0.00943,0.00142,0.01537;0.01268;0.01358;0.01174;0.01009;0.00832;0.00683;0.00612;0.00422;0.00341,
line-b-r00540,line-b,line-b-e10,33.2004452,-116.1526699,180.0,line-b-e11,33.2006046,-116.1524803,180.0,line-b-e15,33.2012421,-116.1517219,180.0,line-b-e16,33.2014015,-116.1515324,180.0,2026-08-18T15:48:00Z,dipole-dipole,4,7,0.882,907.1,190.866,5.758,0.00555,0.00114,0.00883;0.00854;0.00811;0.00640;0.00590;0.00542;0.00471;0.00374;0.00312;0.00202,
line-b-r00541,line-b,line-b-e10,33.2004452,-116.1526699,180.0,line-b-e11,33.2006046,-116.1524803,180.0,line-b-e15,33.2012421,-116.1517219,180.0,line-b-e16,33.2014015,-116.1515324,180.0,2026-08-18T15:48:12Z,dipole-dipole,4,8,1.134,705.7,182.557,7.191,0.00651,0.00112,0.01060;0.01014;0.00973;0.00794;0.00715;0.00611;0.00467;0.00426;0.00310;0.00249,
line-b-r00542,line-b,line-b-e10,33.2004452,-116.1526699,180.0,line-b-e11,33.2006046,-116.1524803,180.0,line-b-e16,33.2014015,-116.1515324,180.0,line-b-e17,33.2015609,-116.1513428,180.0,2026-08-18T15:48:24Z,dipole-dipole,5,8,1.061,754.4,446.338,6.603,0.02171,0.00116,0.03287;0.02872;0.02892;0.02881;0.02364;0.02055;0.01711;0.01331;0.01076;0.00781,
line-b-r00543,line-b,line-b-e10,33.2004452,-116.1526699,180.0,line-b-e11,33.2006046,-116.1524803,180.0,line-b-e16,33.2014015,-116.1515324,180.0,line-b-e17,33.2015609,-116.1513428,180.0,2026-08-18T15:48:36Z,dipole-dipole,5,6,0.896,893.0,137.829,7.192,0.00309,0.00117,0.00498;0.00470;0.00397;0.00420;0.00311;0.00254;0.00253;0.00193;0.00159;0.00101,
line-b-r00544,line-b,line-b-e10,33.2004452,-116.1526699,180.0,line-b-e11,33.2006046,-116.1524803,180.0,line-b-e16,33.2014015,-116.1515324,180.0,line-b-e17,33.2015609,-116.1513428,180.0,2026-08-18T15:48:48Z,dipole-dipole,5,5,1.126,710.7,466.518,6.002,0.01799,0.00117,0.02914;0.02584;0.02155;0.02091;0.01905;0.01740;0.01299;0.01066;0.00938;0.00568,
line-b-r00545,line-b,line-b-e10,33.2004452,-116.1526699,180.0,line-b-e11,33.2006046,-116.1524803,180.0,line-b-e16,33.2014015,-116.1515324,180.0,line-b-e17,33.2015609,-116.1513428,180.0,2026-08-18T15:49:00Z,dipole-dipole,5,8,1.025,780.8,129.596,5.681,0.00406,0.00126,0.00711;0.00610;0.00542;0.00506;0.00437;0.00411;0.00315;0.00244;0.00214;0.00132,
line-b-r00546,line-b,line-b-e10,33.2004452,-116.1526699,180.0,line-b-e11,33.2006046,-116.1524803,180.0,line-b-e16,33.2014015,-116.1515324,180.0,line-b-e17,33.2015609,-116.1513428,180.0,2026-08-18T15:49:12Z,dipole-dipole,5,8,0.772,1036.7,318.653,6.562,0.01094,0.00115,0.01731;0.01601;0.01568;0.01431;0.01250;0.01072;0.00829;0.00746;0.00546;0.00370,
line-b-r00547,line-b,line-b-e10,33.2004452,-116.1526699,180.0,line-b-e11,33.2006046,-116.1524803,180.0,line-b-e16,33.2014015,-116.1515324,180.0,line-b-e17,33.2015609,-116.1513428,180.0,2026-08-18T15:49:24Z,dipole-dipole,5,6,0.794,1007.3,191.847,6.169,0.01671,0.00140,0.02530;0.02464;0.02332;0.01922;0.01962;0.01737;0.01276;0.01018;0.00825;0.00618,
line-b-r00548,line-b,line-b-e10,33.2004452,-116.1526699,180.0,line-b-e11,33.2006046,-116.1524803,180.0,line-b-e16,33.2014015,-116.1515324,180.0,line-b-e17,33.2015609,-116.1513428,180.0,2026-08-18T15:49:36Z,dipole-dipole,5,8,0.749,1068.4,111.706,6.752,0.01272,0.00121,0.02103;0.01743;0.01724;0.01529;0.01293;0.01145;0.01139;0.00783;0.00655;0.00506,
line-b-r00549,line-b,line-b-e10,33.2004452,-116.1526699,180.0,line-b-e11,33.2006046,-116.1524803,180.0,line-b-e17,33.2015609,-116.1513428,180.0,line-b-e18,33.2017203,-116.1511532,180.0,2026-08-18T15:49:48Z,dipole-dipole,6,4,0.688,1162.1,81.357,5.189,0.00299,0.00158,0.00441;0.00438;0.00377;0.00422;0.00348;0.00293;0.00234;0.00189;0.00156;0.00114,
line-b-r00550,line-b,line-b-e10,33.2004452,-116.1526699,180.0,line-b-e11,33.2006046,-116.1524803,180.0,line-b-e17,33.2015609,-116.1513428,180.0,line-b-e18,33.2017203,-116.1511532,180.0,2026-08-18T15:50:00Z,dipole-dipole,6,3,0.887,901.8,417.358,4.267,0.00626,0.00127,0.00895;0.00924;0.00878;0.00762;0.00672;0.00626;0.00549;0.00436;0.00320;0.00206,
line-b-r00551,line-b,line-b-e10,33.2004452,-116.1526699,180.0,line-b-e11,33.2006046,-116.1524803,180.0,line-b-e17,33.2015609,-116.1513428,180.0,line-b-e18,33.2017203,-116.1511532,180.0,2026-08-18T15:50:12Z,dipole-dipole,6,8,0.738,1084.4,219.792,6.591,0.02983,0.00145,0.04640;0.04119;0.03985;0.03951;0.03156;0.02860;0.02229;0.02122;0.01503;0.01036,
line-b-r00552,line-b,line-b-e10,33.2004452,-116.1526699,180.0,line-b-e11,33.2006046,-116.1524803,180.0,line-b-e17,33.2015609,-116.1513428,180.0,line-b-e18,33.2017203,-116.1511532,180.0,2026-08-18T15:50:24Z,dipole-dipole,6,4,0.857,933.1,254.066,6.567,0.04418,0.00167,0.07272;0.07072;0.05744;0.05468;0.04691;0.04177;0.03281;0.02954;0.02123;0.01673,
line-b-r00553,line-b,line-b-e10,33.2004452,-116.1526699,180.0,line-b-e11,33.2006046,-116.1524803,180.0,line-b-e17,33.2015609,-116.1513428,180.0,line-b-e18,33.2017203,-116.1511532,180.0,2026-08-18T15:50:36Z,dipole-dipole,6,4,0.727,1100.9,70.256,5.935,0.01721,0.00122,0.02511;0.02407;0.02389;0.01979;0.01786;0.01646;0.01402;0.01075;0.00856;0.00705,
line-b-r00554,line-b,line-b-e10,33.2004452,-116.1526699,180.0,line-b-e11,33.2006046,-116.1524803,180.0,line-b-e17,33.2015609,-116.1513428,180.0,line-b-e18,33.2017203,-116.1511532,180.0,2026-08-18T15:50:48Z,dipole-dipole,6,8,0.815,981.9,142.630,5.872,0.01554,0.00146,0.02366;0.02252;0.01976;0.01843;0.01598;0.01459;0.01453;0.00974;0.00804;0.00543,
line-b-r00555,line-b,line-b-e10,33.2004452,-116.1526699,180.0,line-b-e11,33.2006046,-116.1524803,180.0,line-b-e18,33.2017203,-116.1511532,180.0,line-b-e19,33.2018797,-116.1509636,180.0,2026-08-18T15:51:00Z,dipole-dipole,7,6,0.947,844.6,139.648,5.743,0.01505,0.00151,0.02545;0.02349;0.01985;0.02051;0.01684;0.01508;0.01146;0.00897;0.00745;0.00534,
line-b-r00556,line-b,line-b-e10,33.2004452,-116.1526699,180.0,line-b-e11,33.2006046,-116.1524803,180.0,line-b-e18,33.2017203,-116.1511532,180.0,line-b-e19,33.2018797,-116.1509636,180.0,2026-08-18T15:51:12Z,dipole-dipole,7,7,0.924,866.1,132.204,6.417,0.01391,0.00166,0.02176;0.02127;0.02043;0.01708;0.01656;0.01344;0.01065;0.00925;0.00700;0.00475,
line-b-r00557,line-b,line-b-e10,33.2004452,-116.1526699,180.0,line-b-e11,33.2006046,-116.1524803,180.0,line-b-e18,33.2017203,-116.1511532,180.0,line-b-e19,33.2018797,-116.1509636,180.0,2026-08-18T15:51:24Z,dipole-dipole,7,5,0.798,1003.0,140.894,5.662,0.01535,0.00152,0.02409;0.02262;0.02238;0.01912;0.01790;0.01470;0.01313;0.00966;0.00804;0.00521,
line-b-r00558,line-b,line-b-e10,33.2004452,-116.1526699,180.0,line-b-e11,33.2006046,-116.1524803,180.0,line-b-e18,33.2017203,-116.1511532,180.0,line-b-e19,33.2018797,-116.1509636,180.0,2026-08-18T15:51:36Z,dipole-dipole,7,3,0.852,939.5,138.697,6.372,0.01498,0.00170,0.02373;0.02312;0.02024;0.01880;0.01686;0.01437;0.01132;0.00934;0.00748;0.00563,
line-b-r00559,line-b,line-b-e10,33.2004452,-116.1526699,180.0,line-b-e11,33.2006046,-116.1524803,180.0,line-b-e18,33.2017203,-116.1511532,180.0,line-b-e19,33.2018797,-116.1509636,180.0,2026-08-18T15:51:48Z,dipole-dipole,7,8,0.953,839.3,139.708,6.272,0.01442,0.02647,0.02306;0.02012;0.01974;0.01745;0.01540;0.01297;0.01015;0.00927;0.00774;0.00554,
line-b-r00560,line-b,line-b-e10,33.2004452,-116.1526699,180.0,line-b-e11,33.2006046,-116.1524803,180.0,line-b-e18,33.2017203,-116.1511532,180.0,line-b-e19,33.2018797,-116.1509636,180.0,2026-08-18T15:52:00Z,dipole-dipole,7,6,0.815,981.6,133.664,4.786,0.01445,0.00126,0.02297;0.02115;0.01982;0.01855;0.01451;0.01313;0.01255;0.00830;0.00791;0.00517,
line-b-r00561,line-b,line-b-e10,33.2004452,-116.1526699,180.0,line-b-e11,33.2006046,-116.1524803,180.0,line-b-e19,33.2018797,-116.1509636,180.0,line-b-e20,,,,2026-08-18T15:52:12Z,dipole-dipole,8,7,0.953,839.3,125.948,6.441,0.01468,0.00162,0.02554;0.02098;0.02031;0.01789;0.01617;0.01247;0.01120;0.00905;0.00698;0.00528,
line-b-r00562,line-b,line-b-e10,33.2004452,-116.1526699,180.0,line-b-e11,33.2006046,-116.1524803,180.0,line-b-e19,33.2018797,-116.1509636,180.0,line-b-e20,33.2020391,-116.1507740,180.0,2026-08-18T15:52:24Z,dipole-dipole,8,4,0.794,1008.0,133.183,6.032,0.01831,0.00138,0.02663;0.02606;0.02861;0.02338;0.02158;0.01684;0.01508;0.01209;0.01004;0.00571,
line-b-r00563,line-b,line-b-e10,33.2004452,-116.1526699,180.0,line-b-e11,33.2006046,-116.1524803,180.0,line-b-e19,33.2018797,-116.1509636,180.0,line-b-e20,33.2020391,-116.1507740,180.0,2026-08-18T15:52:36Z,dipole-dipole,8,5,0.660,1211.2,123.171,4.513,0.01666,0.00142,0.02723;0.02548;0.02192;0.01933;0.01843;0.01672;0.01266;0.01006;0.00733;0.00557,
line-b-r00564,line-b,line-b-e10,33.2004452,-116.1526699,180.0,line-b-e11,33.2006046,-116.1524803,180.0,line-b-e19,33.2018797,-116.1509636,180.0,line-b-e20,33.2020391,-116.1507740,180.0,2026-08-18T15:52:48Z,dipole-dipole,8,4,0.858,932.3,137.044,6.262,0.01511,0.00186,0.02409;0.02282;0.02053;0.02053;0.01785;0.01503;0.01216;0.00870;0.00685;0.00524,
line-b-r00565,line-b,line-b-e10,33.2004452,-116.1526699,180.0,line-b-e11,33.2006046,-116.1524803,180.0,line-b-e19,33.2018797,-116.1509636,180.0,line-b-e20,33.2020391,-116.1507740,180.0,2026-08-18T15:53:00Z,dipole-dipole,8,7,1.203,665.0,126.531,5.659,0.01560,0.00147,0.02359;0.02487;0.02130;0.02007;0.01844;0.01329;0.01271;0.01118;0.00767;0.00581,
line-b-r00566,line-b,line-b-e10,33.2004452,-116.1526699,180.0,line-b-e11,33.2006046,-116.1524803,180.0,line-b-e19,33.2018797,-116.1509636,180.0,line-b-e20,33.2020391,-116.1507740,180.0,2026-08-18T15:53:12Z,dipole-dipole,8,7,1.143,699.7,135.490,5.270,0.01540,0.00129,0.02563;0.02461;0.02229;0.01984;0.01661;0.01474;0.01236;0.01013;0.00749;0.00540,
line-b-r00567,line-b,line-b-e10,33.2004452,-116.1526699,180.0,line-b-e11,33.2006046,-116.1524803,180.0,line-b-e19,33.2018797,-116.1509636,180.0,line-b-e20,33.2020391,-116.1507740,180.0,2026-08-18T15:53:24Z,dipole-dipole,8,3,0.806,993.0,131.348,4.749,0.01501,0.00166,0.02224;0.02123;0.02163;0.01892;0.01600;0.01450;0.01274;0.01083;0.00712;0.00521,
line-b-r00568,line-b,line-b-e11,33.2006046,-116.1524803,180.0,line-b-e12,33.2007639,-116.1522907,180.0,line-b-e13,33.2009233,-116.1521011,180.0,line-b-e14,33.2010827,-116.1519115,180.0,2026-08-18T15:53:36Z,dipole-dipole,1,7,2.000,305.3,212.504,7.404,0.00542,0.00109,0.00868;0.00897;0.00800;0.00670;0.00605;0.00490;0.00450;0.00340;0.00280;0.00206,
line-b-r00569,line-b,line-b-e11,33.2006046,-116.1524803,180.0,line-b-e12,33.2007639,-116.1522907,180.0,line-b-e13,33.2009233,-116.1521011,180.0,line-b-e14,33.2010827,-116.1519115,180.0,2026-08-18T15:53:48Z,dipole-dipole,1,6,2.000,280.7,205.549,8.418,0.00335,0.00117,0.00551;0.00506;0.00430;0.00408;0.00368;0.00348;0.00285;0.00219;0.00165;0.00107,
line-b-r00570,line-b,line-b-e11,33.2006046,-116.1524803,180.0,line-b-e12,33.2007639,-116.1522907,180.0,line-b-e13,33.2009233,-116.1521011,180.0,line-b-e14,33.2010827,-116.1519115,180.0,2026-08-18T15:54:00Z,dipole-dipole,1,5,2.000,279.2,203.502,8.204,0.00651,0.00105,0.01048;0.00979;0.00850;0.00845;0.00733;0.00527;0.00576;0.00446;0.00309;0.00233,
line-b-r00571,line-b,line-b-e11,33.2006046,-116.1524803,180.0,line-b-e12,33.2007639,-116.1522907,180.0,line-b-e13,33.2009233,-116.1521011,180.0,line-b-e14,33.2010827,-116.1519115,180.0,2026-08-18T15:54:12Z,dipole-dipole,1,7,2.000,365.5,215.291,7.784,0.00502,0.00129,0.00739;0.00747;0.00655;0.00593;0.00508;0.00491;0.00401;0.00310;0.00242;0.00162,
line-b-r00572,line-b,line-b-e11,33.2006046,-116.1524803,180.0,line-b-e12,33.2007639,-116.1522907,180.0,line-b-e13,33.2009233,-116.1521011,180.0,line-b-e14,33.2010827,-116.1519115,180.0,2026-08-18T15:54:24Z,dipole-dipole,1,5,2.000,318.3,199.073,9.584,0.00707,0.00095,0.01047;0.01009;0.01062;0.00828;0.00790;0.00715;0.00573;0.00441;0.00361;0.00230,
line-b-r00573,line-b,line-b-e11,33.2006046,-116.1524803,180.0,line-b-e12,33.2007639,-116.1522907,180.0,line-b-e13,33.2009233,-116.1521011,180.0,line-b-e14,33.2010827,-116.1519115,180.0,2026-08-18T15:54:36Z,dipole-dipole,1,5,2.000,296.4,198.490,8.691,0.00442,0.00074,0.00780;0.00609;0.00597;0.00514;0.00454;0.00388;0.00357;0.00291;0.00223;0.00152,
line-b-r00574,line-b,line-b-e11,33.2006046,-116.1524803,180.0,line-b-e12,33.2007639,-116.1522907,180.0,line-b-e14,33.2010827,-116.1519115,180.0,line-b-e15,33.2012421,-116.1517219,180.0,2026-08-18T15:54:48Z,dipole-dipole,2,8,2.000,280.7,200.126,9.234,0.00394,0.00102,0.00558;0.00656;0.00526;0.00451;0.00387;0.00355;0.00283;0.00242;0.00210;0.00133,
line-b-r00575,line-b,line-b-e11,33.2006046,-116.1524803,180.0,line-b-e12,33.2007639,-116.1522907,180.0,line-b-e14,33.2010827,-116.1519115,180.0,line-b-e15,33.2012421,-116.1517219,180.0,2026-08-18T15:55:00Z,dipole-dipole,2,5,2.000,322.1,203.563,8.524,0.00431,0.00112,0.00668;0.00702;0.00561;0.00580;0.00476;0.00423;0.00328;0.00297;0.00216;0.00156,
line-b-r00576,line-b,line-b-e11,33.2006046,-116.1524803,180.0,line-b-e12,33.2007639,-116.1522907,180.0,line-b-e14,33.2010827,-116.1519115,180.0,line-b-e15,33.2012421,-116.1517219,180.0,2026-08-18T15:55:12Z,dipole-dipole,2,4,2.000,305.6,205.120,6.786,0.00377,0.00095,0.00566;0.00527;0.00481;0.00457;0.00376;0.00349;0.00327;0.00244;0.00200;0.00140,
line-b-r00577,line-b,line-b-e11,33.2006046,-116.1524803,180.0,line-b-e12,33.2007639,-116.1522907,180.0,line-b-e14,33.2010827,-116.1519115,180.0,line-b-e15,33.2012421,-116.1517219,180.0,2026-08-18T15:55:24Z,dipole-dipole,2,8,2.000,261.4,200.443,6.777,0.00375,0.00099,0.00606;0.00591;0.00509;0.00491;0.00408;0.00371;0.00293;0.00222;0.00192;0.00136,
line-b-r00578,line-b,line-b-e11,33.2006046,-116.1524803,180.0,line-b-e12,33.2007639,-116.1522907,180.0,line-b-e14,33.2010827,-116.1519115,180.0,line-b-e15,33.2012421,-116.1517219,180.0,2026-08-18T15:55:36Z,dipole-dipole,2,6,2.000,337.6,192.534,8.059,0.00334,0.00117,0.00530;0.00483;0.00441;0.00418;0.00384;0.00277;0.00266;0.00208;0.00168;0.00123,
line-b-r00579,line-b,line-b-e11,33.2006046,-116.1524803,180.0,line-b-e12,33.2007639,-116.1522907,180.0,line-b-e14,33.2010827,-116.1519115,180.0,line-b-e15,33.2012421,-116.1517219,180.0,2026-08-18T15:55:48Z,dipole-dipole,2,8,2.000,327.7,190.836,5.887,0.00348,0.00121,0.00541;0.00536;0.00491;0.00414;0.00349;0.00350;0.00275;0.00190;0.00185;0.00129,
line-b-r00580,line-b,line-b-e11,33.2006046,-116.1524803,180.0,line-b-e12,33.2007639,-116.1522907,180.0,line-b-e15,33.2012421,-116.1517219,180.0,line-b-e16,33.2014015,-116.1515324,180.0,2026-08-18T15:56:00Z,dipole-dipole,3,3,2.000,247.6,181.293,7.299,0.00481,0.00114,0.00788;0.00715;0.00654;0.00640;0.00533;0.00438;0.00406;0.00318;0.00243;0.00165,
line-b-r00581,line-b,line-b-e11,33.2006046,-116.1524803,180.0,line-b-e12,33.2007639,-116.1522907,180.0,line-b-e15,33.2012421,-116.1517219,180.0,line-b-e16,33.2014015,-116.1515324,180.0,2026-08-18T15:56:12Z,dipole-dipole,3,7,2.000,287.5,184.979,6.963,0.00340,0.00124,0.00567;0.00526;0.00484;0.00425;0.00417;0.00313;0.00253;0.00215;0.00166;0.00114,
line-b-r00582,line-b,line-b-e11,33.2006046,-116.1524803,180.0,line-b-e12,33.2007639,-116.1522907,180.0,line-b-e15,33.2012421,-116.1517219,180.0,line-b-e16,33.2014015,-116.1515324,180.0,2026-08-18T15:56:24Z,dipole-dipole,3,8,2.000,265.5,192.889,8.552,0.00509,0.00125,0.00806;0.00806;0.00759;0.00627;0.00555;0.00459;0.00430;0.00304;0.00261;0.00184,
line-b-r00583,line-b,line-b-e11,33.2006046,-116.1524803,180.0,line-b-e12,33.2007639,-116.1522907,180.0,line-b-e15,33.2012421,-116.1517219,180.0,line-b-e16,33.2014015,-116.1515324,180.0,2026-08-18T15:56:36Z,dipole-dipole,3,4,2.000,313.4,199.783,7.287,0.00530,0.00102,0.00804;0.00775;0.00808;0.00676;0.00558;0.00451;0.00429;0.00318;0.00264;0.00169,
line-b-r00584,line-b,line-b-e11,33.2006046,-116.1524803,180.0,line-b-e12,33.2007639,-116.1522907,180.0,line-b-e15,33.2012421,-116.1517219,180.0,line-b-e16,33.2014015,-116.1515324,180.0,2026-08-18T15:56:48Z,dipole-dipole,3,5,2.000,259.7,188.062,6.407,0.00523,0.00108,0.00868;0.00842;0.00698;0.00701;0.00511;0.00481;0.00391;0.00344;0.00252;0.00201,
line-b-r00585,line-b,line-b-e11,33.2006046,-116.1524803,180.0,line-b-e12,33.2007639,-116.1522907,180.0,line-b-e15,33.2012421,-116.1517219,180.0,line-b-e16,33.2014015,-116.1515324,180.0,2026-08-18T15:57:00Z,dipole-dipole,3,3,2.000,296.5,191.671,7.801,0.00573,0.00104,0.00941;0.01009;0.00856;0.00701;0.00731;0.00525;0.00481;0.00383;0.00271;0.00195,
line-b-r00586,line-b,line-b-e11,33.2006046,-116.1524803,180.0,line-b-e12,33.2007639,-116.1522907,180.0,line-b-e16,33.2014015,-116.1515324,180.0,line-b-e17,33.2015609,-116.1513428,180.0,2026-08-18T15:57:12Z,dipole-dipole,4,4,2.000,351.2,84.103,9.667,0.00354,0.00118,0.00563;0.00538;0.00480;0.00426;0.00400;0.00381;0.00295;0.00221;0.00161;0.00128,
line-b-r00587,line-b,line-b-e11,33.2006046,-116.1524803,180.0,line-b-e12,33.2007639,-116.1522907,180.0,line-b-e16,33.2014015,-116.1515324,180.0,line-b-e17,33.2015609,-116.1513428,180.0,2026-08-18T15:57:24Z,dipole-dipole,4,5,2.000,253.4,68.112,6.637,0.00373,0.00112,0.00560;0.00553;0.00496;0.00434;0.00401;0.00359;0.00280;0.00239;0.00183;0.00135,
line-b-r00588,line-b,line-b-e11,33.2006046,-116.1524803,180.0,line-b-e12,33.2007639,-116.1522907,180.0,line-b-e16,33.2014015,-116.1515324,180.0,line-b-e17,33.2015609,-116.1513428,180.0,2026-08-18T15:57:36Z,dipole-dipole,4,7,2.000,331.7,166.824,7.365,0.00482,0.00139,0.00732;0.00719;0.00724;0.00570;0.00499;0.00453;0.00370;0.00324;0.00232;0.00178,
line-b-r00589,line-b,line-b-e11,33.2006046,-116.1524803,180.0,line-b-e12,33.2007639,-116.1522907,180.0,line-b-e16,33.2014015,-116.1515324,180.0,line-b-e17,33.2015609,-116.1513428,180.0,2026-08-18T15:57:48Z,dipole-dipole,4,7,2.000,311.4,141.162,6.465,0.00505,0.00120,0.00804;0.00737;0.00703;0.00651;0.00592;0.00485;0.00399;0.00344;0.00251;0.00185,
line-b-r00590,line-b,line-b-e11,33.2006046,-116.1524803,180.0,line-b-e12,33.2007639,-116.1522907,180.0,line-b-e16,33.2014015,-116.1515324,180.0,line-b-e17,33.2015609,-116.1513428,180.0,2026-08-18T15:58:00Z,dipole-dipole,4,8,2.000,325.7,268.932,6.392,0.00228,0.00103,0.00336;0.00322;0.00318;0.00296;0.00232;0.00218;0.00182;0.00153;0.00114;0.00078,
line-b-r00591,line-b,line-b-e11,33.2006046,-116.1524803,180.0,line-b-e12,33.2007639,-116.1522907,180.0,line-b-e16,33.2014015,-116.1515324,180.0,line-b-e17,33.2015609,-116.1513428,180.0,2026-08-18T15:58:12Z,dipole-dipole,4,4,2.000,294.5,76.457,8.793,0.09664,0.00119,0.16058;0.15147;0.12957;0.11705;0.10810;0.09249;0.07583;0.06604;0.04303;0.03312,
line-b-r00592,line-b,line-b-e11,33.2006046,-116.1524803,180.0,line-b-e12,33.2007639,-116.1522907,180.0,line-b-e16,33.2014015,-116.1515324,180.0,line-b-e17,33.2015609,-116.1513428,180.0,2026-08-18T15:58:24Z,dipole-dipole,4,8,2.000,288.8,174.039,6.247,0.00453,0.00114,0.00689;0.00719;0.00564;0.00600;0.00489;0.00432;0.00363;0.00276;0.00222;0.00167,
line-b-r00593,line-b,line-b-e11,33.2006046,-116.1524803,180.0,line-b-e12,33.2007639,-116.1522907,180.0,line-b-e16,33.2014015,-116.1515324,180.0,line-b-e17,33.2015609,-116.1513428,180.0,2026-08-18T15:58:36Z,dipole-dipole,4,6,2.000,341.4,186.630,7.404,0.00611,0.00113,0.01098;0.00952;0.00901;0.00827;0.00698;0.00584;0.00469;0.00396;0.00249;0.00214,
line-b-r00594,line-b,line-b-e11,33.2006046,-116.1524803,180.0,line-b-e12,33.2007639,-116.1522907,180.0,line-b-e17,33.2015609,-116.1513428,180.0,line-b-e18,33.2017203,-116.1511532,180.0,2026-08-18T15:58:48Z,dipole-dipole,5,5,2.000,235.5,269.572,7.176,0.00813,0.00173,0.01274;0.01227;0.01080;0.01000;0.00820;0.00697;0.00657;0.00490;0.00373;0.00253,
line-b-r00595,line-b,line-b-e11,33.2006046,-116.1524803,180.0,line-b-e12,33.2007639,-116.1522907,180.0,line-b-e17,33.2015609,-116.1513428,180.0,line-b-e18,33.2017203,-116.1511532,180.0,2026-08-18T15:59:00Z,dipole-dipole,5,7,2.000,353.6,77.946,6.791,0.02348,0.00143,0.03925;0.03517;0.03255;0.03015;0.02377;0.02363;0.01787;0.01547;0.01164;0.00874,
line-b-r00596,line-b,line-b-e11,33.2006046,-116.1524803,180.0,line-b-e12,33.2007639,-116.1522907,180.0,line-b-e17,33.2015609,-116.1513428,180.0,line-b-e18,33.2017203,-116.1511532,180.0,2026-08-18T15:59:12Z,dipole-dipole,5,7,2.000,383.5,80.489,6.896,0.01233,0.00132,0.02025;0.01794;0.01716;0.01368;0.01516;0.01245;0.00983;0.00762;0.00601;0.00393,
line-b-r00597,line-b,line-b-e11,33.2006046,-116.1524803,180.0,line-b-e12,33.2007639,-116.1522907,180.0,line-b-e17,33.2015609,-116.1513428,180.0,line-b-e18,33.2017203,-116.1511532,180.0,2026-08-18T15:59:24Z,dipole-dipole,5,8,2.000,288.7,676.657,6.392,0.00569,0.00137,0.00979;0.00905;0.00862;0.00720;0.00606;0.00492;0.00497;0.00376;0.00262;0.00221,
line-b-r00598,line-b,line-b-e11,33.2006046,-116.1524803,180.0,line-b-e12,33.2007639,-116.1522907,180.0,line-b-e17,33.2015609,-116.1513428,180.0,line-b-e18,33.2017203,-116.1511532,180.0,2026-08-18T15:59:36Z,dipole-dipole,5,3,2.000,349.0,230.844,6.697,0.00667,0.00117,0.01034;0.00910;0.00869;0.00787;0.00698;0.00636;0.00506;0.00388;0.00320;0.00221,
line-b-r00599,line-b,line-b-e11,33.2006046,-116.1524803,180.0,line-b-e12,33.2007639,-116.1522907,180.0,line-b-e17,33.2015609,-116.1513428,180.0,line-b-e18,33.2017203,-116.1511532,180.0,2026-08-18T15:59:48Z,dipole-dipole,5,4,2.000,244.4,89.793,7.010,0.01424,0.00137,0.02044;0.02098;0.01982;0.01848;0.01348;0.01269;0.01216;0.00957;0.00692;0.00517,
line-b-r00600,line-b,line-b-e11,33.2006046,-116.1524803,180.0,line-b-e12,33.2007639,-116.1522907,180.0,line-b-e17,33.2015609,-116.1513428,180.0,line-b-e18,33.2017203,-116.1511532,180.0,2026-08-18T16:00:00Z,dipole-dipole,5,5,2.000,346.5,139.986,6.893,0.01555,0.00137,0.02223;0.02343;0.02025;0.02046;0.01678;0.01367;0.01128;0.00995;0.00755;0.00582,
line-b-r00601,line-b,line-b-e11,33.2006046,-116.1524803,180.0,line-b-e12,33.2007639,-116.1522907,180.0,line-b-e18,33.2017203,-116.1511532,180.0,line-b-e19,33.2018797,-116.1509636,180.0,2026-08-18T16:00:12Z,dipole-dipole,6,4,2.000,294.0,151.146,6.775,0.00940,0.00145,0.01442;0.01392;0.01254;0.01193;0.00999;0.00894;0.00678;0.00589;0.00417;0.00292,
line-b-r00602,line-b,line-b-e11,33.2006046,-116.1524803,180.0,line-b-e12,33.2007639,-116.1522907,180.0,line-b-e18,33.2017203,-116.1511532,180.0,line-b-e19,33.2018797,-116.1509636,180.0,2026-08-18T16:00:24Z,dipole-dipole,6,8,2.000,322.0,142.122,6.327,0.01114,0.00139,0.01628;0.01780;0.01506;0.01377;0.01108;0.01130;0.00908;0.00728;0.00542;0.00347,
line-b-r00603,line-b,line-b-e11,33.2006046,-116.1524803,180.0,line-b-e12,33.2007639,-116.1522907,180.0,line-b-e18,33.2017203,-116.1511532,180.0,line-b-e19,33.2018797,-116.1509636,180.0,2026-08-18T16:00:36Z,dipole-dipole,6,4,2.000,376.6,144.149,7.394,0.01245,0.00135,0.02072;0.01698;0.01622;0.01461;0.01454;0.01205;0.01036;0.00856;0.00590;0.00425,
line-b-r00604,line-b,line-b-e11,33.2006046,-116.1524803,180.0,line-b-e12,33.2007639,-116.1522907,180.0,line-b-e18,33.2017203,-116.1511532,180.0,line-b-e19,33.2018797,-116.1509636,180.0,2026-08-18T16:00:48Z,dipole-dipole,6,7,1.949,410.4,159.616,6.344,0.01283,0.00152,0.01968;0.02056;0.01791;0.01769;0.01423;0.01376;0.01105;0.00828;0.00669;0.00471,
line-b-r00605,line-b,line-b-e11,33.2006046,-116.1524803,180.0,line-b-e12,33.2007639,-116.1522907,180.0,line-b-e18,33.2017203,-116.1511532,180.0,line-b-e19,33.2018797,-116.1509636,180.0,2026-08-18T16:01:00Z,dipole-dipole,6,3,2.000,345.7,156.019,7.241,0.01295,0.00147,0.01979;0.01756;0.01795;0.01571;0.01377;0.01179;0.00950;0.00837;0.00613;0.00463,
line-b-r00606,line-b,line-b-e11,33.2006046,-116.1524803,180.0,line-b-e12,33.2007639,-116.1522907,180.0,line-b-e18,33.2017203,-116.1511532,180.0,line-b-e19,33.2018797,-116.1509636,180.0,2026-08-18T16:01:12Z,dipole-dipole,6,6,2.000,270.9,140.747,6.799,0.01065,0.00125,0.01775;0.01645;0.01522;0.01313;0.01134;0.00967;0.00731;0.00668;0.00551;0.00408,
line-b-r00607,line-b,line-b-e11,33.2006046,-116.1524803,180.0,line-b-e12,33.2007639,-116.1522907,180.0,line-b-e18,33.2017203,-116.1511532,180.0,line-b-e19,33.2018797,-116.1509636,180.0,2026-08-18T16:01:24Z,dipole-dipole,6,7,2.000,218.2,147.756,7.203,0.01244,0.00137,0.01815;0.01892;0.01678;0.01712;0.01291;0.01157;0.00995;0.00772;0.00662;0.00422,
line-b-r00608,line-b,line-b-e11,33.2006046,-116.1524803,180.0,line-b-e12,33.2007639,-116.1522907,180.0,line-b-e19,33.2018797,-116.1509636,180.0,line-b-e20,33.2020391,-116.1507740,180.0,2026-08-18T16:01:36Z,dipole-dipole,7,7,2.000,310.5,137.986,4.863,0.01228,0.00138,0.02027;0.01919;0.01586;0.01541;0.01463;0.01205;0.00961;0.00798;0.00565;0.00468,
line-b-r00609,line-b,line-b-e11,33.2006046,-116.1524803,180.0,line-b-e12,33.2007639,-116.1522907,180.0,line-b-e19,33.2018797,-116.1509636,180.0,line-b-e20,33.2020391,-116.1507740,180.0,2026-08-18T16:01:48Z,dipole-dipole,7,3,2.000,363.6,139.044,6.685,0.01477,0.00120,0.02291;0.02149;0.01959;0.01882;0.01547;0.01270;0.01124;0.00947;0.00762;0.00498,
line-b-r00610,line-b,line-b-e11,33.2006046,-116.1524803,180.0,line-b-e12,33.2007639,-116.1522907,180.0,line-b-e19,33.2018797,-116.1509636,180.0,line-b-e20,33.2020391,-116.1507740,180.0,2026-08-18T16:02:00Z,dipole-dipole,7,3,2.000,292.7,149.454,6.277,0.01470,0.00128,0.02233;0.02426;0.01920;0.02039;0.01448;0.01391;0.01183;0.00873;0.00697;0.00493,
line-b-r00611,line-b,line-b-e11,33.2006046,-116.1524803,180.0,line-b-e12,33.2007639,-116.1522907,180.0,line-b-e19,33.2018797,-116.1509636,180.0,line-b-e20,33.2020391,-116.1507740,180.0,2026-08-18T16:02:12Z,dipole-dipole,7,4,2.000,247.7,140.044,4.306,0.01194,0.00136,0.01665;0.01858;0.01559;0.01474;0.01183;0.01096;0.00871;0.00821;0.00613;0.00423,
line-b-r00612,line-b,line-b-e11,33.2006046,-116.1524803,180.0,line-b-e12,33.2007639,-116.1522907,180.0,line-b-e19,33.2018797,-116.1509636,180.0,line-b-e20,33.2020391,-116.1507740,180.0,2026-08-18T16:02:24Z,dipole-dipole,7,8,2.000,327.6,136.357,5.957,0.01538,0.00195,0.02344;0.02114;0.02224;0.01844;0.01642;0.01548;0.01282;0.00988;0.00768;0.00527,
line-b-r00613,line-b,line-b-e11,33.2006046,-116.1524803,180.0,line-b-e12,33.2007639,-116.1522907,180.0,line-b-e19,33.2018797,-116.1509636,180.0,line-b-e20,33.2020391,-116.1507740,180.0,2026-08-18T16:02:36Z,dipole-dipole,7,8,2.000,274.6,138.089,7.203,0.01568,0.00172,0.00543;0.00761;0.01085;0.01367;0.01438;0.01770;0.01641;0.02269;0.02158;0.02471,
line-b-r00614,line-b,line-b-e11,33.2006046,-116.1524803,180.0,line-b-e12,33.2007639,-116.1522907,180.0,line-b-e19,33.2018797,-116.1509636,180.0,line-b-e20,33.2020391,-116.1507740,180.0,2026-08-18T16:02:48Z,dipole-dipole,7,3,2.000,308.3,137.075,5.245,0.01602,0.00143,0.02610;0.02321;0.02425;0.01795;0.01739;0.01464;0.01197;0.01064;0.00795;0.00511,
line-b-r00615,line-b,line-b-e11,33.2006046,-116.1524803,180.0,line-b-e12,33.2007639,-116.1522907,180.0,line-b-e19,33.2018797,-116.1509636,180.0,line-b-e20,33.2020391,-116.1507740,180.0,2026-08-18T16:03:00Z,dipole-dipole,7,3,2.000,355.0,138.225,5.071,0.01317,0.00165,0.02081;0.01945;0.01876;0.01583;0.01461;0.01218;0.01138;0.00827;0.00704;0.00455,
line-b-r00616,line-b,line-b-e12,33.2007639,-116.1522907,180.0,line-b-e13,33.2009233,-116.1521011,180.0,line-b-e14,33.2010827,-116.1519115,180.0,line-b-e15,33.2012421,-116.1517219,180.0,2026-08-18T16:03:12Z,dipole-dipole,1,8,2.000,373.6,204.269,6.300,0.00611,0.00115,0.00977;0.00868;0.00764;0.00721;0.00613;0.00565;0.00516;0.00428;0.00307;0.00224,
line-b-r00617,line-b,line-b-e12,33.2007639,-116.1522907,180.0,line-b-e13,33.2009233,-116.1521011,180.0,line-b-e14,33.2010827,-116.1519115,180.0,line-b-e15,33.2012421,-116.1517219,180.0,2026-08-18T16:03:24Z,dipole-dipole,1,7,1.790,447.0,200.877,8.066,0.00436,0.00095,0.00680;0.00694;0.00630;0.00613;0.00492;0.00410;0.00319;0.00251;0.00208;0.00159,
line-b-r00618,line-b,line-b-e12,33.2007639,-116.1522907,180.0,line-b-e13,33.2009233,-116.1521011,180.0,line-b-e14,33.2010827,-116.1519115,180.0,line-b-e15,33.2012421,-116.1517219,180.0,2026-08-18T16:03:36Z,dipole-dipole,1,7,1.978,404.3,212.135,7.789,0.00429,0.00106,0.00635;0.00622;0.00588;0.00480;0.00562;0.00425;0.00380;0.00256;0.00232;0.00145,
line-b-r00619,line-b,line-b-e12,33.2007639,-116.1522907,180.0,line-b-e13,33.2009233,-116.1521011,180.0,line-b-e14,33.2010827,-116.1519115,180.0,line-b-e15,33.2012421,-116.1517219,180.0,2026-08-18T16:03:48Z,dipole-dipole,1,4,2.000,386.3,183.660,6.218,0.00291,0.00084,0.00451;0.00432;0.00402;0.00409;0.00310;0.00310;0.00236;0.00168;0.00135;0.00086,
line-b-r00620,line-b,line-b-e12,33.2007639,-116.1522907,180.0,line-b-e13,33.2009233,-116.1521011,180.0,line-b-e14,33.2010827,-116.1519115,180.0,line-b-e15,33.2012421,-116.1517219,180.0,2026-08-18T16:04:00Z,dipole-dipole,1,5,1.905,420.0,207.537,8.200,0.00559,0.01543,0.00940;0.00819;0.00691;0.00729;0.00552;0.00524;0.00409;0.00356;0.00248;0.00201,
line-b-r00621,line-b,line-b-e12,33.2007639,-116.1522907,180.0,line-b-e13,33.2009233,-116.1521011,180.0,line-b-e14,33.2010827,-116.1519115,180.0,line-b-e15,33.2012421,-116.1517219,180.0,2026-08-18T16:04:12Z,dipole-dipole,1,7,2.000,340.6,204.312,6.832,0.00491,0.00091,0.00752;0.00739;0.00690;0.00598;0.00602;0.00456;0.00459;0.00303;0.00238;0.00147,
line-b-r00622,line-b,line-b-e12,33.2007639,-116.1522907,180.0,line-b-e13,33.2009233,-116.1521011,180.0,line-b-e15,33.2012421,-116.1517219,180.0,line-b-e16,33.2014015,-116.1515324,180.0,2026-08-18T16:04:24Z,dipole-dipole,2,6,1.960,408.2,197.370,5.967,0.00604,0.00110,0.01048;0.00910;0.00747;0.00799;0.00691;0.00603;0.00461;0.00398;0.00289;0.00208,
line-b-r00623,line-b,line-b-e12,33.2007639,-116.1522907,180.0,line-b-e13,33.2009233,-116.1521011,180.0,line-b-e15,33.2012421,-116.1517219,180.0,line-b-e16,33.2014015,-116.1515324,180.0,2026-08-18T16:04:36Z,dipole-dipole,2,7,2.000,364.7,198.593,6.754,0.00491,0.00116,0.00854;0.00807;0.00699;0.00625;0.00580;0.00484;0.00379;0.00321;0.00247;0.00165,
line-b-r00624,line-b,line-b-e12,33.2007639,-116.1522907,180.0,line-b-e13,33.2009233,-116.1521011,180.0,line-b-e15,33.2012421,-116.1517219,180.0,line-b-e16,33.2014015,-116.1515324,180.0,2026-08-18T16:04:48Z,dipole-dipole,2,4,1.995,401.0,197.395,7.372,0.00476,0.00104,0.00753;0.00696;0.00622;0.00625;0.00518;0.00451;0.00386;0.00299;0.00210;0.00175,
line-b-r00625,line-b,line-b-e12,33.2007639,-116.1522907,180.0,line-b-e13,33.2009233,-116.1521011,180.0,line-b-e15,33.2012421,-116.1517219,180.0,line-b-e16,33.2014015,-116.1515324,180.0,2026-08-18T16:05:00Z,dipole-dipole,2,6,1.828,437.7,201.171,6.582,0.00539,0.00112,0.00836;0.00797;0.00758;0.00715;0.00610;0.00557;0.00426;0.00368;0.00292;0.00185,
line-b-r00626,line-b,line-b-e12,33.2007639,-116.1522907,180.0,line-b-e13,33.2009233,-116.1521011,180.0,line-b-e15,33.2012421,-116.1517219,180.0,line-b-e16,33.2014015,-116.1515324,180.0,2026-08-18T16:05:12Z,dipole-dipole,2,8,2.000,348.2,197.442,6.442,0.00553,0.00093,0.00840;0.00872;0.00776;0.00686;0.00597;0.00501;0.00440;0.00377;0.00325;0.00203,
line-b-r00627,line-b,line-b-e12,33.2007639,-116.1522907,180.0,line-b-e13,33.2009233,-116.1521011,180.0,line-b-e15,33.2012421,-116.1517219,180.0,line-b-e16,33.2014015,-116.1515324,180.0,2026-08-18T16:05:24Z,dipole-dipole,2,3,1.563,511.8,190.459,6.923,0.00513,0.00104,0.00821;0.00719;0.00724;0.00610;0.00574;0.00532;0.00397;0.00341;0.00234;0.00178,
line-b-r00628,line-b,line-b-e12,33.2007639,-116.1522907,180.0,line-b-e13,33.2009233,-116.1521011,180.0,line-b-e15,33.2012421,-116.1517219,180.0,line-b-e16,33.2014015,-116.1515324,180.0,2026-08-18T16:05:36Z,dipole-dipole,2,8,2.000,390.3,181.203,5.963,0.00504,0.00078,0.00719;0.00846;0.00648;0.00622;0.00589;0.00489;0.00435;0.00303;0.00241;0.00191,
line-b-r00629,line-b,line-b-e12,33.2007639,-116.1522907,180.0,line-b-e13,33.2009233,-116.1521011,180.0,line-b-e15,33.2012421,-116.1517219,180.0,line-b-e16,33.2014015,-116.1515324,180.0,2026-08-18T16:05:48Z,dipole-dipole,2,3,2.000,331.5,198.962,7.000,0.00373,0.00100,0.00557;0.00526;0.00525;0.00458;0.00411;0.00386;0.00320;0.00222;0.00173;0.00126,
line-b-r00630,line-b,line-b-e12,33.2007639,-116.1522907,180.0,line-b-e13,33.2009233,-116.1521011,180.0,line-b-e16,33.2014015,-116.1515324,180.0,line-b-e17,33.2015609,-116.1513428,180.0,2026-08-18T16:06:00Z,dipole-dipole,3,4,2.000,380.9,128.397,7.959,0.00480,0.00104,0.00741;0.00718;0.00655;0.00609;0.00518;0.00452;0.00387;0.00310;0.00230;0.00183,
line-b-r00631,line-b,line-b-e12,33.2007639,-116.1522907,180.0,line-b-e13,33.2009233,-116.1521011,180.0,line-b-e16,33.2014015,-116.1515324,180.0,line-b-e17,33.2015609,-116.1513428,180.0,2026-08-18T16:06:12Z,dipole-dipole,3,4,1.669,479.3,216.614,8.534,0.02162,0.00103,0.03479;0.03234;0.02804;0.02776;0.02295;0.02180;0.01752;0.01366;0.01064;0.00815,
line-b-r00632,line-b,line-b-e12,33.2007639,-116.1522907,180.0,line-b-e13,33.2009233,-116.1521011,180.0,line-b-e16,33.2014015,-116.1515324,180.0,line-b-e17,33.2015609,-116.1513428,180.0,2026-08-18T16:06:24Z,dipole-dipole,3,3,2.000,380.0,68.054,7.077,0.00522,0.00118,0.00828;0.00742;0.00765;0.00589;0.00573;0.00496;0.00401;0.00351;0.00255;0.00178,
line-b-r00633,line-b,line-b-e12,33.2007639,-116.1522907,180.0,line-b-e13,33.2009233,-116.1521011,180.0,line-b-e16,33.2014015,-116.1515324,180.0,line-b-e17,33.2015609,-116.1513428,180.0,2026-08-18T16:06:36Z,dipole-dipole,3,8,1.901,420.8,344.508,8.726,0.01081,0.00109,0.01673;0.01597;0.01427;0.01407;0.01260;0.01050;0.00838;0.00666;0.00535;0.00370,
line-b-r00634,line-b,line-b-e12,33.2007639,-116.1522907,180.0,line-b-e13,33.2009233,-116.1521011,180.0,line-b-e16,33.2014015,-116.1515324,180.0,line-b-e17,33.2015609,-116.1513428,180.0,2026-08-18T16:06:48Z,dipole-dipole,3,6,1.863,429.5,329.612,9.426,0.00206,0.00109,0.00313;0.00301;0.00259;0.00257;0.00212;0.00190;0.00169;0.00140;0.00097;0.00075,
line-b-r00635,line-b,line-b-e12,33.2007639,-116.1522907,180.0,line-b-e13,33.2009233,-116.1521011,180.0,line-b-e16,33.2014015,-116.1515324,180.0,line-b-e17,33.2015609,-116.1513428,180.0,2026-08-18T16:07:00Z,dipole-dipole,3,8,2.000,350.1,805.864,6.632,0.00509,0.00115,0.00863;0.00854;0.00688;0.00651;0.00517;0.00489;0.00402;0.00297;0.00230;0.00159,
line-b-r00636,line-b,line-b-e12,33.2007639,-116.1522907,180.0,line-b-e13,33.2009233,-116.1521011,180.0,line-b-e17,33.2015609,-116.1513428,180.0,line-b-e18,33.2017203,-116.1511532,180.0,2026-08-18T16:07:12Z,dipole-dipole,4,8,1.816,440.5,216.575,7.578,0.00845,0.00155,0.01350;0.01282;0.01087;0.00920;0.00966;0.00765;0.00690;0.00516;0.00442;0.00269,
line-b-r00637,line-b,line-b-e12,33.2007639,-116.1522907,180.0,line-b-e13,33.2009233,-116.1521011,180.0,line-b-e17,33.2015609,-116.1513428,180.0,line-b-e18,33.2017203,-116.1511532,180.0,2026-08-18T16:07:24Z,dipole-dipole,4,5,2.000,344.5,308.914,5.715,0.03405,0.00139,0.04814;0.05313;0.04637;0.04178;0.03362;0.03155;0.02686;0.02065;0.01679;0.01313,
line-b-r00638,line-b,line-b-e12,33.2007639,-116.1522907,180.0,line-b-e13,33.2009233,-116.1521011,180.0,line-b-e17,33.2015609,-116.1513428,180.0,line-b-e18,33.2017203,-116.1511532,180.0,2026-08-18T16:07:36Z,dipole-dipole,4,6,1.521,526.1,71.662,6.117,0.00154,0.00088,0.00275;0.00200;0.00210;0.00174;0.00174;0.00137;0.00143;0.00100;0.00080;0.00054,
line-b-r00639,line-b,line-b-e12,33.2007639,-116.1522907,180.0,line-b-e13,33.2009233,-116.1521011,180.0,line-b-e17,33.2015609,-116.1513428,180.0,line-b-e18,33.2017203,-116.1511532,180.0,2026-08-18T16:07:48Z,dipole-dipole,4,7,1.823,438.8,320.302,7.278,0.00324,0.00116,0.00504;0.00485;0.00435;0.00384;0.00387;0.00312;0.00247;0.00196;0.00153;0.00114,
line-b-r00640,line-b,line-b-e12,33.2007639,-116.1522907,180.0,line-b-e13,33.2009233,-116.1521011,180.0,line-b-e17,33.2015609,-116.1513428,180.0,line-b-e18,33.2017203,-116.1511532,180.0,2026-08-18T16:08:00Z,dipole-dipole,4,5,1.800,444.3,175.013,7.960,0.00580,0.00103,0.00898;0.00889;0.00781;0.00680;0.00622;0.00684;0.00489;0.00381;0.00295;0.00197,
line-b-r00641,line-b,line-b-e12,33.2007639,-116.1522907,180.0,line-b-e13,33.2009233,-116.1521011,180.0,line-b-e17,33.2015609,-116.1513428,180.0,line-b-e18,33.2017203,-116.1511532,180.0,2026-08-18T16:08:12Z,dipole-dipole,4,4,2.000,355.3,64.610,5.248,0.01155,0.00104,0.01740;0.01607;0.01773;0.01460;0.01239;0.01049;0.00955;0.00756;0.00543;0.00408,
line-b-r00642,line-b,line-b-e12,33.2007639,-116.1522907,180.0,line-b-e13,33.2009233,-116.1521011,180.0,line-b-e17,33.2015609,-116.1513428,180.0,line-b-e18,33.2017203,-116.1511532,180.0,2026-08-18T16:08:24Z,dipole-dipole,4,4,2.000,369.3,168.025,5.890,0.01075,0.00120,0.01774;0.01460;0.01540;0.01276;0.01108;0.00940;0.00777;0.00680;0.00511;0.00386,
line-b-r00643,line-b,line-b-e12,33.2007639,-116.1522907,180.0,line-b-e13,33.2009233,-116.1521011,180.0,line-b-e18,33.2017203,-116.1511532,180.0,line-b-e19,33.2018797,-116.1509636,180.0,2026-08-18T16:08:36Z,dipole-dipole,5,8,1.437,556.7,159.418,6.457,0.00820,0.00122,0.01177;0.01088;0.01088;0.00958;0.00911;0.00800;0.00626;0.00534;0.00408;0.00295,
line-b-r00644,line-b,line-b-e12,33.2007639,-116.1522907,180.0,line-b-e13,33.2009233,-116.1521011,180.0,line-b-e18,33.2017203,-116.1511532,180.0,line-b-e19,33.2018797,-116.1509636,180.0,2026-08-18T16:08:48Z,dipole-dipole,5,7,2.000,367.0,161.886,6.516,0.00738,0.00116,0.01215;0.01194;0.01076;0.00856;0.00855;0.00773;0.00605;0.00461;0.00343;0.00242,
line-b-r00645,line-b,line-b-e12,33.2007639,-116.1522907,180.0,line-b-e13,33.2009233,-116.1521011,180.0,line-b-e18,33.2017203,-116.1511532,180.0,line-b-e19,33.2018797,-116.1509636,180.0,2026-08-18T16:09:00Z,dipole-dipole,5,5,2.000,363.2,163.146,5.782,0.00787,0.00122,0.01364;0.01158;0.01130;0.00975;0.00930;0.00730;0.00593;0.00480;0.00413;0.00268,
line-b-r00646,line-b,line-b-e12,33.2007639,-116.1522907,180.0,line-b-e13,33.2009233,-116.1521011,180.0,line-b-e18,33.2017203,-116.1511532,180.0,line-b-e19,33.2018797,-116.1509636,180.0,2026-08-18T16:09:12Z,dipole-dipole,5,4,1.839,435.0,169.572,5.012,0.00826,0.00137,0.01351;0.01151;0.01194;0.01054;0.00947;0.00764;0.00658;0.00561;0.00388;0.00290,
line-b-r00647,line-b,line-b-e12,33.2007639,-116.1522907,180.0,line-b-e13,33.2009233,-116.1521011,180.0,line-b-e18,33.2017203,-116.1511532,180.0,line-b-e19,33.2018797,-116.1509636,180.0,2026-08-18T16:09:24Z,dipole-dipole,5,3,1.775,450.8,171.055,5.937,0.00981,0.00090,0.01625;0.01371;0.01236;0.01240;0.01078;0.00944;0.00827;0.00699;0.00484;0.00341,
line-b-r00648,line-b,line-b-e12,33.2007639,-116.1522907,180.0,line-b-e13,33.2009233,-116.1521011,180.0,line-b-e18,33.2017203,-116.1511532,180.0,line-b-e19,33.2018797,-116.1509636,180.0,2026-08-18T16:09:36Z,dipole-dipole,5,6,1.361,587.6,165.766,6.163,0.00749,0.00150,0.00275;0.00374;0.00494;0.00575;0.00747;0.00868;0.01009;0.01139;0.01067;0.01246,
line-b-r00649,line-b,line-b-e12,33.2007639,-116.1522907,180.0,line-b-e13,33.2009233,-116.1521011,180.0,line-b-e19,33.2018797,-116.1509636,180.0,line-b-e20,33.2020391,-116.1507740,180.0,2026-08-18T16:09:48Z,dipole-dipole,6,5,1.805,443.2,146.894,5.590,0.01355,0.00165,0.02369;0.01908;0.01843;0.01695;0.01594;0.01297;0.00993;0.00807;0.00666;0.00470,
line-b-r00650,line-b,line-b-e12,33.2007639,-116.1522907,180.0,line-b-e13,33.2009233,-116.1521011,180.0,line-b-e19,33.2018797,-116.1509636,180.0,line-b-e20,33.2020391,-116.1507740,180.0,2026-08-18T16:10:00Z,dipole-dipole,6,7,2.000,311.1,145.165,6.750,0.01133,0.00208,0.01904;0.01639;0.01497;0.01451;0.01201;0.01050;0.01067;0.00727;0.00568;0.00408,
line-b-r00651,line-b,line-b-e12,33.2007639,-116.1522907,180.0,line-b-e13,33.2009233,-116.1521011,180.0,line-b-e19,33.2018797,-116.1509636,180.0,line-b-e20,33.2020391,-116.1507740,180.0,2026-08-18T16:10:12Z,dipole-dipole,6,7,1.928,414.8,149.801,6.714,0.01036,0.00128,0.01613;0.01529;0.01471;0.01279;0.01163;0.00998;0.00877;0.00646;0.00530;0.00371,
line-b-r00652,line-b,line-b-e12,33.2007639,-116.1522907,180.0,line-b-e13,33.2009233,-116.1521011,180.0,line-b-e19,33.2018797,-116.1509636,180.0,line-b-e20,33.2020391,-116.1507740,180.0,2026-08-18T16:10:24Z,dipole-dipole,6,3,1.955,409.1,151.096,6.297,0.01242,0.00118,0.02003;0.01935;0.01792;0.01451;0.01400;0.01198;0.01001;0.00827;0.00529;0.00411,
line-b-r00653,line-b,line-b-e12,33.2007639,-116.1522907,180.0,line-b-e13,33.2009233,-116.1521011,180.0,line-b-e19,33.2018797,-116.1509636,180.0,line-b-e20,33.2020391,-116.1507740,180.0,2026-08-18T16:10:36Z,dipole-dipole,6,5,2.000,367.5,154.691,9.392,0.00990,0.00165,0.01459;0.01462;0.01329;0.01179;0.01087;0.00979;0.00815;0.00629;0.00477;0.00302,
line-b-r00654,line-b,line-b-e12,33.2007639,-116.1522907,180.0,line-b-e13,33.2009233,-116.1521011,180.0,line-b-e19,33.2018797,-116.1509636,180.0,line-b-e20,33.2020391,-116.1507740,180.0,2026-08-18T16:10:48Z,dipole-dipole,6,5,2.000,292.8,162.782,6.616,0.00938,0.00153,0.01375;0.01405;0.01307;0.01084;0.01065;0.01056;0.00731;0.00561;0.00443;0.00308,
line-b-r00655,line-b,line-b-e13,33.2009233,-116.1521011,180.0,line-b-e14,33.2010827,-116.1519115,180.0,line-b-e15,33.2012421,-116.1517219,180.0,line-b-e16,33.2014015,-116.1515324,180.0,2026-08-18T16:11:00Z,dipole-dipole,1,8,1.319,606.5,206.087,10.669,0.00483,0.00087,0.00735;0.00698;0.00698;0.00608;0.00529;0.00467;0.00411;0.00301;0.00223;0.00183,
line-b-r00656,line-b,line-b-e13,33.2009233,-116.1521011,180.0,line-b-e14,33.2010827,-116.1519115,180.0,line-b-e15,33.2012421,-116.1517219,180.0,line-b-e16,33.2014015,-116.1515324,180.0,2026-08-18T16:11:12Z,dipole-dipole,1,7,1.179,678.3,209.171,7.083,0.00537,0.00072,0.00720;0.00835;0.00743;0.00687;0.00603;0.00475;0.00434;0.00310;0.00261;0.00178,
line-b-r00657,line-b,line-b-e13,33.2009233,-116.1521011,180.0,line-b-e14,33.2010827,-116.1519115,180.0,line-b-e15,33.2012421,-116.1517219,180.0,line-b-e16,33.2014015,-116.1515324,180.0,2026-08-18T16:11:24Z,dipole-dipole,1,8,1.196,668.6,207.161,7.959,0.00610,0.00117,0.00934;0.00961;0.00797;0.00729;0.00682;0.00585;0.00492;0.00372;0.00277;0.00235,
line-b-r00658,line-b,line-b-e13,33.2009233,-116.1521011,180.0,line-b-e14,33.2010827,-116.1519115,180.0,line-b-e15,33.2012421,-116.1517219,180.0,line-b-e16,33.2014015,-116.1515324,180.0,2026-08-18T16:11:36Z,dipole-dipole,1,4,1.095,730.8,215.937,6.685,0.00523,0.00115,0.00844;0.00811;0.00671;0.00666;0.00570;0.00490;0.00440;0.00324;0.00254;0.00191,
line-b-r00659,line-b,line-b-e13,33.2009233,-116.1521011,180.0,line-b-e14,33.2010827,-116.1519115,180.0,line-b-e15,33.2012421,-116.1517219,180.0,line-b-e16,33.2014015,-116.1515324,180.0,2026-08-18T16:11:48Z,dipole-dipole,1,6,1.054,759.1,196.414,10.788,0.00539,0.00094,0.00836;0.00808;0.00712;0.00658;0.00628;0.00506;0.00391;0.00309;0.00307;0.00197,
line-b-r00660,line-b,line-b-e13,33.2009233,-116.1521011,180.0,line-b-e14,33.2010827,-116.1519115,180.0,line-b-e15,33.2012421,-116.1517219,180.0,line-b-e16,33.2014015,-116.1515324,180.0,2026-08-18T16:12:00Z,dipole-dipole,1,5,1.027,779.1,202.719,7.813,0.00460,0.00106,0.00750;0.00679;0.00619;0.00602;0.00512;0.00422;0.00365;0.00287;0.00219;0.00164,
line-b-r00661,line-b,line-b-e13,33.2009233,-116.1521011,180.0,line-b-e14,33.2010827,-116.1519115,180.0,line-b-e15,33.2012421,-116.1517219,180.0,line-b-e16,33.2014015,-116.1515324,180.0,2026-08-18T16:12:12Z,dipole-dipole,1,8,1.094,731.6,204.025,7.858,0.00632,0.00102,0.01024;0.00994;0.00784;0.00752;0.00662;0.00622;0.00479;0.00371;0.00304;0.00225,
line-b-r00662,line-b,line-b-e13,33.2009233,-116.1521011,180.0,line-b-e14,33.2010827,-116.1519115,180.0,line-b-e16,33.2014015,-116.1515324,180.0,line-b-e17,33.2015609,-116.1513428,180.0,2026-08-18T16:12:24Z,dipole-dipole,2,8,1.300,615.5,382.365,7.311,0.00293,0.00081,0.00464;0.00478;0.00390;0.00402;0.00297;0.00253;0.00248;0.00184;0.00121;0.00114,
line-b-r00663,line-b,line-b-e13,33.2009233,-116.1521011,180.0,line-b-e14,33.2010827,-116.1519115,180.0,line-b-e16,33.2014015,-116.1515324,180.0,line-b-e17,33.2015609,-116.1513428,180.0,2026-08-18T16:12:36Z,dipole-dipole,2,4,1.219,656.3,171.118,8.477,0.00221,0.00087,0.00329;0.00337;0.00321;0.00286;0.00254;0.00202;0.00177;0.00150;0.00110;0.00080,
line-b-r00664,line-b,line-b-e13,33.2009233,-116.1521011,180.0,line-b-e14,33.2010827,-116.1519115,180.0,line-b-e16,33.2014015,-116.1515324,180.0,line-b-e17,33.2015609,-116.1513428,180.0,2026-08-18T16:12:48Z,dipole-dipole,2,3,1.155,692.6,337.178,7.527,0.00314,0.00104,0.00497;0.00450;0.00440;0.00385;0.00359;0.00310;0.00241;0.00200;0.00143;0.00121,
line-b-r00665,line-b,line-b-e13,33.2009233,-116.1521011,180.0,line-b-e14,33.2010827,-116.1519115,180.0,line-b-e16,33.2014015,-116.1515324,180.0,line-b-e17,33.2015609,-116.1513428,180.0,2026-08-18T16:13:00Z,dipole-dipole,2,8,1.299,616.0,260.418,9.322,0.01285,0.00103,0.02253;0.01748;0.01457;0.01599;0.01435;0.01116;0.00993;0.00767;0.00674;0.00424,
line-b-r00666,line-b,line-b-e13,33.2009233,-116.1521011,180.0,line-b-e14,33.2010827,-116.1519115,180.0,line-b-e16,33.2014015,-116.1515324,180.0,line-b-e17,33.2015609,-116.1513428,180.0,2026-08-18T16:13:12Z,dipole-dipole,2,5,1.116,716.9,185.140,7.330,0.01251,0.00085,0.01786;0.01668;0.01638;0.01520;0.01429;0.01217;0.00967;0.00832;0.00648;0.00501,
line-b-r00667,line-b,line-b-e13,33.2009233,-116.1521011,180.0,line-b-e14,33.2010827,-116.1519115,180.0,line-b-e16,33.2014015,-116.1515324,180.0,line-b-e17,33.2015609,-116.1513428,180.0,2026-08-18T16:13:24Z,dipole-dipole,2,8,1.348,593.3,652.997,6.231,0.01006,0.00130,0.01608;0.01465;0.01425;0.01338;0.01133;0.01007;0.00791;0.00613;0.00542;0.00350,
line-b-r00668,line-b,line-b-e13,33.2009233,-116.1521011,180.0,line-b-e14,33.2010827,-116.1519115,180.0,line-b-e17,33.2015609,-116.1513428,180.0,line-b-e18,33.2017203,-116.1511532,180.0,2026-08-18T16:13:36Z,dipole-dipole,3,6,1.187,674.0,318.567,7.317,0.00833,0.00110,0.01238;0.01213;0.01169;0.00995;0.00936;0.00802;0.00676;0.00529;0.00412;0.00270,
line-b-r00669,line-b,line-b-e13,33.2009233,-116.1521011,180.0,line-b-e14,33.2010827,-116.1519115,180.0,line-b-e17,33.2015609,-116.1513428,180.0,line-b-e18,33.2017203,-116.1511532,180.0,2026-08-18T16:13:48Z,dipole-dipole,3,8,0.975,820.6,104.166,6.350,0.00820,0.00113,0.01344;0.01307;0.01075;0.01007;0.00847;0.00779;0.00669;0.00517;0.00404;0.00286,
line-b-r00670,line-b,line-b-e13,33.2009233,-116.1521011,180.0,line-b-e14,33.2010827,-116.1519115,180.0,line-b-e17,33.2015609,-116.1513428,180.0,line-b-e18,33.2017203,-116.1511532,180.0,2026-08-18T16:14:00Z,dipole-dipole,3,7,1.328,602.5,375.185,6.811,0.00354,0.00098,0.00590;0.00483;0.00407;0.00432;0.00466;0.00348;0.00297;0.00206;0.00172;0.00125,
line-b-r00671,line-b,line-b-e13,33.2009233,-116.1521011,180.0,line-b-e14,33.2010827,-116.1519115,180.0,line-b-e17,33.2015609,-116.1513428,180.0,line-b-e18,33.2017203,-116.1511532,180.0,2026-08-18T16:14:12Z,dipole-dipole,3,6,1.397,572.6,163.296,7.462,0.00628,0.00105,0.01005;0.00945;0.00853;0.00732;0.00753;0.00582;0.00466;0.00383;0.00338;0.00221,
line-b-r00672,line-b,line-b-e13,33.2009233,-116.1521011,180.0,line-b-e14,33.2010827,-116.1519115,180.0,line-b-e17,33.2015609,-116.1513428,180.0,line-b-e18,33.2017203,-116.1511532,180.0,2026-08-18T16:14:24Z,dipole-dipole,3,6,1.257,636.6,95.978,8.094,0.00399,0.00096,0.00594;0.00590;0.00515;0.00515;0.00426;0.00340;0.00300;0.00250;0.00210;0.00130,
line-b-r00673,line-b,line-b-e13,33.2009233,-116.1521011,180.0,line-b-e14,33.2010827,-116.1519115,180.0,line-b-e17,33.2015609,-116.1513428,180.0,line-b-e18,33.2017203,-116.1511532,180.0,2026-08-18T16:14:36Z,dipole-dipole,3,4,0.959,833.8,216.794,6.378,0.00215,0.00111,0.00351;0.00338;0.00282;0.00250;0.00239;0.00211;0.00179;0.00131;0.00112;0.00077,
line-b-r00674,line-b,line-b-e13,33.2009233,-116.1521011,180.0,line-b-e14,33.2010827,-116.1519115,180.0,line-b-e17,33.2015609,-116.1513428,180.0,line-b-e18,33.2017203,-116.1511532,180.0,2026-08-18T16:14:48Z,dipole-dipole,3,4,1.400,571.3,179.516,6.998,0.00605,0.00113,0.00956;0.00888;0.00847;0.00810;0.00591;0.00562;0.00504;0.00362;0.00287;0.00211,
line-b-r00675,line-b,line-b-e13,33.2009233,-116.1521011,180.0,line-b-e14,33.2010827,-116.1519115,180.0,line-b-e18,33.2017203,-116.1511532,180.0,line-b-e19,33.2018797,-116.1509636,180.0,2026-08-18T16:15:00Z,dipole-dipole,4,6,1.359,588.8,184.619,8.188,0.00484,0.00148,0.00702;0.00740;0.00692;0.00620;0.00564;0.00461;0.00385;0.00312;0.00248;0.00161,
line-b-r00676,line-b,line-b-e13,33.2009233,-116.1521011,180.0,line-b-e14,33.2010827,-116.1519115,180.0,line-b-e18,33.2017203,-116.1511532,180.0,line-b-e19,33.2018797,-116.1509636,180.0,2026-08-18T16:15:12Z,dipole-dipole,4,5,1.016,787.3,177.162,7.196,0.00820,0.00086,0.01312;0.01210;0.01075;0.01034;0.00841;0.00804;0.00673;0.00545;0.00412;0.00276,
line-b-r00677,line-b,line-b-e13,33.2009233,-116.1521011,180.0,line-b-e14,33.2010827,-116.1519115,180.0,line-b-e18,33.2017203,-116.1511532,180.0,line-b-e19,33.2018797,-116.1509636,180.0,2026-08-18T16:15:24Z,dipole-dipole,4,6,1.175,681.1,168.486,6.760,0.00692,0.00130,0.01121;0.00985;0.01066;0.00896;0.00805;0.00682;0.00509;0.00427;0.00306;0.00238,
line-b-r00678,line-b,line-b-e13,33.2009233,-116.1521011,180.0,line-b-e14,33.2010827,-116.1519115,180.0,line-b-e18,33.2017203,-116.1511532,180.0,line-b-e19,33.2018797,-116.1509636,180.0,2026-08-18T16:15:36Z,dipole-dipole,4,4,0.930,860.4,183.460,5.952,0.00816,0.00099,0.01363;0.01183;0.01106;0.01102;0.00875;0.00789;0.00601;0.00509;0.00390;0.00270,
line-b-r00679,line-b,line-b-e13,33.2009233,-116.1521011,180.0,line-b-e14,33.2010827,-116.1519115,180.0,line-b-e18,33.2017203,-116.1511532,180.0,line-b-e19,33.2018797,-116.1509636,180.0,2026-08-18T16:15:48Z,dipole-dipole,4,7,1.145,698.5,185.500,6.811,0.00717,0.00121,0.01033;0.01153;0.00983;0.00942;0.00797;0.00727;0.00557;0.00480;0.00330;0.00245,
line-b-r00680,line-b,line-b-e13,33.2009233,-116.1521011,180.0,line-b-e14,33.2010827,-116.1519115,180.0,line-b-e18,33.2017203,-116.1511532,180.0,line-b-e19,33.2018797,-116.1509636,180.0,2026-08-18T16:16:00Z,dipole-dipole,4,7,1.097,729.3,181.687,6.114,0.00682,0.00114,0.01115;0.01034;0.00908;0.00821;0.00755;0.00681;0.00535;0.00432;0.00319;0.00232,
line-b-r00681,line-b,line-b-e13,33.2009233,-116.1521011,180.0,line-b-e14,33.2010827,-116.1519115,180.0,line-b-e19,33.2018797,-116.1509636,180.0,line-b-e20,33.2020391,-116.1507740,180.0,2026-08-18T16:16:12Z,dipole-dipole,5,7,1.181,677.2,166.947,5.494,0.00859,0.00124,0.01297;0.01151;0.01091;0.00953;0.00957;0.00760;0.00758;0.00500;0.00414;0.00308,
line-b-r00682,line-b,line-b-e13,33.2009233,-116.1521011,180.0,line-b-e14,33.2010827,-116.1519115,180.0,line-b-e19,33.2018797,-116.1509636,180.0,line-b-e20,33.2020391,-116.1507740,180.0,2026-08-18T16:16:24Z,dipole-dipole,5,4,1.452,550.9,170.647,6.256,0.00983,0.00163,0.01688;0.01546;0.01389;0.01215;0.01131;0.00949;0.00766;0.00657;0.00455;0.00349,
line-b-r00683,line-b,line-b-e13,33.2009233,-116.1521011,180.0,line-b-e14,33.2010827,-116.1519115,180.0,line-b-e19,33.2018797,-116.1509636,180.0,line-b-e20,33.2020391,-116.1507740,180.0,2026-08-18T16:16:36Z,dipole-dipole,5,8,1.509,530.3,161.571,6.172,0.00904,0.00127,0.01428;0.01391;0.01323;0.01120;0.00956;0.00817;0.00746;0.00533;0.00457;0.00327,
line-b-r00684,line-b,line-b-e13,33.2009233,-116.1521011,180.0,line-b-e14,33.2010827,-116.1519115,180.0,line-b-e19,33.2018797,-116.1509636,180.0,line-b-e20,33.2020391,-116.1507740,180.0,2026-08-18T16:16:48Z,dipole-dipole,5,3,1.369,584.2,168.438,6.723,0.00851,0.00109,0.01335;0.01171;0.01250;0.01045;0.00925;0.00780;0.00754;0.00567;0.00452;0.00284,
line-b-r00685,line-b,line-b-e13,33.2009233,-116.1521011,180.0,line-b-e14,33.2010827,-116.1519115,180.0,line-b-e19,33.2018797,-116.1509636,180.0,line-b-e20,33.2020391,-116.1507740,180.0,2026-08-18T16:17:00Z,dipole-dipole,5,7,1.651,484.6,165.021,5.625,0.00895,0.00160,0.01440;0.01228;0.01253;0.01021;0.01031;0.00757;0.00675;0.00579;0.00440;0.00320,
line-b-r00686,line-b,line-b-e13,33.2009233,-116.1521011,180.0,line-b-e14,33.2010827,-116.1519115,180.0,line-b-e19,33.2018797,-116.1509636,180.0,line-b-e20,33.2020391,-116.1507740,180.0,2026-08-18T16:17:12Z,dipole-dipole,5,4,1.426,561.2,169.426,5.836,0.00911,0.00128,0.01371;0.01463;0.01203;0.01162;0.00945;0.00839;0.00805;0.00562;0.00446;0.00282,
line-b-r00687,line-b,line-b-e13,33.2009233,-116.1521011,180.0,line-b-e14,33.2010827,-116.1519115,180.0,line-b-e19,33.2018797,-116.1509636,180.0,line-b-e20,33.2020391,-116.1507740,180.0,2026-08-18T16:17:24Z,dipole-dipole,5,3,1.077,742.7,160.388,6.998,0.00826,0.00104,0.01281;0.01337;0.01129;0.00980;0.00933;0.00712;0.00666;0.00483;0.00335;0.00305,
line-b-r00688,line-b,line-b-e13,33.2009233,-116.1521011,180.0,line-b-e14,33.2010827,-116.1519115,180.0,line-b-e19,33.2018797,-116.1509636,180.0,line-b-e20,33.2020391,-116.1507740,180.0,2026-08-18T16:17:36Z,dipole-dipole,5,6,1.301,614.8,-122.456,7.598,0.00737,0.00125,0.01106;0.01109;0.00982;0.00946;0.00764;0.00738;0.00599;0.00439;0.00380;0.00242,
line-b-r00689,line-b,line-b-e14,33.2010827,-116.1519115,180.0,line-b-e15,33.2012421,-116.1517219,180.0,line-b-e16,33.2014015,-116.1515324,180.0,line-b-e17,33.2015609,-116.1513428,180.0,2026-08-18T16:17:48Z,dipole-dipole,1,8,1.201,666.0,96.870,8.504,0.00286,0.00111,0.00436;0.00480;0.00373;0.00363;0.00300;0.00290;0.00226;0.00173;0.00141;0.00108,
line-b-r00690,line-b,line-b-e14,33.2010827,-116.1519115,180.0,line-b-e15,33.2012421,-116.1517219,180.0,line-b-e16,33.2014015,-116.1515324,180.0,line-b-e17,33.2015609,-116.1513428,180.0,2026-08-18T16:18:00Z,dipole-dipole,1,4,1.248,640.9,195.906,9.374,0.00513,0.00098,0.00733;0.00773;0.00689;0.00589;0.00554;0.00468;0.00447;0.00323;0.00245;0.00184,
line-b-r00691,line-b,line-b-e14,33.2010827,-116.1519115,180.0,line-b-e15,33.2012421,-116.1517219,180.0,line-b-e16,33.2014015,-116.1515324,180.0,line-b-e17,33.2015609,-116.1513428,180.0,2026-08-18T16:18:12Z,dipole-dipole,1,5,1.095,730.5,109.754,6.815,0.00265,0.00120,0.00426;0.00449;0.00375;0.00352;0.00261;0.00277;0.00191;0.00166;0.00143;0.00093,
line-b-r00692,line-b,line-b-e14,33.2010827,-116.1519115,180.0,line-b-e15,33.2012421,-116.1517219,180.0,line-b-e16,33.2014015,-116.1515324,180.0,line-b-e17,33.2015609,-116.1513428,180.0,2026-08-18T16:18:24Z,dipole-dipole,1,5,1.147,697.7,788.184,9.316,0.00439,0.00108,0.00684;0.00724;0.00520;0.00513;0.00523;0.00421;0.00355;0.00310;0.00234;0.00154,
line-b-r00693,line-b,line-b-e14,33.2010827,-116.1519115,180.0,line-b-e15,33.2012421,-116.1517219,180.0,line-b-e16,33.2014015,-116.1515324,180.0,line-b-e17,33.2015609,-116.1513428,180.0,2026-08-18T16:18:36Z,dipole-dipole,1,6,1.199,667.1,81.989,6.663,0.00240,0.00103,0.00367;0.00368;0.00304;0.00303;0.00255;0.00207;0.00183;0.00143;0.00122;0.00083,
line-b-r00694,line-b,line-b-e14,33.2010827,-116.1519115,180.0,line-b-e15,33.2012421,-116.1517219,180.0,line-b-e16,33.2014015,-116.1515324,180.0,line-b-e17,33.2015609,-116.1513428,180.0,2026-08-18T16:18:48Z,dipole-dipole,1,6,0.964,829.6,792.433,7.945,0.02060,0.00098,0.03295;0.03109;0.03023;0.02533;0.02335;0.02168;0.01660;0.01402;0.00927;0.00689,
line-b-r00695,line-b,line-b-e14,33.2010827,-116.1519115,180.0,line-b-e15,33.2012421,-116.1517219,180.0,line-b-e17,33.2015609,-116.1513428,180.0,line-b-e18,33.2017203,-116.1511532,180.0,2026-08-18T16:19:00Z,dipole-dipole,2,4,1.310,610.7,269.135,9.197,0.00312,0.00133,0.00447;0.00453;0.00428;0.00426;0.00321;0.00294;0.00235;0.00188;0.00166;0.00112,
line-b-r00696,line-b,line-b-e14,33.2010827,-116.1519115,180.0,line-b-e15,33.2012421,-116.1517219,180.0,line-b-e17,33.2015609,-116.1513428,180.0,line-b-e18,33.2017203,-116.1511532,180.0,2026-08-18T16:19:12Z,dipole-dipole,2,8,1.282,623.9,99.593,7.608,0.00619,0.00128,0.01014;0.00978;0.00838;0.00771;0.00629;0.00581;0.00538;0.00431;0.00286;0.00220,
line-b-r00697,line-b,line-b-e14,33.2010827,-116.1519115,180.0,line-b-e15,33.2012421,-116.1517219,180.0,line-b-e17,33.2015609,-116.1513428,180.0,line-b-e18,33.2017203,-116.1511532,180.0,2026-08-18T16:19:24Z,dipole-dipole,2,8,1.139,702.1,309.869,8.420,0.00264,0.00097,0.00413;0.00401;0.00391;0.00326;0.00291;0.00226;0.00237;0.00161;0.00142;0.00091,
line-b-r00698,line-b,line-b-e14,33.2010827,-116.1519115,180.0,line-b-e15,33.2012421,-116.1517219,180.0,line-b-e17,33.2015609,-116.1513428,180.0,line-b-e18,33.2017203,-116.1511532,180.0,2026-08-18T16:19:36Z,dipole-dipole,2,8,0.984,813.2,319.554,7.221,0.00150,0.00092,0.00198;0.00213;0.00196;0.00179;0.00162;0.00140;0.00120;0.00093;0.00068;0.00058,
line-b-r00699,line-b,line-b-e14,33.2010827,-116.1519115,180.0,line-b-e15,33.2012421,-116.1517219,180.0,line-b-e17,33.2015609,-116.1513428,180.0,line-b-e18,33.2017203,-116.1511532,180.0,2026-08-18T16:19:48Z,dipole-dipole,2,8,1.374,582.1,216.081,7.783,0.02583,0.00111,0.04193;0.03448;0.03533;0.03166;0.03045;0.02148;0.02107;0.01466;0.01267;0.00896,
line-b-r00700,line-b,line-b-e14,33.2010827,-116.1519115,180.0,line-b-e15,33.2012421,-116.1517219,180.0,line-b-e17,33.2015609,-116.1513428,180.0,line-b-e18,33.2017203,-116.1511532,180.0,2026-08-18T16:20:00Z,dipole-dipole,2,3,1.604,498.8,148.608,8.343,0.00365,0.00119,0.00575;0.00516;0.00502;0.00420;0.00375;0.00312;0.00274;0.00233;0.00180;0.00123,
line-b-r00701,line-b,line-b-e14,33.2010827,-116.1519115,180.0,line-b-e15,33.2012421,-116.1517219,180.0,line-b-e18,33.2017203,-116.1511532,180.0,line-b-e19,33.2018797,-116.1509636,180.0,2026-08-18T16:20:12Z,dipole-dipole,3,8,1.329,602.0,206.134,8.233,0.00507,0.00115,0.00869;0.00832;0.00721;0.00685;0.00539;0.00465;0.00415;0.00324;0.00246;0.00178,
line-b-r00702,line-b,line-b-e14,33.2010827,-116.1519115,180.0,line-b-e15,33.2012421,-116.1517219,180.0,line-b-e18,33.2017203,-116.1511532,180.0,line-b-e19,33.2018797,-116.1509636,180.0,2026-08-18T16:20:24Z,dipole-dipole,3,4,1.098,728.8,200.895,6.502,0.00393,0.00128,0.00603;0.00610;0.00564;0.00479;0.00400;0.00381;0.00293;0.00256;0.00189;0.00135,
line-b-r00703,line-b,line-b-e14,33.2010827,-116.1519115,180.0,line-b-e15,33.2012421,-116.1517219,180.0,line-b-e18,33.2017203,-116.1511532,180.0,line-b-e19,33.2018797,-116.1509636,180.0,2026-08-18T16:20:36Z,dipole-dipole,3,7,1.103,725.5,-218.497,8.807,0.00289,0.00095,0.00491;0.00421;0.00398;0.00350;0.00293;0.00277;0.00215;0.00176;0.00150;0.00102,
line-b-r00704,line-b,line-b-e14,33.2010827,-116.1519115,180.0,line-b-e15,33.2012421,-116.1517219,180.0,line-b-e18,33.2017203,-116.1511532,180.0,line-b-e19,33.2018797,-116.1509636,180.0,2026-08-18T16:20:48Z,dipole-dipole,3,3,1.345,594.7,197.653,10.083,0.00413,0.00107,0.00669;0.00629;0.00612;0.00495;0.00452;0.00389;0.00298;0.00250;0.00204;0.00144,
line-b-r00705,line-b,line-b-e14,33.2010827,-116.1519115,180.0,line-b-e15,33.2012421,-116.1517219,180.0,line-b-e18,33.2017203,-116.1511532,180.0,line-b-e19,33.2018797,-116.1509636,180.0,2026-08-18T16:21:00Z,dipole-dipole,3,7,1.478,541.2,190.934,7.673,0.00615,0.00097,0.01009;0.00886;0.00860;0.00684;0.00647;0.00628;0.00490;0.00376;0.00318;0.00225,
line-b-r00706,line-b,line-b-e14,33.2010827,-116.1519115,180.0,line-b-e15,33.2012421,-116.1517219,180.0,line-b-e18,33.2017203,-116.1511532,180.0,line-b-e19,33.2018797,-116.1509636,180.0,2026-08-18T16:21:12Z,dipole-dipole,3,8,1.050,761.7,194.867,9.099,0.00643,0.00101,0.00948;0.01066;0.00908;0.00831;0.00696;0.00599;0.00484;0.00443;0.00294;0.00218,
line-b-r00707,line-b,line-b-e14,33.2010827,-116.1519115,180.0,line-b-e15,33.2012421,-116.1517219,180.0,line-b-e19,33.2018797,-116.1509636,180.0,line-b-e20,33.2020391,-116.1507740,180.0,2026-08-18T16:21:24Z,dipole-dipole,4,5,1.325,603.7,168.845,7.388,0.00748,0.00094,0.01272;0.01028;0.00997;0.00988;0.00860;0.00729;0.00566;0.00478;0.00392;0.00258,
line-b-r00708,line-b,line-b-e14,33.2010827,-116.1519115,180.0,line-b-e15,33.2012421,-116.1517219,180.0,line-b-e19,33.2018797,-116.1509636,180.0,line-b-e20,33.2020391,-116.1507740,180.0,2026-08-18T16:21:36Z,dipole-dipole,4,5,1.115,717.5,185.294,216.707,0.00652,0.00096,0.00966;0.00892;0.00964;0.00868;0.00738;0.00647;0.00516;0.00445;0.00314;0.00220,
line-b-r00709,line-b,line-b-e14,33.2010827,-116.1519115,180.0,line-b-e15,33.2012421,-116.1517219,180.0,line-b-e19,33.2018797,-116.1509636,180.0,line-b-e20,33.2020391,-116.1507740,180.0,2026-08-18T16:21:48Z,dipole-dipole,4,5,1.186,674.3,176.126,7.979,0.00765,0.00150,0.01280;0.01161;0.01003;0.01045;0.00859;0.00701;0.00602;0.00520;0.00402;0.00276,
line-b-r00710,line-b,line-b-e14,33.2010827,-116.1519115,180.0,line-b-e15,33.2012421,-116.1517219,180.0,line-b-e19,33.2018797,-116.1509636,180.0,line-b-e20,33.2020391,-116.1507740,180.0,2026-08-18T16:22:00Z,dipole-dipole,4,5,1.005,796.0,181.480,7.227,0.00726,0.00096,0.01262;0.01033;0.01009;0.00837;0.00838;0.00661;0.00602;0.00480;0.00359;0.00250,
line-b-r00711,line-b,line-b-e14,33.2010827,-116.1519115,180.0,line-b-e15,33.2012421,-116.1517219,180.0,line-b-e19,33.2018797,-116.1509636,180.0,line-b-e20,33.2020391,-116.1507740,180.0,2026-08-18T16:22:12Z,dipole-dipole,4,8,1.142,700.6,177.447,6.484,0.00656,0.00099,0.01006;0.00913;0.00996;0.00811;0.00766;0.00650;0.00552;0.00383;0.00307;0.00230,
line-b-r00712,line-b,line-b-e14,33.2010827,-116.1519115,180.0,line-b-e15,33.2012421,-116.1517219,180.0,line-b-e19,33.2018797,-116.1509636,180.0,line-b-e20,33.2020391,-116.1507740,180.0,2026-08-18T16:22:24Z,dipole-dipole,4,6,1.062,753.2,182.766,7.447,0.00824,0.00133,0.01357;0.01096;0.01228;0.01030;0.00992;0.00820;0.00629;0.00504;0.00416;0.00339,
line-b-r00713,line-b,line-b-e15,33.2012421,-116.1517219,180.0,line-b-e16,33.2014015,-116.1515324,180.0,line-b-e17,33.2015609,-116.1513428,180.0,line-b-e18,33.2017203,-116.1511532,180.0,2026-08-18T16:22:36Z,dipole-dipole,1,4,1.852,432.1,194.102,7.465,0.02169,0.00099,0.03521;0.03297;0.03002;0.02929;0.02406;0.01890;0.01565;0.01323;0.01082;0.00728,
line-b-r00714,line-b,line-b-e15,33.2012421,-116.1517219,180.0,line-b-e16,33.2014015,-116.1515324,180.0,line-b-e17,33.2015609,-116.1513428,180.0,line-b-e18,33.2017203,-116.1511532,180.0,2026-08-18T16:22:48Z,dipole-dipole,1,3,2.000,348.1,314.346,7.432,0.00860,0.00101,0.01263;0.01292;0.01164;0.01053;0.00927;0.00937;0.00692;0.00565;0.00406;0.00303,
line-b-r00715,line-b,line-b-e15,33.2012421,-116.1517219,180.0,line-b-e16,33.2014015,-116.1515324,180.0,line-b-e17,33.2015609,-116.1513428,180.0,line-b-e18,33.2017203,-116.1511532,180.0,2026-08-18T16:23:00Z,dipole-dipole,1,5,1.767,452.7,361.295,8.990,0.00886,0.00101,0.01357;0.01327;0.01201;0.01080;0.01050;0.00856;0.00636;0.00582;0.00401;0.00336,
line-b-r00716,line-b,line-b-e15,33.2012421,-116.1517219,180.0,line-b-e16,33.2014015,-116.1515324,180.0,line-b-e17,33.2015609,-116.1513428,180.0,line-b-e18,33.2017203,-116.1511532,180.0,2026-08-18T16:23:12Z,dipole-dipole,1,3,1.832,436.6,590.777,7.297,0.00258,0.00081,0.00402;0.00374;0.00351;0.00308;0.00292;0.00263;0.00196;0.00162;0.00121;0.00094,
line-b-r00717,line-b,line-b-e15,33.2012421,-116.1517219,180.0,line-b-e16,33.2014015,-116.1515324,180.0,line-b-e17,33.2015609,-116.1513428,180.0,line-b-e18,33.2017203,-116.1511532,180.0,2026-08-18T16:23:24Z,dipole-dipole,1,5,2.000,398.2,413.691,8.259,0.00403,0.00096,0.00744;0.00640;0.00515;0.00531;0.00473;0.00410;0.00286;0.00259;0.00199;0.00149,
line-b-r00718,line-b,line-b-e15,33.2012421,-116.1517219,180.0,line-b-e16,33.2014015,-116.1515324,180.0,line-b-e17,33.2015609,-116.1513428,180.0,line-b-e18,33.2017203,-116.1511532,180.0,2026-08-18T16:23:36Z,dipole-dipole,1,7,1.518,527.1,478.280,6.778,0.00190,0.00121,0.00280;0.00260;0.00264;0.00230;0.00214;0.00190;0.00161;0.00126;0.00104;0.00065,
line-b-r00719,line-b,line-b-e15,33.2012421,-116.1517219,180.0,line-b-e16,33.2014015,-116.1515324,180.0,line-b-e18,33.2017203,-116.1511532,180.0,line-b-e19,33.2018797,-116.1509636,180.0,2026-08-18T16:23:48Z,dipole-dipole,2,5,1.944,411.6,191.930,8.267,0.00334,0.00083,0.00524;0.00506;0.00485;0.00411;0.00316;0.00287;0.00282;0.00237;0.00150;0.00122,
line-b-r00720,line-b,line-b-e15,33.2012421,-116.1517219,180.0,line-b-e16,33.2014015,-116.1515324,180.0,line-b-e18,33.2017203,-116.1511532,180.0,line-b-e19,33.2018797,-116.1509636,180.0,2026-08-18T16:24:00Z,dipole-dipole,2,3,2.000,384.9,197.570,7.989,0.00628,0.00121,0.01066;0.00911;0.00850;0.00849;0.00612;0.00541;0.00432;0.00395;0.00333;0.00211,
line-b-r00721,line-b,line-b-e15,33.2012421,-116.1517219,180.0,line-b-e16,33.2014015,-116.1515324,180.0,line-b-e18,33.2017203,-116.1511532,180.0,line-b-e19,33.2018797,-116.1509636,180.0,2026-08-18T16:24:12Z,dipole-dipole,2,6,1.843,434.1,199.317,7.900,0.00569,0.00088,0.01007;0.00936;0.00780;0.00645;0.00613;0.00517;0.00446;0.00359;0.00277;0.00212,
line-b-r00722,line-b,line-b-e15,33.2012421,-116.1517219,180.0,line-b-e16,33.2014015,-116.1515324,180.0,line-b-e18,33.2017203,-116.1511532,180.0,line-b-e19,33.2018797,-116.1509636,180.0,2026-08-18T16:24:24Z,dipole-dipole,2,6,2.000,365.8,193.298,6.649,0.00595,0.00090,0.00960;0.00922;0.00875;0.00817;0.00614;0.00530;0.00469;0.00395;0.00294;0.00225,
line-b-r00723,line-b,line-b-e15,33.2012421,-116.1517219,180.0,line-b-e16,33.2014015,-116.1515324,180.0,line-b-e18,33.2017203,-116.1511532,180.0,line-b-e19,33.2018797,-116.1509636,180.0,2026-08-18T16:24:36Z,dipole-dipole,2,3,1.728,462.8,196.885,8.654,0.00501,0.00105,0.00814;0.00808;0.00666;0.00616;0.00554;0.00508;0.00439;0.00320;0.00247;0.00188,
line-b-r00724,line-b,line-b-e15,33.2012421,-116.1517219,180.0,line-b-e16,33.2014015,-116.1515324,180.0,line-b-e18,33.2017203,-116.1511532,180.0,line-b-e19,33.2018797,-116.1509636,180.0,2026-08-18T16:24:48Z,dipole-dipole,2,4,1.662,481.3,196.994,8.093,0.00494,0.00107,0.00724;0.00730;0.00680;0.00575;0.00563;0.00471;0.00389;0.00309;0.00265;0.00173,
line-b-r00725,line-b,line-b-e15,33.2012421,-116.1517219,180.0,line-b-e16,33.2014015,-116.1515324,180.0,line-b-e19,33.2018797,-116.1509636,180.0,line-b-e20,33.2020391,-116.1507740,180.0,2026-08-18T16:25:00Z,dipole-dipole,3,3,2.000,381.7,200.828,8.175,0.00652,0.00107,0.00937;0.00942;0.00886;0.00879;0.00751;0.00642;0.00534;0.00463;0.00308;0.00253,
line-b-r00726,line-b,line-b-e15,33.2012421,-116.1517219,180.0,line-b-e16,33.2014015,-116.1515324,180.0,line-b-e19,33.2018797,-116.1509636,180.0,line-b-e20,33.2020391,-116.1507740,180.0,2026-08-18T16:25:12Z,dipole-dipole,3,3,1.988,402.5,198.552,7.716,0.00615,0.00099,0.00975;0.01041;0.00883;0.00764;0.00644;0.00583;0.00520;0.00412;0.00331;0.00237,
line-b-r00727,line-b,line-b-e15,33.2012421,-116.1517219,180.0,line-b-e16,33.2014015,-116.1515324,180.0,line-b-e19,33.2018797,-116.1509636,180.0,line-b-e20,33.2020391,-116.1507740,180.0,2026-08-18T16:25:24Z,dipole-dipole,3,8,1.979,404.2,196.633,6.340,0.00550,0.00093,0.00938;0.00818;0.00768;0.00679;0.00571;0.00469;0.00425;0.00360;0.00250;0.00179,
line-b-r00728,line-b,line-b-e15,33.2012421,-116.1517219,180.0,line-b-e16,33.2014015,-116.1515324,180.0,line-b-e19,33.2018797,-116.1509636,180.0,line-b-e20,33.2020391,-116.1507740,180.0,2026-08-18T16:25:36Z,dipole-dipole,3,4,2.000,367.9,207.793,8.563,0.00454,0.00113,0.00733;0.00774;0.00616;0.00534;0.00509;0.00425;0.00403;0.00278;0.00228;0.00173,
line-b-r00729,line-b,line-b-e15,33.2012421,-116.1517219,180.0,line-b-e16,33.2014015,-116.1515324,180.0,line-b-e19,33.2018797,-116.1509636,180.0,line-b-e20,33.2020391,-116.1507740,180.0,2026-08-18T16:25:48Z,dipole-dipole,3,6,2.000,387.4,190.527,8.000,0.00505,0.00111,0.00842;0.00705;0.00697;0.00583;0.00514;0.00416;0.00389;0.00326;0.00230;0.00179,
line-b-r00730,line-b,line-b-e15,33.2012421,-116.1517219,180.0,line-b-e16,33.2014015,-116.1515324,180.0,line-b-e19,33.2018797,-116.1509636,180.0,line-b-e20,33.2020391,-116.1507740,180.0,2026-08-18T16:26:00Z,dipole-dipole,3,5,1.836,435.7,179.124,6.903,0.00489,0.00100,0.00715;0.00672;0.00608;0.00589;0.00567;0.00494;0.00367;0.00337;0.00239;0.00174,
line-b-r00731,line-b,line-b-e15,33.2012421,-116.1517219,180.0,line-b-e16,33.2014015,-116.1515324,180.0,line-b-e19,33.2018797,-116.1509636,180.0,line-b-e20,33.2020391,-116.1507740,180.0,2026-08-18T16:26:12Z,dipole-dipole,3,5,1.325,603.8,195.408,5.701,0.00476,0.00117,0.00680;0.00715;0.00658;0.00617;0.00547;0.00469;0.00330;0.00271;0.00246;0.00153,
line-b-r00732,line-b,line-b-e15,33.2012421,-116.1517219,180.0,line-b-e16,33.2014015,-116.1515324,180.0,line-b-e19,33.2018797,-116.1509636,180.0,line-b-e20,33.2020391,-116.1507740,180.0,2026-08-18T16:26:24Z,dipole-dipole,3,8,2.000,359.5,206.694,5.050,0.00704,0.00112,0.01155;0.01028;0.00962;0.00910;0.00803;0.00705;0.00552;0.00465;0.00341;0.00271,
line-b-r00733,line-b,line-b-e16,33.2014015,-116.1515324,180.0,line-b-e17,33.2015609,-116.1513428,180.0,line-b-e18,33.2017203,-116.1511532,180.0,line-b-e19,33.2018797,-116.1509636,180.0,2026-08-18T16:26:36Z,dipole-dipole,1,7,0.050,40815.3,120.357,7.430,0.04373,0.00107,0.07087;0.06263;0.05696;0.05049;0.05249;0.03932;0.03431;0.02649;0.02265;0.01564,
line-b-r00734,line-b,line-b-e16,33.2014015,-116.1515324,180.0,line-b-e17,33.2015609,-116.1513428,180.0,line-b-e18,33.2017203,-116.1511532,180.0,line-b-e19,33.2018797,-116.1509636,180.0,2026-08-18T16:26:48Z,dipole-dipole,1,3,0.050,30907.5,147.511,7.507,0.00452,0.00096,0.00722;0.00659;0.00645;0.00622;0.00569;0.00428;0.00352;0.00272;0.00237;0.00158,
line-b-r00735,line-b,line-b-e16,33.2014015,-116.1515324,180.0,line-b-e17,33.2015609,-116.1513428,180.0,line-b-e18,33.2017203,-116.1511532,180.0,line-b-e19,33.2018797,-116.1509636,180.0,2026-08-18T16:27:00Z,dipole-dipole,1,6,0.050,48770.4,105.688,7.013,0.00294,0.00093,0.00423;0.00459;0.00379;0.00370;0.00333;0.00267;0.00213;0.00182;0.00136;0.00099,
line-b-r00736,line-b,line-b-e16,33.2014015,-116.1515324,180.0,line-b-e17,33.2015609,-116.1513428,180.0,line-b-e18,33.2017203,-116.1511532,180.0,line-b-e19,33.2018797,-116.1509636,180.0,2026-08-18T16:27:12Z,dipole-dipole,1,7,0.050,47470.5,174.512,7.144,0.00070,0.00135,0.00102;0.00096;0.00094;0.00093;0.00078;0.00071;0.00055;0.00041;0.00036;0.00024,
line-b-r00737,line-b,line-b-e16,33.2014015,-116.1515324,180.0,line-b-e17,33.2015609,-116.1513428,180.0,line-b-e18,33.2017203,-116.1511532,180.0,line-b-e19,33.2018797,-116.1509636,180.0,2026-08-18T16:27:24Z,dipole-dipole,1,6,0.050,49852.1,505.107,7.665,0.01168,0.00094,0.01780;0.01830;0.01737;0.01464;0.01232;0.01185;0.00962;0.00742;0.00546;0.00440,
line-b-r00738,line-b,line-b-e16,33.2014015,-116.1515324,180.0,line-b-e17,33.2015609,-116.1513428,180.0,line-b-e18,33.2017203,-116.1511532,180.0,line-b-e19,33.2018797,-116.1509636,180.0,2026-08-18T16:27:36Z,dipole-dipole,1,5,0.050,43371.5,326.091,7.259,0.00157,0.00142,0.00267;0.00232;0.00200;0.00198;0.00147;0.00143;0.00114;0.00105;0.00081;0.00056,
line-b-r00739,line-b,line-b-e16,33.2014015,-116.1515324,180.0,line-b-e17,33.2015609,-116.1513428,180.0,line-b-e18,33.2017203,-116.1511532,180.0,line-b-e19,33.2018797,-116.1509636,180.0,2026-08-18T16:27:48Z,dipole-dipole,1,8,0.050,38598.7,203.151,7.688,0.00688,0.00101,0.01102;0.00980;0.00932;0.00840;0.00826;0.00677;0.00574;0.00470;0.00319;0.00246,
line-b-r00740,line-b,line-b-e16,33.2014015,-116.1515324,180.0,line-b-e17,33.2015609,-116.1513428,180.0,line-b-e19,33.2018797,-116.1509636,180.0,line-b-e20,33.2020391,-116.1507740,180.0,2026-08-18T16:28:00Z,dipole-dipole,2,6,0.050,47693.2,315.699,8.312,0.00953,0.00095,0.01529;0.01255;0.01223;0.01223;0.01058;0.00894;0.00794;0.00591;0.00444;0.00306,
line-b-r00741,line-b,line-b-e16,33.2014015,-116.1515324,180.0,line-b-e17,33.2015609,-116.1513428,180.0,line-b-e19,33.2018797,-116.1509636,180.0,line-b-e20,33.2020391,-116.1507740,180.0,2026-08-18T16:28:12Z,dipole-dipole,2,8,0.050,47404.0,326.265,7.354,0.00385,0.00087,0.00606;0.00580;0.00460;0.00459;0.00462;0.00406;0.00309;0.00234;0.00194;0.00132,
line-b-r00742,line-b,line-b-e16,33.2014015,-116.1515324,180.0,line-b-e17,33.2015609,-116.1513428,180.0,line-b-e19,33.2018797,-116.1509636,180.0,line-b-e20,33.2020391,-116.1507740,180.0,2026-08-18T16:28:24Z,dipole-dipole,2,5,0.050,39978.1,248.310,6.801,0.00199,0.00097,0.00295;0.00319;0.00233;0.00242;0.00239;0.00183;0.00148;0.00129;0.00093;0.00067,
line-b-r00743,line-b,line-b-e16,33.2014015,-116.1515324,180.0,line-b-e17,33.2015609,-116.1513428,180.0,line-b-e19,33.2018797,-116.1509636,180.0,line-b-e20,33.2020391,-116.1507740,180.0,2026-08-18T16:28:36Z,dipole-dipole,2,4,0.050,44403.2,196.220,8.617,0.00625,0.00081,0.00966;0.01022;0.00873;0.00727;0.00657;0.00627;0.00508;0.00413;0.00287;0.00260,
line-b-r00744,line-b,line-b-e16,33.2014015,-116.1515324,180.0,line-b-e17,33.2015609,-116.1513428,180.0,line-b-e19,33.2018797,-116.1509636,180.0,line-b-e20,33.2020391,-116.1507740,180.0,2026-08-18T16:28:48Z,dipole-dipole,2,3,0.050,45570.2,100.758,7.889,0.00313,0.00114,0.00470;0.00497;0.00436;0.00381;0.00323;0.00302;0.00247;0.00213;0.00162;0.00117,
line-b-r00745,line-b,line-b-e16,33.2014015,-116.1515324,180.0,line-b-e17,33.2015609,-116.1513428,180.0,line-b-e19,33.2018797,-116.1509636,180.0,line-b-e20,33.2020391,-116.1507740,180.0,2026-08-18T16:29:00Z,dipole-dipole,2,8,0.050,37992.6,635.179,7.796,0.00642,0.00116,0.00997;0.00962;0.00918;0.00683;0.00648;0.00571;0.00545;0.00411;0.00326;0.00210,
line-b-r00746,line-b,line-b-e17,33.2015609,-116.1513428,180.0,line-b-e18,33.2017203,-116.1511532,180.0,line-b-e19,33.2018797,-116.1509636,180.0,line-b-e20,33.2020391,-116.1507740,180.0,2026-08-18T16:29:12Z,dipole-dipole,1,5,0.050,52422.3,226.161,9.585,0.00312,0.00078,0.00493;0.00445;0.00410;0.00374;0.00321;0.00306;0.00223;0.00203;0.00148;0.00110,
line-b-r00747,line-b,line-b-e17,33.2015609,-116.1513428,180.0,line-b-e18,33.2017203,-116.1511532,180.0,line-b-e19,33.2018797,-116.1509636,180.0,line-b-e20,33.2020391,-116.1507740,180.0,2026-08-18T16:29:24Z,dipole-dipole,1,8,0.050,42106.6,489.174,7.561,0.00173,0.00092,0.00260;0.00256;0.00224;0.00219;0.00206;0.00170;0.00145;0.00112;0.00083;0.00055,
line-b-r00748,line-b,line-b-e17,33.2015609,-116.1513428,180.0,line-b-e18,33.2017203,-116.1511532,180.0,line-b-e19,33.2018797,-116.1509636,180.0,line-b-e20,33.2020391,-116.1507740,180.0,2026-08-18T16:29:36Z,dipole-dipole,1,3,0.050,39332.8,86.878,8.665,0.00418,0.00087,0.00655;0.00619;0.00550;0.00502;0.00490;0.00361;0.00337;0.00258;0.00189;0.00154,
line-b-r00749,line-b,line-b-e17,33.2015609,-116.1513428,180.0,line-b-e18,33.2017203,-116.1511532,180.0,line-b-e19,33.2018797,-116.1509636,180.0,line-b-e20,33.2020391,-116.1507740,180.0,2026-08-18T16:29:48Z,dipole-dipole,1,4,0.050,36339.9,403.932,7.448,0.00518,0.00092,0.00804;0.00855;0.00689;0.00615;0.00549;0.00461;0.00424;0.00368;0.00263;0.00200,
line-b-r00750,line-b,line-b-e17,33.2015609,-116.1513428,180.0,line-b-e18,33.2017203,-116.1511532,180.0,line-b-e19,33.2018797,-116.1509636,180.0,line-b-e20,33.2020391,-116.1507740,180.0,2026-08-18T16:30:00Z,dipole-dipole,1,8,0.050,44082.8,223.789,5.671,0.00871,0.00100,0.01469;0.01362;0.01206;0.01116;0.00994;0.00894;0.00698;0.00516;0.00438;0.00308,
line-b-r00751,line-b,line-b-e17,33.2015609,-116.1513428,180.0,line-b-e18,33.2017203,-116.1511532,180.0,line-b-e19,33.2018797,-116.1509636,180.0,line-b-e20,33.2020391,-116.1507740,180.0,2026-08-18T16:30:12Z,dipole-dipole,1,5,0.050,51130.2,243.600,6.920,0.00317,0.00089,0.00502;0.00472;0.00439;0.00403;0.00366;0.00312;0.00230;0.00203;0.00148;0.00127,
line-b-r00752,line-b,line-b-e17,33.2015609,-116.1513428,180.0,line-b-e18,33.2017203,-116.1511532,180.0,line-b-e19,33.2018797,-116.1509636,180.0,line-b-e20,33.2020391,-116.1507740,180.0,2026-08-18T16:30:24Z,dipole-dipole,1,6,0.050,40378.2,159.185,9.557,0.02288,0.00085,0.03990;0.03411;0.02967;0.02645;0.02468;0.02059;0.01968;0.01489;0.01114;0.00865,
line-b-r00753,line-b,line-b-e11,33.2006046,-116.1524803,180.0,line-b-e12,33.2007639,-116.1522907,180.0,line-b-e20,33.2020391,-116.1507740,180.0,line-b-e21,33.2021985,-116.1505844,180.0,2026-08-18T16:55:36Z,dipole-dipole,8,7,2.000,277.3,130.864,6.489,0.01562,0.00242,0.02649;0.02391;0.02009;0.01895;0.01742;0.01349;0.01269;0.01023;0.00750;0.00556,
line-b-r00754,line-b,line-b-e11,33.2006046,-116.1524803,180.0,line-b-e12,33.2007639,-116.1522907,180.0,line-b-e20,33.2020391,-116.1507740,180.0,line-b-e21,33.2021985,-116.1505844,180.0,2026-08-18T16:55:48Z,dipole-dipole,8,4,2.000,334.2,130.748,7.280,0.01388,0.00176,0.02240;0.01893;0.01939;0.01654;0.01602;0.01238;0.01207;0.00804;0.00720;0.00479,
line-b-r00755,line-b,line-b-e11,33.2006046,-116.1524803,180.0,line-b-e12,33.2007639,-116.1522907,180.0,line-b-e20,33.2020391,-116.1507740,180.0,line-b-e21,33.2021985,-116.1505844,180.0,2026-08-18T16:56:00Z,dipole-dipole,8,7,2.000,278.7,138.891,4.833,0.01626,0.00157,0.02592;0.02469;0.02043;0.02115;0.01601;0.01569;0.01241;0.01080;0.00806;0.00574,
line-b-r00756,line-b,line-b-e11,33.2006046,-116.1524803,180.0,line-b-e12,33.2007639,-116.1522907,180.0,line-b-e20,33.2020391,-116.1507740,180.0,line-b-e21,33.2021985,-116.1505844,180.0,2026-08-18T16:56:12Z,dipole-dipole,8,8,2.000,285.1,133.379,4.502,0.01444,0.00176,0.02417;0.02097;0.01900;0.01975;0.01621;0.01337;0.01102;0.01084;0.00602;0.00535,
line-b-r00757,line-b,line-b-e11,33.2006046,-116.1524803,180.0,line-b-e12,33.2007639,-116.1522907,180.0,line-b-e20,33.2020391,-116.1507740,180.0,line-b-e21,33.2021985,-116.1505844,180.0,2026-08-18T16:56:24Z,dipole-dipole,8,8,2.000,315.2,135.963,6.461,0.01776,0.00185,0.02664;0.02596;0.02122;0.02294;0.01894;0.01781;0.01250;0.01133;0.00882;0.00671,
line-b-r00758,line-b,line-b-e11,33.2006046,-116.1524803,180.0,line-b-e12,33.2007639,-116.1522907,180.0,line-b-e20,33.2020391,-116.1507740,180.0,line-b-e21,33.2021985,-116.1505844,180.0,2026-08-18T16:56:36Z,dipole-dipole,8,6,2.000,294.7,135.131,4.836,0.01788,0.00166,0.02836;0.02665;0.02599;0.02221;0.01887;0.01774;0.01431;0.01113;0.00906;0.00621,
line-b-r00759,line-b,line-b-e11,33.2006046,-116.1524803,180.0,line-b-e12,33.2007639,-116.1522907,180.0,line-b-e20,33.2020391,-116.1507740,180.0,line-b-e21,33.2021985,-116.1505844,180.0,2026-08-18T16:56:48Z,dipole-dipole,8,3,2.000,305.9,134.029,4.523,0.01633,0.00191,0.02590;0.02529;0.02228;0.02019;0.01828;0.01367;0.01258;0.01208;0.00749;0.00614,
line-b-r00760,line-b,line-b-e11,33.2006046,-116.1524803,180.0,line-b-e12,33.2007639,-116.1522907,180.0,line-b-e20,33.2020391,-116.1507740,180.0,line-b-e21,33.2021985,-116.1505844,180.0,2026-08-18T16:57:00Z,dipole-dipole,8,5,2.000,268.1,140.111,6.346,0.01557,0.00146,0.02220;0.02433;0.01988;0.01819;0.01628;0.01725;0.01195;0.00934;0.00765;0.00570,
line-b-r00761,line-b,line-b-e12,33.2007639,-116.1522907,180.0,line-b-e13,33.2009233,-116.1521011,180.0,line-b-e20,33.2020391,-116.1507740,180.0,line-b-e21,33.2021985,-116.1505844,180.0,2026-08-18T16:57:12Z,dipole-dipole,7,7,2.000,355.5,141.475,7.225,0.01564,0.00193,0.02555;0.02623;0.01979;0.02052;0.01719;0.01436;0.01074;0.01075;0.00813;0.00558,
line-b-r00762,line-b,line-b-e12,33.2007639,-116.1522907,180.0,line-b-e13,33.2009233,-116.1521011,180.0,line-b-e20,33.2020391,-116.1507740,180.0,line-b-e21,33.2021985,-116.1505844,180.0,2026-08-18T16:57:24Z,dipole-dipole,7,6,2.000,329.6,141.470,4.685,0.01604,0.00174,0.02587;0.02387;0.02182;0.02095;0.01796;0.01637;0.01199;0.00972;0.00768;0.00547,
line-b-r00763,line-b,line-b-e12,33.2007639,-116.1522907,180.0,line-b-e13,33.2009233,-116.1521011,180.0,line-b-e20,33.2020391,-116.1507740,180.0,line-b-e21,33.2021985,-116.1505844,180.0,2026-08-18T16:57:36Z,dipole-dipole,7,7,2.000,384.0,143.831,4.675,0.01363,0.00168,0.02396;0.02018;0.01858;0.01553;0.01715;0.01442;0.01062;0.00949;0.00656;0.00492,
line-b-r00764,line-b,line-b-e12,33.2007639,-116.1522907,180.0,line-b-e13,33.2009233,-116.1521011,180.0,line-b-e20,33.2020391,-116.1507740,180.0,line-b-e21,33.2021985,-116.1505844,180.0,2026-08-18T16:57:48Z,dipole-dipole,7,8,2.000,383.2,150.844,4.303,0.01745,0.00147,0.02829;0.02321;0.02535;0.02154;0.02013;0.01644;0.01348;0.01128;0.00909;0.00587,
line-b-r00765,line-b,line-b-e12,33.2007639,-116.1522907,180.0,line-b-e13,33.2009233,-116.1521011,180.0,line-b-e20,33.2020391,-116.1507740,180.0,line-b-e21,33.2021985,-116.1505844,180.0,2026-08-18T16:58:00Z,dipole-dipole,7,6,2.000,311.8,136.341,5.301,0.01497,0.00178,0.02478;0.02288;0.01970;0.01851;0.01604;0.01521;0.01130;0.00989;0.00751;0.00567,
line-b-r00766,line-b,line-b-e12,33.2007639,-116.1522907,180.0,line-b-e13,33.2009233,-116.1521011,180.0,line-b-e20,33.2020391,-116.1507740,180.0,line-b-e21,33.2021985,-116.1505844,180.0,2026-08-18T16:58:12Z,dipole-dipole,7,4,2.000,328.3,145.009,5.712,0.01867,0.00146,0.02862;0.02768;0.02309;0.02323;0.01756;0.01722;0.01377;0.01141;0.00965;0.00741,
line-b-r00767,line-b,line-b-e12,33.2007639,-116.1522907,180.0,line-b-e13,33.2009233,-116.1521011,180.0,line-b-e20,33.2020391,-116.1507740,180.0,line-b-e21,33.2021985,-116.1505844,180.0,2026-08-18T16:58:24Z,dipole-dipole,7,6,2.000,308.9,137.092,7.491,0.01514,0.00182,0.02615;0.02297;0.02159;0.01856;0.01714;0.01429;0.01249;0.00958;0.00717;0.00575,
line-b-r00768,line-b,line-b-e12,33.2007639,-116.1522907,180.0,line-b-e13,33.2009233,-116.1521011,180.0,line-b-e21,33.2021985,-116.1505844,180.0,line-b-e22,33.2023579,-116.1503948,180.0,2026-08-18T16:58:36Z,dipole-dipole,8,5,2.000,388.1,129.985,5.901,0.02142,0.00171,0.03732;0.03287;0.02916;0.02700;0.02422;0.02202;0.01707;0.01494;0.01137;0.00798,
line-b-r00769,line-b,line-b-e12,33.2007639,-116.1522907,180.0,line-b-e13,33.2009233,-116.1521011,180.0,line-b-e21,33.2021985,-116.1505844,180.0,line-b-e22,33.2023579,-116.1503948,180.0,2026-08-18T16:58:48Z,dipole-dipole,8,6,1.733,461.5,137.482,5.806,0.02016,0.00183,0.03106;0.02902;0.02597;0.02371;0.02110;0.02149;0.01602;0.01261;0.01025;0.00679,
line-b-r00770,line-b,line-b-e12,33.2007639,-116.1522907,180.0,line-b-e13,33.2009233,-116.1521011,180.0,line-b-e21,33.2021985,-116.1505844,180.0,line-b-e22,33.2023579,-116.1503948,180.0,2026-08-18T16:59:00Z,dipole-dipole,8,4,2.000,385.3,137.201,4.648,0.01835,0.00155,0.02950;0.02886;0.02448;0.02135;0.01953;0.01662;0.01551;0.01236;0.00921;0.00601,
line-b-r00771,line-b,line-b-e12,33.2007639,-116.1522907,180.0,line-b-e13,33.2009233,-116.1521011,180.0,line-b-e21,33.2021985,-116.1505844,180.0,line-b-e22,33.2023579,-116.1503948,180.0,2026-08-18T16:59:12Z,dipole-dipole,8,4,1.962,407.8,136.579,5.463,0.01626,0.00193,0.02370;0.02501;0.02336;0.02001;0.01779;0.01716;0.01319;0.01087;0.00788;0.00583,
line-b-r00772,line-b,line-b-e12,33.2007639,-116.1522907,180.0,line-b-e13,33.2009233,-116.1521011,180.0,line-b-e21,33.2021985,-116.1505844,180.0,line-b-e22,33.2023579,-116.1503948,180.0,2026-08-18T16:59:24Z,dipole-dipole,8,7,2.000,331.9,135.085,4.528,0.01757,0.00195,0.02885;0.02548;0.02238;0.02305;0.02011;0.01610;0.01304;0.01146;0.00954;0.00638,
line-b-r00773,line-b,line-b-e12,33.2007639,-116.1522907,180.0,line-b-e13,33.2009233,-116.1521011,180.0,line-b-e21,33.2021985,-116.1505844,180.0,line-b-e22,33.2023579,-116.1503948,180.0,2026-08-18T16:59:36Z,dipole-dipole,8,6,1.722,464.7,120.225,5.807,0.01824,0.00162,0.02763;0.02799;0.02532;0.02040;0.02109;0.01665;0.01611;0.01114;0.00878;0.00562,
line-b-r00774,line-b,line-b-e13,33.2009233,-116.1521011,180.0,line-b-e14,33.2010827,-116.1519115,180.0,line-b-e20,33.2020391,-116.1507740,180.0,line-b-e21,33.2021985,-116.1505844,180.0,2026-08-18T16:59:48Z,dipole-dipole,6,6,1.359,588.6,148.075,5.160,0.01318,0.00165,0.02177;0.02080;0.01857;0.01687;0.01376;0.01307;0.00992;0.00928;0.00617;0.00446,
line-b-r00775,line-b,line-b-e13,33.2009233,-116.1521011,180.0,line-b-e14,33.2010827,-116.1519115,180.0,line-b-e20,33.2020391,-116.1507740,180.0,line-b-e21,33.2021985,-116.1505844,180.0,2026-08-18T17:00:00Z,dipole-dipole,6,7,1.227,652.2,144.098,5.288,0.01236,0.00133,0.01878;0.01854;0.01710;0.01446;0.01428;0.01259;0.01031;0.00770;0.00582;0.00428,
line-b-r00776,line-b,line-b-e13,33.2009233,-116.1521011,180.0,line-b-e14,33.2010827,-116.1519115,180.0,line-b-e20,33.2020391,-116.1507740,180.0,line-b-e21,33.2021985,-116.1505844,180.0,2026-08-18T17:00:12Z,dipole-dipole,6,6,1.166,686.1,151.761,4.746,0.01453,0.00135,0.02359;0.01960;0.01987;0.01683;0.01585;0.01251;0.01269;0.00852;0.00757;0.00512,
line-b-r00777,line-b,line-b-e13,33.2009233,-116.1521011,180.0,line-b-e14,33.2010827,-116.1519115,180.0,line-b-e20,33.2020391,-116.1507740,180.0,line-b-e21,33.2021985,-116.1505844,180.0,2026-08-18T17:00:24Z,dipole-dipole,6,6,1.091,733.3,156.676,4.761,0.01449,0.00188,0.02511;0.02154;0.02079;0.01639;0.01662;0.01215;0.01056;0.00918;0.00788;0.00492,
line-b-r00778,line-b,line-b-e13,33.2009233,-116.1521011,180.0,line-b-e14,33.2010827,-116.1519115,180.0,line-b-e20,33.2020391,-116.1507740,180.0,line-b-e21,33.2021985,-116.1505844,180.0,2026-08-18T17:00:36Z,dipole-dipole,6,3,1.208,662.3,161.825,5.438,0.01257,0.00155,0.01939;0.02068;0.01723;0.01623;0.01269;0.01277;0.01006;0.00796;0.00615;0.00471,
line-b-r00779,line-b,line-b-e13,33.2009233,-116.1521011,180.0,line-b-e14,33.2010827,-116.1519115,180.0,line-b-e20,33.2020391,-116.1507740,180.0,line-b-e21,33.2021985,-116.1505844,180.0,2026-08-18T17:00:48Z,dipole-dipole,6,7,1.112,719.6,139.948,5.616,0.01351,0.00167,0.02288;0.02021;0.01860;0.01464;0.01515;0.01206;0.01019;0.00875;0.00627;0.00482,
line-b-r00780,line-b,line-b-e13,33.2009233,-116.1521011,180.0,line-b-e14,33.2010827,-116.1519115,180.0,line-b-e20,33.2020391,-116.1507740,180.0,line-b-e21,33.2021985,-116.1505844,180.0,2026-08-18T17:01:00Z,dipole-dipole,6,6,1.178,679.1,155.506,6.293,0.01417,0.00193,0.02418;0.02178;0.01803;0.01760;0.01570;0.01152;0.01177;0.00822;0.00646;0.00512,
line-b-r00781,line-b,line-b-e13,33.2009233,-116.1521011,180.0,line-b-e14,33.2010827,-116.1519115,180.0,line-b-e21,33.2021985,-116.1505844,180.0,line-b-e22,33.2023579,-116.1503948,180.0,2026-08-18T17:01:12Z,dipole-dipole,7,8,1.123,712.6,137.400,5.020,0.01710,0.00146,0.02730;0.02320;0.02363;0.02142;0.02025;0.01637;0.01393;0.01074;0.00892;0.00693,
line-b-r00782,line-b,line-b-e13,33.2009233,-116.1521011,180.0,line-b-e14,33.2010827,-116.1519115,180.0,line-b-e21,33.2021985,-116.1505844,180.0,line-b-e22,33.2023579,-116.1503948,180.0,2026-08-18T17:01:24Z,dipole-dipole,7,7,1.169,684.3,137.708,5.841,0.01896,0.00194,0.02902;0.02809;0.02788;0.02300;0.01871;0.01929;0.01365;0.01322;0.00994;0.00612,
line-b-r00783,line-b,line-b-e13,33.2009233,-116.1521011,180.0,line-b-e14,33.2010827,-116.1519115,180.0,line-b-e21,33.2021985,-116.1505844,180.0,line-b-e22,33.2023579,-116.1503948,180.0,2026-08-18T17:01:36Z,dipole-dipole,7,8,1.289,620.8,132.837,4.795,0.01744,0.00179,0.02848;0.02553;0.02542;0.02188;0.01888;0.01668;0.01405;0.00986;0.00852;0.00700,
line-b-r00784,line-b,line-b-e13,33.2009233,-116.1521011,180.0,line-b-e14,33.2010827,-116.1519115,180.0,line-b-e21,33.2021985,-116.1505844,180.0,line-b-e22,33.2023579,-116.1503948,180.0,2026-08-18T17:01:48Z,dipole-dipole,7,8,0.963,830.7,143.993,7.169,0.01365,0.00171,0.02155;0.01876;0.02078;0.01732;0.01511;0.01359;0.01145;0.00961;0.00694;0.00451,
line-b-r00785,line-b,line-b-e13,33.2009233,-116.1521011,180.0,line-b-e14,33.2010827,-116.1519115,180.0,line-b-e21,33.2021985,-116.1505844,180.0,line-b-e22,33.2023579,-116.1503948,180.0,2026-08-18T17:02:00Z,dipole-dipole,7,6,0.983,813.7,141.394,7.305,0.01834,0.00162,0.02812;0.02652;0.02373;0.02139;0.02202;0.01600;0.01480;0.01234;0.00890;0.00589,
line-b-r00786,line-b,line-b-e13,33.2009233,-116.1521011,180.0,line-b-e14,33.2010827,-116.1519115,180.0,line-b-e21,33.2021985,-116.1505844,180.0,line-b-e22,33.2023579,-116.1503948,180.0,2026-08-18T17:02:12Z,dipole-dipole,7,8,1.233,649.0,147.904,6.393,0.01927,0.00144,0.03252;0.03312;0.02619;0.02366;0.02067;0.01823;0.01437;0.01208;0.00953;0.00704,
line-b-r00787,line-b,line-b-e13,33.2009233,-116.1521011,180.0,line-b-e14,33.2010827,-116.1519115,180.0,line-b-e22,33.2023579,-116.1503948,180.0,line-b-e23,33.2025173,-116.1502052,180.0,2026-08-18T17:02:24Z,dipole-dipole,8,8,1.230,650.4,131.230,5.313,0.01984,0.00206,0.03207;0.03050;0.02375;0.02407;0.01891;0.01800;0.01449;0.01328;0.01069;0.00728,
line-b-r00788,line-b,line-b-e13,33.2009233,-116.1521011,180.0,line-b-e14,33.2010827,-116.1519115,180.0,line-b-e22,33.2023579,-116.1503948,180.0,line-b-e23,33.2025173,-116.1502052,180.0,2026-08-18T17:02:36Z,dipole-dipole,8,5,1.199,667.0,137.262,4.332,0.01622,0.00203,0.02704;0.02589;0.02421;0.02036;0.01787;0.01610;0.01536;0.00927;0.00684;0.00587,
line-b-r00789,line-b,line-b-e13,33.2009233,-116.1521011,180.0,line-b-e14,33.2010827,-116.1519115,180.0,line-b-e22,33.2023579,-116.1503948,180.0,line-b-e23,33.2025173,-116.1502052,180.0,2026-08-18T17:02:48Z,dipole-dipole,8,5,1.406,568.8,136.586,4.791,0.02094,0.00199,0.03195;0.02932;0.02745;0.02797;0.02324;0.02013;0.01883;0.01335;0.01160;0.00719,
line-b-r00790,line-b,line-b-e13,33.2009233,-116.1521011,180.0,line-b-e14,33.2010827,-116.1519115,180.0,line-b-e22,33.2023579,-116.1503948,180.0,line-b-e23,33.2025173,-116.1502052,180.0,2026-08-18T17:03:00Z,dipole-dipole,8,7,1.007,794.3,123.336,3.927,0.01988,0.00157,0.03526;0.02815;0.02611;0.02330;0.02068;0.01836;0.01527;0.01271;0.00957;0.00686,
line-b-r00791,line-b,line-b-e13,33.2009233,-116.1521011,180.0,line-b-e14,33.2010827,-116.1519115,180.0,line-b-e22,33.2023579,-116.1503948,180.0,line-b-e23,33.2025173,-116.1502052,180.0,2026-08-18T17:03:12Z,dipole-dipole,8,8,1.076,743.4,142.007,5.187,0.01776,0.00262,0.02877;0.02650;0.02273;0.02356;0.01867;0.01606;0.01531;0.01217;0.00839;0.00635,
line-b-r00792,line-b,line-b-e13,33.2009233,-116.1521011,180.0,line-b-e14,33.2010827,-116.1519115,180.0,line-b-e22,33.2023579,-116.1503948,180.0,line-b-e23,33.2025173,-116.1502052,180.0,2026-08-18T17:03:24Z,dipole-dipole,8,5,1.131,707.3,128.199,5.890,0.01655,0.00216,0.03114;0.02710;0.02309;0.02211;0.01790;0.01645;0.01382;0.01016;0.00781;0.00569,
line-b-r00793,line-b,line-b-e14,33.2010827,-116.1519115,180.0,line-b-e15,33.2012421,-116.1517219,180.0,line-b-e20,33.2020391,-116.1507740,180.0,line-b-e21,33.2021985,-116.1505844,180.0,2026-08-18T17:03:36Z,dipole-dipole,5,6,1.279,625.7,177.816,5.664,0.01115,0.00128,0.01802;0.01528;0.01484;0.01444;0.01153;0.01055;0.00952;0.00658;0.00512;0.00382,
line-b-r00794,line-b,line-b-e14,33.2010827,-116.1519115,180.0,line-b-e15,33.2012421,-116.1517219,180.0,line-b-e20,33.2020391,-116.1507740,180.0,line-b-e21,33.2021985,-116.1505844,180.0,2026-08-18T17:03:48Z,dipole-dipole,5,6,1.480,540.7,171.237,6.162,0.00912,0.00145,0.01424;0.01397;0.01170;0.01194;0.01048;0.00975;0.00824;0.00621;0.00452;0.00322,
line-b-r00795,line-b,line-b-e14,33.2010827,-116.1519115,180.0,line-b-e15,33.2012421,-116.1517219,180.0,line-b-e20,33.2020391,-116.1507740,180.0,line-b-e21,33.2021985,-116.1505844,180.0,2026-08-18T17:04:00Z,dipole-dipole,5,5,1.317,607.6,169.694,4.929,0.01008,0.00116,0.01571;0.01541;0.01295;0.01129;0.01132;0.00954;0.00851;0.00627;0.00493;0.00342,
line-b-r00796,line-b,line-b-e14,33.2010827,-116.1519115,180.0,line-b-e15,33.2012421,-116.1517219,180.0,line-b-e20,33.2020391,-116.1507740,180.0,line-b-e21,33.2021985,-116.1505844,180.0,2026-08-18T17:04:12Z,dipole-dipole,5,4,1.138,703.3,170.878,6.999,0.00699,0.00117,0.01089;0.00953;0.00980;0.00893;0.00775;0.00703;0.00513;0.00457;0.00355;0.00233,
line-b-r00797,line-b,line-b-e14,33.2010827,-116.1519115,180.0,line-b-e15,33.2012421,-116.1517219,180.0,line-b-e20,33.2020391,-116.1507740,180.0,line-b-e21,33.2021985,-116.1505844,180.0,2026-08-18T17:04:24Z,dipole-dipole,5,6,1.187,674.1,171.379,5.993,0.00863,0.00145,0.01367;0.01476;0.01148;0.01049;0.00867;0.00812;0.00625;0.00541;0.00449;0.00312,
line-b-r00798,line-b,line-b-e14,33.2010827,-116.1519115,180.0,line-b-e15,33.2012421,-116.1517219,180.0,line-b-e20,33.2020391,-116.1507740,180.0,line-b-e21,33.2021985,-116.1505844,180.0,2026-08-18T17:04:36Z,dipole-dipole,5,3,1.493,535.7,174.723,7.392,0.01101,0.00118,0.01662;0.01735;0.01511;0.01423;0.01140;0.01034;0.00807;0.00682;0.00521;0.00350,
line-b-r00799,line-b,line-b-e14,33.2010827,-116.1519115,180.0,line-b-e15,33.2012421,-116.1517219,180.0,line-b-e21,33.2021985,-116.1505844,180.0,line-b-e22,33.2023579,-116.1503948,180.0,2026-08-18T17:04:48Z,dipole-dipole,6,6,1.379,580.1,144.428,5.205,0.01512,0.00163,0.02568;0.02123;0.02166;0.01744;0.01768;0.01457;0.01121;0.00964;0.00744;0.00509,
line-b-r00800,line-b,line-b-e14,33.2010827,-116.1519115,180.0,line-b-e15,33.2012421,-116.1517219,180.0,line-b-e21,33.2021985,-116.1505844,180.0,line-b-e22,33.2023579,-116.1503948,180.0,2026-08-18T17:05:00Z,dipole-dipole,6,5,1.069,748.4,149.937,5.497,0.01414,0.00129,0.02338;0.02123;0.01955;0.01698;0.01638;0.01165;0.01087;0.01012;0.00677;0.00498,
line-b-r00801,line-b,line-b-e14,33.2010827,-116.1519115,180.0,line-b-e15,33.2012421,-116.1517219,180.0,line-b-e21,33.2021985,-116.1505844,180.0,line-b-e22,33.2023579,-116.1503948,180.0,2026-08-18T17:05:12Z,dipole-dipole,6,5,1.141,701.2,152.809,6.583,0.01237,0.00140,0.02171;0.01810;0.01564;0.01515;0.01401;0.01165;0.00999;0.00780;0.00572;0.00438,
line-b-r00802,line-b,line-b-e14,33.2010827,-116.1519115,180.0,line-b-e15,33.2012421,-116.1517219,180.0,line-b-e21,33.2021985,-116.1505844,180.0,line-b-e22,33.2023579,-116.1503948,180.0,2026-08-18T17:05:24Z,dipole-dipole,6,3,1.475,542.5,149.097,6.888,0.01323,0.00164,0.01960;0.01960;0.01938;0.01772;0.01589;0.01373;0.00995;0.00816;0.00631;0.00457,
line-b-r00803,line-b,line-b-e14,33.2010827,-116.1519115,180.0,line-b-e15,33.2012421,-116.1517219,180.0,line-b-e21,33.2021985,-116.1505844,180.0,line-b-e22,33.2023579,-116.1503948,180.0,2026-08-18T17:05:36Z,dipole-dipole,6,7,1.101,726.5,147.423,7.171,0.01305,0.00129,0.02205;0.01773;0.01654;0.01644;0.01382;0.01157;0.01044;0.00828;0.00635;0.00477,
line-b-r00804,line-b,line-b-e14,33.2010827,-116.1519115,180.0,line-b-e15,33.2012421,-116.1517219,180.0,line-b-e21,33.2021985,-116.1505844,180.0,line-b-e22,33.2023579,-116.1503948,180.0,2026-08-18T17:05:48Z,dipole-dipole,6,5,1.260,634.8,153.404,5.979,0.01311,0.00146,0.02198;0.01990;0.01904;0.01695;0.01575;0.01159;0.01001;0.00851;0.00638;0.00484,
line-b-r00805,line-b,line-b-e14,33.2010827,-116.1519115,180.0,line-b-e15,33.2012421,-116.1517219,180.0,line-b-e22,33.2023579,-116.1503948,180.0,line-b-e23,33.2025173,-116.1502052,180.0,2026-08-18T17:06:00Z,dipole-dipole,7,6,1.056,757.3,148.120,7.324,0.01638,0.00158,0.02681;0.02389;0.02651;0.02145;0.01727;0.01514;0.01194;0.01203;0.00782;0.00533,
line-b-r00806,line-b,line-b-e14,33.2010827,-116.1519115,180.0,line-b-e15,33.2012421,-116.1517219,180.0,line-b-e22,33.2023579,-116.1503948,180.0,line-b-e23,33.2025173,-116.1502052,180.0,2026-08-18T17:06:12Z,dipole-dipole,7,8,1.492,536.1,146.821,5.205,0.01304,0.00161,0.02214;0.02167;0.01705;0.01833;0.01422;0.01287;0.00962;0.00831;0.00627;0.00406,
line-b-r00807,line-b,line-b-e14,33.2010827,-116.1519115,180.0,line-b-e15,33.2012421,-116.1517219,180.0,line-b-e22,33.2023579,-116.1503948,180.0,line-b-e23,33.2025173,-116.1502052,180.0,2026-08-18T17:06:24Z,dipole-dipole,7,6,1.577,507.4,152.492,5.566,0.01321,0.00179,0.02219;0.01888;0.01793;0.01703;0.01564;0.01126;0.01067;0.00854;0.00636;0.00506,
line-b-r00808,line-b,line-b-e14,33.2010827,-116.1519115,180.0,line-b-e15,33.2012421,-116.1517219,180.0,line-b-e22,33.2023579,-116.1503948,180.0,line-b-e23,33.2025173,-116.1502052,180.0,2026-08-18T17:06:36Z,dipole-dipole,7,5,1.009,792.6,144.025,4.994,0.01493,0.00150,0.02299;0.02047;0.02024;0.01803;0.01774;0.01491;0.01195;0.00965;0.00777;0.00536,
line-b-r00809,line-b,line-b-e14,33.2010827,-116.1519115,180.0,line-b-e15,33.2012421,-116.1517219,180.0,line-b-e22,33.2023579,-116.1503948,180.0,line-b-e23,33.2025173,-116.1502052,180.0,2026-08-18T17:06:48Z,dipole-dipole,7,7,1.031,776.3,152.717,4.329,0.01536,0.00129,0.02216;0.02251;0.01973;0.01760;0.01559;0.01476;0.01263;0.00972;0.00703;0.00589,
line-b-r00810,line-b,line-b-e14,33.2010827,-116.1519115,180.0,line-b-e15,33.2012421,-116.1517219,180.0,line-b-e22,33.2023579,-116.1503948,180.0,line-b-e23,33.2025173,-116.1502052,180.0,2026-08-18T17:07:00Z,dipole-dipole,7,6,1.292,619.1,148.624,5.408,0.02007,0.00165,0.02974;0.02955;0.02768;0.02595;0.02362;0.01731;0.01688;0.01367;0.01051;0.00659,
line-b-r00811,line-b,line-b-e14,33.2010827,-116.1519115,180.0,line-b-e15,33.2012421,-116.1517219,180.0,line-b-e22,33.2023579,-116.1503948,180.0,line-b-e23,33.2025173,-116.1502052,180.0,2026-08-18T17:07:12Z,dipole-dipole,7,8,1.219,656.4,137.759,4.358,0.01499,0.00162,0.02420;0.02272;0.02263;0.01595;0.01622;0.01422;0.01182;0.00927;0.00803;0.00539,
line-b-r00812,line-b,line-b-e14,33.2010827,-116.1519115,180.0,line-b-e15,33.2012421,-116.1517219,180.0,line-b-e23,33.2025173,-116.1502052,180.0,line-b-e24,33.2026766,-116.1500156,180.0,2026-08-18T17:07:24Z,dipole-dipole,8,7,1.191,671.7,141.461,4.996,0.01938,0.00208,0.03166;0.02914;0.02567;0.02398;0.02115;0.01721;0.01472;0.01207;0.01041;0.00732,
line-b-r00813,line-b,line-b-e14,33.2010827,-116.1519115,180.0,line-b-e15,33.2012421,-116.1517219,180.0,line-b-e23,33.2025173,-116.1502052,180.0,line-b-e24,33.2026766,-116.1500156,180.0,2026-08-18T17:07:36Z,dipole-dipole,8,6,1.092,732.6,141.908,5.209,0.01903,0.00148,0.03139;0.02601;0.02674;0.02199;0.01867;0.01785;0.01557;0.01141;0.00939;0.00730,
line-b-r00814,line-b,line-b-e14,33.2010827,-116.1519115,180.0,line-b-e15,33.2012421,-116.1517219,180.0,line-b-e23,33.2025173,-116.1502052,180.0,line-b-e24,33.2026766,-116.1500156,180.0,2026-08-18T17:07:48Z,dipole-dipole,8,7,1.122,712.8,137.362,7.405,0.01738,0.00146,0.03045;0.02475;0.02398;0.02195;0.01878;0.01642;0.01391;0.01124;0.00856;0.00691,
line-b-r00815,line-b,line-b-e14,33.2010827,-116.1519115,180.0,line-b-e15,33.2012421,-116.1517219,180.0,line-b-e23,33.2025173,-116.1502052,180.0,line-b-e24,33.2026766,-116.1500156,180.0,2026-08-18T17:08:00Z,dipole-dipole,8,7,1.129,708.5,150.146,5.354,0.01897,0.00186,0.02920;0.03076;0.02904;0.02292;0.02084;0.01781;0.01499;0.01129;0.00860;0.00668,
line-b-r00816,line-b,line-b-e14,33.2010827,-116.1519115,180.0,line-b-e15,33.2012421,-116.1517219,180.0,line-b-e23,33.2025173,-116.1502052,180.0,line-b-e24,33.2026766,-116.1500156,180.0,2026-08-18T17:08:12Z,dipole-dipole,8,3,0.919,870.9,142.482,5.977,0.02091,0.00196,0.03197;0.03262;0.02756;0.02603;0.02191;0.02070;0.01598;0.01428;0.00948;0.00742,
line-b-r00817,line-b,line-b-e14,33.2010827,-116.1519115,180.0,line-b-e15,33.2012421,-116.1517219,180.0,line-b-e23,33.2025173,-116.1502052,180.0,line-b-e24,33.2026766,-116.1500156,180.0,2026-08-18T17:08:24Z,dipole-dipole,8,4,1.086,737.0,138.231,5.560,0.02132,0.00166,0.03585;0.03086;0.02678;0.02873;0.02414;0.01909;0.01455;0.01329;0.00997;0.00782,
line-b-r00818,line-b,line-b-e15,33.2012421,-116.1517219,180.0,line-b-e16,33.2014015,-116.1515324,180.0,line-b-e20,33.2020391,-116.1507740,180.0,line-b-e21,33.2021985,-116.1505844,180.0,2026-08-18T17:08:36Z,dipole-dipole,4,8,2.000,389.5,-267.644,7.691,0.00683,0.00162,0.01159;0.00964;0.00949;0.00868;0.00766;0.00669;0.00569;0.00398;0.00347;0.00243,
line-b-r00819,line-b,line-b-e15,33.2012421,-116.1517219,180.0,line-b-e16,33.2014015,-116.1515324,180.0,line-b-e20,33.2020391,-116.1507740,180.0,line-b-e21,33.2021985,-116.1505844,180.0,2026-08-18T17:08:48Z,dipole-dipole,4,4,1.797,445.2,183.100,7.336,0.00784,0.00146,0.01243;0.01131;0.00998;0.00922;0.00866;0.00750;0.00588;0.00492;0.00381;0.00262,
line-b-r00820,line-b,line-b-e15,33.2012421,-116.1517219,180.0,line-b-e16,33.2014015,-116.1515324,180.0,line-b-e20,33.2020391,-116.1507740,180.0,line-b-e21,33.2021985,-116.1505844,180.0,2026-08-18T17:09:00Z,dipole-dipole,4,4,1.137,703.5,190.032,7.096,0.00738,0.00127,0.01156;0.01114;0.00984;0.00930;0.00829;0.00668;0.00520;0.00464;0.00369;0.00269,
line-b-r00821,line-b,line-b-e15,33.2012421,-116.1517219,180.0,line-b-e16,33.2014015,-116.1515324,180.0,line-b-e20,33.2020391,-116.1507740,180.0,line-b-e21,33.2021985,-116.1505844,180.0,2026-08-18T17:09:12Z,dipole-dipole,4,5,2.000,318.4,200.415,7.247,0.00774,0.00126,0.01142;0.01140;0.01012;0.00967;0.00765;0.00715;0.00649;0.00534;0.00409;0.00266,
line-b-r00822,line-b,line-b-e15,33.2012421,-116.1517219,180.0,line-b-e16,33.2014015,-116.1515324,180.0,line-b-e20,33.2020391,-116.1507740,180.0,line-b-e21,33.2021985,-116.1505844,180.0,2026-08-18T17:09:24Z,dipole-dipole,4,3,1.819,439.8,182.044,5.890,0.00680,0.00113,0.01148;0.00956;0.00982;0.00784;0.00734;0.00568;0.00495;0.00443;0.00298;0.00253,
line-b-r00823,line-b,line-b-e15,33.2012421,-116.1517219,180.0,line-b-e16,33.2014015,-116.1515324,180.0,line-b-e20,33.2020391,-116.1507740,180.0,line-b-e21,33.2021985,-116.1505844,180.0,2026-08-18T17:09:36Z,dipole-dipole,4,7,1.670,479.1,172.296,6.891,0.00621,0.00143,0.01078;0.00888;0.00816;0.00777;0.00720;0.00627;0.00512;0.00460;0.00301;0.00210,
line-b-r00824,line-b,line-b-e15,33.2012421,-116.1517219,180.0,line-b-e16,33.2014015,-116.1515324,180.0,line-b-e21,33.2021985,-116.1505844,180.0,line-b-e22,33.2023579,-116.1503948,180.0,2026-08-18T17:09:48Z,dipole-dipole,5,3,2.000,291.1,167.022,6.842,0.00848,0.00161,0.01446;0.01342;0.01037;0.00995;0.00954;0.00886;0.00597;0.00538;0.00425;0.00290,
line-b-r00825,line-b,line-b-e15,33.2012421,-116.1517219,180.0,line-b-e16,33.2014015,-116.1515324,180.0,line-b-e21,33.2021985,-116.1505844,180.0,line-b-e22,33.2023579,-116.1503948,180.0,2026-08-18T17:10:00Z,dipole-dipole,5,3,1.711,467.5,176.458,5.076,0.00884,0.00114,0.01391;0.01326;0.01099;0.01021;0.00918;0.01016;0.00704;0.00574;0.00422;0.00297,
line-b-r00826,line-b,line-b-e15,33.2012421,-116.1517219,180.0,line-b-e16,33.2014015,-116.1515324,180.0,line-b-e21,33.2021985,-116.1505844,180.0,line-b-e22,33.2023579,-116.1503948,180.0,2026-08-18T17:10:12Z,dipole-dipole,5,5,2.000,390.1,174.858,6.394,0.00954,0.00107,0.01483;0.01414;0.01119;0.01261;0.01056;0.00937;0.00822;0.00605;0.00468;0.00336,
line-b-r00827,line-b,line-b-e15,33.2012421,-116.1517219,180.0,line-b-e16,33.2014015,-116.1515324,180.0,line-b-e21,33.2021985,-116.1505844,180.0,line-b-e22,33.2023579,-116.1503948,180.0,2026-08-18T17:10:24Z,dipole-dipole,5,4,1.601,499.7,167.296,5.877,0.00978,0.00166,0.01695;0.01506;0.01319;0.01184;0.01226;0.00873;0.00793;0.00663;0.00455;0.00332,
line-b-r00828,line-b,line-b-e15,33.2012421,-116.1517219,180.0,line-b-e16,33.2014015,-116.1515324,180.0,line-b-e21,33.2021985,-116.1505844,180.0,line-b-e22,33.2023579,-116.1503948,180.0,2026-08-18T17:10:36Z,dipole-dipole,5,3,2.000,363.5,177.902,7.567,0.01005,0.00115,0.01479;0.01449;0.01479;0.01076;0.01209;0.00927;0.00825;0.00654;0.00502;0.00345,
line-b-r00829,line-b,line-b-e15,33.2012421,-116.1517219,180.0,line-b-e16,33.2014015,-116.1515324,180.0,line-b-e21,33.2021985,-116.1505844,180.0,line-b-e22,33.2023579,-116.1503948,180.0,2026-08-18T17:10:48Z,dipole-dipole,5,3,2.000,392.5,168.301,5.648,0.01188,0.00133,0.01956;0.01761;0.01707;0.01497;0.01244;0.01185;0.00863;0.00799;0.00580;0.00437,
line-b-r00830,line-b,line-b-e15,33.2012421,-116.1517219,180.0,line-b-e16,33.2014015,-116.1515324,180.0,line-b-e21,33.2021985,-116.1505844,180.0,line-b-e22,33.2023579,-116.1503948,180.0,2026-08-18T17:11:00Z,dipole-dipole,5,8,1.870,427.9,163.320,7.317,0.01050,0.00137,0.01889;0.01555;0.01444;0.01247;0.01291;0.00971;0.00802;0.00601;0.00519;0.00413,
line-b-r00831,line-b,line-b-e15,33.2012421,-116.1517219,180.0,line-b-e16,33.2014015,-116.1515324,180.0,line-b-e22,33.2023579,-116.1503948,180.0,line-b-e23,33.2025173,-116.1502052,180.0,2026-08-18T17:11:12Z,dipole-dipole,6,5,1.769,452.3,146.858,6.288,0.01396,0.00179,0.02271;0.02059;0.01908;0.01965;0.01759;0.01366;0.01324;0.00866;0.00713;0.00464,
line-b-r00832,line-b,line-b-e15,33.2012421,-116.1517219,180.0,line-b-e16,33.2014015,-116.1515324,180.0,line-b-e22,33.2023579,-116.1503948,180.0,line-b-e23,33.2025173,-116.1502052,180.0,2026-08-18T17:11:24Z,dipole-dipole,6,5,1.805,443.3,158.887,5.659,0.01485,0.00114,0.02497;0.02112;0.02154;0.02100;0.01606;0.01561;0.01103;0.00997;0.00729;0.00523,
line-b-r00833,line-b,line-b-e15,33.2012421,-116.1517219,180.0,line-b-e16,33.2014015,-116.1515324,180.0,line-b-e22,33.2023579,-116.1503948,180.0,line-b-e23,33.2025173,-116.1502052,180.0,2026-08-18T17:11:36Z,dipole-dipole,6,5,1.653,483.9,161.340,6.780,0.01095,0.00163,0.01673;0.01491;0.01470;0.01369;0.01185;0.01128;0.00884;0.00755;0.00545;0.00381,
line-b-r00834,line-b,line-b-e15,33.2012421,-116.1517219,180.0,line-b-e16,33.2014015,-116.1515324,180.0,line-b-e22,33.2023579,-116.1503948,180.0,line-b-e23,33.2025173,-116.1502052,180.0,2026-08-18T17:11:48Z,dipole-dipole,6,8,1.608,497.4,160.011,7.210,0.01037,0.00155,0.01549;0.01463;0.01322;0.01180;0.01139;0.01090;0.00876;0.00650;0.00503;0.00357,
line-b-r00835,line-b,line-b-e15,33.2012421,-116.1517219,180.0,line-b-e16,33.2014015,-116.1515324,180.0,line-b-e22,33.2023579,-116.1503948,180.0,line-b-e23,33.2025173,-116.1502052,180.0,2026-08-18T17:12:00Z,dipole-dipole,6,4,1.602,499.3,160.168,5.805,0.00968,0.00149,0.01440;0.01513;0.01383;0.01282;0.00970;0.00922;0.00740;0.00641;0.00458;0.00346,
line-b-r00836,line-b,line-b-e15,33.2012421,-116.1517219,180.0,line-b-e16,33.2014015,-116.1515324,180.0,line-b-e22,33.2023579,-116.1503948,180.0,line-b-e23,33.2025173,-116.1502052,180.0,2026-08-18T17:12:12Z,dipole-dipole,6,7,2.000,326.9,158.832,6.205,0.01133,0.00139,0.01862;0.01829;0.01420;0.01511;0.01309;0.00992;0.01069;0.00664;0.00537;0.00407,
line-b-r00837,line-b,line-b-e15,33.2012421,-116.1517219,180.0,line-b-e16,33.2014015,-116.1515324,180.0,line-b-e22,33.2023579,-116.1503948,180.0,line-b-e23,33.2025173,-116.1502052,180.0,2026-08-18T17:12:24Z,dipole-dipole,6,3,2.000,397.8,147.595,8.306,0.01159,0.00131,0.02049;0.01874;0.01526;0.01337;0.01239;0.01045;0.01019;0.00682;0.00605;0.00399,
line-b-r00838,line-b,line-b-e15,33.2012421,-116.1517219,180.0,line-b-e16,33.2014015,-116.1515324,180.0,line-b-e22,33.2023579,-116.1503948,180.0,line-b-e23,33.2025173,-116.1502052,180.0,2026-08-18T17:12:36Z,dipole-dipole,6,5,2.000,379.8,151.869,6.727,0.01090,0.00132,0.01743;0.01698;0.01339;0.01492;0.01169;0.01123;0.00854;0.00654;0.00538;0.00367,
line-b-r00839,line-b,line-b-e15,33.2012421,-116.1517219,180.0,line-b-e16,33.2014015,-116.1515324,180.0,line-b-e23,33.2025173,-116.1502052,180.0,line-b-e24,33.2026766,-116.1500156,180.0,2026-08-18T17:12:48Z,dipole-dipole,7,6,2.000,324.2,-82.559,4.973,0.01740,0.00120,0.02677;0.02659;0.02269;0.02245;0.01967;0.01727;0.01501;0.01177;0.00860;0.00667,
line-b-r00840,line-b,line-b-e15,33.2012421,-116.1517219,180.0,line-b-e16,33.2014015,-116.1515324,180.0,line-b-e23,33.2025173,-116.1502052,180.0,line-b-e24,33.2026766,-116.1500156,180.0,2026-08-18T17:13:00Z,dipole-dipole,7,8,1.831,436.9,151.725,5.757,0.01654,0.00182,0.02694;0.02580;0.02030;0.02015;0.01574;0.01606;0.01060;0.00952;0.00761;0.00590,
line-b-r00841,line-b,line-b-e15,33.2012421,-116.1517219,180.0,line-b-e16,33.2014015,-116.1515324,180.0,line-b-e23,33.2025173,-116.1502052,180.0,line-b-e24,33.2026766,-116.1500156,180.0,2026-08-18T17:13:12Z,dipole-dipole,7,8,2.000,390.1,150.437,6.005,0.01611,0.00201,0.02669;0.02528;0.02249;0.02128;0.01727;0.01551;0.01423;0.00982;0.00793;0.00546,
line-b-r00842,line-b,line-b-e15,33.2012421,-116.1517219,180.0,line-b-e16,33.2014015,-116.1515324,180.0,line-b-e23,33.2025173,-116.1502052,180.0,line-b-e24,33.2026766,-116.1500156,180.0,2026-08-18T17:13:24Z,dipole-dipole,7,3,1.857,430.8,158.065,6.640,0.01479,0.00159,0.02493;0.02069;0.02022;0.01830;0.01589;0.01346;0.01084;0.00892;0.00692;0.00564,
line-b-r00843,line-b,line-b-e15,33.2012421,-116.1517219,180.0,line-b-e16,33.2014015,-116.1515324,180.0,line-b-e23,33.2025173,-116.1502052,180.0,line-b-e24,33.2026766,-116.1500156,180.0,2026-08-18T17:13:36Z,dipole-dipole,7,6,1.820,439.5,146.529,6.024,0.01598,0.00133,0.02339;0.02185;0.02194;0.02072;0.02143;0.01427;0.01231;0.01054;0.00719;0.00582,
line-b-r00844,line-b,line-b-e15,33.2012421,-116.1517219,180.0,line-b-e16,33.2014015,-116.1515324,180.0,line-b-e23,33.2025173,-116.1502052,180.0,line-b-e24,33.2026766,-116.1500156,180.0,2026-08-18T17:13:48Z,dipole-dipole,7,3,1.666,480.1,151.251,4.760,0.01633,0.00160,0.02450;0.02601;0.02284;0.01910;0.01869;0.01551;0.01346;0.00983;0.00803;0.00538,
line-b-r00845,line-b,line-b-e15,33.2012421,-116.1517219,180.0,line-b-e16,33.2014015,-116.1515324,180.0,line-b-e23,33.2025173,-116.1502052,180.0,line-b-e24,33.2026766,-116.1500156,180.0,2026-08-18T17:14:00Z,dipole-dipole,7,4,2.000,385.5,151.522,6.357,0.01707,0.00193,0.02565;0.02463;0.02134;0.02120;0.02009;0.01495;0.01238;0.01049;0.00850;0.00609,
line-b-r00846,line-b,line-b-e15,33.2012421,-116.1517219,180.0,line-b-e16,33.2014015,-116.1515324,180.0,line-b-e24,33.2026766,-116.1500156,180.0,line-b-e25,33.2028360,-116.1498260,180.0,2026-08-18T17:14:12Z,dipole-dipole,8,5,2.000,388.7,149.549,5.928,0.01759,0.00155,0.02720;0.02476;0.02349;0.02264;0.02002;0.01702;0.01327;0.01167;0.00886;0.00584,
line-b-r00847,line-b,line-b-e15,33.2012421,-116.1517219,180.0,line-b-e16,33.2014015,-116.1515324,180.0,line-b-e24,33.2026766,-116.1500156,180.0,line-b-e25,33.2028360,-116.1498260,180.0,2026-08-18T17:14:24Z,dipole-dipole,8,5,1.911,418.5,144.581,5.579,0.01517,0.00162,0.02485;0.02066;0.02170;0.01824;0.01543;0.01250;0.01260;0.01092;0.00783;0.00520,
line-b-r00848,line-b,line-b-e15,33.2012421,-116.1517219,180.0,line-b-e16,33.2014015,-116.1515324,180.0,line-b-e24,33.2026766,-116.1500156,180.0,line-b-e25,33.2028360,-116.1498260,180.0,2026-08-18T17:14:36Z,dipole-dipole,8,8,1.904,420.2,142.021,6.902,0.01829,0.00176,0.02977;0.02844;0.02374;0.02420;0.01814;0.01752;0.01439;0.01265;0.00959;0.00631,
line-b-r00849,line-b,line-b-e15,33.2012421,-116.1517219,180.0,line-b-e16,33.2014015,-116.1515324,180.0,line-b-e24,33.2026766,-116.1500156,180.0,line-b-e25,33.2028360,-116.1498260,180.0,2026-08-18T17:14:48Z,dipole-dipole,8,7,1.676,477.4,149.947,6.525,0.01613,0.00150,0.02414;0.02540;0.02556;0.02338;0.01813;0.01560;0.01336;0.01043;0.00816;0.00544,
line-b-r00850,line-b,line-b-e15,33.2012421,-116.1517219,180.0,line-b-e16,33.2014015,-116.1515324,180.0,line-b-e24,33.2026766,-116.1500156,180.0,line-b-e25,33.2028360,-116.1498260,180.0,2026-08-18T17:15:00Z,dipole-dipole,8,6,2.000,325.7,140.422,4.883,0.01604,0.00173,0.02415;0.02243;0.02293;0.01889;0.01800;0.01627;0.01378;0.00945;0.00805;0.00531,
line-b-r00851,line-b,line-b-e15,33.2012421,-116.1517219,180.0,line-b-e16,33.2014015,-116.1515324,180.0,line-b-e24,33.2026766,-116.1500156,180.0,line-b-e25,33.2028360,-116.1498260,180.0,2026-08-18T17:15:12Z,dipole-dipole,8,6,1.714,466.6,149.207,7.582,0.01763,0.00189,0.02905;0.02633;0.02540;0.02083;0.01649;0.01554;0.01313;0.01084;0.00811;0.00589,
line-b-r00852,line-b,line-b-e15,33.2012421,-116.1517219,180.0,line-b-e16,33.2014015,-116.1515324,180.0,line-b-e24,33.2026766,-116.1500156,180.0,line-b-e25,33.2028360,-116.1498260,180.0,2026-08-18T17:15:24Z,dipole-dipole,8,6,2.000,356.9,146.297,5.673,0.01758,0.00170,0.02655;0.02664;0.02682;0.02044;0.01917;0.01582;0.01321;0.01043;0.00879;0.00590,
line-b-r00853,line-b,line-b-e15,33.2012421,-116.1517219,180.0,line-b-e16,33.2014015,-116.1515324,180.0,line-b-e24,33.2026766,-116.1500156,180.0,line-b-e25,33.2028360,-116.1498260,180.0,2026-08-18T17:15:36Z,dipole-dipole,8,7,1.847,433.2,-114.347,5.572,0.01720,0.00211,0.02385;0.02618;0.02431;0.02347;0.01825;0.01655;0.01587;0.01051;0.00912;0.00579,
line-b-r00854,line-b,line-b-e16,33.2014015,-116.1515324,180.0,line-b-e17,33.2015609,-116.1513428,180.0,line-b-e20,33.2020391,-116.1507740,180.0,line-b-e21,33.2021985,-116.1505844,180.0,2026-08-18T17:15:48Z,dipole-dipole,3,8,0.050,44028.5,116.569,8.925,0.00385,0.00134,0.00664;0.00560;0.00540;0.00440;0.00453;0.00371;0.00304;0.00222;0.00195;0.00121,
line-b-r00855,line-b,line-b-e16,33.2014015,-116.1515324,180.0,line-b-e17,33.2015609,-116.1513428,180.0,line-b-e20,33.2020391,-116.1507740,180.0,line-b-e21,33.2021985,-116.1505844,180.0,2026-08-18T17:16:00Z,dipole-dipole,3,5,0.050,41085.0,335.147,8.545,0.01760,0.00116,0.02641;0.02546;0.02481;0.02140;0.01989;0.01760;0.01381;0.00986;0.00871;0.00665,
line-b-r00856,line-b,line-b-e16,33.2014015,-116.1515324,180.0,line-b-e17,33.2015609,-116.1513428,180.0,line-b-e20,33.2020391,-116.1507740,180.0,line-b-e21,33.2021985,-116.1505844,180.0,2026-08-18T17:16:12Z,dipole-dipole,3,5,0.050,53104.5,113.159,5.979,0.01031,0.00127,0.01660;0.01468;0.01428;0.01366;0.01210;0.00950;0.00850;0.00671;0.00452;0.00341,
line-b-r00857,line-b,line-b-e16,33.2014015,-116.1515324,180.0,line-b-e17,33.2015609,-116.1513428,180.0,line-b-e20,33.2020391,-116.1507740,180.0,line-b-e21,33.2021985,-116.1505844,180.0,2026-08-18T17:16:24Z,dipole-dipole,3,5,0.050,62029.5,318.482,6.934,0.02714,0.00088,0.04161;0.04032;0.03256;0.03209;0.03083;0.02732;0.02267;0.01710;0.01318;0.00982,
line-b-r00858,line-b,line-b-e16,33.2014015,-116.1515324,180.0,line-b-e17,33.2015609,-116.1513428,180.0,line-b-e20,33.2020391,-116.1507740,180.0,line-b-e21,33.2021985,-116.1505844,180.0,2026-08-18T17:16:36Z,dipole-dipole,3,5,0.050,52334.9,289.065,7.791,0.00679,0.00107,0.01009;0.01065;0.00975;0.00857;0.00756;0.00649;0.00503;0.00421;0.00316;0.00208,
line-b-r00859,line-b,line-b-e16,33.2014015,-116.1515324,180.0,line-b-e17,33.2015609,-116.1513428,180.0,line-b-e20,33.2020391,-116.1507740,180.0,line-b-e21,33.2021985,-116.1505844,180.0,2026-08-18T17:16:48Z,dipole-dipole,3,4,0.050,33742.3,42.071,5.895,0.00239,0.00131,0.00377;0.00423;0.00340;0.00300;0.00244;0.00236;0.00198;0.00151;0.00106;0.00081,
line-b-r00860,line-b,line-b-e16,33.2014015,-116.1515324,180.0,line-b-e17,33.2015609,-116.1513428,180.0,line-b-e20,33.2020391,-116.1507740,180.0,line-b-e21,33.2021985,-116.1505844,180.0,2026-08-18T17:17:00Z,dipole-dipole,3,4,0.050,45523.7,426.463,6.862,0.00490,0.00095,0.00801;0.00792;0.00658;0.00611;0.00599;0.00429;0.00356;0.00333;0.00225;0.00163,
line-b-r00861,line-b,line-b-e16,33.2014015,-116.1515324,180.0,line-b-e17,33.2015609,-116.1513428,180.0,line-b-e20,33.2020391,-116.1507740,180.0,line-b-e21,33.2021985,-116.1505844,180.0,2026-08-18T17:17:12Z,dipole-dipole,3,7,0.050,34612.4,158.603,7.497,0.00681,0.00142,0.01100;0.01018;0.00918;0.00813;0.00675;0.00664;0.00571;0.00456;0.00331;0.00228,
line-b-r00862,line-b,line-b-e16,33.2014015,-116.1515324,180.0,line-b-e17,33.2015609,-116.1513428,180.0,line-b-e21,33.2021985,-116.1505844,180.0,line-b-e22,33.2023579,-116.1503948,180.0,2026-08-18T17:17:24Z,dipole-dipole,4,4,0.050,42970.9,83.739,7.197,0.01779,0.00108,0.02923;0.02732;0.02261;0.02198;0.01902;0.01689;0.01349;0.01106;0.00832;0.00672,
line-b-r00863,line-b,line-b-e16,33.2014015,-116.1515324,180.0,line-b-e17,33.2015609,-116.1513428,180.0,line-b-e21,33.2021985,-116.1505844,180.0,line-b-e22,33.2023579,-116.1503948,180.0,2026-08-18T17:17:36Z,dipole-dipole,4,3,0.050,45159.8,430.834,6.669,0.00470,0.00125,0.00692;0.00721;0.00628;0.00626;0.00545;0.00406;0.00377;0.00335;0.00252;0.00176,
line-b-r00864,line-b,line-b-e16,33.2014015,-116.1515324,180.0,line-b-e17,33.2015609,-116.1513428,180.0,line-b-e21,33.2021985,-116.1505844,180.0,line-b-e22,33.2023579,-116.1503948,180.0,2026-08-18T17:17:48Z,dipole-dipole,4,6,0.050,37442.0,84.682,6.801,0.00211,0.00106,0.00329;0.00294;0.00267;0.00246;0.00220;0.00198;0.00166;0.00138;0.00114;0.00070,
line-b-r00865,line-b,line-b-e16,33.2014015,-116.1515324,180.0,line-b-e17,33.2015609,-116.1513428,180.0,line-b-e21,33.2021985,-116.1505844,180.0,line-b-e22,33.2023579,-116.1503948,180.0,2026-08-18T17:18:00Z,dipole-dipole,4,7,0.050,42195.5,271.528,6.457,0.00496,0.00094,0.00772;0.00735;0.00697;0.00618;0.00591;0.00497;0.00441;0.00327;0.00229;0.00198,
line-b-r00866,line-b,line-b-e16,33.2014015,-116.1515324,180.0,line-b-e17,33.2015609,-116.1513428,180.0,line-b-e21,33.2021985,-116.1505844,180.0,line-b-e22,33.2023579,-116.1503948,180.0,2026-08-18T17:18:12Z,dipole-dipole,4,7,0.050,40580.0,124.305,7.040,0.01842,0.00125,0.02958;0.02750;0.02575;0.02548;0.02304;0.01726;0.01493;0.01091;0.00873;0.00714,
line-b-r00867,line-b,line-b-e16,33.2014015,-116.1515324,180.0,line-b-e17,33.2015609,-116.1513428,180.0,line-b-e21,33.2021985,-116.1505844,180.0,line-b-e22,33.2023579,-116.1503948,180.0,2026-08-18T17:18:24Z,dipole-dipole,4,8,0.050,58628.3,155.276,6.041,0.01918,0.00124,0.03048;0.02723;0.02635;0.02282;0.02265;0.01640;0.01641;0.01210;0.00966;0.00737,
line-b-r00868,line-b,line-b-e16,33.2014015,-116.1515324,180.0,line-b-e17,33.2015609,-116.1513428,180.0,line-b-e21,33.2021985,-116.1505844,180.0,line-b-e22,33.2023579,-116.1503948,180.0,2026-08-18T17:18:36Z,dipole-dipole,4,7,0.050,42065.6,144.777,7.937,0.00299,0.00129,0.00480;0.00408;0.00412;0.00375;0.00339;0.00294;0.00235;0.00198;0.00147;0.00106,
line-b-r00869,line-b,line-b-e16,33.2014015,-116.1515324,180.0,line-b-e17,33.2015609,-116.1513428,180.0,line-b-e21,33.2021985,-116.1505844,180.0,line-b-e22,33.2023579,-116.1503948,180.0,2026-08-18T17:18:48Z,dipole-dipole,4,8,0.050,67066.8,96.520,5.562,0.01115,0.00127,0.01793;0.01530;0.01580;0.01480;0.01272;0.01033;0.00885;0.00741;0.00564;0.00436,
line-b-r00870,line-b,line-b-e16,33.2014015,-116.1515324,180.0,line-b-e17,33.2015609,-116.1513428,180.0,line-b-e22,33.2023579,-116.1503948,180.0,line-b-e23,33.2025173,-116.1502052,180.0,2026-08-18T17:19:00Z,dipole-dipole,5,8,0.050,36705.1,276.024,6.630,0.00298,0.00142,0.00465;0.00444;0.00466;0.00376;0.00345;0.00282;0.00238;0.00178;0.00142;0.00104,
line-b-r00871,line-b,line-b-e16,33.2014015,-116.1515324,180.0,line-b-e17,33.2015609,-116.1513428,180.0,line-b-e22,33.2023579,-116.1503948,180.0,line-b-e23,33.2025173,-116.1502052,180.0,2026-08-18T17:19:12Z,dipole-dipole,5,7,0.050,47837.3,78.193,7.100,0.03103,0.00120,0.04663;0.05006;0.04262;0.03446;0.03333;0.02992;0.02508;0.01873;0.01541;0.01014,
line-b-r00872,line-b,line-b-e16,33.2014015,-116.1515324,180.0,line-b-e17,33.2015609,-116.1513428,180.0,line-b-e22,33.2023579,-116.1503948,180.0,line-b-e23,33.2025173,-116.1502052,180.0,2026-08-18T17:19:24Z,dipole-dipole,5,5,0.050,39848.6,308.457,5.246,0.00819,0.00145,0.01302;0.01244;0.01074;0.01058;0.00874;0.00801;0.00669;0.00502;0.00373;0.00286,
line-b-r00873,line-b,line-b-e16,33.2014015,-116.1515324,180.0,line-b-e17,33.2015609,-116.1513428,180.0,line-b-e22,33.2023579,-116.1503948,180.0,line-b-e23,33.2025173,-116.1502052,180.0,2026-08-18T17:19:36Z,dipole-dipole,5,3,0.050,46975.2,103.515,8.434,0.00606,0.00133,0.00970;0.00777;0.00812;0.00779;0.00664;0.00578;0.00466;0.00350;0.00300;0.00214,
line-b-r00874,line-b,line-b-e16,33.2014015,-116.1515324,180.0,line-b-e17,33.2015609,-116.1513428,180.0,line-b-e22,33.2023579,-116.1503948,180.0,line-b-e23,33.2025173,-116.1502052,180.0,2026-08-18T17:19:48Z,dipole-dipole,5,7,0.050,49343.9,190.736,7.598,0.01636,0.00107,0.02705;0.02183;0.02429;0.02028;0.01954;0.01756;0.01343;0.01033;0.00844;0.00619,
line-b-r00875,line-b,line-b-e16,33.2014015,-116.1515324,180.0,line-b-e17,33.2015609,-116.1513428,180.0,line-b-e22,33.2023579,-116.1503948,180.0,line-b-e23,33.2025173,-116.1502052,180.0,2026-08-18T17:20:00Z,dipole-dipole,5,5,0.050,45227.6,77.840,5.651,0.00445,0.00121,0.00759;0.00633;0.00632;0.00519;0.00530;0.00410;0.00344;0.00257;0.00230;0.00163,
line-b-r00876,line-b,line-b-e16,33.2014015,-116.1515324,180.0,line-b-e17,33.2015609,-116.1513428,180.0,line-b-e22,33.2023579,-116.1503948,180.0,line-b-e23,33.2025173,-116.1502052,180.0,2026-08-18T17:20:12Z,dipole-dipole,5,8,0.050,44304.2,87.004,7.148,0.00592,0.00156,0.00978;0.00827;0.00934;0.00755;0.00646;0.00527;0.00508;0.00381;0.00251;0.00211,
line-b-r00877,line-b,line-b-e16,33.2014015,-116.1515324,180.0,line-b-e17,33.2015609,-116.1513428,180.0,line-b-e23,33.2025173,-116.1502052,180.0,line-b-e24,33.2026766,-116.1500156,180.0,2026-08-18T17:20:24Z,dipole-dipole,6,8,0.050,38790.7,185.297,6.265,0.03500,0.00144,0.05584;0.05160;0.04771;0.04597;0.03828;0.03235;0.02759;0.02387;0.01751;0.01409,
line-b-r00878,line-b,line-b-e16,33.2014015,-116.1515324,180.0,line-b-e17,33.2015609,-116.1513428,180.0,line-b-e23,33.2025173,-116.1502052,180.0,line-b-e24,33.2026766,-116.1500156,180.0,2026-08-18T17:20:36Z,dipole-dipole,6,3,0.050,36453.6,404.053,6.935,0.00880,0.00132,0.01338;0.01332;0.01138;0.01184;0.00967;0.00773;0.00763;0.00553;0.00442;0.00321,
line-b-r00879,line-b,line-b-e16,33.2014015,-116.1515324,180.0,line-b-e17,33.2015609,-116.1513428,180.0,line-b-e23,33.2025173,-116.1502052,180.0,line-b-e24,33.2026766,-116.1500156,180.0,2026-08-18T17:20:48Z,dipole-dipole,6,4,0.050,37864.1,83.078,6.525,0.01014,0.00120,0.01509;0.01458;0.01368;0.01302;0.01161;0.00963;0.00751;0.00615;0.00489;0.00371,
line-b-r00880,line-b,line-b-e16,33.2014015,-116.1515324,180.0,line-b-e17,33.2015609,-116.1513428,180.0,line-b-e23,33.2025173,-116.1502052,180.0,line-b-e24,33.2026766,-116.1500156,180.0,2026-08-18T17:21:00Z,dipole-dipole,6,4,0.050,43534.4,92.002,6.928,0.00777,0.00102,0.01261;0.01052;0.01028;0.00910;0.00815;0.00729;0.00666;0.00505;0.00369;0.00285,
line-b-r00881,line-b,line-b-e16,33.2014015,-116.1515324,180.0,line-b-e17,33.2015609,-116.1513428,180.0,line-b-e23,33.2025173,-116.1502052,180.0,line-b-e24,33.2026766,-116.1500156,180.0,2026-08-18T17:21:12Z,dipole-dipole,6,5,0.050,54266.7,166.668,6.092,0.01760,0.00171,0.03034;0.02747;0.02421;0.02314;0.01758;0.01768;0.01456;0.01154;0.00867;0.00613,
line-b-r00882,line-b,line-b-e16,33.2014015,-116.1515324,180.0,line-b-e17,33.2015609,-116.1513428,180.0,line-b-e23,33.2025173,-116.1502052,180.0,line-b-e24,33.2026766,-116.1500156,180.0,2026-08-18T17:21:24Z,dipole-dipole,6,3,0.050,44664.6,131.806,6.814,0.02009,0.00148,0.03084;0.03143;0.02919;0.02346;0.02366;0.01809;0.01501;0.01409;0.00858;0.00747,
line-b-r00883,line-b,line-b-e16,33.2014015,-116.1515324,180.0,line-b-e17,33.2015609,-116.1513428,180.0,line-b-e24,33.2026766,-116.1500156,180.0,line-b-e25,33.2028360,-116.1498260,180.0,2026-08-18T17:21:36Z,dipole-dipole,7,7,0.050,38819.3,175.634,7.365,0.01008,0.00141,0.01815;0.01375;0.01280;0.01251;0.01092;0.00983;0.00803;0.00674;0.00455;0.00401,
line-b-r00884,line-b,line-b-e16,33.2014015,-116.1515324,180.0,line-b-e17,33.2015609,-116.1513428,180.0,line-b-e24,33.2026766,-116.1500156,180.0,line-b-e25,33.2028360,-116.1498260,180.0,2026-08-18T17:21:48Z,dipole-dipole,7,8,0.050,41604.4,92.540,6.115,0.00372,0.00174,0.00559;0.00595;0.00523;0.00535;0.00450;0.00377;0.00279;0.00201;0.00176;0.00148,
line-b-r00885,line-b,line-b-e16,33.2014015,-116.1515324,180.0,line-b-e17,33.2015609,-116.1513428,180.0,line-b-e24,33.2026766,-116.1500156,180.0,line-b-e25,33.2028360,-116.1498260,180.0,2026-08-18T17:22:00Z,dipole-dipole,7,6,0.050,42072.7,191.366,6.115,0.02492,0.00138,0.03973;0.03904;0.03308;0.02927;0.02813;0.02358;0.02138;0.01619;0.01254;0.00944,
line-b-r00886,line-b,line-b-e16,33.2014015,-116.1515324,180.0,line-b-e17,33.2015609,-116.1513428,180.0,line-b-e24,33.2026766,-116.1500156,180.0,line-b-e25,33.2028360,-116.1498260,180.0,2026-08-18T17:22:12Z,dipole-dipole,7,5,0.050,44247.7,174.330,6.443,0.00663,0.00144,0.01069;0.01077;0.00957;0.00930;0.00787;0.00625;0.00546;0.00394;0.00322;0.00237,
line-b-r00887,line-b,line-b-e16,33.2014015,-116.1515324,180.0,line-b-e17,33.2015609,-116.1513428,180.0,line-b-e24,33.2026766,-116.1500156,180.0,line-b-e25,33.2028360,-116.1498260,180.0,2026-08-18T17:22:24Z,dipole-dipole,7,8,0.050,48778.4,129.927,8.369,0.01185,0.00173,0.01914;0.01790;0.01597;0.01391;0.01323;0.01058;0.00887;0.00755;0.00593;0.00430,
line-b-r00888,line-b,line-b-e16,33.2014015,-116.1515324,180.0,line-b-e17,33.2015609,-116.1513428,180.0,line-b-e24,33.2026766,-116.1500156,180.0,line-b-e25,33.2028360,-116.1498260,180.0,2026-08-18T17:22:36Z,dipole-dipole,7,6,0.050,32354.6,184.888,6.097,0.04836,0.00139,0.07083;0.07238;0.07377;0.05598;0.05211;0.04301;0.03248;0.02975;0.02532;0.01637,
line-b-r00889,line-b,line-b-e16,33.2014015,-116.1515324,180.0,line-b-e17,33.2015609,-116.1513428,180.0,line-b-e24,33.2026766,-116.1500156,180.0,line-b-e25,33.2028360,-116.1498260,180.0,2026-08-18T17:22:48Z,dipole-dipole,7,6,0.050,35346.0,104.892,4.339,0.02024,0.00150,0.03186;0.03265;0.02741;0.02343;0.02142;0.01716;0.01571;0.01396;0.00993;0.00792,
line-b-r00890,line-b,line-b-e16,33.2014015,-116.1515324,180.0,line-b-e17,33.2015609,-116.1513428,180.0,line-b-e24,33.2026766,-116.1500156,180.0,line-b-e25,33.2028360,-116.1498260,180.0,2026-08-18T17:23:00Z,dipole-dipole,7,6,0.050,47620.7,70.516,5.924,0.00742,0.00134,0.01110;0.01159;0.01020;0.00971;0.00815;0.00737;0.00582;0.00484;0.00356;0.00245,
line-b-r00891,line-b,line-b-e16,33.2014015,-116.1515324,180.0,line-b-e17,33.2015609,-116.1513428,180.0,line-b-e25,33.2028360,-116.1498260,180.0,line-b-e26,33.2029954,-116.1496364,180.0,2026-08-18T17:23:12Z,dipole-dipole,8,7,0.050,42192.7,299.692,7.750,0.02519,0.00142,0.03973;0.03620;0.03680;0.03253;0.02866;0.02320;0.01659;0.01669;0.01154;0.00901,
line-b-r00892,line-b,line-b-e16,33.2014015,-116.1515324,180.0,line-b-e17,33.2015609,-116.1513428,180.0,line-b-e25,33.2028360,-116.1498260,180.0,line-b-e26,33.2029954,-116.1496364,180.0,2026-08-18T17:23:24Z,dipole-dipole,8,4,0.050,44822.9,188.418,6.854,0.03607,0.00177,0.05501;0.05590;0.05135;0.04271;0.04207;0.03720;0.03165;0.02234;0.01795;0.01287,
line-b-r00893,line-b,line-b-e16,33.2014015,-116.1515324,180.0,line-b-e17,33.2015609,-116.1513428,180.0,line-b-e25,33.2028360,-116.1498260,180.0,line-b-e26,33.2029954,-116.1496364,180.0,2026-08-18T17:23:36Z,dipole-dipole,8,7,0.050,50054.2,316.783,5.887,0.09644,0.00136,0.14621;0.13978;0.13055;0.11439;0.10124;0.08840;0.07527;0.06269;0.04711;0.03443,
line-b-r00894,line-b,line-b-e16,33.2014015,-116.1515324,180.0,line-b-e17,33.2015609,-116.1513428,180.0,line-b-e25,33.2028360,-116.1498260,180.0,line-b-e26,33.2029954,-116.1496364,180.0,2026-08-18T17:23:48Z,dipole-dipole,8,4,0.050,45452.9,51.551,6.726,0.01167,0.00161,0.01786;0.01557;0.01539;0.01427;0.01248;0.01089;0.00857;0.00794;0.00615;0.00393,
line-b-r00895,line-b,line-b-e16,33.2014015,-116.1515324,180.0,line-b-e17,33.2015609,-116.1513428,180.0,line-b-e25,33.2028360,-116.1498260,180.0,line-b-e26,33.2029954,-116.1496364,180.0,2026-08-18T17:24:00Z,dipole-dipole,8,6,0.050,42201.5,568.741,5.561,0.00835,0.00187,0.01284;0.01137;0.01228;0.00908;0.00922;0.00802;0.00586;0.00548;0.00428;0.00314,
line-b-r00896,line-b,line-b-e16,33.2014015,-116.1515324,180.0,line-b-e17,33.2015609,-116.1513428,180.0,line-b-e25,33.2028360,-116.1498260,180.0,line-b-e26,33.2029954,-116.1496364,180.0,2026-08-18T17:24:12Z,dipole-dipole,8,5,0.050,41082.6,208.346,7.002,0.01013,0.00145,0.01589;0.01412;0.01349;0.01219;0.01190;0.01063;0.00846;0.00583;0.00468;0.00363,
line-b-r00897,line-b,line-b-e17,33.2015609,-116.1513428,180.0,line-b-e18,33.2017203,-116.1511532,180.0,line-b-e20,33.2020391,-116.1507740,180.0,line-b-e21,33.2021985,-116.1505844,180.0,2026-08-18T17:24:24Z,dipole-dipole,2,6,0.050,35246.9,95.084,5.741,0.00217,0.00125,0.00370;0.00323;0.00309;0.00272;0.00295;0.00215;0.00187;0.00131;0.00108;0.00070,
line-b-r00898,line-b,line-b-e17,33.2015609,-116.1513428,180.0,line-b-e18,33.2017203,-116.1511532,180.0,line-b-e20,33.2020391,-116.1507740,180.0,line-b-e21,33.2021985,-116.1505844,180.0,2026-08-18T17:24:36Z,dipole-dipole,2,4,0.050,40369.8,198.192,8.422,0.01960,0.00134,0.03310;0.02652;0.02645;0.02355;0.02040;0.01935;0.01600;0.01304;0.01044;0.00713,
line-b-r00899,line-b,line-b-e17,33.2015609,-116.1513428,180.0,line-b-e18,33.2017203,-116.1511532,180.0,line-b-e20,33.2020391,-116.1507740,180.0,line-b-e21,33.2021985,-116.1505844,180.0,2026-08-18T17:24:48Z,dipole-dipole,2,6,0.050,42538.4,306.238,7.320,0.00331,0.00110,0.00488;0.00517;0.00455;0.00408;0.00368;0.00326;0.00255;0.00201;0.00158;0.00120,
line-b-r00900,line-b,line-b-e17,33.2015609,-116.1513428,180.0,line-b-e18,33.2017203,-116.1511532,180.0,line-b-e20,33.2020391,-116.1507740,180.0,line-b-e21,33.2021985,-116.1505844,180.0,2026-08-18T17:25:00Z,dipole-dipole,2,8,0.050,49460.4,207.745,10.823,0.00390,0.00086,0.00601;0.00617;0.00534;0.00489;0.00422;0.00395;0.00334;0.00248;0.00181;0.00148,
line-b-r00901,line-b,line-b-e17,33.2015609,-116.1513428,180.0,line-b-e18,33.2017203,-116.1511532,180.0,line-b-e20,33.2020391,-116.1507740,180.0,line-b-e21,33.2021985,-116.1505844,180.0,2026-08-18T17:25:12Z,dipole-dipole,2,7,0.050,39253.3,159.040,6.387,0.00157,0.00104,0.00272;0.00221;0.00209;0.00202;0.00165;0.00148;0.00129;0.00094;0.00082;0.00054,
line-b-r00902,line-b,line-b-e17,33.2015609,-116.1513428,180.0,line-b-e18,33.2017203,-116.1511532,180.0,line-b-e20,33.2020391,-116.1507740,180.0,line-b-e21,33.2021985,-116.1505844,180.0,2026-08-18T17:25:24Z,dipole-dipole,2,7,0.050,44710.9,264.154,7.330,0.01017,0.00101,0.01720;0.01554;0.01398;0.01179;0.01166;0.00952;0.00738;0.00661;0.00493;0.00325,
line-b-r00903,line-b,line-b-e17,33.2015609,-116.1513428,180.0,line-b-e18,33.2017203,-116.1511532,180.0,line-b-e20,33.2020391,-116.1507740,180.0,line-b-e21,33.2021985,-116.1505844,180.0,2026-08-18T17:25:36Z,dipole-dipole,2,8,0.050,35466.4,200.667,8.921,0.00771,0.00117,0.01233;0.01131;0.01035;0.01020;0.00880;0.00702;0.00620;0.00497;0.00362;0.00280,
line-b-r00904,line-b,line-b-e17,33.2015609,-116.1513428,180.0,line-b-e18,33.2017203,-116.1511532,180.0,line-b-e20,33.2020391,-116.1507740,180.0,line-b-e21,33.2021985,-116.1505844,180.0,2026-08-18T17:25:48Z,dipole-dipole,2,6,0.050,44412.1,135.561,6.882,0.00314,0.00114,0.00509;0.00419;0.00400;0.00419;0.00332;0.00305;0.00244;0.00231;0.00151;0.00122,
line-b-r00905,line-b,line-b-e17,33.2015609,-116.1513428,180.0,line-b-e18,33.2017203,-116.1511532,180.0,line-b-e21,33.2021985,-116.1505844,180.0,line-b-e22,33.2023579,-116.1503948,180.0,2026-08-18T17:26:00Z,dipole-dipole,3,8,0.050,37112.8,572.984,5.623,0.03918,0.00111,0.06196;0.05439;0.05190;0.04271;0.03824;0.03651;0.03406;0.02498;0.01973;0.01388,
line-b-r00906,line-b,line-b-e17,33.2015609,-116.1513428,180.0,line-b-e18,33.2017203,-116.1511532,180.0,line-b-e21,33.2021985,-116.1505844,180.0,line-b-e22,33.2023579,-116.1503948,180.0,2026-08-18T17:26:12Z,dipole-dipole,3,7,0.050,40367.5,297.620,5.911,0.00321,0.00121,0.00497;0.00504;0.00442;0.00397;0.00350;0.00298;0.00245;0.00222;0.00159;0.00113,
line-b-r00907,line-b,line-b-e17,33.2015609,-116.1513428,180.0,line-b-e18,33.2017203,-116.1511532,180.0,line-b-e21,33.2021985,-116.1505844,180.0,line-b-e22,33.2023579,-116.1503948,180.0,2026-08-18T17:26:24Z,dipole-dipole,3,5,0.050,41917.2,131.320,6.624,0.00680,0.00123,0.01207;0.00995;0.00910;0.00898;0.00781;0.00629;0.00571;0.00393;0.00301;0.00229,
line-b-r00908,line-b,line-b-e17,33.2015609,-116.1513428,180.0,line-b-e18,33.2017203,-116.1511532,180.0,line-b-e21,33.2021985,-116.1505844,180.0,line-b-e22,33.2023579,-116.1503948,180.0,2026-08-18T17:26:36Z,dipole-dipole,3,7,0.050,45268.9,104.684,9.804,0.00768,0.00114,0.01246;0.01239;0.01149;0.00927;0.00897;0.00653;0.00643;0.00507;0.00344;0.00300,
line-b-r00909,line-b,line-b-e17,33.2015609,-116.1513428,180.0,line-b-e18,33.2017203,-116.1511532,180.0,line-b-e21,33.2021985,-116.1505844,180.0,line-b-e22,33.2023579,-116.1503948,180.0,2026-08-18T17:26:48Z,dipole-dipole,3,7,0.050,45710.6,150.177,8.022,0.00652,0.00126,0.01088;0.01056;0.00886;0.00822;0.00799;0.00633;0.00498;0.00412;0.00352;0.00240,
line-b-r00910,line-b,line-b-e17,33.2015609,-116.1513428,180.0,line-b-e18,33.2017203,-116.1511532,180.0,line-b-e21,33.2021985,-116.1505844,180.0,line-b-e22,33.2023579,-116.1503948,180.0,2026-08-18T17:27:00Z,dipole-dipole,3,7,0.050,50706.2,295.618,8.495,0.00541,0.00111,0.00746;0.00957;0.00842;0.00729;0.00587;0.00536;0.00482;0.00374;0.00237;0.00202,
line-b-r00911,line-b,line-b-e17,33.2015609,-116.1513428,180.0,line-b-e18,33.2017203,-116.1511532,180.0,line-b-e21,33.2021985,-116.1505844,180.0,line-b-e22,33.2023579,-116.1503948,180.0,2026-08-18T17:27:12Z,dipole-dipole,3,7,0.050,46034.5,174.344,8.670,0.01983,0.00109,0.03245;0.03246;0.02710;0.02704;0.02177;0.01870;0.01594;0.01289;0.00953;0.00666,
line-b-r00912,line-b,line-b-e17,33.2015609,-116.1513428,180.0,line-b-e18,33.2017203,-116.1511532,180.0,line-b-e21,33.2021985,-116.1505844,180.0,line-b-e22,33.2023579,-116.1503948,180.0,2026-08-18T17:27:24Z,dipole-dipole,3,5,0.050,38951.1,49.779,7.444,0.03178,0.00107,0.05240;0.04610;0.04268;0.03484;0.03454;0.03126;0.02821;0.01982;0.01799;0.01062,
line-b-r00913,line-b,line-b-e17,33.2015609,-116.1513428,180.0,line-b-e18,33.2017203,-116.1511532,180.0,line-b-e22,33.2023579,-116.1503948,180.0,line-b-e23,33.2025173,-116.1502052,180.0,2026-08-18T17:27:36Z,dipole-dipole,4,7,0.050,54672.8,74.084,6.147,0.01226,0.00123,0.01903;0.01811;0.01583;0.01510;0.01561;0.01151;0.00895;0.00755;0.00669;0.00448,
line-b-r00914,line-b,line-b-e17,33.2015609,-116.1513428,180.0,line-b-e18,33.2017203,-116.1511532,180.0,line-b-e22,33.2023579,-116.1503948,180.0,line-b-e23,33.2025173,-116.1502052,180.0,2026-08-18T17:27:48Z,dipole-dipole,4,6,0.050,44861.0,315.121,5.580,0.00758,0.00107,0.01133;0.01187;0.00970;0.00899;0.00861;0.00728;0.00598;0.00470;0.00330;0.00238,
line-b-r00915,line-b,line-b-e17,33.2015609,-116.1513428,180.0,line-b-e18,33.2017203,-116.1511532,180.0,line-b-e22,33.2023579,-116.1503948,180.0,line-b-e23,33.2025173,-116.1502052,180.0,2026-08-18T17:28:00Z,dipole-dipole,4,3,0.050,39479.8,159.910,7.914,0.00754,0.00120,0.01274;0.01141;0.01023;0.00911;0.00919;0.00705;0.00610;0.00512;0.00317;0.00255,
line-b-r00916,line-b,line-b-e17,33.2015609,-116.1513428,180.0,line-b-e18,33.2017203,-116.1511532,180.0,line-b-e22,33.2023579,-116.1503948,180.0,line-b-e23,33.2025173,-116.1502052,180.0,2026-08-18T17:28:12Z,dipole-dipole,4,7,0.050,46813.6,216.538,6.520,0.00565,0.00099,0.00866;0.00727;0.00771;0.00771;0.00631;0.00528;0.00468;0.00371;0.00280;0.00194,
line-b-r00917,line-b,line-b-e17,33.2015609,-116.1513428,180.0,line-b-e18,33.2017203,-116.1511532,180.0,line-b-e22,33.2023579,-116.1503948,180.0,line-b-e23,33.2025173,-116.1502052,180.0,2026-08-18T17:28:24Z,dipole-dipole,4,3,0.050,41219.2,110.979,5.849,0.00963,0.00093,0.01535;0.01466;0.01486;0.01157;0.01016;0.00867;0.00777;0.00620;0.00460;0.00333,
line-b-r00918,line-b,line-b-e17,33.2015609,-116.1513428,180.0,line-b-e18,33.2017203,-116.1511532,180.0,line-b-e22,33.2023579,-116.1503948,180.0,line-b-e23,33.2025173,-116.1502052,180.0,2026-08-18T17:28:36Z,dipole-dipole,4,5,0.050,50566.8,61.338,8.197,0.00656,0.00175,0.01018;0.01085;0.00930;0.00768;0.00738;0.00631;0.00512;0.00421;0.00294;0.00221,
line-b-r00919,line-b,line-b-e17,33.2015609,-116.1513428,180.0,line-b-e18,33.2017203,-116.1511532,180.0,line-b-e23,33.2025173,-116.1502052,180.0,line-b-e24,33.2026766,-116.1500156,180.0,2026-08-18T17:28:48Z,dipole-dipole,5,3,0.050,45869.8,657.486,6.225,0.00765,0.00097,0.01262;0.01108;0.01104;0.00973;0.00930;0.00711;0.00575;0.00415;0.00407;0.00264,
line-b-r00920,line-b,line-b-e17,33.2015609,-116.1513428,180.0,line-b-e18,33.2017203,-116.1511532,180.0,line-b-e23,33.2025173,-116.1502052,180.0,line-b-e24,33.2026766,-116.1500156,180.0,2026-08-18T17:29:00Z,dipole-dipole,5,4,0.050,51440.9,87.895,5.941,0.02465,0.00085,0.04377;0.03739;0.03202;0.02981;0.02848;0.02116;0.02035;0.01591;0.01253;0.00830,
line-b-r00921,line-b,line-b-e17,33.2015609,-116.1513428,180.0,line-b-e18,33.2017203,-116.1511532,180.0,line-b-e23,33.2025173,-116.1502052,180.0,line-b-e24,33.2026766,-116.1500156,180.0,2026-08-18T17:29:12Z,dipole-dipole,5,7,0.050,64878.2,96.883,7.235,0.00870,0.00094,0.01295;0.01283;0.01135;0.01110;0.00959;0.00724;0.00630;0.00597;0.00410;0.00315,
line-b-r00922,line-b,line-b-e17,33.2015609,-116.1513428,180.0,line-b-e18,33.2017203,-116.1511532,180.0,line-b-e23,33.2025173,-116.1502052,180.0,line-b-e24,33.2026766,-116.1500156,180.0,2026-08-18T17:29:24Z,dipole-dipole,5,7,0.050,40357.4,141.235,7.639,0.02171,0.00117,0.03566;0.02976;0.02908;0.02632;0.02482;0.02152;0.01674;0.01313;0.00942;0.00844,
line-b-r00923,line-b,line-b-e17,33.2015609,-116.1513428,180.0,line-b-e18,33.2017203,-116.1511532,180.0,line-b-e23,33.2025173,-116.1502052,180.0,line-b-e24,33.2026766,-116.1500156,180.0,2026-08-18T17:29:36Z,dipole-dipole,5,6,0.050,50248.6,304.984,6.778,0.00669,0.00116,0.01131;0.00975;0.00802;0.00846;0.00733;0.00648;0.00525;0.00442;0.00346;0.00261,
line-b-r00924,line-b,line-b-e17,33.2015609,-116.1513428,180.0,line-b-e18,33.2017203,-116.1511532,180.0,line-b-e23,33.2025173,-116.1502052,180.0,line-b-e24,33.2026766,-116.1500156,180.0,2026-08-18T17:29:48Z,dipole-dipole,5,6,0.050,37574.1,382.674,7.210,0.00819,0.00114,0.01265;0.01326;0.01193;0.00998;0.00870;0.00834;0.00620;0.00534;0.00444;0.00291,
line-b-r00925,line-b,line-b-e17,33.2015609,-116.1513428,180.0,line-b-e18,33.2017203,-116.1511532,180.0,line-b-e23,33.2025173,-116.1502052,180.0,line-b-e24,33.2026766,-116.1500156,180.0,2026-08-18T17:30:00Z,dipole-dipole,5,8,0.050,55190.4,173.641,10.685,0.01185,0.00144,0.01944;0.01856;0.01643;0.01519;0.01204;0.01168;0.00925;0.00742;0.00569;0.00460,
line-b-r00926,line-b,line-b-e17,33.2015609,-116.1513428,180.0,line-b-e18,33.2017203,-116.1511532,180.0,line-b-e24,33.2026766,-116.1500156,180.0,line-b-e25,33.2028360,-116.1498260,180.0,2026-08-18T17:30:12Z,dipole-dipole,6,6,0.050,37151.8,839.668,5.108,0.01204,0.00124,0.01898;0.01934;0.01528;0.01312;0.01472;0.01122;0.00954;0.00679;0.00583;0.00410,
line-b-r00927,line-b,line-b-e17,33.2015609,-116.1513428,180.0,line-b-e18,33.2017203,-116.1511532,180.0,line-b-e24,33.2026766,-116.1500156,180.0,line-b-e25,33.2028360,-116.1498260,180.0,2026-08-18T17:30:24Z,dipole-dipole,6,7,0.050,37677.3,485.818,7.138,0.05848,0.00113,0.09707;0.07956;0.07398;0.07170;0.06272;0.05302;0.05224;0.03989;0.02795;0.02022,
line-b-r00928,line-b,line-b-e17,33.2015609,-116.1513428,180.0,line-b-e18,33.2017203,-116.1511532,180.0,line-b-e24,33.2026766,-116.1500156,180.0,line-b-e25,33.2028360,-116.1498260,180.0,2026-08-18T17:30:36Z,dipole-dipole,6,8,0.050,57055.3,627.353,9.755,0.00182,0.00099,0.00292;0.00261;0.00255;0.00222;0.00222;0.00159;0.00149;0.00118;0.00093;0.00075,
line-b-r00929,line-b,line-b-e17,33.2015609,-116.1513428,180.0,line-b-e18,33.2017203,-116.1511532,180.0,line-b-e24,33.2026766,-116.1500156,180.0,line-b-e25,33.2028360,-116.1498260,180.0,2026-08-18T17:30:48Z,dipole-dipole,6,4,0.050,61636.7,226.846,8.519,0.00589,0.00145,0.00948;0.00840;0.00828;0.00728;0.00663;0.00559;0.00437;0.00372;0.00286;0.00210,
line-b-r00930,line-b,line-b-e17,33.2015609,-116.1513428,180.0,line-b-e18,33.2017203,-116.1511532,180.0,line-b-e24,33.2026766,-116.1500156,180.0,line-b-e25,33.2028360,-116.1498260,180.0,2026-08-18T17:31:00Z,dipole-dipole,6,4,0.050,46273.6,175.116,7.907,0.04912,0.00198,0.07995;0.07223;0.06166;0.06916;0.05455;0.04783;0.04094;0.02947;0.02259;0.01709,
line-b-r00931,line-b,line-b-e17,33.2015609,-116.1513428,180.0,line-b-e18,33.2017203,-116.1511532,180.0,line-b-e24,33.2026766,-116.1500156,180.0,line-b-e25,33.2028360,-116.1498260,180.0,2026-08-18T17:31:12Z,dipole-dipole,6,3,0.050,43196.7,549.035,6.406,0.00938,0.00143,0.01411;0.01429;0.01244;0.01129;0.01156;0.00843;0.00758;0.00593;0.00418;0.00329,
line-b-r00932,line-b,line-b-e17,33.2015609,-116.1513428,180.0,line-b-e18,33.2017203,-116.1511532,180.0,line-b-e24,33.2026766,-116.1500156,180.0,line-b-e25,33.2028360,-116.1498260,180.0,2026-08-18T17:31:24Z,dipole-dipole,6,8,0.050,47221.9,506.897,5.533,0.00720,0.00128,0.01126;0.01123;0.01011;0.00861;0.00842;0.00697;0.00588;0.00472;0.00358;0.00264,
line-b-r00933,line-b,line-b-e17,33.2015609,-116.1513428,180.0,line-b-e18,33.2017203,-116.1511532,180.0,line-b-e24,33.2026766,-116.1500156,180.0,line-b-e25,33.2028360,-116.1498260,180.0,2026-08-18T17:31:36Z,dipole-dipole,6,6,0.050,36325.9,140.318,6.618,0.01634,0.00133,0.02534;0.02391;0.02063;0.01889;0.01813;0.01497;0.01324;0.01026;0.00822;0.00608,
line-b-r00934,line-b,line-b-e17,33.2015609,-116.1513428,180.0,line-b-e18,33.2017203,-116.1511532,180.0,line-b-e25,33.2028360,-116.1498260,180.0,line-b-e26,33.2029954,-116.1496364,180.0,2026-08-18T17:31:48Z,dipole-dipole,7,3,0.050,34021.2,202.101,5.239,0.02001,0.00145,0.03373;0.02670;0.02788;0.02558;0.02185;0.01808;0.01621;0.01270;0.00915;0.00739,
line-b-r00935,line-b,line-b-e17,33.2015609,-116.1513428,180.0,line-b-e18,33.2017203,-116.1511532,180.0,line-b-e25,33.2028360,-116.1498260,180.0,line-b-e26,33.2029954,-116.1496364,180.0,2026-08-18T17:32:00Z,dipole-dipole,7,6,0.050,38093.9,150.077,6.125,0.00776,0.00140,0.01201;0.01229;0.01099;0.01013;0.00856;0.00744;0.00627;0.00496;0.00344;0.00284,
line-b-r00936,line-b,line-b-e17,33.2015609,-116.1513428,180.0,line-b-e18,33.2017203,-116.1511532,180.0,line-b-e25,33.2028360,-116.1498260,180.0,line-b-e26,33.2029954,-116.1496364,180.0,2026-08-18T17:32:12Z,dipole-dipole,7,4,0.050,32009.2,225.165,7.697,0.01582,0.00135,0.02488;0.02364;0.02019;0.02061;0.01781;0.01477;0.01233;0.01094;0.00788;0.00525,
line-b-r00937,line-b,line-b-e17,33.2015609,-116.1513428,180.0,line-b-e18,33.2017203,-116.1511532,180.0,line-b-e25,33.2028360,-116.1498260,180.0,line-b-e26,33.2029954,-116.1496364,180.0,2026-08-18T17:32:24Z,dipole-dipole,7,3,0.050,46157.2,123.149,6.043,0.00805,0.00182,0.01461;0.01267;0.01003;0.01026;0.00837;0.00752;0.00673;0.00498;0.00408;0.00311,
line-b-r00938,line-b,line-b-e17,33.2015609,-116.1513428,180.0,line-b-e18,33.2017203,-116.1511532,180.0,line-b-e25,33.2028360,-116.1498260,180.0,line-b-e26,33.2029954,-116.1496364,180.0,2026-08-18T17:32:36Z,dipole-dipole,7,7,0.050,44266.3,314.168,6.090,0.00485,0.00156,0.00871;0.00715;0.00646;0.00579;0.00519;0.00479;0.00386;0.00331;0.00255;0.00163,
line-b-r00939,line-b,line-b-e17,33.2015609,-116.1513428,180.0,line-b-e18,33.2017203,-116.1511532,180.0,line-b-e25,33.2028360,-116.1498260,180.0,line-b-e26,33.2029954,-116.1496364,180.0,2026-08-18T17:32:48Z,dipole-dipole,7,7,0.050,33679.4,108.393,6.952,0.01040,0.00174,0.01642;0.01564;0.01298;0.01343;0.01131;0.00954;0.00756;0.00637;0.00492;0.00410,
line-b-r00940,line-b,line-b-e17,33.2015609,-116.1513428,180.0,line-b-e18,33.2017203,-116.1511532,180.0,line-b-e26,33.2029954,-116.1496364,180.0,line-b-e27,33.2031548,-116.1494468,180.0,2026-08-18T17:33:00Z,dipole-dipole,8,7,0.050,44731.1,57.067,6.256,0.00356,0.00159,0.00571;0.00528;0.00504;0.00418;0.00412;0.00327;0.00288;0.00271;0.00180;0.00139,
line-b-r00941,line-b,line-b-e17,33.2015609,-116.1513428,180.0,line-b-e18,33.2017203,-116.1511532,180.0,line-b-e26,33.2029954,-116.1496364,180.0,line-b-e27,33.2031548,-116.1494468,180.0,2026-08-18T17:33:12Z,dipole-dipole,8,5,0.050,43752.0,95.629,7.177,0.00892,0.00139,0.01431;0.01341;0.01303;0.01265;0.00973;0.00814;0.00713;0.00578;0.00432;0.00320,
line-b-r00942,line-b,line-b-e17,33.2015609,-116.1513428,180.0,line-b-e18,33.2017203,-116.1511532,180.0,line-b-e26,33.2029954,-116.1496364,180.0,line-b-e27,33.2031548,-116.1494468,180.0,2026-08-18T17:33:24Z,dipole-dipole,8,4,0.050,39687.6,249.073,8.129,0.10333,0.00139,0.16361;0.14619;0.14564;0.13747;0.11305;0.09263;0.07916;0.06220;0.05063;0.03750,
line-b-r00943,line-b,line-b-e17,33.2015609,-116.1513428,180.0,line-b-e18,33.2017203,-116.1511532,180.0,line-b-e26,33.2029954,-116.1496364,180.0,line-b-e27,33.2031548,-116.1494468,180.0,2026-08-18T17:33:36Z,dipole-dipole,8,6,0.050,53249.8,531.592,7.390,0.00944,0.00130,0.01466;0.01410;0.01197;0.01175;0.01108;0.00838;0.00739;0.00579;0.00448;0.00355,
line-b-r00944,line-b,line-b-e17,33.2015609,-116.1513428,180.0,line-b-e18,33.2017203,-116.1511532,180.0,line-b-e26,33.2029954,-116.1496364,180.0,line-b-e27,33.2031548,-116.1494468,180.0,2026-08-18T17:33:48Z,dipole-dipole,8,3,0.050,55439.1,97.795,6.535,0.04889,0.00124,0.08255;0.06593;0.06346;0.06219;0.05523;0.04495;0.04273;0.03106;0.02494;0.01594,
line-b-r00945,line-b,line-b-e17,33.2015609,-116.1513428,180.0,line-b-e18,33.2017203,-116.1511532,180.0,line-b-e26,33.2029954,-116.1496364,180.0,line-b-e27,33.2031548,-116.1494468,180.0,2026-08-18T17:34:00Z,dipole-dipole,8,5,0.050,42521.1,134.716,6.547,0.00475,0.00144,0.00745;0.00771;0.00732;0.00553;0.00485;0.00440;0.00369;0.00311;0.00223;0.00190,
line-b-r00946,line-b,line-b-e17,33.2015609,-116.1513428,180.0,line-b-e18,33.2017203,-116.1511532,180.0,line-b-e26,33.2029954,-116.1496364,180.0,line-b-e27,33.2031548,-116.1494468,180.0,2026-08-18T17:34:12Z,dipole-dipole,8,6,0.050,47993.3,277.788,9.216,0.00615,0.00128,0.00955;0.00989;0.00763;0.00822;0.00644;0.00541;0.00480;0.00405;0.00307;0.00222,
line-b-r00947,line-b,line-b-e17,33.2015609,-116.1513428,180.0,line-b-e18,33.2017203,-116.1511532,180.0,line-b-e26,33.2029954,-116.1496364,180.0,line-b-e27,33.2031548,-116.1494468,180.0,2026-08-18T17:34:24Z,dipole-dipole,8,4,0.050,41999.8,110.094,6.577,0.03791,0.00135,0.06288;0.05566;0.05388;0.04944;0.04373;0.03416;0.03121;0.02198;0.01768;0.01424,
line-b-r00948,line-b,line-b-e18,33.2017203,-116.1511532,180.0,line-b-e19,33.2018797,-116.1509636,180.0,line-b-e20,33.2020391,-116.1507740,180.0,line-b-e21,33.2021985,-116.1505844,180.0,2026-08-18T17:34:36Z,dipole-dipole,1,5,1.111,719.7,213.867,7.053,0.00572,0.00082,0.00951;0.00864;0.00798;0.00672;0.00597;0.00544;0.00424;0.00331;0.00290;0.00200,
line-b-r00949,line-b,line-b-e18,33.2017203,-116.1511532,180.0,line-b-e19,33.2018797,-116.1509636,180.0,line-b-e20,33.2020391,-116.1507740,180.0,line-b-e21,33.2021985,-116.1505844,180.0,2026-08-18T17:34:48Z,dipole-dipole,1,8,1.138,703.2,-135.747,8.036,0.00633,0.00090,0.00994;0.01022;0.00862;0.00834;0.00722;0.00572;0.00528;0.00380;0.00340;0.00217,
line-b-r00950,line-b,line-b-e18,33.2017203,-116.1511532,180.0,line-b-e19,33.2018797,-116.1509636,180.0,line-b-e20,33.2020391,-116.1507740,180.0,line-b-e21,33.2021985,-116.1505844,180.0,2026-08-18T17:35:00Z,dipole-dipole,1,6,0.773,1035.5,-202.962,9.223,0.00448,0.00093,0.00691;0.00612;0.00582;0.00581;0.00547;0.00442;0.00355;0.00299;0.00228;0.00169,
line-b-r00951,line-b,line-b-e18,33.2017203,-116.1511532,180.0,line-b-e19,33.2018797,-116.1509636,180.0,line-b-e20,33.2020391,-116.1507740,180.0,line-b-e21,33.2021985,-116.1505844,180.0,2026-08-18T17:35:12Z,dipole-dipole,1,4,1.048,763.2,197.705,6.323,0.00542,0.00101,0.00928;0.00824;0.00771;0.00662;0.00594;0.00501;0.00431;0.00307;0.00262;0.00200,
line-b-r00952,line-b,line-b-e18,33.2017203,-116.1511532,180.0,line-b-e19,33.2018797,-116.1509636,180.0,line-b-e20,33.2020391,-116.1507740,180.0,line-b-e21,33.2021985,-116.1505844,180.0,2026-08-18T17:35:24Z,dipole-dipole,1,3,1.087,735.9,205.125,8.400,0.00611,0.00075,0.00959;0.00981;0.00782;0.00686;0.00637;0.00565;0.00468;0.00404;0.00282;0.00201,
line-b-r00953,line-b,line-b-e18,33.2017203,-116.1511532,180.0,line-b-e19,33.2018797,-116.1509636,180.0,line-b-e20,33.2020391,-116.1507740,180.0,line-b-e21,33.2021985,-116.1505844,180.0,2026-08-18T17:35:36Z,dipole-dipole,1,8,1.121,713.4,208.228,7.619,0.00550,0.00096,0.00915;0.00786;0.00794;0.00653;0.00564;0.00544;0.00454;0.00399;0.00281;0.00200,
line-b-r00954,line-b,line-b-e18,33.2017203,-116.1511532,180.0,line-b-e19,33.2018797,-116.1509636,180.0,line-b-e20,33.2020391,-116.1507740,180.0,line-b-e21,33.2021985,-116.1505844,180.0,2026-08-18T17:35:48Z,dipole-dipole,1,8,1.201,666.4,207.050,6.980,0.00579,0.00119,0.00916;0.00882;0.00698;0.00784;0.00654;0.00553;0.00433;0.00370;0.00308;0.00215,
line-b-r00955,line-b,line-b-e18,33.2017203,-116.1511532,180.0,line-b-e19,33.2018797,-116.1509636,180.0,line-b-e20,33.2020391,-116.1507740,180.0,line-b-e21,33.2021985,-116.1505844,180.0,2026-08-18T17:36:00Z,dipole-dipole,1,3,1.037,771.5,211.912,9.917,0.00437,0.00095,0.00693;0.00665;0.00631;0.00531;0.00510;0.00441;0.00322;0.00275;0.00195;0.00141,
line-b-r00956,line-b,line-b-e18,33.2017203,-116.1511532,180.0,line-b-e19,33.2018797,-116.1509636,180.0,line-b-e21,33.2021985,-116.1505844,180.0,line-b-e22,33.2023579,-116.1503948,180.0,2026-08-18T17:36:12Z,dipole-dipole,2,4,1.053,759.8,202.159,6.251,0.00369,0.00106,0.00582;0.00507;0.00555;0.00458;0.00386;0.00340;0.00291;0.00236;0.00166;0.00129,
line-b-r00957,line-b,line-b-e18,33.2017203,-116.1511532,180.0,line-b-e19,33.2018797,-116.1509636,180.0,line-b-e21,33.2021985,-116.1505844,180.0,line-b-e22,33.2023579,-116.1503948,180.0,2026-08-18T17:36:24Z,dipole-dipole,2,3,0.981,815.2,200.156,6.350,0.00432,0.00105,0.00669;0.00625;0.00573;0.00548;0.00434;0.00438;0.00363;0.00256;0.00193;0.00143,
line-b-r00958,line-b,line-b-e18,33.2017203,-116.1511532,180.0,line-b-e19,33.2018797,-116.1509636,180.0,line-b-e21,33.2021985,-116.1505844,180.0,line-b-e22,33.2023579,-116.1503948,180.0,2026-08-18T17:36:36Z,dipole-dipole,2,5,1.020,784.0,198.824,8.384,0.00550,0.00117,0.00876;0.00789;0.00716;0.00659;0.00541;0.00567;0.00483;0.00369;0.00243;0.00179,
line-b-r00959,line-b,line-b-e18,33.2017203,-116.1511532,180.0,line-b-e19,33.2018797,-116.1509636,180.0,line-b-e21,33.2021985,-116.1505844,180.0,line-b-e22,33.2023579,-116.1503948,180.0,2026-08-18T17:36:48Z,dipole-dipole,2,6,0.984,812.7,191.704,6.380,0.00478,0.00095,0.00780;0.00720;0.00672;0.00638;0.00527;0.00450;0.00378;0.00301;0.00238;0.00164,
line-b-r00960,line-b,line-b-e18,33.2017203,-116.1511532,180.0,line-b-e19,33.2018797,-116.1509636,180.0,line-b-e21,33.2021985,-116.1505844,180.0,line-b-e22,33.2023579,-116.1503948,180.0,2026-08-18T17:37:00Z,dipole-dipole,2,7,1.350,592.5,201.951,8.585,0.00529,0.00124,0.00835;0.00777;0.00652;0.00658;0.00555;0.00538;0.00440;0.00305;0.00239;0.00210,
line-b-r00961,line-b,line-b-e18,33.2017203,-116.1511532,180.0,line-b-e19,33.2018797,-116.1509636,180.0,line-b-e21,33.2021985,-116.1505844,180.0,line-b-e22,33.2023579,-116.1503948,180.0,2026-08-18T17:37:12Z,dipole-dipole,2,3,0.904,885.3,204.939,9.357,0.00461,0.00098,0.00679;0.00704;0.00620;0.00577;0.00530;0.00445;0.00361;0.00290;0.00234;0.00172,
line-b-r00962,line-b,line-b-e18,33.2017203,-116.1511532,180.0,line-b-e19,33.2018797,-116.1509636,180.0,line-b-e21,33.2021985,-116.1505844,180.0,line-b-e22,33.2023579,-116.1503948,180.0,2026-08-18T17:37:24Z,dipole-dipole,2,4,1.230,650.2,204.080,6.819,0.00499,0.00084,0.00819;0.00748;0.00696;0.00619;0.00513;0.00474;0.00378;0.00291;0.00218;0.00186,
line-b-r00963,line-b,line-b-e18,33.2017203,-116.1511532,180.0,line-b-e19,33.2018797,-116.1509636,180.0,line-b-e22,33.2023579,-116.1503948,180.0,line-b-e23,33.2025173,-116.1502052,180.0,2026-08-18T17:37:36Z,dipole-dipole,3,8,1.007,794.4,186.514,6.976,0.00580,0.00087,0.00954;0.00900;0.00790;0.00704;0.00650;0.00508;0.00408;0.00378;0.00294;0.00196,
line-b-r00964,line-b,line-b-e18,33.2017203,-116.1511532,180.0,line-b-e19,33.2018797,-116.1509636,180.0,line-b-e22,33.2023579,-116.1503948,180.0,line-b-e23,33.2025173,-116.1502052,180.0,2026-08-18T17:37:48Z,dipole-dipole,3,4,1.160,689.7,186.955,6.741,0.00577,0.00131,0.00779;0.00776;0.00759;0.00706;0.00617;0.00588;0.00461;0.00329;0.00289;0.00223,
line-b-r00965,line-b,line-b-e18,33.2017203,-116.1511532,180.0,line-b-e19,33.2018797,-116.1509636,180.0,line-b-e22,33.2023579,-116.1503948,180.0,line-b-e23,33.2025173,-116.1502052,180.0,2026-08-18T17:38:00Z,dipole-dipole,3,6,1.241,644.6,183.472,8.967,0.00574,0.00083,0.00885;0.00889;0.00825;0.00755;0.00703;0.00616;0.00453;0.00366;0.00284;0.00206,
line-b-r00966,line-b,line-b-e18,33.2017203,-116.1511532,180.0,line-b-e19,33.2018797,-116.1509636,180.0,line-b-e22,33.2023579,-116.1503948,180.0,line-b-e23,33.2025173,-116.1502052,180.0,2026-08-18T17:38:12Z,dipole-dipole,3,4,1.257,636.6,200.037,6.684,0.00656,0.00103,0.00953;0.00986;0.00853;0.00861;0.00716;0.00543;0.00475;0.00435;0.00310;0.00223,
line-b-r00967,line-b,line-b-e18,33.2017203,-116.1511532,180.0,line-b-e19,33.2018797,-116.1509636,180.0,line-b-e22,33.2023579,-116.1503948,180.0,line-b-e23,33.2025173,-116.1502052,180.0,2026-08-18T17:38:24Z,dipole-dipole,3,7,1.321,605.6,192.966,8.148,0.00509,0.00109,0.00873;0.00733;0.00687;0.00653;0.00605;0.00479;0.00407;0.00340;0.00235;0.00178,
line-b-r00968,line-b,line-b-e18,33.2017203,-116.1511532,180.0,line-b-e19,33.2018797,-116.1509636,180.0,line-b-e22,33.2023579,-116.1503948,180.0,line-b-e23,33.2025173,-116.1502052,180.0,2026-08-18T17:38:36Z,dipole-dipole,3,8,1.409,567.6,191.853,8.449,0.00722,0.00101,0.01152;0.01070;0.00975;0.00985;0.00746;0.00709;0.00578;0.00455;0.00344;0.00257,
line-b-r00969,line-b,line-b-e18,33.2017203,-116.1511532,180.0,line-b-e19,33.2018797,-116.1509636,180.0,line-b-e23,33.2025173,-116.1502052,180.0,line-b-e24,33.2026766,-116.1500156,180.0,2026-08-18T17:38:48Z,dipole-dipole,4,5,1.130,708.0,200.439,7.535,0.00594,0.00121,0.00882;0.00840;0.00858;0.00666;0.00600;0.00587;0.00483;0.00379;0.00307;0.00223,
line-b-r00970,line-b,line-b-e18,33.2017203,-116.1511532,180.0,line-b-e19,33.2018797,-116.1509636,180.0,line-b-e23,33.2025173,-116.1502052,180.0,line-b-e24,33.2026766,-116.1500156,180.0,2026-08-18T17:39:00Z,dipole-dipole,4,8,1.160,689.5,194.283,9.717,0.00456,0.00102,0.00707;0.00753;0.00604;0.00590;0.00505;0.00449;0.00368;0.00292;0.00209;0.00161,
line-b-r00971,line-b,line-b-e18,33.2017203,-116.1511532,180.0,line-b-e19,33.2018797,-116.1509636,180.0,line-b-e23,33.2025173,-116.1502052,180.0,line-b-e24,33.2026766,-116.1500156,180.0,2026-08-18T17:39:12Z,dipole-dipole,4,5,1.025,780.4,193.952,8.832,0.00782,0.00103,0.01043;0.01133;0.01171;0.01054;0.00894;0.00788;0.00580;0.00467;0.00355;0.00264,
line-b-r00972,line-b,line-b-e18,33.2017203,-116.1511532,180.0,line-b-e19,33.2018797,-116.1509636,180.0,line-b-e23,33.2025173,-116.1502052,180.0,line-b-e24,33.2026766,-116.1500156,180.0,2026-08-18T17:39:24Z,dipole-dipole,4,8,1.272,628.8,189.857,7.292,0.00684,0.00103,0.01012;0.00980;0.00928;0.00860;0.00782;0.00644;0.00551;0.00433;0.00325;0.00255,
line-b-r00973,line-b,line-b-e18,33.2017203,-116.1511532,180.0,line-b-e19,33.2018797,-116.1509636,180.0,line-b-e23,33.2025173,-116.1502052,180.0,line-b-e24,33.2026766,-116.1500156,180.0,2026-08-18T17:39:36Z,dipole-dipole,4,7,0.889,899.7,191.514,5.662,0.00681,0.00132,0.01028;0.00995;0.00942;0.00815;0.00678;0.00643;0.00513;0.00432;0.00338;0.00237,
line-b-r00974,line-b,line-b-e18,33.2017203,-116.1511532,180.0,line-b-e19,33.2018797,-116.1509636,180.0,line-b-e23,33.2025173,-116.1502052,180.0,line-b-e24,33.2026766,-116.1500156,180.0,2026-08-18T17:39:48Z,dipole-dipole,4,4,0.943,848.6,197.030,7.214,0.00671,0.00076,0.01140;0.01012;0.01004;0.01000;0.00715;0.00671;0.00467;0.00493;0.00317;0.00257,
line-b-r00975,line-b,line-b-e18,33.2017203,-116.1511532,180.0,line-b-e19,33.2018797,-116.1509636,180.0,line-b-e23,33.2025173,-116.1502052,180.0,line-b-e24,33.2026766,-116.1500156,180.0,2026-08-18T17:40:00Z,dipole-dipole,4,8,1.420,563.5,181.636,6.743,0.00712,0.00105,0.01190;0.01051;0.01039;0.00888;0.00836;0.00732;0.00569;0.00471;0.00335;0.00242,
line-b-r00976,line-b,line-b-e18,33.2017203,-116.1511532,180.0,line-b-e19,33.2018797,-116.1509636,180.0,line-b-e23,33.2025173,-116.1502052,180.0,line-b-e24,33.2026766,-116.1500156,180.0,2026-08-18T17:40:12Z,dipole-dipole,4,7,1.203,665.0,194.992,5.172,0.00665,0.00114,0.01206;0.00948;0.00862;0.00805;0.00718;0.00664;0.00502;0.00413;0.00360;0.00230,
line-b-r00977,line-b,line-b-e18,33.2017203,-116.1511532,180.0,line-b-e19,33.2018797,-116.1509636,180.0,line-b-e24,33.2026766,-116.1500156,180.0,line-b-e25,33.2028360,-116.1498260,180.0,2026-08-18T17:40:24Z,dipole-dipole,5,6,0.885,903.6,199.039,8.298,0.00777,0.00125,0.01195;0.01178;0.01069;0.01088;0.00780;0.00676;0.00630;0.00447;0.00390;0.00276,
line-b-r00978,line-b,line-b-e18,33.2017203,-116.1511532,180.0,line-b-e19,33.2018797,-116.1509636,180.0,line-b-e24,33.2026766,-116.1500156,180.0,line-b-e25,33.2028360,-116.1498260,180.0,2026-08-18T17:40:36Z,dipole-dipole,5,7,0.969,825.7,179.445,7.513,0.00753,0.00125,0.01203;0.01085;0.01031;0.00953;0.00814;0.00663;0.00579;0.00472;0.00351;0.00250,
line-b-r00979,line-b,line-b-e18,33.2017203,-116.1511532,180.0,line-b-e19,33.2018797,-116.1509636,180.0,line-b-e24,33.2026766,-116.1500156,180.0,line-b-e25,33.2028360,-116.1498260,180.0,2026-08-18T17:40:48Z,dipole-dipole,5,7,1.044,766.1,179.463,7.132,0.00706,0.00170,0.01174;0.00933;0.00935;0.00817;0.00807;0.00739;0.00543;0.00409;0.00348;0.00253,
line-b-r00980,line-b,line-b-e18,33.2017203,-116.1511532,180.0,line-b-e19,33.2018797,-116.1509636,180.0,line-b-e24,33.2026766,-116.1500156,180.0,line-b-e25,33.2028360,-116.1498260,180.0,2026-08-18T17:41:00Z,dipole-dipole,5,7,1.223,654.1,178.225,6.388,0.00806,0.00127,0.01218;0.01055;0.01044;0.01014;0.00954;0.00876;0.00629;0.00543;0.00385;0.00300,
line-b-r00981,line-b,line-b-e18,33.2017203,-116.1511532,180.0,line-b-e19,33.2018797,-116.1509636,180.0,line-b-e24,33.2026766,-116.1500156,180.0,line-b-e25,33.2028360,-116.1498260,180.0,2026-08-18T17:41:12Z,dipole-dipole,5,8,1.196,669.1,186.364,6.622,0.00560,0.00097,0.00851;0.00854;0.00824;0.00671;0.00579;0.00516;0.00453;0.00343;0.00259;0.00186,
line-b-r00982,line-b,line-b-e18,33.2017203,-116.1511532,180.0,line-b-e19,33.2018797,-116.1509636,180.0,line-b-e24,33.2026766,-116.1500156,180.0,line-b-e25,33.2028360,-116.1498260,180.0,2026-08-18T17:41:24Z,dipole-dipole,5,4,1.359,588.8,195.424,8.117,0.00758,0.00111,0.01145;0.01193;0.01022;0.00956;0.00834;0.00803;0.00599;0.00473;0.00352;0.00263,
line-b-r00983,line-b,line-b-e18,33.2017203,-116.1511532,180.0,line-b-e19,33.2018797,-116.1509636,180.0,line-b-e25,33.2028360,-116.1498260,180.0,line-b-e26,33.2029954,-116.1496364,180.0,2026-08-18T17:41:36Z,dipole-dipole,6,8,0.842,950.6,170.084,5.954,0.00852,0.00117,0.01355;0.01306;0.01264;0.01057;0.00985;0.00870;0.00706;0.00570;0.00393;0.00316,
line-b-r00984,line-b,line-b-e18,33.2017203,-116.1511532,180.0,line-b-e19,33.2018797,-116.1509636,180.0,line-b-e25,33.2028360,-116.1498260,180.0,line-b-e26,33.2029954,-116.1496364,180.0,2026-08-18T17:41:48Z,dipole-dipole,6,7,1.179,678.6,195.407,5.506,0.00853,0.00117,0.01331;0.01307;0.01171;0.00992;0.01025;0.00749;0.00633;0.00549;0.00391;0.00308,
line-b-r00985,line-b,line-b-e18,33.2017203,-116.1511532,180.0,line-b-e19,33.2018797,-116.1509636,180.0,line-b-e25,33.2028360,-116.1498260,180.0,line-b-e26,33.2029954,-116.1496364,180.0,2026-08-18T17:42:00Z,dipole-dipole,6,5,0.965,828.8,190.475,5.929,0.00810,0.01250,0.01270;0.01103;0.01026;0.00991;0.00873;0.00785;0.00608;0.00489;0.00440;0.00273,
line-b-r00986,line-b,line-b-e18,33.2017203,-116.1511532,180.0,line-b-e19,33.2018797,-116.1509636,180.0,line-b-e25,33.2028360,-116.1498260,180.0,line-b-e26,33.2029954,-116.1496364,180.0,2026-08-18T17:42:12Z,dipole-dipole,6,8,1.289,620.6,199.712,7.822,0.00844,0.00176,0.01311;0.01192;0.01055;0.00964;0.00945;0.00810;0.00698;0.00577;0.00425;0.00282,
line-b-r00987,line-b,line-b-e18,33.2017203,-116.1511532,180.0,line-b-e19,,,,line-b-e25,33.2028360,-116.1498260,180.0,line-b-e26,33.2029954,-116.1496364,180.0,2026-08-18T17:42:24Z,dipole-dipole,6,4,0.905,883.6,183.145,6.920,0.01015,0.00143,0.01811;0.01541;0.01286;0.01196;0.01166;0.01052;0.00797;0.00646;0.00503;0.00347,
line-b-r00988,line-b,line-b-e18,33.2017203,-116.1511532,180.0,line-b-e19,33.2018797,-116.1509636,180.0,line-b-e25,33.2028360,-116.1498260,180.0,line-b-e26,33.2029954,-116.1496364,180.0,2026-08-18T17:42:36Z,dipole-dipole,6,6,0.892,896.9,181.124,7.441,0.00633,0.00115,0.00972;0.00842;0.00892;0.00840;0.00784;0.00562;0.00475;0.00384;0.00274;0.00211,
line-b-r00989,line-b,line-b-e18,33.2017203,-116.1511532,180.0,line-b-e19,33.2018797,-116.1509636,180.0,line-b-e25,33.2028360,-116.1498260,180.0,line-b-e26,33.2029954,-116.1496364,180.0,2026-08-18T17:42:48Z,dipole-dipole,6,8,1.236,647.2,177.856,7.514,0.00959,0.00107,0.01590;0.01351;0.01313;0.01148;0.01208;0.00953;0.00731;0.00576;0.00509;0.00342,
line-b-r01765,line-b,line-b-e18,33.2017203,-116.1511532,180.0,line-b-e19,33.2018797,-116.1509636,180.0,line-b-e26,33.2029954,-116.1496364,180.0,line-b-e27,33.2031548,-116.1494468,180.0,2026-08-18T17:43:00Z,dipole-dipole,7,6,0.898,890.4,187.513,6.386,0.00720,0.00118,0.01072;0.01143;0.01033;0.00946;0.00772;0.00734;0.00578;0.00503;0.00350;0.00272,
line-b-r00991,line-b,line-b-e18,33.2017203,-116.1511532,180.0,line-b-e19,33.2018797,-116.1509636,180.0,line-b-e26,33.2029954,-116.1496364,180.0,line-b-e27,33.2031548,-116.1494468,180.0,2026-08-18T17:43:12Z,dipole-dipole,7,5,1.057,756.6,170.626,7.480,0.00539,0.00116,0.00896;0.00809;0.00731;0.00678;0.00601;0.00472;0.00440;0.00375;0.00284;0.00188,
line-b-r00992,line-b,line-b-e18,33.2017203,-116.1511532,180.0,line-b-e19,33.2018797,-116.1509636,180.0,line-b-e26,33.2029954,-116.1496364,180.0,line-b-e27,33.2031548,-116.1494468,180.0,2026-08-18T17:43:24Z,dipole-dipole,7,4,1.336,598.6,183.850,7.524,0.00743,0.00123,0.01259;0.01193;0.01120;0.00977;0.00828;0.00651;0.00583;0.00525;0.00378;0.00265,
line-b-r01015,line-b,line-b-e18,33.2017203,-116.1511532,180.0,line-b-e19,33.2018797,-116.1509636,180.0,line-b-e26,33.2029954,-116.1496364,180.0,line-b-e27,33.2031548,-116.1494468,180.0,2026-08-18T17:43:36Z,dipole-dipole,7,4,1.149,696.3,178.564,7.545,0.00862,0.00115,0.01322;0.01294;0.01099;0.01126;0.00938;0.00904;0.00733;0.00561;0.00406;0.00299,
line-b-r00994,line-b,line-b-e18,33.2017203,-116.1511532,180.0,line-b-e19,33.2018797,-116.1509636,180.0,line-b-e26,33.2029954,-116.1496364,180.0,line-b-e27,33.2031548,-116.1494468,180.0,2026-08-18T17:43:48Z,dipole-dipole,7,7,0.810,988.1,182.754,7.468,0.00744,0.00108,0.01122;0.01013;0.01062;0.00934;0.00810;0.00776;0.00581;0.00487;0.00356;0.00295,
line-b-r00995,line-b,line-b-e18,33.2017203,-116.1511532,180.0,line-b-e19,33.2018797,-116.1509636,180.0,line-b-e26,33.2029954,-116.1496364,180.0,line-b-e27,33.2031548,-116.1494468,180.0,2026-08-18T17:44:00Z,dipole-dipole,7,8,1.379,580.3,178.292,5.574,0.00971,0.00152,0.01643;0.01498;0.01316;0.01275;0.01047;0.00966;0.00740;0.00625;0.00475;0.00309,
line-b-r00996,line-b,line-b-e18,33.2017203,-116.1511532,180.0,line-b-e19,33.2018797,-116.1509636,180.0,line-b-e27,33.2031548,-116.1494468,180.0,line-b-e28,33.2033142,-116.1492572,180.0,2026-08-18T17:44:12Z,dipole-dipole,8,3,0.890,898.5,168.985,408.321,0.00981,0.00128,0.01493;0.01429;0.01336;0.01154;0.00946;0.00914;0.00782;0.00636;0.00497;0.00360,
line-b-r00997,line-b,line-b-e18,33.2017203,-116.1511532,180.0,line-b-e19,33.2018797,-116.1509636,180.0,line-b-e27,33.2031548,-116.1494468,180.0,line-b-e28,33.2033142,-116.1492572,180.0,2026-08-18T17:44:24Z,dipole-dipole,8,4,1.137,703.3,168.441,8.839,0.00832,0.00098,0.01426;0.01264;0.01154;0.00995;0.00987;0.00786;0.00599;0.00533;0.00383;0.00281,
line-b-r00998,line-b,line-b-e18,33.2017203,-116.1511532,180.0,line-b-e19,33.2018797,-116.1509636,180.0,line-b-e27,33.2031548,-116.1494468,180.0,line-b-e28,33.2033142,-116.1492572,180.0,2026-08-18T17:44:36Z,dipole-dipole,8,4,1.100,727.3,174.354,6.882,0.00933,0.00136,0.01551;0.01376;0.01239;0.01311;0.00923;0.00930;0.00733;0.00648;0.00507;0.00313,
line-b-r00999,line-b,line-b-e18,33.2017203,-116.1511532,180.0,line-b-e19,33.2018797,-116.1509636,180.0,line-b-e27,33.2031548,-116.1494468,180.0,line-b-e28,33.2033142,-116.1492572,180.0,2026-08-18T17:44:48Z,dipole-dipole,8,4,1.073,745.9,189.339,7.833,0.01074,0.00157,0.01826;0.01754;0.01542;0.01324;0.01248;0.00946;0.00858;0.00660;0.00528;0.00369,
line-b-r01000,line-b,line-b-e18,33.2017203,-116.1511532,180.0,line-b-e19,33.2018797,-116.1509636,180.0,line-b-e27,33.2031548,-116.1494468,180.0,line-b-e28,33.2033142,-116.1492572,180.0,2026-08-18T17:45:00Z,dipole-dipole,8,7,1.010,792.3,179.374,6.514,0.00681,0.00141,0.01076;0.00915;0.01014;0.00799;0.00640;0.00707;0.00514;0.00435;0.00307;0.00237,
line-b-r01001,line-b,line-b-e18,33.2017203,-116.1511532,180.0,line-b-e19,33.2018797,-116.1509636,180.0,line-b-e27,33.2031548,-116.1494468,180.0,line-b-e28,33.2033142,-116.1492572,180.0,2026-08-18T17:45:12Z,dipole-dipole,8,6,1.035,772.8,182.118,7.485,0.00830,0.00101,0.01242;0.01466;0.01163;0.00973;0.00885;0.00795;0.00645;0.00475;0.00402;0.00287,
line-b-r01002,line-b,line-b-e19,33.2018797,-116.1509636,180.0,line-b-e20,33.2020391,-116.1507740,180.0,line-b-e21,33.2021985,-116.1505844,180.0,line-b-e22,33.2023579,-116.1503948,180.0,2026-08-18T17:45:24Z,dipole-dipole,1,7,1.180,677.7,210.893,7.054,0.00515,0.00098,0.00839;0.00779;0.00742;0.00587;0.00608;0.00500;0.00384;0.00335;0.00234;0.00212,
line-b-r01003,line-b,line-b-e19,33.2018797,-116.1509636,180.0,line-b-e20,33.2020391,-116.1507740,180.0,line-b-e21,33.2021985,-116.1505844,180.0,line-b-e22,33.2023579,-116.1503948,180.0,2026-08-18T17:45:36Z,dipole-dipole,1,7,1.075,744.5,199.484,6.807,0.00506,0.00124,0.00847;0.00765;0.00627;0.00579;0.00501;0.00475;0.00357;0.00286;0.00236;0.00203,
line-b-r01004,line-b,line-b-e19,33.2018797,-116.1509636,180.0,line-b-e20,33.2020391,-116.1507740,180.0,line-b-e21,33.2021985,-116.1505844,180.0,line-b-e22,33.2023579,-116.1503948,180.0,2026-08-18T17:45:48Z,dipole-dipole,1,6,1.278,625.7,205.357,11.189,0.00467,0.00110,0.00700;0.00731;0.00563;0.00560;0.00508;0.00434;0.00358;0.00276;0.00207;0.00157,
line-b-r01005,line-b,line-b-e19,33.2018797,-116.1509636,180.0,line-b-e20,33.2020391,-116.1507740,180.0,line-b-e21,33.2021985,-116.1505844,180.0,line-b-e22,33.2023579,-116.1503948,180.0,2026-08-18T17:46:00Z,dipole-dipole,1,5,0.890,898.6,193.987,8.520,0.00508,0.00103,0.00839;0.00726;0.00695;0.00710;0.00528;0.00521;0.00420;0.00326;0.00237;0.00204,
line-b-r01006,line-b,line-b-e19,33.2018797,-116.1509636,180.0,line-b-e20,33.2020391,-116.1507740,180.0,line-b-e21,33.2021985,-116.1505844,180.0,line-b-e22,33.2023579,-116.1503948,180.0,2026-08-18T17:46:12Z,dipole-dipole,1,6,1.008,793.5,215.434,8.529,0.00537,0.00125,0.00858;0.00863;0.00795;0.00623;0.00627;0.00546;0.00455;0.00356;0.00255;0.00208,
line-b-r01007,line-b,line-b-e19,33.2018797,-116.1509636,180.0,line-b-e20,33.2020391,-116.1507740,180.0,line-b-e21,33.2021985,-116.1505844,180.0,line-b-e22,33.2023579,-116.1503948,180.0,2026-08-18T17:46:24Z,dipole-dipole,1,5,1.013,789.4,207.670,7.031,0.00472,0.00092,0.00721;0.00714;0.00698;0.00608;0.00483;0.00418;0.00391;0.00312;0.00224;0.00169,
line-b-r01008,line-b,line-b-e19,33.2018797,-116.1509636,180.0,line-b-e20,33.2020391,-116.1507740,180.0,line-b-e22,33.2023579,-116.1503948,180.0,line-b-e23,33.2025173,-116.1502052,180.0,2026-08-18T17:46:36Z,dipole-dipole,2,4,0.991,807.1,188.269,9.488,0.00457,0.00114,0.00681;0.00687;0.00635;0.00560;0.00522;0.00466;0.00384;0.00311;0.00250;0.00173,
line-b-r01009,line-b,line-b-e19,33.2018797,-116.1509636,180.0,line-b-e20,33.2020391,-116.1507740,180.0,line-b-e22,33.2023579,-116.1503948,180.0,line-b-e23,33.2025173,-116.1502052,180.0,2026-08-18T17:46:48Z,dipole-dipole,2,5,0.838,955.2,193.329,8.030,0.00432,0.00108,0.00721;0.00661;0.00576;0.00564;0.00489;0.00416;0.00323;0.00273;0.00233;0.00153,
line-b-r01010,line-b,line-b-e19,33.2018797,-116.1509636,180.0,line-b-e20,33.2020391,-116.1507740,180.0,line-b-e22,33.2023579,-116.1503948,180.0,line-b-e23,33.2025173,-116.1502052,180.0,2026-08-18T17:47:00Z,dipole-dipole,2,3,1.187,673.8,206.410,8.010,0.00599,0.00110,0.00985;0.00898;0.00828;0.00733;0.00683;0.00598;0.00479;0.00421;0.00304;0.00220,
line-b-r01011,line-b,line-b-e19,33.2018797,-116.1509636,180.0,line-b-e20,33.2020391,-116.1507740,180.0,line-b-e22,33.2023579,-116.1503948,180.0,line-b-e23,33.2025173,-116.1502052,180.0,2026-08-18T17:47:12Z,dipole-dipole,2,3,1.071,746.6,183.493,6.262,0.00429,0.00121,0.00738;0.00666;0.00571;0.00501;0.00458;0.00449;0.00350;0.00294;0.00213;0.00147,
line-b-r01012,line-b,line-b-e19,33.2018797,-116.1509636,180.0,line-b-e20,33.2020391,-116.1507740,180.0,line-b-e22,33.2023579,-116.1503948,180.0,line-b-e23,33.2025173,-116.1502052,180.0,2026-08-18T17:47:24Z,dipole-dipole,2,5,0.976,819.7,195.373,8.116,0.00608,0.00106,0.00963;0.00897;0.00789;0.00769;0.00719;0.00591;0.00469;0.00406;0.00328;0.00232,
line-b-r01013,line-b,line-b-e19,33.2018797,-116.1509636,180.0,line-b-e20,33.2020391,-116.1507740,180.0,line-b-e22,33.2023579,-116.1503948,180.0,line-b-e23,33.2025173,-116.1502052,180.0,2026-08-18T17:47:36Z,dipole-dipole,2,8,1.210,661.3,200.155,6.463,0.00701,0.00106,0.01135;0.01100;0.00836;0.00834;0.00758;0.00666;0.00514;0.00459;0.00327;0.00248,
line-b-r01014,line-b,line-b-e19,33.2018797,-116.1509636,180.0,line-b-e20,33.2020391,-116.1507740,180.0,line-b-e22,33.2023579,-116.1503948,180.0,line-b-e23,33.2025173,-116.1502052,180.0,2026-08-18T17:47:48Z,dipole-dipole,2,7,0.956,836.5,199.234,7.430,0.00545,0.00126,0.00926;0.00834;0.00774;0.00747;0.00561;0.00517;0.00472;0.00373;0.00243;0.00190,
line-b-r01015,line-b,line-b-e19,33.2018797,-116.1509636,180.0,line-b-e20,33.2020391,-116.1507740,180.0,line-b-e23,33.2025173,-116.1502052,180.0,line-b-e24,33.2026766,-116.1500156,180.0,2026-08-18T17:48:00Z,dipole-dipole,3,7,1.180,678.2,218.873,7.366,0.00294,0.00079,0.00466;0.00427;0.00445;0.00329;0.00310;0.00300;0.00214;0.00181;0.00138;0.00102,
line-b-r01016,line-b,line-b-e19,33.2018797,-116.1509636,180.0,line-b-e20,33.2020391,-116.1507740,180.0,line-b-e23,33.2025173,-116.1502052,180.0,line-b-e24,33.2026766,-116.1500156,180.0,2026-08-18T17:48:12Z,dipole-dipole,3,3,0.919,870.8,202.607,7.312,0.00383,0.00100,0.00606;0.00634;0.00510;0.00478;0.00417;0.00405;0.00286;0.00247;0.00166;0.00149,
line-b-r01017,line-b,line-b-e19,33.2018797,-116.1509636,180.0,line-b-e20,33.2020391,-116.1507740,180.0,line-b-e23,33.2025173,-116.1502052,180.0,line-b-e24,33.2026766,-116.1500156,180.0,2026-08-18T17:48:24Z,dipole-dipole,3,7,1.138,702.7,191.028,9.012,0.00520,0.00092,0.00846;0.00776;0.00632;0.00671;0.00565;0.00449;0.00424;0.00316;0.00253;0.00177,
line-b-r01018,line-b,line-b-e19,33.2018797,-116.1509636,180.0,line-b-e20,33.2020391,-116.1507740,180.0,line-b-e23,33.2025173,-116.1502052,180.0,line-b-e24,33.2026766,-116.1500156,180.0,2026-08-18T17:48:36Z,dipole-dipole,3,7,1.087,736.1,216.343,7.340,0.00708,0.00100,0.01216;0.00985;0.00991;0.00861;0.00723;0.00684;0.00509;0.00504;0.00311;0.00260,
line-b-r01019,line-b,line-b-e19,33.2018797,-116.1509636,180.0,line-b-e20,33.2020391,-116.1507740,180.0,line-b-e23,33.2025173,-116.1502052,180.0,line-b-e24,33.2026766,-116.1500156,180.0,2026-08-18T17:48:48Z,dipole-dipole,3,5,1.029,777.3,207.249,6.395,0.00530,0.00108,0.00811;0.00781;0.00683;0.00616;0.00607;0.00566;0.00425;0.00338;0.00284;0.00190,
line-b-r01020,line-b,line-b-e19,33.2018797,-116.1509636,180.0,line-b-e20,33.2020391,-116.1507740,180.0,line-b-e23,33.2025173,-116.1502052,180.0,line-b-e24,33.2026766,-116.1500156,180.0,2026-08-18T17:49:00Z,dipole-dipole,3,7,1.060,754.8,201.816,5.407,0.00599,0.00119,0.01035;0.00887;0.00762;0.00771;0.00691;0.00538;0.00464;0.00374;0.00290;0.00202,
line-b-r01021,line-b,line-b-e19,33.2018797,-116.1509636,180.0,line-b-e20,33.2020391,-116.1507740,180.0,line-b-e23,33.2025173,-116.1502052,180.0,line-b-e24,33.2026766,-116.1500156,180.0,2026-08-18T17:49:12Z,dipole-dipole,3,8,1.354,591.1,206.687,5.897,0.00554,0.00115,0.00807;0.00816;0.00785;0.00706;0.00545;0.00512;0.00429;0.00399;0.00264;0.00189,
line-b-r01022,line-b,line-b-e19,33.2018797,-116.1509636,180.0,line-b-e20,33.2020391,-116.1507740,180.0,line-b-e23,33.2025173,-116.1502052,180.0,line-b-e24,33.2026766,-116.1500156,180.0,2026-08-18T17:49:24Z,dipole-dipole,3,7,0.894,895.0,189.720,6.865,0.00450,0.00083,0.00719;0.00643;0.00636;0.00542;0.00510;0.00473;0.00351;0.00258;0.00221;0.00171,
line-b-r01023,line-b,line-b-e19,33.2018797,-116.1509636,180.0,line-b-e20,33.2020391,-116.1507740,180.0,line-b-e24,33.2026766,-116.1500156,180.0,line-b-e25,33.2028360,-116.1498260,180.0,2026-08-18T17:49:36Z,dipole-dipole,4,7,1.287,621.5,201.150,6.651,0.00731,0.00105,0.01032;0.01027;0.00956;0.00881;0.00761;0.00738;0.00585;0.00477;0.00328;0.00261,
line-b-r01024,line-b,line-b-e19,33.2018797,-116.1509636,180.0,line-b-e20,33.2020391,-116.1507740,180.0,line-b-e24,33.2026766,-116.1500156,180.0,line-b-e25,33.2028360,-116.1498260,180.0,2026-08-18T17:49:48Z,dipole-dipole,4,4,1.188,673.3,191.952,10.086,0.00478,0.00116,0.00683;0.00766;0.00643;0.00588;0.00534;0.00445;0.00356;0.00294;0.00249;0.00157,
line-b-r01025,line-b,line-b-e19,33.2018797,-116.1509636,180.0,line-b-e20,33.2020391,-116.1507740,180.0,line-b-e24,33.2026766,-116.1500156,180.0,line-b-e25,33.2028360,-116.1498260,180.0,2026-08-18T17:50:00Z,dipole-dipole,4,4,1.135,704.8,183.344,6.230,0.00258,0.00108,0.00359;0.00389;0.00369;0.00309;0.00283;0.00243;0.00212;0.00159;0.00120;0.00089,
line-b-r01026,line-b,line-b-e19,33.2018797,-116.1509636,180.0,line-b-e20,33.2020391,-116.1507740,180.0,line-b-e24,33.2026766,-116.1500156,180.0,line-b-e25,33.2028360,-116.1498260,180.0,2026-08-18T17:50:12Z,dipole-dipole,4,4,0.701,1141.9,199.882,6.718,0.00351,0.00094,0.00566;0.00548;0.00524;0.00405;0.00375;0.00313;0.00248;0.00211;0.00173;0.00125,
line-b-r01027,line-b,line-b-e19,33.2018797,-116.1509636,180.0,line-b-e20,33.2020391,-116.1507740,180.0,line-b-e24,33.2026766,-116.1500156,180.0,line-b-e25,33.2028360,-116.1498260,180.0,2026-08-18T17:50:24Z,dipole-dipole,4,7,1.219,656.4,206.338,8.448,0.00526,0.00120,0.00913;0.00757;0.00752;0.00646;0.00582;0.00492;0.00452;0.00333;0.00240;0.00180,
line-b-r01028,line-b,line-b-e19,33.2018797,-116.1509636,180.0,line-b-e20,33.2020391,-116.1507740,180.0,line-b-e24,33.2026766,-116.1500156,180.0,line-b-e25,33.2028360,-116.1498260,180.0,2026-08-18T17:50:36Z,dipole-dipole,4,7,1.182,676.8,195.517,7.806,0.00306,0.00132,0.00457;0.00444;0.00412;0.00379;0.00341;0.00282;0.00263;0.00222;0.00161;0.00108,
line-b-r01029,line-b,line-b-e19,33.2018797,-116.1509636,180.0,line-b-e20,33.2020391,-116.1507740,180.0,line-b-e24,33.2026766,-116.1500156,180.0,line-b-e25,33.2028360,-116.1498260,180.0,2026-08-18T17:50:48Z,dipole-dipole,4,4,1.264,633.0,180.954,6.873,0.00586,0.00150,0.00944;0.00849;0.00748;0.00839;0.00608;0.00596;0.00447;0.00410;0.00285;0.00210,
line-b-r01030,line-b,line-b-e19,33.2018797,-116.1509636,180.0,line-b-e20,33.2020391,-116.1507740,180.0,line-b-e24,33.2026766,-116.1500156,180.0,line-b-e25,33.2028360,-116.1498260,180.0,2026-08-18T17:51:00Z,dipole-dipole,4,5,1.037,771.2,208.098,7.379,0.00617,0.00111,0.00947;0.00938;0.00884;0.00809;0.00679;0.00551;0.00486;0.00410;0.00299;0.00215,
line-b-r01031,line-b,line-b-e19,33.2018797,-116.1509636,180.0,line-b-e20,33.2020391,-116.1507740,180.0,line-b-e25,33.2028360,-116.1498260,180.0,line-b-e26,33.2029954,-116.1496364,180.0,2026-08-18T17:51:12Z,dipole-dipole,5,5,1.260,634.9,210.064,9.879,0.00403,0.00096,0.00721;0.00605;0.00562;0.00498;0.00407;0.00384;0.00310;0.00272;0.00214;0.00160,
line-b-r01032,line-b,line-b-e19,33.2018797,-116.1509636,180.0,line-b-e20,33.2020391,-116.1507740,180.0,line-b-e25,33.2028360,-116.1498260,180.0,line-b-e26,33.2029954,-116.1496364,180.0,2026-08-18T17:51:24Z,dipole-dipole,5,6,1.065,751.1,192.749,8.458,0.00541,0.00112,0.00909;0.00809;0.00739;0.00667;0.00582;0.00527;0.00442;0.00355;0.00287;0.00174,
line-b-r01033,line-b,line-b-e19,33.2018797,-116.1509636,180.0,line-b-e20,33.2020391,-116.1507740,180.0,line-b-e25,33.2028360,-116.1498260,180.0,line-b-e26,33.2029954,-116.1496364,180.0,2026-08-18T17:51:36Z,dipole-dipole,5,6,1.124,711.6,190.661,6.968,0.00575,0.00113,0.00957;0.00956;0.00846;0.00685;0.00629;0.00543;0.00459;0.00376;0.00282;0.00202,
line-b-r01034,line-b,line-b-e19,33.2018797,-116.1509636,180.0,line-b-e20,33.2020391,-116.1507740,180.0,line-b-e25,33.2028360,-116.1498260,180.0,line-b-e26,33.2029954,-116.1496364,180.0,2026-08-18T17:51:48Z,dipole-dipole,5,4,0.926,864.3,203.437,8.020,0.00482,0.00149,0.00829;0.00742;0.00647;0.00607;0.00520;0.00466;0.00398;0.00308;0.00235;0.00178,
line-b-r01035,line-b,line-b-e19,33.2018797,-116.1509636,180.0,line-b-e20,33.2020391,-116.1507740,180.0,line-b-e25,33.2028360,-116.1498260,180.0,line-b-e26,33.2029954,-116.1496364,180.0,2026-08-18T17:52:00Z,dipole-dipole,5,7,1.099,728.3,202.982,7.943,0.00525,0.00095,0.00836;0.00866;0.00675;0.00716;0.00599;0.00541;0.00410;0.00328;0.00258;0.00191,
line-b-r01036,line-b,line-b-e19,33.2018797,-116.1509636,180.0,line-b-e20,33.2020391,-116.1507740,180.0,line-b-e25,33.2028360,-116.1498260,180.0,line-b-e26,33.2029954,-116.1496364,180.0,2026-08-18T17:52:12Z,dipole-dipole,5,6,1.058,756.2,201.243,6.896,0.00535,0.00102,0.00892;0.00772;0.00714;0.00681;0.00586;0.00469;0.00448;0.00343;0.00247;0.00192,
line-b-r01037,line-b,line-b-e19,33.2018797,-116.1509636,180.0,line-b-e20,33.2020391,-116.1507740,180.0,line-b-e26,33.2029954,-116.1496364,180.0,line-b-e27,33.2031548,-116.1494468,180.0,2026-08-18T17:52:24Z,dipole-dipole,6,6,0.869,920.2,199.468,7.475,0.00543,0.00118,0.00907;0.00752;0.00764;0.00650;0.00566;0.00503;0.00430;0.00360;0.00282;0.00176,
line-b-r01038,line-b,line-b-e19,33.2018797,-116.1509636,180.0,line-b-e20,33.2020391,-116.1507740,180.0,line-b-e26,33.2029954,-116.1496364,180.0,line-b-e27,33.2031548,-116.1494468,180.0,2026-08-18T17:52:36Z,dipole-dipole,6,4,1.372,583.0,208.565,6.735,0.00624,0.00105,0.00966;0.01042;0.00896;0.00762;0.00702;0.00572;0.00451;0.00414;0.00310;0.00212,
line-b-r01039,line-b,line-b-e19,33.2018797,-116.1509636,180.0,line-b-e20,33.2020391,-116.1507740,180.0,line-b-e26,33.2029954,-116.1496364,180.0,line-b-e27,33.2031548,-116.1494468,180.0,2026-08-18T17:52:48Z,dipole-dipole,6,4,1.039,769.6,193.138,7.273,0.00749,0.00095,0.01137;0.01064;0.01022;0.00805;0.00771;0.00784;0.00559;0.00493;0.00345;0.00258,
line-b-r01040,line-b,line-b-e19,33.2018797,-116.1509636,180.0,line-b-e20,33.2020391,-116.1507740,180.0,line-b-e26,33.2029954,-116.1496364,180.0,line-b-e27,33.2031548,-116.1494468,180.0,2026-08-18T17:53:00Z,dipole-dipole,6,8,1.183,676.1,208.150,9.261,0.00497,0.00108,0.00760;0.00673;0.00629;0.00642;0.00575;0.00459;0.00373;0.00315;0.00266;0.00174,
line-b-r01041,line-b,line-b-e19,33.2018797,-116.1509636,180.0,line-b-e20,33.2020391,-116.1507740,180.0,line-b-e26,33.2029954,-116.1496364,180.0,line-b-e27,33.2031548,-116.1494468,180.0,2026-08-18T17:53:12Z,dipole-dipole,6,6,1.107,722.5,195.657,6.174,0.00610,0.00115,0.00896;0.00906;0.00844;0.00859;0.00646;0.00653;0.00483;0.00387;0.00313;0.00229,
line-b-r01042,line-b,line-b-e19,33.2018797,-116.1509636,180.0,line-b-e20,33.2020391,-116.1507740,180.0,line-b-e26,33.2029954,-116.1496364,180.0,line-b-e27,33.2031548,-116.1494468,180.0,2026-08-18T17:53:24Z,dipole-dipole,6,6,1.170,684.0,194.548,6.122,0.00661,0.00098,0.00989;0.00999;0.00882;0.00846;0.00677;0.00630;0.00481;0.00427;0.00321;0.00236,
line-b-r01043,line-b,line-b-e19,33.2018797,-116.1509636,180.0,line-b-e20,33.2020391,-116.1507740,180.0,line-b-e27,33.2031548,-116.1494468,180.0,line-b-e28,33.2033142,-116.1492572,180.0,2026-08-18T17:53:36Z,dipole-dipole,7,5,1.095,730.5,190.430,6.700,0.00635,0.00118,0.00974;0.00925;0.00841;0.00691;0.00721;0.00677;0.00546;0.00397;0.00326;0.00239,
line-b-r01044,line-b,line-b-e19,33.2018797,-116.1509636,180.0,line-b-e20,33.2020391,-116.1507740,180.0,line-b-e27,33.2031548,-116.1494468,180.0,line-b-e28,33.2033142,-116.1492572,180.0,2026-08-18T17:53:48Z,dipole-dipole,7,6,1.051,761.1,206.286,9.374,0.00480,0.00097,0.00779;0.00714;0.00688;0.00589;0.00567;0.00445;0.00396;0.00301;0.00238;0.00168,
line-b-r01045,line-b,line-b-e19,33.2018797,-116.1509636,180.0,line-b-e20,33.2020391,-116.1507740,180.0,line-b-e27,33.2031548,-116.1494468,180.0,line-b-e28,33.2033142,-116.1492572,180.0,2026-08-18T17:54:00Z,dipole-dipole,7,3,0.996,803.5,204.108,8.983,0.00634,0.00128,0.00932;0.00954;0.00867;0.00757;0.00613;0.00543;0.00511;0.00427;0.00329;0.00236,
line-b-r01046,line-b,line-b-e19,33.2018797,-116.1509636,180.0,line-b-e20,33.2020391,-116.1507740,180.0,line-b-e27,33.2031548,-116.1494468,180.0,line-b-e28,33.2033142,-116.1492572,180.0,2026-08-18T17:54:12Z,dipole-dipole,7,6,1.278,626.0,188.702,7.299,0.00309,0.00127,0.00511;0.00481;0.00429;0.00399;0.00333;0.00255;0.00249;0.00198;0.00151;0.00098,
line-b-r01047,line-b,line-b-e19,33.2018797,-116.1509636,180.0,line-b-e20,33.2020391,-116.1507740,180.0,line-b-e27,33.2031548,-116.1494468,180.0,line-b-e28,33.2033142,-116.1492572,180.0,2026-08-18T17:54:24Z,dipole-dipole,7,3,0.862,928.4,186.191,6.810,0.00615,0.00094,0.01025;0.00934;0.00825;0.00771;0.00685;0.00642;0.00488;0.00376;0.00281;0.00216,
line-b-r01048,line-b,line-b-e19,33.2018797,-116.1509636,180.0,line-b-e20,33.2020391,-116.1507740,180.0,line-b-e27,33.2031548,-116.1494468,180.0,line-b-e28,33.2033142,-116.1492572,180.0,2026-08-18T17:54:36Z,dipole-dipole,7,5,0.973,821.9,199.179,7.404,0.00629,0.00077,0.00942;0.00885;0.00827;0.00737;0.00689;0.00644;0.00521;0.00415;0.00265;0.00205,
line-b-r01049,line-b,line-b-e19,33.2018797,-116.1509636,180.0,line-b-e20,33.2020391,-116.1507740,180.0,line-b-e27,33.2031548,-116.1494468,180.0,line-b-e28,33.2033142,-116.1492572,180.0,2026-08-18T17:54:48Z,dipole-dipole,7,8,1.036,772.2,193.809,8.022,0.00512,0.00111,0.00877;0.00716;0.00757;0.00642;0.00538;0.00498;0.00418;0.00331;0.00228;0.00198,
line-b-r01050,line-b,line-b-e19,33.2018797,-116.1509636,180.0,line-b-e20,33.2020391,-116.1507740,180.0,line-b-e27,33.2031548,-116.1494468,180.0,line-b-e28,33.2033142,-116.1492572,180.0,2026-08-18T17:55:00Z,dipole-dipole,7,6,1.295,617.6,189.346,7.306,0.00509,0.00117,0.00783;0.00806;0.00735;0.00671;0.00582;0.00484;0.00410;0.00305;0.00268;0.00173,
line-b-r01051,line-b,line-b-e19,33.2018797,-116.1509636,180.0,line-b-e20,33.2020391,-116.1507740,180.0,line-b-e28,33.2033142,-116.1492572,180.0,line-b-e29,33.2034736,-116.1490676,180.0,2026-08-18T17:55:12Z,dipole-dipole,8,3,0.815,981.3,188.972,6.823,0.00524,0.00114,0.00906;0.00779;0.00777;0.00625;0.00620;0.00542;0.00427;0.00307;0.00288;0.00191,
line-b-r01052,line-b,line-b-e19,33.2018797,-116.1509636,180.0,line-b-e20,33.2020391,-116.1507740,180.0,line-b-e28,33.2033142,-116.1492572,180.0,line-b-e29,33.2034736,-116.1490676,180.0,2026-08-18T17:55:24Z,dipole-dipole,8,7,0.785,1018.7,185.545,8.022,0.00498,0.00119,0.00897;0.00756;0.00682;0.00539;0.00578;0.00492;0.00410;0.00325;0.00227;0.00179,
line-b-r01053,line-b,line-b-e19,33.2018797,-116.1509636,180.0,line-b-e20,33.2020391,-116.1507740,180.0,line-b-e28,33.2033142,-116.1492572,180.0,line-b-e29,33.2034736,-116.1490676,180.0,2026-08-18T17:55:36Z,dipole-dipole,8,8,0.944,847.7,196.566,8.542,0.00819,0.00123,0.01289;0.01268;0.01236;0.00961;0.00874;0.00869;0.00650;0.00491;0.00431;0.00269,
line-b-r01054,line-b,line-b-e19,33.2018797,-116.1509636,180.0,line-b-e20,33.2020391,-116.1507740,180.0,line-b-e28,33.2033142,-116.1492572,180.0,line-b-e29,33.2034736,-116.1490676,180.0,2026-08-18T17:55:48Z,dipole-dipole,8,8,0.966,828.4,195.776,7.027,0.00683,0.00140,0.01096;0.00875;0.00923;0.00895;0.00711;0.00657;0.00585;0.00418;0.00316;0.00230,
line-b-r01055,line-b,line-b-e19,33.2018797,-116.1509636,180.0,line-b-e20,33.2020391,-116.1507740,180.0,line-b-e28,33.2033142,-116.1492572,180.0,line-b-e29,33.2034736,-116.1490676,180.0,2026-08-18T17:56:00Z,dipole-dipole,8,3,1.045,765.8,190.483,9.865,0.00676,0.00117,0.01132;0.01021;0.00900;0.00841;0.00742;0.00574;0.00553;0.00468;0.00329;0.00263,
line-b-r01056,line-b,line-b-e19,33.2018797,-116.1509636,180.0,line-b-e20,33.2020391,-116.1507740,180.0,line-b-e28,33.2033142,-116.1492572,180.0,line-b-e29,33.2034736,-116.1490676,180.0,2026-08-18T17:56:12Z,dipole-dipole,8,4,1.324,604.4,187.078,8.767,0.00686,0.00099,0.01259;0.00979;0.00980;0.00826;0.00728;0.00618;0.00506;0.00468;0.00335;0.00220,
line-b-r01057,line-b,line-b-e20,33.2020391,-116.1507740,180.0,line-b-e21,33.2021985,-116.1505844,180.0,line-b-e22,33.2023579,-116.1503948,180.0,line-b-e23,33.2025173,-116.1502052,180.0,2026-08-18T17:56:24Z,dipole-dipole,1,5,1.339,597.4,209.013,7.674,0.00578,0.00108,0.00932;0.00898;0.00733;0.00679;0.00637;0.00522;0.00448;0.00349;0.00301;0.00209,
line-b-r01058,line-b,line-b-e20,33.2020391,-116.1507740,180.0,line-b-e21,33.2021985,-116.1505844,180.0,line-b-e22,33.2023579,-116.1503948,180.0,line-b-e23,33.2025173,-116.1502052,180.0,2026-08-18T17:56:36Z,dipole-dipole,1,4,1.473,543.2,206.395,7.243,0.00500,0.00093,0.00764;0.00745;0.00668;0.00641;0.00545;0.00451;0.00380;0.00293;0.00253;0.00157,
line-b-r01059,line-b,line-b-e20,33.2020391,-116.1507740,180.0,line-b-e21,33.2021985,-116.1505844,180.0,line-b-e22,33.2023579,-116.1503948,180.0,line-b-e23,33.2025173,-116.1502052,180.0,2026-08-18T17:56:48Z,dipole-dipole,1,7,1.631,490.5,197.732,7.322,0.00114,0.00129,0.00184;0.00169;0.00176;0.00140;0.00129;0.00116;0.00086;0.00070;0.00057;0.00042,
line-b-r01060,line-b,line-b-e20,33.2020391,-116.1507740,180.0,line-b-e21,33.2021985,-116.1505844,180.0,line-b-e22,33.2023579,-116.1503948,180.0,line-b-e23,33.2025173,-116.1502052,180.0,2026-08-18T17:57:00Z,dipole-dipole,1,4,1.084,737.7,212.612,5.894,0.00412,0.00131,0.00682;0.00577;0.00553;0.00499;0.00433;0.00385;0.00319;0.00241;0.00205;0.00151,
line-b-r01061,line-b,line-b-e20,33.2020391,-116.1507740,180.0,line-b-e21,33.2021985,-116.1505844,180.0,line-b-e22,33.2023579,-116.1503948,180.0,line-b-e23,33.2025173,-116.1502052,180.0,2026-08-18T17:57:12Z,dipole-dipole,1,7,1.261,634.4,210.795,7.502,0.00518,0.00076,0.00772;0.00767;0.00640;0.00628;0.00579;0.00459;0.00429;0.00289;0.00249;0.00183,
line-b-r01062,line-b,line-b-e20,33.2020391,-116.1507740,180.0,line-b-e21,33.2021985,-116.1505844,180.0,line-b-e22,33.2023579,-116.1503948,180.0,line-b-e23,33.2025173,-116.1502052,180.0,2026-08-18T17:57:24Z,dipole-dipole,1,5,1.484,539.2,208.057,7.426,0.00388,0.00105,0.00609;0.00559;0.00542;0.00498;0.00421;0.00383;0.00329;0.00231;0.00167;0.00123,
line-b-r01063,line-b,line-b-e20,33.2020391,-116.1507740,180.0,line-b-e21,33.2021985,-116.1505844,180.0,line-b-e22,33.2023579,-116.1503948,180.0,line-b-e23,33.2025173,-116.1502052,180.0,2026-08-18T17:57:36Z,dipole-dipole,1,3,1.476,542.1,204.204,9.005,0.00214,0.00082,0.00340;0.00337;0.00309;0.00270;0.00211;0.00199;0.00161;0.00143;0.00108;0.00076,
line-b-r01064,line-b,line-b-e20,33.2020391,-116.1507740,180.0,line-b-e21,33.2021985,-116.1505844,180.0,line-b-e22,33.2023579,-116.1503948,180.0,line-b-e23,33.2025173,-116.1502052,180.0,2026-08-18T17:57:48Z,dipole-dipole,1,7,1.417,564.6,202.245,9.921,0.00579,0.00112,0.00922;0.00842;0.00863;0.00717;0.00648;0.00616;0.00459;0.00373;0.00305;0.00210,
line-b-r01065,line-b,line-b-e20,33.2020391,-116.1507740,180.0,line-b-e21,33.2021985,-116.1505844,180.0,line-b-e23,33.2025173,-116.1502052,180.0,line-b-e24,33.2026766,-116.1500156,180.0,2026-08-18T17:58:00Z,dipole-dipole,2,4,1.352,591.8,195.414,5.696,0.00453,0.00101,0.00733;0.00708;0.00552;0.00578;0.00476;0.00459;0.00366;0.00276;0.00230;0.00165,
line-b-r01066,line-b,line-b-e20,33.2020391,-116.1507740,180.0,line-b-e21,33.2021985,-116.1505844,180.0,line-b-e23,33.2025173,-116.1502052,180.0,line-b-e24,33.2026766,-116.1500156,180.0,2026-08-18T17:58:12Z,dipole-dipole,2,8,1.245,642.8,198.804,8.095,0.00649,0.00098,0.01010;0.00923;0.00825;0.00876;0.00794;0.00550;0.00500;0.00405;0.00330;0.00221,
line-b-r01067,line-b,line-b-e20,33.2020391,-116.1507740,180.0,line-b-e21,33.2021985,-116.1505844,180.0,line-b-e23,33.2025173,-116.1502052,180.0,line-b-e24,33.2026766,-116.1500156,180.0,2026-08-18T17:58:24Z,dipole-dipole,2,8,1.206,663.3,192.634,7.314,0.00326,0.00120,0.00539;0.00475;0.00454;0.00435;0.00378;0.00303;0.00276;0.00201;0.00161;0.00127,
line-b-r01068,line-b,line-b-e20,33.2020391,-116.1507740,180.0,line-b-e21,33.2021985,-116.1505844,180.0,line-b-e23,33.2025173,-116.1502052,180.0,line-b-e24,33.2026766,-116.1500156,180.0,2026-08-18T17:58:36Z,dipole-dipole,2,6,1.402,570.6,193.824,8.896,0.00530,0.00104,0.00884;0.00710;0.00757;0.00630;0.00562;0.00506;0.00464;0.00305;0.00257;0.00209,
line-b-r01069,line-b,line-b-e20,33.2020391,-116.1507740,180.0,line-b-e21,33.2021985,-116.1505844,180.0,line-b-e23,33.2025173,-116.1502052,180.0,line-b-e24,33.2026766,-116.1500156,180.0,2026-08-18T17:58:48Z,dipole-dipole,2,5,1.413,566.1,210.397,6.686,0.00457,0.00071,0.00746;0.00630;0.00639;0.00565;0.00505;0.00429;0.00334;0.00320;0.00240;0.00165,
line-b-r01070,line-b,line-b-e20,33.2020391,-116.1507740,180.0,line-b-e21,33.2021985,-116.1505844,180.0,line-b-e23,33.2025173,-116.1502052,180.0,line-b-e24,33.2026766,-116.1500156,180.0,2026-08-18T17:59:00Z,dipole-dipole,2,5,1.191,671.8,195.551,8.586,0.00431,0.00106,0.00708;0.00596;0.00592;0.00561;0.00558;0.00469;0.00349;0.00267;0.00197;0.00139,
line-b-r01071,line-b,line-b-e20,33.2020391,-116.1507740,180.0,line-b-e21,33.2021985,-116.1505844,180.0,line-b-e23,33.2025173,-116.1502052,180.0,line-b-e24,33.2026766,-116.1500156,180.0,2026-08-18T17:59:12Z,dipole-dipole,2,7,1.089,734.5,195.759,6.782,0.00410,0.00116,0.00592;0.00633;0.00559;0.00490;0.00463;0.00420;0.00347;0.00259;0.00196;0.00154,
line-b-r01072,line-b,line-b-e20,33.2020391,-116.1507740,180.0,line-b-e21,33.2021985,-116.1505844,180.0,line-b-e23,33.2025173,-116.1502052,180.0,line-b-e24,33.2026766,-116.1500156,180.0,2026-08-18T17:59:24Z,dipole-dipole,2,4,1.431,559.0,197.095,6.555,0.00281,0.00104,0.00449;0.00394;0.00396;0.00344;0.00306;0.00243;0.00199;0.00158;0.00135;0.00102,
line-b-r01073,line-b,line-b-e20,33.2020391,-116.1507740,180.0,line-b-e21,33.2021985,-116.1505844,180.0,line-b-e24,33.2026766,-116.1500156,180.0,line-b-e25,33.2028360,-116.1498260,180.0,2026-08-18T17:59:36Z,dipole-dipole,3,8,1.391,575.3,201.222,9.153,0.00674,0.00127,0.01046;0.00930;0.00981;0.00917;0.00689;0.00646;0.00523;0.00407;0.00330;0.00247,
line-b-r01074,line-b,line-b-e20,33.2020391,-116.1507740,180.0,line-b-e21,33.2021985,-116.1505844,180.0,line-b-e24,33.2026766,-116.1500156,180.0,line-b-e25,33.2028360,-116.1498260,180.0,2026-08-18T17:59:48Z,dipole-dipole,3,5,1.635,489.4,208.167,567.870,0.00282,0.00115,0.00512;0.00423;0.00382;0.00345;0.00322;0.00283;0.00215;0.00170;0.00141;0.00104,
line-b-r01075,line-b,line-b-e20,33.2020391,-116.1507740,180.0,line-b-e21,33.2021985,-116.1505844,180.0,line-b-e24,33.2026766,-116.1500156,180.0,line-b-e25,33.2028360,-116.1498260,180.0,2026-08-18T18:00:00Z,dipole-dipole,3,6,1.158,690.9,204.073,8.577,0.00333,0.00124,0.00528;0.00523;0.00431;0.00392;0.00362;0.00306;0.00301;0.00221;0.00162;0.00125,
line-b-r01076,line-b,line-b-e20,33.2020391,-116.1507740,180.0,line-b-e21,33.2021985,-116.1505844,180.0,line-b-e24,33.2026766,-116.1500156,180.0,line-b-e25,33.2028360,-116.1498260,180.0,2026-08-18T18:00:12Z,dipole-dipole,3,7,1.042,767.5,208.426,260.188,0.00435,0.00081,0.00663;0.00664;0.00644;0.00594;0.00461;0.00394;0.00336;0.00261;0.00213;0.00158,
line-b-r01077,line-b,line-b-e20,33.2020391,-116.1507740,180.0,line-b-e21,33.2021985,-116.1505844,180.0,line-b-e24,33.2026766,-116.1500156,180.0,line-b-e25,33.2028360,-116.1498260,180.0,2026-08-18T18:00:24Z,dipole-dipole,3,3,1.128,708.9,201.440,8.676,0.00489,0.00098,0.00792;0.00763;0.00637;0.00605;0.00514;0.00473;0.00373;0.00337;0.00244;0.00177,
line-b-r01078,line-b,line-b-e20,33.2020391,-116.1507740,180.0,line-b-e21,33.2021985,-116.1505844,180.0,line-b-e24,33.2026766,-116.1500156,180.0,line-b-e25,33.2028360,-116.1498260,180.0,2026-08-18T18:00:36Z,dipole-dipole,3,5,1.315,608.5,186.858,5.101,0.00562,0.00111,0.00924;0.00787;0.00802;0.00670;0.00599;0.00540;0.00430;0.00351;0.00288;0.00213,
line-b-r01079,line-b,line-b-e20,33.2020391,-116.1507740,180.0,line-b-e21,33.2021985,-116.1505844,180.0,line-b-e24,33.2026766,-116.1500156,180.0,line-b-e25,33.2028360,-116.1498260,180.0,2026-08-18T18:00:48Z,dipole-dipole,3,3,1.325,603.8,199.521,6.863,0.00455,0.00083,0.00811;0.00706;0.00602;0.00604;0.00549;0.00416;0.00346;0.00296;0.00226;0.00152,
line-b-r01080,line-b,line-b-e20,33.2020391,-116.1507740,180.0,line-b-e21,33.2021985,-116.1505844,180.0,line-b-e25,33.2028360,-116.1498260,180.0,line-b-e26,33.2029954,-116.1496364,180.0,2026-08-18T18:01:00Z,dipole-dipole,4,6,1.205,663.9,205.401,8.473,0.00443,0.00105,0.00730;0.00690;0.00591;0.00519;0.00537;0.00421;0.00351;0.00274;0.00229;0.00151,
line-b-r01081,line-b,line-b-e20,33.2020391,-116.1507740,180.0,line-b-e21,33.2021985,-116.1505844,180.0,line-b-e25,33.2028360,-116.1498260,180.0,line-b-e26,33.2029954,-116.1496364,180.0,2026-08-18T18:01:12Z,dipole-dipole,4,8,1.410,567.5,204.725,6.579,0.00396,0.00092,0.00594;0.00531;0.00530;0.00506;0.00426;0.00374;0.00298;0.00235;0.00189;0.00123,
line-b-r01082,line-b,line-b-e20,33.2020391,-116.1507740,180.0,line-b-e21,33.2021985,-116.1505844,180.0,line-b-e25,33.2028360,-116.1498260,180.0,line-b-e26,33.2029954,-116.1496364,180.0,2026-08-18T18:01:24Z,dipole-dipole,4,7,0.980,816.6,198.645,433.934,0.00242,0.00128,0.00344;0.00377;0.00375;0.00294;0.00240;0.00259;0.00205;0.00143;0.00129;0.00081,
line-b-r01083,line-b,line-b-e20,33.2020391,-116.1507740,180.0,line-b-e21,33.2021985,-116.1505844,180.0,line-b-e25,33.2028360,-116.1498260,180.0,line-b-e26,33.2029954,-116.1496364,180.0,2026-08-18T18:01:36Z,dipole-dipole,4,5,1.401,570.9,207.383,8.273,0.00354,0.00087,0.00518;0.00568;0.00525;0.00405;0.00409;0.00361;0.00280;0.00240;0.00165;0.00114,
line-b-r01084,line-b,line-b-e20,33.2020391,-116.1507740,180.0,line-b-e21,33.2021985,-116.1505844,180.0,line-b-e25,33.2028360,-116.1498260,180.0,line-b-e26,33.2029954,-116.1496364,180.0,2026-08-18T18:01:48Z,dipole-dipole,4,6,1.105,723.8,199.782,8.144,0.00623,0.00128,0.01105;0.01036;0.00836;0.00691;0.00681;0.00544;0.00498;0.00401;0.00331;0.00237,
line-b-r01085,line-b,line-b-e20,33.2020391,-116.1507740,180.0,line-b-e21,33.2021985,-116.1505844,180.0,line-b-e25,33.2028360,-116.1498260,180.0,line-b-e26,33.2029954,-116.1496364,180.0,2026-08-18T18:02:00Z,dipole-dipole,4,8,1.596,501.2,196.496,6.779,0.00360,0.00100,0.00566;0.00563;0.00544;0.00458;0.00367;0.00347;0.00276;0.00245;0.00161;0.00119,
line-b-r01086,line-b,line-b-e20,33.2020391,-116.1507740,180.0,line-b-e21,33.2021985,-116.1505844,180.0,line-b-e25,33.2028360,-116.1498260,180.0,line-b-e26,33.2029954,-116.1496364,180.0,2026-08-18T18:02:12Z,dipole-dipole,4,4,1.348,593.5,210.232,6.713,0.00495,0.00102,0.00774;0.00690;0.00640;0.00634;0.00538;0.00442;0.00395;0.00316;0.00238;0.00167,
line-b-r01087,line-b,line-b-e20,33.2020391,-116.1507740,180.0,line-b-e21,33.2021985,-116.1505844,180.0,line-b-e26,33.2029954,-116.1496364,180.0,line-b-e27,33.2031548,-116.1494468,180.0,2026-08-18T18:02:24Z,dipole-dipole,5,7,1.111,720.3,198.071,8.442,0.00498,0.00124,0.00820;0.00806;0.00657;0.00610;0.00558;0.00436;0.00407;0.00300;0.00248;0.00175,
line-b-r01088,line-b,line-b-e20,33.2020391,-116.1507740,180.0,line-b-e21,33.2021985,-116.1505844,180.0,line-b-e26,33.2029954,-116.1496364,180.0,line-b-e27,33.2031548,-116.1494468,180.0,2026-08-18T18:02:36Z,dipole-dipole,5,7,1.682,475.6,195.516,6.674,0.00536,0.00106,0.00857;0.00853;0.00687;0.00576;0.00611;0.00497;0.00375;0.00354;0.00248;0.00203,
line-b-r01089,line-b,line-b-e20,33.2020391,-116.1507740,180.0,line-b-e21,33.2021985,-116.1505844,180.0,line-b-e26,33.2029954,-116.1496364,180.0,line-b-e27,33.2031548,-116.1494468,180.0,2026-08-18T18:02:48Z,dipole-dipole,5,5,1.345,594.8,201.804,7.161,0.00321,0.00093,0.00498;0.00498;0.00419;0.00397;0.00332;0.00301;0.00249;0.00194;0.00171;0.00109,
line-b-r01090,line-b,line-b-e20,33.2020391,-116.1507740,180.0,line-b-e21,33.2021985,-116.1505844,180.0,line-b-e26,33.2029954,-116.1496364,180.0,line-b-e27,33.2031548,-116.1494468,180.0,2026-08-18T18:03:00Z,dipole-dipole,5,6,1.644,486.8,200.810,7.814,0.00410,0.00106,0.00603;0.00665;0.00540;0.00485;0.00459;0.00382;0.00304;0.00259;0.00194;0.00138,
line-b-r01091,line-b,line-b-e20,33.2020391,-116.1507740,180.0,line-b-e21,33.2021985,-116.1505844,180.0,line-b-e26,33.2029954,-116.1496364,180.0,line-b-e27,33.2031548,-116.1494468,180.0,2026-08-18T18:03:12Z,dipole-dipole,5,4,1.292,619.1,196.231,8.138,0.00374,0.00101,0.00614;0.00542;0.00510;0.00482;0.00375;0.00335;0.00316;0.00234;0.00190;0.00125,
line-b-r01092,line-b,line-b-e20,33.2020391,-116.1507740,180.0,line-b-e21,33.2021985,-116.1505844,180.0,line-b-e26,33.2029954,-116.1496364,180.0,line-b-e27,33.2031548,-116.1494468,180.0,2026-08-18T18:03:24Z,dipole-dipole,5,5,1.150,695.5,215.983,8.534,0.00484,0.00111,0.00738;0.00679;0.00659;0.00621;0.00581;0.00451;0.00418;0.00327;0.00238;0.00169,
line-b-r01093,line-b,line-b-e20,33.2020391,-116.1507740,180.0,line-b-e21,33.2021985,-116.1505844,180.0,line-b-e26,33.2029954,-116.1496364,180.0,line-b-e27,33.2031548,-116.1494468,180.0,2026-08-18T18:03:36Z,dipole-dipole,5,3,1.311,610.4,198.096,337.306,0.00385,0.00091,0.00600;0.00582;0.00529;0.00493;0.00422;0.00352;0.00287;0.00243;0.00201;0.00136,
line-b-r01094,line-b,line-b-e20,33.2020391,-116.1507740,180.0,line-b-e21,33.2021985,-116.1505844,180.0,line-b-e26,33.2029954,-116.1496364,180.0,line-b-e27,33.2031548,-116.1494468,180.0,2026-08-18T18:03:48Z,dipole-dipole,5,6,0.989,809.0,205.235,7.621,0.00542,0.00110,0.00829;0.00767;0.00803;0.00647;0.00641;0.00544;0.00450;0.00352;0.00268;0.00212,
line-b-r01095,line-b,line-b-e20,33.2020391,-116.1507740,180.0,line-b-e21,33.2021985,-116.1505844,180.0,line-b-e27,33.2031548,-116.1494468,180.0,line-b-e28,33.2033142,-116.1492572,180.0,2026-08-18T18:04:00Z,dipole-dipole,6,4,1.329,602.1,215.142,7.314,0.00508,0.00113,0.00882;0.00752;0.00749;0.00605;0.00593;0.00514;0.00429;0.00335;0.00251;0.00162,
line-b-r01096,line-b,line-b-e20,33.2020391,-116.1507740,180.0,line-b-e21,33.2021985,-116.1505844,180.0,line-b-e27,33.2031548,-116.1494468,180.0,line-b-e28,33.2033142,-116.1492572,180.0,2026-08-18T18:04:12Z,dipole-dipole,6,8,1.246,642.2,215.843,7.482,0.00444,0.00080,0.00724;0.00644;0.00570;0.00611;0.00479;0.00434;0.00330;0.00282;0.00204;0.00148,
line-b-r01097,line-b,line-b-e20,33.2020391,-116.1507740,180.0,line-b-e21,33.2021985,-116.1505844,180.0,line-b-e27,33.2031548,-116.1494468,180.0,line-b-e28,33.2033142,-116.1492572,180.0,2026-08-18T18:04:24Z,dipole-dipole,6,8,1.307,611.9,198.676,9.196,0.00426,0.00100,0.00705;0.00574;0.00613;0.00531;0.00463;0.00388;0.00321;0.00258;0.00216;0.00171,
line-b-r01098,line-b,line-b-e20,33.2020391,-116.1507740,180.0,line-b-e21,33.2021985,-116.1505844,180.0,line-b-e27,33.2031548,-116.1494468,180.0,line-b-e28,33.2033142,-116.1492572,180.0,2026-08-18T18:04:36Z,dipole-dipole,6,7,1.079,741.6,200.484,6.663,0.00655,0.00133,0.00960;0.00910;0.00813;0.00740;0.00758;0.00645;0.00498;0.00430;0.00311;0.00236,
line-b-r01099,line-b,line-b-e20,33.2020391,-116.1507740,180.0,line-b-e21,33.2021985,-116.1505844,180.0,line-b-e27,33.2031548,-116.1494468,180.0,line-b-e28,33.2033142,-116.1492572,180.0,2026-08-18T18:04:48Z,dipole-dipole,6,4,1.214,659.2,212.101,7.947,0.00465,0.00103,0.00732;0.00705;0.00623;0.00555;0.00498;0.00454;0.00358;0.00300;0.00222;0.00160,
line-b-r01100,line-b,line-b-e20,33.2020391,-116.1507740,180.0,line-b-e21,33.2021985,-116.1505844,180.0,line-b-e27,33.2031548,-116.1494468,180.0,line-b-e28,33.2033142,-116.1492572,180.0,2026-08-18T18:05:00Z,dipole-dipole,6,5,1.248,640.9,199.538,5.482,0.00366,0.00091,0.00608;0.00555;0.00516;0.00449;0.00376;0.00374;0.00274;0.00257;0.00164;0.00137,
line-b-r01101,line-b,line-b-e20,33.2020391,-116.1507740,180.0,line-b-e21,33.2021985,-116.1505844,180.0,line-b-e28,33.2033142,-116.1492572,180.0,line-b-e29,33.2034736,-116.1490676,180.0,2026-08-18T18:05:12Z,dipole-dipole,7,3,1.172,682.6,200.873,7.950,0.00414,0.00105,0.00590;0.00636;0.00611;0.00551;0.00466;0.00398;0.00360;0.00257;0.00196;0.00162,
line-b-r01102,line-b,line-b-e20,33.2020391,-116.1507740,180.0,line-b-e21,33.2021985,-116.1505844,180.0,line-b-e28,33.2033142,-116.1492572,180.0,line-b-e29,33.2034736,-116.1490676,180.0,2026-08-18T18:05:24Z,dipole-dipole,7,7,1.365,586.3,205.885,7.838,0.00520,0.00080,0.00766;0.00740;0.00772;0.00631;0.00621;0.00492;0.00442;0.00361;0.00256;0.00191,
line-b-r01103,line-b,line-b-e20,33.2020391,-116.1507740,180.0,line-b-e21,33.2021985,-116.1505844,180.0,line-b-e28,33.2033142,-116.1492572,180.0,line-b-e29,33.2034736,-116.1490676,180.0,2026-08-18T18:05:36Z,dipole-dipole,7,8,1.260,634.9,205.253,6.546,0.00440,0.00091,0.00664;0.00768;0.00646;0.00567;0.00483;0.00435;0.00351;0.00271;0.00232;0.00165,
line-b-r01104,line-b,line-b-e20,33.2020391,-116.1507740,180.0,line-b-e21,33.2021985,-116.1505844,180.0,line-b-e28,33.2033142,-116.1492572,180.0,line-b-e29,33.2034736,-116.1490676,180.0,2026-08-18T18:05:48Z,dipole-dipole,7,3,1.201,665.9,217.865,5.540,0.00338,0.00107,0.00554;0.00512;0.00409;0.00422;0.00336;0.00339;0.00257;0.00219;0.00152;0.00116,
line-b-r01105,line-b,line-b-e20,33.2020391,-116.1507740,180.0,line-b-e21,33.2021985,-116.1505844,180.0,line-b-e28,33.2033142,-116.1492572,180.0,line-b-e29,33.2034736,-116.1490676,180.0,2026-08-18T18:06:00Z,dipole-dipole,7,4,1.198,668.0,222.110,7.405,0.00435,0.00118,0.00717;0.00639;0.00672;0.00553;0.00456;0.00382;0.00323;0.00274;0.00207;0.00158,
line-b-r01106,line-b,line-b-e20,33.2020391,-116.1507740,180.0,line-b-e21,33.2021985,-116.1505844,180.0,line-b-e28,33.2033142,-116.1492572,180.0,line-b-e29,33.2034736,-116.1490676,180.0,2026-08-18T18:06:12Z,dipole-dipole,7,5,1.713,467.1,211.291,6.693,0.00430,0.00113,0.00604;0.00618;0.00684;0.00576;0.00473;0.00410;0.00348;0.00277;0.00231;0.00150,
line-b-r01107,line-b,line-b-e20,33.2020391,-116.1507740,180.0,line-b-e21,33.2021985,-116.1505844,180.0,line-b-e29,33.2034736,-116.1490676,180.0,line-b-e30,33.2036330,-116.1488780,180.0,2026-08-18T18:06:24Z,dipole-dipole,8,6,1.456,549.6,214.975,6.359,0.00207,0.00082,0.00340;0.00288;0.00298;0.00249;0.00233;0.00197;0.00157;0.00132;0.00098;0.00072,
line-b-r01108,line-b,line-b-e20,33.2020391,-116.1507740,180.0,line-b-e21,33.2021985,-116.1505844,180.0,line-b-e29,33.2034736,-116.1490676,180.0,line-b-e30,33.2036330,-116.1488780,180.0,2026-08-18T18:06:36Z,dipole-dipole,8,4,1.281,624.6,209.493,9.677,0.00385,0.00108,0.00669;0.00592;0.00502;0.00469;0.00402;0.00372;0.00301;0.00251;0.00195;0.00125,
line-b-r01109,line-b,line-b-e20,33.2020391,-116.1507740,180.0,line-b-e21,33.2021985,-116.1505844,180.0,line-b-e29,33.2034736,-116.1490676,180.0,line-b-e30,33.2036330,-116.1488780,180.0,2026-08-18T18:06:48Z,dipole-dipole,8,8,1.051,761.2,209.939,7.234,0.00416,0.00100,0.00640;0.00583;0.00539;0.00524;0.00456;0.00414;0.00307;0.00252;0.00209;0.00147,
line-b-r01110,line-b,line-b-e20,33.2020391,-116.1507740,180.0,line-b-e21,33.2021985,-116.1505844,180.0,line-b-e29,33.2034736,-116.1490676,180.0,line-b-e30,33.2036330,-116.1488780,180.0,2026-08-18T18:07:00Z,dipole-dipole,8,5,1.079,741.4,211.373,6.001,0.00469,0.00103,0.00747;0.00672;0.00639;0.00547;0.00526;0.00434;0.00381;0.00285;0.00230;0.00159,
line-b-r01111,line-b,line-b-e20,33.2020391,-116.1507740,180.0,line-b-e21,33.2021985,-116.1505844,180.0,line-b-e29,33.2034736,-116.1490676,180.0,line-b-e30,33.2036330,-116.1488780,180.0,2026-08-18T18:07:12Z,dipole-dipole,8,6,1.211,660.7,198.039,8.613,0.00518,0.00145,0.00851;0.00821;0.00754;0.00689;0.00558;0.00467;0.00440;0.00347;0.00233;0.00166,
line-b-r01112,line-b,line-b-e20,33.2020391,-116.1507740,180.0,line-b-e21,33.2021985,-116.1505844,180.0,line-b-e29,33.2034736,-116.1490676,180.0,line-b-e30,33.2036330,-116.1488780,180.0,2026-08-18T18:07:24Z,dipole-dipole,8,4,1.293,618.5,208.485,6.780,0.00335,0.00100,0.00550;0.00492;0.00457;0.00420;0.00405;0.00273;0.00275;0.00212;0.00157;0.00119,
line-b-r01113,line-b,line-b-e20,33.2020391,-116.1507740,180.0,line-b-e21,33.2021985,-116.1505844,180.0,line-b-e29,33.2034736,-116.1490676,180.0,line-b-e30,33.2036330,-116.1488780,180.0,2026-08-18T18:07:36Z,dipole-dipole,8,6,1.205,664.0,208.078,6.512,0.00321,0.00093,0.00516;0.00489;0.00433;0.00398;0.00358;0.00314;0.00282;0.00214;0.00158;0.00112,
line-b-r01114,line-b,line-b-e20,33.2020391,-116.1507740,180.0,line-b-e21,33.2021985,-116.1505844,180.0,line-b-e29,33.2034736,-116.1490676,180.0,line-b-e30,33.2036330,-116.1488780,180.0,2026-08-18T18:07:48Z,dipole-dipole,8,4,1.431,559.0,211.271,5.965,0.00439,0.00091,0.00737;0.00669;0.00586;0.00521;0.00465;0.00415;0.00377;0.00258;0.00201;0.00165,
line-b-r01115,line-b,line-b-e21,33.2021985,-116.1505844,180.0,line-b-e22,33.2023579,-116.1503948,180.0,line-b-e23,33.2025173,-116.1502052,180.0,line-b-e24,33.2026766,-116.1500156,180.0,2026-08-18T18:08:00Z,dipole-dipole,1,8,1.039,770.3,205.025,6.405,0.00467,0.00096,0.00786;0.00703;0.00665;0.00550;0.00494;0.00417;0.00385;0.00332;0.00248;0.00167,
line-b-r01116,line-b,line-b-e21,33.2021985,-116.1505844,180.0,line-b-e22,33.2023579,-116.1503948,180.0,line-b-e23,33.2025173,-116.1502052,180.0,line-b-e24,33.2026766,-116.1500156,180.0,2026-08-18T18:08:12Z,dipole-dipole,1,7,1.173,681.8,201.717,7.523,0.00488,0.00094,0.00747;0.00732;0.00645;0.00630;0.00581;0.00455;0.00408;0.00300;0.00250;0.00173,
line-b-r01117,line-b,line-b-e21,33.2021985,-116.1505844,180.0,line-b-e22,33.2023579,-116.1503948,180.0,line-b-e23,33.2025173,-116.1502052,180.0,line-b-e24,33.2026766,-116.1500156,180.0,2026-08-18T18:08:24Z,dipole-dipole,1,7,1.465,546.0,216.527,11.371,0.00446,0.00128,0.00712;0.00683;0.00604;0.00560;0.00506;0.00428;0.00332;0.00259;0.00226;0.00156,
line-b-r01118,line-b,line-b-e21,33.2021985,-116.1505844,180.0,line-b-e22,33.2023579,-116.1503948,180.0,line-b-e23,33.2025173,-116.1502052,180.0,line-b-e24,33.2026766,-116.1500156,180.0,2026-08-18T18:08:36Z,dipole-dipole,1,8,1.986,402.8,198.043,6.548,0.00737,0.00097,0.01195;0.01057;0.00986;0.00918;0.00874;0.00692;0.00556;0.00454;0.00369;0.00238,
line-b-r01119,line-b,line-b-e21,33.2021985,-116.1505844,180.0,line-b-e22,33.2023579,-116.1503948,180.0,line-b-e23,33.2025173,-116.1502052,180.0,line-b-e24,33.2026766,-116.1500156,180.0,2026-08-18T18:08:48Z,dipole-dipole,1,5,1.791,446.7,208.275,6.188,0.00503,0.00103,0.00866;0.00755;0.00717;0.00644;0.00593;0.00474;0.00426;0.00312;0.00235;0.00191,
line-b-r01120,line-b,line-b-e21,33.2021985,-116.1505844,180.0,line-b-e22,33.2023579,-116.1503948,180.0,line-b-e23,33.2025173,-116.1502052,180.0,line-b-e24,33.2026766,-116.1500156,180.0,2026-08-18T18:09:00Z,dipole-dipole,1,4,1.284,623.0,199.525,8.942,0.00484,0.00095,0.00800;0.00700;0.00682;0.00583;0.00582;0.00465;0.00394;0.00300;0.00258;0.00181,
line-b-r01121,line-b,line-b-e21,33.2021985,-116.1505844,180.0,line-b-e22,33.2023579,-116.1503948,180.0,line-b-e23,33.2025173,-116.1502052,180.0,line-b-e24,33.2026766,-116.1500156,180.0,2026-08-18T18:09:12Z,dipole-dipole,1,4,1.279,625.6,204.440,8.310,0.00416,0.00103,0.00638;0.00633;0.00539;0.00499;0.00465;0.00356;0.00324;0.00264;0.00205;0.00132,
line-b-r01122,line-b,line-b-e21,33.2021985,-116.1505844,180.0,line-b-e22,33.2023579,-116.1503948,180.0,line-b-e24,33.2026766,-116.1500156,180.0,line-b-e25,33.2028360,-116.1498260,180.0,2026-08-18T18:09:24Z,dipole-dipole,2,6,1.122,712.8,207.239,7.287,0.00551,0.00117,0.00870;0.00913;0.00879;0.00675;0.00547;0.00554;0.00419;0.00371;0.00283;0.00203,
line-b-r01123,line-b,line-b-e21,33.2021985,-116.1505844,180.0,line-b-e22,33.2023579,-116.1503948,180.0,line-b-e24,33.2026766,-116.1500156,180.0,line-b-e25,33.2028360,-116.1498260,180.0,2026-08-18T18:09:36Z,dipole-dipole,2,4,1.527,523.9,197.495,8.236,0.00593,0.00142,0.01019;0.00882;0.00809;0.00793;0.00651;0.00533;0.00481;0.00367;0.00314;0.00193,
line-b-r01124,line-b,line-b-e21,33.2021985,-116.1505844,180.0,line-b-e22,33.2023579,-116.1503948,180.0,line-b-e24,33.2026766,-116.1500156,180.0,line-b-e25,33.2028360,-116.1498260,180.0,2026-08-18T18:09:48Z,dipole-dipole,2,5,1.057,756.9,200.918,9.196,0.00535,0.00107,0.00901;0.00755;0.00772;0.00701;0.00610;0.00536;0.00447;0.00314;0.00274;0.00167,
line-b-r01125,line-b,line-b-e21,33.2021985,-116.1505844,180.0,line-b-e22,33.2023579,-116.1503948,180.0,line-b-e24,33.2026766,-116.1500156,180.0,line-b-e25,33.2028360,-116.1498260,180.0,2026-08-18T18:10:00Z,dipole-dipole,2,3,1.348,593.5,193.581,8.257,0.00419,0.00095,0.00605;0.00636;0.00551;0.00534;0.00468;0.00413;0.00312;0.00268;0.00215;0.00153,
line-b-r01126,line-b,line-b-e21,33.2021985,-116.1505844,180.0,line-b-e22,33.2023579,-116.1503948,180.0,line-b-e24,33.2026766,-116.1500156,180.0,line-b-e25,33.2028360,-116.1498260,180.0,2026-08-18T18:10:12Z,dipole-dipole,2,7,1.268,630.7,208.505,5.592,0.00380,0.00086,0.00584;0.00571;0.00574;0.00461;0.00437;0.00362;0.00266;0.00246;0.00185;0.00142,
line-b-r01127,line-b,line-b-e21,33.2021985,-116.1505844,180.0,line-b-e22,33.2023579,-116.1503948,180.0,line-b-e24,33.2026766,-116.1500156,180.0,line-b-e25,33.2028360,-116.1498260,180.0,2026-08-18T18:10:24Z,dipole-dipole,2,8,1.202,665.4,205.113,7.727,0.00400,0.00091,0.00622;0.00575;0.00534;0.00460;0.00466;0.00352;0.00300;0.00263;0.00189;0.00133,
line-b-r01128,line-b,line-b-e21,33.2021985,-116.1505844,180.0,line-b-e22,33.2023579,-116.1503948,180.0,line-b-e24,33.2026766,-116.1500156,180.0,line-b-e25,33.2028360,-116.1498260,180.0,2026-08-18T18:10:36Z,dipole-dipole,2,4,1.109,721.6,196.123,7.452,0.00437,0.00085,0.00694;0.00615;0.00577;0.00589;0.00424;0.00387;0.00374;0.00285;0.00221;0.00157,
line-b-r01129,line-b,line-b-e21,33.2021985,-116.1505844,180.0,line-b-e22,33.2023579,-116.1503948,180.0,line-b-e25,33.2028360,-116.1498260,180.0,line-b-e26,33.2029954,-116.1496364,180.0,2026-08-18T18:10:48Z,dipole-dipole,3,5,1.239,645.6,212.015,6.716,0.00518,0.00087,0.00898;0.00787;0.00726;0.00642;0.00517;0.00516;0.00407;0.00318;0.00242;0.00176,
line-b-r01130,line-b,line-b-e21,33.2021985,-116.1505844,180.0,line-b-e22,33.2023579,-116.1503948,180.0,line-b-e25,33.2028360,-116.1498260,180.0,line-b-e26,33.2029954,-116.1496364,180.0,2026-08-18T18:11:00Z,dipole-dipole,3,4,1.355,590.3,193.173,7.403,0.00279,0.00103,0.00425;0.00387;0.00325;0.00348;0.00322;0.00286;0.00224;0.00189;0.00137;0.00091,
line-b-r01131,line-b,line-b-e21,33.2021985,-116.1505844,180.0,line-b-e22,33.2023579,-116.1503948,180.0,line-b-e25,33.2028360,-116.1498260,180.0,line-b-e26,33.2029954,-116.1496364,180.0,2026-08-18T18:11:12Z,dipole-dipole,3,6,1.688,474.0,212.397,7.391,0.00343,0.00094,0.00565;0.00510;0.00458;0.00422;0.00391;0.00339;0.00266;0.00211;0.00169;0.00120,
line-b-r01132,line-b,line-b-e21,33.2021985,-116.1505844,180.0,line-b-e22,33.2023579,-116.1503948,180.0,line-b-e25,33.2028360,-116.1498260,180.0,line-b-e26,33.2029954,-116.1496364,180.0,2026-08-18T18:11:24Z,dipole-dipole,3,8,1.295,618.0,201.595,9.806,0.00414,0.00101,0.00643;0.00686;0.00612;0.00523;0.00505;0.00388;0.00292;0.00250;0.00213;0.00149,
line-b-r01133,line-b,line-b-e21,33.2021985,-116.1505844,180.0,line-b-e22,33.2023579,-116.1503948,180.0,line-b-e25,33.2028360,-116.1498260,180.0,line-b-e26,33.2029954,-116.1496364,180.0,2026-08-18T18:11:36Z,dipole-dipole,3,4,1.374,582.4,212.119,7.956,0.00563,0.00105,0.00922;0.00748;0.00771;0.00743;0.00575;0.00544;0.00477;0.00346;0.00260;0.00197,
line-b-r01134,line-b,line-b-e21,33.2021985,-116.1505844,180.0,line-b-e22,33.2023579,-116.1503948,180.0,line-b-e25,33.2028360,-116.1498260,180.0,line-b-e26,33.2029954,-116.1496364,180.0,2026-08-18T18:11:48Z,dipole-dipole,3,7,1.649,485.2,208.350,7.162,0.00618,0.00103,0.00863;0.00979;0.00883;0.00718;0.00677;0.00622;0.00490;0.00393;0.00319;0.00229,
line-b-r01135,line-b,line-b-e21,33.2021985,-116.1505844,180.0,line-b-e22,33.2023579,-116.1503948,180.0,line-b-e25,33.2028360,-116.1498260,180.0,line-b-e26,33.2029954,-116.1496364,180.0,2026-08-18T18:12:00Z,dipole-dipole,3,7,1.626,492.0,208.124,6.920,0.00558,0.00100,0.00862;0.00841;0.00859;0.00706;0.00653;0.00551;0.00456;0.00367;0.00252;0.00200,
line-b-r01136,line-b,line-b-e21,33.2021985,-116.1505844,180.0,line-b-e22,33.2023579,-116.1503948,180.0,line-b-e26,33.2029954,-116.1496364,180.0,line-b-e27,33.2031548,-116.1494468,180.0,2026-08-18T18:12:12Z,dipole-dipole,4,4,1.396,573.0,209.791,6.562,0.00487,0.00083,0.00780;0.00762;0.00679;0.00671;0.00636;0.00588;0.00400;0.00315;0.00229;0.00171,
line-b-r01137,line-b,line-b-e21,33.2021985,-116.1505844,180.0,line-b-e22,33.2023579,-116.1503948,180.0,line-b-e26,33.2029954,-116.1496364,180.0,line-b-e27,33.2031548,-116.1494468,180.0,2026-08-18T18:12:24Z,dipole-dipole,4,6,1.142,700.4,202.566,7.610,0.00478,0.00101,0.00749;0.00735;0.00682;0.00697;0.00507;0.00405;0.00382;0.00302;0.00226;0.00168,
line-b-r01138,line-b,line-b-e21,33.2021985,-116.1505844,180.0,line-b-e22,33.2023579,-116.1503948,180.0,line-b-e26,33.2029954,-116.1496364,180.0,line-b-e27,33.2031548,-116.1494468,180.0,2026-08-18T18:12:36Z,dipole-dipole,4,5,1.118,715.5,216.950,7.937,0.00393,0.00095,0.00579;0.00609;0.00547;0.00543;0.00447;0.00377;0.00333;0.00252;0.00201;0.00134,
line-b-r01139,line-b,line-b-e21,33.2021985,-116.1505844,180.0,line-b-e22,33.2023579,-116.1503948,180.0,line-b-e26,33.2029954,-116.1496364,180.0,line-b-e27,33.2031548,-116.1494468,180.0,2026-08-18T18:12:48Z,dipole-dipole,4,4,1.579,506.7,192.967,7.705,0.00514,0.00155,0.00788;0.00746;0.00821;0.00583;0.00554;0.00439;0.00366;0.00308;0.00250;0.00167,
line-b-r01140,line-b,line-b-e21,33.2021985,-116.1505844,180.0,line-b-e22,33.2023579,-116.1503948,180.0,line-b-e26,33.2029954,-116.1496364,180.0,line-b-e27,33.2031548,-116.1494468,180.0,2026-08-18T18:13:00Z,dipole-dipole,4,6,1.239,645.5,214.923,6.428,0.00773,0.00101,0.01169;0.01130;0.00964;0.00953;0.00778;0.00685;0.00634;0.00458;0.00410;0.00282,
line-b-r01141,line-b,line-b-e21,33.2021985,-116.1505844,180.0,line-b-e22,33.2023579,-116.1503948,180.0,line-b-e26,33.2029954,-116.1496364,180.0,line-b-e27,33.2031548,-116.1494468,180.0,2026-08-18T18:13:12Z,dipole-dipole,4,7,1.137,703.8,210.396,8.347,0.00270,0.00143,0.00428;0.00395;0.00393;0.00372;0.00291;0.00251;0.00204;0.00175;0.00151;0.00100,
line-b-r01142,line-b,line-b-e21,33.2021985,-116.1505844,180.0,line-b-e22,33.2023579,-116.1503948,180.0,line-b-e26,33.2029954,-116.1496364,180.0,line-b-e27,33.2031548,-116.1494468,180.0,2026-08-18T18:13:24Z,dipole-dipole,4,8,1.121,713.9,205.509,6.588,0.00497,0.00114,0.00779;0.00720;0.00650;0.00647;0.00555;0.00518;0.00403;0.00322;0.00263;0.00189,
line-b-r01143,line-b,line-b-e21,33.2021985,-116.1505844,180.0,line-b-e22,33.2023579,-116.1503948,180.0,line-b-e26,33.2029954,-116.1496364,180.0,line-b-e27,33.2031548,-116.1494468,180.0,2026-08-18T18:13:36Z,dipole-dipole,4,7,1.048,763.1,215.253,6.853,0.00475,0.00114,0.00739;0.00697;0.00697;0.00547;0.00543;0.00483;0.00361;0.00302;0.00224;0.00180,
line-b-r01144,line-b,line-b-e21,33.2021985,-116.1505844,180.0,line-b-e22,33.2023579,-116.1503948,180.0,line-b-e27,33.2031548,-116.1494468,180.0,line-b-e28,33.2033142,-116.1492572,180.0,2026-08-18T18:13:48Z,dipole-dipole,5,8,1.427,560.5,204.116,7.113,0.00592,0.00089,0.01002;0.00805;0.00840;0.00705;0.00689;0.00539;0.00525;0.00408;0.00289;0.00215,
line-b-r01145,line-b,line-b-e21,33.2021985,-116.1505844,180.0,line-b-e22,33.2023579,-116.1503948,180.0,line-b-e27,33.2031548,-116.1494468,180.0,line-b-e28,33.2033142,-116.1492572,180.0,2026-08-18T18:14:00Z,dipole-dipole,5,7,1.169,684.3,211.552,6.387,0.00634,0.00089,0.00970;0.00913;0.00929;0.00757;0.00778;0.00661;0.00480;0.00402;0.00324;0.00227,
line-b-r01146,line-b,line-b-e21,33.2021985,-116.1505844,180.0,line-b-e22,33.2023579,-116.1503948,180.0,line-b-e27,33.2031548,-116.1494468,180.0,line-b-e28,33.2033142,-116.1492572,180.0,2026-08-18T18:14:12Z,dipole-dipole,5,8,1.211,660.5,218.723,9.703,0.00410,0.00117,0.00609;0.00584;0.00529;0.00492;0.00462;0.00436;0.00354;0.00262;0.00186;0.00152,
line-b-r01147,line-b,line-b-e21,33.2021985,-116.1505844,180.0,line-b-e22,33.2023579,-116.1503948,180.0,line-b-e27,33.2031548,-116.1494468,180.0,line-b-e28,33.2033142,-116.1492572,180.0,2026-08-18T18:14:24Z,dipole-dipole,5,7,1.417,564.4,204.786,7.089,0.00417,0.00089,0.00623;0.00612;0.00573;0.00494;0.00473;0.00414;0.00316;0.00254;0.00209;0.00134,
line-b-r01148,line-b,line-b-e21,33.2021985,-116.1505844,180.0,line-b-e22,33.2023579,-116.1503948,180.0,line-b-e27,33.2031548,-116.1494468,180.0,line-b-e28,33.2033142,-116.1492572,180.0,2026-08-18T18:14:36Z,dipole-dipole,5,3,1.080,740.5,207.171,8.660,0.00229,0.00125,0.00371;0.00372;0.00287;0.00293;0.00246;0.00225;0.00174;0.00133;0.00114;0.00084,
line-b-r01149,line-b,line-b-e21,33.2021985,-116.1505844,180.0,line-b-e22,33.2023579,-116.1503948,180.0,line-b-e27,33.2031548,-116.1494468,180.0,line-b-e28,33.2033142,-116.1492572,180.0,2026-08-18T18:14:48Z,dipole-dipole,5,3,1.326,603.4,201.493,7.212,0.00573,0.00121,0.00842;0.00782;0.00720;0.00691;0.00606;0.00574;0.00475;0.00388;0.00275;0.00200,
line-b-r01150,line-b,line-b-e21,33.2021985,-116.1505844,180.0,line-b-e22,33.2023579,-116.1503948,180.0,line-b-e27,33.2031548,-116.1494468,180.0,line-b-e28,33.2033142,-116.1492572,180.0,2026-08-18T18:15:00Z,dipole-dipole,5,8,1.341,596.4,201.898,8.067,0.00558,0.00122,0.00897;0.00814;0.00772;0.00635;0.00620;0.00537;0.00447;0.00316;0.00270;0.00193,
line-b-r01151,line-b,line-b-e21,33.2021985,-116.1505844,180.0,line-b-e22,33.2023579,-116.1503948,180.0,line-b-e27,33.2031548,-116.1494468,180.0,line-b-e28,33.2033142,-116.1492572,180.0,2026-08-18T18:15:12Z,dipole-dipole,5,5,1.214,658.9,210.022,7.183,0.00474,0.00118,0.00698;0.00708;0.00651;0.00577;0.00564;0.00441;0.00346;0.00321;0.00236;0.00157,
line-b-r01152,line-b,line-b-e21,33.2021985,-116.1505844,180.0,line-b-e22,33.2023579,-116.1503948,180.0,line-b-e28,33.2033142,-116.1492572,180.0,line-b-e29,33.2034736,-116.1490676,180.0,2026-08-18T18:15:24Z,dipole-dipole,6,6,1.045,765.2,220.625,9.110,0.00563,0.00083,0.00864;0.00878;0.00777;0.00667;0.00627;0.00504;0.00480;0.00386;0.00251;0.00208,
line-b-r01153,line-b,line-b-e21,33.2021985,-116.1505844,180.0,line-b-e22,33.2023579,-116.1503948,180.0,line-b-e28,33.2033142,-116.1492572,180.0,line-b-e29,33.2034736,-116.1490676,180.0,2026-08-18T18:15:36Z,dipole-dipole,6,5,1.199,667.1,196.666,6.685,0.00262,0.00097,0.00406;0.00378;0.00336;0.00328;0.00293;0.00263;0.00197;0.00164;0.00134;0.00102,
line-b-r01154,line-b,line-b-e21,33.2021985,-116.1505844,180.0,line-b-e22,33.2023579,-116.1503948,180.0,line-b-e28,33.2033142,-116.1492572,180.0,line-b-e29,33.2034736,-116.1490676,180.0,2026-08-18T18:15:48Z,dipole-dipole,6,3,1.375,581.9,196.717,8.121,0.00345,0.00107,0.00528;0.00489;0.00477;0.00432;0.00382;0.00326;0.00272;0.00217;0.00172;0.00111,
line-b-r01155,line-b,line-b-e21,33.2021985,-116.1505844,180.0,line-b-e22,33.2023579,-116.1503948,180.0,line-b-e28,33.2033142,-116.1492572,180.0,line-b-e29,33.2034736,-116.1490676,180.0,2026-08-18T18:16:00Z,dipole-dipole,6,7,1.242,644.3,201.115,7.948,0.00270,0.00086,0.00463;0.00387;0.00416;0.00314;0.00298;0.00270;0.00218;0.00151;0.00141;0.00095,
line-b-r01156,line-b,line-b-e21,33.2021985,-116.1505844,180.0,line-b-e22,33.2023579,-116.1503948,180.0,line-b-e28,33.2033142,-116.1492572,180.0,line-b-e29,33.2034736,-116.1490676,180.0,2026-08-18T18:16:12Z,dipole-dipole,6,4,1.587,504.2,213.954,9.565,0.00307,0.00095,0.00514;0.00453;0.00499;0.00369;0.00353;0.00285;0.00274;0.00204;0.00156;0.00120,
line-b-r01157,line-b,line-b-e21,33.2021985,-116.1505844,180.0,line-b-e22,33.2023579,-116.1503948,180.0,line-b-e28,33.2033142,-116.1492572,180.0,line-b-e29,33.2034736,-116.1490676,180.0,2026-08-18T18:16:24Z,dipole-dipole,6,3,1.338,597.8,203.456,9.140,0.00245,0.00120,0.00407;0.00350;0.00336;0.00289;0.00253;0.00229;0.00195;0.00147;0.00142;0.00092,
line-b-r01158,line-b,line-b-e21,33.2021985,-116.1505844,180.0,line-b-e22,33.2023579,-116.1503948,180.0,line-b-e28,33.2033142,-116.1492572,180.0,line-b-e29,33.2034736,-116.1490676,180.0,2026-08-18T18:16:36Z,dipole-dipole,6,4,1.093,731.9,198.000,9.501,0.00222,0.00107,0.00357;0.00316;0.00316;0.00253;0.00244;0.00222;0.00192;0.00142;0.00106;0.00075,
line-b-r01159,line-b,line-b-e21,33.2021985,-116.1505844,180.0,line-b-e22,33.2023579,-116.1503948,180.0,line-b-e28,33.2033142,-116.1492572,180.0,line-b-e29,33.2034736,-116.1490676,180.0,2026-08-18T18:16:48Z,dipole-dipole,6,8,1.401,571.1,206.691,5.903,0.00404,0.00130,0.00593;0.00590;0.00604;0.00503;0.00511;0.00404;0.00329;0.00267;0.00193;0.00132,
line-b-r01160,line-b,line-b-e21,33.2021985,-116.1505844,180.0,line-b-e22,33.2023579,-116.1503948,180.0,line-b-e29,33.2034736,-116.1490676,180.0,line-b-e30,33.2036330,-116.1488780,180.0,2026-08-18T18:17:00Z,dipole-dipole,7,6,1.439,555.9,204.476,6.167,0.00324,0.00102,0.00552;0.00468;0.00477;0.00380;0.00363;0.00322;0.00258;0.00206;0.00168;0.00118,
line-b-r01161,line-b,line-b-e21,33.2021985,-116.1505844,180.0,line-b-e22,33.2023579,-116.1503948,180.0,line-b-e29,33.2034736,-116.1490676,180.0,line-b-e30,33.2036330,-116.1488780,180.0,2026-08-18T18:17:12Z,dipole-dipole,7,6,1.156,692.2,191.875,8.877,0.00471,0.00094,0.00787;0.00714;0.00657;0.00596;0.00540;0.00454;0.00330;0.00284;0.00242;0.00169,
line-b-r01162,line-b,line-b-e21,33.2021985,-116.1505844,180.0,line-b-e22,33.2023579,-116.1503948,180.0,line-b-e29,33.2034736,-116.1490676,180.0,line-b-e30,33.2036330,-116.1488780,180.0,2026-08-18T18:17:24Z,dipole-dipole,7,5,1.216,657.8,222.900,6.890,0.00407,0.00112,0.00618;0.00597;0.00615;0.00486;0.00472;0.00386;0.00352;0.00254;0.00211;0.00149,
line-b-r01163,line-b,line-b-e21,33.2021985,-116.1505844,180.0,line-b-e22,33.2023579,-116.1503948,180.0,line-b-e29,33.2034736,-116.1490676,180.0,line-b-e30,33.2036330,-116.1488780,180.0,2026-08-18T18:17:36Z,dipole-dipole,7,8,1.327,603.0,201.241,8.056,0.00247,0.00115,0.00418;0.00346;0.00325;0.00344;0.00279;0.00251;0.00182;0.00174;0.00112;0.00085,
line-b-r01164,line-b,line-b-e21,33.2021985,-116.1505844,180.0,line-b-e22,33.2023579,-116.1503948,180.0,line-b-e29,33.2034736,-116.1490676,180.0,line-b-e30,33.2036330,-116.1488780,180.0,2026-08-18T18:17:48Z,dipole-dipole,7,8,0.973,822.5,201.228,7.922,0.00262,0.00076,0.00423;0.00382;0.00358;0.00336;0.00292;0.00264;0.00220;0.00152;0.00126;0.00090,
line-b-r01165,line-b,line-b-e21,33.2021985,-116.1505844,180.0,line-b-e22,33.2023579,-116.1503948,180.0,line-b-e29,33.2034736,-116.1490676,180.0,line-b-e30,33.2036330,-116.1488780,180.0,2026-08-18T18:18:00Z,dipole-dipole,7,6,1.463,546.9,201.130,7.837,0.00238,0.00093,0.00344;0.00367;0.00302;0.00340;0.00252;0.00226;0.00199;0.00145;0.00120;0.00085,
line-b-r01166,line-b,line-b-e22,33.2023579,-116.1503948,180.0,line-b-e23,33.2025173,-116.1502052,180.0,line-b-e24,33.2026766,-116.1500156,180.0,line-b-e25,33.2028360,-116.1498260,180.0,2026-08-18T18:18:12Z,dipole-dipole,1,5,0.787,1016.1,214.662,6.990,0.00440,0.00107,0.00714;0.00619;0.00611;0.00548;0.00448;0.00383;0.00359;0.00266;0.00230;0.00148,
line-b-r01167,line-b,line-b-e22,33.2023579,-116.1503948,180.0,line-b-e23,33.2025173,-116.1502052,180.0,line-b-e24,33.2026766,-116.1500156,180.0,line-b-e25,33.2028360,-116.1498260,180.0,2026-08-18T18:18:24Z,dipole-dipole,1,7,0.998,801.2,207.881,8.059,0.00652,0.00110,0.01014;0.00978;0.00920;0.00819;0.00744;0.00576;0.00506;0.00436;0.00306;0.00222,
line-b-r01168,line-b,line-b-e22,33.2023579,-116.1503948,180.0,line-b-e23,33.2025173,-116.1502052,180.0,line-b-e24,33.2026766,-116.1500156,180.0,line-b-e25,33.2028360,-116.1498260,180.0,2026-08-18T18:18:36Z,dipole-dipole,1,4,1.130,708.2,199.530,9.300,0.00515,0.00105,0.00193;0.00294;0.00329;0.00389;0.00473;0.00572;0.00591;0.00689;0.00837;0.00857,
line-b-r01169,line-b,line-b-e22,33.2023579,-116.1503948,180.0,line-b-e23,33.2025173,-116.1502052,180.0,line-b-e24,33.2026766,-116.1500156,180.0,line-b-e25,33.2028360,-116.1498260,180.0,2026-08-18T18:18:48Z,dipole-dipole,1,3,1.078,742.3,215.545,6.463,0.00582,0.00099,0.00937;0.00928;0.00745;0.00761;0.00658;0.00593;0.00441;0.00365;0.00311;0.00207,
line-b-r01170,line-b,line-b-e22,33.2023579,-116.1503948,180.0,line-b-e23,33.2025173,-116.1502052,180.0,line-b-e24,33.2026766,-116.1500156,180.0,line-b-e25,33.2028360,-116.1498260,180.0,2026-08-18T18:19:00Z,dipole-dipole,1,5,1.095,730.7,198.715,7.736,0.00566,0.00101,0.00987;0.00803;0.00791;0.00715;0.00670;0.00534;0.00477;0.00410;0.00280;0.00189,
line-b-r01171,line-b,line-b-e22,33.2023579,-116.1503948,180.0,line-b-e23,33.2025173,-116.1502052,180.0,line-b-e24,33.2026766,-116.1500156,180.0,line-b-e25,33.2028360,-116.1498260,180.0,2026-08-18T18:19:12Z,dipole-dipole,1,3,0.936,855.0,206.882,8.992,0.00524,0.00090,0.00813;0.00730;0.00730;0.00616;0.00590;0.00475;0.00434;0.00307;0.00274;0.00184,
line-b-r01172,line-b,line-b-e22,33.2023579,-116.1503948,180.0,line-b-e23,33.2025173,-116.1502052,180.0,line-b-e25,33.2028360,-116.1498260,180.0,line-b-e26,33.2029954,-116.1496364,180.0,2026-08-18T18:19:24Z,dipole-dipole,2,7,0.921,868.7,199.298,6.092,0.00608,0.00096,0.00908;0.00908;0.00871;0.00697;0.00607;0.00570;0.00466;0.00389;0.00300;0.00199,
line-b-r01173,line-b,line-b-e22,33.2023579,-116.1503948,180.0,line-b-e23,33.2025173,-116.1502052,180.0,line-b-e25,33.2028360,-116.1498260,180.0,line-b-e26,33.2029954,-116.1496364,180.0,2026-08-18T18:19:36Z,dipole-dipole,2,5,0.953,839.4,195.624,8.081,0.00492,0.00116,0.00831;0.00773;0.00628;0.00599;0.00557;0.00454;0.00417;0.00297;0.00261;0.00172,
line-b-r01174,line-b,line-b-e22,33.2023579,-116.1503948,180.0,line-b-e23,33.2025173,-116.1502052,180.0,line-b-e25,33.2028360,-116.1498260,180.0,line-b-e26,33.2029954,-116.1496364,180.0,2026-08-18T18:19:48Z,dipole-dipole,2,6,1.200,666.6,195.017,8.521,0.00372,0.00118,0.00551;0.00526;0.00499;0.00494;0.00413;0.00324;0.00303;0.00275;0.00189;0.00130,
line-b-r01175,line-b,line-b-e22,33.2023579,-116.1503948,180.0,line-b-e23,33.2025173,-116.1502052,180.0,line-b-e25,33.2028360,-116.1498260,180.0,line-b-e26,33.2029954,-116.1496364,180.0,2026-08-18T18:20:00Z,dipole-dipole,2,3,0.964,830.0,195.363,7.103,0.00526,0.00109,0.00920;0.00791;0.00762;0.00596;0.00577;0.00546;0.00398;0.00354;0.00264;0.00188,
line-b-r01176,line-b,line-b-e22,33.2023579,-116.1503948,180.0,line-b-e23,33.2025173,-116.1502052,180.0,line-b-e25,33.2028360,-116.1498260,180.0,line-b-e26,33.2029954,-116.1496364,180.0,2026-08-18T18:20:12Z,dipole-dipole,2,3,0.894,894.9,192.725,7.619,0.00502,0.00126,0.00778;0.00733;0.00672;0.00636;0.00539;0.00502;0.00371;0.00310;0.00233;0.00179,
line-b-r01177,line-b,line-b-e22,33.2023579,-116.1503948,180.0,line-b-e23,33.2025173,-116.1502052,180.0,line-b-e25,33.2028360,-116.1498260,180.0,line-b-e26,33.2029954,-116.1496364,180.0,2026-08-18T18:20:24Z,dipole-dipole,2,8,1.095,730.7,196.381,6.976,0.00517,0.00123,0.00870;0.00735;0.00652;0.00569;0.00610;0.00439;0.00438;0.00323;0.00250;0.00205,
line-b-r01178,line-b,line-b-e22,33.2023579,-116.1503948,180.0,line-b-e23,33.2025173,-116.1502052,180.0,line-b-e25,33.2028360,-116.1498260,180.0,line-b-e26,33.2029954,-116.1496364,180.0,2026-08-18T18:20:36Z,dipole-dipole,2,8,1.031,775.8,198.981,7.768,0.00452,0.00110,0.00732;0.00722;0.00621;0.00534;0.00559;0.00417;0.00350;0.00274;0.00216;0.00153,
line-b-r01179,line-b,line-b-e22,33.2023579,-116.1503948,180.0,line-b-e23,33.2025173,-116.1502052,180.0,line-b-e26,33.2029954,-116.1496364,180.0,line-b-e27,33.2031548,-116.1494468,180.0,2026-08-18T18:20:48Z,dipole-dipole,3,5,1.297,616.7,193.111,8.897,0.00690,0.00089,0.01142;0.01008;0.00989;0.00804;0.00712;0.00662;0.00531;0.00412;0.00334;0.00240,
line-b-r01180,line-b,line-b-e22,33.2023579,-116.1503948,180.0,line-b-e23,33.2025173,-116.1502052,180.0,line-b-e26,33.2029954,-116.1496364,180.0,line-b-e27,33.2031548,-116.1494468,180.0,2026-08-18T18:21:00Z,dipole-dipole,3,5,0.908,881.1,197.844,8.212,0.00527,0.00112,0.00898;0.00805;0.00702;0.00679;0.00599;0.00536;0.00425;0.00348;0.00246;0.00167,
line-b-r01181,line-b,line-b-e22,33.2023579,-116.1503948,180.0,line-b-e23,33.2025173,-116.1502052,180.0,line-b-e26,33.2029954,-116.1496364,180.0,line-b-e27,33.2031548,-116.1494468,180.0,2026-08-18T18:21:12Z,dipole-dipole,3,3,0.943,848.7,190.233,7.791,0.00308,0.00096,0.00483;0.00524;0.00424;0.00417;0.00355;0.00282;0.00209;0.00193;0.00161;0.00099,
line-b-r01182,line-b,line-b-e22,33.2023579,-116.1503948,180.0,line-b-e23,33.2025173,-116.1502052,180.0,line-b-e26,33.2029954,-116.1496364,180.0,line-b-e27,33.2031548,-116.1494468,180.0,2026-08-18T18:21:24Z,dipole-dipole,3,5,1.000,800.0,190.878,8.293,0.00512,0.00080,0.00887;0.00750;0.00648;0.00628;0.00527;0.00465;0.00407;0.00337;0.00257;0.00195,
line-b-r01183,line-b,line-b-e22,33.2023579,-116.1503948,180.0,line-b-e23,33.2025173,-116.1502052,180.0,line-b-e26,33.2029954,-116.1496364,180.0,line-b-e27,33.2031548,-116.1494468,180.0,2026-08-18T18:21:36Z,dipole-dipole,3,6,0.921,868.6,203.670,8.267,0.00423,0.00107,0.00676;0.00628;0.00560;0.00524;0.00442;0.00450;0.00355;0.00265;0.00207;0.00145,
line-b-r01184,line-b,line-b-e22,33.2023579,-116.1503948,180.0,line-b-e23,33.2025173,-116.1502052,180.0,line-b-e26,33.2029954,-116.1496364,180.0,line-b-e27,33.2031548,-116.1494468,180.0,2026-08-18T18:21:48Z,dipole-dipole,3,3,1.202,665.3,198.969,6.836,0.00605,0.00090,0.00952;0.00866;0.00780;0.00751;0.00717;0.00598;0.00466;0.00405;0.00338;0.00213,
line-b-r01185,line-b,line-b-e22,33.2023579,-116.1503948,180.0,line-b-e23,33.2025173,-116.1502052,180.0,line-b-e26,33.2029954,-116.1496364,180.0,line-b-e27,33.2031548,-116.1494468,180.0,2026-08-18T18:22:00Z,dipole-dipole,3,6,0.602,1329.1,204.654,8.741,0.00563,0.00089,0.00837;0.00830;0.00750;0.00720;0.00592;0.00500;0.00482;0.00316;0.00259;0.00187,
line-b-r01186,line-b,line-b-e22,33.2023579,-116.1503948,180.0,line-b-e23,33.2025173,-116.1502052,180.0,line-b-e27,33.2031548,-116.1494468,180.0,line-b-e28,33.2033142,-116.1492572,180.0,2026-08-18T18:22:12Z,dipole-dipole,4,7,1.230,650.4,206.014,7.209,0.00350,0.00088,0.00622;0.00518;0.00477;0.00420;0.00388;0.00340;0.00296;0.00240;0.00174;0.00122,
line-b-r01187,line-b,line-b-e22,33.2023579,-116.1503948,180.0,line-b-e23,33.2025173,-116.1502052,180.0,line-b-e27,33.2031548,-116.1494468,180.0,line-b-e28,33.2033142,-116.1492572,180.0,2026-08-18T18:22:24Z,dipole-dipole,4,3,0.965,828.6,195.805,8.302,0.00378,0.00643,0.00653;0.00580;0.00560;0.00500;0.00406;0.00378;0.00330;0.00256;0.00194;0.00129,
line-b-r01188,line-b,line-b-e22,33.2023579,-116.1503948,180.0,line-b-e23,33.2025173,-116.1502052,180.0,line-b-e27,33.2031548,-116.1494468,180.0,line-b-e28,33.2033142,-116.1492572,180.0,2026-08-18T18:22:36Z,dipole-dipole,4,3,1.027,778.7,206.190,8.117,0.00637,0.00081,0.00943;0.00876;0.00876;0.00790;0.00713;0.00629;0.00562;0.00459;0.00294;0.00226,
line-b-r01189,line-b,line-b-e22,33.2023579,-116.1503948,180.0,line-b-e23,33.2025173,-116.1502052,180.0,line-b-e27,33.2031548,-116.1494468,180.0,line-b-e28,33.2033142,-116.1492572,180.0,2026-08-18T18:22:48Z,dipole-dipole,4,8,1.315,608.2,206.494,7.901,0.00362,0.00124,0.00600;0.00545;0.00466;0.00440;0.00391;0.00353;0.00283;0.00245;0.00170;0.00137,
line-b-r01190,line-b,line-b-e22,33.2023579,-116.1503948,180.0,line-b-e23,33.2025173,-116.1502052,180.0,line-b-e27,33.2031548,-116.1494468,180.0,line-b-e28,33.2033142,-116.1492572,180.0,2026-08-18T18:23:00Z,dipole-dipole,4,5,1.192,671.2,203.737,6.420,0.00521,0.00092,0.00815;0.00695;0.00689;0.00611;0.00590;0.00482;0.00366;0.00368;0.00234;0.00162,
line-b-r01191,line-b,line-b-e22,33.2023579,-116.1503948,180.0,line-b-e23,33.2025173,-116.1502052,180.0,line-b-e27,33.2031548,-116.1494468,180.0,line-b-e28,33.2033142,-116.1492572,180.0,2026-08-18T18:23:12Z,dipole-dipole,4,4,1.765,453.2,189.056,10.352,0.00390,0.00079,0.00588;0.00604;0.00550;0.00493;0.00459;0.00360;0.00295;0.00235;0.00210;0.00148,
line-b-r01192,line-b,line-b-e22,33.2023579,-116.1503948,180.0,line-b-e23,33.2025173,-116.1502052,180.0,line-b-e27,33.2031548,-116.1494468,180.0,line-b-e28,33.2033142,-116.1492572,180.0,2026-08-18T18:23:24Z,dipole-dipole,4,4,0.910,879.5,200.958,6.445,0.00722,0.00107,0.01067;0.01207;0.00941;0.00936;0.00756;0.00730;0.00660;0.00444;0.00362;0.00259,
line-b-r01193,line-b,line-b-e22,33.2023579,-116.1503948,180.0,line-b-e23,33.2025173,-116.1502052,180.0,line-b-e27,33.2031548,-116.1494468,180.0,line-b-e28,33.2033142,-116.1492572,180.0,2026-08-18T18:23:36Z,dipole-dipole,4,8,0.898,891.3,203.159,7.452,0.00547,0.00109,0.00865;0.00802;0.00871;0.00679;0.00639;0.00561;0.00422;0.00358;0.00240;0.00225,
line-b-r01194,line-b,line-b-e22,33.2023579,-116.1503948,180.0,line-b-e23,33.2025173,-116.1502052,180.0,line-b-e28,33.2033142,-116.1492572,180.0,line-b-e29,33.2034736,-116.1490676,180.0,2026-08-18T18:23:48Z,dipole-dipole,5,5,1.109,721.3,219.684,6.154,0.00541,0.00071,0.00854;0.00790;0.00772;0.00741;0.00592;0.00475;0.00436;0.00322;0.00271;0.00187,
line-b-r01195,line-b,line-b-e22,33.2023579,-116.1503948,180.0,line-b-e23,33.2025173,-116.1502052,180.0,line-b-e28,33.2033142,-116.1492572,180.0,line-b-e29,33.2034736,-116.1490676,180.0,2026-08-18T18:24:00Z,dipole-dipole,5,5,1.000,800.1,216.573,10.910,0.00388,0.00112,0.00576;0.00653;0.00505;0.00493;0.00404;0.00390;0.00312;0.00235;0.00178;0.00119,
line-b-r01196,line-b,line-b-e22,33.2023579,-116.1503948,180.0,line-b-e23,33.2025173,-116.1502052,180.0,line-b-e28,33.2033142,-116.1492572,180.0,line-b-e29,33.2034736,-116.1490676,180.0,2026-08-18T18:24:12Z,dipole-dipole,5,6,1.106,723.1,205.586,7.963,0.00256,0.00104,0.00419;0.00394;0.00303;0.00320;0.00276;0.00247;0.00196;0.00155;0.00114;0.00091,
line-b-r01197,line-b,line-b-e22,33.2023579,-116.1503948,180.0,line-b-e23,33.2025173,-116.1502052,180.0,line-b-e28,33.2033142,-116.1492572,180.0,line-b-e29,33.2034736,-116.1490676,180.0,2026-08-18T18:24:24Z,dipole-dipole,5,6,1.215,658.4,194.346,6.877,0.00430,0.00094,0.00598;0.00621;0.00643;0.00558;0.00458;0.00407;0.00324;0.00297;0.00201;0.00163,
line-b-r01198,line-b,line-b-e22,33.2023579,-116.1503948,180.0,line-b-e23,33.2025173,-116.1502052,180.0,line-b-e28,33.2033142,-116.1492572,180.0,line-b-e29,33.2034736,-116.1490676,180.0,2026-08-18T18:24:36Z,dipole-dipole,5,5,0.991,807.4,206.024,7.166,0.00467,0.00098,0.00831;0.00668;0.00641;0.00550;0.00509;0.00404;0.00345;0.00350;0.00230;0.00167,
line-b-r01199,line-b,line-b-e22,33.2023579,-116.1503948,180.0,line-b-e23,33.2025173,-116.1502052,180.0,line-b-e28,33.2033142,-116.1492572,180.0,line-b-e29,33.2034736,-116.1490676,180.0,2026-08-18T18:24:48Z,dipole-dipole,5,3,0.986,811.3,199.251,8.744,0.00431,0.00094,0.00691;0.00685;0.00559;0.00532;0.00463;0.00439;0.00355;0.00272;0.00212;0.00152,
line-b-r01200,line-b,line-b-e22,33.2023579,-116.1503948,180.0,line-b-e23,33.2025173,-116.1502052,180.0,line-b-e28,33.2033142,-116.1492572,180.0,line-b-e29,33.2034736,-116.1490676,180.0,2026-08-18T18:25:00Z,dipole-dipole,5,8,1.137,703.4,215.813,7.359,0.00421,0.00125,0.00653;0.00628;0.00588;0.00490;0.00541;0.00397;0.00350;0.00288;0.00215;0.00146,
line-b-r01201,line-b,line-b-e22,33.2023579,-116.1503948,180.0,line-b-e23,33.2025173,-116.1502052,180.0,line-b-e28,33.2033142,-116.1492572,180.0,line-b-e29,33.2034736,-116.1490676,180.0,2026-08-18T18:25:12Z,dipole-dipole,5,4,1.491,536.5,206.493,7.642,0.00713,0.00083,0.01231;0.01133;0.01001;0.00989;0.00748;0.00731;0.00540;0.00457;0.00342;0.00227,
line-b-r01202,line-b,line-b-e22,33.2023579,-116.1503948,180.0,line-b-e23,33.2025173,-116.1502052,180.0,line-b-e29,33.2034736,-116.1490676,180.0,line-b-e30,33.2036330,-116.1488780,180.0,2026-08-18T18:25:24Z,dipole-dipole,6,3,1.144,699.2,215.044,9.055,0.00552,0.00105,0.00856;0.00794;0.00755;0.00679;0.00671;0.00505;0.00443;0.00338;0.00277;0.00199,
line-b-r01203,line-b,line-b-e22,33.2023579,-116.1503948,180.0,line-b-e23,33.2025173,-116.1502052,180.0,line-b-e29,33.2034736,-116.1490676,180.0,line-b-e30,33.2036330,-116.1488780,180.0,2026-08-18T18:25:36Z,dipole-dipole,6,4,1.065,751.2,204.670,6.740,0.00506,0.00091,0.00827;0.00755;0.00646;0.00605;0.00548;0.00501;0.00381;0.00340;0.00246;0.00176,
line-b-r01204,line-b,line-b-e22,33.2023579,-116.1503948,180.0,line-b-e23,33.2025173,-116.1502052,180.0,line-b-e29,33.2034736,-116.1490676,180.0,line-b-e30,33.2036330,-116.1488780,180.0,2026-08-18T18:25:48Z,dipole-dipole,6,8,0.976,819.8,215.973,9.390,0.00499,0.00094,0.00830;0.00695;0.00640;0.00633;0.00545;0.00461;0.00420;0.00296;0.00264;0.00205,
line-b-r01205,line-b,line-b-e22,33.2023579,-116.1503948,180.0,line-b-e23,33.2025173,-116.1502052,180.0,line-b-e29,33.2034736,-116.1490676,180.0,line-b-e30,33.2036330,-116.1488780,180.0,2026-08-18T18:26:00Z,dipole-dipole,6,8,1.042,767.7,200.297,7.255,0.00365,0.00096,0.00589;0.00490;0.00489;0.00536;0.00428;0.00357;0.00278;0.00215;0.00175;0.00123,
line-b-r01206,line-b,line-b-e22,33.2023579,-116.1503948,180.0,line-b-e23,33.2025173,-116.1502052,180.0,line-b-e29,33.2034736,-116.1490676,180.0,line-b-e30,33.2036330,-116.1488780,180.0,2026-08-18T18:26:12Z,dipole-dipole,6,5,1.084,738.1,192.964,8.274,0.00323,0.00106,0.00456;0.00431;0.00476;0.00405;0.00338;0.00291;0.00246;0.00206;0.00159;0.00115,
line-b-r01207,line-b,line-b-e22,33.2023579,-116.1503948,180.0,line-b-e23,33.2025173,-116.1502052,180.0,line-b-e29,33.2034736,-116.1490676,180.0,line-b-e30,33.2036330,-116.1488780,180.0,2026-08-18T18:26:24Z,dipole-dipole,6,5,1.080,740.7,198.502,8.400,0.00049,0.00127,0.00083;0.00070;0.00068;0.00062;0.00058;0.00046;0.00040;0.00033;0.00027;0.00016,
line-b-r01208,line-b,line-b-e22,33.2023579,-116.1503948,180.0,line-b-e23,33.2025173,-116.1502052,180.0,line-b-e29,33.2034736,-116.1490676,180.0,line-b-e30,33.2036330,-116.1488780,180.0,2026-08-18T18:26:36Z,dipole-dipole,6,8,0.959,834.6,209.905,7.099,0.00424,0.00097,0.00675;0.00627;0.00600;0.00490;0.00460;0.00413;0.00304;0.00272;0.00213;0.00143,
line-b-r01209,line-b,line-b-e23,33.2025173,-116.1502052,180.0,line-b-e24,33.2026766,-116.1500156,180.0,line-b-e25,33.2028360,-116.1498260,180.0,line-b-e26,33.2029954,-116.1496364,180.0,2026-08-18T18:26:48Z,dipole-dipole,1,7,1.065,751.4,205.263,9.009,0.00377,0.00074,0.00614;0.00598;0.00516;0.00446;0.00436;0.00362;0.00284;0.00255;0.00180;0.00129,
line-b-r01210,line-b,line-b-e23,33.2025173,-116.1502052,180.0,line-b-e24,33.2026766,-116.1500156,180.0,line-b-e25,,,,line-b-e26,33.2029954,-116.1496364,180.0,2026-08-18T18:27:00Z,dipole-dipole,1,5,1.186,674.3,199.681,8.367,0.00540,0.00089,0.00853;0.00820;0.00804;0.00618;0.00614;0.00493;0.00432;0.00383;0.00266;0.00184,
line-b-r01211,line-b,line-b-e23,33.2025173,-116.1502052,180.0,line-b-e24,33.2026766,-116.1500156,180.0,line-b-e25,33.2028360,-116.1498260,180.0,line-b-e26,33.2029954,-116.1496364,180.0,2026-08-18T18:27:12Z,dipole-dipole,1,7,1.477,541.6,224.649,5.068,0.00522,0.00076,0.00864;0.00812;0.00693;0.00668;0.00574;0.00501;0.00414;0.00293;0.00260;0.00171,
line-b-r01212,line-b,line-b-e23,33.2025173,-116.1502052,180.0,line-b-e24,33.2026766,-116.1500156,180.0,line-b-e25,33.2028360,-116.1498260,180.0,line-b-e26,33.2029954,-116.1496364,180.0,2026-08-18T18:27:24Z,dipole-dipole,1,5,1.221,655.0,206.617,340.297,0.00459,0.00090,0.00759;0.00730;0.00653;0.00627;0.00475;0.00420;0.00368;0.00304;0.00258;0.00165,
line-b-r01213,line-b,line-b-e23,33.2025173,-116.1502052,180.0,line-b-e24,33.2026766,-116.1500156,180.0,line-b-e25,33.2028360,-116.1498260,180.0,line-b-e26,33.2029954,-116.1496364,180.0,2026-08-18T18:27:36Z,dipole-dipole,1,4,0.961,832.5,204.859,7.885,0.00543,0.00096,0.00868;0.00757;0.00723;0.00690;0.00640;0.00494;0.00430;0.00329;0.00241;0.00186,
line-b-r01214,line-b,line-b-e23,33.2025173,-116.1502052,180.0,line-b-e24,33.2026766,-116.1500156,180.0,line-b-e25,33.2028360,-116.1498260,180.0,line-b-e26,33.2029954,-116.1496364,180.0,2026-08-18T18:27:48Z,dipole-dipole,1,3,0.847,944.2,204.241,8.633,0.00332,0.00102,0.00501;0.00511;0.00433;0.00359;0.00392;0.00300;0.00271;0.00211;0.00162;0.00108,
line-b-r01215,line-b,line-b-e23,33.2025173,-116.1502052,180.0,line-b-e24,33.2026766,-116.1500156,180.0,line-b-e25,33.2028360,-116.1498260,180.0,line-b-e26,33.2029954,-116.1496364,180.0,2026-08-18T18:28:00Z,dipole-dipole,1,5,0.907,882.3,206.195,8.235,0.00489,0.00110,0.00865;0.00673;0.00641;0.00580;0.00471;0.00464;0.00409;0.00325;0.00244;0.00173,
line-b-r01216,line-b,line-b-e23,33.2025173,-116.1502052,180.0,line-b-e24,33.2026766,-116.1500156,180.0,line-b-e26,33.2029954,-116.1496364,180.0,line-b-e27,33.2031548,-116.1494468,180.0,2026-08-18T18:28:12Z,dipole-dipole,2,8,1.099,727.7,187.272,295.510,0.00385,0.00099,0.00606;0.00586;0.00490;0.00491;0.00422;0.00358;0.00304;0.00239;0.00184;0.00144,
line-b-r01217,line-b,line-b-e23,33.2025173,-116.1502052,180.0,line-b-e24,33.2026766,-116.1500156,180.0,line-b-e26,33.2029954,-116.1496364,180.0,line-b-e27,33.2031548,-116.1494468,180.0,2026-08-18T18:28:24Z,dipole-dipole,2,3,1.027,778.9,203.148,6.947,0.00359,0.00111,0.00561;0.00573;0.00552;0.00457;0.00378;0.00306;0.00288;0.00239;0.00181;0.00129,
line-b-r01218,line-b,line-b-e23,33.2025173,-116.1502052,180.0,line-b-e24,33.2026766,-116.1500156,180.0,line-b-e26,33.2029954,-116.1496364,180.0,line-b-e27,33.2031548,-116.1494468,180.0,2026-08-18T18:28:36Z,dipole-dipole,2,7,0.824,970.9,200.225,7.015,0.00455,0.00125,0.00710;0.00647;0.00612;0.00580;0.00502;0.00435;0.00367;0.00294;0.00229;0.00165,
line-b-r01219,line-b,line-b-e23,33.2025173,-116.1502052,180.0,line-b-e24,33.2026766,-116.1500156,180.0,line-b-e26,33.2029954,-116.1496364,180.0,line-b-e27,33.2031548,-116.1494468,180.0,2026-08-18T18:28:48Z,dipole-dipole,2,4,1.093,732.3,206.988,6.846,0.00453,0.00103,0.00777;0.00563;0.00674;0.00614;0.00458;0.00442;0.00360;0.00289;0.00232;0.00144,
line-b-r01220,line-b,line-b-e23,33.2025173,-116.1502052,180.0,line-b-e24,33.2026766,-116.1500156,180.0,line-b-e26,33.2029954,-116.1496364,180.0,line-b-e27,33.2031548,-116.1494468,180.0,2026-08-18T18:29:00Z,dipole-dipole,2,7,1.249,640.7,210.028,6.516,0.00487,0.00100,0.00787;0.00810;0.00642;0.00616;0.00548;0.00429;0.00348;0.00314;0.00249;0.00178,
line-b-r01221,line-b,line-b-e23,33.2025173,-116.1502052,180.0,line-b-e24,33.2026766,-116.1500156,180.0,line-b-e26,33.2029954,-116.1496364,180.0,line-b-e27,33.2031548,-116.1494468,180.0,2026-08-18T18:29:12Z,dipole-dipole,2,4,1.186,674.8,204.026,7.907,0.00610,0.00086,0.00905;0.00943;0.00836;0.00793;0.00707;0.00546;0.00505;0.00372;0.00304;0.00225,
line-b-r01222,line-b,line-b-e23,33.2025173,-116.1502052,180.0,line-b-e24,33.2026766,-116.1500156,180.0,line-b-e26,33.2029954,-116.1496364,180.0,line-b-e27,33.2031548,-116.1494468,180.0,2026-08-18T18:29:24Z,dipole-dipole,2,3,0.960,832.9,202.273,7.067,0.00345,0.00108,0.00579;0.00500;0.00436;0.00438;0.00430;0.00305;0.00243;0.00218;0.00199;0.00125,
line-b-r01223,line-b,line-b-e23,33.2025173,-116.1502052,180.0,line-b-e24,33.2026766,-116.1500156,180.0,line-b-e27,33.2031548,-116.1494468,180.0,line-b-e28,33.2033142,-116.1492572,180.0,2026-08-18T18:29:36Z,dipole-dipole,3,5,0.731,1095.1,197.562,6.763,0.00343,0.00108,0.00584;0.00521;0.00512;0.00458;0.00351;0.00313;0.00289;0.00218;0.00173;0.00121,
line-b-r01224,line-b,line-b-e23,33.2025173,-116.1502052,180.0,line-b-e24,33.2026766,-116.1500156,180.0,line-b-e27,33.2031548,-116.1494468,180.0,line-b-e28,33.2033142,-116.1492572,180.0,2026-08-18T18:29:48Z,dipole-dipole,3,6,1.113,718.5,205.969,6.752,0.00359,0.00094,0.00562;0.00517;0.00485;0.00428;0.00400;0.00338;0.00273;0.00216;0.00181;0.00122,
line-b-r01225,line-b,line-b-e23,33.2025173,-116.1502052,180.0,line-b-e24,33.2026766,-116.1500156,180.0,line-b-e27,33.2031548,-116.1494468,180.0,line-b-e28,33.2033142,-116.1492572,180.0,2026-08-18T18:30:00Z,dipole-dipole,3,8,0.950,842.2,199.063,8.071,0.00435,0.00127,0.00761;0.00612;0.00569;0.00522;0.00469;0.00400;0.00349;0.00260;0.00238;0.00155,
line-b-r01226,line-b,line-b-e23,33.2025173,-116.1502052,180.0,line-b-e24,33.2026766,-116.1500156,180.0,line-b-e27,33.2031548,-116.1494468,180.0,line-b-e28,33.2033142,-116.1492572,180.0,2026-08-18T18:30:12Z,dipole-dipole,3,5,0.978,817.6,191.345,6.960,0.00665,0.00077,0.01190;0.00925;0.00929;0.00842;0.00737;0.00637;0.00538;0.00472;0.00335;0.00233,
line-b-r01227,line-b,line-b-e23,33.2025173,-116.1502052,180.0,line-b-e24,33.2026766,-116.1500156,180.0,line-b-e27,33.2031548,-116.1494468,180.0,line-b-e28,33.2033142,-116.1492572,180.0,2026-08-18T18:30:24Z,dipole-dipole,3,5,0.804,995.1,199.528,7.988,0.00726,0.00112,0.01160;0.01053;0.01009;0.00923;0.00791;0.00774;0.00569;0.00476;0.00357;0.00261,
line-b-r01228,line-b,line-b-e23,33.2025173,-116.1502052,180.0,line-b-e24,33.2026766,-116.1500156,180.0,line-b-e27,33.2031548,-116.1494468,180.0,line-b-e28,33.2033142,-116.1492572,180.0,2026-08-18T18:30:36Z,dipole-dipole,3,8,1.232,649.5,199.827,6.553,0.00412,0.00112,0.00663;0.00618;0.00623;0.00555;0.00403;0.00410;0.00303;0.00283;0.00188;0.00145,
line-b-r01229,line-b,line-b-e23,33.2025173,-116.1502052,180.0,line-b-e24,33.2026766,-116.1500156,180.0,line-b-e27,33.2031548,-116.1494468,180.0,line-b-e28,33.2033142,-116.1492572,180.0,2026-08-18T18:30:48Z,dipole-dipole,3,4,1.293,618.9,210.784,8.540,0.00457,0.00121,0.00660;0.00669;0.00700;0.00575;0.00489;0.00402;0.00373;0.00318;0.00206;0.00156,
line-b-r01230,line-b,line-b-e23,33.2025173,-116.1502052,180.0,line-b-e24,33.2026766,-116.1500156,180.0,line-b-e28,33.2033142,-116.1492572,180.0,line-b-e29,33.2034736,-116.1490676,180.0,2026-08-18T18:31:00Z,dipole-dipole,4,3,1.014,789.0,186.489,6.673,0.00353,0.00756,0.00562;0.00520;0.00492;0.00420;0.00383;0.00375;0.00292;0.00227;0.00159;0.00126,
line-b-r01231,line-b,line-b-e23,33.2025173,-116.1502052,180.0,line-b-e24,33.2026766,-116.1500156,180.0,line-b-e28,33.2033142,-116.1492572,180.0,line-b-e29,33.2034736,-116.1490676,180.0,2026-08-18T18:31:12Z,dipole-dipole,4,6,1.084,738.1,201.302,6.189,0.00458,0.00100,0.00726;0.00639;0.00659;0.00619;0.00473;0.00411;0.00386;0.00274;0.00233;0.00187,
line-b-r01232,line-b,line-b-e23,33.2025173,-116.1502052,180.0,line-b-e24,33.2026766,-116.1500156,180.0,line-b-e28,33.2033142,-116.1492572,180.0,line-b-e29,33.2034736,-116.1490676,180.0,2026-08-18T18:31:24Z,dipole-dipole,4,8,1.020,784.6,197.785,8.019,0.00531,0.00132,0.00842;0.00774;0.00728;0.00679;0.00628;0.00545;0.00425;0.00357;0.00251;0.00207,
line-b-r01233,line-b,line-b-e23,33.2025173,-116.1502052,180.0,line-b-e24,33.2026766,-116.1500156,180.0,line-b-e28,33.2033142,-116.1492572,180.0,line-b-e29,33.2034736,-116.1490676,180.0,2026-08-18T18:31:36Z,dipole-dipole,4,3,0.824,971.0,208.252,6.016,0.00344,0.00086,0.00545;0.00519;0.00460;0.00431;0.00408;0.00323;0.00267;0.00236;0.00176;0.00124,
line-b-r01234,line-b,line-b-e23,33.2025173,-116.1502052,180.0,line-b-e24,33.2026766,-116.1500156,180.0,line-b-e28,33.2033142,-116.1492572,180.0,line-b-e29,33.2034736,-116.1490676,180.0,2026-08-18T18:31:48Z,dipole-dipole,4,6,1.043,766.8,193.604,8.152,0.00430,0.00114,0.00734;0.00549;0.00579;0.00545;0.00436;0.00389;0.00316;0.00267;0.00193;0.00153,
line-b-r01235,line-b,line-b-e23,33.2025173,-116.1502052,180.0,line-b-e24,33.2026766,-116.1500156,180.0,line-b-e28,33.2033142,-116.1492572,180.0,line-b-e29,33.2034736,-116.1490676,180.0,2026-08-18T18:32:00Z,dipole-dipole,4,6,0.847,944.2,198.750,6.239,0.00381,0.00106,0.00666;0.00553;0.00545;0.00492;0.00384;0.00310;0.00325;0.00252;0.00190;0.00135,
line-b-r01669,line-b,line-b-e23,33.2025173,-116.1502052,180.0,line-b-e24,33.2026766,-116.1500156,180.0,line-b-e29,33.2034736,-116.1490676,180.0,line-b-e30,33.2036330,-116.1488780,180.0,2026-08-18T18:32:12Z,dipole-dipole,5,4,1.139,702.6,200.724,8.125,0.00401,0.00135,0.00666;0.00622;0.00556;0.00527;0.00460;0.00413;0.00279;0.00258;0.00197;0.00136,
line-b-r01237,line-b,line-b-e23,33.2025173,-116.1502052,180.0,line-b-e24,33.2026766,-116.1500156,180.0,line-b-e29,33.2034736,-116.1490676,180.0,line-b-e30,33.2036330,-116.1488780,180.0,2026-08-18T18:32:24Z,dipole-dipole,5,5,1.159,690.0,209.153,9.035,0.00347,0.00096,0.00617;0.00543;0.00506;0.00462;0.00404;0.00297;0.00284;0.00229;0.00169;0.00113,
line-b-r01238,line-b,line-b-e23,33.2025173,-116.1502052,180.0,line-b-e24,33.2026766,-116.1500156,180.0,line-b-e29,33.2034736,-116.1490676,180.0,line-b-e30,33.2036330,-116.1488780,180.0,2026-08-18T18:32:36Z,dipole-dipole,5,3,1.226,652.6,200.759,6.800,0.00438,0.00106,0.00601;0.00639;0.00581;0.00548;0.00476;0.00420;0.00307;0.00281;0.00208;0.00152,
line-b-r01239,line-b,line-b-e23,33.2025173,-116.1502052,180.0,line-b-e24,33.2026766,-116.1500156,180.0,line-b-e29,33.2034736,-116.1490676,180.0,line-b-e30,33.2036330,-116.1488780,180.0,2026-08-18T18:32:48Z,dipole-dipole,5,6,0.929,861.0,213.885,6.781,0.00666,0.00102,0.01019;0.01018;0.00919;0.00788;0.00829;0.00608;0.00485;0.00426;0.00312;0.00238,
line-b-r01240,line-b,line-b-e23,33.2025173,-116.1502052,180.0,line-b-e24,33.2026766,-116.1500156,180.0,line-b-e29,33.2034736,-116.1490676,180.0,line-b-e30,33.2036330,-116.1488780,180.0,2026-08-18T18:33:00Z,dipole-dipole,5,6,1.259,635.3,197.551,6.772,0.00326,0.00126,0.00506;0.00510;0.00468;0.00404;0.00367;0.00294;0.00247;0.00221;0.00164;0.00104,
line-b-r01241,line-b,line-b-e23,33.2025173,-116.1502052,180.0,line-b-e24,33.2026766,-116.1500156,180.0,line-b-e29,33.2034736,-116.1490676,180.0,line-b-e30,33.2036330,-116.1488780,180.0,2026-08-18T18:33:12Z,dipole-dipole,5,6,1.177,679.6,189.835,6.413,0.00590,0.00094,0.00908;0.00902;0.00859;0.00694;0.00667;0.00548;0.00450;0.00395;0.00251;0.00236,
line-b-r01242,line-b,line-b-e24,33.2026766,-116.1500156,180.0,line-b-e25,33.2028360,-116.1498260,180.0,line-b-e26,33.2029954,-116.1496364,180.0,line-b-e27,33.2031548,-116.1494468,180.0,2026-08-18T18:33:24Z,dipole-dipole,1,4,1.871,427.6,196.069,8.788,0.00617,0.00103,0.01005;0.00922;0.00862;0.00742;0.00652;0.00541;0.00491;0.00364;0.00325;0.00204,
line-b-r01243,line-b,line-b-e24,33.2026766,-116.1500156,180.0,line-b-e25,33.2028360,-116.1498260,180.0,line-b-e26,33.2029954,-116.1496364,180.0,line-b-e27,33.2031548,-116.1494468,180.0,2026-08-18T18:33:36Z,dipole-dipole,1,3,2.000,335.2,194.692,6.379,0.00466,0.00917,0.00750;0.00686;0.00681;0.00605;0.00536;0.00448;0.00352;0.00297;0.00214;0.00179,
line-b-r01244,line-b,line-b-e24,33.2026766,-116.1500156,180.0,line-b-e25,33.2028360,-116.1498260,180.0,line-b-e26,33.2029954,-116.1496364,180.0,line-b-e27,33.2031548,-116.1494468,180.0,2026-08-18T18:33:48Z,dipole-dipole,1,4,2.000,373.0,218.445,7.865,0.00506,0.00090,0.00726;0.00831;0.00647;0.00672;0.00546;0.00484;0.00391;0.00356;0.00228;0.00172,
line-b-r01245,line-b,line-b-e24,33.2026766,-116.1500156,180.0,line-b-e25,33.2028360,-116.1498260,180.0,line-b-e26,33.2029954,-116.1496364,180.0,line-b-e27,33.2031548,-116.1494468,180.0,2026-08-18T18:34:00Z,dipole-dipole,1,6,2.000,269.6,204.338,7.976,0.00442,0.00117,0.00670;0.00703;0.00583;0.00497;0.00520;0.00419;0.00339;0.00266;0.00226;0.00157,
line-b-r01246,line-b,line-b-e24,33.2026766,-116.1500156,180.0,line-b-e25,33.2028360,-116.1498260,180.0,line-b-e26,33.2029954,-116.1496364,180.0,line-b-e27,33.2031548,-116.1494468,180.0,2026-08-18T18:34:12Z,dipole-dipole,1,4,2.000,342.9,203.400,9.763,0.00631,0.00113,0.01028;0.00938;0.00841;0.00805;0.00661;0.00613;0.00535;0.00394;0.00297;0.00234,
line-b-r01247,line-b,line-b-e24,33.2026766,-116.1500156,180.0,line-b-e25,33.2028360,-116.1498260,180.0,line-b-e26,33.2029954,-116.1496364,180.0,line-b-e27,33.2031548,-116.1494468,180.0,2026-08-18T18:34:24Z,dipole-dipole,1,4,2.000,276.4,192.596,5.926,0.00379,0.00080,0.00590;0.00508;0.00525;0.00496;0.00395;0.00354;0.00307;0.00231;0.00176;0.00133,
line-b-r01248,line-b,line-b-e24,33.2026766,-116.1500156,180.0,line-b-e25,33.2028360,-116.1498260,180.0,line-b-e26,33.2029954,-116.1496364,180.0,line-b-e27,33.2031548,-116.1494468,180.0,2026-08-18T18:34:36Z,dipole-dipole,1,7,2.000,356.1,195.917,7.511,0.00433,0.00120,0.00752;0.00682;0.00540;0.00571;0.00467;0.00388;0.00364;0.00302;0.00226;0.00149,
line-b-r01249,line-b,line-b-e24,33.2026766,-116.1500156,180.0,line-b-e25,33.2028360,-116.1498260,180.0,line-b-e27,33.2031548,-116.1494468,180.0,line-b-e28,33.2033142,-116.1492572,180.0,2026-08-18T18:34:48Z,dipole-dipole,2,5,1.794,445.9,202.508,7.553,0.00436,0.00092,0.00759;0.00635;0.00647;0.00503;0.00450;0.00400;0.00314;0.00284;0.00223;0.00135,
line-b-r01250,line-b,line-b-e24,33.2026766,-116.1500156,180.0,line-b-e25,33.2028360,-116.1498260,180.0,line-b-e27,33.2031548,-116.1494468,180.0,line-b-e28,33.2033142,-116.1492572,180.0,2026-08-18T18:35:00Z,dipole-dipole,2,7,1.680,476.3,198.252,6.869,0.00268,0.00148,0.00425;0.00365;0.00386;0.00314;0.00303;0.00265;0.00216;0.00183;0.00138;0.00096,
line-b-r01251,line-b,line-b-e24,33.2026766,-116.1500156,180.0,line-b-e25,33.2028360,-116.1498260,180.0,line-b-e27,33.2031548,-116.1494468,180.0,line-b-e28,33.2033142,-116.1492572,180.0,2026-08-18T18:35:12Z,dipole-dipole,2,8,2.000,263.1,188.081,7.060,0.00333,0.00086,0.00507;0.00551;0.00450;0.00397;0.00364;0.00354;0.00276;0.00208;0.00168;0.00127,
line-b-r01252,line-b,line-b-e24,33.2026766,-116.1500156,180.0,line-b-e25,33.2028360,-116.1498260,180.0,line-b-e27,33.2031548,-116.1494468,180.0,line-b-e28,33.2033142,-116.1492572,180.0,2026-08-18T18:35:24Z,dipole-dipole,2,8,2.000,337.5,200.008,6.933,0.00446,0.00112,0.00669;0.00662;0.00610;0.00593;0.00434;0.00390;0.00386;0.00261;0.00220;0.00158,
line-b-r01253,line-b,line-b-e24,33.2026766,-116.1500156,180.0,line-b-e25,33.2028360,-116.1498260,180.0,line-b-e27,33.2031548,-116.1494468,180.0,line-b-e28,33.2033142,-116.1492572,180.0,2026-08-18T18:35:36Z,dipole-dipole,2,7,2.000,327.7,194.394,6.319,0.00335,0.00086,0.00536;0.00486;0.00382;0.00419;0.00373;0.00310;0.00270;0.00214;0.00165;0.00115,
line-b-r01254,line-b,line-b-e24,33.2026766,-116.1500156,180.0,line-b-e25,33.2028360,-116.1498260,180.0,line-b-e27,33.2031548,-116.1494468,180.0,line-b-e28,33.2033142,-116.1492572,180.0,2026-08-18T18:35:48Z,dipole-dipole,2,8,1.555,514.5,204.935,8.795,0.00622,0.00107,0.01017;0.00942;0.00762;0.00732;0.00649;0.00561;0.00480;0.00389;0.00317;0.00202,
line-b-r01255,line-b,line-b-e24,33.2026766,-116.1500156,180.0,line-b-e25,33.2028360,-116.1498260,180.0,line-b-e28,33.2033142,-116.1492572,180.0,line-b-e29,33.2034736,-116.1490676,180.0,2026-08-18T18:36:00Z,dipole-dipole,3,5,2.000,395.2,189.610,8.189,0.00433,0.00110,0.00655;0.00727;0.00539;0.00515;0.00524;0.00424;0.00358;0.00290;0.00204;0.00149,
line-b-r01256,line-b,line-b-e24,33.2026766,-116.1500156,180.0,line-b-e25,33.2028360,-116.1498260,180.0,line-b-e28,33.2033142,-116.1492572,180.0,line-b-e29,33.2034736,-116.1490676,180.0,2026-08-18T18:36:12Z,dipole-dipole,3,3,2.000,356.0,186.494,7.222,0.00643,0.00116,0.01032;0.00839;0.00772;0.00737;0.00755;0.00683;0.00505;0.00430;0.00299;0.00237,
line-b-r01257,line-b,line-b-e24,33.2026766,-116.1500156,180.0,line-b-e25,33.2028360,-116.1498260,180.0,line-b-e28,33.2033142,-116.1492572,180.0,line-b-e29,33.2034736,-116.1490676,180.0,2026-08-18T18:36:24Z,dipole-dipole,3,7,2.000,363.9,204.166,8.435,0.00278,0.00127,0.00457;0.00423;0.00375;0.00345;0.00283;0.00256;0.00230;0.00175;0.00128;0.00102,
line-b-r01258,line-b,line-b-e24,33.2026766,-116.1500156,180.0,line-b-e25,33.2028360,-116.1498260,180.0,line-b-e28,33.2033142,-116.1492572,180.0,line-b-e29,33.2034736,-116.1490676,180.0,2026-08-18T18:36:36Z,dipole-dipole,3,7,2.000,383.9,204.252,8.211,0.00429,0.00100,0.00598;0.00570;0.00624;0.00489;0.00506;0.00398;0.00342;0.00251;0.00196;0.00158,
line-b-r01259,line-b,line-b-e24,33.2026766,-116.1500156,180.0,line-b-e25,33.2028360,-116.1498260,180.0,line-b-e28,33.2033142,-116.1492572,180.0,line-b-e29,33.2034736,-116.1490676,180.0,2026-08-18T18:36:48Z,dipole-dipole,3,5,2.000,312.1,200.485,7.719,0.00614,0.00080,0.00929;0.00960;0.00903;0.00718;0.00640;0.00580;0.00431;0.00401;0.00304;0.00230,
line-b-r01260,line-b,line-b-e24,33.2026766,-116.1500156,180.0,line-b-e25,33.2028360,-116.1498260,180.0,line-b-e28,33.2033142,-116.1492572,180.0,line-b-e29,33.2034736,-116.1490676,180.0,2026-08-18T18:37:00Z,dipole-dipole,3,5,1.549,516.4,218.203,6.666,0.00417,0.00083,0.00654;0.00676;0.00569;0.00521;0.00476;0.00389;0.00318;0.00249;0.00172;0.00144,
line-b-r01261,line-b,line-b-e24,33.2026766,-116.1500156,180.0,line-b-e25,33.2028360,-116.1498260,180.0,line-b-e28,33.2033142,-116.1492572,180.0,line-b-e29,33.2034736,-116.1490676,180.0,2026-08-18T18:37:12Z,dipole-dipole,3,6,1.988,402.5,209.142,6.588,0.00483,0.00122,0.00723;0.00720;0.00640;0.00589;0.00500;0.00441;0.00384;0.00289;0.00224;0.00166,
line-b-r01262,line-b,line-b-e24,33.2026766,-116.1500156,180.0,line-b-e25,33.2028360,-116.1498260,180.0,line-b-e28,33.2033142,-116.1492572,180.0,line-b-e29,33.2034736,-116.1490676,180.0,2026-08-18T18:37:24Z,dipole-dipole,3,7,1.606,498.1,-282.128,7.716,0.00577,0.00125,0.00908;0.00918;0.00757;0.00729;0.00677;0.00571;0.00478;0.00427;0.00295;0.00200,
line-b-r01263,line-b,line-b-e24,33.2026766,-116.1500156,180.0,line-b-e25,33.2028360,-116.1498260,180.0,line-b-e29,33.2034736,-116.1490676,180.0,line-b-e30,33.2036330,-116.1488780,180.0,2026-08-18T18:37:36Z,dipole-dipole,4,4,1.641,487.4,205.577,8.041,0.00554,0.00129,0.00844;0.00815;0.00787;0.00660;0.00594;0.00553;0.00459;0.00369;0.00275;0.00202,
line-b-r01264,line-b,line-b-e24,33.2026766,-116.1500156,180.0,line-b-e25,33.2028360,-116.1498260,180.0,line-b-e29,33.2034736,-116.1490676,180.0,line-b-e30,33.2036330,-116.1488780,180.0,2026-08-18T18:37:48Z,dipole-dipole,4,5,1.954,409.4,195.824,6.852,0.00488,0.00110,0.00766;0.00687;0.00703;0.00609;0.00510;0.00482;0.00410;0.00326;0.00228;0.00167,
line-b-r01265,line-b,line-b-e24,33.2026766,-116.1500156,180.0,line-b-e25,33.2028360,-116.1498260,180.0,line-b-e29,33.2034736,-116.1490676,180.0,line-b-e30,33.2036330,-116.1488780,180.0,2026-08-18T18:38:00Z,dipole-dipole,4,8,2.000,304.7,193.588,7.190,0.00381,0.00142,0.00617;0.00585;0.00570;0.00515;0.00402;0.00318;0.00296;0.00249;0.00189;0.00134,
line-b-r01266,line-b,line-b-e24,33.2026766,-116.1500156,180.0,line-b-e25,33.2028360,-116.1498260,180.0,line-b-e29,33.2034736,-116.1490676,180.0,line-b-e30,33.2036330,-116.1488780,180.0,2026-08-18T18:38:12Z,dipole-dipole,4,5,2.000,314.9,197.725,8.469,0.00474,0.00112,0.00752;0.00752;0.00636;0.00567;0.00543;0.00445;0.00325;0.00293;0.00259;0.00159,
line-b-r01267,line-b,line-b-e24,33.2026766,-116.1500156,180.0,line-b-e25,33.2028360,-116.1498260,180.0,line-b-e29,33.2034736,-116.1490676,180.0,line-b-e30,33.2036330,-116.1488780,180.0,2026-08-18T18:38:24Z,dipole-dipole,4,3,2.000,320.6,192.836,8.576,0.00399,0.00118,0.00618;0.00551;0.00600;0.00495;0.00474;0.00408;0.00322;0.00242;0.00217;0.00134,
line-b-r01268,line-b,line-b-e24,33.2026766,-116.1500156,180.0,line-b-e25,33.2028360,-116.1498260,180.0,line-b-e29,33.2034736,-116.1490676,180.0,line-b-e30,33.2036330,-116.1488780,180.0,2026-08-18T18:38:36Z,dipole-dipole,4,8,2.000,341.9,220.726,6.968,0.00368,0.00090,0.00627;0.00548;0.00523;0.00431;0.00428;0.00312;0.00314;0.00237;0.00199;0.00133,
line-b-r01269,line-b,line-b-e24,33.2026766,-116.1500156,180.0,line-b-e25,33.2028360,-116.1498260,180.0,line-b-e29,33.2034736,-116.1490676,180.0,line-b-e30,33.2036330,-116.1488780,180.0,2026-08-18T18:38:48Z,dipole-dipole,4,7,1.754,456.0,204.057,7.361,0.00443,0.00086,0.00615;0.00621;0.00557;0.00508;0.00444;0.00431;0.00366;0.00300;0.00236;0.00155,
line-b-r01270,line-b,line-b-e24,33.2026766,-116.1500156,180.0,line-b-e25,33.2028360,-116.1498260,180.0,line-b-e29,33.2034736,-116.1490676,180.0,line-b-e30,33.2036330,-116.1488780,180.0,2026-08-18T18:39:00Z,dipole-dipole,4,6,2.000,340.8,215.199,7.195,0.00584,0.00114,0.00981;0.00835;0.00753;0.00660;0.00645;0.00603;0.00415;0.00414;0.00280;0.00199,
line-b-r01271,line-b,line-b-e25,33.2028360,-116.1498260,180.0,line-b-e26,33.2029954,-116.1496364,180.0,line-b-e27,33.2031548,-116.1494468,180.0,line-b-e28,33.2033142,-116.1492572,180.0,2026-08-18T18:39:12Z,dipole-dipole,1,3,1.596,501.2,216.782,7.017,0.00779,0.00126,0.01212;0.01141;0.01058;0.00952;0.00854;0.00722;0.00606;0.00445;0.00389;0.00270,
line-b-r01272,line-b,line-b-e25,33.2028360,-116.1498260,180.0,line-b-e26,33.2029954,-116.1496364,180.0,line-b-e27,33.2031548,-116.1494468,180.0,line-b-e28,33.2033142,-116.1492572,180.0,2026-08-18T18:39:24Z,dipole-dipole,1,3,1.472,543.5,199.267,540.366,0.00665,0.00123,0.01005;0.00925;0.00819;0.00920;0.00746;0.00675;0.00496;0.00445;0.00317;0.00231,
line-b-r01273,line-b,line-b-e25,33.2028360,-116.1498260,180.0,line-b-e26,33.2029954,-116.1496364,180.0,line-b-e27,33.2031548,-116.1494468,180.0,line-b-e28,33.2033142,-116.1492572,180.0,2026-08-18T18:39:36Z,dipole-dipole,1,8,1.209,661.6,198.774,9.749,0.00581,0.00092,0.00989;0.00870;0.00740;0.00674;0.00599;0.00568;0.00479;0.00357;0.00280;0.00202,
line-b-r01274,line-b,line-b-e25,33.2028360,-116.1498260,180.0,line-b-e26,33.2029954,-116.1496364,180.0,line-b-e27,33.2031548,-116.1494468,180.0,line-b-e28,33.2033142,-116.1492572,180.0,2026-08-18T18:39:48Z,dipole-dipole,1,5,1.675,477.5,207.473,10.006,0.00478,0.00096,0.00853;0.00732;0.00641;0.00586;0.00540;0.00474;0.00354;0.00301;0.00252;0.00174,
line-b-r01275,line-b,line-b-e25,33.2028360,-116.1498260,180.0,line-b-e26,33.2029954,-116.1496364,180.0,line-b-e27,33.2031548,-116.1494468,180.0,line-b-e28,33.2033142,-116.1492572,180.0,2026-08-18T18:40:00Z,dipole-dipole,1,3,1.620,494.0,195.813,7.173,0.00575,0.00108,0.00847;0.00839;0.00755;0.00648;0.00639;0.00557;0.00478;0.00315;0.00282;0.00212,
line-b-r01276,line-b,line-b-e25,33.2028360,-116.1498260,180.0,line-b-e26,33.2029954,-116.1496364,180.0,line-b-e27,33.2031548,-116.1494468,180.0,line-b-e28,33.2033142,-116.1492572,180.0,2026-08-18T18:40:12Z,dipole-dipole,1,4,1.633,489.8,206.234,6.760,0.00537,0.00111,0.00951;0.00757;0.00691;0.00608;0.00665;0.00469;0.00407;0.00361;0.00236;0.00183,
line-b-r01277,line-b,line-b-e25,33.2028360,-116.1498260,180.0,line-b-e26,33.2029954,-116.1496364,180.0,line-b-e27,33.2031548,-116.1494468,180.0,line-b-e28,33.2033142,-116.1492572,180.0,2026-08-18T18:40:24Z,dipole-dipole,1,8,1.619,494.1,212.275,6.067,0.00635,0.00119,0.00923;0.00903;0.00869;0.00843;0.00698;0.00541;0.00533;0.00438;0.00343;0.00217,
line-b-r01278,line-b,line-b-e25,33.2028360,-116.1498260,180.0,line-b-e26,33.2029954,-116.1496364,180.0,line-b-e28,33.2033142,-116.1492572,180.0,line-b-e29,33.2034736,-116.1490676,180.0,2026-08-18T18:40:36Z,dipole-dipole,2,5,1.593,502.2,201.145,8.063,0.00486,0.00126,0.00687;0.00725;0.00688;0.00592;0.00519;0.00470;0.00391;0.00313;0.00270;0.00182,
line-b-r01279,line-b,line-b-e25,33.2028360,-116.1498260,180.0,line-b-e26,33.2029954,-116.1496364,180.0,line-b-e28,33.2033142,-116.1492572,180.0,line-b-e29,33.2034736,-116.1490676,180.0,2026-08-18T18:40:48Z,dipole-dipole,2,6,1.967,406.7,198.979,6.234,0.00300,0.00116,0.00504;0.00503;0.00383;0.00366;0.00316;0.00300;0.00226;0.00197;0.00148;0.00111,
line-b-r01280,line-b,line-b-e25,33.2028360,-116.1498260,180.0,line-b-e26,33.2029954,-116.1496364,180.0,line-b-e28,33.2033142,-116.1492572,180.0,line-b-e29,33.2034736,-116.1490676,180.0,2026-08-18T18:41:00Z,dipole-dipole,2,6,1.688,474.0,211.977,7.584,0.00443,0.00091,0.00710;0.00679;0.00586;0.00553;0.00482;0.00421;0.00353;0.00277;0.00205;0.00159,
line-b-r01281,line-b,line-b-e25,33.2028360,-116.1498260,180.0,line-b-e26,33.2029954,-116.1496364,180.0,line-b-e28,33.2033142,-116.1492572,180.0,line-b-e29,33.2034736,-116.1490676,180.0,2026-08-18T18:41:12Z,dipole-dipole,2,3,1.309,611.3,-190.492,8.163,0.00449,0.00102,0.00768;0.00740;0.00641;0.00549;0.00467;0.00407;0.00448;0.00279;0.00212;0.00161,
line-b-r01634,line-b,line-b-e25,33.2028360,-116.1498260,180.0,line-b-e26,33.2029954,-116.1496364,180.0,line-b-e28,33.2033142,-116.1492572,180.0,line-b-e29,33.2034736,-116.1490676,180.0,2026-08-18T18:41:24Z,dipole-dipole,2,3,1.182,676.6,197.555,8.919,0.00463,0.00113,0.00746;0.00673;0.00642;0.00575;0.00523;0.00434;0.00400;0.00266;0.00232;0.00156,
line-b-r01283,line-b,line-b-e25,33.2028360,-116.1498260,180.0,line-b-e26,33.2029954,-116.1496364,180.0,line-b-e28,33.2033142,-116.1492572,180.0,line-b-e29,33.2034736,-116.1490676,180.0,2026-08-18T18:41:36Z,dipole-dipole,2,3,1.926,415.4,200.066,7.478,0.00431,0.00118,0.00725;0.00691;0.00583;0.00497;0.00519;0.00458;0.00367;0.00257;0.00230;0.00142,
line-b-r01284,line-b,line-b-e25,33.2028360,-116.1498260,180.0,line-b-e26,33.2029954,-116.1496364,180.0,line-b-e28,33.2033142,-116.1492572,180.0,line-b-e29,33.2034736,-116.1490676,180.0,2026-08-18T18:41:48Z,dipole-dipole,2,8,1.507,530.8,209.642,6.616,0.00583,0.00076,0.00966;0.00864;0.00901;0.00829;0.00651;0.00493;0.00450;0.00380;0.00303;0.00193,
line-b-r01285,line-b,line-b-e25,33.2028360,-116.1498260,180.0,line-b-e26,33.2029954,-116.1496364,180.0,line-b-e29,33.2034736,-116.1490676,180.0,line-b-e30,33.2036330,-116.1488780,180.0,2026-08-18T18:42:00Z,dipole-dipole,3,3,1.293,618.8,195.327,8.530,0.00546,0.00108,0.00866;0.00774;0.00674;0.00631;0.00616;0.00511;0.00449;0.00359;0.00263;0.00181,
line-b-r01286,line-b,line-b-e25,33.2028360,-116.1498260,180.0,line-b-e26,33.2029954,-116.1496364,180.0,line-b-e29,33.2034736,-116.1490676,180.0,line-b-e30,33.2036330,-116.1488780,180.0,2026-08-18T18:42:12Z,dipole-dipole,3,6,1.921,416.4,208.568,8.001,0.00641,0.00114,0.00966;0.00956;0.00934;0.00816;0.00705;0.00565;0.00586;0.00397;0.00305;0.00204,
line-b-r01287,line-b,line-b-e25,33.2028360,-116.1498260,180.0,line-b-e26,33.2029954,-116.1496364,180.0,line-b-e29,33.2034736,-116.1490676,180.0,line-b-e30,33.2036330,-116.1488780,180.0,2026-08-18T18:42:24Z,dipole-dipole,3,8,1.634,489.7,205.712,6.741,0.00361,0.00088,0.00609;0.00551;0.00468;0.00430;0.00412;0.00338;0.00329;0.00226;0.00179;0.00125,
line-b-r01288,line-b,line-b-e25,33.2028360,-116.1498260,180.0,line-b-e26,33.2029954,-116.1496364,180.0,line-b-e29,33.2034736,-116.1490676,180.0,line-b-e30,33.2036330,-116.1488780,180.0,2026-08-18T18:42:36Z,dipole-dipole,3,5,1.859,430.4,203.996,7.484,0.00417,0.00095,0.00649;0.00592;0.00608;0.00525;0.00472;0.00396;0.00303;0.00249;0.00200;0.00153,
line-b-r01289,line-b,line-b-e25,33.2028360,-116.1498260,180.0,line-b-e26,33.2029954,-116.1496364,180.0,line-b-e29,33.2034736,-116.1490676,180.0,line-b-e30,33.2036330,-116.1488780,180.0,2026-08-18T18:42:48Z,dipole-dipole,3,4,2.000,366.3,-218.078,8.123,0.00626,0.00094,0.00904;0.00926;0.00900;0.00791;0.00677;0.00646;0.00480;0.00389;0.00319;0.00226,
line-b-r01290,line-b,line-b-e25,33.2028360,-116.1498260,180.0,line-b-e26,33.2029954,-116.1496364,180.0,line-b-e29,33.2034736,-116.1490676,180.0,line-b-e30,33.2036330,-116.1488780,180.0,2026-08-18T18:43:00Z,dipole-dipole,3,5,1.203,665.2,215.233,7.453,0.00436,0.00109,0.00754;0.00604;0.00543;0.00559;0.00434;0.00459;0.00367;0.00262;0.00216;0.00140,
line-b-r01291,line-b,line-b-e25,33.2028360,-116.1498260,180.0,line-b-e26,33.2029954,-116.1496364,180.0,line-b-e29,33.2034736,-116.1490676,180.0,line-b-e30,33.2036330,-116.1488780,180.0,2026-08-18T18:43:12Z,dipole-dipole,3,3,1.348,593.6,213.060,6.654,0.00540,0.00093,0.00807;0.00688;0.00705;0.00703;0.00643;0.00471;0.00373;0.00300;0.00265;0.00170,
line-b-r01292,line-b,line-b-e26,33.2029954,-116.1496364,180.0,line-b-e27,33.2031548,-116.1494468,180.0,line-b-e28,33.2033142,-116.1492572,180.0,line-b-e29,33.2034736,-116.1490676,180.0,2026-08-18T18:43:24Z,dipole-dipole,1,6,1.250,640.2,208.841,9.434,0.00410,0.00109,0.00609;0.00625;0.00582;0.00501;0.00447;0.00386;0.00333;0.00271;0.00219;0.00135,
line-b-r01293,line-b,line-b-e26,33.2029954,-116.1496364,180.0,line-b-e27,33.2031548,-116.1494468,180.0,line-b-e28,33.2033142,-116.1492572,180.0,line-b-e29,33.2034736,-116.1490676,180.0,2026-08-18T18:43:36Z,dipole-dipole,1,8,1.361,587.9,205.443,8.637,0.00471,0.00094,0.00693;0.00677;0.00612;0.00579;0.00522;0.00446;0.00382;0.00274;0.00248;0.00167,
line-b-r01294,line-b,line-b-e26,33.2029954,-116.1496364,180.0,line-b-e27,33.2031548,-116.1494468,180.0,line-b-e28,33.2033142,-116.1492572,180.0,line-b-e29,33.2034736,-116.1490676,180.0,2026-08-18T18:43:48Z,dipole-dipole,1,7,1.569,510.0,211.213,4.486,0.00620,0.00107,0.00864;0.00986;0.00841;0.00755;0.00557;0.00605;0.00504;0.00382;0.00304;0.00208,
line-b-r01295,line-b,line-b-e26,33.2029954,-116.1496364,180.0,line-b-e27,33.2031548,-116.1494468,180.0,line-b-e28,33.2033142,-116.1492572,180.0,line-b-e29,33.2034736,-116.1490676,180.0,2026-08-18T18:44:00Z,dipole-dipole,1,8,1.775,450.8,204.345,9.206,0.00630,0.00106,0.01047;0.00829;0.00873;0.00855;0.00683;0.00608;0.00484;0.00379;0.00278;0.00247,
line-b-r01296,line-b,line-b-e26,33.2029954,-116.1496364,180.0,line-b-e27,33.2031548,-116.1494468,180.0,line-b-e28,33.2033142,-116.1492572,180.0,line-b-e29,33.2034736,-116.1490676,180.0,2026-08-18T18:44:12Z,dipole-dipole,1,8,1.622,493.1,190.203,6.968,0.00604,0.00113,0.00917;0.01003;0.00862;0.00755;0.00620;0.00569;0.00515;0.00377;0.00305;0.00213,
line-b-r01297,line-b,line-b-e26,33.2029954,-116.1496364,180.0,line-b-e27,33.2031548,-116.1494468,180.0,line-b-e28,33.2033142,-116.1492572,180.0,line-b-e29,33.2034736,-116.1490676,180.0,2026-08-18T18:44:24Z,dipole-dipole,1,7,1.609,497.2,203.948,7.296,0.00465,0.00111,0.00696;0.00687;0.00646;0.00639;0.00536;0.00399;0.00332;0.00277;0.00203;0.00169,
line-b-r01298,line-b,line-b-e26,33.2029954,-116.1496364,180.0,line-b-e27,33.2031548,-116.1494468,180.0,line-b-e29,33.2034736,-116.1490676,180.0,line-b-e30,33.2036330,-116.1488780,180.0,2026-08-18T18:44:36Z,dipole-dipole,2,6,1.573,508.4,202.621,7.314,0.00388,0.00084,0.00580;0.00592;0.00479;0.00479;0.00435;0.00356;0.00315;0.00255;0.00197;0.00147,
line-b-r01299,line-b,line-b-e26,33.2029954,-116.1496364,180.0,line-b-e27,33.2031548,-116.1494468,180.0,line-b-e29,33.2034736,-116.1490676,180.0,line-b-e30,33.2036330,-116.1488780,180.0,2026-08-18T18:44:48Z,dipole-dipole,2,5,1.344,595.0,197.783,8.336,0.00542,0.00093,0.00820;0.00855;0.00739;0.00681;0.00630;0.00512;0.00445;0.00346;0.00249;0.00194,
line-b-r01300,line-b,line-b-e26,33.2029954,-116.1496364,180.0,line-b-e27,33.2031548,-116.1494468,180.0,line-b-e29,33.2034736,-116.1490676,180.0,line-b-e30,33.2036330,-116.1488780,180.0,2026-08-18T18:45:00Z,dipole-dipole,2,5,1.417,564.6,221.172,7.123,0.00535,0.00121,0.00877;0.00891;0.00753;0.00635;0.00553;0.00506;0.00412;0.00363;0.00261;0.00198,
line-b-r01301,line-b,line-b-e26,33.2029954,-116.1496364,180.0,line-b-e27,33.2031548,-116.1494468,180.0,line-b-e29,33.2034736,-116.1490676,180.0,line-b-e30,33.2036330,-116.1488780,180.0,2026-08-18T18:45:12Z,dipole-dipole,2,6,1.239,645.8,199.379,7.381,0.00416,0.00129,0.00643;0.00569;0.00567;0.00544;0.00451;0.00388;0.00329;0.00284;0.00241;0.00149,
line-b-r01302,line-b,line-b-e26,33.2029954,-116.1496364,180.0,line-b-e27,33.2031548,-116.1494468,180.0,line-b-e29,33.2034736,-116.1490676,180.0,line-b-e30,33.2036330,-116.1488780,180.0,2026-08-18T18:45:24Z,dipole-dipole,2,4,1.596,501.4,196.328,8.676,0.00525,0.00083,0.00918;0.00842;0.00704;0.00627;0.00564;0.00477;0.00420;0.00362;0.00240;0.00181,
line-b-r01303,line-b,line-b-e26,33.2029954,-116.1496364,180.0,line-b-e27,33.2031548,-116.1494468,180.0,line-b-e29,33.2034736,-116.1490676,180.0,line-b-e30,33.2036330,-116.1488780,180.0,2026-08-18T18:45:36Z,dipole-dipole,2,3,1.808,442.5,216.677,7.139,0.00467,0.00139,0.00858;0.00711;0.00592;0.00625;0.00531;0.00486;0.00354;0.00318;0.00245;0.00149,
line-b-r01304,line-b,line-b-e26,33.2029954,-116.1496364,180.0,line-b-e27,33.2031548,-116.1494468,180.0,line-b-e29,33.2034736,-116.1490676,180.0,line-b-e30,33.2036330,-116.1488780,180.0,2026-08-18T18:45:48Z,dipole-dipole,2,7,1.651,484.5,208.264,8.160,0.00444,0.00140,0.00701;0.00614;0.00606;0.00546;0.00450;0.00432;0.00355;0.00303;0.00240;0.00146,
line-b-r01305,line-b,line-b-e26,33.2029954,-116.1496364,180.0,line-b-e27,33.2031548,-116.1494468,180.0,line-b-e29,33.2034736,-116.1490676,180.0,line-b-e30,33.2036330,-116.1488780,180.0,2026-08-18T18:46:00Z,dipole-dipole,2,4,1.619,494.0,208.978,9.683,0.00438,0.00099,0.00743;0.00636;0.00610;0.00561;0.00501;0.00366;0.00331;0.00293;0.00210;0.00141,
line-b-r01306,line-b,line-b-e27,33.2031548,-116.1494468,180.0,line-b-e28,33.2033142,-116.1492572,180.0,line-b-e29,33.2034736,-116.1490676,180.0,line-b-e30,33.2036330,-116.1488780,180.0,2026-08-18T18:46:12Z,dipole-dipole,1,3,1.362,587.5,203.695,7.299,0.00435,0.00132,0.00621;0.00618;0.00650;0.00533;0.00501;0.00406;0.00387;0.00313;0.00212;0.00147,
line-b-r01307,line-b,line-b-e27,33.2031548,-116.1494468,180.0,line-b-e28,33.2033142,-116.1492572,180.0,line-b-e29,33.2034736,-116.1490676,180.0,line-b-e30,33.2036330,-116.1488780,180.0,2026-08-18T18:46:24Z,dipole-dipole,1,8,1.650,484.7,200.630,8.018,0.00455,0.00105,0.00648;0.00740;0.00664;0.00591;0.00511;0.00456;0.00382;0.00317;0.00228;0.00166,
line-b-r01308,line-b,line-b-e27,33.2031548,-116.1494468,180.0,line-b-e28,33.2033142,-116.1492572,180.0,line-b-e29,33.2034736,-116.1490676,180.0,line-b-e30,33.2036330,-116.1488780,180.0,2026-08-18T18:46:36Z,dipole-dipole,1,7,1.559,513.2,208.066,7.871,0.00521,0.00098,0.00841;0.00766;0.00716;0.00557;0.00585;0.00506;0.00391;0.00341;0.00232;0.00175,
line-b-r01309,line-b,line-b-e27,33.2031548,-116.1494468,180.0,line-b-e28,33.2033142,-116.1492572,180.0,line-b-e29,33.2034736,-116.1490676,180.0,line-b-e30,33.2036330,-116.1488780,180.0,2026-08-18T18:46:48Z,dipole-dipole,1,7,1.819,439.8,191.448,7.286,0.00597,0.00110,0.00996;0.00855;0.00776;0.00756;0.00683;0.00517;0.00475;0.00408;0.00270;0.00212,
line-b-r01310,line-b,line-b-e27,33.2031548,-116.1494468,180.0,line-b-e28,33.2033142,-116.1492572,180.0,line-b-e29,33.2034736,-116.1490676,180.0,line-b-e30,33.2036330,-116.1488780,180.0,2026-08-18T18:47:00Z,dipole-dipole,1,5,2.000,366.6,207.805,6.494,0.00514,0.00096,0.00861;0.00780;0.00728;0.00618;0.00541;0.00511;0.00371;0.00327;0.00249;0.00183,
line-b-r01311,line-b,line-b-e27,33.2031548,-116.1494468,180.0,line-b-e28,33.2033142,-116.1492572,180.0,line-b-e29,33.2034736,-116.1490676,180.0,line-b-e30,33.2036330,-116.1488780,180.0,2026-08-18T18:47:12Z,dipole-dipole,1,5,1.767,452.7,208.038,9.193,0.00603,0.00132,0.00885;0.00925;0.00900;0.00685;0.00649;0.00558;0.00468;0.00402;0.00275;0.00226,
line-b-r01312,line-b,line-b-e21,33.2021985,-116.1505844,180.0,line-b-e22,33.2023579,-116.1503948,180.0,line-b-e30,33.2036330,-116.1488780,180.0,line-b-e31,33.2037924,-116.1486884,180.0,2026-08-18T19:12:24Z,dipole-dipole,8,3,1.386,577.1,199.852,8.339,0.00017,0.00094,0.00030;0.00025;0.00021;0.00021;0.00020;0.00016;0.00014;0.00011;0.00008;0.00006,
line-b-r01313,line-b,line-b-e21,33.2021985,-116.1505844,180.0,line-b-e22,33.2023579,-116.1503948,180.0,line-b-e30,33.2036330,-116.1488780,180.0,line-b-e31,33.2037924,-116.1486884,180.0,2026-08-18T19:12:36Z,dipole-dipole,8,4,1.494,535.6,199.021,5.513,0.00269,0.00121,0.00433;0.00374;0.00351;0.00348;0.00297;0.00225;0.00210;0.00184;0.00123;0.00103,
line-b-r01314,line-b,line-b-e21,33.2021985,-116.1505844,180.0,line-b-e22,33.2023579,-116.1503948,180.0,line-b-e30,33.2036330,-116.1488780,180.0,line-b-e31,33.2037924,-116.1486884,180.0,2026-08-18T19:12:48Z,dipole-dipole,8,8,1.149,696.4,208.005,423.073,0.00201,0.00117,0.00321;0.00295;0.00280;0.00234;0.00197;0.00199;0.00160;0.00119;0.00095;0.00070,
line-b-r01315,line-b,line-b-e21,33.2021985,-116.1505844,180.0,line-b-e22,33.2023579,-116.1503948,180.0,line-b-e30,33.2036330,-116.1488780,180.0,line-b-e31,33.2037924,-116.1486884,180.0,2026-08-18T19:13:00Z,dipole-dipole,8,4,1.377,581.1,203.184,5.638,0.00292,0.00107,0.00509;0.00404;0.00412;0.00372;0.00297;0.00289;0.00242;0.00194;0.00144;0.00112,
line-b-r01316,line-b,line-b-e21,33.2021985,-116.1505844,180.0,line-b-e22,33.2023579,-116.1503948,180.0,line-b-e30,33.2036330,-116.1488780,180.0,line-b-e31,33.2037924,-116.1486884,180.0,2026-08-18T19:13:12Z,dipole-dipole,8,6,1.341,596.4,213.907,9.173,0.00374,0.00105,0.00621;0.00542;0.00462;0.00451;0.00392;0.00326;0.00281;0.00222;0.00208;0.00141,
line-b-r01317,line-b,line-b-e21,33.2021985,-116.1505844,180.0,line-b-e22,33.2023579,-116.1503948,180.0,line-b-e30,33.2036330,-116.1488780,180.0,line-b-e31,33.2037924,-116.1486884,180.0,2026-08-18T19:13:24Z,dipole-dipole,8,8,1.271,629.4,216.601,9.219,0.00266,0.00093,0.00464;0.00376;0.00336;0.00329;0.00282;0.00261;0.00195;0.00166;0.00129;0.00087,
line-b-r01318,line-b,line-b-e21,33.2021985,-116.1505844,180.0,line-b-e22,33.2023579,-116.1503948,180.0,line-b-e30,33.2036330,-116.1488780,180.0,line-b-e31,33.2037924,-116.1486884,180.0,2026-08-18T19:13:36Z,dipole-dipole,8,5,1.111,719.9,216.612,8.690,0.00061,0.00124,0.00097;0.00093;0.00087;0.00080;0.00064;0.00058;0.00049;0.00039;0.00030;0.00023,
line-b-r01319,line-b,line-b-e21,33.2021985,-116.1505844,180.0,line-b-e22,33.2023579,-116.1503948,180.0,line-b-e30,33.2036330,-116.1488780,180.0,line-b-e31,33.2037924,-116.1486884,180.0,2026-08-18T19:13:48Z,dipole-dipole,8,8,1.498,534.0,197.939,9.657,0.00379,0.00103,0.00593;0.00613;0.00450;0.00463;0.00452;0.00369;0.00286;0.00253;0.00198;0.00135,
line-b-r01320,line-b,line-b-e22,33.2023579,-116.1503948,180.0,line-b-e23,33.2025173,-116.1502052,180.0,line-b-e30,33.2036330,-116.1488780,180.0,line-b-e31,33.2037924,-116.1486884,180.0,2026-08-18T19:14:00Z,dipole-dipole,7,7,1.053,759.7,-261.569,8.303,0.00533,0.00122,0.00765;0.00813;0.00686;0.00652;0.00558;0.00523;0.00431;0.00336;0.00281;0.00187,
line-b-r01321,line-b,line-b-e22,33.2023579,-116.1503948,180.0,line-b-e23,33.2025173,-116.1502052,180.0,line-b-e30,33.2036330,-116.1488780,180.0,line-b-e31,33.2037924,-116.1486884,180.0,2026-08-18T19:14:12Z,dipole-dipole,7,5,0.883,905.9,210.519,7.311,0.00274,0.00118,0.00448;0.00384;0.00366;0.00322;0.00311;0.00245;0.00220;0.00178;0.00145;0.00100,
line-b-r01322,line-b,line-b-e22,33.2023579,-116.1503948,180.0,line-b-e23,33.2025173,-116.1502052,180.0,line-b-e30,33.2036330,-116.1488780,180.0,line-b-e31,33.2037924,-116.1486884,180.0,2026-08-18T19:14:24Z,dipole-dipole,7,8,1.083,738.5,-152.777,6.647,0.00314,0.00098,0.00501;0.00468;0.00433;0.00341;0.00353;0.00305;0.00228;0.00196;0.00132;0.00115,
line-b-r01323,line-b,line-b-e22,33.2023579,-116.1503948,180.0,line-b-e23,33.2025173,-116.1502052,180.0,line-b-e30,33.2036330,-116.1488780,180.0,line-b-e31,33.2037924,-116.1486884,180.0,2026-08-18T19:14:36Z,dipole-dipole,7,8,1.017,787.0,217.219,6.116,0.00485,0.00105,0.00780;0.00761;0.00670;0.00644;0.00507;0.00502;0.00370;0.00305;0.00247;0.00182,
line-b-r01324,line-b,line-b-e22,33.2023579,-116.1503948,180.0,line-b-e23,33.2025173,-116.1502052,180.0,line-b-e30,33.2036330,-116.1488780,180.0,line-b-e31,33.2037924,-116.1486884,180.0,2026-08-18T19:14:48Z,dipole-dipole,7,7,1.067,749.7,206.787,9.030,0.00461,0.00101,0.00682;0.00655;0.00599;0.00608;0.00521;0.00467;0.00379;0.00317;0.00210;0.00168,
line-b-r01325,line-b,line-b-e22,33.2023579,-116.1503948,180.0,line-b-e23,33.2025173,-116.1502052,180.0,line-b-e30,33.2036330,-116.1488780,180.0,line-b-e31,33.2037924,-116.1486884,180.0,2026-08-18T19:15:00Z,dipole-dipole,7,6,0.920,869.9,216.820,8.489,0.00271,0.00098,0.00420;0.00409;0.00390;0.00337;0.00278;0.00258;0.00213;0.00184;0.00122;0.00101,
line-b-r01326,line-b,line-b-e22,33.2023579,-116.1503948,180.0,line-b-e23,33.2025173,-116.1502052,180.0,line-b-e30,33.2036330,-116.1488780,180.0,line-b-e31,33.2037924,-116.1486884,180.0,2026-08-18T19:15:12Z,dipole-dipole,7,7,1.073,745.6,200.619,7.821,0.00468,0.00077,0.00764;0.00757;0.00628;0.00505;0.00505;0.00499;0.00368;0.00313;0.00225;0.00180,
line-b-r01327,line-b,line-b-e22,33.2023579,-116.1503948,180.0,line-b-e23,33.2025173,-116.1502052,180.0,line-b-e30,33.2036330,-116.1488780,180.0,line-b-e31,33.2037924,-116.1486884,180.0,2026-08-18T19:15:24Z,dipole-dipole,7,3,0.932,858.6,206.095,9.238,0.00400,0.00091,0.00579;0.00616;0.00468;0.00457;0.00400;0.00340;0.00288;0.00256;0.00211;0.00137,
line-b-r01328,line-b,line-b-e22,33.2023579,-116.1503948,180.0,line-b-e23,33.2025173,-116.1502052,180.0,line-b-e31,33.2037924,-116.1486884,180.0,line-b-e32,33.2039518,-116.1484988,180.0,2026-08-18T19:15:36Z,dipole-dipole,8,7,1.020,784.2,207.195,9.318,0.00318,0.00118,0.00530;0.00493;0.00444;0.00370;0.00314;0.00357;0.00270;0.00204;0.00159;0.00128,
line-b-r01329,line-b,line-b-e22,33.2023579,-116.1503948,180.0,line-b-e23,33.2025173,-116.1502052,180.0,line-b-e31,33.2037924,-116.1486884,180.0,line-b-e32,33.2039518,-116.1484988,180.0,2026-08-18T19:15:48Z,dipole-dipole,8,6,0.903,885.7,203.748,7.895,0.00346,0.00115,0.00579;0.00514;0.00452;0.00406;0.00390;0.00350;0.00300;0.00232;0.00181;0.00125,
line-b-r01330,line-b,line-b-e22,33.2023579,-116.1503948,180.0,line-b-e23,33.2025173,-116.1502052,180.0,line-b-e31,33.2037924,-116.1486884,180.0,line-b-e32,33.2039518,-116.1484988,180.0,2026-08-18T19:16:00Z,dipole-dipole,8,4,0.940,851.0,204.855,5.970,0.00448,0.00080,0.00735;0.00627;0.00545;0.00498;0.00507;0.00407;0.00367;0.00291;0.00218;0.00149,
line-b-r01331,line-b,line-b-e22,33.2023579,-116.1503948,180.0,line-b-e23,33.2025173,-116.1502052,180.0,line-b-e31,33.2037924,-116.1486884,180.0,line-b-e32,33.2039518,-116.1484988,180.0,2026-08-18T19:16:12Z,dipole-dipole,8,5,1.075,744.2,211.248,8.970,0.00520,0.00091,0.00796;0.00790;0.00743;0.00668;0.00552;0.00523;0.00424;0.00308;0.00287;0.00192,
line-b-r01332,line-b,line-b-e22,33.2023579,-116.1503948,180.0,line-b-e23,33.2025173,-116.1502052,180.0,line-b-e31,33.2037924,-116.1486884,180.0,line-b-e32,33.2039518,-116.1484988,180.0,2026-08-18T19:16:24Z,dipole-dipole,8,3,1.052,760.5,202.771,6.744,0.00442,0.00113,0.00692;0.00632;0.00652;0.00618;0.00506;0.00403;0.00355;0.00283;0.00209;0.00153,
line-b-r01333,line-b,line-b-e22,33.2023579,-116.1503948,180.0,line-b-e23,33.2025173,-116.1502052,180.0,line-b-e31,33.2037924,-116.1486884,180.0,line-b-e32,33.2039518,-116.1484988,180.0,2026-08-18T19:16:36Z,dipole-dipole,8,8,0.890,899.2,212.801,5.244,0.00400,0.00092,0.00638;0.00564;0.00579;0.00450;0.00427;0.00376;0.00323;0.00246;0.00193;0.00141,
line-b-r01334,line-b,line-b-e22,33.2023579,-116.1503948,180.0,line-b-e23,33.2025173,-116.1502052,180.0,line-b-e31,33.2037924,-116.1486884,180.0,line-b-e32,33.2039518,-116.1484988,180.0,2026-08-18T19:16:48Z,dipole-dipole,8,6,1.182,676.9,208.382,8.762,0.00457,0.00092,0.00714;0.00644;0.00597;0.00523;0.00540;0.00463;0.00349;0.00274;0.00198;0.00170,
line-b-r01335,line-b,line-b-e23,33.2025173,-116.1502052,180.0,line-b-e24,33.2026766,-116.1500156,180.0,line-b-e30,33.2036330,-116.1488780,180.0,line-b-e31,33.2037924,-116.1486884,180.0,2026-08-18T19:17:00Z,dipole-dipole,6,8,0.723,1106.2,201.780,8.389,0.00277,0.00139,0.00439;0.00419;0.00366;0.00326;0.00324;0.00263;0.00231;0.00171;0.00131;0.00092,
line-b-r01336,line-b,line-b-e23,33.2025173,-116.1502052,180.0,line-b-e24,33.2026766,-116.1500156,180.0,line-b-e30,33.2036330,-116.1488780,180.0,line-b-e31,33.2037924,-116.1486884,180.0,2026-08-18T19:17:12Z,dipole-dipole,6,3,0.906,882.6,202.848,8.507,0.00495,0.00111,0.00828;0.00689;0.00691;0.00648;0.00570;0.00481;0.00402;0.00344;0.00243;0.00165,
line-b-r01337,line-b,line-b-e23,33.2025173,-116.1502052,180.0,line-b-e24,33.2026766,-116.1500156,180.0,line-b-e30,33.2036330,-116.1488780,180.0,line-b-e31,33.2037924,-116.1486884,180.0,2026-08-18T19:17:24Z,dipole-dipole,6,5,1.078,742.3,201.814,9.369,0.00642,0.00104,0.01064;0.01067;0.00895;0.00769;0.00698;0.00575;0.00535;0.00473;0.00314;0.00222,
line-b-r01338,line-b,line-b-e23,33.2025173,-116.1502052,180.0,line-b-e24,33.2026766,-116.1500156,180.0,line-b-e30,33.2036330,-116.1488780,180.0,line-b-e31,33.2037924,-116.1486884,180.0,2026-08-18T19:17:36Z,dipole-dipole,6,6,1.095,730.6,208.841,7.628,0.00624,0.00075,0.00981;0.00991;0.00783;0.00765;0.00697;0.00607;0.00466;0.00394;0.00282;0.00232,
line-b-r01339,line-b,line-b-e23,33.2025173,-116.1502052,180.0,line-b-e24,33.2026766,-116.1500156,180.0,line-b-e30,33.2036330,-116.1488780,180.0,line-b-e31,33.2037924,-116.1486884,180.0,2026-08-18T19:17:48Z,dipole-dipole,6,7,1.320,606.0,199.776,6.723,0.00307,0.00137,0.00458;0.00473;0.00419;0.00365;0.00340;0.00260;0.00239;0.00190;0.00155;0.00103,
line-b-r01340,line-b,line-b-e23,33.2025173,-116.1502052,180.0,line-b-e24,33.2026766,-116.1500156,180.0,line-b-e30,33.2036330,-116.1488780,180.0,line-b-e31,33.2037924,-116.1486884,180.0,2026-08-18T19:18:00Z,dipole-dipole,6,7,0.932,858.6,206.667,7.395,0.00380,0.00127,0.00622;0.00553;0.00539;0.00500;0.00414;0.00393;0.00293;0.00232;0.00209;0.00134,
line-b-r01341,line-b,line-b-e23,33.2025173,-116.1502052,180.0,line-b-e24,33.2026766,-116.1500156,180.0,line-b-e30,33.2036330,-116.1488780,180.0,line-b-e31,33.2037924,-116.1486884,180.0,2026-08-18T19:18:12Z,dipole-dipole,6,4,1.099,728.0,211.462,7.543,0.00241,0.00106,0.00384;0.00398;0.00306;0.00285;0.00278;0.00240;0.00183;0.00155;0.00119;0.00087,
line-b-r01342,line-b,line-b-e23,33.2025173,-116.1502052,180.0,line-b-e24,33.2026766,-116.1500156,180.0,line-b-e31,33.2037924,-116.1486884,180.0,line-b-e32,33.2039518,-116.1484988,180.0,2026-08-18T19:18:24Z,dipole-dipole,7,6,1.294,618.1,207.264,7.703,0.00542,0.00095,0.00954;0.00648;0.00690;0.00659;0.00661;0.00527;0.00491;0.00329;0.00270;0.00190,
line-b-r01343,line-b,line-b-e23,33.2025173,-116.1502052,180.0,line-b-e24,33.2026766,-116.1500156,180.0,line-b-e31,33.2037924,-116.1486884,180.0,line-b-e32,33.2039518,-116.1484988,180.0,2026-08-18T19:18:36Z,dipole-dipole,7,5,1.011,791.0,200.626,7.612,0.00549,0.00101,0.00804;0.00758;0.00712;0.00656;0.00644;0.00519;0.00432;0.00311;0.00277;0.00204,
line-b-r01344,line-b,line-b-e23,33.2025173,-116.1502052,180.0,line-b-e24,33.2026766,-116.1500156,180.0,line-b-e31,33.2037924,-116.1486884,180.0,line-b-e32,33.2039518,-116.1484988,180.0,2026-08-18T19:18:48Z,dipole-dipole,7,8,1.172,682.3,199.758,6.894,0.00421,0.00083,0.00651;0.00689;0.00590;0.00506;0.00461;0.00411;0.00357;0.00304;0.00189;0.00143,
line-b-r01345,line-b,line-b-e23,33.2025173,-116.1502052,180.0,line-b-e24,33.2026766,-116.1500156,180.0,line-b-e31,33.2037924,-116.1486884,180.0,line-b-e32,33.2039518,-116.1484988,180.0,2026-08-18T19:19:00Z,dipole-dipole,7,3,1.179,678.3,203.057,8.065,0.00362,0.00094,0.00525;0.00522;0.00458;0.00454;0.00382;0.00371;0.00306;0.00243;0.00175;0.00135,
line-b-r01346,line-b,line-b-e23,33.2025173,-116.1502052,180.0,line-b-e24,33.2026766,-116.1500156,180.0,line-b-e31,33.2037924,-116.1486884,180.0,line-b-e32,33.2039518,-116.1484988,180.0,2026-08-18T19:19:12Z,dipole-dipole,7,5,1.121,713.7,212.999,7.129,0.00305,0.00106,0.00511;0.00402;0.00394;0.00399;0.00347;0.00262;0.00229;0.00202;0.00146;0.00111,
line-b-r01347,line-b,line-b-e23,33.2025173,-116.1502052,180.0,line-b-e24,33.2026766,-116.1500156,180.0,line-b-e31,33.2037924,-116.1486884,180.0,line-b-e32,33.2039518,-116.1484988,180.0,2026-08-18T19:19:24Z,dipole-dipole,7,8,0.811,986.0,210.478,6.772,0.00458,0.00088,0.00766;0.00650;0.00649;0.00595;0.00498;0.00424;0.00377;0.00258;0.00229;0.00156,
line-b-r01348,line-b,line-b-e23,33.2025173,-116.1502052,180.0,line-b-e24,33.2026766,-116.1500156,180.0,line-b-e32,33.2039518,-116.1484988,180.0,line-b-e33,33.2041111,-116.1483092,180.0,2026-08-18T19:19:36Z,dipole-dipole,8,7,1.039,770.3,211.470,7.477,0.00516,0.00102,0.00768;0.00780;0.00641;0.00680;0.00536;0.00426;0.00458;0.00331;0.00265;0.00178,
line-b-r01349,line-b,line-b-e23,33.2025173,-116.1502052,180.0,line-b-e24,33.2026766,-116.1500156,180.0,line-b-e32,33.2039518,-116.1484988,180.0,line-b-e33,33.2041111,-116.1483092,180.0,2026-08-18T19:19:48Z,dipole-dipole,8,6,0.938,852.7,212.279,10.376,0.00522,0.00096,0.00851;0.00804;0.00724;0.00562;0.00533;0.00502;0.00425;0.00350;0.00272;0.00202,
line-b-r01350,line-b,line-b-e23,33.2025173,-116.1502052,180.0,line-b-e24,33.2026766,-116.1500156,180.0,line-b-e32,33.2039518,-116.1484988,180.0,line-b-e33,33.2041111,-116.1483092,180.0,2026-08-18T19:20:00Z,dipole-dipole,8,8,0.841,951.8,208.367,7.131,0.00374,0.00107,0.00604;0.00584;0.00546;0.00485;0.00412;0.00360;0.00269;0.00224;0.00177;0.00124,
line-b-r01351,line-b,line-b-e23,33.2025173,-116.1502052,180.0,line-b-e24,33.2026766,-116.1500156,180.0,line-b-e32,33.2039518,-116.1484988,180.0,line-b-e33,33.2041111,-116.1483092,180.0,2026-08-18T19:20:12Z,dipole-dipole,8,7,1.079,741.5,213.285,7.702,0.00312,0.00104,0.00512;0.00472;0.00463;0.00377;0.00328;0.00327;0.00222;0.00193;0.00156;0.00117,
line-b-r01352,line-b,line-b-e23,33.2025173,-116.1502052,180.0,line-b-e24,33.2026766,-116.1500156,180.0,line-b-e32,33.2039518,-116.1484988,180.0,line-b-e33,33.2041111,-116.1483092,180.0,2026-08-18T19:20:24Z,dipole-dipole,8,6,0.991,807.1,203.179,7.981,0.00436,0.00116,0.00694;0.00632;0.00587;0.00565;0.00474;0.00432;0.00300;0.00302;0.00201;0.00146,
line-b-r01353,line-b,line-b-e23,33.2025173,-116.1502052,180.0,line-b-e24,33.2026766,-116.1500156,180.0,line-b-e32,33.2039518,-116.1484988,180.0,line-b-e33,33.2041111,-116.1483092,180.0,2026-08-18T19:20:36Z,dipole-dipole,8,7,0.871,918.3,218.532,7.202,0.00342,0.00114,0.00497;0.00478;0.00488;0.00390;0.00384;0.00363;0.00276;0.00211;0.00161;0.00122,
line-b-r01354,line-b,line-b-e23,33.2025173,-116.1502052,180.0,line-b-e24,33.2026766,-116.1500156,180.0,line-b-e32,33.2039518,-116.1484988,180.0,line-b-e33,33.2041111,-116.1483092,180.0,2026-08-18T19:20:48Z,dipole-dipole,8,5,1.090,733.8,200.672,6.166,0.00424,0.00130,0.00662;0.00558;0.00539;0.00537;0.00463;0.00443;0.00336;0.00281;0.00215;0.00153,
line-b-r01355,line-b,line-b-e24,33.2026766,-116.1500156,180.0,line-b-e25,33.2028360,-116.1498260,180.0,line-b-e30,33.2036330,-116.1488780,180.0,line-b-e31,33.2037924,-116.1486884,180.0,2026-08-18T19:21:00Z,dipole-dipole,5,7,2.000,400.0,199.925,5.730,0.00456,0.00122,0.00765;0.00704;0.00616;0.00552;0.00478;0.00420;0.00369;0.00284;0.00213;0.00160,
line-b-r01356,line-b,line-b-e24,33.2026766,-116.1500156,180.0,line-b-e25,33.2028360,-116.1498260,180.0,line-b-e30,33.2036330,-116.1488780,180.0,line-b-e31,33.2037924,-116.1486884,180.0,2026-08-18T19:21:12Z,dipole-dipole,5,7,2.000,374.8,215.433,9.525,0.00616,0.00098,0.00931;0.00932;0.00885;0.00761;0.00681;0.00599;0.00448;0.00404;0.00330;0.00225,
line-b-r01357,line-b,line-b-e24,33.2026766,-116.1500156,180.0,line-b-e25,33.2028360,-116.1498260,180.0,line-b-e30,33.2036330,-116.1488780,180.0,line-b-e31,33.2037924,-116.1486884,180.0,2026-08-18T19:21:24Z,dipole-dipole,5,5,1.948,410.6,210.806,8.661,0.00663,0.00104,0.01057;0.01021;0.00895;0.01007;0.00705;0.00632;0.00563;0.00410;0.00314;0.00251,
line-b-r01358,line-b,line-b-e24,33.2026766,-116.1500156,180.0,line-b-e25,33.2028360,-116.1498260,180.0,line-b-e30,33.2036330,-116.1488780,180.0,line-b-e31,33.2037924,-116.1486884,180.0,2026-08-18T19:21:36Z,dipole-dipole,5,8,2.000,357.9,191.385,8.269,0.00566,0.00100,0.00941;0.00900;0.00767;0.00695;0.00604;0.00520;0.00434;0.00382;0.00287;0.00202,
line-b-r01359,line-b,line-b-e24,33.2026766,-116.1500156,180.0,line-b-e25,33.2028360,-116.1498260,180.0,line-b-e30,33.2036330,-116.1488780,180.0,line-b-e31,33.2037924,-116.1486884,180.0,2026-08-18T19:21:48Z,dipole-dipole,5,7,1.767,452.6,200.146,6.973,0.00487,0.00118,0.00743;0.00740;0.00747;0.00589;0.00510;0.00495;0.00362;0.00312;0.00234;0.00177,
line-b-r01360,line-b,line-b-e24,33.2026766,-116.1500156,180.0,line-b-e25,33.2028360,-116.1498260,180.0,line-b-e30,33.2036330,-116.1488780,180.0,line-b-e31,33.2037924,-116.1486884,180.0,2026-08-18T19:22:00Z,dipole-dipole,5,7,2.000,393.7,212.663,7.290,0.00615,0.00100,0.00963;0.00887;0.00900;0.00748;0.00650;0.00606;0.00478;0.00413;0.00305;0.00222,
line-b-r01361,line-b,line-b-e24,33.2026766,-116.1500156,180.0,line-b-e25,33.2028360,-116.1498260,180.0,line-b-e30,33.2036330,-116.1488780,180.0,line-b-e31,33.2037924,-116.1486884,180.0,2026-08-18T19:22:12Z,dipole-dipole,5,5,2.000,342.6,198.509,7.237,0.00366,0.00099,0.00602;0.00566;0.00533;0.00411;0.00410;0.00332;0.00307;0.00223;0.00200;0.00130,
line-b-r01362,line-b,line-b-e24,33.2026766,-116.1500156,180.0,line-b-e25,33.2028360,-116.1498260,180.0,line-b-e31,33.2037924,-116.1486884,180.0,line-b-e32,33.2039518,-116.1484988,180.0,2026-08-18T19:22:24Z,dipole-dipole,6,3,2.000,366.7,195.624,8.383,0.00544,0.00091,0.00890;0.00798;0.00775;0.00695;0.00568;0.00465;0.00493;0.00377;0.00254;0.00200,
line-b-r01363,line-b,line-b-e24,33.2026766,-116.1500156,180.0,line-b-e25,33.2028360,-116.1498260,180.0,line-b-e31,33.2037924,-116.1486884,180.0,line-b-e32,33.2039518,-116.1484988,180.0,2026-08-18T19:22:36Z,dipole-dipole,6,7,1.799,444.7,190.676,6.729,0.00342,0.00100,0.00568;0.00490;0.00476;0.00433;0.00402;0.00307;0.00284;0.00247;0.00166;0.00124,
line-b-r01364,line-b,line-b-e24,33.2026766,-116.1500156,180.0,line-b-e25,33.2028360,-116.1498260,180.0,line-b-e31,33.2037924,-116.1486884,180.0,line-b-e32,33.2039518,-116.1484988,180.0,2026-08-18T19:22:48Z,dipole-dipole,6,6,1.347,593.7,197.323,516.702,0.00509,0.00111,0.00831;0.00817;0.00688;0.00613;0.00567;0.00434;0.00401;0.00342;0.00249;0.00188,
line-b-r01365,line-b,line-b-e24,33.2026766,-116.1500156,180.0,line-b-e25,33.2028360,-116.1498260,180.0,line-b-e31,33.2037924,-116.1486884,180.0,line-b-e32,33.2039518,-116.1484988,180.0,2026-08-18T19:23:00Z,dipole-dipole,6,5,2.000,367.2,197.425,6.307,0.00358,0.00769,0.00537;0.00547;0.00494;0.00474;0.00412;0.00321;0.00288;0.00241;0.00174;0.00127,
line-b-r01366,line-b,line-b-e24,33.2026766,-116.1500156,180.0,line-b-e25,33.2028360,-116.1498260,180.0,line-b-e31,33.2037924,-116.1486884,180.0,line-b-e32,33.2039518,-116.1484988,180.0,2026-08-18T19:23:12Z,dipole-dipole,6,3,2.000,364.6,207.205,8.123,0.00350,0.00103,0.00512;0.00468;0.00444;0.00430;0.00380;0.00319;0.00261;0.00243;0.00175;0.00116,
line-b-r01367,line-b,line-b-e24,33.2026766,-116.1500156,180.0,line-b-e25,33.2028360,-116.1498260,180.0,line-b-e31,33.2037924,-116.1486884,180.0,line-b-e32,33.2039518,-116.1484988,180.0,2026-08-18T19:23:24Z,dipole-dipole,6,3,2.000,353.4,199.611,7.598,0.00713,0.00098,0.01071;0.01036;0.00930;0.00878;0.00808;0.00633;0.00529;0.00458;0.00332;0.00243,
line-b-r01368,line-b,line-b-e24,33.2026766,-116.1500156,180.0,line-b-e25,33.2028360,-116.1498260,180.0,line-b-e31,33.2037924,-116.1486884,180.0,line-b-e32,33.2039518,-116.1484988,180.0,2026-08-18T19:23:36Z,dipole-dipole,6,3,2.000,361.7,203.414,8.061,0.00410,0.00107,0.00669;0.00616;0.00536;0.00558;0.00453;0.00399;0.00320;0.00265;0.00200;0.00144,
line-b-r01369,line-b,line-b-e24,33.2026766,-116.1500156,180.0,line-b-e25,33.2028360,-116.1498260,180.0,line-b-e32,33.2039518,-116.1484988,180.0,line-b-e33,33.2041111,-116.1483092,180.0,2026-08-18T19:23:48Z,dipole-dipole,7,7,2.000,337.0,199.144,8.514,0.00506,0.00109,0.00778;0.00756;0.00693;0.00659;0.00569;0.00458;0.00397;0.00335;0.00257;0.00181,
line-b-r01370,line-b,line-b-e24,33.2026766,-116.1500156,180.0,line-b-e25,33.2028360,-116.1498260,180.0,line-b-e32,33.2039518,-116.1484988,180.0,line-b-e33,33.2041111,-116.1483092,180.0,2026-08-18T19:24:00Z,dipole-dipole,7,8,2.000,322.1,198.153,9.072,0.00421,0.00103,0.00687;0.00608;0.00578;0.00506;0.00490;0.00417;0.00325;0.00271;0.00205;0.00144,
line-b-r01371,line-b,line-b-e24,33.2026766,-116.1500156,180.0,line-b-e25,33.2028360,-116.1498260,180.0,line-b-e32,33.2039518,-116.1484988,180.0,line-b-e33,33.2041111,-116.1483092,180.0,2026-08-18T19:24:12Z,dipole-dipole,7,4,1.918,417.2,201.105,6.862,0.00412,0.00090,0.00714;0.00564;0.00571;0.00484;0.00495;0.00406;0.00299;0.00264;0.00229;0.00157,
line-b-r01372,line-b,line-b-e24,33.2026766,-116.1500156,180.0,line-b-e25,33.2028360,-116.1498260,180.0,line-b-e32,33.2039518,-116.1484988,180.0,line-b-e33,33.2041111,-116.1483092,180.0,2026-08-18T19:24:24Z,dipole-dipole,7,8,1.835,435.9,202.603,8.013,0.00446,0.00091,0.00708;0.00714;0.00577;0.00560;0.00441;0.00406;0.00309;0.00297;0.00184;0.00154,
line-b-r01373,line-b,line-b-e24,33.2026766,-116.1500156,180.0,line-b-e25,33.2028360,-116.1498260,180.0,line-b-e32,33.2039518,-116.1484988,180.0,line-b-e33,33.2041111,-116.1483092,180.0,2026-08-18T19:24:36Z,dipole-dipole,7,8,2.000,305.5,206.620,7.010,0.00472,0.00110,0.00751;0.00737;0.00614;0.00544;0.00544;0.00465;0.00372;0.00278;0.00218;0.00168,
line-b-r01374,line-b,line-b-e24,33.2026766,-116.1500156,180.0,line-b-e25,33.2028360,-116.1498260,180.0,line-b-e32,33.2039518,-116.1484988,180.0,line-b-e33,33.2041111,-116.1483092,180.0,2026-08-18T19:24:48Z,dipole-dipole,7,6,2.000,348.2,205.256,7.416,0.00299,0.00110,0.00472;0.00443;0.00412;0.00377;0.00307;0.00271;0.00219;0.00188;0.00152;0.00117,
line-b-r01375,line-b,line-b-e24,33.2026766,-116.1500156,180.0,line-b-e25,33.2028360,-116.1498260,180.0,line-b-e32,33.2039518,-116.1484988,180.0,line-b-e33,33.2041111,-116.1483092,180.0,2026-08-18T19:25:00Z,dipole-dipole,7,6,2.000,286.5,198.697,8.752,0.00588,0.00084,0.00891;0.00879;0.00769;0.00748;0.00642;0.00563;0.00497;0.00384;0.00263;0.00204,
line-b-r01376,line-b,line-b-e24,33.2026766,-116.1500156,180.0,line-b-e25,33.2028360,-116.1498260,180.0,line-b-e33,33.2041111,-116.1483092,180.0,line-b-e34,33.2042705,-116.1481196,180.0,2026-08-18T19:25:12Z,dipole-dipole,8,8,2.000,378.0,202.435,6.729,0.00295,0.00103,0.00476;0.00412;0.00390;0.00360;0.00365;0.00296;0.00240;0.00181;0.00142;0.00115,
line-b-r01377,line-b,line-b-e24,33.2026766,-116.1500156,180.0,line-b-e25,33.2028360,-116.1498260,180.0,line-b-e33,33.2041111,-116.1483092,180.0,line-b-e34,33.2042705,-116.1481196,180.0,2026-08-18T19:25:24Z,dipole-dipole,8,3,1.949,410.4,205.933,7.388,0.00306,0.00116,0.00476;0.00489;0.00420;0.00359;0.00341;0.00271;0.00256;0.00198;0.00157;0.00104,
line-b-r01378,line-b,line-b-e24,33.2026766,-116.1500156,180.0,line-b-e25,33.2028360,-116.1498260,180.0,line-b-e33,33.2041111,-116.1483092,180.0,line-b-e34,33.2042705,-116.1481196,180.0,2026-08-18T19:25:36Z,dipole-dipole,8,4,2.000,249.0,198.208,7.254,0.00368,0.00098,0.00648;0.00562;0.00498;0.00463;0.00393;0.00348;0.00293;0.00222;0.00191;0.00132,
line-b-r01379,line-b,line-b-e24,33.2026766,-116.1500156,180.0,line-b-e25,33.2028360,-116.1498260,180.0,line-b-e33,33.2041111,-116.1483092,180.0,line-b-e34,33.2042705,-116.1481196,180.0,2026-08-18T19:25:48Z,dipole-dipole,8,7,2.000,353.6,198.438,7.149,0.00442,0.00081,0.00716;0.00616;0.00600;0.00537;0.00468;0.00402;0.00362;0.00295;0.00226;0.00166,
line-b-r01380,line-b,line-b-e24,33.2026766,-116.1500156,180.0,line-b-e25,33.2028360,-116.1498260,180.0,line-b-e33,33.2041111,-116.1483092,180.0,line-b-e34,33.2042705,-116.1481196,180.0,2026-08-18T19:26:00Z,dipole-dipole,8,5,2.000,379.3,209.120,6.843,0.00664,0.00076,0.01052;0.00939;0.00935;0.00836;0.00733;0.00560;0.00537;0.00433;0.00305;0.00252,
line-b-r01381,line-b,line-b-e24,33.2026766,-116.1500156,180.0,line-b-e25,33.2028360,-116.1498260,180.0,line-b-e33,33.2041111,-116.1483092,180.0,line-b-e34,33.2042705,-116.1481196,180.0,2026-08-18T19:26:12Z,dipole-dipole,8,8,2.000,389.4,200.685,7.129,0.00443,0.00108,0.00760;0.00656;0.00608;0.00550;0.00467;0.00379;0.00359;0.00274;0.00206;0.00153,
line-b-r01382,line-b,line-b-e25,33.2028360,-116.1498260,180.0,line-b-e26,33.2029954,-116.1496364,180.0,line-b-e30,33.2036330,-116.1488780,180.0,line-b-e31,33.2037924,-116.1486884,180.0,2026-08-18T19:26:24Z,dipole-dipole,4,7,1.251,639.5,214.736,7.995,0.00516,0.00077,0.00864;0.00827;0.00656;0.00613;0.00538;0.00499;0.00373;0.00324;0.00254;0.00187,
line-b-r01383,line-b,line-b-e25,33.2028360,-116.1498260,180.0,line-b-e26,33.2029954,-116.1496364,180.0,line-b-e30,33.2036330,-116.1488780,180.0,line-b-e31,33.2037924,-116.1486884,180.0,2026-08-18T19:26:36Z,dipole-dipole,4,8,1.489,537.2,207.059,8.678,0.00479,0.00109,0.00828;0.00698;0.00659;0.00649;0.00562;0.00448;0.00378;0.00329;0.00239;0.00164,
line-b-r01384,line-b,line-b-e25,33.2028360,-116.1498260,180.0,line-b-e26,33.2029954,-116.1496364,180.0,line-b-e30,33.2036330,-116.1488780,180.0,line-b-e31,33.2037924,-116.1486884,180.0,2026-08-18T19:26:48Z,dipole-dipole,4,4,1.439,555.8,201.920,7.686,0.00637,0.00120,0.00955;0.00960;0.00963;0.00931;0.00734;0.00677;0.00481;0.00421;0.00287;0.00227,
line-b-r01385,line-b,line-b-e25,33.2028360,-116.1498260,180.0,line-b-e26,33.2029954,-116.1496364,180.0,line-b-e30,33.2036330,-116.1488780,180.0,line-b-e31,33.2037924,-116.1486884,180.0,2026-08-18T19:27:00Z,dipole-dipole,4,8,1.583,505.2,206.700,7.907,0.00478,0.00132,0.00717;0.00752;0.00723;0.00600;0.00553;0.00446;0.00364;0.00291;0.00237;0.00159,
line-b-r01386,line-b,line-b-e25,33.2028360,-116.1498260,180.0,line-b-e26,33.2029954,-116.1496364,180.0,line-b-e30,33.2036330,-116.1488780,180.0,line-b-e31,33.2037924,-116.1486884,180.0,2026-08-18T19:27:12Z,dipole-dipole,4,7,2.000,331.0,213.833,5.668,0.00334,0.00086,0.00517;0.00536;0.00471;0.00402;0.00381;0.00304;0.00233;0.00218;0.00153;0.00124,
line-b-r01387,line-b,line-b-e25,33.2028360,-116.1498260,180.0,line-b-e26,33.2029954,-116.1496364,180.0,line-b-e30,33.2036330,-116.1488780,180.0,line-b-e31,33.2037924,-116.1486884,180.0,2026-08-18T19:27:24Z,dipole-dipole,4,7,1.566,510.9,202.821,7.444,0.00485,0.00090,0.00799;0.00662;0.00674;0.00640;0.00558;0.00461;0.00384;0.00332;0.00220;0.00169,
line-b-r01388,line-b,line-b-e25,33.2028360,-116.1498260,180.0,line-b-e26,33.2029954,-116.1496364,180.0,line-b-e30,33.2036330,-116.1488780,180.0,line-b-e31,33.2037924,-116.1486884,180.0,2026-08-18T19:27:36Z,dipole-dipole,4,3,1.660,481.8,205.408,7.216,0.00488,0.00093,0.00825;0.00715;0.00629;0.00576;0.00608;0.00432;0.00383;0.00318;0.00216;0.00173,
line-b-r01389,line-b,line-b-e25,33.2028360,-116.1498260,180.0,line-b-e26,33.2029954,-116.1496364,180.0,line-b-e30,33.2036330,-116.1488780,180.0,line-b-e31,33.2037924,-116.1486884,180.0,2026-08-18T19:27:48Z,dipole-dipole,4,8,1.445,553.5,194.695,9.991,0.00704,0.00120,0.01115;0.01080;0.00953;0.00833;0.00753;0.00708;0.00527;0.00484;0.00368;0.00240,
line-b-r01390,line-b,line-b-e25,33.2028360,-116.1498260,180.0,line-b-e26,33.2029954,-116.1496364,180.0,line-b-e31,33.2037924,-116.1486884,180.0,line-b-e32,33.2039518,-116.1484988,180.0,2026-08-18T19:28:00Z,dipole-dipole,5,7,1.558,513.6,217.705,5.836,0.00353,0.00107,0.00550;0.00519;0.00483;0.00424;0.00421;0.00346;0.00306;0.00221;0.00185;0.00143,
line-b-r01391,line-b,line-b-e25,33.2028360,-116.1498260,180.0,line-b-e26,33.2029954,-116.1496364,180.0,line-b-e31,33.2037924,-116.1486884,180.0,line-b-e32,33.2039518,-116.1484988,180.0,2026-08-18T19:28:12Z,dipole-dipole,5,8,1.679,476.6,211.520,7.877,0.00329,0.00099,0.00491;0.00423;0.00480;0.00381;0.00366;0.00297;0.00252;0.00222;0.00156;0.00126,
line-b-r01392,line-b,line-b-e25,33.2028360,-116.1498260,180.0,line-b-e26,33.2029954,-116.1496364,180.0,line-b-e31,33.2037924,-116.1486884,180.0,line-b-e32,33.2039518,-116.1484988,180.0,2026-08-18T19:28:24Z,dipole-dipole,5,6,1.642,487.3,203.682,6.662,0.00415,0.00109,0.00699;0.00614;0.00570;0.00505;0.00462;0.00375;0.00339;0.00280;0.00195;0.00146,
line-b-r01393,line-b,line-b-e25,33.2028360,-116.1498260,180.0,line-b-e26,33.2029954,-116.1496364,180.0,line-b-e31,33.2037924,-116.1486884,180.0,line-b-e32,33.2039518,-116.1484988,180.0,2026-08-18T19:28:36Z,dipole-dipole,5,8,1.390,575.7,210.900,10.252,0.00458,0.00100,0.00765;0.00795;0.00681;0.00587;0.00487;0.00442;0.00386;0.00300;0.00233;0.00169,
line-b-r01394,line-b,line-b-e25,33.2028360,-116.1498260,180.0,line-b-e26,33.2029954,-116.1496364,180.0,line-b-e31,33.2037924,-116.1486884,180.0,line-b-e32,33.2039518,-116.1484988,180.0,2026-08-18T19:28:48Z,dipole-dipole,5,5,1.593,502.2,199.216,7.779,0.00526,0.00107,0.00834;0.00770;0.00751;0.00652;0.00578;0.00471;0.00447;0.00353;0.00261;0.00177,
line-b-r01269,line-b,line-b-e25,33.2028360,-116.1498260,180.0,line-b-e26,33.2029954,-116.1496364,180.0,line-b-e31,33.2037924,-116.1486884,180.0,line-b-e32,33.2039518,-116.1484988,180.0,2026-08-18T19:29:00Z,dipole-dipole,5,8,1.805,443.1,201.970,8.061,0.00552,0.00108,0.00928;0.00740;0.00846;0.00698;0.00613;0.00535;0.00412;0.00359;0.00247;0.00196,
line-b-r01396,line-b,line-b-e25,33.2028360,-116.1498260,180.0,line-b-e26,33.2029954,-116.1496364,180.0,line-b-e31,33.2037924,-116.1486884,180.0,line-b-e32,33.2039518,-116.1484988,180.0,2026-08-18T19:29:12Z,dipole-dipole,5,8,1.257,636.7,197.219,6.908,0.00423,0.00100,0.00680;0.00668;0.00618;0.00511;0.00517;0.00396;0.00342;0.00263;0.00198;0.00156,
line-b-r01397,line-b,line-b-e25,33.2028360,-116.1498260,180.0,line-b-e26,33.2029954,-116.1496364,180.0,line-b-e31,33.2037924,-116.1486884,180.0,line-b-e32,33.2039518,-116.1484988,180.0,2026-08-18T19:29:24Z,dipole-dipole,5,5,1.824,438.5,202.409,7.430,0.00432,0.00098,0.00751;0.00636;0.00590;0.00564;0.00511;0.00406;0.00319;0.00256;0.00197;0.00151,
line-b-r01398,line-b,line-b-e25,33.2028360,-116.1498260,180.0,line-b-e26,33.2029954,-116.1496364,180.0,line-b-e32,33.2039518,-116.1484988,180.0,line-b-e33,33.2041111,-116.1483092,180.0,2026-08-18T19:29:36Z,dipole-dipole,6,7,1.472,543.5,204.913,7.161,0.00420,0.00106,0.00636;0.00669;0.00550;0.00561;0.00444;0.00416;0.00331;0.00259;0.00206;0.00161,
line-b-r01399,line-b,line-b-e25,33.2028360,-116.1498260,180.0,line-b-e26,33.2029954,-116.1496364,180.0,line-b-e32,33.2039518,-116.1484988,180.0,line-b-e33,33.2041111,-116.1483092,180.0,2026-08-18T19:29:48Z,dipole-dipole,6,6,1.934,413.6,209.237,7.852,0.00342,0.00099,0.00520;0.00465;0.00471;0.00432;0.00399;0.00349;0.00256;0.00242;0.00167;0.00121,
line-b-r01400,line-b,line-b-e25,33.2028360,-116.1498260,180.0,line-b-e26,33.2029954,-116.1496364,180.0,line-b-e32,33.2039518,-116.1484988,180.0,line-b-e33,33.2041111,-116.1483092,180.0,2026-08-18T19:30:00Z,dipole-dipole,6,5,1.492,536.1,192.913,7.745,0.00385,0.00128,0.00576;0.00525;0.00506;0.00458;0.00432;0.00360;0.00298;0.00247;0.00175;0.00141,
line-b-r01401,line-b,line-b-e25,33.2028360,-116.1498260,180.0,line-b-e26,33.2029954,-116.1496364,180.0,line-b-e32,33.2039518,-116.1484988,180.0,line-b-e33,33.2041111,-116.1483092,180.0,2026-08-18T19:30:12Z,dipole-dipole,6,6,1.492,536.2,190.961,7.522,0.00370,0.00085,0.00608;0.00534;0.00524;0.00458;0.00453;0.00364;0.00307;0.00248;0.00183;0.00116,
line-b-r01402,line-b,line-b-e25,33.2028360,-116.1498260,180.0,line-b-e26,33.2029954,-116.1496364,180.0,line-b-e32,33.2039518,-116.1484988,180.0,line-b-e33,33.2041111,-116.1483092,180.0,2026-08-18T19:30:24Z,dipole-dipole,6,7,1.235,647.9,209.058,7.057,0.00568,0.00120,0.00983;0.00813;0.00746;0.00693;0.00653;0.00558;0.00474;0.00405;0.00311;0.00214,
line-b-r01403,line-b,line-b-e25,33.2028360,-116.1498260,180.0,line-b-e26,33.2029954,-116.1496364,180.0,line-b-e32,33.2039518,-116.1484988,180.0,line-b-e33,33.2041111,-116.1483092,180.0,2026-08-18T19:30:36Z,dipole-dipole,6,7,1.117,716.0,200.702,7.330,0.00371,0.00097,0.00578;0.00583;0.00527;0.00449;0.00376;0.00327;0.00294;0.00235;0.00166;0.00127,
line-b-r01404,line-b,line-b-e25,33.2028360,-116.1498260,180.0,line-b-e26,33.2029954,-116.1496364,180.0,line-b-e33,33.2041111,-116.1483092,180.0,line-b-e34,33.2042705,-116.1481196,180.0,2026-08-18T19:30:48Z,dipole-dipole,7,6,1.462,547.1,213.361,7.044,0.00342,0.00097,0.00514;0.00514;0.00424;0.00423;0.00372;0.00318;0.00284;0.00201;0.00166;0.00104,
line-b-r01405,line-b,line-b-e25,33.2028360,-116.1498260,180.0,line-b-e26,33.2029954,-116.1496364,180.0,line-b-e33,33.2041111,-116.1483092,180.0,line-b-e34,33.2042705,-116.1481196,180.0,2026-08-18T19:31:00Z,dipole-dipole,7,7,1.578,507.1,201.897,7.990,0.00503,0.00063,0.00837;0.00675;0.00604;0.00582;0.00561;0.00448;0.00407;0.00269;0.00237;0.00175,
line-b-r01406,line-b,line-b-e25,33.2028360,-116.1498260,180.0,line-b-e26,33.2029954,-116.1496364,180.0,line-b-e33,33.2041111,-116.1483092,180.0,line-b-e34,33.2042705,-116.1481196,180.0,2026-08-18T19:31:12Z,dipole-dipole,7,6,1.394,573.8,208.872,7.391,0.00566,0.00090,0.00997;0.00803;0.00895;0.00766;0.00582;0.00502;0.00456;0.00378;0.00276;0.00218,
line-b-r01407,line-b,line-b-e25,33.2028360,-116.1498260,180.0,line-b-e26,33.2029954,-116.1496364,180.0,line-b-e33,33.2041111,-116.1483092,180.0,line-b-e34,33.2042705,-116.1481196,180.0,2026-08-18T19:31:24Z,dipole-dipole,7,7,1.401,571.1,192.822,6.988,0.00587,0.00089,0.01020;0.00813;0.00849;0.00702;0.00558;0.00552;0.00462;0.00347;0.00275;0.00201,
line-b-r01408,line-b,line-b-e25,33.2028360,-116.1498260,180.0,line-b-e26,33.2029954,-116.1496364,180.0,line-b-e33,33.2041111,-116.1483092,180.0,line-b-e34,33.2042705,-116.1481196,180.0,2026-08-18T19:31:36Z,dipole-dipole,7,6,1.364,586.5,203.604,8.606,0.00352,0.00121,0.00597;0.00530;0.00495;0.00441;0.00365;0.00347;0.00277;0.00217;0.00194;0.00120,
line-b-r01409,line-b,line-b-e25,33.2028360,-116.1498260,180.0,line-b-e26,33.2029954,-116.1496364,180.0,line-b-e33,33.2041111,-116.1483092,180.0,line-b-e34,33.2042705,-116.1481196,180.0,2026-08-18T19:31:48Z,dipole-dipole,7,4,1.365,586.3,209.991,7.656,0.00413,0.00104,0.00595;0.00624;0.00571;0.00499;0.00485;0.00389;0.00318;0.00247;0.00195;0.00130,
line-b-r01410,line-b,line-b-e25,33.2028360,-116.1498260,180.0,line-b-e26,33.2029954,-116.1496364,180.0,line-b-e33,33.2041111,-116.1483092,180.0,line-b-e34,33.2042705,-116.1481196,180.0,2026-08-18T19:32:00Z,dipole-dipole,7,6,1.650,484.7,207.943,8.633,0.00505,0.00087,0.00885;0.00715;0.00649;0.00698;0.00557;0.00504;0.00377;0.00308;0.00262;0.00181,
line-b-r01411,line-b,line-b-e25,33.2028360,-116.1498260,180.0,line-b-e26,33.2029954,-116.1496364,180.0,line-b-e34,33.2042705,-116.1481196,180.0,line-b-e35,33.2044299,-116.1479300,180.0,2026-08-18T19:32:12Z,dipole-dipole,8,6,2.000,397.2,210.561,7.590,0.00459,0.00105,0.00710;0.00664;0.00591;0.00596;0.00477;0.00413;0.00409;0.00311;0.00211;0.00170,
line-b-r01412,line-b,line-b-e25,33.2028360,-116.1498260,180.0,line-b-e26,33.2029954,-116.1496364,180.0,line-b-e34,33.2042705,-116.1481196,180.0,line-b-e35,33.2044299,-116.1479300,180.0,2026-08-18T19:32:24Z,dipole-dipole,8,5,1.805,443.3,201.004,7.746,0.00531,0.00100,0.00829;0.00808;0.00755;0.00767;0.00565;0.00524;0.00439;0.00322;0.00246;0.00178,
line-b-r01413,line-b,line-b-e25,33.2028360,-116.1498260,180.0,line-b-e26,33.2029954,-116.1496364,180.0,line-b-e34,33.2042705,-116.1481196,180.0,line-b-e35,33.2044299,-116.1479300,180.0,2026-08-18T19:32:36Z,dipole-dipole,8,8,1.707,468.6,203.225,11.602,0.00462,0.00072,0.00753;0.00677;0.00739;0.00601;0.00505;0.00430;0.00393;0.00322;0.00214;0.00146,
line-b-r01414,line-b,line-b-e25,33.2028360,-116.1498260,180.0,line-b-e26,33.2029954,-116.1496364,180.0,line-b-e34,33.2042705,-116.1481196,180.0,line-b-e35,,,,2026-08-18T19:32:48Z,dipole-dipole,8,5,1.742,459.2,207.473,8.515,0.00483,0.00067,0.00726;0.00697;0.00645;0.00599;0.00559;0.00489;0.00375;0.00304;0.00229;0.00170,
line-b-r01415,line-b,line-b-e25,33.2028360,-116.1498260,180.0,line-b-e26,33.2029954,-116.1496364,180.0,line-b-e34,33.2042705,-116.1481196,180.0,line-b-e35,33.2044299,-116.1479300,180.0,2026-08-18T19:33:00Z,dipole-dipole,8,4,2.000,368.7,186.245,6.267,0.00464,0.00096,0.00741;0.00731;0.00691;0.00641;0.00555;0.00437;0.00364;0.00327;0.00219;0.00175,
line-b-r01416,line-b,line-b-e25,33.2028360,-116.1498260,180.0,line-b-e26,33.2029954,-116.1496364,180.0,line-b-e34,33.2042705,-116.1481196,180.0,line-b-e35,33.2044299,-116.1479300,180.0,2026-08-18T19:33:12Z,dipole-dipole,8,5,1.592,502.5,201.706,6.519,0.00553,0.00090,0.00770;0.00826;0.00766;0.00673;0.00581;0.00508;0.00458;0.00316;0.00266;0.00193,
line-b-r01417,line-b,line-b-e26,33.2029954,-116.1496364,180.0,line-b-e27,33.2031548,-116.1494468,180.0,line-b-e30,33.2036330,-116.1488780,180.0,line-b-e31,33.2037924,-116.1486884,180.0,2026-08-18T19:33:24Z,dipole-dipole,3,5,1.741,459.4,-131.332,8.577,0.00531,0.00089,0.00861;0.00760;0.00746;0.00655;0.00574;0.00504;0.00395;0.00342;0.00242;0.00174,
line-b-r01418,line-b,line-b-e26,33.2029954,-116.1496364,180.0,line-b-e27,33.2031548,-116.1494468,180.0,line-b-e30,33.2036330,-116.1488780,180.0,line-b-e31,33.2037924,-116.1486884,180.0,2026-08-18T19:33:36Z,dipole-dipole,3,8,1.523,525.2,186.503,6.180,0.00690,0.00101,0.01070;0.01050;0.00969;0.00790;0.00741;0.00640;0.00571;0.00446;0.00323;0.00228,
line-b-r01419,line-b,line-b-e26,33.2029954,-116.1496364,180.0,line-b-e27,33.2031548,-116.1494468,180.0,line-b-e30,33.2036330,-116.1488780,180.0,line-b-e31,33.2037924,-116.1486884,180.0,2026-08-18T19:33:48Z,dipole-dipole,3,5,1.589,503.4,196.223,7.258,0.00300,0.00102,0.00510;0.00407;0.00428;0.00343;0.00322;0.00278;0.00231;0.00195;0.00153;0.00112,
line-b-r01420,line-b,line-b-e26,33.2029954,-116.1496364,180.0,line-b-e27,33.2031548,-116.1494468,180.0,line-b-e30,33.2036330,-116.1488780,180.0,line-b-e31,33.2037924,-116.1486884,180.0,2026-08-18T19:34:00Z,dipole-dipole,3,8,1.713,466.9,194.511,6.737,0.00494,0.00102,0.00763;0.00728;0.00632;0.00641;0.00565;0.00466;0.00415;0.00323;0.00245;0.00152,
line-b-r01421,line-b,line-b-e26,33.2029954,-116.1496364,180.0,line-b-e27,33.2031548,-116.1494468,180.0,line-b-e30,33.2036330,-116.1488780,180.0,line-b-e31,33.2037924,-116.1486884,180.0,2026-08-18T19:34:12Z,dipole-dipole,3,7,1.518,526.9,202.954,8.807,0.00544,0.00070,0.00811;0.00804;0.00674;0.00692;0.00622;0.00566;0.00420;0.00347;0.00278;0.00194,
line-b-r01422,line-b,line-b-e26,33.2029954,-116.1496364,180.0,line-b-e27,33.2031548,-116.1494468,180.0,line-b-e30,33.2036330,-116.1488780,180.0,line-b-e31,33.2037924,-116.1486884,180.0,2026-08-18T19:34:24Z,dipole-dipole,3,7,1.933,413.9,199.104,7.402,0.00520,0.00101,0.00769;0.00752;0.00759;0.00670;0.00620;0.00493;0.00448;0.00306;0.00260;0.00174,
line-b-r01423,line-b,line-b-e26,33.2029954,-116.1496364,180.0,line-b-e27,33.2031548,-116.1494468,180.0,line-b-e30,33.2036330,-116.1488780,180.0,line-b-e31,33.2037924,-116.1486884,180.0,2026-08-18T19:34:36Z,dipole-dipole,3,8,1.636,489.0,199.948,7.720,0.00442,0.00111,0.00740;0.00660;0.00612;0.00502;0.00461;0.00462;0.00375;0.00305;0.00208;0.00147,
line-b-r01424,line-b,line-b-e26,33.2029954,-116.1496364,180.0,line-b-e27,33.2031548,-116.1494468,180.0,line-b-e30,33.2036330,-116.1488780,180.0,line-b-e31,33.2037924,-116.1486884,180.0,2026-08-18T19:34:48Z,dipole-dipole,3,3,1.694,472.4,196.652,7.948,0.00535,0.01322,0.00872;0.00775;0.00724;0.00635;0.00537;0.00567;0.00416;0.00350;0.00291;0.00194,
line-b-r01425,line-b,line-b-e26,33.2029954,-116.1496364,180.0,line-b-e27,33.2031548,-116.1494468,180.0,line-b-e31,33.2037924,-116.1486884,180.0,line-b-e32,33.2039518,-116.1484988,180.0,2026-08-18T19:35:00Z,dipole-dipole,4,8,1.370,584.0,195.695,6.666,0.00445,0.00124,0.00712;0.00632;0.00655;0.00701;0.00501;0.00469;0.00337;0.00260;0.00222;0.00179,
line-b-r01426,line-b,line-b-e26,33.2029954,-116.1496364,180.0,line-b-e27,33.2031548,-116.1494468,180.0,line-b-e31,33.2037924,-116.1486884,180.0,line-b-e32,33.2039518,-116.1484988,180.0,2026-08-18T19:35:12Z,dipole-dipole,4,8,1.573,508.5,199.790,7.318,0.00546,0.00111,0.00822;0.00844;0.00781;0.00731;0.00573;0.00497;0.00462;0.00349;0.00266;0.00184,
line-b-r01427,line-b,line-b-e26,33.2029954,-116.1496364,180.0,line-b-e27,33.2031548,-116.1494468,180.0,line-b-e31,33.2037924,-116.1486884,180.0,line-b-e32,33.2039518,-116.1484988,180.0,2026-08-18T19:35:24Z,dipole-dipole,4,5,1.495,535.0,199.153,6.594,0.00594,0.00110,0.01012;0.00881;0.00822;0.00644;0.00685;0.00537;0.00503;0.00400;0.00316;0.00197,
line-b-r01428,line-b,line-b-e26,33.2029954,-116.1496364,180.0,line-b-e27,33.2031548,-116.1494468,180.0,line-b-e31,33.2037924,-116.1486884,180.0,line-b-e32,33.2039518,-116.1484988,180.0,2026-08-18T19:35:36Z,dipole-dipole,4,5,1.523,525.4,201.641,8.190,0.00474,0.00089,0.00727;0.00710;0.00729;0.00586;0.00519;0.00453;0.00342;0.00313;0.00233;0.00164,
line-b-r01429,line-b,line-b-e26,33.2029954,-116.1496364,180.0,line-b-e27,33.2031548,-116.1494468,180.0,line-b-e31,33.2037924,-116.1486884,180.0,line-b-e32,33.2039518,-116.1484988,180.0,2026-08-18T19:35:48Z,dipole-dipole,4,5,1.652,484.2,190.381,7.373,0.00597,0.00108,0.00979;0.00915;0.00794;0.00687;0.00593;0.00561;0.00599;0.00382;0.00299;0.00210,
line-b-r01430,line-b,line-b-e26,33.2029954,-116.1496364,180.0,line-b-e27,33.2031548,-116.1494468,180.0,line-b-e31,33.2037924,-116.1486884,180.0,line-b-e32,33.2039518,-116.1484988,180.0,2026-08-18T19:36:00Z,dipole-dipole,4,3,1.531,522.5,210.768,6.211,0.00591,0.00117,0.00904;0.00883;0.00876;0.00722;0.00644;0.00599;0.00461;0.00389;0.00256;0.00199,
line-b-r01431,line-b,line-b-e26,33.2029954,-116.1496364,180.0,line-b-e27,33.2031548,-116.1494468,180.0,line-b-e31,33.2037924,-116.1486884,180.0,line-b-e32,33.2039518,-116.1484988,180.0,2026-08-18T19:36:12Z,dipole-dipole,4,6,1.593,502.1,202.670,6.527,0.00386,0.00102,0.00620;0.00580;0.00555;0.00492;0.00430;0.00348;0.00286;0.00248;0.00163;0.00145,
line-b-r01432,line-b,line-b-e26,33.2029954,-116.1496364,180.0,line-b-e27,33.2031548,-116.1494468,180.0,line-b-e32,33.2039518,-116.1484988,180.0,line-b-e33,33.2041111,-116.1483092,180.0,2026-08-18T19:36:24Z,dipole-dipole,5,4,1.770,452.1,210.332,7.151,0.00482,0.00082,0.00739;0.00716;0.00643;0.00614;0.00563;0.00421;0.00357;0.00292;0.00258;0.00173,
line-b-r01433,line-b,line-b-e26,33.2029954,-116.1496364,180.0,line-b-e27,33.2031548,-116.1494468,180.0,line-b-e32,33.2039518,-116.1484988,180.0,line-b-e33,33.2041111,-116.1483092,180.0,2026-08-18T19:36:36Z,dipole-dipole,5,3,1.474,542.9,199.806,7.113,0.00496,0.00121,0.00805;0.00766;0.00627;0.00664;0.00524;0.00484;0.00364;0.00341;0.00235;0.00158,
line-b-r01434,line-b,line-b-e26,33.2029954,-116.1496364,180.0,line-b-e27,33.2031548,-116.1494468,180.0,line-b-e32,33.2039518,-116.1484988,180.0,line-b-e33,33.2041111,-116.1483092,180.0,2026-08-18T19:36:48Z,dipole-dipole,5,4,1.258,635.8,205.371,7.514,0.00306,0.00095,0.00509;0.00459;0.00442;0.00350;0.00363;0.00288;0.00241;0.00185;0.00163;0.00120,
line-b-r01435,line-b,line-b-e26,33.2029954,-116.1496364,180.0,line-b-e27,33.2031548,-116.1494468,180.0,line-b-e32,33.2039518,-116.1484988,180.0,line-b-e33,33.2041111,-116.1483092,180.0,2026-08-18T19:37:00Z,dipole-dipole,5,7,1.516,527.9,206.361,8.831,0.00403,0.00093,0.00603;0.00620;0.00577;0.00432;0.00456;0.00361;0.00308;0.00251;0.00178;0.00144,
line-b-r01436,line-b,line-b-e26,33.2029954,-116.1496364,180.0,line-b-e27,33.2031548,-116.1494468,180.0,line-b-e32,33.2039518,-116.1484988,180.0,line-b-e33,33.2041111,-116.1483092,180.0,2026-08-18T19:37:12Z,dipole-dipole,5,7,1.416,565.2,191.567,10.523,0.00598,0.00126,0.00984;0.00840;0.00790;0.00746;0.00617;0.00534;0.00479;0.00358;0.00297;0.00208,
line-b-r01437,line-b,line-b-e26,33.2029954,-116.1496364,180.0,line-b-e27,33.2031548,-116.1494468,180.0,line-b-e32,33.2039518,-116.1484988,180.0,line-b-e33,33.2041111,-116.1483092,180.0,2026-08-18T19:37:24Z,dipole-dipole,5,8,1.513,528.8,195.382,5.904,0.00425,0.00093,0.00678;0.00635;0.00619;0.00492;0.00501;0.00430;0.00368;0.00258;0.00208;0.00143,
line-b-r01438,line-b,line-b-e26,33.2029954,-116.1496364,180.0,line-b-e27,33.2031548,-116.1494468,180.0,line-b-e32,33.2039518,-116.1484988,180.0,line-b-e33,33.2041111,-116.1483092,180.0,2026-08-18T19:37:36Z,dipole-dipole,5,4,1.544,518.0,202.828,6.402,0.00389,0.00091,0.00655;0.00614;0.00554;0.00510;0.00483;0.00392;0.00346;0.00239;0.00203;0.00137,
line-b-r01439,line-b,line-b-e26,33.2029954,-116.1496364,180.0,line-b-e27,33.2031548,-116.1494468,180.0,line-b-e33,33.2041111,-116.1483092,180.0,line-b-e34,33.2042705,-116.1481196,180.0,2026-08-18T19:37:48Z,dipole-dipole,6,8,1.446,553.2,199.812,7.059,0.00618,0.00120,0.00933;0.00843;0.00796;0.00784;0.00662;0.00623;0.00469;0.00354;0.00322;0.00209,
line-b-r01440,line-b,line-b-e26,33.2029954,-116.1496364,180.0,line-b-e27,33.2031548,-116.1494468,180.0,line-b-e33,33.2041111,-116.1483092,180.0,line-b-e34,33.2042705,-116.1481196,180.0,2026-08-18T19:38:00Z,dipole-dipole,6,5,1.435,557.4,213.755,5.849,0.00467,0.00125,0.00759;0.00773;0.00673;0.00529;0.00553;0.00426;0.00387;0.00305;0.00226;0.00169,
line-b-r01441,line-b,line-b-e26,33.2029954,-116.1496364,180.0,line-b-e27,33.2031548,-116.1494468,180.0,line-b-e33,33.2041111,-116.1483092,180.0,line-b-e34,33.2042705,-116.1481196,180.0,2026-08-18T19:38:12Z,dipole-dipole,6,3,1.451,551.4,200.033,7.477,0.00352,0.00118,0.00670;0.00503;0.00490;0.00455;0.00374;0.00316;0.00241;0.00189;0.00170;0.00136,
line-b-r01442,line-b,line-b-e26,33.2029954,-116.1496364,180.0,line-b-e27,33.2031548,-116.1494468,180.0,line-b-e33,33.2041111,-116.1483092,180.0,line-b-e34,33.2042705,-116.1481196,180.0,2026-08-18T19:38:24Z,dipole-dipole,6,8,1.415,565.4,209.372,8.228,0.00480,0.00091,0.00736;0.00704;0.00615;0.00601;0.00482;0.00452;0.00391;0.00263;0.00258;0.00158,
line-b-r01443,line-b,line-b-e26,33.2029954,-116.1496364,180.0,line-b-e27,33.2031548,-116.1494468,180.0,line-b-e33,33.2041111,-116.1483092,180.0,line-b-e34,33.2042705,-116.1481196,180.0,2026-08-18T19:38:36Z,dipole-dipole,6,8,1.611,496.6,190.279,6.788,0.00479,0.00126,0.00797;0.00678;0.00716;0.00604;0.00555;0.00459;0.00384;0.00294;0.00224;0.00153,
line-b-r01444,line-b,line-b-e26,33.2029954,-116.1496364,180.0,line-b-e27,33.2031548,-116.1494468,180.0,line-b-e33,33.2041111,-116.1483092,180.0,line-b-e34,33.2042705,-116.1481196,180.0,2026-08-18T19:38:48Z,dipole-dipole,6,4,1.586,504.5,206.683,5.058,0.00604,0.00099,0.01080;0.00859;0.00910;0.00784;0.00711;0.00582;0.00510;0.00337;0.00286;0.00189,
line-b-r01445,line-b,line-b-e26,33.2029954,-116.1496364,180.0,line-b-e27,33.2031548,-116.1494468,180.0,line-b-e33,33.2041111,-116.1483092,180.0,line-b-e34,33.2042705,-116.1481196,180.0,2026-08-18T19:39:00Z,dipole-dipole,6,6,1.562,512.0,218.240,6.979,0.00521,0.00103,0.00794;0.00837;0.00734;0.00686;0.00550;0.00524;0.00425;0.00356;0.00246;0.00175,
line-b-r01446,line-b,line-b-e26,33.2029954,-116.1496364,180.0,line-b-e27,33.2031548,-116.1494468,180.0,line-b-e34,33.2042705,-116.1481196,180.0,line-b-e35,33.2044299,-116.1479300,180.0,2026-08-18T19:39:12Z,dipole-dipole,7,7,1.769,452.2,197.550,7.379,0.00529,0.00092,0.00872;0.00760;0.00711;0.00615;0.00563;0.00505;0.00452;0.00334;0.00260;0.00194,
line-b-r01447,line-b,line-b-e26,33.2029954,-116.1496364,180.0,line-b-e27,33.2031548,-116.1494468,180.0,line-b-e34,33.2042705,-116.1481196,180.0,line-b-e35,33.2044299,-116.1479300,180.0,2026-08-18T19:39:24Z,dipole-dipole,7,5,1.489,537.2,205.698,8.470,0.00430,0.00092,0.00692;0.00627;0.00537;0.00563;0.00454;0.00424;0.00367;0.00266;0.00211;0.00160,
line-b-r01448,line-b,line-b-e26,33.2029954,-116.1496364,180.0,line-b-e27,33.2031548,-116.1494468,180.0,line-b-e34,33.2042705,-116.1481196,180.0,line-b-e35,33.2044299,-116.1479300,180.0,2026-08-18T19:39:36Z,dipole-dipole,7,5,1.839,434.9,212.500,8.319,0.00453,0.00094,0.00709;0.00687;0.00641;0.00559;0.00475;0.00455;0.00331;0.00296;0.00213;0.00150,
line-b-r01449,line-b,line-b-e26,33.2029954,-116.1496364,180.0,line-b-e27,33.2031548,-116.1494468,180.0,line-b-e34,33.2042705,-116.1481196,180.0,line-b-e35,33.2044299,-116.1479300,180.0,2026-08-18T19:39:48Z,dipole-dipole,7,7,1.880,425.6,205.069,9.267,0.00325,0.00104,0.00519;0.00443;0.00427;0.00363;0.00341;0.00286;0.00251;0.00198;0.00152;0.00119,
line-b-r01450,line-b,line-b-e26,33.2029954,-116.1496364,180.0,line-b-e27,33.2031548,-116.1494468,180.0,line-b-e34,33.2042705,-116.1481196,180.0,line-b-e35,33.2044299,-116.1479300,180.0,2026-08-18T19:40:00Z,dipole-dipole,7,6,1.680,476.2,205.113,7.993,0.00505,0.00097,0.00871;0.00804;0.00728;0.00572;0.00554;0.00470;0.00463;0.00339;0.00247;0.00183,
line-b-r01451,line-b,line-b-e26,33.2029954,-116.1496364,180.0,line-b-e27,33.2031548,-116.1494468,180.0,line-b-e34,33.2042705,-116.1481196,180.0,line-b-e35,33.2044299,-116.1479300,180.0,2026-08-18T19:40:12Z,dipole-dipole,7,7,1.763,453.8,197.054,9.655,0.00595,0.00084,0.00961;0.00906;0.00811;0.00734;0.00604;0.00583;0.00437;0.00382;0.00281;0.00212,
line-b-r01452,line-b,line-b-e26,33.2029954,-116.1496364,180.0,line-b-e27,33.2031548,-116.1494468,180.0,line-b-e34,33.2042705,-116.1481196,180.0,line-b-e35,33.2044299,-116.1479300,180.0,2026-08-18T19:40:24Z,dipole-dipole,7,7,1.207,662.6,211.246,6.451,0.00568,0.00097,0.00886;0.00890;0.00804;0.00784;0.00608;0.00562;0.00454;0.00347;0.00301;0.00202,
line-b-r01453,line-b,line-b-e26,33.2029954,-116.1496364,180.0,line-b-e27,33.2031548,-116.1494468,180.0,line-b-e35,33.2044299,-116.1479300,180.0,line-b-e36,33.2045893,-116.1477404,180.0,2026-08-18T19:40:36Z,dipole-dipole,8,6,2.000,354.7,191.952,6.920,0.00653,0.00095,0.00940;0.00888;0.00883;0.00732;0.00799;0.00535;0.00521;0.00404;0.00339;0.00223,
line-b-r01454,line-b,line-b-e26,33.2029954,-116.1496364,180.0,line-b-e27,33.2031548,-116.1494468,180.0,line-b-e35,33.2044299,-116.1479300,180.0,line-b-e36,33.2045893,-116.1477404,180.0,2026-08-18T19:40:48Z,dipole-dipole,8,6,1.190,672.0,201.596,7.574,0.00336,0.00088,0.00567;0.00484;0.00430;0.00465;0.00322;0.00319;0.00257;0.00219;0.00169;0.00116,
line-b-r01455,line-b,line-b-e26,33.2029954,-116.1496364,180.0,line-b-e27,33.2031548,-116.1494468,180.0,line-b-e35,33.2044299,-116.1479300,180.0,line-b-e36,33.2045893,-116.1477404,180.0,2026-08-18T19:41:00Z,dipole-dipole,8,4,1.830,437.1,196.331,6.317,0.00603,0.00100,0.00983;0.00867;0.00833;0.00731;0.00643;0.00579;0.00459;0.00372;0.00305;0.00208,
line-b-r01456,line-b,line-b-e26,33.2029954,-116.1496364,180.0,line-b-e27,33.2031548,-116.1494468,180.0,line-b-e35,33.2044299,-116.1479300,180.0,line-b-e36,33.2045893,-116.1477404,180.0,2026-08-18T19:41:12Z,dipole-dipole,8,8,1.976,404.9,203.805,8.322,0.00503,0.00102,0.00799;0.00677;0.00720;0.00654;0.00551;0.00480;0.00385;0.00334;0.00232;0.00171,
line-b-r01457,line-b,line-b-e26,33.2029954,-116.1496364,180.0,line-b-e27,33.2031548,-116.1494468,180.0,line-b-e35,33.2044299,-116.1479300,180.0,line-b-e36,33.2045893,-116.1477404,180.0,2026-08-18T19:41:24Z,dipole-dipole,8,5,1.754,456.2,191.531,6.328,0.00489,0.00867,0.00742;0.00763;0.00691;0.00613;0.00542;0.00454;0.00404;0.00335;0.00225;0.00164,
line-b-r01458,line-b,line-b-e26,33.2029954,-116.1496364,180.0,line-b-e27,33.2031548,-116.1494468,180.0,line-b-e35,33.2044299,-116.1479300,180.0,line-b-e36,33.2045893,-116.1477404,180.0,2026-08-18T19:41:36Z,dipole-dipole,8,6,1.326,603.5,210.292,8.145,0.00506,0.00109,0.00796;0.00728;0.00666;0.00632;0.00514;0.00446;0.00436;0.00311;0.00249;0.00189,
line-b-r01459,line-b,line-b-e26,33.2029954,-116.1496364,180.0,line-b-e27,33.2031548,-116.1494468,180.0,line-b-e35,33.2044299,-116.1479300,180.0,line-b-e36,33.2045893,-116.1477404,180.0,2026-08-18T19:41:48Z,dipole-dipole,8,3,1.762,454.0,199.964,6.405,0.00573,0.00096,0.00990;0.00845;0.00685;0.00686;0.00668;0.00516;0.00441;0.00353;0.00285;0.00211,
line-b-r01460,line-b,line-b-e27,33.2031548,-116.1494468,180.0,line-b-e28,33.2033142,-116.1492572,180.0,line-b-e30,33.2036330,-116.1488780,180.0,line-b-e31,33.2037924,-116.1486884,180.0,2026-08-18T19:42:00Z,dipole-dipole,2,7,1.304,613.6,197.927,7.546,0.00408,0.00107,0.00697;0.00575;0.00565;0.00501;0.00459;0.00390;0.00342;0.00248;0.00192;0.00137,
line-b-r01461,line-b,line-b-e27,33.2031548,-116.1494468,180.0,line-b-e28,33.2033142,-116.1492572,180.0,line-b-e30,33.2036330,-116.1488780,180.0,line-b-e31,33.2037924,-116.1486884,180.0,2026-08-18T19:42:12Z,dipole-dipole,2,8,1.737,460.6,203.862,7.270,0.00381,0.00137,0.00676;0.00563;0.00497;0.00486;0.00441;0.00386;0.00273;0.00236;0.00191;0.00142,
line-b-r01462,line-b,line-b-e27,33.2031548,-116.1494468,180.0,line-b-e28,33.2033142,-116.1492572,180.0,line-b-e30,33.2036330,-116.1488780,180.0,line-b-e31,33.2037924,-116.1486884,180.0,2026-08-18T19:42:24Z,dipole-dipole,2,7,1.607,497.9,203.208,7.944,0.00495,0.00113,0.00821;0.00841;0.00609;0.00663;0.00601;0.00427;0.00415;0.00341;0.00237;0.00177,
line-b-r01463,line-b,line-b-e27,33.2031548,-116.1494468,180.0,line-b-e28,33.2033142,-116.1492572,180.0,line-b-e30,33.2036330,-116.1488780,180.0,line-b-e31,33.2037924,-116.1486884,180.0,2026-08-18T19:42:36Z,dipole-dipole,2,8,1.639,488.0,203.488,8.480,0.00504,0.00152,0.00717;0.00812;0.00704;0.00603;0.00585;0.00481;0.00373;0.00306;0.00243;0.00165,
line-b-r01464,line-b,line-b-e27,33.2031548,-116.1494468,180.0,line-b-e28,33.2033142,-116.1492572,180.0,line-b-e30,33.2036330,-116.1488780,180.0,line-b-e31,33.2037924,-116.1486884,180.0,2026-08-18T19:42:48Z,dipole-dipole,2,6,1.473,543.2,203.326,8.180,0.00557,0.00110,0.00844;0.00911;0.00755;0.00828;0.00623;0.00559;0.00446;0.00344;0.00283;0.00203,
line-b-r01465,line-b,line-b-e27,33.2031548,-116.1494468,180.0,line-b-e28,33.2033142,-116.1492572,180.0,line-b-e30,33.2036330,-116.1488780,180.0,line-b-e31,33.2037924,-116.1486884,180.0,2026-08-18T19:43:00Z,dipole-dipole,2,8,1.119,714.9,195.354,5.526,0.00389,0.00140,0.00668;0.00531;0.00493;0.00437;0.00438;0.00356;0.00296;0.00246;0.00192;0.00137,
line-b-r01466,line-b,line-b-e27,33.2031548,-116.1494468,180.0,line-b-e28,33.2033142,-116.1492572,180.0,line-b-e30,33.2036330,-116.1488780,180.0,line-b-e31,33.2037924,-116.1486884,180.0,2026-08-18T19:43:12Z,dipole-dipole,2,4,1.526,524.1,203.906,7.081,0.00537,0.00087,0.00898;0.00911;0.00698;0.00605;0.00578;0.00514;0.00450;0.00315;0.00249;0.00206,
line-b-r01467,line-b,line-b-e27,33.2031548,-116.1494468,180.0,line-b-e28,33.2033142,-116.1492572,180.0,line-b-e31,33.2037924,-116.1486884,180.0,line-b-e32,33.2039518,-116.1484988,180.0,2026-08-18T19:43:24Z,dipole-dipole,3,4,1.658,482.5,181.675,8.223,0.00646,0.00107,0.00989;0.00814;0.00870;0.00747;0.00729;0.00616;0.00495;0.00407;0.00295;0.00251,
line-b-r01468,line-b,line-b-e27,33.2031548,-116.1494468,180.0,line-b-e28,33.2033142,-116.1492572,180.0,line-b-e31,33.2037924,-116.1486884,180.0,line-b-e32,33.2039518,-116.1484988,180.0,2026-08-18T19:43:36Z,dipole-dipole,3,6,1.567,510.7,195.485,5.589,0.00553,0.00157,0.00926;0.00762;0.00759;0.00742;0.00649;0.00521;0.00410;0.00353;0.00287;0.00202,
line-b-r01469,line-b,line-b-e27,33.2031548,-116.1494468,180.0,line-b-e28,33.2033142,-116.1492572,180.0,line-b-e31,33.2037924,-116.1486884,180.0,line-b-e32,33.2039518,-116.1484988,180.0,2026-08-18T19:43:48Z,dipole-dipole,3,6,1.680,476.2,200.497,6.007,0.00584,0.00143,0.01007;0.00834;0.00752;0.00774;0.00671;0.00526;0.00477;0.00355;0.00274;0.00213,
line-b-r01470,line-b,line-b-e27,33.2031548,-116.1494468,180.0,line-b-e28,33.2033142,-116.1492572,180.0,line-b-e31,33.2037924,-116.1486884,180.0,line-b-e32,33.2039518,-116.1484988,180.0,2026-08-18T19:44:00Z,dipole-dipole,3,8,1.396,572.9,195.879,198.784,0.00507,0.00089,0.00797;0.00780;0.00680;0.00730;0.00531;0.00448;0.00416;0.00344;0.00272;0.00185,
line-b-r01471,line-b,line-b-e27,33.2031548,-116.1494468,180.0,line-b-e28,33.2033142,-116.1492572,180.0,line-b-e31,33.2037924,-116.1486884,180.0,line-b-e32,33.2039518,-116.1484988,180.0,2026-08-18T19:44:12Z,dipole-dipole,3,4,1.736,460.9,210.669,7.260,0.00545,0.00120,0.00832;0.00756;0.00699;0.00733;0.00530;0.00523;0.00423;0.00366;0.00293;0.00218,
line-b-r01472,line-b,line-b-e27,33.2031548,-116.1494468,180.0,line-b-e28,33.2033142,-116.1492572,180.0,line-b-e31,33.2037924,-116.1486884,180.0,line-b-e32,33.2039518,-116.1484988,180.0,2026-08-18T19:44:24Z,dipole-dipole,3,8,1.610,497.0,193.175,7.819,0.00496,0.00110,0.00877;0.00759;0.00733;0.00613;0.00580;0.00446;0.00409;0.00330;0.00230;0.00143,
line-b-r01473,line-b,line-b-e27,33.2031548,-116.1494468,180.0,line-b-e28,33.2033142,-116.1492572,180.0,line-b-e32,33.2039518,-116.1484988,180.0,line-b-e33,33.2041111,-116.1483092,180.0,2026-08-18T19:44:36Z,dipole-dipole,4,8,1.496,534.8,194.299,6.617,0.00666,0.00097,0.01041;0.00961;0.00907;0.00880;0.00820;0.00634;0.00535;0.00415;0.00330;0.00253,
line-b-r01474,line-b,line-b-e27,33.2031548,-116.1494468,180.0,line-b-e28,33.2033142,-116.1492572,180.0,line-b-e32,33.2039518,-116.1484988,180.0,line-b-e33,33.2041111,-116.1483092,180.0,2026-08-18T19:44:48Z,dipole-dipole,4,3,1.322,605.1,203.739,8.646,0.00475,0.00076,0.00747;0.00633;0.00639;0.00604;0.00446;0.00433;0.00394;0.00319;0.00233;0.00167,
line-b-r01475,line-b,line-b-e27,33.2031548,-116.1494468,180.0,line-b-e28,33.2033142,-116.1492572,180.0,line-b-e32,33.2039518,-116.1484988,180.0,line-b-e33,33.2041111,-116.1483092,180.0,2026-08-18T19:45:00Z,dipole-dipole,4,5,1.447,552.7,210.259,6.580,0.00438,0.00098,0.00706;0.00652;0.00656;0.00516;0.00433;0.00425;0.00361;0.00305;0.00212;0.00162,
line-b-r01476,line-b,line-b-e27,33.2031548,-116.1494468,180.0,line-b-e28,33.2033142,-116.1492572,180.0,line-b-e32,33.2039518,-116.1484988,180.0,line-b-e33,33.2041111,-116.1483092,180.0,2026-08-18T19:45:12Z,dipole-dipole,4,8,1.543,518.4,211.963,8.294,0.00529,0.00071,0.00801;0.00832;0.00704;0.00629;0.00541;0.00543;0.00419;0.00317;0.00254;0.00213,
line-b-r01477,line-b,line-b-e27,33.2031548,-116.1494468,180.0,line-b-e28,33.2033142,-116.1492572,180.0,line-b-e32,33.2039518,-116.1484988,180.0,line-b-e33,33.2041111,-116.1483092,180.0,2026-08-18T19:45:24Z,dipole-dipole,4,3,1.539,519.9,208.600,8.648,0.00536,0.00092,0.00770;0.00859;0.00703;0.00674;0.00569;0.00469;0.00456;0.00340;0.00273;0.00177,
line-b-r01478,line-b,line-b-e27,33.2031548,-116.1494468,180.0,line-b-e28,33.2033142,-116.1492572,180.0,line-b-e32,33.2039518,-116.1484988,180.0,line-b-e33,33.2041111,-116.1483092,180.0,2026-08-18T19:45:36Z,dipole-dipole,4,3,1.570,509.6,197.500,6.505,0.00559,0.00090,0.00938;0.00839;0.00814;0.00673;0.00650;0.00519;0.00482;0.00355;0.00294;0.00202,
line-b-r01479,line-b,line-b-e27,33.2031548,-116.1494468,180.0,line-b-e28,33.2033142,-116.1492572,180.0,line-b-e33,33.2041111,-116.1483092,180.0,line-b-e34,33.2042705,-116.1481196,180.0,2026-08-18T19:45:48Z,dipole-dipole,5,4,1.533,521.9,209.289,8.257,0.00512,0.00103,0.00886;0.00668;0.00674;0.00624;0.00523;0.00478;0.00377;0.00316;0.00246;0.00182,
line-b-r01480,line-b,line-b-e27,33.2031548,-116.1494468,180.0,line-b-e28,33.2033142,-116.1492572,180.0,line-b-e33,33.2041111,-116.1483092,180.0,line-b-e34,33.2042705,-116.1481196,180.0,2026-08-18T19:46:00Z,dipole-dipole,5,4,1.810,442.0,196.592,5.953,0.00274,0.00131,0.00415;0.00411;0.00349;0.00342;0.00352;0.00265;0.00213;0.00161;0.00142;0.00101,
line-b-r01481,line-b,line-b-e27,33.2031548,-116.1494468,180.0,line-b-e28,33.2033142,-116.1492572,180.0,line-b-e33,33.2041111,-116.1483092,180.0,line-b-e34,33.2042705,-116.1481196,180.0,2026-08-18T19:46:12Z,dipole-dipole,5,6,1.640,487.8,204.167,6.321,0.00356,0.00106,0.00565;0.00522;0.00496;0.00402;0.00378;0.00311;0.00269;0.00199;0.00188;0.00135,
line-b-r01482,line-b,line-b-e27,33.2031548,-116.1494468,180.0,line-b-e28,33.2033142,-116.1492572,180.0,line-b-e33,33.2041111,-116.1483092,180.0,line-b-e34,33.2042705,-116.1481196,180.0,2026-08-18T19:46:24Z,dipole-dipole,5,6,1.889,423.4,194.503,7.519,0.00513,0.00106,0.00795;0.00824;0.00740;0.00616;0.00607;0.00548;0.00424;0.00340;0.00259;0.00200,
line-b-r01483,line-b,line-b-e27,33.2031548,-116.1494468,180.0,line-b-e28,33.2033142,-116.1492572,180.0,line-b-e33,33.2041111,-116.1483092,180.0,line-b-e34,33.2042705,-116.1481196,180.0,2026-08-18T19:46:36Z,dipole-dipole,5,7,1.494,535.4,200.547,6.138,0.00609,0.00100,0.01000;0.00966;0.00789;0.00792;0.00565;0.00576;0.00485;0.00412;0.00303;0.00209,
line-b-r01484,line-b,line-b-e27,33.2031548,-116.1494468,180.0,line-b-e28,33.2033142,-116.1492572,180.0,line-b-e33,33.2041111,-116.1483092,180.0,line-b-e34,33.2042705,-116.1481196,180.0,2026-08-18T19:46:48Z,dipole-dipole,5,7,1.502,532.7,212.841,8.250,0.00494,0.00098,0.00708;0.00708;0.00643;0.00603;0.00580;0.00478;0.00400;0.00345;0.00211;0.00175,
line-b-r01485,line-b,line-b-e27,33.2031548,-116.1494468,180.0,line-b-e28,33.2033142,-116.1492572,180.0,line-b-e34,33.2042705,-116.1481196,180.0,line-b-e35,33.2044299,-116.1479300,180.0,2026-08-18T19:47:00Z,dipole-dipole,6,3,1.557,513.7,208.627,6.694,0.00538,0.00122,0.00844;0.00806;0.00740;0.00648;0.00636;0.00496;0.00422;0.00373;0.00268;0.00190,
line-b-r01486,line-b,line-b-e27,33.2031548,-116.1494468,180.0,line-b-e28,33.2033142,-116.1492572,180.0,line-b-e34,33.2042705,-116.1481196,180.0,line-b-e35,33.2044299,-116.1479300,180.0,2026-08-18T19:47:12Z,dipole-dipole,6,3,1.613,496.0,210.084,8.974,0.00370,0.00101,0.00607;0.00498;0.00469;0.00447;0.00354;0.00369;0.00275;0.00247;0.00194;0.00138,
line-b-r01487,line-b,line-b-e27,33.2031548,-116.1494468,180.0,line-b-e28,33.2033142,-116.1492572,180.0,line-b-e34,33.2042705,-116.1481196,180.0,line-b-e35,33.2044299,-116.1479300,180.0,2026-08-18T19:47:24Z,dipole-dipole,6,8,1.437,556.7,196.309,8.157,0.00443,0.00102,0.00780;0.00687;0.00654;0.00529;0.00501;0.00373;0.00357;0.00299;0.00214;0.00159,
line-b-r01488,line-b,line-b-e27,33.2031548,-116.1494468,180.0,line-b-e28,33.2033142,-116.1492572,180.0,line-b-e34,33.2042705,-116.1481196,180.0,line-b-e35,33.2044299,-116.1479300,180.0,2026-08-18T19:47:36Z,dipole-dipole,6,4,1.457,548.9,201.059,6.326,0.00541,0.00098,0.00859;0.00763;0.00657;0.00625;0.00622;0.00494;0.00425;0.00340;0.00252;0.00188,
line-b-r01489,line-b,line-b-e27,33.2031548,-116.1494468,180.0,line-b-e28,33.2033142,-116.1492572,180.0,line-b-e34,33.2042705,-116.1481196,180.0,line-b-e35,33.2044299,-116.1479300,180.0,2026-08-18T19:47:48Z,dipole-dipole,6,7,1.585,504.7,194.629,8.052,0.00507,0.00103,0.00787;0.00757;0.00690;0.00595;0.00566;0.00535;0.00398;0.00328;0.00225;0.00179,
line-b-r01490,line-b,line-b-e27,33.2031548,-116.1494468,180.0,line-b-e28,33.2033142,-116.1492572,180.0,line-b-e34,33.2042705,-116.1481196,180.0,line-b-e35,33.2044299,-116.1479300,180.0,2026-08-18T19:48:00Z,dipole-dipole,6,5,1.653,483.9,204.985,7.165,0.00446,0.00104,0.00687;0.00642;0.00609;0.00586;0.00485;0.00387;0.00381;0.00286;0.00215;0.00155,
line-b-r01491,line-b,line-b-e27,33.2031548,-116.1494468,180.0,line-b-e28,33.2033142,-116.1492572,180.0,line-b-e34,33.2042705,-116.1481196,180.0,line-b-e35,33.2044299,-116.1479300,180.0,2026-08-18T19:48:12Z,dipole-dipole,6,7,1.854,431.6,194.350,9.274,0.00553,0.00089,0.00854;0.00717;0.00702;0.00677;0.00617;0.00470;0.00513;0.00356;0.00273;0.00181,
line-b-r01492,line-b,line-b-e27,33.2031548,-116.1494468,180.0,line-b-e28,33.2033142,-116.1492572,180.0,line-b-e34,33.2042705,-116.1481196,180.0,line-b-e35,33.2044299,-116.1479300,180.0,2026-08-18T19:48:24Z,dipole-dipole,6,6,2.000,370.4,211.513,7.329,0.00660,0.00135,0.01075;0.01071;0.00872;0.00859;0.00656;0.00539;0.00490;0.00405;0.00314;0.00241,
line-b-r01493,line-b,line-b-e27,33.2031548,-116.1494468,180.0,line-b-e28,33.2033142,-116.1492572,180.0,line-b-e35,33.2044299,-116.1479300,180.0,line-b-e36,33.2045893,-116.1477404,180.0,2026-08-18T19:48:36Z,dipole-dipole,7,3,1.463,547.0,193.281,8.360,0.00222,0.00104,0.00393;0.00339;0.00336;0.00259;0.00238;0.00212;0.00172;0.00145;0.00109;0.00076,
line-b-r01494,line-b,line-b-e27,33.2031548,-116.1494468,180.0,line-b-e28,33.2033142,-116.1492572,180.0,line-b-e35,33.2044299,-116.1479300,180.0,line-b-e36,33.2045893,-116.1477404,180.0,2026-08-18T19:48:48Z,dipole-dipole,7,3,1.805,443.2,205.342,7.669,0.00265,0.00090,0.00423;0.00366;0.00350;0.00323;0.00289;0.00250;0.00242;0.00170;0.00138;0.00087,
line-b-r01495,line-b,line-b-e27,33.2031548,-116.1494468,180.0,line-b-e28,33.2033142,-116.1492572,180.0,line-b-e35,33.2044299,-116.1479300,180.0,line-b-e36,33.2045893,-116.1477404,180.0,2026-08-18T19:49:00Z,dipole-dipole,7,8,1.585,504.7,202.416,6.551,0.00555,0.00086,0.00825;0.00820;0.00677;0.00758;0.00602;0.00515;0.00459;0.00330;0.00271;0.00201,
line-b-r01496,line-b,line-b-e27,33.2031548,-116.1494468,180.0,line-b-e28,33.2033142,-116.1492572,180.0,line-b-e35,33.2044299,-116.1479300,180.0,line-b-e36,33.2045893,-116.1477404,180.0,2026-08-18T19:49:12Z,dipole-dipole,7,4,1.570,509.6,201.361,5.286,0.00465,0.00136,0.00747;0.00653;0.00684;0.00567;0.00520;0.00433;0.00428;0.00302;0.00227;0.00154,
line-b-r01497,line-b,line-b-e27,33.2031548,-116.1494468,180.0,line-b-e28,33.2033142,-116.1492572,180.0,line-b-e35,33.2044299,-116.1479300,180.0,line-b-e36,33.2045893,-116.1477404,180.0,2026-08-18T19:49:24Z,dipole-dipole,7,7,1.603,499.0,192.702,7.306,0.00632,0.00117,0.00839;0.00888;0.00945;0.00831;0.00760;0.00598;0.00551;0.00423;0.00289;0.00209,
line-b-r01498,line-b,line-b-e27,33.2031548,-116.1494468,180.0,line-b-e28,33.2033142,-116.1492572,180.0,line-b-e35,33.2044299,-116.1479300,180.0,line-b-e36,33.2045893,-116.1477404,180.0,2026-08-18T19:49:36Z,dipole-dipole,7,6,1.574,508.3,208.845,8.275,0.00580,0.00104,0.00882;0.00876;0.00708;0.00773;0.00636;0.00540;0.00390;0.00406;0.00287;0.00224,
line-b-r01499,line-b,line-b-e27,33.2031548,-116.1494468,180.0,line-b-e28,33.2033142,-116.1492572,180.0,line-b-e35,33.2044299,-116.1479300,180.0,line-b-e36,33.2045893,-116.1477404,180.0,2026-08-18T19:49:48Z,dipole-dipole,7,6,1.661,481.7,193.200,9.451,0.00475,0.00082,0.00784;0.00702;0.00620;0.00606;0.00590;0.00444;0.00340;0.00321;0.00240;0.00171,
line-b-r01500,line-b,line-b-e27,33.2031548,-116.1494468,180.0,line-b-e28,33.2033142,-116.1492572,180.0,line-b-e36,33.2045893,-116.1477404,180.0,line-b-e37,33.2047487,-116.1475508,180.0,2026-08-18T19:50:00Z,dipole-dipole,8,4,1.468,544.9,189.130,8.107,0.00719,0.00106,0.01007;0.00961;0.01020;0.00927;0.00778;0.00703;0.00547;0.00454;0.00365;0.00282,
line-b-r01501,line-b,line-b-e27,33.2031548,-116.1494468,180.0,line-b-e28,33.2033142,-116.1492572,180.0,line-b-e36,33.2045893,-116.1477404,180.0,line-b-e37,33.2047487,-116.1475508,180.0,2026-08-18T19:50:12Z,dipole-dipole,8,7,1.532,522.2,205.621,7.759,0.00328,0.00106,0.00532;0.00483;0.00476;0.00393;0.00353;0.00289;0.00272;0.00198;0.00166;0.00101,
line-b-r01502,line-b,line-b-e27,33.2031548,-116.1494468,180.0,line-b-e28,33.2033142,-116.1492572,180.0,line-b-e36,33.2045893,-116.1477404,180.0,line-b-e37,33.2047487,-116.1475508,180.0,2026-08-18T19:50:24Z,dipole-dipole,8,4,1.305,612.9,197.252,7.347,0.00695,0.00101,0.01021;0.01054;0.00914;0.00915;0.00771;0.00773;0.00559;0.00437;0.00359;0.00287,
line-b-r01503,line-b,line-b-e27,33.2031548,-116.1494468,180.0,line-b-e28,33.2033142,-116.1492572,180.0,line-b-e36,33.2045893,-116.1477404,180.0,line-b-e37,33.2047487,-116.1475508,180.0,2026-08-18T19:50:36Z,dipole-dipole,8,7,1.455,550.0,195.746,6.535,0.00572,0.00118,0.00780;0.00845;0.00823;0.00738;0.00662;0.00542;0.00439;0.00334;0.00285;0.00199,
line-b-r01504,line-b,line-b-e27,33.2031548,-116.1494468,180.0,line-b-e28,33.2033142,-116.1492572,180.0,line-b-e36,33.2045893,-116.1477404,180.0,line-b-e37,33.2047487,-116.1475508,180.0,2026-08-18T19:50:48Z,dipole-dipole,8,5,1.561,512.6,210.008,8.644,0.00506,0.00107,0.00768;0.00672;0.00763;0.00734;0.00561;0.00473;0.00431;0.00331;0.00253;0.00187,
line-b-r01505,line-b,line-b-e27,33.2031548,-116.1494468,180.0,line-b-e28,33.2033142,-116.1492572,180.0,line-b-e36,33.2045893,-116.1477404,180.0,line-b-e37,33.2047487,-116.1475508,180.0,2026-08-18T19:51:00Z,dipole-dipole,8,8,1.797,445.1,194.941,6.946,0.00581,0.00092,0.01063;0.00875;0.00742;0.00767;0.00631;0.00579;0.00439;0.00379;0.00283;0.00212,
line-b-r01506,line-b,line-b-e27,33.2031548,-116.1494468,180.0,line-b-e28,33.2033142,-116.1492572,180.0,line-b-e36,33.2045893,-116.1477404,180.0,line-b-e37,33.2047487,-116.1475508,180.0,2026-08-18T19:51:12Z,dipole-dipole,8,8,1.543,518.4,196.576,7.569,0.00346,0.00129,0.00545;0.00519;0.00465;0.00466;0.00362;0.00348;0.00278;0.00201;0.00160;0.00128,
line-b-r01507,line-b,line-b-e28,33.2033142,-116.1492572,180.0,line-b-e29,33.2034736,-116.1490676,180.0,line-b-e30,33.2036330,-116.1488780,180.0,line-b-e31,33.2037924,-116.1486884,180.0,2026-08-18T19:51:24Z,dipole-dipole,1,7,1.559,513.1,208.449,9.481,0.00375,0.00095,0.00637;0.00607;0.00546;0.00497;0.00423;0.00405;0.00273;0.00236;0.00176;0.00141,
line-b-r01508,line-b,line-b-e28,33.2033142,-116.1492572,180.0,line-b-e29,33.2034736,-116.1490676,180.0,line-b-e30,33.2036330,-116.1488780,180.0,line-b-e31,33.2037924,-116.1486884,180.0,2026-08-18T19:51:36Z,dipole-dipole,1,8,1.230,650.6,196.000,6.569,0.00509,0.00099,0.00821;0.00769;0.00731;0.00628;0.00553;0.00473;0.00406;0.00305;0.00238;0.00183,
line-b-r01509,line-b,line-b-e28,33.2033142,-116.1492572,180.0,line-b-e29,33.2034736,-116.1490676,180.0,line-b-e30,33.2036330,-116.1488780,180.0,line-b-e31,33.2037924,-116.1486884,180.0,2026-08-18T19:51:48Z,dipole-dipole,1,5,1.621,493.5,207.652,279.006,0.00468,0.00090,0.00759;0.00664;0.00607;0.00592;0.00527;0.00503;0.00410;0.00326;0.00215;0.00163,
line-b-r01510,line-b,line-b-e28,33.2033142,-116.1492572,180.0,line-b-e29,33.2034736,-116.1490676,180.0,line-b-e30,33.2036330,-116.1488780,180.0,line-b-e31,33.2037924,-116.1486884,180.0,2026-08-18T19:52:00Z,dipole-dipole,1,4,1.540,519.6,197.371,7.332,0.00422,0.00138,0.00659;0.00612;0.00491;0.00554;0.00501;0.00414;0.00370;0.00250;0.00213;0.00154,
line-b-r01511,line-b,line-b-e28,33.2033142,-116.1492572,180.0,line-b-e29,33.2034736,-116.1490676,180.0,line-b-e30,33.2036330,-116.1488780,180.0,line-b-e31,33.2037924,-116.1486884,180.0,2026-08-18T19:52:12Z,dipole-dipole,1,6,1.468,544.9,209.631,6.738,0.00540,0.00101,0.00860;0.00768;0.00771;0.00663;0.00593;0.00478;0.00420;0.00340;0.00250;0.00178,
line-b-r01512,line-b,line-b-e28,33.2033142,-116.1492572,180.0,line-b-e29,33.2034736,-116.1490676,180.0,line-b-e30,33.2036330,-116.1488780,180.0,line-b-e31,33.2037924,-116.1486884,180.0,2026-08-18T19:52:24Z,dipole-dipole,1,3,1.802,444.1,208.680,6.941,0.00504,0.00098,0.00749;0.00709;0.00692;0.00618;0.00581;0.00461;0.00401;0.00326;0.00237;0.00165,
line-b-r01513,line-b,line-b-e28,33.2033142,-116.1492572,180.0,line-b-e29,33.2034736,-116.1490676,180.0,line-b-e30,33.2036330,-116.1488780,180.0,line-b-e31,33.2037924,-116.1486884,180.0,2026-08-18T19:52:36Z,dipole-dipole,1,6,1.822,439.0,208.304,8.442,0.00434,0.00100,0.00719;0.00642;0.00587;0.00544;0.00448;0.00390;0.00358;0.00292;0.00223;0.00158,
line-b-r01514,line-b,line-b-e28,33.2033142,-116.1492572,180.0,line-b-e29,33.2034736,-116.1490676,180.0,line-b-e31,33.2037924,-116.1486884,180.0,line-b-e32,33.2039518,-116.1484988,180.0,2026-08-18T19:52:48Z,dipole-dipole,2,6,1.637,488.8,210.205,7.094,0.00547,0.00104,0.00894;0.00836;0.00709;0.00671;0.00650;0.00485;0.00439;0.00351;0.00256;0.00182,
line-b-r01515,line-b,line-b-e28,33.2033142,-116.1492572,180.0,line-b-e29,33.2034736,-116.1490676,180.0,line-b-e31,33.2037924,-116.1486884,180.0,line-b-e32,33.2039518,-116.1484988,180.0,2026-08-18T19:53:00Z,dipole-dipole,2,8,1.664,480.7,198.185,7.770,0.00341,0.00096,0.00565;0.00433;0.00464;0.00407;0.00369;0.00320;0.00272;0.00233;0.00176;0.00133,
line-b-r01516,line-b,line-b-e28,33.2033142,-116.1492572,180.0,line-b-e29,33.2034736,-116.1490676,180.0,line-b-e31,33.2037924,-116.1486884,180.0,line-b-e32,33.2039518,-116.1484988,180.0,2026-08-18T19:53:12Z,dipole-dipole,2,3,1.259,635.7,196.470,8.688,0.00699,0.00102,0.01100;0.01052;0.00983;0.00845;0.00683;0.00624;0.00562;0.00438;0.00357;0.00246,
line-b-r01517,line-b,line-b-e28,33.2033142,-116.1492572,180.0,line-b-e29,33.2034736,-116.1490676,180.0,line-b-e31,33.2037924,-116.1486884,180.0,line-b-e32,33.2039518,-116.1484988,180.0,2026-08-18T19:53:24Z,dipole-dipole,2,4,1.671,478.7,199.283,8.117,0.00359,0.00109,0.00504;0.00552;0.00497;0.00546;0.00434;0.00361;0.00293;0.00211;0.00182;0.00133,
line-b-r01518,line-b,line-b-e28,33.2033142,-116.1492572,180.0,line-b-e29,33.2034736,-116.1490676,180.0,line-b-e31,33.2037924,-116.1486884,180.0,line-b-e32,33.2039518,-116.1484988,180.0,2026-08-18T19:53:36Z,dipole-dipole,2,8,1.820,439.6,198.378,6.420,0.00398,0.00101,0.00638;0.00596;0.00518;0.00446;0.00481;0.00365;0.00310;0.00250;0.00191;0.00129,
line-b-r01519,line-b,line-b-e28,33.2033142,-116.1492572,180.0,line-b-e29,33.2034736,-116.1490676,180.0,line-b-e31,33.2037924,-116.1486884,180.0,line-b-e32,33.2039518,-116.1484988,180.0,2026-08-18T19:53:48Z,dipole-dipole,2,6,2.000,395.6,201.071,6.625,0.00333,0.00104,0.00513;0.00454;0.00465;0.00375;0.00347;0.00297;0.00281;0.00212;0.00162;0.00123,
line-b-r01520,line-b,line-b-e28,33.2033142,-116.1492572,180.0,line-b-e29,33.2034736,-116.1490676,180.0,line-b-e31,33.2037924,-116.1486884,180.0,line-b-e32,33.2039518,-116.1484988,180.0,2026-08-18T19:54:00Z,dipole-dipole,2,7,1.247,641.6,188.948,7.820,0.00594,0.00115,0.00956;0.00902;0.00765;0.00655;0.00680;0.00557;0.00472;0.00357;0.00299;0.00187,
line-b-r01521,line-b,line-b-e28,33.2033142,-116.1492572,180.0,line-b-e29,33.2034736,-116.1490676,180.0,line-b-e31,33.2037924,-116.1486884,180.0,line-b-e32,33.2039518,-116.1484988,180.0,2026-08-18T19:54:12Z,dipole-dipole,2,5,1.186,674.4,200.983,6.891,0.00725,0.00076,0.01208;0.01048;0.00982;0.00971;0.00799;0.00715;0.00570;0.00460;0.00354;0.00236,
line-b-r01522,line-b,line-b-e28,33.2033142,-116.1492572,180.0,line-b-e29,33.2034736,-116.1490676,180.0,line-b-e32,33.2039518,-116.1484988,180.0,line-b-e33,33.2041111,-116.1483092,180.0,2026-08-18T19:54:24Z,dipole-dipole,3,8,1.844,433.8,196.251,7.133,0.00601,0.00106,0.00985;0.00925;0.00753;0.00688;0.00661;0.00550;0.00466;0.00360;0.00277;0.00227,
line-b-r01523,line-b,line-b-e28,33.2033142,-116.1492572,180.0,line-b-e29,33.2034736,-116.1490676,180.0,line-b-e32,33.2039518,-116.1484988,180.0,line-b-e33,33.2041111,-116.1483092,180.0,2026-08-18T19:54:36Z,dipole-dipole,3,5,1.651,484.7,196.246,7.190,0.00559,0.00103,0.00931;0.00751;0.00804;0.00720;0.00669;0.00544;0.00449;0.00362;0.00275;0.00193,
line-b-r01524,line-b,line-b-e28,33.2033142,-116.1492572,180.0,line-b-e29,33.2034736,-116.1490676,180.0,line-b-e32,33.2039518,-116.1484988,180.0,line-b-e33,33.2041111,-116.1483092,180.0,2026-08-18T19:54:48Z,dipole-dipole,3,4,1.430,559.5,201.099,6.106,0.00532,0.00119,0.00799;0.00793;0.00664;0.00673;0.00610;0.00489;0.00406;0.00324;0.00278;0.00193,
line-b-r01525,line-b,line-b-e28,33.2033142,-116.1492572,180.0,line-b-e29,33.2034736,-116.1490676,180.0,line-b-e32,33.2039518,-116.1484988,180.0,line-b-e33,33.2041111,-116.1483092,180.0,2026-08-18T19:55:00Z,dipole-dipole,3,5,1.228,651.4,206.079,8.445,0.00410,0.00093,0.00606;0.00708;0.00586;0.00471;0.00419;0.00391;0.00302;0.00299;0.00210;0.00150,
line-b-r01526,line-b,line-b-e28,33.2033142,-116.1492572,180.0,line-b-e29,33.2034736,-116.1490676,180.0,line-b-e32,33.2039518,-116.1484988,180.0,line-b-e33,33.2041111,-116.1483092,180.0,2026-08-18T19:55:12Z,dipole-dipole,3,4,1.705,469.1,202.873,7.001,0.00521,0.00097,0.00859;0.00769;0.00635;0.00647;0.00617;0.00522;0.00405;0.00366;0.00255;0.00174,
line-b-r01527,line-b,line-b-e28,33.2033142,-116.1492572,180.0,line-b-e29,33.2034736,-116.1490676,180.0,line-b-e32,33.2039518,-116.1484988,180.0,line-b-e33,33.2041111,-116.1483092,180.0,2026-08-18T19:55:24Z,dipole-dipole,3,3,1.528,523.6,193.709,6.157,0.00474,0.00085,0.00840;0.00666;0.00720;0.00552;0.00546;0.00468;0.00354;0.00324;0.00246;0.00181,
line-b-r01528,line-b,line-b-e28,33.2033142,-116.1492572,180.0,line-b-e29,33.2034736,-116.1490676,180.0,line-b-e33,33.2041111,-116.1483092,180.0,line-b-e34,33.2042705,-116.1481196,180.0,2026-08-18T19:55:36Z,dipole-dipole,4,5,2.000,375.5,201.372,7.939,0.00476,0.00124,0.00669;0.00632;0.00572;0.00617;0.00500;0.00476;0.00363;0.00316;0.00226;0.00167,
line-b-r01529,line-b,line-b-e28,33.2033142,-116.1492572,180.0,line-b-e29,33.2034736,-116.1490676,180.0,line-b-e33,33.2041111,-116.1483092,180.0,line-b-e34,33.2042705,-116.1481196,180.0,2026-08-18T19:55:48Z,dipole-dipole,4,7,1.279,625.6,201.895,9.714,0.00284,0.00111,0.00427;0.00433;0.00393;0.00358;0.00322;0.00282;0.00204;0.00191;0.00133;0.00093,
line-b-r01530,line-b,line-b-e28,33.2033142,-116.1492572,180.0,line-b-e29,33.2034736,-116.1490676,180.0,line-b-e33,33.2041111,-116.1483092,180.0,line-b-e34,33.2042705,-116.1481196,180.0,2026-08-18T19:56:00Z,dipole-dipole,4,7,1.781,449.1,195.845,7.644,0.00684,0.00085,0.01111;0.00974;0.00894;0.00787;0.00731;0.00710;0.00555;0.00424;0.00346;0.00222,
line-b-r01531,line-b,line-b-e28,33.2033142,-116.1492572,180.0,line-b-e29,33.2034736,-116.1490676,180.0,line-b-e33,33.2041111,-116.1483092,180.0,line-b-e34,33.2042705,-116.1481196,180.0,2026-08-18T19:56:12Z,dipole-dipole,4,8,1.702,469.9,205.643,6.924,0.00559,0.00085,0.00978;0.00874;0.00777;0.00676;0.00600;0.00558;0.00425;0.00380;0.00284;0.00214,
line-b-r01532,line-b,line-b-e28,33.2033142,-116.1492572,180.0,line-b-e29,33.2034736,-116.1490676,180.0,line-b-e33,33.2041111,-116.1483092,180.0,line-b-e34,33.2042705,-116.1481196,180.0,2026-08-18T19:56:24Z,dipole-dipole,4,4,1.218,656.6,205.486,555.899,0.00596,0.00149,0.00973;0.00845;0.00788;0.00737;0.00645;0.00570;0.00462;0.00418;0.00281;0.00202,
line-b-r01533,line-b,line-b-e28,33.2033142,-116.1492572,180.0,line-b-e29,33.2034736,-116.1490676,180.0,line-b-e33,33.2041111,-116.1483092,180.0,line-b-e34,33.2042705,-116.1481196,180.0,2026-08-18T19:56:36Z,dipole-dipole,4,3,1.691,473.1,206.051,8.165,0.00531,0.00099,0.00879;0.00728;0.00670;0.00639;0.00621;0.00507;0.00422;0.00341;0.00262;0.00182,
line-b-r01534,line-b,line-b-e28,33.2033142,-116.1492572,180.0,line-b-e29,33.2034736,-116.1490676,180.0,line-b-e33,33.2041111,-116.1483092,180.0,line-b-e34,33.2042705,-116.1481196,180.0,2026-08-18T19:56:48Z,dipole-dipole,4,3,1.504,532.0,188.428,9.057,0.00519,0.00121,0.00836;0.00726;0.00650;0.00582;0.00572;0.00519;0.00429;0.00322;0.00265;0.00171,
line-b-r01535,line-b,line-b-e28,33.2033142,-116.1492572,180.0,line-b-e29,33.2034736,-116.1490676,180.0,line-b-e34,33.2042705,-116.1481196,180.0,line-b-e35,33.2044299,-116.1479300,180.0,2026-08-18T19:57:00Z,dipole-dipole,5,6,1.584,505.1,193.464,6.859,0.00394,0.00070,0.00604;0.00559;0.00572;0.00459;0.00462;0.00352;0.00282;0.00262;0.00179;0.00137,
line-b-r01536,line-b,line-b-e28,33.2033142,-116.1492572,180.0,line-b-e29,33.2034736,-116.1490676,180.0,line-b-e34,33.2042705,-116.1481196,180.0,line-b-e35,33.2044299,-116.1479300,180.0,2026-08-18T19:57:12Z,dipole-dipole,5,5,2.000,355.0,205.080,6.390,0.00534,0.00090,0.00881;0.00837;0.00758;0.00702;0.00576;0.00475;0.00448;0.00313;0.00286;0.00178,
line-b-r01537,line-b,line-b-e28,33.2033142,-116.1492572,180.0,line-b-e29,33.2034736,-116.1490676,180.0,line-b-e34,33.2042705,-116.1481196,180.0,line-b-e35,33.2044299,-116.1479300,180.0,2026-08-18T19:57:24Z,dipole-dipole,5,4,1.642,487.1,188.734,4.807,0.00338,0.00115,0.00544;0.00478;0.00456;0.00411;0.00382;0.00362;0.00258;0.00205;0.00157;0.00111,
line-b-r01538,line-b,line-b-e28,33.2033142,-116.1492572,180.0,line-b-e29,33.2034736,-116.1490676,180.0,line-b-e34,33.2042705,-116.1481196,180.0,line-b-e35,33.2044299,-116.1479300,180.0,2026-08-18T19:57:36Z,dipole-dipole,5,6,1.315,608.4,197.683,7.498,0.00177,0.00092,0.00288;0.00284;0.00240;0.00211;0.00211;0.00186;0.00138;0.00117;0.00094;0.00071,
line-b-r01539,line-b,line-b-e28,33.2033142,-116.1492572,180.0,line-b-e29,33.2034736,-116.1490676,180.0,line-b-e34,33.2042705,-116.1481196,180.0,line-b-e35,33.2044299,-116.1479300,180.0,2026-08-18T19:57:48Z,dipole-dipole,5,3,1.745,458.5,202.855,7.873,0.00655,0.00101,0.01012;0.00964;0.00960;0.00795;0.00697;0.00623;0.00516;0.00381;0.00327;0.00237,
line-b-r01540,line-b,line-b-e28,33.2033142,-116.1492572,180.0,line-b-e29,33.2034736,-116.1490676,180.0,line-b-e34,33.2042705,-116.1481196,180.0,line-b-e35,33.2044299,-116.1479300,180.0,2026-08-18T19:58:00Z,dipole-dipole,5,4,1.370,583.8,203.965,7.306,0.00483,0.00100,0.00765;0.00619;0.00614;0.00571;0.00487;0.00438;0.00331;0.00304;0.00257;0.00181,
line-b-r01541,line-b,line-b-e28,33.2033142,-116.1492572,180.0,line-b-e29,33.2034736,-116.1490676,180.0,line-b-e34,33.2042705,-116.1481196,180.0,line-b-e35,33.2044299,-116.1479300,180.0,2026-08-18T19:58:12Z,dipole-dipole,5,3,1.835,436.0,198.970,6.758,0.00487,0.00112,0.00779;0.00682;0.00700;0.00584;0.00522;0.00468;0.00369;0.00286;0.00214;0.00164,
line-b-r01542,line-b,line-b-e28,33.2033142,-116.1492572,180.0,line-b-e29,33.2034736,-116.1490676,180.0,line-b-e34,33.2042705,-116.1481196,180.0,line-b-e35,33.2044299,-116.1479300,180.0,2026-08-18T19:58:24Z,dipole-dipole,5,3,1.211,660.7,207.882,8.072,0.00610,0.00097,0.01070;0.00932;0.00832;0.00769;0.00685;0.00610;0.00477;0.00387;0.00321;0.00224,
line-b-r01543,line-b,line-b-e28,33.2033142,-116.1492572,180.0,line-b-e29,33.2034736,-116.1490676,180.0,line-b-e35,33.2044299,-116.1479300,180.0,line-b-e36,33.2045893,-116.1477404,180.0,2026-08-18T19:58:36Z,dipole-dipole,6,7,1.343,595.8,179.631,6.377,0.00522,0.00091,0.00862;0.00769;0.00729;0.00639;0.00594;0.00565;0.00403;0.00307;0.00251;0.00197,
line-b-r01544,line-b,line-b-e28,33.2033142,-116.1492572,180.0,line-b-e29,33.2034736,-116.1490676,180.0,line-b-e35,33.2044299,-116.1479300,180.0,line-b-e36,33.2045893,-116.1477404,180.0,2026-08-18T19:58:48Z,dipole-dipole,6,5,1.488,537.6,201.658,7.206,0.00445,0.00104,0.00755;0.00737;0.00570;0.00556;0.00452;0.00431;0.00341;0.00284;0.00220;0.00155,
line-b-r01545,line-b,line-b-e28,33.2033142,-116.1492572,180.0,line-b-e29,33.2034736,-116.1490676,180.0,line-b-e35,33.2044299,-116.1479300,180.0,line-b-e36,33.2045893,-116.1477404,180.0,2026-08-18T19:59:00Z,dipole-dipole,6,7,1.647,485.8,199.320,6.715,0.00636,0.00111,0.01049;0.01065;0.00912;0.00740;0.00651;0.00597;0.00476;0.00420;0.00278;0.00241,
line-b-r01546,line-b,line-b-e28,33.2033142,-116.1492572,180.0,line-b-e29,33.2034736,-116.1490676,180.0,line-b-e35,33.2044299,-116.1479300,180.0,line-b-e36,33.2045893,-116.1477404,180.0,2026-08-18T19:59:12Z,dipole-dipole,6,4,1.516,527.7,208.937,7.564,0.00643,0.01355,0.01081;0.00892;0.00921;0.00872;0.00727;0.00582;0.00531;0.00386;0.00342;0.00223,
line-b-r01547,line-b,line-b-e28,33.2033142,-116.1492572,180.0,line-b-e29,33.2034736,-116.1490676,180.0,line-b-e35,33.2044299,-116.1479300,180.0,line-b-e36,33.2045893,-116.1477404,180.0,2026-08-18T19:59:24Z,dipole-dipole,6,4,1.596,501.2,194.118,7.101,0.00382,0.00129,0.00568;0.00518;0.00586;0.00493;0.00433;0.00371;0.00310;0.00245;0.00188;0.00133,
line-b-r01548,line-b,line-b-e28,33.2033142,-116.1492572,180.0,line-b-e29,33.2034736,-116.1490676,180.0,line-b-e35,33.2044299,-116.1479300,180.0,line-b-e36,33.2045893,-116.1477404,180.0,2026-08-18T19:59:36Z,dipole-dipole,6,3,2.000,382.9,208.519,6.387,0.00553,0.00099,0.00824;0.00801;0.00667;0.00702;0.00596;0.00486;0.00484;0.00354;0.00249;0.00193,
line-b-r01549,line-b,line-b-e28,33.2033142,-116.1492572,180.0,line-b-e29,33.2034736,-116.1490676,180.0,line-b-e36,33.2045893,-116.1477404,180.0,line-b-e37,33.2047487,-116.1475508,180.0,2026-08-18T19:59:48Z,dipole-dipole,7,7,1.572,509.0,209.686,8.029,0.00420,0.00121,0.00684;0.00650;0.00584;0.00527;0.00526;0.00361;0.00346;0.00263;0.00203;0.00138,
line-b-r01550,line-b,line-b-e28,33.2033142,-116.1492572,180.0,line-b-e29,33.2034736,-116.1490676,180.0,line-b-e36,33.2045893,-116.1477404,180.0,line-b-e37,33.2047487,-116.1475508,180.0,2026-08-18T20:00:00Z,dipole-dipole,7,4,1.625,492.4,-122.024,6.611,0.00181,0.00099,0.00295;0.00267;0.00257;0.00235;0.00203;0.00169;0.00151;0.00122;0.00087;0.00056,
line-b-r01551,line-b,line-b-e28,33.2033142,-116.1492572,180.0,line-b-e29,33.2034736,-116.1490676,180.0,line-b-e36,33.2045893,-116.1477404,180.0,line-b-e37,33.2047487,-116.1475508,180.0,2026-08-18T20:00:12Z,dipole-dipole,7,5,1.603,499.1,188.235,6.215,0.00627,0.00108,0.01087;0.00912;0.00795;0.00802;0.00667;0.00608;0.00484;0.00395;0.00345;0.00206,
line-b-r01552,line-b,line-b-e28,33.2033142,-116.1492572,180.0,line-b-e29,33.2034736,-116.1490676,180.0,line-b-e36,33.2045893,-116.1477404,180.0,line-b-e37,33.2047487,-116.1475508,180.0,2026-08-18T20:00:24Z,dipole-dipole,7,3,1.585,504.8,202.925,6.690,0.00353,0.00133,0.00575;0.00554;0.00450;0.00432;0.00393;0.00343;0.00281;0.00224;0.00183;0.00135,
line-b-r01553,line-b,line-b-e28,33.2033142,-116.1492572,180.0,line-b-e29,33.2034736,-116.1490676,180.0,line-b-e36,33.2045893,-116.1477404,180.0,line-b-e37,33.2047487,-116.1475508,180.0,2026-08-18T20:00:36Z,dipole-dipole,7,6,1.101,726.5,206.170,5.921,0.00386,0.00095,0.00646;0.00580;0.00538;0.00506;0.00451;0.00347;0.00316;0.00236;0.00167;0.00131,
line-b-r01554,line-b,line-b-e28,33.2033142,-116.1492572,180.0,line-b-e29,33.2034736,-116.1490676,180.0,line-b-e36,33.2045893,-116.1477404,180.0,line-b-e37,33.2047487,-116.1475508,180.0,2026-08-18T20:00:48Z,dipole-dipole,7,7,1.268,630.9,206.574,7.033,0.00424,0.00098,0.00646;0.00733;0.00568;0.00566;0.00503;0.00395;0.00338;0.00261;0.00229;0.00162,
line-b-r01555,line-b,line-b-e28,33.2033142,-116.1492572,180.0,line-b-e29,33.2034736,-116.1490676,180.0,line-b-e37,33.2047487,-116.1475508,180.0,line-b-e38,33.2049081,-116.1473612,180.0,2026-08-18T20:01:00Z,dipole-dipole,8,3,1.707,468.6,196.882,6.776,0.00477,0.00080,0.00840;0.00693;0.00614;0.00624;0.00511;0.00448;0.00385;0.00298;0.00241;0.00192,
line-b-r01556,line-b,line-b-e28,33.2033142,-116.1492572,180.0,line-b-e29,33.2034736,-116.1490676,180.0,line-b-e37,33.2047487,-116.1475508,180.0,line-b-e38,33.2049081,-116.1473612,180.0,2026-08-18T20:01:12Z,dipole-dipole,8,6,1.569,510.0,206.175,8.170,0.00448,0.00101,0.00704;0.00655;0.00657;0.00558;0.00466;0.00471;0.00348;0.00268;0.00211;0.00151,
line-b-r01557,line-b,line-b-e28,33.2033142,-116.1492572,180.0,line-b-e29,33.2034736,-116.1490676,180.0,line-b-e37,33.2047487,-116.1475508,180.0,line-b-e38,33.2049081,-116.1473612,180.0,2026-08-18T20:01:24Z,dipole-dipole,8,3,1.593,502.2,206.898,6.549,0.00388,0.00115,0.00582;0.00492;0.00579;0.00503;0.00394;0.00373;0.00316;0.00253;0.00183;0.00145,
line-b-r01558,line-b,line-b-e28,33.2033142,-116.1492572,180.0,line-b-e29,33.2034736,-116.1490676,180.0,line-b-e37,33.2047487,-116.1475508,180.0,line-b-e38,33.2049081,-116.1473612,180.0,2026-08-18T20:01:36Z,dipole-dipole,8,3,1.814,441.1,191.988,6.110,0.00512,0.00108,0.00804;0.00822;0.00653;0.00614;0.00553;0.00485;0.00397;0.00340;0.00265;0.00167,
line-b-r01559,line-b,line-b-e28,33.2033142,-116.1492572,180.0,line-b-e29,33.2034736,-116.1490676,180.0,line-b-e37,33.2047487,-116.1475508,180.0,line-b-e38,33.2049081,-116.1473612,180.0,2026-08-18T20:01:48Z,dipole-dipole,8,3,1.380,579.9,218.994,5.414,0.00507,0.00118,0.00811;0.00813;0.00701;0.00630;0.00570;0.00463;0.00397;0.00331;0.00238;0.00178,
line-b-r01560,line-b,line-b-e28,33.2033142,-116.1492572,180.0,line-b-e29,33.2034736,-116.1490676,180.0,line-b-e37,33.2047487,-116.1475508,180.0,line-b-e38,33.2049081,-116.1473612,180.0,2026-08-18T20:02:00Z,dipole-dipole,8,3,1.771,451.8,194.995,10.594,0.00457,0.00097,0.00819;0.00660;0.00701;0.00516;0.00520;0.00432;0.00347;0.00272;0.00193;0.00168,
line-b-r01561,line-b,line-b-e28,33.2033142,-116.1492572,180.0,line-b-e29,33.2034736,-116.1490676,180.0,line-b-e37,33.2047487,-116.1475508,180.0,line-b-e38,33.2049081,-116.1473612,180.0,2026-08-18T20:02:12Z,dipole-dipole,8,4,1.159,690.4,199.871,6.619,0.00641,0.00095,0.00903;0.01017;0.00854;0.00813;0.00687;0.00586;0.00487;0.00410;0.00340;0.00219,
line-b-r01562,line-b,line-b-e29,33.2034736,-116.1490676,180.0,line-b-e30,33.2036330,-116.1488780,180.0,line-b-e31,33.2037924,-116.1486884,180.0,line-b-e32,33.2039518,-116.1484988,180.0,2026-08-18T20:02:24Z,dipole-dipole,1,8,2.000,334.9,204.373,6.450,0.00347,0.00110,0.00544;0.00489;0.00507;0.00405;0.00376;0.00311;0.00261;0.00223;0.00177;0.00117,
line-b-r01563,line-b,line-b-e29,33.2034736,-116.1490676,180.0,line-b-e30,33.2036330,-116.1488780,180.0,line-b-e31,33.2037924,-116.1486884,180.0,line-b-e32,33.2039518,-116.1484988,180.0,2026-08-18T20:02:36Z,dipole-dipole,1,4,1.537,520.6,190.701,8.967,0.00563,0.00099,0.00908;0.00906;0.00708;0.00705;0.00607;0.00582;0.00391;0.00374;0.00264;0.00206,
line-b-r01564,line-b,line-b-e29,33.2034736,-116.1490676,180.0,line-b-e30,33.2036330,-116.1488780,180.0,line-b-e31,33.2037924,-116.1486884,180.0,line-b-e32,33.2039518,-116.1484988,180.0,2026-08-18T20:02:48Z,dipole-dipole,1,8,1.562,512.3,205.754,7.262,0.00660,0.00105,0.01143;0.00901;0.00892;0.00919;0.00706;0.00663;0.00499;0.00418;0.00305;0.00250,
line-b-r01565,line-b,line-b-e29,33.2034736,-116.1490676,180.0,line-b-e30,33.2036330,-116.1488780,180.0,line-b-e31,33.2037924,-116.1486884,180.0,line-b-e32,33.2039518,-116.1484988,180.0,2026-08-18T20:03:00Z,dipole-dipole,1,5,1.349,592.9,195.732,7.061,0.00311,0.00078,0.00470;0.00465;0.00385;0.00385;0.00347;0.00290;0.00227;0.00209;0.00146;0.00131,
line-b-r01566,line-b,line-b-e29,33.2034736,-116.1490676,180.0,line-b-e30,33.2036330,-116.1488780,180.0,line-b-e31,33.2037924,-116.1486884,180.0,line-b-e32,33.2039518,-116.1484988,180.0,2026-08-18T20:03:12Z,dipole-dipole,1,3,1.201,666.3,199.921,9.920,0.00483,0.00112,0.00742;0.00690;0.00728;0.00630;0.00550;0.00484;0.00368;0.00321;0.00224;0.00155,
line-b-r01567,line-b,line-b-e29,33.2034736,-116.1490676,180.0,line-b-e30,33.2036330,-116.1488780,180.0,line-b-e31,33.2037924,-116.1486884,180.0,line-b-e32,33.2039518,-116.1484988,180.0,2026-08-18T20:03:24Z,dipole-dipole,1,4,1.502,532.6,200.792,10.003,0.00418,0.00101,0.00671;0.00614;0.00561;0.00543;0.00456;0.00373;0.00299;0.00286;0.00199;0.00150,
line-b-r01568,line-b,line-b-e29,33.2034736,-116.1490676,180.0,line-b-e30,33.2036330,-116.1488780,180.0,line-b-e31,33.2037924,-116.1486884,180.0,line-b-e32,33.2039518,-116.1484988,180.0,2026-08-18T20:03:36Z,dipole-dipole,1,3,1.870,427.9,213.973,6.444,0.00434,0.00112,0.00596;0.00609;0.00574;0.00544;0.00480;0.00381;0.00339;0.00271;0.00196;0.00169,
line-b-r01569,line-b,line-b-e29,33.2034736,-116.1490676,180.0,line-b-e30,33.2036330,-116.1488780,180.0,line-b-e31,33.2037924,-116.1486884,180.0,line-b-e32,33.2039518,-116.1484988,180.0,2026-08-18T20:03:48Z,dipole-dipole,1,3,1.429,559.7,197.553,7.698,0.00566,0.00095,0.00896;0.00814;0.00752;0.00748;0.00641;0.00560;0.00441;0.00352;0.00269;0.00218,
line-b-r01570,line-b,line-b-e29,33.2034736,-116.1490676,180.0,line-b-e30,33.2036330,-116.1488780,180.0,line-b-e32,33.2039518,-116.1484988,180.0,line-b-e33,33.2041111,-116.1483092,180.0,2026-08-18T20:04:00Z,dipole-dipole,2,8,1.287,621.8,201.581,6.677,0.00436,0.00113,0.00744;0.00646;0.00627;0.00519;0.00466;0.00434;0.00359;0.00279;0.00215;0.00137,
line-b-r01571,line-b,line-b-e29,33.2034736,-116.1490676,180.0,line-b-e30,33.2036330,-116.1488780,180.0,line-b-e32,33.2039518,-116.1484988,180.0,line-b-e33,33.2041111,-116.1483092,180.0,2026-08-18T20:04:12Z,dipole-dipole,2,7,1.779,449.8,202.622,6.715,0.00517,0.00140,0.00828;0.00848;0.00729;0.00592;0.00607;0.00483;0.00389;0.00335;0.00274;0.00190,
line-b-r01572,line-b,line-b-e29,33.2034736,-116.1490676,180.0,line-b-e30,33.2036330,-116.1488780,180.0,line-b-e32,33.2039518,-116.1484988,180.0,line-b-e33,33.2041111,-116.1483092,180.0,2026-08-18T20:04:24Z,dipole-dipole,2,5,1.387,576.6,201.759,8.116,0.00592,0.00105,0.00982;0.00792;0.00926;0.00674;0.00653;0.00559;0.00494;0.00408;0.00273;0.00226,
line-b-r01573,line-b,line-b-e29,33.2034736,-116.1490676,180.0,line-b-e30,33.2036330,-116.1488780,180.0,line-b-e32,33.2039518,-116.1484988,180.0,line-b-e33,33.2041111,-116.1483092,180.0,2026-08-18T20:04:36Z,dipole-dipole,2,4,1.561,512.3,200.786,7.766,0.00487,0.00080,0.00843;0.00716;0.00649;0.00609;0.00530;0.00444;0.00426;0.00299;0.00228;0.00169,
line-b-r01574,line-b,line-b-e29,33.2034736,-116.1490676,180.0,line-b-e30,33.2036330,-116.1488780,180.0,line-b-e32,33.2039518,-116.1484988,180.0,line-b-e33,33.2041111,-116.1483092,180.0,2026-08-18T20:04:48Z,dipole-dipole,2,5,1.776,450.4,207.628,8.984,0.00377,0.00126,0.00578;0.00575;0.00610;0.00459;0.00479;0.00352;0.00311;0.00271;0.00178;0.00130,
line-b-r01575,line-b,line-b-e29,33.2034736,-116.1490676,180.0,line-b-e30,33.2036330,-116.1488780,180.0,line-b-e32,33.2039518,-116.1484988,180.0,line-b-e33,33.2041111,-116.1483092,180.0,2026-08-18T20:05:00Z,dipole-dipole,2,7,1.869,428.0,198.095,7.461,0.00315,0.00083,0.00538;0.00442;0.00418;0.00408;0.00356;0.00272;0.00264;0.00204;0.00145;0.00118,
line-b-r01576,line-b,line-b-e29,33.2034736,-116.1490676,180.0,line-b-e30,33.2036330,-116.1488780,180.0,line-b-e32,33.2039518,-116.1484988,180.0,line-b-e33,33.2041111,-116.1483092,180.0,2026-08-18T20:05:12Z,dipole-dipole,2,7,1.556,514.0,208.891,7.009,0.00675,0.00105,0.01136;0.00960;0.00952;0.00716;0.00658;0.00557;0.00558;0.00467;0.00296;0.00237,
line-b-r01577,line-b,line-b-e29,33.2034736,-116.1490676,180.0,line-b-e30,33.2036330,-116.1488780,180.0,line-b-e32,33.2039518,-116.1484988,180.0,line-b-e33,33.2041111,-116.1483092,180.0,2026-08-18T20:05:24Z,dipole-dipole,2,7,1.130,707.8,193.397,7.106,0.00422,0.00106,0.00659;0.00677;0.00635;0.00524;0.00502;0.00380;0.00346;0.00274;0.00212;0.00128,
line-b-r01578,line-b,line-b-e29,33.2034736,-116.1490676,180.0,line-b-e30,33.2036330,-116.1488780,180.0,line-b-e33,33.2041111,-116.1483092,180.0,line-b-e34,33.2042705,-116.1481196,180.0,2026-08-18T20:05:36Z,dipole-dipole,3,8,1.860,430.1,200.909,355.353,0.00548,0.00119,0.00845;0.00840;0.00765;0.00663;0.00601;0.00525;0.00437;0.00389;0.00266;0.00191,
line-b-r01579,line-b,line-b-e29,33.2034736,-116.1490676,180.0,line-b-e30,33.2036330,-116.1488780,180.0,line-b-e33,33.2041111,-116.1483092,180.0,line-b-e34,33.2042705,-116.1481196,180.0,2026-08-18T20:05:48Z,dipole-dipole,3,4,1.658,482.5,194.597,6.306,0.00605,0.00104,0.00900;0.00980;0.00872;0.00740;0.00698;0.00594;0.00557;0.00386;0.00312;0.00253,
line-b-r01580,line-b,line-b-e29,33.2034736,-116.1490676,180.0,line-b-e30,33.2036330,-116.1488780,180.0,line-b-e33,33.2041111,-116.1483092,180.0,line-b-e34,33.2042705,-116.1481196,180.0,2026-08-18T20:06:00Z,dipole-dipole,3,6,1.334,599.9,192.766,6.082,0.00482,0.00078,0.00814;0.00672;0.00647;0.00637;0.00551;0.00418;0.00405;0.00317;0.00245;0.00182,
line-b-r01581,line-b,line-b-e29,33.2034736,-116.1490676,180.0,line-b-e30,33.2036330,-116.1488780,180.0,line-b-e33,33.2041111,-116.1483092,180.0,line-b-e34,33.2042705,-116.1481196,180.0,2026-08-18T20:06:12Z,dipole-dipole,3,3,1.825,438.3,193.565,7.982,0.00477,0.00127,0.00791;0.00666;0.00632;0.00587;0.00555;0.00483;0.00357;0.00290;0.00232;0.00166,
line-b-r01582,line-b,line-b-e29,33.2034736,-116.1490676,180.0,line-b-e30,33.2036330,-116.1488780,180.0,line-b-e33,33.2041111,-116.1483092,180.0,line-b-e34,33.2042705,-116.1481196,180.0,2026-08-18T20:06:24Z,dipole-dipole,3,6,1.733,461.7,203.426,5.896,0.00540,0.01382,0.00806;0.00887;0.00680;0.00723;0.00623;0.00493;0.00427;0.00337;0.00269;0.00190,
line-b-r01583,line-b,line-b-e29,33.2034736,-116.1490676,180.0,line-b-e30,33.2036330,-116.1488780,180.0,line-b-e33,33.2041111,-116.1483092,180.0,line-b-e34,33.2042705,-116.1481196,180.0,2026-08-18T20:06:36Z,dipole-dipole,3,8,1.621,493.4,210.406,7.344,0.00322,0.00095,0.00532;0.00412;0.00402;0.00388;0.00306;0.00327;0.00230;0.00184;0.00163;0.00099,
line-b-r01584,line-b,line-b-e29,33.2034736,-116.1490676,180.0,line-b-e30,33.2036330,-116.1488780,180.0,line-b-e34,33.2042705,-116.1481196,180.0,line-b-e35,33.2044299,-116.1479300,180.0,2026-08-18T20:06:48Z,dipole-dipole,4,8,2.000,368.8,199.154,5.768,0.00473,0.00103,0.00780;0.00751;0.00611;0.00628;0.00519;0.00440;0.00352;0.00305;0.00222;0.00171,
line-b-r01585,line-b,line-b-e29,33.2034736,-116.1490676,180.0,line-b-e30,33.2036330,-116.1488780,180.0,line-b-e34,33.2042705,-116.1481196,180.0,line-b-e35,33.2044299,-116.1479300,180.0,2026-08-18T20:07:00Z,dipole-dipole,4,6,1.606,498.1,210.783,7.774,0.00572,0.00125,0.00878;0.00836;0.00697;0.00718;0.00603;0.00507;0.00457;0.00368;0.00280;0.00201,
line-b-r01586,line-b,line-b-e29,33.2034736,-116.1490676,180.0,line-b-e30,33.2036330,-116.1488780,180.0,line-b-e34,33.2042705,-116.1481196,180.0,line-b-e35,33.2044299,-116.1479300,180.0,2026-08-18T20:07:12Z,dipole-dipole,4,4,1.704,469.4,202.376,8.801,0.00624,0.00098,0.00963;0.00988;0.00838;0.00822;0.00691;0.00599;0.00482;0.00444;0.00302;0.00205,
line-b-r01587,line-b,line-b-e29,33.2034736,-116.1490676,180.0,line-b-e30,33.2036330,-116.1488780,180.0,line-b-e34,33.2042705,-116.1481196,180.0,line-b-e35,33.2044299,-116.1479300,180.0,2026-08-18T20:07:24Z,dipole-dipole,4,6,1.583,505.5,201.243,7.709,0.00590,0.00128,0.00965;0.00807;0.00747;0.00674;0.00695;0.00587;0.00537;0.00430;0.00269;0.00206,
line-b-r01798,line-b,line-b-e29,33.2034736,-116.1490676,180.0,line-b-e30,33.2036330,-116.1488780,180.0,line-b-e34,33.2042705,-116.1481196,180.0,line-b-e35,33.2044299,-116.1479300,180.0,2026-08-18T20:07:36Z,dipole-dipole,4,6,1.191,671.5,194.304,6.359,0.00565,0.00077,0.00852;0.00877;0.00809;0.00739;0.00611;0.00580;0.00411;0.00335;0.00245;0.00183,
line-b-r01589,line-b,line-b-e29,33.2034736,-116.1490676,180.0,line-b-e30,33.2036330,-116.1488780,180.0,line-b-e34,33.2042705,-116.1481196,180.0,line-b-e35,33.2044299,-116.1479300,180.0,2026-08-18T20:07:48Z,dipole-dipole,4,7,1.633,489.9,205.159,6.840,0.00553,0.00124,0.00877;0.00829;0.00806;0.00709;0.00574;0.00488;0.00404;0.00339;0.00276;0.00209,
line-b-r01590,line-b,line-b-e29,33.2034736,-116.1490676,180.0,line-b-e30,33.2036330,-116.1488780,180.0,line-b-e34,33.2042705,-116.1481196,180.0,line-b-e35,33.2044299,-116.1479300,180.0,2026-08-18T20:08:00Z,dipole-dipole,4,7,1.823,438.8,189.120,8.889,0.00425,0.00133,0.00635;0.00616;0.00587;0.00503;0.00443;0.00387;0.00345;0.00268;0.00223;0.00147,
line-b-r01591,line-b,line-b-e29,33.2034736,-116.1490676,180.0,line-b-e30,33.2036330,-116.1488780,180.0,line-b-e34,33.2042705,-116.1481196,180.0,line-b-e35,33.2044299,-116.1479300,180.0,2026-08-18T20:08:12Z,dipole-dipole,4,3,1.778,449.8,210.412,7.536,0.00520,0.00120,0.00837;0.00753;0.00704;0.00688;0.00532;0.00481;0.00365;0.00326;0.00251;0.00171,
line-b-r01592,line-b,line-b-e29,33.2034736,-116.1490676,180.0,line-b-e30,33.2036330,-116.1488780,180.0,line-b-e35,33.2044299,-116.1479300,180.0,line-b-e36,33.2045893,-116.1477404,180.0,2026-08-18T20:08:24Z,dipole-dipole,5,3,1.592,502.6,202.470,8.624,0.00510,0.00110,0.00181;0.00240;0.00345;0.00365;0.00473;0.00583;0.00619;0.00742;0.00721;0.00907,
line-b-r01593,line-b,line-b-e29,33.2034736,-116.1490676,180.0,line-b-e30,33.2036330,-116.1488780,180.0,line-b-e35,33.2044299,-116.1479300,180.0,line-b-e36,33.2045893,-116.1477404,180.0,2026-08-18T20:08:36Z,dipole-dipole,5,6,1.320,605.9,200.183,6.897,0.00550,0.00097,0.00903;0.00761;0.00717;0.00680;0.00607;0.00508;0.00471;0.00330;0.00259;0.00182,
line-b-r01594,line-b,line-b-e29,33.2034736,-116.1490676,180.0,line-b-e30,33.2036330,-116.1488780,180.0,line-b-e35,33.2044299,-116.1479300,180.0,line-b-e36,33.2045893,-116.1477404,180.0,2026-08-18T20:08:48Z,dipole-dipole,5,4,1.839,435.0,206.493,6.795,0.00550,0.00105,0.00846;0.00715;0.00796;0.00739;0.00577;0.00546;0.00431;0.00321;0.00281;0.00203,
line-b-r01595,line-b,line-b-e29,33.2034736,-116.1490676,180.0,line-b-e30,33.2036330,-116.1488780,180.0,line-b-e35,33.2044299,-116.1479300,180.0,line-b-e36,33.2045893,-116.1477404,180.0,2026-08-18T20:09:00Z,dipole-dipole,5,5,1.915,417.8,197.406,6.838,0.00502,0.00112,0.00784;0.00752;0.00749;0.00637;0.00561;0.00515;0.00371;0.00330;0.00227;0.00161,
line-b-r01596,line-b,line-b-e29,33.2034736,-116.1490676,180.0,line-b-e30,33.2036330,-116.1488780,180.0,line-b-e35,33.2044299,-116.1479300,180.0,line-b-e36,33.2045893,-116.1477404,180.0,2026-08-18T20:09:12Z,dipole-dipole,5,7,1.646,486.2,197.021,10.145,0.00432,0.00109,0.00731;0.00612;0.00621;0.00543;0.00483;0.00494;0.00337;0.00287;0.00207;0.00154,
line-b-r01597,line-b,line-b-e29,33.2034736,-116.1490676,180.0,line-b-e30,33.2036330,-116.1488780,180.0,line-b-e35,33.2044299,-116.1479300,180.0,line-b-e36,33.2045893,-116.1477404,180.0,2026-08-18T20:09:24Z,dipole-dipole,5,7,2.000,390.2,201.990,7.466,0.00528,0.00110,0.00924;0.00763;0.00755;0.00618;0.00662;0.00556;0.00440;0.00324;0.00274;0.00198,
line-b-r01598,line-b,line-b-e29,33.2034736,-116.1490676,180.0,line-b-e30,33.2036330,-116.1488780,180.0,line-b-e35,33.2044299,-116.1479300,180.0,line-b-e36,33.2045893,-116.1477404,180.0,2026-08-18T20:09:36Z,dipole-dipole,5,8,1.584,505.1,218.094,6.355,0.00613,0.00095,0.00897;0.00861;0.00807;0.00800;0.00747;0.00580;0.00526;0.00405;0.00293;0.00222,
line-b-r01599,line-b,line-b-e29,33.2034736,-116.1490676,180.0,line-b-e30,33.2036330,-116.1488780,180.0,line-b-e36,33.2045893,-116.1477404,180.0,line-b-e37,33.2047487,-116.1475508,180.0,2026-08-18T20:09:48Z,dipole-dipole,6,7,1.325,603.6,196.891,6.536,0.00522,0.00114,0.00875;0.00763;0.00687;0.00591;0.00553;0.00491;0.00435;0.00303;0.00231;0.00181,
line-b-r01600,line-b,line-b-e29,33.2034736,-116.1490676,180.0,line-b-e30,33.2036330,-116.1488780,180.0,line-b-e36,33.2045893,-116.1477404,180.0,line-b-e37,33.2047487,-116.1475508,180.0,2026-08-18T20:10:00Z,dipole-dipole,6,6,1.624,492.6,196.077,6.764,0.00556,0.00112,0.00835;0.00830;0.00708;0.00734;0.00584;0.00496;0.00395;0.00339;0.00287;0.00203,
line-b-r01601,line-b,line-b-e29,33.2034736,-116.1490676,180.0,line-b-e30,33.2036330,-116.1488780,180.0,line-b-e36,33.2045893,-116.1477404,180.0,line-b-e37,33.2047487,-116.1475508,180.0,2026-08-18T20:10:12Z,dipole-dipole,6,6,1.636,488.9,194.062,8.325,0.00274,0.00113,0.00426;0.00405;0.00360;0.00342;0.00307;0.00268;0.00250;0.00173;0.00133;0.00103,
line-b-r01602,line-b,line-b-e29,33.2034736,-116.1490676,180.0,line-b-e30,33.2036330,-116.1488780,180.0,line-b-e36,33.2045893,-116.1477404,180.0,line-b-e37,33.2047487,-116.1475508,180.0,2026-08-18T20:10:24Z,dipole-dipole,6,6,1.782,449.0,194.490,8.435,0.00500,0.00096,0.00796;0.00740;0.00727;0.00588;0.00552;0.00419;0.00379;0.00308;0.00254;0.00183,
line-b-r01603,line-b,line-b-e29,33.2034736,-116.1490676,180.0,line-b-e30,33.2036330,-116.1488780,180.0,line-b-e36,33.2045893,-116.1477404,180.0,line-b-e37,33.2047487,-116.1475508,180.0,2026-08-18T20:10:36Z,dipole-dipole,6,3,1.751,456.9,205.621,7.498,0.00432,0.00088,0.00687;0.00665;0.00692;0.00516;0.00494;0.00425;0.00345;0.00266;0.00207;0.00161,
line-b-r01604,line-b,line-b-e29,33.2034736,-116.1490676,180.0,line-b-e30,33.2036330,-116.1488780,180.0,line-b-e36,33.2045893,-116.1477404,180.0,line-b-e37,33.2047487,-116.1475508,180.0,2026-08-18T20:10:48Z,dipole-dipole,6,6,1.388,576.6,188.365,7.319,0.00344,0.00115,0.00624;0.00471;0.00416;0.00444;0.00373;0.00301;0.00305;0.00221;0.00159;0.00134,
line-b-r01605,line-b,line-b-e29,33.2034736,-116.1490676,180.0,line-b-e30,33.2036330,-116.1488780,180.0,line-b-e36,33.2045893,-116.1477404,180.0,line-b-e37,33.2047487,-116.1475508,180.0,2026-08-18T20:11:00Z,dipole-dipole,6,8,1.614,495.7,196.849,7.561,0.00529,0.00083,0.00950;0.00766;0.00683;0.00590;0.00596;0.00428;0.00419;0.00367;0.00266;0.00194,
line-b-r01606,line-b,line-b-e29,33.2034736,-116.1490676,180.0,line-b-e30,33.2036330,-116.1488780,180.0,line-b-e37,33.2047487,-116.1475508,180.0,line-b-e38,33.2049081,-116.1473612,180.0,2026-08-18T20:11:12Z,dipole-dipole,7,6,1.243,643.5,199.129,6.327,0.00509,0.00105,0.00784;0.00714;0.00711;0.00656;0.00550;0.00510;0.00414;0.00352;0.00248;0.00181,
line-b-r01607,line-b,line-b-e29,33.2034736,-116.1490676,180.0,line-b-e30,33.2036330,-116.1488780,180.0,line-b-e37,,,,line-b-e38,33.2049081,-116.1473612,180.0,2026-08-18T20:11:24Z,dipole-dipole,7,7,1.524,525.1,197.005,7.643,0.00544,0.00072,0.00840;0.00767;0.00673;0.00638;0.00596;0.00487;0.00447;0.00340;0.00285;0.00208,
line-b-r01608,line-b,line-b-e29,33.2034736,-116.1490676,180.0,line-b-e30,33.2036330,-116.1488780,180.0,line-b-e37,33.2047487,-116.1475508,180.0,line-b-e38,33.2049081,-116.1473612,180.0,2026-08-18T20:11:36Z,dipole-dipole,7,6,1.599,500.2,199.633,5.552,0.00368,0.00109,0.00600;0.00560;0.00566;0.00453;0.00409;0.00334;0.00285;0.00219;0.00192;0.00126,
line-b-r01609,line-b,line-b-e29,33.2034736,-116.1490676,180.0,line-b-e30,33.2036330,-116.1488780,180.0,line-b-e37,33.2047487,-116.1475508,180.0,line-b-e38,33.2049081,-116.1473612,180.0,2026-08-18T20:11:48Z,dipole-dipole,7,5,2.000,376.4,190.781,10.060,0.00604,0.00115,0.00917;0.00961;0.00933;0.00749;0.00643;0.00551;0.00521;0.00382;0.00313;0.00218,
line-b-r01610,line-b,line-b-e29,33.2034736,-116.1490676,180.0,line-b-e30,33.2036330,-116.1488780,180.0,line-b-e37,33.2047487,-116.1475508,180.0,line-b-e38,33.2049081,-116.1473612,180.0,2026-08-18T20:12:00Z,dipole-dipole,7,7,1.266,631.7,205.885,6.505,0.00433,0.00125,0.00769;0.00666;0.00606;0.00517;0.00416;0.00444;0.00356;0.00271;0.00212;0.00166,
line-b-r01611,line-b,line-b-e29,33.2034736,-116.1490676,180.0,line-b-e30,33.2036330,-116.1488780,180.0,line-b-e37,33.2047487,-116.1475508,180.0,line-b-e38,33.2049081,-116.1473612,180.0,2026-08-18T20:12:12Z,dipole-dipole,7,5,1.386,577.1,206.009,8.258,0.00572,0.00101,0.00928;0.00767;0.00839;0.00707;0.00634;0.00552;0.00393;0.00408;0.00263;0.00216,
line-b-r01612,line-b,line-b-e29,33.2034736,-116.1490676,180.0,line-b-e30,33.2036330,-116.1488780,180.0,line-b-e37,33.2047487,-116.1475508,180.0,line-b-e38,33.2049081,-116.1473612,180.0,2026-08-18T20:12:24Z,dipole-dipole,7,3,1.546,517.4,213.775,4.547,0.00441,0.00126,0.00699;0.00637;0.00602;0.00566;0.00500;0.00419;0.00322;0.00267;0.00216;0.00152,
line-b-r01613,line-b,line-b-e29,33.2034736,-116.1490676,180.0,line-b-e30,33.2036330,-116.1488780,180.0,line-b-e37,33.2047487,-116.1475508,180.0,line-b-e38,33.2049081,-116.1473612,180.0,2026-08-18T20:12:36Z,dipole-dipole,7,7,1.344,595.4,-259.687,7.407,0.00595,0.00091,0.00895;0.00901;0.00824;0.00661;0.00624;0.00530;0.00472;0.00366;0.00274;0.00190,
line-b-r01614,line-b,line-b-e29,33.2034736,-116.1490676,180.0,line-b-e30,33.2036330,-116.1488780,180.0,line-b-e38,33.2049081,-116.1473612,180.0,line-b-e39,33.2050675,-116.1471716,180.0,2026-08-18T20:12:48Z,dipole-dipole,8,4,1.938,412.9,209.000,7.317,0.00484,0.00081,0.00774;0.00681;0.00659;0.00593;0.00538;0.00445;0.00410;0.00301;0.00254;0.00157,
line-b-r01615,line-b,line-b-e29,33.2034736,-116.1490676,180.0,line-b-e30,33.2036330,-116.1488780,180.0,line-b-e38,33.2049081,-116.1473612,180.0,line-b-e39,33.2050675,-116.1471716,180.0,2026-08-18T20:13:00Z,dipole-dipole,8,5,1.783,448.6,208.280,7.972,0.00603,0.00091,0.01140;0.00870;0.00842;0.00709;0.00711;0.00595;0.00555;0.00407;0.00324;0.00220,
line-b-r01616,line-b,line-b-e29,33.2034736,-116.1490676,180.0,line-b-e30,33.2036330,-116.1488780,180.0,line-b-e38,33.2049081,-116.1473612,180.0,line-b-e39,33.2050675,-116.1471716,180.0,2026-08-18T20:13:12Z,dipole-dipole,8,7,1.527,523.8,205.224,8.236,0.00661,0.00106,0.00949;0.00947;0.00804;0.00761;0.00777;0.00672;0.00467;0.00408;0.00345;0.00246,
line-b-r01617,line-b,line-b-e29,33.2034736,-116.1490676,180.0,line-b-e30,33.2036330,-116.1488780,180.0,line-b-e38,33.2049081,-116.1473612,180.0,line-b-e39,33.2050675,-116.1471716,180.0,2026-08-18T20:13:24Z,dipole-dipole,8,6,1.966,407.0,195.790,6.976,0.00326,0.00123,0.00530;0.00452;0.00417;0.00384;0.00314;0.00286;0.00271;0.00213;0.00168;0.00109,
line-b-r01618,line-b,line-b-e29,33.2034736,-116.1490676,180.0,line-b-e30,33.2036330,-116.1488780,180.0,line-b-e38,33.2049081,-116.1473612,180.0,line-b-e39,33.2050675,-116.1471716,180.0,2026-08-18T20:13:36Z,dipole-dipole,8,3,1.415,565.5,196.251,6.674,0.00573,0.00114,0.00861;0.00814;0.00692;0.00677;0.00646;0.00559;0.00478;0.00388;0.00308;0.00198,
line-b-r01619,line-b,line-b-e29,33.2034736,-116.1490676,180.0,line-b-e30,33.2036330,-116.1488780,180.0,line-b-e38,33.2049081,-116.1473612,180.0,line-b-e39,33.2050675,-116.1471716,180.0,2026-08-18T20:13:48Z,dipole-dipole,8,3,1.580,506.4,186.032,8.836,0.00393,0.00084,0.00613;0.00569;0.00564;0.00491;0.00414;0.00350;0.00298;0.00238;0.00189;0.00142,
line-b-r01620,line-b,line-b-e30,33.2036330,-116.1488780,180.0,line-b-e31,33.2037924,-116.1486884,180.0,line-b-e32,33.2039518,-116.1484988,180.0,line-b-e33,33.2041111,-116.1483092,180.0,2026-08-18T20:14:00Z,dipole-dipole,1,7,2.000,272.5,197.867,6.638,0.00297,0.00110,0.00497;0.00407;0.00374;0.00385;0.00313;0.00297;0.00208;0.00209;0.00134;0.00106,
line-b-r01621,line-b,line-b-e30,33.2036330,-116.1488780,180.0,line-b-e31,33.2037924,-116.1486884,180.0,line-b-e32,33.2039518,-116.1484988,180.0,line-b-e33,33.2041111,-116.1483092,180.0,2026-08-18T20:14:12Z,dipole-dipole,1,4,2.000,324.8,202.884,7.578,0.00527,0.00102,0.00791;0.00821;0.00727;0.00699;0.00633;0.00512;0.00372;0.00341;0.00279;0.00198,
line-b-r01622,line-b,line-b-e30,33.2036330,-116.1488780,180.0,line-b-e31,33.2037924,-116.1486884,180.0,line-b-e32,33.2039518,-116.1484988,180.0,line-b-e33,33.2041111,-116.1483092,180.0,2026-08-18T20:14:24Z,dipole-dipole,1,3,2.000,289.7,199.896,6.024,0.00624,0.00137,0.01026;0.00963;0.00784;0.00782;0.00679;0.00577;0.00487;0.00381;0.00328;0.00208,
line-b-r01623,line-b,line-b-e30,33.2036330,-116.1488780,180.0,line-b-e31,33.2037924,-116.1486884,180.0,line-b-e32,33.2039518,-116.1484988,180.0,line-b-e33,33.2041111,-116.1483092,180.0,2026-08-18T20:14:36Z,dipole-dipole,1,5,2.000,315.2,216.798,7.862,0.00490,0.00112,0.00817;0.00655;0.00713;0.00627;0.00512;0.00445;0.00402;0.00332;0.00244;0.00177,
line-b-r01624,line-b,line-b-e30,33.2036330,-116.1488780,180.0,line-b-e31,33.2037924,-116.1486884,180.0,line-b-e32,33.2039518,-116.1484988,180.0,line-b-e33,33.2041111,-116.1483092,180.0,2026-08-18T20:14:48Z,dipole-dipole,1,8,2.000,306.4,209.796,7.603,0.00399,0.00152,0.00634;0.00586;0.00534;0.00594;0.00422;0.00362;0.00309;0.00264;0.00200;0.00139,
line-b-r01625,line-b,line-b-e30,33.2036330,-116.1488780,180.0,line-b-e31,33.2037924,-116.1486884,180.0,line-b-e32,33.2039518,-116.1484988,180.0,line-b-e33,33.2041111,-116.1483092,180.0,2026-08-18T20:15:00Z,dipole-dipole,1,6,2.000,345.0,213.875,8.784,0.00583,0.00088,0.00913;0.00910;0.00795;0.00800;0.00623;0.00551;0.00495;0.00339;0.00296;0.00211,
line-b-r01626,line-b,line-b-e30,33.2036330,-116.1488780,180.0,line-b-e31,33.2037924,-116.1486884,180.0,line-b-e32,33.2039518,-116.1484988,180.0,line-b-e33,33.2041111,-116.1483092,180.0,2026-08-18T20:15:12Z,dipole-dipole,1,6,1.906,419.8,203.588,9.305,0.00691,0.00115,0.01042;0.01013;0.00890;0.00974;0.00818;0.00628;0.00559;0.00382;0.00323;0.00264,
line-b-r01627,line-b,line-b-e30,33.2036330,-116.1488780,180.0,line-b-e31,33.2037924,-116.1486884,180.0,line-b-e33,33.2041111,-116.1483092,180.0,line-b-e34,33.2042705,-116.1481196,180.0,2026-08-18T20:15:24Z,dipole-dipole,2,6,2.000,375.6,211.649,6.375,0.00537,0.00099,0.00851;0.00780;0.00665;0.00704;0.00559;0.00488;0.00398;0.00370;0.00258;0.00182,
line-b-r01628,line-b,line-b-e30,33.2036330,-116.1488780,180.0,line-b-e31,33.2037924,-116.1486884,180.0,line-b-e33,33.2041111,-116.1483092,180.0,line-b-e34,33.2042705,-116.1481196,180.0,2026-08-18T20:15:36Z,dipole-dipole,2,6,2.000,284.8,205.799,8.791,0.00424,0.00095,0.00700;0.00618;0.00538;0.00530;0.00448;0.00375;0.00322;0.00294;0.00192;0.00150,
line-b-r01629,line-b,line-b-e30,33.2036330,-116.1488780,180.0,line-b-e31,33.2037924,-116.1486884,180.0,line-b-e33,33.2041111,-116.1483092,180.0,line-b-e34,33.2042705,-116.1481196,180.0,2026-08-18T20:15:48Z,dipole-dipole,2,3,2.000,283.8,196.862,8.210,0.00563,0.00110,0.00826;0.00952;0.00747;0.00739;0.00588;0.00515;0.00479;0.00360;0.00282;0.00199,
line-b-r01630,line-b,line-b-e30,33.2036330,-116.1488780,180.0,line-b-e31,33.2037924,-116.1486884,180.0,line-b-e33,33.2041111,-116.1483092,180.0,line-b-e34,33.2042705,-116.1481196,180.0,2026-08-18T20:16:00Z,dipole-dipole,2,8,2.000,296.4,173.478,6.317,0.00557,0.00099,0.00908;0.00832;0.00745;0.00725;0.00644;0.00570;0.00461;0.00354;0.00269;0.00198,
line-b-r01631,line-b,line-b-e30,33.2036330,-116.1488780,180.0,line-b-e31,33.2037924,-116.1486884,180.0,line-b-e33,33.2041111,-116.1483092,180.0,line-b-e34,33.2042705,-116.1481196,180.0,2026-08-18T20:16:12Z,dipole-dipole,2,8,2.000,285.0,197.050,7.575,0.00450,0.00100,0.00762;0.00698;0.00583;0.00612;0.00497;0.00425;0.00380;0.00289;0.00222;0.00158,
line-b-r01632,line-b,line-b-e30,33.2036330,-116.1488780,180.0,line-b-e31,33.2037924,-116.1486884,180.0,line-b-e33,33.2041111,-116.1483092,180.0,line-b-e34,33.2042705,-116.1481196,180.0,2026-08-18T20:16:24Z,dipole-dipole,2,5,2.000,396.4,207.063,8.435,0.00494,0.00115,0.00808;0.00690;0.00668;0.00630;0.00557;0.00480;0.00382;0.00296;0.00228;0.00181,
line-b-r01633,line-b,line-b-e30,33.2036330,-116.1488780,180.0,line-b-e31,33.2037924,-116.1486884,180.0,line-b-e34,33.2042705,-116.1481196,180.0,line-b-e35,33.2044299,-116.1479300,180.0,2026-08-18T20:16:36Z,dipole-dipole,3,7,2.000,312.4,204.713,7.435,0.00348,0.00122,0.00555;0.00483;0.00461;0.00432;0.00350;0.00297;0.00289;0.00220;0.00161;0.00118,
line-b-r01634,line-b,line-b-e30,33.2036330,-116.1488780,180.0,line-b-e31,33.2037924,-116.1486884,180.0,line-b-e34,33.2042705,-116.1481196,180.0,line-b-e35,33.2044299,-116.1479300,180.0,2026-08-18T20:16:48Z,dipole-dipole,3,4,2.000,296.0,210.822,8.259,0.00476,0.00127,0.00769;0.00771;0.00661;0.00535;0.00523;0.00465;0.00424;0.00280;0.00226;0.00162,
line-b-r01635,line-b,line-b-e30,33.2036330,-116.1488780,180.0,line-b-e31,33.2037924,-116.1486884,180.0,line-b-e34,33.2042705,-116.1481196,180.0,line-b-e35,33.2044299,-116.1479300,180.0,2026-08-18T20:17:00Z,dipole-dipole,3,8,2.000,301.4,194.927,5.679,0.00304,0.00096,0.00488;0.00468;0.00421;0.00383;0.00320;0.00312;0.00244;0.00195;0.00145;0.00103,
line-b-r01636,line-b,line-b-e30,33.2036330,-116.1488780,180.0,line-b-e31,33.2037924,-116.1486884,180.0,line-b-e34,33.2042705,-116.1481196,180.0,line-b-e35,33.2044299,-116.1479300,180.0,2026-08-18T20:17:12Z,dipole-dipole,3,7,2.000,263.9,206.684,7.171,0.00559,0.00101,0.00832;0.00856;0.00824;0.00647;0.00633;0.00551;0.00424;0.00350;0.00268;0.00194,
line-b-r01637,line-b,line-b-e30,33.2036330,-116.1488780,180.0,line-b-e31,33.2037924,-116.1486884,180.0,line-b-e34,33.2042705,-116.1481196,180.0,line-b-e35,33.2044299,-116.1479300,180.0,2026-08-18T20:17:24Z,dipole-dipole,3,7,2.000,269.5,205.419,6.277,0.00452,0.00114,0.00692;0.00627;0.00620;0.00494;0.00540;0.00391;0.00355;0.00297;0.00206;0.00145,
line-b-r01638,line-b,line-b-e30,33.2036330,-116.1488780,180.0,line-b-e31,33.2037924,-116.1486884,180.0,line-b-e34,33.2042705,-116.1481196,180.0,line-b-e35,33.2044299,-116.1479300,180.0,2026-08-18T20:17:36Z,dipole-dipole,3,8,2.000,322.1,212.325,8.369,0.00591,0.00131,0.00976;0.00875;0.00873;0.00740;0.00618;0.00581;0.00426;0.00371;0.00288;0.00220,
line-b-r01639,line-b,line-b-e30,33.2036330,-116.1488780,180.0,line-b-e31,33.2037924,-116.1486884,180.0,line-b-e34,33.2042705,-116.1481196,180.0,line-b-e35,33.2044299,-116.1479300,180.0,2026-08-18T20:17:48Z,dipole-dipole,3,7,2.000,324.8,201.573,7.249,0.00484,0.00100,0.00755;0.00739;0.00689;0.00633;0.00526;0.00433;0.00387;0.00294;0.00248;0.00178,
line-b-r01640,line-b,line-b-e30,33.2036330,-116.1488780,180.0,line-b-e31,33.2037924,-116.1486884,180.0,line-b-e34,33.2042705,-116.1481196,180.0,line-b-e35,33.2044299,-116.1479300,180.0,2026-08-18T20:18:00Z,dipole-dipole,3,7,2.000,213.7,203.330,7.217,0.00616,0.00101,0.00909;0.00886;0.00797;0.00767;0.00715;0.00615;0.00486;0.00354;0.00277;0.00227,
line-b-r01641,line-b,line-b-e30,33.2036330,-116.1488780,180.0,line-b-e31,33.2037924,-116.1486884,180.0,line-b-e35,33.2044299,-116.1479300,180.0,line-b-e36,33.2045893,-116.1477404,180.0,2026-08-18T20:18:12Z,dipole-dipole,4,8,2.000,336.7,208.640,7.538,0.00472,0.00116,0.00719;0.00689;0.00646;0.00571;0.00480;0.00474;0.00402;0.00280;0.00224;0.00162,
line-b-r01642,line-b,line-b-e30,33.2036330,-116.1488780,180.0,line-b-e31,33.2037924,-116.1486884,180.0,line-b-e35,33.2044299,-116.1479300,180.0,line-b-e36,33.2045893,-116.1477404,180.0,2026-08-18T20:18:24Z,dipole-dipole,4,7,2.000,308.2,195.813,6.925,0.00592,0.00090,0.00893;0.00932;0.00875;0.00738;0.00628;0.00522;0.00464;0.00403;0.00290;0.00195,
line-b-r01643,line-b,line-b-e30,33.2036330,-116.1488780,180.0,line-b-e31,33.2037924,-116.1486884,180.0,line-b-e35,33.2044299,-116.1479300,180.0,line-b-e36,33.2045893,-116.1477404,180.0,2026-08-18T20:18:36Z,dipole-dipole,4,3,2.000,350.6,193.431,6.664,0.00531,0.00096,0.00814;0.00821;0.00713;0.00649;0.00584;0.00576;0.00429;0.00364;0.00307;0.00199,
line-b-r01644,line-b,line-b-e30,33.2036330,-116.1488780,180.0,line-b-e31,33.2037924,-116.1486884,180.0,line-b-e35,33.2044299,-116.1479300,180.0,line-b-e36,33.2045893,-116.1477404,180.0,2026-08-18T20:18:48Z,dipole-dipole,4,8,2.000,269.8,198.235,7.287,0.00417,0.00081,0.00613;0.00626;0.00630;0.00545;0.00482;0.00431;0.00330;0.00269;0.00207;0.00143,
line-b-r01645,line-b,line-b-e30,33.2036330,-116.1488780,180.0,line-b-e31,33.2037924,-116.1486884,180.0,line-b-e35,33.2044299,-116.1479300,180.0,line-b-e36,33.2045893,-116.1477404,180.0,2026-08-18T20:19:00Z,dipole-dipole,4,4,2.000,392.8,208.465,10.453,0.00345,0.00097,0.00558;0.00483;0.00483;0.00427;0.00345;0.00334;0.00305;0.00228;0.00179;0.00123,
line-b-r01646,line-b,line-b-e30,33.2036330,-116.1488780,180.0,line-b-e31,33.2037924,-116.1486884,180.0,line-b-e35,33.2044299,-116.1479300,180.0,line-b-e36,33.2045893,-116.1477404,180.0,2026-08-18T20:19:12Z,dipole-dipole,4,8,2.000,373.4,200.053,6.116,0.00444,0.00096,0.00757;0.00640;0.00634;0.00502;0.00502;0.00460;0.00356;0.00293;0.00200;0.00162,
line-b-r01647,line-b,line-b-e30,33.2036330,-116.1488780,180.0,line-b-e31,33.2037924,-116.1486884,180.0,line-b-e35,33.2044299,-116.1479300,180.0,line-b-e36,33.2045893,-116.1477404,180.0,2026-08-18T20:19:24Z,dipole-dipole,4,4,2.000,266.6,184.517,8.525,0.00532,0.00103,0.00877;0.00752;0.00670;0.00642;0.00605;0.00501;0.00418;0.00393;0.00237;0.00183,
line-b-r01648,line-b,line-b-e30,33.2036330,-116.1488780,180.0,line-b-e31,33.2037924,-116.1486884,180.0,line-b-e35,33.2044299,-116.1479300,180.0,line-b-e36,33.2045893,-116.1477404,180.0,2026-08-18T20:19:36Z,dipole-dipole,4,6,2.000,306.5,198.996,6.253,0.00487,0.00112,0.00161;0.00266;0.00283;0.00384;0.00479;0.00560;0.00618;0.00660;0.00738;0.00766,
line-b-r01649,line-b,line-b-e30,33.2036330,-116.1488780,180.0,line-b-e31,33.2037924,-116.1486884,180.0,line-b-e36,33.2045893,-116.1477404,180.0,line-b-e37,33.2047487,-116.1475508,180.0,2026-08-18T20:19:48Z,dipole-dipole,5,8,2.000,277.9,190.116,7.721,0.00489,0.00109,0.00766;0.00720;0.00722;0.00619;0.00535;0.00508;0.00413;0.00308;0.00242;0.00166,
line-b-r01650,line-b,line-b-e30,33.2036330,-116.1488780,180.0,line-b-e31,33.2037924,-116.1486884,180.0,line-b-e36,33.2045893,-116.1477404,180.0,line-b-e37,33.2047487,-116.1475508,180.0,2026-08-18T20:20:00Z,dipole-dipole,5,8,2.000,271.6,202.300,7.339,0.00355,0.00128,0.00520;0.00550;0.00481;0.00441;0.00413;0.00326;0.00272;0.00223;0.00167;0.00125,
line-b-r01651,line-b,line-b-e30,33.2036330,-116.1488780,180.0,line-b-e31,33.2037924,-116.1486884,180.0,line-b-e36,33.2045893,-116.1477404,180.0,line-b-e37,33.2047487,-116.1475508,180.0,2026-08-18T20:20:12Z,dipole-dipole,5,5,2.000,293.7,206.124,8.079,0.00664,0.00097,0.01072;0.00903;0.00908;0.00850;0.00749;0.00632;0.00526;0.00406;0.00320;0.00254,
line-b-r01652,line-b,line-b-e30,33.2036330,-116.1488780,180.0,line-b-e31,33.2037924,-116.1486884,180.0,line-b-e36,33.2045893,-116.1477404,180.0,line-b-e37,33.2047487,-116.1475508,180.0,2026-08-18T20:20:24Z,dipole-dipole,5,8,2.000,351.0,201.160,6.684,0.00554,0.00085,0.00906;0.00814;0.00845;0.00666;0.00599;0.00545;0.00436;0.00320;0.00289;0.00200,
line-b-r01653,line-b,line-b-e30,33.2036330,-116.1488780,180.0,line-b-e31,33.2037924,-116.1486884,180.0,line-b-e36,33.2045893,-116.1477404,180.0,line-b-e37,33.2047487,-116.1475508,180.0,2026-08-18T20:20:36Z,dipole-dipole,5,3,2.000,334.1,192.501,5.838,0.00518,0.00097,0.00820;0.00831;0.00705;0.00603;0.00584;0.00520;0.00426;0.00341;0.00250;0.00172,
line-b-r01654,line-b,line-b-e30,33.2036330,-116.1488780,180.0,line-b-e31,33.2037924,-116.1486884,180.0,line-b-e36,33.2045893,-116.1477404,180.0,line-b-e37,33.2047487,-116.1475508,180.0,2026-08-18T20:20:48Z,dipole-dipole,5,4,2.000,305.3,193.217,7.636,0.00493,0.00109,0.00809;0.00725;0.00657;0.00557;0.00551;0.00444;0.00394;0.00308;0.00251;0.00181,
line-b-r01655,line-b,line-b-e30,33.2036330,-116.1488780,180.0,line-b-e31,33.2037924,-116.1486884,180.0,line-b-e36,33.2045893,-116.1477404,180.0,line-b-e37,33.2047487,-116.1475508,180.0,2026-08-18T20:21:00Z,dipole-dipole,5,6,2.000,360.5,195.169,7.969,0.00243,0.00088,0.00436;0.00372;0.00395;0.00315;0.00289;0.00225;0.00205;0.00170;0.00114;0.00081,
line-b-r01656,line-b,line-b-e30,33.2036330,-116.1488780,180.0,line-b-e31,33.2037924,-116.1486884,180.0,line-b-e37,33.2047487,-116.1475508,180.0,line-b-e38,33.2049081,-116.1473612,180.0,2026-08-18T20:21:12Z,dipole-dipole,6,5,2.000,251.4,198.291,6.694,0.00818,0.00106,0.01205;0.01217;0.01186;0.01030;0.00956;0.00773;0.00614;0.00511;0.00381;0.00280,
line-b-r01657,line-b,line-b-e30,33.2036330,-116.1488780,180.0,line-b-e31,33.2037924,-116.1486884,180.0,line-b-e37,33.2047487,-116.1475508,180.0,line-b-e38,33.2049081,-116.1473612,180.0,2026-08-18T20:21:24Z,dipole-dipole,6,3,1.840,434.9,203.854,8.631,0.00610,0.00107,0.01016;0.00951;0.00752;0.00764;0.00633;0.00624;0.00458;0.00383;0.00287;0.00226,
line-b-r01658,line-b,line-b-e30,33.2036330,-116.1488780,180.0,line-b-e31,33.2037924,-116.1486884,180.0,line-b-e37,33.2047487,-116.1475508,180.0,line-b-e38,33.2049081,-116.1473612,180.0,2026-08-18T20:21:36Z,dipole-dipole,6,3,2.000,297.8,196.421,7.679,0.00579,0.00111,0.00887;0.00778;0.00822;0.00818;0.00637;0.00582;0.00463;0.00348;0.00288;0.00219,
line-b-r01659,line-b,line-b-e30,33.2036330,-116.1488780,180.0,line-b-e31,33.2037924,-116.1486884,180.0,line-b-e37,33.2047487,-116.1475508,180.0,line-b-e38,33.2049081,-116.1473612,180.0,2026-08-18T20:21:48Z,dipole-dipole,6,4,2.000,279.7,200.688,7.334,0.00527,0.00090,0.00709;0.00768;0.00668;0.00668;0.00553;0.00444;0.00394;0.00322;0.00252;0.00186,
line-b-r01660,line-b,line-b-e30,33.2036330,-116.1488780,180.0,line-b-e31,33.2037924,-116.1486884,180.0,line-b-e37,33.2047487,-116.1475508,180.0,line-b-e38,33.2049081,-116.1473612,180.0,2026-08-18T20:22:00Z,dipole-dipole,6,3,2.000,271.0,198.410,6.181,0.00374,0.00085,0.00598;0.00549;0.00533;0.00413;0.00358;0.00348;0.00292;0.00245;0.00182;0.00125,
line-b-r01661,line-b,line-b-e30,33.2036330,-116.1488780,180.0,line-b-e31,33.2037924,-116.1486884,180.0,line-b-e37,33.2047487,-116.1475508,180.0,line-b-e38,33.2049081,-116.1473612,180.0,2026-08-18T20:22:12Z,dipole-dipole,6,3,2.000,331.2,193.940,7.275,0.00506,0.00102,0.00828;0.00811;0.00661;0.00623;0.00561;0.00442;0.00389;0.00334;0.00252;0.00179,
line-b-r01662,line-b,line-b-e30,33.2036330,-116.1488780,180.0,line-b-e31,33.2037924,-116.1486884,180.0,line-b-e38,33.2049081,-116.1473612,180.0,line-b-e39,33.2050675,-116.1471716,180.0,2026-08-18T20:22:24Z,dipole-dipole,7,7,2.000,309.2,203.937,10.424,0.00462,0.00102,0.00719;0.00694;0.00646;0.00541;0.00553;0.00412;0.00371;0.00332;0.00243;0.00154,
line-b-r01663,line-b,line-b-e30,33.2036330,-116.1488780,180.0,line-b-e31,33.2037924,-116.1486884,180.0,line-b-e38,33.2049081,-116.1473612,180.0,line-b-e39,33.2050675,-116.1471716,180.0,2026-08-18T20:22:36Z,dipole-dipole,7,8,2.000,395.0,192.396,7.517,0.00427,0.00099,0.00767;0.00662;0.00591;0.00507;0.00524;0.00413;0.00369;0.00279;0.00217;0.00144,
line-b-r01664,line-b,line-b-e30,33.2036330,-116.1488780,180.0,line-b-e31,33.2037924,-116.1486884,180.0,line-b-e38,33.2049081,-116.1473612,180.0,line-b-e39,33.2050675,-116.1471716,180.0,2026-08-18T20:22:48Z,dipole-dipole,7,6,2.000,242.0,201.228,6.850,0.00412,0.00097,0.00594;0.00592;0.00558;0.00496;0.00442;0.00422;0.00367;0.00281;0.00211;0.00131,
line-b-r01665,line-b,line-b-e30,33.2036330,-116.1488780,180.0,line-b-e31,33.2037924,-116.1486884,180.0,line-b-e38,33.2049081,-116.1473612,180.0,line-b-e39,33.2050675,-116.1471716,180.0,2026-08-18T20:23:00Z,dipole-dipole,7,3,2.000,275.5,201.559,7.287,0.00507,0.00096,0.00858;0.00762;0.00689;0.00689;0.00594;0.00415;0.00432;0.00304;0.00240;0.00178,
line-b-r01666,line-b,line-b-e30,33.2036330,-116.1488780,180.0,line-b-e31,33.2037924,-116.1486884,180.0,line-b-e38,33.2049081,-116.1473612,180.0,line-b-e39,33.2050675,-116.1471716,180.0,2026-08-18T20:23:12Z,dipole-dipole,7,8,2.000,351.9,207.560,6.804,0.00449,0.00083,0.00656;0.00682;0.00582;0.00529;0.00496;0.00389;0.00376;0.00264;0.00223;0.00157,
line-b-r01667,line-b,line-b-e30,33.2036330,-116.1488780,180.0,line-b-e31,33.2037924,-116.1486884,180.0,line-b-e38,33.2049081,-116.1473612,180.0,line-b-e39,33.2050675,-116.1471716,180.0,2026-08-18T20:23:24Z,dipole-dipole,7,8,2.000,265.6,207.658,7.959,0.00443,0.00093,0.00703;0.00679;0.00643;0.00597;0.00520;0.00385;0.00315;0.00279;0.00230;0.00158,
line-b-r01668,line-b,line-b-e30,33.2036330,-116.1488780,180.0,line-b-e31,33.2037924,-116.1486884,180.0,line-b-e38,33.2049081,-116.1473612,180.0,line-b-e39,33.2050675,-116.1471716,180.0,2026-08-18T20:23:36Z,dipole-dipole,7,4,2.000,284.2,194.037,8.350,0.00400,0.00111,0.00640;0.00590;0.00565;0.00505;0.00456;0.00385;0.00315;0.00241;0.00192;0.00135,
line-b-r01669,line-b,line-b-e30,33.2036330,-116.1488780,180.0,line-b-e31,33.2037924,-116.1486884,180.0,line-b-e39,33.2050675,-116.1471716,180.0,line-b-e40,33.2052268,-116.1469820,180.0,2026-08-18T20:23:48Z,dipole-dipole,8,7,2.000,285.9,201.519,7.268,0.00407,0.00083,0.00623;0.00607;0.00563;0.00498;0.00465;0.00398;0.00318;0.00248;0.00220;0.00138,
line-b-r01670,line-b,line-b-e30,33.2036330,-116.1488780,180.0,line-b-e31,33.2037924,-116.1486884,180.0,line-b-e39,33.2050675,-116.1471716,180.0,line-b-e40,33.2052268,-116.1469820,180.0,2026-08-18T20:24:00Z,dipole-dipole,8,8,2.000,319.9,193.184,8.471,0.00389,0.00117,0.00602;0.00619;0.00503;0.00490;0.00455;0.00369;0.00302;0.00243;0.00171;0.00130,
line-b-r01671,line-b,line-b-e30,33.2036330,-116.1488780,180.0,line-b-e31,33.2037924,-116.1486884,180.0,line-b-e39,33.2050675,-116.1471716,180.0,line-b-e40,33.2052268,-116.1469820,180.0,2026-08-18T20:24:12Z,dipole-dipole,8,7,2.000,324.2,196.500,7.000,0.00480,0.00105,0.00733;0.00714;0.00647;0.00569;0.00524;0.00416;0.00342;0.00331;0.00225;0.00176,
line-b-r01672,line-b,line-b-e30,33.2036330,-116.1488780,180.0,line-b-e31,33.2037924,-116.1486884,180.0,line-b-e39,33.2050675,-116.1471716,180.0,line-b-e40,33.2052268,-116.1469820,180.0,2026-08-18T20:24:24Z,dipole-dipole,8,5,2.000,318.4,201.502,7.777,0.00597,0.00093,0.00912;0.00805;0.00896;0.00801;0.00670;0.00624;0.00454;0.00402;0.00294;0.00220,
line-b-r01673,line-b,line-b-e30,33.2036330,-116.1488780,180.0,line-b-e31,33.2037924,-116.1486884,180.0,line-b-e39,33.2050675,-116.1471716,180.0,line-b-e40,33.2052268,-116.1469820,180.0,2026-08-18T20:24:36Z,dipole-dipole,8,4,2.000,329.1,199.937,8.098,0.00543,0.00095,0.00923;0.00828;0.00720;0.00693;0.00641;0.00530;0.00448;0.00342;0.00297;0.00197,
line-b-r01674,line-b,line-b-e30,33.2036330,-116.1488780,180.0,line-b-e31,33.2037924,-116.1486884,180.0,line-b-e39,33.2050675,-116.1471716,180.0,line-b-e40,33.2052268,-116.1469820,180.0,2026-08-18T20:24:48Z,dipole-dipole,8,3,2.000,316.1,212.033,6.559,0.00352,0.00108,0.00546;0.00479;0.00458;0.00465;0.00412;0.00389;0.00285;0.00244;0.00181;0.00131,
line-b-r01675,line-b,line-b-e30,33.2036330,-116.1488780,180.0,line-b-e31,33.2037924,-116.1486884,180.0,line-b-e39,33.2050675,-116.1471716,180.0,line-b-e40,33.2052268,-116.1469820,180.0,2026-08-18T20:25:00Z,dipole-dipole,8,7,2.000,307.9,197.553,7.581,0.00426,0.00098,0.00651;0.00661;0.00606;0.00522;0.00480;0.00374;0.00307;0.00268;0.00174;0.00154,
line-b-r01676,line-b,line-b-e30,33.2036330,-116.1488780,180.0,line-b-e31,33.2037924,-116.1486884,180.0,line-b-e39,33.2050675,-116.1471716,180.0,line-b-e40,33.2052268,-116.1469820,180.0,2026-08-18T20:25:12Z,dipole-dipole,8,3,2.000,330.8,200.521,7.763,0.00577,0.00116,0.00877;0.00864;0.00788;0.00701;0.00595;0.00579;0.00459;0.00359;0.00264;0.00224,
line-b-r01677,line-b,line-b-e31,33.2037924,-116.1486884,180.0,line-b-e32,33.2039518,-116.1484988,180.0,line-b-e33,33.2041111,-116.1483092,180.0,line-b-e34,33.2042705,-116.1481196,180.0,2026-08-18T20:25:24Z,dipole-dipole,1,4,2.000,306.4,198.136,7.826,0.00618,0.00093,0.01055;0.00930;0.00806;0.00694;0.00585;0.00559;0.00524;0.00441;0.00312;0.00226,
line-b-r01678,line-b,line-b-e31,33.2037924,-116.1486884,180.0,line-b-e32,33.2039518,-116.1484988,180.0,line-b-e33,33.2041111,-116.1483092,180.0,line-b-e34,33.2042705,-116.1481196,180.0,2026-08-18T20:25:36Z,dipole-dipole,1,5,2.000,305.0,216.013,6.735,0.00520,0.00090,0.00792;0.00747;0.00758;0.00692;0.00585;0.00503;0.00408;0.00327;0.00276;0.00182,
line-b-r01679,line-b,line-b-e31,33.2037924,-116.1486884,180.0,line-b-e32,33.2039518,-116.1484988,180.0,line-b-e33,33.2041111,-116.1483092,180.0,line-b-e34,33.2042705,-116.1481196,180.0,2026-08-18T20:25:48Z,dipole-dipole,1,6,2.000,252.1,202.712,7.590,0.00552,0.00128,0.00928;0.00842;0.00744;0.00631;0.00651;0.00500;0.00426;0.00333;0.00281;0.00199,
line-b-r01680,line-b,line-b-e31,33.2037924,-116.1486884,180.0,line-b-e32,33.2039518,-116.1484988,180.0,line-b-e33,33.2041111,-116.1483092,180.0,line-b-e34,33.2042705,-116.1481196,180.0,2026-08-18T20:26:00Z,dipole-dipole,1,3,2.000,285.9,194.330,7.196,0.00789,0.00123,0.01162;0.01300;0.01118;0.00997;0.00829;0.00719;0.00605;0.00550;0.00371;0.00253,
line-b-r01681,line-b,line-b-e31,33.2037924,-116.1486884,180.0,line-b-e32,33.2039518,-116.1484988,180.0,line-b-e33,33.2041111,-116.1483092,180.0,line-b-e34,33.2042705,-116.1481196,180.0,2026-08-18T20:26:12Z,dipole-dipole,1,7,2.000,228.4,199.171,9.043,0.00480,0.00099,0.00778;0.00694;0.00680;0.00625;0.00524;0.00487;0.00410;0.00328;0.00234;0.00177,
line-b-r01682,line-b,line-b-e31,33.2037924,-116.1486884,180.0,line-b-e32,33.2039518,-116.1484988,180.0,line-b-e33,33.2041111,-116.1483092,180.0,line-b-e34,33.2042705,-116.1481196,180.0,2026-08-18T20:26:24Z,dipole-dipole,1,7,2.000,273.8,208.339,7.419,0.00471,0.00096,0.00836;0.00785;0.00696;0.00594;0.00516;0.00455;0.00337;0.00305;0.00258;0.00169,
line-b-r01683,line-b,line-b-e31,33.2037924,-116.1486884,180.0,line-b-e32,33.2039518,-116.1484988,180.0,line-b-e33,33.2041111,-116.1483092,180.0,line-b-e34,33.2042705,-116.1481196,180.0,2026-08-18T20:26:36Z,dipole-dipole,1,5,2.000,270.8,207.923,8.778,0.00523,0.00107,0.00949;0.00805;0.00672;0.00647;0.00517;0.00517;0.00442;0.00348;0.00265;0.00170,
line-b-r01684,line-b,line-b-e31,33.2037924,-116.1486884,180.0,line-b-e32,33.2039518,-116.1484988,180.0,line-b-e33,33.2041111,-116.1483092,180.0,line-b-e34,33.2042705,-116.1481196,180.0,2026-08-18T20:26:48Z,dipole-dipole,1,4,2.000,268.7,201.314,6.916,0.00328,0.00106,0.00516;0.00455;0.00490;0.00403;0.00416;0.00315;0.00266;0.00208;0.00178;0.00109,
line-b-r01685,line-b,line-b-e31,33.2037924,-116.1486884,180.0,line-b-e32,33.2039518,-116.1484988,180.0,line-b-e34,33.2042705,-116.1481196,180.0,line-b-e35,33.2044299,-116.1479300,180.0,2026-08-18T20:27:00Z,dipole-dipole,2,3,2.000,274.6,210.726,8.170,0.00509,0.00118,0.00859;0.00787;0.00696;0.00646;0.00492;0.00478;0.00393;0.00320;0.00251;0.00171,
line-b-r01686,line-b,line-b-e31,33.2037924,-116.1486884,180.0,line-b-e32,33.2039518,-116.1484988,180.0,line-b-e34,33.2042705,-116.1481196,180.0,line-b-e35,33.2044299,-116.1479300,180.0,2026-08-18T20:27:12Z,dipole-dipole,2,7,2.000,254.4,178.411,5.621,0.00640,0.00090,0.01105;0.00870;0.00905;0.00767;0.00648;0.00682;0.00571;0.00424;0.00311;0.00229,
line-b-r01687,line-b,line-b-e31,33.2037924,-116.1486884,180.0,line-b-e32,33.2039518,-116.1484988,180.0,line-b-e34,33.2042705,-116.1481196,180.0,line-b-e35,33.2044299,-116.1479300,180.0,2026-08-18T20:27:24Z,dipole-dipole,2,5,2.000,298.3,195.591,7.908,0.00419,0.00127,0.00664;0.00568;0.00561;0.00566;0.00470;0.00429;0.00345;0.00271;0.00230;0.00145,
line-b-r01688,line-b,line-b-e31,33.2037924,-116.1486884,180.0,line-b-e32,33.2039518,-116.1484988,180.0,line-b-e34,33.2042705,-116.1481196,180.0,line-b-e35,33.2044299,-116.1479300,180.0,2026-08-18T20:27:36Z,dipole-dipole,2,7,2.000,285.7,188.442,7.267,0.00455,0.00101,0.00726;0.00662;0.00673;0.00593;0.00524;0.00436;0.00386;0.00313;0.00209;0.00159,
line-b-r01689,line-b,line-b-e31,33.2037924,-116.1486884,180.0,line-b-e32,33.2039518,-116.1484988,180.0,line-b-e34,33.2042705,-116.1481196,180.0,line-b-e35,33.2044299,-116.1479300,180.0,2026-08-18T20:27:48Z,dipole-dipole,2,4,2.000,314.1,194.555,5.132,0.00540,0.00074,0.00858;0.00781;0.00764;0.00639;0.00620;0.00490;0.00450;0.00343;0.00275;0.00201,
line-b-r01690,line-b,line-b-e31,33.2037924,-116.1486884,180.0,line-b-e32,33.2039518,-116.1484988,180.0,line-b-e34,33.2042705,-116.1481196,180.0,line-b-e35,33.2044299,-116.1479300,180.0,2026-08-18T20:28:00Z,dipole-dipole,2,8,2.000,334.6,196.523,8.863,0.00600,0.00095,0.01007;0.00841;0.00812;0.00741;0.00625;0.00546;0.00521;0.00416;0.00283;0.00198,
line-b-r01691,line-b,line-b-e31,33.2037924,-116.1486884,180.0,line-b-e32,33.2039518,-116.1484988,180.0,line-b-e34,33.2042705,-116.1481196,180.0,line-b-e35,33.2044299,-116.1479300,180.0,2026-08-18T20:28:12Z,dipole-dipole,2,6,2.000,319.1,197.128,8.837,0.00592,0.00101,0.00892;0.00928;0.00824;0.00671;0.00642;0.00506;0.00515;0.00352;0.00294;0.00227,
line-b-r01692,line-b,line-b-e31,33.2037924,-116.1486884,180.0,line-b-e32,33.2039518,-116.1484988,180.0,line-b-e34,33.2042705,-116.1481196,180.0,line-b-e35,33.2044299,-116.1479300,180.0,2026-08-18T20:28:24Z,dipole-dipole,2,8,2.000,290.2,194.743,7.100,0.00570,0.00125,0.00847;0.00868;0.00829;0.00684;0.00688;0.00527;0.00385;0.00345;0.00256;0.00193,
line-b-r01693,line-b,line-b-e31,33.2037924,-116.1486884,180.0,line-b-e32,33.2039518,-116.1484988,180.0,line-b-e35,33.2044299,-116.1479300,180.0,line-b-e36,33.2045893,-116.1477404,180.0,2026-08-18T20:28:36Z,dipole-dipole,3,7,2.000,363.2,201.000,8.737,0.00524,0.00102,0.00795;0.00761;0.00768;0.00632;0.00580;0.00517;0.00408;0.00315;0.00253;0.00191,
line-b-r01694,line-b,line-b-e31,33.2037924,-116.1486884,180.0,line-b-e32,33.2039518,-116.1484988,180.0,line-b-e35,33.2044299,-116.1479300,180.0,line-b-e36,33.2045893,-116.1477404,180.0,2026-08-18T20:28:48Z,dipole-dipole,3,7,2.000,298.8,190.972,6.142,0.00430,0.00119,0.00690;0.00652;0.00599;0.00540;0.00460;0.00406;0.00320;0.00271;0.00223;0.00144,
line-b-r01695,line-b,line-b-e31,33.2037924,-116.1486884,180.0,line-b-e32,33.2039518,-116.1484988,180.0,line-b-e35,33.2044299,-116.1479300,180.0,line-b-e36,33.2045893,-116.1477404,180.0,2026-08-18T20:29:00Z,dipole-dipole,3,5,2.000,378.3,196.715,6.553,0.00470,0.00122,0.00756;0.00714;0.00672;0.00587;0.00495;0.00430;0.00380;0.00318;0.00219;0.00168,
line-b-r01696,line-b,line-b-e31,33.2037924,-116.1486884,180.0,line-b-e32,33.2039518,-116.1484988,180.0,line-b-e35,33.2044299,-116.1479300,180.0,line-b-e36,33.2045893,-116.1477404,180.0,2026-08-18T20:29:12Z,dipole-dipole,3,4,2.000,276.5,199.879,8.228,0.00518,0.00127,0.00827;0.00765;0.00765;0.00669;0.00639;0.00503;0.00406;0.00316;0.00256;0.00166,
line-b-r01697,line-b,line-b-e31,33.2037924,-116.1486884,180.0,line-b-e32,33.2039518,-116.1484988,180.0,line-b-e35,33.2044299,-116.1479300,180.0,line-b-e36,33.2045893,-116.1477404,180.0,2026-08-18T20:29:24Z,dipole-dipole,3,7,2.000,324.2,201.982,10.106,0.00388,0.00099,0.00614;0.00586;0.00529;0.00487;0.00423;0.00387;0.00296;0.00284;0.00191;0.00126,
line-b-r01698,line-b,line-b-e31,33.2037924,-116.1486884,180.0,line-b-e32,33.2039518,-116.1484988,180.0,line-b-e35,33.2044299,-116.1479300,180.0,line-b-e36,33.2045893,-116.1477404,180.0,2026-08-18T20:29:36Z,dipole-dipole,3,8,2.000,274.5,207.157,8.556,0.00591,0.00093,0.00964;0.00863;0.00821;0.00746;0.00677;0.00557;0.00493;0.00403;0.00249;0.00198,
line-b-r01699,line-b,line-b-e31,33.2037924,-116.1486884,180.0,line-b-e32,33.2039518,-116.1484988,180.0,line-b-e36,33.2045893,-116.1477404,180.0,line-b-e37,33.2047487,-116.1475508,180.0,2026-08-18T20:29:48Z,dipole-dipole,4,3,2.000,377.6,204.738,6.383,0.00228,0.00170,0.00343;0.00312;0.00303;0.00297;0.00246;0.00186;0.00168;0.00148;0.00106;0.00089,
line-b-r01700,line-b,line-b-e31,33.2037924,-116.1486884,180.0,line-b-e32,33.2039518,-116.1484988,180.0,line-b-e36,33.2045893,-116.1477404,180.0,line-b-e37,33.2047487,-116.1475508,180.0,2026-08-18T20:30:00Z,dipole-dipole,4,8,2.000,247.9,205.419,8.310,0.00463,0.00079,0.00765;0.00692;0.00629;0.00543;0.00481;0.00453;0.00351;0.00341;0.00238;0.00144,
line-b-r01701,line-b,line-b-e31,33.2037924,-116.1486884,180.0,line-b-e32,33.2039518,-116.1484988,180.0,line-b-e36,33.2045893,-116.1477404,180.0,line-b-e37,33.2047487,-116.1475508,180.0,2026-08-18T20:30:12Z,dipole-dipole,4,7,2.000,267.7,189.058,6.538,0.00435,0.00098,0.00754;0.00645;0.00567;0.00479;0.00473;0.00374;0.00316;0.00270;0.00199;0.00157,
line-b-r01702,line-b,line-b-e31,33.2037924,-116.1486884,180.0,line-b-e32,33.2039518,-116.1484988,180.0,line-b-e36,33.2045893,-116.1477404,180.0,line-b-e37,33.2047487,-116.1475508,180.0,2026-08-18T20:30:24Z,dipole-dipole,4,4,2.000,294.0,204.319,6.775,0.00517,0.00131,0.00801;0.00749;0.00707;0.00668;0.00550;0.00515;0.00419;0.00328;0.00237;0.00183,
line-b-r01703,line-b,line-b-e31,33.2037924,-116.1486884,180.0,line-b-e32,33.2039518,-116.1484988,180.0,line-b-e36,33.2045893,-116.1477404,180.0,line-b-e37,33.2047487,-116.1475508,180.0,2026-08-18T20:30:36Z,dipole-dipole,4,8,2.000,299.4,195.295,7.194,0.00382,0.00132,0.00680;0.00579;0.00541;0.00446;0.00426;0.00345;0.00293;0.00264;0.00194;0.00143,
line-b-r01704,line-b,line-b-e31,33.2037924,-116.1486884,180.0,line-b-e32,33.2039518,-116.1484988,180.0,line-b-e36,33.2045893,-116.1477404,180.0,line-b-e37,33.2047487,-116.1475508,180.0,2026-08-18T20:30:48Z,dipole-dipole,4,3,2.000,326.2,199.804,7.841,0.00485,0.00101,0.00719;0.00697;0.00721;0.00666;0.00520;0.00494;0.00355;0.00290;0.00231;0.00161,
line-b-r01705,line-b,line-b-e31,33.2037924,-116.1486884,180.0,line-b-e32,33.2039518,-116.1484988,180.0,line-b-e37,33.2047487,-116.1475508,180.0,line-b-e38,33.2049081,-116.1473612,180.0,2026-08-18T20:31:00Z,dipole-dipole,5,7,2.000,224.5,180.821,6.698,0.00458,0.00121,0.00765;0.00633;0.00634;0.00647;0.00482;0.00421;0.00365;0.00283;0.00227;0.00155,
line-b-r01706,line-b,line-b-e31,33.2037924,-116.1486884,180.0,line-b-e32,33.2039518,-116.1484988,180.0,line-b-e37,33.2047487,-116.1475508,180.0,line-b-e38,33.2049081,-116.1473612,180.0,2026-08-18T20:31:12Z,dipole-dipole,5,6,2.000,300.7,194.344,7.976,0.00610,0.00111,0.01039;0.00819;0.00818;0.00708;0.00659;0.00529;0.00502;0.00392;0.00300;0.00222,
line-b-r01707,line-b,line-b-e31,33.2037924,-116.1486884,180.0,line-b-e32,33.2039518,-116.1484988,180.0,line-b-e37,33.2047487,-116.1475508,180.0,line-b-e38,33.2049081,-116.1473612,180.0,2026-08-18T20:31:24Z,dipole-dipole,5,5,2.000,224.3,220.255,7.130,0.00528,0.00090,0.00892;0.00824;0.00706;0.00684;0.00641;0.00505;0.00427;0.00348;0.00256;0.00180,
line-b-r01708,line-b,line-b-e31,33.2037924,-116.1486884,180.0,line-b-e32,33.2039518,-116.1484988,180.0,line-b-e37,33.2047487,-116.1475508,180.0,line-b-e38,33.2049081,-116.1473612,180.0,2026-08-18T20:31:36Z,dipole-dipole,5,3,2.000,337.7,203.118,9.140,0.00420,0.00128,0.00613;0.00622;0.00619;0.00502;0.00427;0.00398;0.00329;0.00268;0.00193;0.00164,
line-b-r01709,line-b,line-b-e31,33.2037924,-116.1486884,180.0,line-b-e32,33.2039518,-116.1484988,180.0,line-b-e37,33.2047487,-116.1475508,180.0,line-b-e38,33.2049081,-116.1473612,180.0,2026-08-18T20:31:48Z,dipole-dipole,5,8,2.000,267.5,192.530,8.008,0.00361,0.00093,0.00547;0.00524;0.00504;0.00439;0.00417;0.00326;0.00286;0.00233;0.00178;0.00116,
line-b-r01710,line-b,line-b-e31,33.2037924,-116.1486884,180.0,line-b-e32,33.2039518,-116.1484988,180.0,line-b-e37,33.2047487,-116.1475508,180.0,line-b-e38,33.2049081,-116.1473612,180.0,2026-08-18T20:32:00Z,dipole-dipole,5,6,2.000,261.2,200.083,7.075,0.00489,0.00116,0.00811;0.00748;0.00615;0.00619;0.00567;0.00470;0.00361;0.00333;0.00234;0.00166,
line-b-r01711,line-b,line-b-e31,33.2037924,-116.1486884,180.0,line-b-e32,33.2039518,-116.1484988,180.0,line-b-e38,33.2049081,-116.1473612,180.0,line-b-e39,33.2050675,-116.1471716,180.0,2026-08-18T20:32:12Z,dipole-dipole,6,5,2.000,287.0,194.320,7.599,0.00527,0.00114,0.00829;0.00839;0.00704;0.00664;0.00589;0.00546;0.00390;0.00346;0.00255;0.00163,
line-b-r01712,line-b,line-b-e31,33.2037924,-116.1486884,180.0,line-b-e32,33.2039518,-116.1484988,180.0,line-b-e38,33.2049081,-116.1473612,180.0,line-b-e39,33.2050675,-116.1471716,180.0,2026-08-18T20:32:24Z,dipole-dipole,6,4,2.000,251.5,199.708,7.077,0.00451,0.00090,0.00741;0.00675;0.00610;0.00582;0.00544;0.00455;0.00401;0.00293;0.00237;0.00188,
line-b-r01713,line-b,line-b-e31,33.2037924,-116.1486884,180.0,line-b-e32,33.2039518,-116.1484988,180.0,line-b-e38,33.2049081,-116.1473612,180.0,line-b-e39,33.2050675,-116.1471716,180.0,2026-08-18T20:32:36Z,dipole-dipole,6,4,2.000,332.2,196.969,6.941,0.00632,0.00087,0.01162;0.00933;0.00806;0.00706;0.00605;0.00569;0.00480;0.00359;0.00315;0.00229,
line-b-r01714,line-b,line-b-e31,33.2037924,-116.1486884,180.0,line-b-e32,33.2039518,-116.1484988,180.0,line-b-e38,33.2049081,-116.1473612,180.0,line-b-e39,33.2050675,-116.1471716,180.0,2026-08-18T20:32:48Z,dipole-dipole,6,4,2.000,249.0,201.381,7.497,0.00504,0.00137,0.00824;0.00734;0.00685;0.00584;0.00600;0.00498;0.00372;0.00325;0.00235;0.00179,
line-b-r01715,line-b,line-b-e31,33.2037924,-116.1486884,180.0,line-b-e32,33.2039518,-116.1484988,180.0,line-b-e38,33.2049081,-116.1473612,180.0,line-b-e39,33.2050675,-116.1471716,180.0,2026-08-18T20:33:00Z,dipole-dipole,6,8,2.000,262.8,198.244,8.450,0.00489,0.00105,0.00788;0.00791;0.00658;0.00595;0.00588;0.00460;0.00373;0.00334;0.00270;0.00201,
line-b-r01716,line-b,line-b-e31,33.2037924,-116.1486884,180.0,line-b-e32,33.2039518,-116.1484988,180.0,line-b-e38,33.2049081,-116.1473612,180.0,line-b-e39,33.2050675,-116.1471716,180.0,2026-08-18T20:33:12Z,dipole-dipole,6,5,2.000,307.5,202.531,6.308,0.00353,0.00098,0.00527;0.00527;0.00477;0.00474;0.00355;0.00307;0.00256;0.00234;0.00164;0.00111,
line-b-r01717,line-b,line-b-e31,33.2037924,-116.1486884,180.0,line-b-e32,33.2039518,-116.1484988,180.0,line-b-e38,33.2049081,-116.1473612,180.0,line-b-e39,33.2050675,-116.1471716,180.0,2026-08-18T20:33:24Z,dipole-dipole,6,7,2.000,295.5,204.909,7.138,0.00480,0.00111,0.00774;0.00757;0.00671;0.00605;0.00533;0.00432;0.00379;0.00308;0.00244;0.00168,
line-b-r01718,line-b,line-b-e31,33.2037924,-116.1486884,180.0,line-b-e32,33.2039518,-116.1484988,180.0,line-b-e38,33.2049081,-116.1473612,180.0,line-b-e39,33.2050675,-116.1471716,180.0,2026-08-18T20:33:36Z,dipole-dipole,6,5,2.000,309.2,215.412,7.179,0.00500,0.00102,0.00679;0.00722;0.00693;0.00618;0.00526;0.00484;0.00355;0.00342;0.00268;0.00171,
line-b-r01719,line-b,line-b-e31,33.2037924,-116.1486884,180.0,line-b-e32,33.2039518,-116.1484988,180.0,line-b-e39,33.2050675,-116.1471716,180.0,line-b-e40,33.2052268,-116.1469820,180.0,2026-08-18T20:33:48Z,dipole-dipole,7,5,2.000,251.6,202.429,9.982,0.00566,0.00105,0.00898;0.00716;0.00794;0.00626;0.00619;0.00559;0.00437;0.00413;0.00279;0.00195,
line-b-r01720,line-b,line-b-e31,33.2037924,-116.1486884,180.0,line-b-e32,33.2039518,-116.1484988,180.0,line-b-e39,33.2050675,-116.1471716,180.0,line-b-e40,33.2052268,-116.1469820,180.0,2026-08-18T20:34:00Z,dipole-dipole,7,4,2.000,329.9,197.265,6.441,0.00486,0.00098,0.00815;0.00821;0.00632;0.00628;0.00582;0.00457;0.00395;0.00301;0.00238;0.00184,
line-b-r01721,line-b,line-b-e31,33.2037924,-116.1486884,180.0,line-b-e32,33.2039518,-116.1484988,180.0,line-b-e39,33.2050675,-116.1471716,180.0,line-b-e40,33.2052268,-116.1469820,180.0,2026-08-18T20:34:12Z,dipole-dipole,7,6,2.000,239.1,194.212,7.491,0.00517,0.00109,0.00765;0.00704;0.00719;0.00583;0.00513;0.00488;0.00399;0.00296;0.00262;0.00177,
line-b-r01722,line-b,line-b-e31,33.2037924,-116.1486884,180.0,line-b-e32,33.2039518,-116.1484988,180.0,line-b-e39,33.2050675,-116.1471716,180.0,line-b-e40,33.2052268,-116.1469820,180.0,2026-08-18T20:34:24Z,dipole-dipole,7,3,2.000,262.4,191.362,5.497,0.00606,0.00100,0.00210;0.00287;0.00381;0.00492;0.00548;0.00647;0.00670;0.00847;0.00877;0.00943,
line-b-r01723,line-b,line-b-e31,33.2037924,-116.1486884,180.0,line-b-e32,33.2039518,-116.1484988,180.0,line-b-e39,33.2050675,-116.1471716,180.0,line-b-e40,33.2052268,-116.1469820,180.0,2026-08-18T20:34:36Z,dipole-dipole,7,6,2.000,289.8,215.971,9.704,0.00456,0.00114,0.00756;0.00643;0.00644;0.00595;0.00507;0.00427;0.00367;0.00302;0.00238;0.00171,
line-b-r01724,line-b,line-b-e31,33.2037924,-116.1486884,180.0,line-b-e32,33.2039518,-116.1484988,180.0,line-b-e39,33.2050675,-116.1471716,180.0,line-b-e40,33.2052268,-116.1469820,180.0,2026-08-18T20:34:48Z,dipole-dipole,7,3,2.000,296.7,203.246,7.024,0.00519,0.00103,0.00888;0.00762;0.00765;0.00632;0.00593;0.00472;0.00376;0.00349;0.00251;0.00195,
line-b-r01725,line-b,line-b-e31,33.2037924,-116.1486884,180.0,line-b-e32,33.2039518,-116.1484988,180.0,line-b-e39,33.2050675,-116.1471716,180.0,line-b-e40,33.2052268,-116.1469820,180.0,2026-08-18T20:35:00Z,dipole-dipole,7,5,2.000,240.1,201.118,6.775,0.00372,0.00104,0.00565;0.00578;0.00575;0.00497;0.00426;0.00362;0.00278;0.00245;0.00175;0.00124,
line-b-r01726,line-b,line-b-e32,33.2039518,-116.1484988,180.0,line-b-e33,33.2041111,-116.1483092,180.0,line-b-e34,33.2042705,-116.1481196,180.0,line-b-e35,33.2044299,-116.1479300,180.0,2026-08-18T20:35:12Z,dipole-dipole,1,8,2.000,284.8,199.561,8.325,0.00472,0.00122,0.00835;0.00734;0.00644;0.00577;0.00582;0.00433;0.00370;0.00325;0.00238;0.00175,
line-b-r01727,line-b,line-b-e32,33.2039518,-116.1484988,180.0,line-b-e33,33.2041111,-116.1483092,180.0,line-b-e34,33.2042705,-116.1481196,180.0,line-b-e35,33.2044299,-116.1479300,180.0,2026-08-18T20:35:24Z,dipole-dipole,1,3,2.000,285.1,201.468,6.561,0.00555,0.00077,0.00892;0.00824;0.00711;0.00737;0.00626;0.00538;0.00450;0.00367;0.00268;0.00202,
line-b-r01728,line-b,line-b-e32,33.2039518,-116.1484988,180.0,line-b-e33,33.2041111,-116.1483092,180.0,line-b-e34,33.2042705,-116.1481196,180.0,line-b-e35,33.2044299,-116.1479300,180.0,2026-08-18T20:35:36Z,dipole-dipole,1,8,2.000,292.8,192.420,9.451,0.00456,0.00115,0.00656;0.00711;0.00660;0.00524;0.00437;0.00453;0.00368;0.00242;0.00227;0.00159,
line-b-r01729,line-b,line-b-e32,33.2039518,-116.1484988,180.0,line-b-e33,33.2041111,-116.1483092,180.0,line-b-e34,33.2042705,-116.1481196,180.0,line-b-e35,33.2044299,-116.1479300,180.0,2026-08-18T20:35:48Z,dipole-dipole,1,5,2.000,276.9,214.375,7.465,0.00522,0.00089,0.00816;0.00771;0.00703;0.00643;0.00641;0.00493;0.00393;0.00338;0.00269;0.00184,
line-b-r01730,line-b,line-b-e32,33.2039518,-116.1484988,180.0,line-b-e33,33.2041111,-116.1483092,180.0,line-b-e34,33.2042705,-116.1481196,180.0,line-b-e35,33.2044299,-116.1479300,180.0,2026-08-18T20:36:00Z,dipole-dipole,1,8,2.000,309.7,208.699,6.288,0.00479,0.00088,0.00786;0.00725;0.00678;0.00530;0.00527;0.00444;0.00360;0.00320;0.00237;0.00164,
line-b-r01731,line-b,line-b-e32,33.2039518,-116.1484988,180.0,line-b-e33,33.2041111,-116.1483092,180.0,line-b-e34,33.2042705,-116.1481196,180.0,line-b-e35,33.2044299,-116.1479300,180.0,2026-08-18T20:36:12Z,dipole-dipole,1,5,2.000,264.8,193.272,6.585,0.00480,0.00140,0.00749;0.00790;0.00641;0.00564;0.00542;0.00469;0.00409;0.00282;0.00220;0.00157,
line-b-r01732,line-b,line-b-e32,33.2039518,-116.1484988,180.0,line-b-e33,33.2041111,-116.1483092,180.0,line-b-e34,33.2042705,-116.1481196,180.0,line-b-e35,33.2044299,-116.1479300,180.0,2026-08-18T20:36:24Z,dipole-dipole,1,4,2.000,304.0,224.683,8.459,0.00709,0.00120,0.01205;0.01039;0.01007;0.00837;0.00719;0.00676;0.00508;0.00479;0.00372;0.00276,
line-b-r01733,line-b,line-b-e32,33.2039518,-116.1484988,180.0,line-b-e33,33.2041111,-116.1483092,180.0,line-b-e34,33.2042705,-116.1481196,180.0,line-b-e35,33.2044299,-116.1479300,180.0,2026-08-18T20:36:36Z,dipole-dipole,1,4,2.000,220.4,214.188,6.622,0.00729,0.01036,0.01265;0.01066;0.01039;0.00928;0.00861;0.00692;0.00627;0.00472;0.00326;0.00239,
line-b-r01734,line-b,line-b-e32,33.2039518,-116.1484988,180.0,line-b-e33,33.2041111,-116.1483092,180.0,line-b-e35,33.2044299,-116.1479300,180.0,line-b-e36,33.2045893,-116.1477404,180.0,2026-08-18T20:36:48Z,dipole-dipole,2,6,2.000,292.1,213.301,7.754,0.00502,0.00105,0.00713;0.00702;0.00637;0.00612;0.00507;0.00494;0.00370;0.00318;0.00238;0.00187,
line-b-r01735,line-b,line-b-e32,33.2039518,-116.1484988,180.0,line-b-e33,33.2041111,-116.1483092,180.0,line-b-e35,33.2044299,-116.1479300,180.0,line-b-e36,33.2045893,-116.1477404,180.0,2026-08-18T20:37:00Z,dipole-dipole,2,6,2.000,323.7,191.529,5.601,0.00563,0.00105,0.00892;0.00826;0.00851;0.00702;0.00650;0.00550;0.00491;0.00363;0.00276;0.00199,
line-b-r01736,line-b,line-b-e32,33.2039518,-116.1484988,180.0,line-b-e33,33.2041111,-116.1483092,180.0,line-b-e35,33.2044299,-116.1479300,180.0,line-b-e36,33.2045893,-116.1477404,180.0,2026-08-18T20:37:12Z,dipole-dipole,2,4,2.000,243.1,193.660,6.130,0.00605,0.00105,0.00982;0.00965;0.00823;0.00767;0.00629;0.00624;0.00446;0.00358;0.00288;0.00195,
line-b-r01737,line-b,line-b-e32,33.2039518,-116.1484988,180.0,line-b-e33,33.2041111,-116.1483092,180.0,line-b-e35,33.2044299,-116.1479300,180.0,line-b-e36,33.2045893,-116.1477404,180.0,2026-08-18T20:37:24Z,dipole-dipole,2,6,2.000,299.5,201.710,7.456,0.00535,0.00124,0.00832;0.00699;0.00780;0.00599;0.00567;0.00500;0.00430;0.00352;0.00249;0.00182,
line-b-r01738,line-b,line-b-e32,33.2039518,-116.1484988,180.0,line-b-e33,33.2041111,-116.1483092,180.0,line-b-e35,33.2044299,-116.1479300,180.0,line-b-e36,33.2045893,-116.1477404,180.0,2026-08-18T20:37:36Z,dipole-dipole,2,7,2.000,322.7,205.425,7.956,0.00434,0.00117,0.00775;0.00675;0.00537;0.00506;0.00486;0.00431;0.00324;0.00263;0.00191;0.00156,
line-b-r01739,line-b,line-b-e32,33.2039518,-116.1484988,180.0,line-b-e33,33.2041111,-116.1483092,180.0,line-b-e35,33.2044299,-116.1479300,180.0,line-b-e36,33.2045893,-116.1477404,180.0,2026-08-18T20:37:48Z,dipole-dipole,2,8,2.000,273.4,208.668,7.389,0.00606,0.00127,0.00892;0.01007;0.00841;0.00724;0.00630;0.00598;0.00489;0.00424;0.00302;0.00217,
line-b-r01740,line-b,line-b-e32,33.2039518,-116.1484988,180.0,line-b-e33,33.2041111,-116.1483092,180.0,line-b-e36,33.2045893,-116.1477404,180.0,line-b-e37,33.2047487,-116.1475508,180.0,2026-08-18T20:38:00Z,dipole-dipole,3,3,2.000,340.6,192.217,8.224,0.00421,0.00097,0.00602;0.00591;0.00537;0.00473;0.00469;0.00407;0.00330;0.00258;0.00215;0.00159,
line-b-r01741,line-b,line-b-e32,33.2039518,-116.1484988,180.0,line-b-e33,33.2041111,-116.1483092,180.0,line-b-e36,33.2045893,-116.1477404,180.0,line-b-e37,33.2047487,-116.1475508,180.0,2026-08-18T20:38:12Z,dipole-dipole,3,4,2.000,217.2,206.751,8.302,0.00475,0.00107,0.00815;0.00684;0.00732;0.00608;0.00505;0.00442;0.00347;0.00309;0.00233;0.00175,
line-b-r01742,line-b,line-b-e32,33.2039518,-116.1484988,180.0,line-b-e33,33.2041111,-116.1483092,180.0,line-b-e36,33.2045893,-116.1477404,180.0,line-b-e37,33.2047487,-116.1475508,180.0,2026-08-18T20:38:24Z,dipole-dipole,3,7,2.000,267.6,204.984,7.788,0.00312,0.00103,0.00516;0.00490;0.00436;0.00387;0.00362;0.00262;0.00249;0.00211;0.00165;0.00104,
line-b-r01743,line-b,line-b-e32,33.2039518,-116.1484988,180.0,line-b-e33,33.2041111,-116.1483092,180.0,line-b-e36,33.2045893,-116.1477404,180.0,line-b-e37,33.2047487,-116.1475508,180.0,2026-08-18T20:38:36Z,dipole-dipole,3,8,2.000,331.1,194.119,8.758,0.00587,0.00094,0.00953;0.00882;0.00906;0.00821;0.00608;0.00545;0.00454;0.00383;0.00287;0.00202,
line-b-r01744,line-b,line-b-e32,33.2039518,-116.1484988,180.0,line-b-e33,33.2041111,-116.1483092,180.0,line-b-e36,33.2045893,-116.1477404,180.0,line-b-e37,33.2047487,-116.1475508,180.0,2026-08-18T20:38:48Z,dipole-dipole,3,3,2.000,327.1,204.219,5.974,0.00280,0.00123,0.00423;0.00390;0.00374;0.00381;0.00313;0.00286;0.00221;0.00188;0.00144;0.00101,
line-b-r01745,line-b,line-b-e32,33.2039518,-116.1484988,180.0,line-b-e33,33.2041111,-116.1483092,180.0,line-b-e36,33.2045893,-116.1477404,180.0,line-b-e37,33.2047487,-116.1475508,180.0,2026-08-18T20:39:00Z,dipole-dipole,3,8,2.000,321.7,213.373,622.253,0.00303,0.00101,0.00509;0.00486;0.00424;0.00368;0.00335;0.00268;0.00227;0.00203;0.00143;0.00100,
line-b-r01746,line-b,line-b-e32,33.2039518,-116.1484988,180.0,line-b-e33,33.2041111,-116.1483092,180.0,line-b-e36,33.2045893,-116.1477404,180.0,line-b-e37,33.2047487,-116.1475508,180.0,2026-08-18T20:39:12Z,dipole-dipole,3,5,2.000,351.4,193.816,8.264,0.00347,0.00098,0.00562;0.00539;0.00516;0.00456;0.00380;0.00380;0.00274;0.00232;0.00176;0.00126,
line-b-r01747,line-b,line-b-e32,33.2039518,-116.1484988,180.0,line-b-e33,33.2041111,-116.1483092,180.0,line-b-e37,33.2047487,-116.1475508,180.0,line-b-e38,33.2049081,-116.1473612,180.0,2026-08-18T20:39:24Z,dipole-dipole,4,6,2.000,315.9,-170.892,6.213,0.00490,0.00121,0.00812;0.00795;0.00640;0.00555;0.00515;0.00497;0.00401;0.00350;0.00250;0.00172,
line-b-r01748,line-b,line-b-e32,33.2039518,-116.1484988,180.0,line-b-e33,33.2041111,-116.1483092,180.0,line-b-e37,33.2047487,-116.1475508,180.0,line-b-e38,33.2049081,-116.1473612,180.0,2026-08-18T20:39:36Z,dipole-dipole,4,7,2.000,236.9,192.255,8.474,0.00402,0.00125,0.00628;0.00592;0.00530;0.00499;0.00479;0.00363;0.00312;0.00258;0.00190;0.00133,
line-b-r01749,line-b,line-b-e32,33.2039518,-116.1484988,180.0,line-b-e33,33.2041111,-116.1483092,180.0,line-b-e37,33.2047487,-116.1475508,180.0,line-b-e38,33.2049081,-116.1473612,180.0,2026-08-18T20:39:48Z,dipole-dipole,4,8,2.000,293.9,214.456,6.588,0.00460,0.00090,0.00739;0.00749;0.00633;0.00551;0.00480;0.00503;0.00365;0.00341;0.00236;0.00173,
line-b-r01750,line-b,line-b-e32,33.2039518,-116.1484988,180.0,line-b-e33,33.2041111,-116.1483092,180.0,line-b-e37,33.2047487,-116.1475508,180.0,line-b-e38,33.2049081,-116.1473612,180.0,2026-08-18T20:40:00Z,dipole-dipole,4,3,2.000,278.1,208.283,8.133,0.00615,0.00091,0.01040;0.00922;0.00942;0.00828;0.00644;0.00531;0.00503;0.00401;0.00290;0.00215,
line-b-r01751,line-b,line-b-e32,33.2039518,-116.1484988,180.0,line-b-e33,33.2041111,-116.1483092,180.0,line-b-e37,33.2047487,-116.1475508,180.0,line-b-e38,33.2049081,-116.1473612,180.0,2026-08-18T20:40:12Z,dipole-dipole,4,4,2.000,268.6,197.975,8.323,0.00490,0.00134,0.00749;0.00746;0.00714;0.00608;0.00521;0.00476;0.00412;0.00326;0.00231;0.00169,
line-b-r01752,line-b,line-b-e32,33.2039518,-116.1484988,180.0,line-b-e33,33.2041111,-116.1483092,180.0,line-b-e37,33.2047487,-116.1475508,180.0,line-b-e38,33.2049081,-116.1473612,180.0,2026-08-18T20:40:24Z,dipole-dipole,4,5,2.000,396.2,193.101,7.289,0.00359,0.00119,0.00592;0.00503;0.00521;0.00438;0.00353;0.00335;0.00280;0.00236;0.00170;0.00124,
line-b-r01753,line-b,line-b-e32,33.2039518,-116.1484988,180.0,line-b-e33,33.2041111,-116.1483092,180.0,line-b-e38,33.2049081,-116.1473612,180.0,line-b-e39,33.2050675,-116.1471716,180.0,2026-08-18T20:40:36Z,dipole-dipole,5,8,2.000,274.8,203.844,6.926,0.00388,0.00115,0.00627;0.00592;0.00499;0.00502;0.00423;0.00380;0.00295;0.00218;0.00194;0.00132,
line-b-r01754,line-b,line-b-e32,33.2039518,-116.1484988,180.0,line-b-e33,33.2041111,-116.1483092,180.0,line-b-e38,33.2049081,-116.1473612,180.0,line-b-e39,33.2050675,-116.1471716,180.0,2026-08-18T20:40:48Z,dipole-dipole,5,7,2.000,366.8,196.795,10.046,0.00583,0.00096,0.00900;0.00838;0.00885;0.00694;0.00649;0.00535;0.00435;0.00323;0.00296;0.00205,
line-b-r01755,line-b,line-b-e32,33.2039518,-116.1484988,180.0,line-b-e33,33.2041111,-116.1483092,180.0,line-b-e38,33.2049081,-116.1473612,180.0,line-b-e39,33.2050675,-116.1471716,180.0,2026-08-18T20:41:00Z,dipole-dipole,5,7,2.000,305.9,203.433,9.186,0.00506,0.00141,0.00717;0.00750;0.00762;0.00629;0.00509;0.00473;0.00403;0.00305;0.00214;0.00182,
line-b-r01756,line-b,line-b-e32,33.2039518,-116.1484988,180.0,line-b-e33,33.2041111,-116.1483092,180.0,line-b-e38,33.2049081,-116.1473612,180.0,line-b-e39,33.2050675,-116.1471716,180.0,2026-08-18T20:41:12Z,dipole-dipole,5,8,2.000,323.8,204.616,12.041,0.00659,0.00083,0.00961;0.00909;0.00927;0.00778;0.00750;0.00659;0.00544;0.00435;0.00327;0.00239,
line-b-r01757,line-b,line-b-e32,33.2039518,-116.1484988,180.0,line-b-e33,33.2041111,-116.1483092,180.0,line-b-e38,33.2049081,-116.1473612,180.0,line-b-e39,33.2050675,-116.1471716,180.0,2026-08-18T20:41:24Z,dipole-dipole,5,3,2.000,267.4,208.175,6.405,0.00539,0.00100,0.00999;0.00838;0.00715;0.00680;0.00618;0.00458;0.00405;0.00364;0.00281;0.00187,
line-b-r01758,line-b,line-b-e32,33.2039518,-116.1484988,180.0,line-b-e33,33.2041111,-116.1483092,180.0,line-b-e38,33.2049081,-116.1473612,180.0,line-b-e39,33.2050675,-116.1471716,180.0,2026-08-18T20:41:36Z,dipole-dipole,5,7,2.000,279.4,197.205,7.938,0.00614,0.00112,0.00902;0.01013;0.00893;0.00789;0.00638;0.00622;0.00513;0.00449;0.00261;0.00226,
line-b-r01759,line-b,line-b-e32,33.2039518,-116.1484988,180.0,line-b-e33,33.2041111,-116.1483092,180.0,line-b-e38,33.2049081,-116.1473612,180.0,line-b-e39,33.2050675,-116.1471716,180.0,2026-08-18T20:41:48Z,dipole-dipole,5,7,2.000,279.4,187.797,9.658,0.00423,0.00091,0.00648;0.00551;0.00533;0.00540;0.00483;0.00429;0.00312;0.00249;0.00205;0.00143,
line-b-r01760,line-b,line-b-e32,33.2039518,-116.1484988,180.0,line-b-e33,33.2041111,-116.1483092,180.0,line-b-e38,33.2049081,-116.1473612,180.0,line-b-e39,33.2050675,-116.1471716,180.0,2026-08-18T20:42:00Z,dipole-dipole,5,8,2.000,331.4,195.654,7.475,0.00466,0.00105,0.00788;0.00743;0.00616;0.00562;0.00528;0.00488;0.00406;0.00274;0.00227;0.00136,
line-b-r01761,line-b,line-b-e32,33.2039518,-116.1484988,180.0,line-b-e33,33.2041111,-116.1483092,180.0,line-b-e39,33.2050675,-116.1471716,180.0,line-b-e40,33.2052268,-116.1469820,180.0,2026-08-18T20:42:12Z,dipole-dipole,6,5,2.000,247.6,187.260,5.954,0.00509,0.00106,0.00804;0.00743;0.00643;0.00598;0.00581;0.00478;0.00394;0.00305;0.00249;0.00166,
line-b-r01762,line-b,line-b-e32,33.2039518,-116.1484988,180.0,line-b-e33,33.2041111,-116.1483092,180.0,line-b-e39,33.2050675,-116.1471716,180.0,line-b-e40,33.2052268,-116.1469820,180.0,2026-08-18T20:42:24Z,dipole-dipole,6,7,2.000,313.6,203.792,6.659,0.00583,0.00116,0.00916;0.00849;0.00817;0.00636;0.00642;0.00490;0.00473;0.00417;0.00258;0.00190,
line-b-r01763,line-b,line-b-e32,33.2039518,-116.1484988,180.0,line-b-e33,33.2041111,-116.1483092,180.0,line-b-e39,33.2050675,-116.1471716,180.0,line-b-e40,33.2052268,-116.1469820,180.0,2026-08-18T20:42:36Z,dipole-dipole,6,8,2.000,229.9,198.775,6.911,0.00482,0.00102,0.00810;0.00712;0.00617;0.00603;0.00504;0.00446;0.00389;0.00314;0.00213;0.00178,
line-b-r01764,line-b,line-b-e32,33.2039518,-116.1484988,180.0,line-b-e33,33.2041111,-116.1483092,180.0,line-b-e39,33.2050675,-116.1471716,180.0,line-b-e40,33.2052268,-116.1469820,180.0,2026-08-18T20:42:48Z,dipole-dipole,6,6,2.000,299.4,207.687,7.336,0.00418,0.00103,0.00707;0.00605;0.00487;0.00556;0.00453;0.00375;0.00289;0.00294;0.00206;0.00154,
line-b-r01765,line-b,line-b-e32,33.2039518,-116.1484988,180.0,line-b-e33,33.2041111,-116.1483092,180.0,line-b-e39,33.2050675,-116.1471716,180.0,line-b-e40,33.2052268,-116.1469820,180.0,2026-08-18T20:43:00Z,dipole-dipole,6,7,2.000,287.2,188.593,8.101,0.00566,0.00101,0.00909;0.00927;0.00804;0.00682;0.00604;0.00513;0.00441;0.00366;0.00297;0.00205,
line-b-r01766,line-b,line-b-e32,33.2039518,-116.1484988,180.0,line-b-e33,33.2041111,-116.1483092,180.0,line-b-e39,33.2050675,-116.1471716,180.0,line-b-e40,33.2052268,-116.1469820,180.0,2026-08-18T20:43:12Z,dipole-dipole,6,4,2.000,253.4,203.992,10.286,0.00338,0.00088,0.00527;0.00507;0.00424;0.00427;0.00340;0.00311;0.00255;0.00213;0.00156;0.00116,
line-b-r01767,line-b,line-b-e32,33.2039518,-116.1484988,180.0,line-b-e33,33.2041111,-116.1483092,180.0,line-b-e39,33.2050675,-116.1471716,180.0,line-b-e40,33.2052268,-116.1469820,180.0,2026-08-18T20:43:24Z,dipole-dipole,6,6,2.000,220.7,198.295,10.445,0.00594,0.00103,0.01017;0.00912;0.00780;0.00685;0.00593;0.00649;0.00476;0.00382;0.00301;0.00212,
line-b-r01768,line-b,line-b-e33,33.2041111,-116.1483092,180.0,line-b-e34,33.2042705,-116.1481196,180.0,line-b-e35,33.2044299,-116.1479300,180.0,line-b-e36,33.2045893,-116.1477404,180.0,2026-08-18T20:43:36Z,dipole-dipole,1,5,2.000,327.4,208.281,6.753,0.00496,0.00100,0.00795;0.00703;0.00688;0.00620;0.00513;0.00493;0.00415;0.00332;0.00239;0.00166,
line-b-r01769,line-b,line-b-e33,33.2041111,-116.1483092,180.0,line-b-e34,33.2042705,-116.1481196,180.0,line-b-e35,33.2044299,-116.1479300,180.0,line-b-e36,33.2045893,-116.1477404,180.0,2026-08-18T20:43:48Z,dipole-dipole,1,6,2.000,365.8,203.762,7.958,0.00354,0.00097,0.00524;0.00601;0.00513;0.00517;0.00418;0.00343;0.00286;0.00205;0.00162;0.00126,
line-b-r01770,line-b,line-b-e33,33.2041111,-116.1483092,180.0,line-b-e34,33.2042705,-116.1481196,180.0,line-b-e35,33.2044299,-116.1479300,180.0,line-b-e36,33.2045893,-116.1477404,180.0,2026-08-18T20:44:00Z,dipole-dipole,1,3,1.815,440.8,212.490,6.878,0.00437,0.00095,0.00708;0.00624;0.00661;0.00494;0.00462;0.00378;0.00310;0.00263;0.00221;0.00132,
line-b-r01771,line-b,line-b-e33,33.2041111,-116.1483092,180.0,line-b-e34,33.2042705,-116.1481196,180.0,line-b-e35,33.2044299,-116.1479300,180.0,line-b-e36,33.2045893,-116.1477404,180.0,2026-08-18T20:44:12Z,dipole-dipole,1,7,2.000,393.4,207.942,8.498,0.00503,0.00110,0.00858;0.00823;0.00678;0.00613;0.00543;0.00440;0.00463;0.00311;0.00235;0.00183,
line-b-r01772,line-b,line-b-e33,33.2041111,-116.1483092,180.0,line-b-e34,33.2042705,-116.1481196,180.0,line-b-e35,33.2044299,-116.1479300,180.0,line-b-e36,33.2045893,-116.1477404,180.0,2026-08-18T20:44:24Z,dipole-dipole,1,3,1.650,484.8,209.104,9.269,0.00583,0.00095,0.00888;0.00890;0.00862;0.00676;0.00713;0.00561;0.00445;0.00375;0.00296;0.00196,
line-b-r01773,line-b,line-b-e33,33.2041111,-116.1483092,180.0,line-b-e34,33.2042705,-116.1481196,180.0,line-b-e35,33.2044299,-116.1479300,180.0,line-b-e36,33.2045893,-116.1477404,180.0,2026-08-18T20:44:36Z,dipole-dipole,1,4,1.810,442.0,214.596,8.638,0.00522,0.00132,0.00820;0.00786;0.00784;0.00697;0.00576;0.00477;0.00445;0.00369;0.00242;0.00194,
line-b-r01774,line-b,line-b-e33,33.2041111,-116.1483092,180.0,line-b-e34,33.2042705,-116.1481196,180.0,line-b-e35,33.2044299,-116.1479300,180.0,line-b-e36,33.2045893,-116.1477404,180.0,2026-08-18T20:44:48Z,dipole-dipole,1,5,2.000,304.1,196.581,6.904,0.00413,0.00113,0.00680;0.00627;0.00597;0.00501;0.00425;0.00343;0.00323;0.00268;0.00194;0.00133,
line-b-r01775,line-b,line-b-e33,33.2041111,-116.1483092,180.0,line-b-e34,33.2042705,-116.1481196,180.0,line-b-e36,33.2045893,-116.1477404,180.0,line-b-e37,33.2047487,-116.1475508,180.0,2026-08-18T20:45:00Z,dipole-dipole,2,4,2.000,357.9,198.698,6.521,0.00662,0.00095,0.01010;0.01048;0.00896;0.00835;0.00754;0.00586;0.00509;0.00469;0.00308;0.00231,
line-b-r01776,line-b,line-b-e33,33.2041111,-116.1483092,180.0,line-b-e34,33.2042705,-116.1481196,180.0,line-b-e36,33.2045893,-116.1477404,180.0,line-b-e37,33.2047487,-116.1475508,180.0,2026-08-18T20:45:12Z,dipole-dipole,2,4,2.000,308.5,195.628,9.146,0.00247,0.00103,0.00398;0.00363;0.00308;0.00312;0.00296;0.00242;0.00218;0.00155;0.00135;0.00080,
line-b-r01777,line-b,line-b-e33,33.2041111,-116.1483092,180.0,line-b-e34,33.2042705,-116.1481196,180.0,line-b-e36,33.2045893,-116.1477404,180.0,line-b-e37,33.2047487,-116.1475508,180.0,2026-08-18T20:45:24Z,dipole-dipole,2,4,2.000,362.9,201.052,5.578,0.00466,0.00088,0.00734;0.00672;0.00633;0.00605;0.00514;0.00507;0.00364;0.00284;0.00234;0.00163,
line-b-r01778,line-b,line-b-e33,33.2041111,-116.1483092,180.0,line-b-e34,33.2042705,-116.1481196,180.0,line-b-e36,33.2045893,-116.1477404,180.0,line-b-e37,33.2047487,-116.1475508,180.0,2026-08-18T20:45:36Z,dipole-dipole,2,8,2.000,389.3,187.585,6.533,0.00387,0.00080,0.00592;0.00519;0.00578;0.00491;0.00409;0.00368;0.00276;0.00253;0.00176;0.00135,
line-b-r01779,line-b,line-b-e33,33.2041111,-116.1483092,180.0,line-b-e34,33.2042705,-116.1481196,180.0,line-b-e36,33.2045893,-116.1477404,180.0,line-b-e37,33.2047487,-116.1475508,180.0,2026-08-18T20:45:48Z,dipole-dipole,2,8,1.916,417.5,210.116,7.424,0.00605,0.00103,0.00946;0.00894;0.00747;0.00766;0.00697;0.00554;0.00431;0.00423;0.00309;0.00203,
line-b-r01780,line-b,line-b-e33,33.2041111,-116.1483092,180.0,line-b-e34,33.2042705,-116.1481196,180.0,line-b-e36,33.2045893,-116.1477404,180.0,line-b-e37,33.2047487,-116.1475508,180.0,2026-08-18T20:46:00Z,dipole-dipole,2,5,1.925,415.6,188.840,7.714,0.00564,0.00107,0.00869;0.00777;0.00802;0.00627;0.00618;0.00514;0.00453;0.00326;0.00297;0.00204,
line-b-r01781,line-b,line-b-e33,33.2041111,-116.1483092,180.0,line-b-e34,33.2042705,-116.1481196,180.0,line-b-e36,33.2045893,-116.1477404,180.0,line-b-e37,33.2047487,-116.1475508,180.0,2026-08-18T20:46:12Z,dipole-dipole,2,6,2.000,314.6,202.235,8.802,0.00487,0.00122,0.00753;0.00712;0.00616;0.00560;0.00486;0.00448;0.00400;0.00349;0.00254;0.00165,
line-b-r01782,line-b,line-b-e33,33.2041111,-116.1483092,180.0,line-b-e34,33.2042705,-116.1481196,180.0,line-b-e36,33.2045893,-116.1477404,180.0,line-b-e37,33.2047487,-116.1475508,180.0,2026-08-18T20:46:24Z,dipole-dipole,2,5,2.000,394.3,192.504,7.862,0.00457,0.00142,0.00752;0.00682;0.00634;0.00575;0.00552;0.00441;0.00398;0.00288;0.00211;0.00159,
line-b-r01783,line-b,line-b-e33,33.2041111,-116.1483092,180.0,line-b-e34,33.2042705,-116.1481196,180.0,line-b-e37,33.2047487,-116.1475508,180.0,line-b-e38,33.2049081,-116.1473612,180.0,2026-08-18T20:46:36Z,dipole-dipole,3,8,2.000,311.3,198.726,5.835,0.00418,0.00096,0.00636;0.00617;0.00568;0.00548;0.00495;0.00441;0.00343;0.00274;0.00217;0.00146,
line-b-r01784,line-b,line-b-e33,33.2041111,-116.1483092,180.0,line-b-e34,33.2042705,-116.1481196,180.0,line-b-e37,33.2047487,-116.1475508,180.0,line-b-e38,33.2049081,-116.1473612,180.0,2026-08-18T20:46:48Z,dipole-dipole,3,5,2.000,382.1,200.889,7.495,0.00369,0.00080,0.00570;0.00551;0.00486;0.00508;0.00390;0.00378;0.00313;0.00260;0.00178;0.00146,
line-b-r01785,line-b,line-b-e33,33.2041111,-116.1483092,180.0,line-b-e34,33.2042705,-116.1481196,180.0,line-b-e37,33.2047487,-116.1475508,180.0,line-b-e38,33.2049081,-116.1473612,180.0,2026-08-18T20:47:00Z,dipole-dipole,3,8,1.599,500.2,197.549,5.769,0.00675,0.00099,0.01125;0.00930;0.00963;0.00819;0.00733;0.00689;0.00493;0.00457;0.00310;0.00234,
line-b-r01786,line-b,line-b-e33,33.2041111,-116.1483092,180.0,line-b-e34,33.2042705,-116.1481196,180.0,line-b-e37,33.2047487,-116.1475508,180.0,line-b-e38,33.2049081,-116.1473612,180.0,2026-08-18T20:47:12Z,dipole-dipole,3,8,2.000,361.2,189.965,7.033,0.00472,0.00108,0.00682;0.00665;0.00615;0.00564;0.00500;0.00428;0.00371;0.00308;0.00223;0.00170,
line-b-r01787,line-b,line-b-e33,33.2041111,-116.1483092,180.0,line-b-e34,33.2042705,-116.1481196,180.0,line-b-e37,33.2047487,-116.1475508,180.0,line-b-e38,33.2049081,-116.1473612,180.0,2026-08-18T20:47:24Z,dipole-dipole,3,3,2.000,366.0,200.926,5.646,0.00510,0.00112,0.00789;0.00735;0.00681;0.00691;0.00554;0.00426;0.00421;0.00324;0.00237;0.00174,
line-b-r01788,line-b,line-b-e33,33.2041111,-116.1483092,180.0,line-b-e34,33.2042705,-116.1481196,180.0,line-b-e37,33.2047487,-116.1475508,180.0,line-b-e38,33.2049081,-116.1473612,180.0,2026-08-18T20:47:36Z,dipole-dipole,3,4,2.000,384.8,199.523,9.076,0.00526,0.00096,0.00798;0.00728;0.00682;0.00672;0.00592;0.00491;0.00462;0.00316;0.00244;0.00180,
line-b-r01789,line-b,line-b-e33,33.2041111,-116.1483092,180.0,line-b-e34,33.2042705,-116.1481196,180.0,line-b-e37,33.2047487,-116.1475508,180.0,line-b-e38,33.2049081,-116.1473612,180.0,2026-08-18T20:47:48Z,dipole-dipole,3,7,2.000,329.3,204.735,7.657,0.00516,0.00119,0.00856;0.00807;0.00764;0.00656;0.00579;0.00473;0.00435;0.00316;0.00255;0.00189,
line-b-r01790,line-b,line-b-e33,33.2041111,-116.1483092,180.0,line-b-e34,33.2042705,-116.1481196,180.0,line-b-e37,33.2047487,-116.1475508,180.0,line-b-e38,33.2049081,-116.1473612,180.0,2026-08-18T20:48:00Z,dipole-dipole,3,7,2.000,356.3,201.808,5.870,0.00448,0.00116,0.00706;0.00663;0.00640;0.00554;0.00469;0.00473;0.00340;0.00314;0.00227;0.00155,
line-b-r01791,line-b,line-b-e33,33.2041111,-116.1483092,180.0,line-b-e34,33.2042705,-116.1481196,180.0,line-b-e38,33.2049081,-116.1473612,180.0,line-b-e39,33.2050675,-116.1471716,180.0,2026-08-18T20:48:12Z,dipole-dipole,4,7,2.000,311.3,186.989,8.988,0.00571,0.00112,0.00997;0.00781;0.00750;0.00684;0.00687;0.00530;0.00452;0.00344;0.00284;0.00192,
line-b-r01792,line-b,line-b-e33,33.2041111,-116.1483092,180.0,line-b-e34,33.2042705,-116.1481196,180.0,line-b-e38,33.2049081,-116.1473612,180.0,line-b-e39,33.2050675,-116.1471716,180.0,2026-08-18T20:48:24Z,dipole-dipole,4,5,2.000,355.4,197.431,6.121,0.00669,0.00125,0.00943;0.00985;0.00943;0.00925;0.00763;0.00630;0.00510;0.00413;0.00327;0.00238,
line-b-r01793,line-b,line-b-e33,33.2041111,-116.1483092,180.0,line-b-e34,33.2042705,-116.1481196,180.0,line-b-e38,33.2049081,-116.1473612,180.0,line-b-e39,33.2050675,-116.1471716,180.0,2026-08-18T20:48:36Z,dipole-dipole,4,4,1.963,407.5,197.793,6.863,0.00438,0.00107,0.00679;0.00723;0.00582;0.00565;0.00460;0.00410;0.00293;0.00302;0.00245;0.00147,
line-b-r01794,line-b,line-b-e33,33.2041111,-116.1483092,180.0,line-b-e34,33.2042705,-116.1481196,180.0,line-b-e38,33.2049081,-116.1473612,180.0,line-b-e39,33.2050675,-116.1471716,180.0,2026-08-18T20:48:48Z,dipole-dipole,4,5,2.000,333.2,205.044,7.028,0.00466,0.00094,0.00709;0.00656;0.00693;0.00599;0.00529;0.00439;0.00391;0.00324;0.00216;0.00168,
line-b-r01795,line-b,line-b-e33,33.2041111,-116.1483092,180.0,line-b-e34,33.2042705,-116.1481196,180.0,line-b-e38,33.2049081,-116.1473612,180.0,line-b-e39,33.2050675,-116.1471716,180.0,2026-08-18T20:49:00Z,dipole-dipole,4,8,2.000,354.0,198.611,6.864,0.00451,0.00105,0.00701;0.00697;0.00639;0.00524;0.00488;0.00411;0.00355;0.00297;0.00216;0.00163,
line-b-r01796,line-b,line-b-e33,33.2041111,-116.1483092,180.0,line-b-e34,33.2042705,-116.1481196,180.0,line-b-e38,33.2049081,-116.1473612,180.0,line-b-e39,33.2050675,-116.1471716,180.0,2026-08-18T20:49:12Z,dipole-dipole,4,5,2.000,333.1,201.693,6.476,0.00476,0.00101,0.00730;0.00715;0.00657;0.00645;0.00504;0.00464;0.00364;0.00325;0.00244;0.00161,
line-b-r01797,line-b,line-b-e33,33.2041111,-116.1483092,180.0,line-b-e34,33.2042705,-116.1481196,180.0,line-b-e38,33.2049081,-116.1473612,180.0,line-b-e39,33.2050675,-116.1471716,180.0,2026-08-18T20:49:24Z,dipole-dipole,4,3,2.000,340.3,201.656,5.929,0.00584,0.00085,0.00951;0.00888;0.00873;0.00717;0.00682;0.00558;0.00447;0.00410;0.00287;0.00207,
line-b-r01798,line-b,line-b-e33,33.2041111,-116.1483092,180.0,line-b-e34,33.2042705,-116.1481196,180.0,line-b-e39,33.2050675,-116.1471716,180.0,line-b-e40,33.2052268,-116.1469820,180.0,2026-08-18T20:49:36Z,dipole-dipole,5,3,2.000,359.4,212.226,10.347,0.00676,0.00128,0.00949;0.01001;0.00940;0.00865;0.00817;0.00599;0.00543;0.00509;0.00346;0.00258,
line-b-r01799,line-b,line-b-e33,33.2041111,-116.1483092,180.0,line-b-e34,33.2042705,-116.1481196,180.0,line-b-e39,33.2050675,-116.1471716,180.0,line-b-e40,33.2052268,-116.1469820,180.0,2026-08-18T20:49:48Z,dipole-dipole,5,6,2.000,331.3,205.971,6.837,0.00607,0.00107,0.00884;0.00994;0.00819;0.00779;0.00643;0.00656;0.00496;0.00373;0.00288;0.00212,
line-b-r01800,line-b,line-b-e33,33.2041111,-116.1483092,180.0,line-b-e34,33.2042705,-116.1481196,180.0,line-b-e39,33.2050675,-116.1471716,180.0,line-b-e40,33.2052268,-116.1469820,180.0,2026-08-18T20:50:00Z,dipole-dipole,5,7,2.000,361.4,190.664,6.033,0.00475,0.00123,0.00717;0.00740;0.00668;0.00551;0.00501;0.00415;0.00361;0.00307;0.00236;0.00174,
line-b-r01801,line-b,line-b-e33,33.2041111,-116.1483092,180.0,line-b-e34,33.2042705,-116.1481196,180.0,line-b-e39,33.2050675,-116.1471716,180.0,line-b-e40,33.2052268,-116.1469820,180.0,2026-08-18T20:50:12Z,dipole-dipole,5,7,1.864,429.2,193.218,5.491,0.00468,0.01137,0.00742;0.00683;0.00642;0.00627;0.00476;0.00486;0.00371;0.00306;0.00224;0.00153,
line-b-r01802,line-b,line-b-e33,33.2041111,-116.1483092,180.0,line-b-e34,33.2042705,-116.1481196,180.0,line-b-e39,33.2050675,-116.1471716,180.0,line-b-e40,33.2052268,-116.1469820,180.0,2026-08-18T20:50:24Z,dipole-dipole,5,3,2.000,351.3,194.647,6.744,0.00541,0.00113,0.00852;0.00831;0.00736;0.00701;0.00605;0.00553;0.00423;0.00358;0.00232;0.00200,
line-b-r01803,line-b,line-b-e33,33.2041111,-116.1483092,180.0,line-b-e34,33.2042705,-116.1481196,180.0,line-b-e39,33.2050675,-116.1471716,180.0,line-b-e40,33.2052268,-116.1469820,180.0,2026-08-18T20:50:36Z,dipole-dipole,5,4,1.755,455.7,221.253,8.592,0.00385,0.00081,0.00541;0.00668;0.00573;0.00451;0.00410;0.00351;0.00265;0.00246;0.00196;0.00139,
line-b-r01804,line-b,line-b-e34,33.2042705,-116.1481196,180.0,line-b-e35,33.2044299,-116.1479300,180.0,line-b-e36,33.2045893,-116.1477404,180.0,line-b-e37,33.2047487,-116.1475508,180.0,2026-08-18T20:50:48Z,dipole-dipole,1,8,1.356,590.0,214.254,10.366,0.00501,0.00142,0.00832;0.00805;0.00698;0.00627;0.00552;0.00442;0.00470;0.00334;0.00250;0.00156,
line-b-r01805,line-b,line-b-e34,33.2042705,-116.1481196,180.0,line-b-e35,33.2044299,-116.1479300,180.0,line-b-e36,33.2045893,-116.1477404,180.0,line-b-e37,33.2047487,-116.1475508,180.0,2026-08-18T20:51:00Z,dipole-dipole,1,5,1.777,450.3,203.851,7.189,0.00553,0.00099,0.00874;0.00801;0.00774;0.00720;0.00652;0.00488;0.00395;0.00347;0.00255;0.00191,
line-b-r01806,line-b,line-b-e34,33.2042705,-116.1481196,180.0,line-b-e35,33.2044299,-116.1479300,180.0,line-b-e36,33.2045893,-116.1477404,180.0,line-b-e37,33.2047487,-116.1475508,180.0,2026-08-18T20:51:12Z,dipole-dipole,1,3,1.185,675.0,205.422,6.818,0.00459,0.00131,0.00673;0.00654;0.00640;0.00592;0.00492;0.00428;0.00368;0.00310;0.00248;0.00155,
line-b-r01807,line-b,line-b-e34,33.2042705,-116.1481196,180.0,line-b-e35,33.2044299,-116.1479300,180.0,line-b-e36,33.2045893,-116.1477404,180.0,line-b-e37,33.2047487,-116.1475508,180.0,2026-08-18T20:51:24Z,dipole-dipole,1,7,1.387,576.8,220.127,8.445,0.00457,0.00117,0.00645;0.00673;0.00663;0.00561;0.00529;0.00426;0.00372;0.00297;0.00208;0.00161,
line-b-r01808,line-b,line-b-e34,33.2042705,-116.1481196,180.0,line-b-e35,33.2044299,-116.1479300,180.0,line-b-e36,33.2045893,-116.1477404,180.0,line-b-e37,33.2047487,-116.1475508,180.0,2026-08-18T20:51:36Z,dipole-dipole,1,6,1.808,442.6,198.904,7.771,0.00632,0.00107,0.01022;0.00930;0.00779;0.00734;0.00702;0.00567;0.00443;0.00377;0.00326;0.00233,
line-b-r01809,line-b,line-b-e34,33.2042705,-116.1481196,180.0,line-b-e35,33.2044299,-116.1479300,180.0,line-b-e36,33.2045893,-116.1477404,180.0,line-b-e37,33.2047487,-116.1475508,180.0,2026-08-18T20:51:48Z,dipole-dipole,1,7,1.539,519.8,198.134,7.691,0.00538,0.00115,0.00830;0.00743;0.00622;0.00556;0.00552;0.00521;0.00405;0.00332;0.00281;0.00191,
line-b-r01810,line-b,line-b-e34,33.2042705,-116.1481196,180.0,line-b-e35,33.2044299,-116.1479300,180.0,line-b-e36,33.2045893,-116.1477404,180.0,line-b-e37,33.2047487,-116.1475508,180.0,2026-08-18T20:52:00Z,dipole-dipole,1,8,1.653,483.9,192.166,10.350,0.00472,0.00070,0.00677;0.00735;0.00627;0.00576;0.00518;0.00447;0.00354;0.00289;0.00242;0.00162,
line-b-r01811,line-b,line-b-e34,33.2042705,-116.1481196,180.0,line-b-e35,33.2044299,-116.1479300,180.0,line-b-e36,33.2045893,-116.1477404,180.0,line-b-e37,33.2047487,-116.1475508,180.0,2026-08-18T20:52:12Z,dipole-dipole,1,6,1.742,459.2,199.517,7.136,0.00326,0.00102,0.00551;0.00512;0.00424;0.00454;0.00356;0.00310;0.00235;0.00202;0.00169;0.00121,
line-b-r01812,line-b,line-b-e34,33.2042705,-116.1481196,180.0,line-b-e35,33.2044299,-116.1479300,180.0,line-b-e37,33.2047487,-116.1475508,180.0,line-b-e38,33.2049081,-116.1473612,180.0,2026-08-18T20:52:24Z,dipole-dipole,2,7,1.280,624.9,202.417,5.324,0.00436,0.00142,0.00646;0.00608;0.00587;0.00510;0.00493;0.00365;0.00378;0.00290;0.00246;0.00151,
line-b-r01813,line-b,line-b-e34,33.2042705,-116.1481196,180.0,line-b-e35,33.2044299,-116.1479300,180.0,line-b-e37,33.2047487,-116.1475508,180.0,line-b-e38,33.2049081,-116.1473612,180.0,2026-08-18T20:52:36Z,dipole-dipole,2,7,1.233,648.9,204.421,6.733,0.00479,0.00078,0.00683;0.00612;0.00683;0.00571;0.00538;0.00464;0.00379;0.00303;0.00243;0.00189,
line-b-r01814,line-b,line-b-e34,33.2042705,-116.1481196,180.0,line-b-e35,33.2044299,-116.1479300,180.0,line-b-e37,33.2047487,-116.1475508,180.0,line-b-e38,33.2049081,-116.1473612,180.0,2026-08-18T20:52:48Z,dipole-dipole,2,8,1.550,516.2,195.399,7.322,0.00490,0.00109,0.00836;0.00795;0.00671;0.00631;0.00545;0.00455;0.00328;0.00300;0.00253;0.00176,
line-b-r01815,line-b,line-b-e34,33.2042705,-116.1481196,180.0,line-b-e35,33.2044299,-116.1479300,180.0,line-b-e37,33.2047487,-116.1475508,180.0,line-b-e38,33.2049081,-116.1473612,180.0,2026-08-18T20:53:00Z,dipole-dipole,2,3,1.217,657.4,208.118,6.061,0.00423,0.00095,0.00679;0.00609;0.00602;0.00525;0.00468;0.00406;0.00310;0.00288;0.00214;0.00143,
line-b-r01816,line-b,line-b-e34,33.2042705,-116.1481196,180.0,line-b-e35,33.2044299,-116.1479300,180.0,line-b-e37,33.2047487,-116.1475508,180.0,line-b-e38,33.2049081,-116.1473612,180.0,2026-08-18T20:53:12Z,dipole-dipole,2,7,1.451,551.3,187.467,8.257,0.00462,0.00101,0.00699;0.00731;0.00557;0.00640;0.00543;0.00435;0.00405;0.00318;0.00237;0.00159,
line-b-r01817,line-b,line-b-e34,33.2042705,-116.1481196,180.0,line-b-e35,33.2044299,-116.1479300,180.0,line-b-e37,33.2047487,-116.1475508,180.0,line-b-e38,33.2049081,-116.1473612,180.0,2026-08-18T20:53:24Z,dipole-dipole,2,3,1.334,599.8,190.242,7.350,0.00445,0.00091,0.00764;0.00657;0.00566;0.00546;0.00503;0.00377;0.00357;0.00289;0.00204;0.00154,
line-b-r01818,line-b,line-b-e34,33.2042705,-116.1481196,180.0,line-b-e35,33.2044299,-116.1479300,180.0,line-b-e37,33.2047487,-116.1475508,180.0,line-b-e38,33.2049081,-116.1473612,180.0,2026-08-18T20:53:36Z,dipole-dipole,2,7,1.335,599.4,194.922,7.182,0.00491,0.00122,0.00834;0.00756;0.00729;0.00607;0.00528;0.00526;0.00402;0.00320;0.00238;0.00176,
line-b-r01819,line-b,line-b-e34,33.2042705,-116.1481196,180.0,line-b-e35,33.2044299,-116.1479300,180.0,line-b-e37,33.2047487,-116.1475508,180.0,line-b-e38,33.2049081,-116.1473612,180.0,2026-08-18T20:53:48Z,dipole-dipole,2,8,1.466,545.7,204.776,8.227,0.00623,0.00095,0.01047;0.00904;0.00799;0.00694;0.00727;0.00600;0.00483;0.00398;0.00307;0.00220,
line-b-r01820,line-b,line-b-e34,33.2042705,-116.1481196,180.0,line-b-e35,33.2044299,-116.1479300,180.0,line-b-e38,33.2049081,-116.1473612,180.0,line-b-e39,33.2050675,-116.1471716,180.0,2026-08-18T20:54:00Z,dipole-dipole,3,5,1.943,411.8,212.426,8.340,0.00514,0.00130,0.00763;0.00783;0.00799;0.00604;0.00567;0.00482;0.00436;0.00323;0.00249;0.00185,
line-b-r01821,line-b,line-b-e34,33.2042705,-116.1481196,180.0,line-b-e35,33.2044299,-116.1479300,180.0,line-b-e38,33.2049081,-116.1473612,180.0,line-b-e39,33.2050675,-116.1471716,180.0,2026-08-18T20:54:12Z,dipole-dipole,3,3,1.050,761.6,213.684,7.659,0.00678,0.00095,0.01152;0.01116;0.00904;0.00746;0.00645;0.00701;0.00502;0.00411;0.00315;0.00224,
line-b-r01822,line-b,line-b-e34,33.2042705,-116.1481196,180.0,line-b-e35,33.2044299,-116.1479300,180.0,line-b-e38,33.2049081,-116.1473612,180.0,line-b-e39,33.2050675,-116.1471716,180.0,2026-08-18T20:54:24Z,dipole-dipole,3,6,1.511,529.6,194.455,6.803,0.00453,0.00122,0.00701;0.00635;0.00631;0.00562;0.00467;0.00419;0.00385;0.00291;0.00215;0.00157,
line-b-r01823,line-b,line-b-e34,33.2042705,-116.1481196,180.0,line-b-e35,33.2044299,-116.1479300,180.0,line-b-e38,33.2049081,-116.1473612,180.0,line-b-e39,33.2050675,-116.1471716,180.0,2026-08-18T20:54:36Z,dipole-dipole,3,4,1.404,569.9,195.745,6.645,0.00397,0.00097,0.00546;0.00652;0.00543;0.00519;0.00369;0.00382;0.00328;0.00251;0.00202;0.00145,
line-b-r01824,line-b,line-b-e34,33.2042705,-116.1481196,180.0,line-b-e35,33.2044299,-116.1479300,180.0,line-b-e38,33.2049081,-116.1473612,180.0,line-b-e39,33.2050675,-116.1471716,180.0,2026-08-18T20:54:48Z,dipole-dipole,3,4,1.552,515.4,198.241,8.151,0.00616,0.00109,0.00927;0.00928;0.00819;0.00710;0.00684;0.00621;0.00491;0.00379;0.00311;0.00218,
line-b-r01825,line-b,line-b-e34,33.2042705,-116.1481196,180.0,line-b-e35,33.2044299,-116.1479300,180.0,line-b-e38,33.2049081,-116.1473612,180.0,line-b-e39,33.2050675,-116.1471716,180.0,2026-08-18T20:55:00Z,dipole-dipole,3,4,1.902,420.7,185.273,7.190,0.00555,0.00086,0.00869;0.00845;0.00779;0.00662;0.00647;0.00518;0.00496;0.00355;0.00256;0.00182,
line-b-r01826,line-b,line-b-e34,33.2042705,-116.1481196,180.0,line-b-e35,33.2044299,-116.1479300,180.0,line-b-e39,33.2050675,-116.1471716,180.0,line-b-e40,33.2052268,-116.1469820,180.0,2026-08-18T20:55:12Z,dipole-dipole,4,3,1.215,658.6,192.358,7.231,0.00240,0.00101,0.00405;0.00350;0.00358;0.00296;0.00270;0.00224;0.00197;0.00158;0.00120;0.00090,
line-b-r01827,line-b,line-b-e34,33.2042705,-116.1481196,180.0,line-b-e35,33.2044299,-116.1479300,180.0,line-b-e39,33.2050675,-116.1471716,180.0,line-b-e40,33.2052268,-116.1469820,180.0,2026-08-18T20:55:24Z,dipole-dipole,4,4,1.596,501.3,202.108,7.370,0.00456,0.00116,0.00653;0.00720;0.00653;0.00590;0.00529;0.00466;0.00368;0.00302;0.00234;0.00173,
line-b-r01828,line-b,line-b-e34,33.2042705,-116.1481196,180.0,line-b-e35,33.2044299,-116.1479300,180.0,line-b-e39,33.2050675,-116.1471716,180.0,line-b-e40,33.2052268,-116.1469820,180.0,2026-08-18T20:55:36Z,dipole-dipole,4,4,1.692,472.8,198.766,7.720,0.00373,0.00096,0.00601;0.00533;0.00508;0.00431;0.00406;0.00337;0.00275;0.00228;0.00180;0.00134,
line-b-r01829,line-b,line-b-e34,33.2042705,-116.1481196,180.0,line-b-e35,33.2044299,-116.1479300,180.0,line-b-e39,33.2050675,-116.1471716,180.0,line-b-e40,33.2052268,-116.1469820,180.0,2026-08-18T20:55:48Z,dipole-dipole,4,8,1.810,441.9,198.602,5.519,0.00460,0.00087,0.00777;0.00676;0.00562;0.00516;0.00479;0.00456;0.00333;0.00310;0.00241;0.00160,
line-b-r01830,line-b,line-b-e34,33.2042705,-116.1481196,180.0,line-b-e35,33.2044299,-116.1479300,180.0,line-b-e39,33.2050675,-116.1471716,180.0,line-b-e40,33.2052268,-116.1469820,180.0,2026-08-18T20:56:00Z,dipole-dipole,4,3,1.301,615.1,200.717,9.493,0.00667,0.00110,0.01139;0.00935;0.00887;0.00848;0.00734;0.00629;0.00530;0.00390;0.00344;0.00245,
line-b-r01831,line-b,line-b-e34,33.2042705,-116.1481196,180.0,line-b-e35,33.2044299,-116.1479300,180.0,line-b-e39,33.2050675,-116.1471716,180.0,line-b-e40,33.2052268,-116.1469820,180.0,2026-08-18T20:56:12Z,dipole-dipole,4,7,1.383,578.6,202.623,5.263,0.00596,0.00095,0.00991;0.00873;0.00852;0.00677;0.00736;0.00513;0.00449;0.00376;0.00289;0.00231,
line-b-r01832,line-b,line-b-e34,33.2042705,-116.1481196,180.0,line-b-e35,33.2044299,-116.1479300,180.0,line-b-e39,33.2050675,-116.1471716,180.0,line-b-e40,33.2052268,-116.1469820,180.0,2026-08-18T20:56:24Z,dipole-dipole,4,6,1.151,694.8,197.830,7.632,0.00676,0.00089,0.00913;0.01063;0.00889;0.00873;0.00624;0.00701;0.00556;0.00459;0.00302;0.00229,
line-b-r01833,line-b,line-b-e34,33.2042705,-116.1481196,180.0,line-b-e35,33.2044299,-116.1479300,180.0,line-b-e39,33.2050675,-116.1471716,180.0,line-b-e40,33.2052268,-116.1469820,180.0,2026-08-18T20:56:36Z,dipole-dipole,4,8,1.488,537.7,209.832,5.803,0.00541,0.00116,0.00885;0.00865;0.00767;0.00724;0.00584;0.00482;0.00397;0.00342;0.00261;0.00179,
line-b-r01834,line-b,line-b-e35,33.2044299,-116.1479300,180.0,line-b-e36,33.2045893,-116.1477404,180.0,line-b-e37,33.2047487,-116.1475508,180.0,line-b-e38,33.2049081,-116.1473612,180.0,2026-08-18T20:56:48Z,dipole-dipole,1,3,1.478,541.4,207.633,9.347,0.00443,0.00123,0.00729;0.00590;0.00586;0.00589;0.00502;0.00371;0.00338;0.00262;0.00214;0.00161,
line-b-r01835,line-b,line-b-e35,33.2044299,-116.1479300,180.0,line-b-e36,33.2045893,-116.1477404,180.0,line-b-e37,33.2047487,-116.1475508,180.0,line-b-e38,33.2049081,-116.1473612,180.0,2026-08-18T20:57:00Z,dipole-dipole,1,3,1.506,531.3,211.868,6.936,0.00498,0.00107,0.00815;0.00782;0.00634;0.00604;0.00571;0.00460;0.00349;0.00299;0.00260;0.00182,
line-b-r01836,line-b,line-b-e35,33.2044299,-116.1479300,180.0,line-b-e36,33.2045893,-116.1477404,180.0,line-b-e37,33.2047487,-116.1475508,180.0,line-b-e38,33.2049081,-116.1473612,180.0,2026-08-18T20:57:12Z,dipole-dipole,1,5,1.348,593.4,192.617,7.122,0.00552,0.00100,0.00803;0.00957;0.00733;0.00681;0.00553;0.00539;0.00421;0.00349;0.00243;0.00203,
line-b-r01837,line-b,line-b-e35,33.2044299,-116.1479300,180.0,line-b-e36,33.2045893,-116.1477404,180.0,line-b-e37,33.2047487,-116.1475508,180.0,line-b-e38,33.2049081,-116.1473612,180.0,2026-08-18T20:57:24Z,dipole-dipole,1,5,1.494,535.3,208.174,7.797,0.00531,0.00088,0.00872;0.00810;0.00648;0.00662;0.00532;0.00551;0.00426;0.00344;0.00251;0.00194,
line-b-r01838,line-b,line-b-e35,33.2044299,-116.1479300,180.0,line-b-e36,33.2045893,-116.1477404,180.0,line-b-e37,33.2047487,-116.1475508,180.0,line-b-e38,33.2049081,-116.1473612,180.0,2026-08-18T20:57:36Z,dipole-dipole,1,6,1.261,634.6,209.043,6.903,0.00550,0.00088,0.00806;0.00774;0.00738;0.00680;0.00596;0.00511;0.00460;0.00329;0.00261;0.00199,
line-b-r01839,line-b,line-b-e35,33.2044299,-116.1479300,180.0,line-b-e36,33.2045893,-116.1477404,180.0,line-b-e37,33.2047487,-116.1475508,180.0,line-b-e38,33.2049081,-116.1473612,180.0,2026-08-18T20:57:48Z,dipole-dipole,1,6,1.371,583.3,212.420,7.913,0.00145,0.00108,0.00229;0.00249;0.00213;0.00164;0.00147;0.00135;0.00115;0.00091;0.00072;0.00057,
line-b-r01840,line-b,line-b-e35,33.2044299,-116.1479300,180.0,line-b-e36,33.2045893,-116.1477404,180.0,line-b-e37,33.2047487,-116.1475508,180.0,line-b-e38,33.2049081,-116.1473612,180.0,2026-08-18T20:58:00Z,dipole-dipole,1,6,1.524,524.8,210.641,8.760,0.00378,0.00081,0.00621;0.00615;0.00483;0.00553;0.00427;0.00345;0.00299;0.00238;0.00173;0.00135,
line-b-r01841,line-b,line-b-e35,33.2044299,-116.1479300,180.0,line-b-e36,33.2045893,-116.1477404,180.0,line-b-e38,33.2049081,-116.1473612,180.0,line-b-e39,33.2050675,-116.1471716,180.0,2026-08-18T20:58:12Z,dipole-dipole,2,5,1.278,625.8,202.298,5.903,0.00428,0.00127,0.00701;0.00643;0.00560;0.00557;0.00462;0.00383;0.00342;0.00253;0.00204;0.00149,
line-b-r01842,line-b,line-b-e35,33.2044299,-116.1479300,180.0,line-b-e36,33.2045893,-116.1477404,180.0,line-b-e38,33.2049081,-116.1473612,180.0,line-b-e39,33.2050675,-116.1471716,180.0,2026-08-18T20:58:24Z,dipole-dipole,2,4,1.781,449.3,204.062,7.649,0.00562,0.00107,0.00943;0.00819;0.00744;0.00711;0.00571;0.00562;0.00433;0.00351;0.00268;0.00207,
line-b-r01843,line-b,line-b-e35,33.2044299,-116.1479300,180.0,line-b-e36,33.2045893,-116.1477404,180.0,line-b-e38,33.2049081,-116.1473612,180.0,line-b-e39,33.2050675,-116.1471716,180.0,2026-08-18T20:58:36Z,dipole-dipole,2,8,1.589,503.5,202.220,5.524,0.00528,0.00114,0.00841;0.00761;0.00683;0.00675;0.00577;0.00518;0.00406;0.00305;0.00257;0.00193,
line-b-r01844,line-b,line-b-e35,33.2044299,-116.1479300,180.0,line-b-e36,33.2045893,-116.1477404,180.0,line-b-e38,33.2049081,-116.1473612,180.0,line-b-e39,33.2050675,-116.1471716,180.0,2026-08-18T20:58:48Z,dipole-dipole,2,6,1.474,542.7,196.079,9.085,0.00645,0.00102,0.01006;0.01023;0.00889;0.00775;0.00717;0.00621;0.00518;0.00394;0.00311;0.00229,
line-b-r01845,line-b,line-b-e35,33.2044299,-116.1479300,180.0,line-b-e36,33.2045893,-116.1477404,180.0,line-b-e38,33.2049081,-116.1473612,180.0,line-b-e39,33.2050675,-116.1471716,180.0,2026-08-18T20:59:00Z,dipole-dipole,2,3,1.413,566.1,188.783,6.206,0.00628,0.00073,0.01040;0.00929;0.00824;0.00757;0.00669;0.00657;0.00524;0.00413;0.00356;0.00240,
line-b-r01846,line-b,line-b-e35,33.2044299,-116.1479300,180.0,line-b-e36,33.2045893,-116.1477404,180.0,line-b-e38,33.2049081,-116.1473612,180.0,line-b-e39,33.2050675,-116.1471716,180.0,2026-08-18T20:59:12Z,dipole-dipole,2,6,2.000,372.7,191.749,5.279,0.00320,0.00096,0.00534;0.00449;0.00429;0.00398;0.00354;0.00329;0.00265;0.00203;0.00164;0.00108,
line-b-r01847,line-b,line-b-e35,33.2044299,-116.1479300,180.0,line-b-e36,33.2045893,-116.1477404,180.0,line-b-e38,33.2049081,-116.1473612,180.0,line-b-e39,33.2050675,-116.1471716,180.0,2026-08-18T20:59:24Z,dipole-dipole,2,6,1.877,426.2,205.908,9.019,0.00523,0.00110,0.00852;0.00767;0.00753;0.00583;0.00513;0.00513;0.00438;0.00387;0.00264;0.00194,
line-b-r01848,line-b,line-b-e35,33.2044299,-116.1479300,180.0,line-b-e36,33.2045893,-116.1477404,180.0,line-b-e39,33.2050675,-116.1471716,180.0,line-b-e40,33.2052268,-116.1469820,180.0,2026-08-18T20:59:36Z,dipole-dipole,3,5,1.037,771.1,195.368,7.432,0.00572,0.00108,0.00892;0.00903;0.00741;0.00698;0.00620;0.00547;0.00446;0.00386;0.00264;0.00188,
line-b-r01849,line-b,line-b-e35,33.2044299,-116.1479300,180.0,line-b-e36,33.2045893,-116.1477404,180.0,line-b-e39,33.2050675,-116.1471716,180.0,line-b-e40,33.2052268,-116.1469820,180.0,2026-08-18T20:59:48Z,dipole-dipole,3,7,1.252,638.9,185.782,6.673,0.00540,0.00106,0.00858;0.00779;0.00731;0.00628;0.00610;0.00559;0.00470;0.00295;0.00264;0.00175,
line-b-r01850,line-b,line-b-e35,33.2044299,-116.1479300,180.0,line-b-e36,33.2045893,-116.1477404,180.0,line-b-e39,33.2050675,-116.1471716,180.0,line-b-e40,33.2052268,-116.1469820,180.0,2026-08-18T21:00:00Z,dipole-dipole,3,7,1.418,564.1,201.564,9.015,0.00474,0.00153,0.00684;0.00697;0.00613;0.00577;0.00510;0.00448;0.00356;0.00297;0.00246;0.00177,
line-b-r01851,line-b,line-b-e35,33.2044299,-116.1479300,180.0,line-b-e36,33.2045893,-116.1477404,180.0,line-b-e39,33.2050675,-116.1471716,180.0,line-b-e40,33.2052268,-116.1469820,180.0,2026-08-18T21:00:12Z,dipole-dipole,3,5,1.493,535.7,189.495,6.824,0.00689,0.00108,0.01123;0.00961;0.00954;0.00867;0.00684;0.00652;0.00556;0.00456;0.00356;0.00255,
line-b-r01852,line-b,line-b-e35,33.2044299,-116.1479300,180.0,line-b-e36,33.2045893,-116.1477404,180.0,line-b-e39,33.2050675,-116.1471716,180.0,line-b-e40,33.2052268,-116.1469820,180.0,2026-08-18T21:00:24Z,dipole-dipole,3,8,1.313,609.5,204.453,6.766,0.00567,0.00106,0.00868;0.00903;0.00752;0.00662;0.00574;0.00571;0.00416;0.00372;0.00313;0.00191,
line-b-r01853,line-b,line-b-e35,33.2044299,-116.1479300,180.0,line-b-e36,33.2045893,-116.1477404,180.0,line-b-e39,33.2050675,-116.1471716,180.0,line-b-e40,33.2052268,-116.1469820,180.0,2026-08-18T21:00:36Z,dipole-dipole,3,5,1.341,596.5,190.083,9.394,0.00680,0.00097,0.01068;0.00897;0.00947;0.00882;0.00662;0.00634;0.00545;0.00433;0.00345;0.00245,
line-b-r01854,line-b,line-b-e36,33.2045893,-116.1477404,180.0,line-b-e37,33.2047487,-116.1475508,180.0,line-b-e38,33.2049081,-116.1473612,180.0,line-b-e39,33.2050675,-116.1471716,180.0,2026-08-18T21:00:48Z,dipole-dipole,1,6,2.000,337.9,209.187,8.728,0.00563,0.00120,0.00854;0.01017;0.00777;0.00710;0.00634;0.00556;0.00422;0.00374;0.00272;0.00192,
line-b-r01855,line-b,line-b-e36,33.2045893,-116.1477404,180.0,line-b-e37,33.2047487,-116.1475508,180.0,line-b-e38,33.2049081,-116.1473612,180.0,line-b-e39,33.2050675,-116.1471716,180.0,2026-08-18T21:01:00Z,dipole-dipole,1,7,2.000,275.3,199.936,7.595,0.00547,0.00133,0.00883;0.00817;0.00727;0.00658;0.00637;0.00526;0.00434;0.00360;0.00266;0.00201,
line-b-r01856,line-b,line-b-e36,33.2045893,-116.1477404,180.0,line-b-e37,33.2047487,-116.1475508,180.0,line-b-e38,33.2049081,-116.1473612,180.0,line-b-e39,33.2050675,-116.1471716,180.0,2026-08-18T21:01:12Z,dipole-dipole,1,3,2.000,240.2,216.787,8.636,0.00440,0.00116,0.00655;0.00653;0.00637;0.00568;0.00450;0.00476;0.00324;0.00296;0.00220;0.00179,
line-b-r01857,line-b,line-b-e36,33.2045893,-116.1477404,180.0,line-b-e37,33.2047487,-116.1475508,180.0,line-b-e38,33.2049081,-116.1473612,180.0,line-b-e39,33.2050675,-116.1471716,180.0,2026-08-18T21:01:24Z,dipole-dipole,1,7,2.000,225.8,200.361,7.720,0.00405,0.00099,0.00586;0.00583;0.00570;0.00537;0.00449;0.00390;0.00307;0.00291;0.00207;0.00152,
line-b-r01858,line-b,line-b-e36,33.2045893,-116.1477404,180.0,line-b-e37,33.2047487,-116.1475508,180.0,line-b-e38,33.2049081,-116.1473612,180.0,line-b-e39,33.2050675,-116.1471716,180.0,2026-08-18T21:01:36Z,dipole-dipole,1,7,2.000,276.4,195.858,7.087,0.00545,0.00118,0.00850;0.00790;0.00724;0.00743;0.00581;0.00563;0.00405;0.00354;0.00250;0.00195,
line-b-r01859,line-b,line-b-e36,33.2045893,-116.1477404,180.0,line-b-e37,33.2047487,-116.1475508,180.0,line-b-e38,33.2049081,-116.1473612,180.0,line-b-e39,33.2050675,-116.1471716,180.0,2026-08-18T21:01:48Z,dipole-dipole,1,5,2.000,294.4,207.995,9.367,0.00797,0.00129,0.01250;0.01187;0.01085;0.00949;0.00877;0.00797;0.00570;0.00504;0.00339;0.00308,
line-b-r01860,line-b,line-b-e36,33.2045893,-116.1477404,180.0,line-b-e37,33.2047487,-116.1475508,180.0,line-b-e39,33.2050675,-116.1471716,180.0,line-b-e40,33.2052268,-116.1469820,180.0,2026-08-18T21:02:00Z,dipole-dipole,2,6,2.000,221.2,204.441,6.012,0.00590,0.00097,0.00994;0.00923;0.00864;0.00702;0.00730;0.00552;0.00469;0.00376;0.00295;0.00212,
line-b-r01861,line-b,line-b-e36,33.2045893,-116.1477404,180.0,line-b-e37,33.2047487,-116.1475508,180.0,line-b-e39,33.2050675,-116.1471716,180.0,line-b-e40,33.2052268,-116.1469820,180.0,2026-08-18T21:02:12Z,dipole-dipole,2,8,2.000,295.9,191.423,8.098,0.00207,0.00106,0.00321;0.00279;0.00312;0.00267;0.00223;0.00186;0.00166;0.00118;0.00100;0.00065,
line-b-r01862,line-b,line-b-e36,33.2045893,-116.1477404,180.0,line-b-e37,33.2047487,-116.1475508,180.0,line-b-e39,33.2050675,-116.1471716,180.0,line-b-e40,33.2052268,-116.1469820,180.0,2026-08-18T21:02:24Z,dipole-dipole,2,8,2.000,253.8,209.372,8.824,0.00562,0.00110,0.00938;0.00888;0.00766;0.00660;0.00601;0.00606;0.00409;0.00352;0.00267;0.00220,
line-b-r01863,line-b,line-b-e36,33.2045893,-116.1477404,180.0,line-b-e37,33.2047487,-116.1475508,180.0,line-b-e39,33.2050675,-116.1471716,180.0,line-b-e40,33.2052268,-116.1469820,180.0,2026-08-18T21:02:36Z,dipole-dipole,2,5,2.000,376.5,201.523,7.914,0.00497,0.00127,0.00790;0.00826;0.00666;0.00611;0.00539;0.00444;0.00387;0.00325;0.00246;0.00181,
line-b-r01864,line-b,line-b-e36,33.2045893,-116.1477404,180.0,line-b-e37,33.2047487,-116.1475508,180.0,line-b-e39,33.2050675,-116.1471716,180.0,line-b-e40,33.2052268,-116.1469820,180.0,2026-08-18T21:02:48Z,dipole-dipole,2,3,2.000,274.0,197.848,7.081,0.00427,0.00121,0.00703;0.00552;0.00640;0.00484;0.00451;0.00402;0.00316;0.00261;0.00225;0.00149,
line-b-r01865,line-b,line-b-e36,33.2045893,-116.1477404,180.0,line-b-e37,33.2047487,-116.1475508,180.0,line-b-e39,33.2050675,-116.1471716,180.0,line-b-e40,33.2052268,-116.1469820,180.0,2026-08-18T21:03:00Z,dipole-dipole,2,8,2.000,275.3,189.203,8.003,0.00294,0.00120,0.00456;0.00431;0.00387;0.00357;0.00323;0.00274;0.00239;0.00176;0.00143;0.00102,
line-b-r01866,line-b,line-b-e36,33.2045893,-116.1477404,180.0,line-b-e37,33.2047487,-116.1475508,180.0,line-b-e39,33.2050675,-116.1471716,180.0,line-b-e40,33.2052268,-116.1469820,180.0,2026-08-18T21:03:12Z,dipole-dipole,2,7,2.000,337.5,193.335,5.366,0.00421,0.00122,0.00681;0.00637;0.00564;0.00556;0.00473;0.00369;0.00338;0.00270;0.00201;0.00138,
line-b-r01867,line-b,line-b-e36,33.2045893,-116.1477404,180.0,line-b-e37,33.2047487,-116.1475508,180.0,line-b-e39,33.2050675,-116.1471716,180.0,line-b-e40,33.2052268,-116.1469820,180.0,2026-08-18T21:03:24Z,dipole-dipole,2,5,2.000,269.2,198.156,11.709,0.00430,0.00107,0.00701;0.00629;0.00650;0.00521;0.00517;0.00442;0.00339;0.00272;0.00213;0.00147,
line-b-r01868,line-b,line-b-e37,33.2047487,-116.1475508,180.0,line-b-e38,33.2049081,-116.1473612,180.0,line-b-e39,33.2050675,-116.1471716,180.0,line-b-e40,33.2052268,-116.1469820,180.0,2026-08-18T21:03:36Z,dipole-dipole,1,8,1.705,469.3,221.217,8.727,0.00506,0.00120,0.00846;0.00734;0.00676;0.00589;0.00575;0.00454;0.00383;0.00333;0.00264;0.00188,
line-b-r01869,line-b,line-b-e37,33.2047487,-116.1475508,180.0,line-b-e38,33.2049081,-116.1473612,180.0,line-b-e39,33.2050675,-116.1471716,180.0,line-b-e40,33.2052268,-116.1469820,180.0,2026-08-18T21:03:48Z,dipole-dipole,1,4,2.000,369.4,198.035,6.237,0.00609,0.00127,0.00959;0.00956;0.00861;0.00712;0.00612;0.00561;0.00491;0.00374;0.00279;0.00207,
line-b-r01870,line-b,line-b-e37,33.2047487,-116.1475508,180.0,line-b-e38,33.2049081,-116.1473612,180.0,line-b-e39,33.2050675,-116.1471716,180.0,line-b-e40,33.2052268,-116.1469820,180.0,2026-08-18T21:04:00Z,dipole-dipole,1,5,2.000,315.1,193.355,6.292,0.00676,0.00105,0.01055;0.00915;0.01006;0.00829;0.00810;0.00672;0.00518;0.00438;0.00314;0.00247,
line-b-r01871,line-b,line-b-e37,33.2047487,-116.1475508,180.0,line-b-e38,33.2049081,-116.1473612,180.0,line-b-e39,33.2050675,-116.1471716,180.0,line-b-e40,33.2052268,-116.1469820,180.0,2026-08-18T21:04:12Z,dipole-dipole,1,4,2.000,368.3,202.205,6.117,0.00608,0.00074,0.00971;0.00827;0.00781;0.00750;0.00744;0.00548;0.00505;0.00400;0.00286;0.00210,
line-b-r01872,line-b,line-b-e37,33.2047487,-116.1475508,180.0,line-b-e38,33.2049081,-116.1473612,180.0,line-b-e39,33.2050675,-116.1471716,180.0,line-b-e40,33.2052268,-116.1469820,180.0,2026-08-18T21:04:24Z,dipole-dipole,1,4,1.727,463.2,198.211,8.264,0.00454,0.00103,0.00678;0.00672;0.00618;0.00612;0.00580;0.00407;0.00339;0.00290;0.00234;0.00170,
line-b-r01873,line-b,line-b-e37,33.2047487,-116.1475508,180.0,line-b-e38,33.2049081,-116.1473612,180.0,line-b-e39,33.2050675,-116.1471716,180.0,line-b-e40,33.2052268,-116.1469820,180.0,2026-08-18T21:04:36Z,dipole-dipole,1,3,2.000,285.9,196.694,7.938,0.00352,0.00126,0.00563;0.00522;0.00469;0.00427;0.00406;0.00354;0.00287;0.00236;0.00176;0.00130,
line-b-r01874,line-b,line-b-e37,33.2047487,-116.1475508,180.0,line-b-e38,33.2049081,-116.1473612,180.0,line-b-e39,33.2050675,-116.1471716,180.0,line-b-e40,33.2052268,-116.1469820,180.0,2026-08-18T21:04:48Z,dipole-dipole,1,6,1.849,432.7,205.158,9.411,0.00369,0.00091,0.00537;0.00531;0.00551;0.00452;0.00436;0.00318;0.00271;0.00222;0.00173;0.00141,
line-b-r01875,line-b,line-b-e37,33.2047487,-116.1475508,180.0,line-b-e38,33.2049081,-116.1473612,180.0,line-b-e39,33.2050675,-116.1471716,180.0,line-b-e40,33.2052268,-116.1469820,180.0,2026-08-18T21:05:00Z,dipole-dipole,1,8,1.807,442.6,210.186,9.200,0.00617,0.00097,0.00958;0.00990;0.00739;0.00793;0.00748;0.00558;0.00518;0.00368;0.00298;0.00226,
