id,line_id,tx1_id,tx1_lat,tx1_lon,tx1_alt,tx2_id,tx2_lat,tx2_lon,tx2_alt,rx1_id,rx1_lat,rx1_lon,rx1_alt,rx2_id,rx2_lat,rx2_lon,rx2_alt,timestamp,array_type,symmetry,stacks,input_current,contact_resistance,apparent_resistivity,apparent_resistivity_err,chargeability,chargeability_err,decay_curve,qc_review
line-d-r00001,line-d,line-d-e01,33.1977355,-116.1528594,180.0,line-d-e02,33.1978949,-116.1526698,180.0,line-d-e03,33.1980543,-116.1524802,180.0,line-d-e04,33.1982137,-116.1522906,180.0,2026-08-20T14:00:12Z,dipole-dipole,1,6,1.429,559.9,205.728,6.097,0.00557,0.00126,0.01003;0.00893;0.00725;0.00757;0.00666;0.00519;0.00445;0.00330;0.00260;0.00201,
line-d-r00002,line-d,line-d-e01,33.1977355,-116.1528594,180.0,line-d-e02,33.1978949,-116.1526698,180.0,line-d-e03,33.1980543,-116.1524802,180.0,line-d-e04,33.1982137,-116.1522906,180.0,2026-08-20T14:00:24Z,dipole-dipole,1,8,1.506,531.2,204.377,7.418,0.00503,0.00095,0.00795;0.00738;0.00677;0.00604;0.00590;0.00482;0.00394;0.00327;0.00236;0.00193,
line-d-r00003,line-d,line-d-e01,33.1977355,-116.1528594,180.0,line-d-e02,33.1978949,-116.1526698,180.0,line-d-e03,33.1980543,-116.1524802,180.0,line-d-e04,33.1982137,-116.1522906,180.0,2026-08-20T14:00:36Z,dipole-dipole,1,8,1.513,528.8,190.938,6.129,0.00506,0.00069,0.00815;0.00720;0.00693;0.00649;0.00579;0.00552;0.00379;0.00303;0.00239;0.00171,
line-d-r00004,line-d,line-d-e01,33.1977355,-116.1528594,180.0,line-d-e02,33.1978949,-116.1526698,180.0,line-d-e03,33.1980543,-116.1524802,180.0,line-d-e04,33.1982137,-116.1522906,180.0,2026-08-20T14:00:48Z,dipole-dipole,1,3,1.990,402.0,205.238,7.267,0.00321,0.00082,0.00530;0.00452;0.00417;0.00402;0.00357;0.00304;0.00270;0.00219;0.00157;0.00109,
line-d-r00005,line-d,line-d-e01,33.1977355,-116.1528594,180.0,line-d-e02,33.1978949,-116.1526698,180.0,line-d-e03,33.1980543,-116.1524802,180.0,line-d-e04,33.1982137,-116.1522906,180.0,2026-08-20T14:01:00Z,dipole-dipole,1,8,1.590,503.1,207.049,7.795,0.00403,0.00104,0.00655;0.00565;0.00563;0.00503;0.00467;0.00413;0.00325;0.00277;0.00197;0.00134,
line-d-r00006,line-d,line-d-e01,33.1977355,-116.1528594,180.0,line-d-e02,33.1978949,-116.1526698,180.0,line-d-e03,33.1980543,-116.1524802,180.0,line-d-e04,33.1982137,-116.1522906,180.0,2026-08-20T14:01:12Z,dipole-dipole,1,5,1.271,629.6,205.649,8.682,0.00605,0.00126,0.00981;0.00892;0.00838;0.00823;0.00600;0.00569;0.00543;0.00388;0.00279;0.00190,
line-d-r00007,line-d,line-d-e01,33.1977355,-116.1528594,180.0,line-d-e02,33.1978949,-116.1526698,180.0,line-d-e03,33.1980543,-116.1524802,180.0,line-d-e04,33.1982137,-116.1522906,180.0,2026-08-20T14:01:24Z,dipole-dipole,1,5,1.370,583.8,213.325,7.184,0.00571,0.00136,0.00902;0.00790;0.00788;0.00693;0.00591;0.00522;0.00470;0.00357;0.00290;0.00187,
line-d-r00008,line-d,line-d-e01,33.1977355,-116.1528594,180.0,line-d-e02,33.1978949,-116.1526698,180.0,line-d-e04,33.1982137,-116.1522906,180.0,line-d-e05,33.1983731,-116.1521011,180.0,2026-08-20T14:01:36Z,dipole-dipole,2,3,1.602,499.4,197.963,8.627,0.00452,0.00088,0.00672;0.00650;0.00617;0.00602;0.00488;0.00436;0.00367;0.00320;0.00235;0.00163,
line-d-r00009,line-d,line-d-e01,33.1977355,-116.1528594,180.0,line-d-e02,33.1978949,-116.1526698,180.0,line-d-e04,33.1982137,-116.1522906,180.0,line-d-e05,33.1983731,-116.1521011,180.0,2026-08-20T14:01:48Z,dipole-dipole,2,8,1.393,574.1,193.970,7.099,0.00533,0.00114,0.00804;0.00867;0.00727;0.00691;0.00636;0.00501;0.00396;0.00342;0.00248;0.00189,
line-d-r00010,line-d,line-d-e01,33.1977355,-116.1528594,180.0,line-d-e02,33.1978949,-116.1526698,180.0,line-d-e04,33.1982137,-116.1522906,180.0,line-d-e05,33.1983731,-116.1521011,180.0,2026-08-20T14:02:00Z,dipole-dipole,2,6,1.819,439.9,198.011,8.580,0.00774,0.00083,0.01292;0.01154;0.01150;0.00858;0.00851;0.00756;0.00629;0.00522;0.00384;0.00302,
line-d-r00011,line-d,line-d-e01,33.1977355,-116.1528594,180.0,line-d-e02,33.1978949,-116.1526698,180.0,line-d-e04,33.1982137,-116.1522906,180.0,line-d-e05,33.1983731,-116.1521011,180.0,2026-08-20T14:02:12Z,dipole-dipole,2,7,1.492,536.0,195.908,7.967,0.00331,0.00143,0.00506;0.00444;0.00453;0.00405;0.00358;0.00315;0.00276;0.00212;0.00159;0.00105,
line-d-r00012,line-d,line-d-e01,33.1977355,-116.1528594,180.0,line-d-e02,33.1978949,-116.1526698,180.0,line-d-e04,33.1982137,-116.1522906,180.0,line-d-e05,33.1983731,-116.1521011,180.0,2026-08-20T14:02:24Z,dipole-dipole,2,5,1.853,431.7,193.986,10.303,0.00511,0.00099,0.00751;0.00689;0.00731;0.00623;0.00602;0.00499;0.00392;0.00321;0.00231;0.00178,
line-d-r00013,line-d,line-d-e01,33.1977355,-116.1528594,180.0,line-d-e02,33.1978949,-116.1526698,180.0,line-d-e04,33.1982137,-116.1522906,180.0,line-d-e05,33.1983731,-116.1521011,180.0,2026-08-20T14:02:36Z,dipole-dipole,2,4,1.639,488.2,198.318,5.481,0.00727,0.00123,0.01059;0.01056;0.01051;0.00944;0.00789;0.00710;0.00577;0.00450;0.00335;0.00238,
line-d-r00014,line-d,line-d-e01,33.1977355,-116.1528594,180.0,line-d-e02,33.1978949,-116.1526698,180.0,line-d-e05,33.1983731,-116.1521011,180.0,line-d-e06,33.1985325,-116.1519115,180.0,2026-08-20T14:02:48Z,dipole-dipole,3,6,1.293,618.8,-237.176,6.983,0.00443,0.00110,0.00757;0.00652;0.00670;0.00580;0.00516;0.00453;0.00361;0.00297;0.00223;0.00147,
line-d-r00015,line-d,line-d-e01,33.1977355,-116.1528594,180.0,line-d-e02,33.1978949,-116.1526698,180.0,line-d-e05,33.1983731,-116.1521011,180.0,line-d-e06,33.1985325,-116.1519115,180.0,2026-08-20T14:03:00Z,dipole-dipole,3,3,2.000,388.5,200.475,5.957,0.00625,0.00115,0.01013;0.00868;0.00861;0.00791;0.00698;0.00591;0.00522;0.00381;0.00351;0.00206,
line-d-r00016,line-d,line-d-e01,33.1977355,-116.1528594,180.0,line-d-e02,33.1978949,-116.1526698,180.0,line-d-e05,33.1983731,-116.1521011,180.0,line-d-e06,33.1985325,-116.1519115,180.0,2026-08-20T14:03:12Z,dipole-dipole,3,3,1.467,545.3,188.732,8.016,0.00591,0.00127,0.00847;0.00885;0.00758;0.00817;0.00620;0.00550;0.00507;0.00380;0.00258;0.00195,
line-d-r00017,line-d,line-d-e01,33.1977355,-116.1528594,180.0,line-d-e02,33.1978949,-116.1526698,180.0,line-d-e05,33.1983731,-116.1521011,180.0,line-d-e06,33.1985325,-116.1519115,180.0,2026-08-20T14:03:24Z,dipole-dipole,3,4,1.563,511.8,200.715,370.761,0.00441,0.00089,0.00768;0.00642;0.00584;0.00592;0.00466;0.00444;0.00310;0.00300;0.00205;0.00162,
line-d-r00018,line-d,line-d-e01,33.1977355,-116.1528594,180.0,line-d-e02,33.1978949,-116.1526698,180.0,line-d-e05,33.1983731,-116.1521011,180.0,line-d-e06,33.1985325,-116.1519115,180.0,2026-08-20T14:03:36Z,dipole-dipole,3,7,1.586,504.4,191.017,8.369,0.00438,0.00087,0.00789;0.00673;0.00594;0.00524;0.00523;0.00362;0.00324;0.00276;0.00220;0.00158,
line-d-r00019,line-d,line-d-e01,33.1977355,-116.1528594,180.0,line-d-e02,33.1978949,-116.1526698,180.0,line-d-e05,33.1983731,-116.1521011,180.0,line-d-e06,33.1985325,-116.1519115,180.0,2026-08-20T14:03:48Z,dipole-dipole,3,7,1.536,520.8,208.247,6.286,0.00619,0.00082,0.01033;0.00891;0.00831;0.00745;0.00640;0.00592;0.00475;0.00357;0.00319;0.00238,
line-d-r00020,line-d,line-d-e01,33.1977355,-116.1528594,180.0,line-d-e02,33.1978949,-116.1526698,180.0,line-d-e05,33.1983731,-116.1521011,180.0,line-d-e06,33.1985325,-116.1519115,180.0,2026-08-20T14:04:00Z,dipole-dipole,3,4,1.555,514.5,200.693,7.756,0.00455,0.00114,0.00773;0.00723;0.00654;0.00575;0.00488;0.00440;0.00371;0.00283;0.00199;0.00154,
line-d-r00021,line-d,line-d-e01,33.1977355,-116.1528594,180.0,line-d-e02,33.1978949,-116.1526698,180.0,line-d-e06,33.1985325,-116.1519115,180.0,line-d-e07,33.1986919,-116.1517219,180.0,2026-08-20T14:04:12Z,dipole-dipole,4,3,1.410,567.3,195.941,8.345,0.00408,0.00103,0.00593;0.00703;0.00534;0.00523;0.00434;0.00389;0.00316;0.00288;0.00196;0.00138,
line-d-r00022,line-d,line-d-e01,33.1977355,-116.1528594,180.0,line-d-e02,33.1978949,-116.1526698,180.0,line-d-e06,33.1985325,-116.1519115,180.0,line-d-e07,33.1986919,-116.1517219,180.0,2026-08-20T14:04:24Z,dipole-dipole,4,8,1.526,524.2,202.840,8.030,0.00578,0.00116,0.00931;0.00853;0.00825;0.00766;0.00695;0.00540;0.00456;0.00344;0.00284;0.00224,
line-d-r00023,line-d,line-d-e01,33.1977355,-116.1528594,180.0,line-d-e02,,,,line-d-e06,33.1985325,-116.1519115,180.0,line-d-e07,33.1986919,-116.1517219,180.0,2026-08-20T14:04:36Z,dipole-dipole,4,3,1.504,531.7,192.957,9.873,0.00364,0.00122,0.00552;0.00551;0.00490;0.00434;0.00398;0.00369;0.00270;0.00251;0.00193;0.00133,
line-d-r00024,line-d,line-d-e01,33.1977355,-116.1528594,180.0,line-d-e02,33.1978949,-116.1526698,180.0,line-d-e06,33.1985325,-116.1519115,180.0,line-d-e07,33.1986919,-116.1517219,180.0,2026-08-20T14:04:48Z,dipole-dipole,4,6,1.670,479.0,198.776,6.855,0.00521,0.00130,0.00927;0.00791;0.00792;0.00623;0.00500;0.00514;0.00386;0.00332;0.00247;0.00179,
line-d-r00025,line-d,line-d-e01,33.1977355,-116.1528594,180.0,line-d-e02,33.1978949,-116.1526698,180.0,line-d-e06,33.1985325,-116.1519115,180.0,line-d-e07,33.1986919,-116.1517219,180.0,2026-08-20T14:05:00Z,dipole-dipole,4,7,2.000,343.6,196.080,7.250,0.00515,0.00088,0.00804;0.00752;0.00753;0.00617;0.00581;0.00520;0.00401;0.00324;0.00262;0.00179,
line-d-r00026,line-d,line-d-e01,33.1977355,-116.1528594,180.0,line-d-e02,33.1978949,-116.1526698,180.0,line-d-e06,33.1985325,-116.1519115,180.0,line-d-e07,33.1986919,-116.1517219,180.0,2026-08-20T14:05:12Z,dipole-dipole,4,8,1.635,489.4,192.914,7.543,0.00295,0.00110,0.00457;0.00419;0.00415;0.00393;0.00325;0.00311;0.00246;0.00194;0.00154;0.00101,
line-d-r00027,line-d,line-d-e01,33.1977355,-116.1528594,180.0,line-d-e02,33.1978949,-116.1526698,180.0,line-d-e06,33.1985325,-116.1519115,180.0,line-d-e07,33.1986919,-116.1517219,180.0,2026-08-20T14:05:24Z,dipole-dipole,4,8,1.420,563.2,204.935,5.939,0.00552,0.00128,0.00885;0.00747;0.00814;0.00642;0.00541;0.00509;0.00438;0.00362;0.00266;0.00188,
line-d-r00028,line-d,line-d-e01,33.1977355,-116.1528594,180.0,line-d-e02,33.1978949,-116.1526698,180.0,line-d-e06,33.1985325,-116.1519115,180.0,line-d-e07,33.1986919,-116.1517219,180.0,2026-08-20T14:05:36Z,dipole-dipole,4,8,1.864,429.1,193.251,7.980,0.00758,0.00113,0.01186;0.01146;0.01217;0.00877;0.00801;0.00726;0.00578;0.00500;0.00377;0.00289,
line-d-r00029,line-d,line-d-e01,33.1977355,-116.1528594,180.0,line-d-e02,33.1978949,-116.1526698,180.0,line-d-e07,33.1986919,-116.1517219,180.0,line-d-e08,33.1988513,-116.1515323,180.0,2026-08-20T14:05:48Z,dipole-dipole,5,3,1.715,466.4,191.824,8.809,0.00271,0.00110,0.00459;0.00423;0.00349;0.00389;0.00291;0.00251;0.00219;0.00167;0.00145;0.00098,
line-d-r00030,line-d,line-d-e01,33.1977355,-116.1528594,180.0,line-d-e02,33.1978949,-116.1526698,180.0,line-d-e07,33.1986919,-116.1517219,180.0,line-d-e08,33.1988513,-116.1515323,180.0,2026-08-20T14:06:00Z,dipole-dipole,5,7,1.702,470.1,191.533,7.086,0.00488,0.00120,0.00808;0.00751;0.00707;0.00592;0.00522;0.00496;0.00426;0.00320;0.00230;0.00164,
line-d-r00031,line-d,line-d-e01,33.1977355,-116.1528594,180.0,line-d-e02,33.1978949,-116.1526698,180.0,line-d-e07,33.1986919,-116.1517219,180.0,line-d-e08,33.1988513,-116.1515323,180.0,2026-08-20T14:06:12Z,dipole-dipole,5,4,1.545,517.6,194.587,7.878,0.00546,0.00106,0.00938;0.00813;0.00706;0.00625;0.00604;0.00523;0.00476;0.00346;0.00262;0.00185,
line-d-r00032,line-d,line-d-e01,33.1977355,-116.1528594,180.0,line-d-e02,33.1978949,-116.1526698,180.0,line-d-e07,33.1986919,-116.1517219,180.0,line-d-e08,33.1988513,-116.1515323,180.0,2026-08-20T14:06:24Z,dipole-dipole,5,7,1.892,422.8,196.295,8.932,0.00479,0.00113,0.00711;0.00737;0.00597;0.00531;0.00556;0.00459;0.00367;0.00297;0.00220;0.00161,
line-d-r00033,line-d,line-d-e01,33.1977355,-116.1528594,180.0,line-d-e02,33.1978949,-116.1526698,180.0,line-d-e07,33.1986919,-116.1517219,180.0,line-d-e08,33.1988513,-116.1515323,180.0,2026-08-20T14:06:36Z,dipole-dipole,5,4,1.732,461.8,213.649,7.645,0.00477,0.00081,0.00741;0.00716;0.00730;0.00630;0.00466;0.00412;0.00371;0.00301;0.00262;0.00184,
line-d-r00034,line-d,line-d-e01,33.1977355,-116.1528594,180.0,line-d-e02,33.1978949,-116.1526698,180.0,line-d-e07,33.1986919,-116.1517219,180.0,line-d-e08,33.1988513,-116.1515323,180.0,2026-08-20T14:06:48Z,dipole-dipole,5,7,1.879,425.9,204.188,8.376,0.00460,0.00116,0.00783;0.00682;0.00591;0.00600;0.00573;0.00436;0.00355;0.00299;0.00215;0.00152,
line-d-r00035,line-d,line-d-e01,33.1977355,-116.1528594,180.0,line-d-e02,33.1978949,-116.1526698,180.0,line-d-e07,33.1986919,-116.1517219,180.0,line-d-e08,33.1988513,-116.1515323,180.0,2026-08-20T14:07:00Z,dipole-dipole,5,6,1.546,517.6,198.909,7.368,0.00639,0.00105,0.00963;0.00877;0.00834;0.00885;0.00715;0.00536;0.00524;0.00384;0.00332;0.00206,
line-d-r00036,line-d,line-d-e01,33.1977355,-116.1528594,180.0,line-d-e02,33.1978949,-116.1526698,180.0,line-d-e08,33.1988513,-116.1515323,180.0,line-d-e09,33.1990107,-116.1513427,180.0,2026-08-20T14:07:12Z,dipole-dipole,6,7,1.349,593.2,194.598,5.866,0.00529,0.00110,0.00930;0.00730;0.00800;0.00650;0.00582;0.00497;0.00402;0.00345;0.00259;0.00206,
line-d-r00037,line-d,line-d-e01,33.1977355,-116.1528594,180.0,line-d-e02,33.1978949,-116.1526698,180.0,line-d-e08,33.1988513,-116.1515323,180.0,line-d-e09,33.1990107,-116.1513427,180.0,2026-08-20T14:07:24Z,dipole-dipole,6,6,2.000,389.3,201.563,8.010,0.00528,0.00128,0.00822;0.00876;0.00710;0.00567;0.00603;0.00491;0.00404;0.00319;0.00285;0.00179,
line-d-r00038,line-d,line-d-e01,33.1977355,-116.1528594,180.0,line-d-e02,33.1978949,-116.1526698,180.0,line-d-e08,33.1988513,-116.1515323,180.0,line-d-e09,33.1990107,-116.1513427,180.0,2026-08-20T14:07:36Z,dipole-dipole,6,3,1.417,564.6,192.042,6.320,0.00573,0.00105,0.00910;0.00891;0.00789;0.00779;0.00612;0.00536;0.00502;0.00334;0.00300;0.00196,
line-d-r00039,line-d,line-d-e01,33.1977355,-116.1528594,180.0,line-d-e02,33.1978949,-116.1526698,180.0,line-d-e08,33.1988513,-116.1515323,180.0,line-d-e09,33.1990107,-116.1513427,180.0,2026-08-20T14:07:48Z,dipole-dipole,6,3,1.616,495.0,211.886,7.417,0.00433,0.00099,0.00702;0.00602;0.00597;0.00548;0.00445;0.00418;0.00305;0.00280;0.00217;0.00158,
line-d-r00040,line-d,line-d-e01,33.1977355,-116.1528594,180.0,line-d-e02,33.1978949,-116.1526698,180.0,line-d-e08,33.1988513,-116.1515323,180.0,line-d-e09,33.1990107,-116.1513427,180.0,2026-08-20T14:08:00Z,dipole-dipole,6,7,2.000,396.1,205.722,8.286,0.00400,0.00094,0.00685;0.00605;0.00626;0.00488;0.00464;0.00376;0.00333;0.00245;0.00204;0.00132,
line-d-r00041,line-d,line-d-e01,33.1977355,-116.1528594,180.0,line-d-e02,33.1978949,-116.1526698,180.0,line-d-e08,33.1988513,-116.1515323,180.0,line-d-e09,33.1990107,-116.1513427,180.0,2026-08-20T14:08:12Z,dipole-dipole,6,3,1.449,552.2,209.155,8.684,0.00597,0.00110,0.00973;0.00940;0.00692;0.00680;0.00765;0.00506;0.00484;0.00396;0.00260;0.00223,
line-d-r00042,line-d,line-d-e01,33.1977355,-116.1528594,180.0,line-d-e02,33.1978949,-116.1526698,180.0,line-d-e09,33.1990107,-116.1513427,180.0,line-d-e10,33.1991701,-116.1511531,180.0,2026-08-20T14:08:24Z,dipole-dipole,7,6,1.405,569.6,205.952,8.113,0.00537,0.00131,0.00881;0.00858;0.00785;0.00675;0.00590;0.00478;0.00411;0.00357;0.00278;0.00194,
line-d-r00043,line-d,line-d-e01,33.1977355,-116.1528594,180.0,line-d-e02,33.1978949,-116.1526698,180.0,line-d-e09,33.1990107,-116.1513427,180.0,line-d-e10,33.1991701,-116.1511531,180.0,2026-08-20T14:08:36Z,dipole-dipole,7,4,1.599,500.3,197.242,10.000,0.00519,0.00097,0.00898;0.00747;0.00693;0.00610;0.00542;0.00502;0.00404;0.00338;0.00250;0.00174,
line-d-r00044,line-d,line-d-e01,33.1977355,-116.1528594,180.0,line-d-e02,33.1978949,-116.1526698,180.0,line-d-e09,33.1990107,-116.1513427,180.0,line-d-e10,33.1991701,-116.1511531,180.0,2026-08-20T14:08:48Z,dipole-dipole,7,4,1.492,536.2,200.407,8.778,0.00593,0.00103,0.01016;0.00736;0.00758;0.00711;0.00622;0.00551;0.00464;0.00323;0.00258;0.00197,
line-d-r00045,line-d,line-d-e01,33.1977355,-116.1528594,180.0,line-d-e02,33.1978949,-116.1526698,180.0,line-d-e09,33.1990107,-116.1513427,180.0,line-d-e10,33.1991701,-116.1511531,180.0,2026-08-20T14:09:00Z,dipole-dipole,7,8,1.326,603.2,210.720,5.920,0.00527,0.00082,0.00818;0.00818;0.00641;0.00633;0.00539;0.00463;0.00436;0.00352;0.00250;0.00188,
line-d-r00046,line-d,line-d-e01,33.1977355,-116.1528594,180.0,line-d-e02,33.1978949,-116.1526698,180.0,line-d-e09,33.1990107,-116.1513427,180.0,line-d-e10,33.1991701,-116.1511531,180.0,2026-08-20T14:09:12Z,dipole-dipole,7,3,1.224,653.6,206.982,9.796,0.00642,0.00121,0.01116;0.00964;0.00862;0.00806;0.00707;0.00641;0.00496;0.00435;0.00297;0.00226,
line-d-r00047,line-d,line-d-e01,33.1977355,-116.1528594,180.0,line-d-e02,33.1978949,-116.1526698,180.0,line-d-e09,33.1990107,-116.1513427,180.0,line-d-e10,33.1991701,-116.1511531,180.0,2026-08-20T14:09:24Z,dipole-dipole,7,6,1.162,688.7,204.796,5.493,0.00384,0.00098,0.00646;0.00589;0.00487;0.00491;0.00402;0.00391;0.00314;0.00266;0.00204;0.00133,
line-d-r00048,line-d,line-d-e01,33.1977355,-116.1528594,180.0,line-d-e02,33.1978949,-116.1526698,180.0,line-d-e09,33.1990107,-116.1513427,180.0,line-d-e10,33.1991701,-116.1511531,180.0,2026-08-20T14:09:36Z,dipole-dipole,7,7,1.922,416.2,194.824,7.153,0.00481,0.00103,0.00805;0.00702;0.00751;0.00568;0.00520;0.00448;0.00390;0.00309;0.00217;0.00181,
line-d-r00049,line-d,line-d-e01,33.1977355,-116.1528594,180.0,line-d-e02,33.1978949,-116.1526698,180.0,line-d-e10,33.1991701,-116.1511531,180.0,line-d-e11,33.1993294,-116.1509636,180.0,2026-08-20T14:09:48Z,dipole-dipole,8,8,1.615,495.4,188.068,7.129,0.00534,0.00097,0.00899;0.00859;0.00827;0.00645;0.00622;0.00466;0.00466;0.00369;0.00262;0.00176,
line-d-r00050,line-d,line-d-e01,33.1977355,-116.1528594,180.0,line-d-e02,33.1978949,-116.1526698,180.0,line-d-e10,33.1991701,-116.1511531,180.0,line-d-e11,33.1993294,-116.1509636,180.0,2026-08-20T14:10:00Z,dipole-dipole,8,3,1.298,616.2,205.032,9.590,0.00685,0.00131,0.01121;0.01010;0.00834;0.00785;0.00724;0.00693;0.00544;0.00450;0.00324;0.00233,
line-d-r00051,line-d,line-d-e01,33.1977355,-116.1528594,180.0,line-d-e02,33.1978949,-116.1526698,180.0,line-d-e10,33.1991701,-116.1511531,180.0,line-d-e11,33.1993294,-116.1509636,180.0,2026-08-20T14:10:12Z,dipole-dipole,8,5,1.564,511.4,211.149,7.135,0.00489,0.00134,0.00740;0.00709;0.00676;0.00636;0.00545;0.00449;0.00422;0.00288;0.00243;0.00165,
line-d-r00052,line-d,line-d-e01,33.1977355,-116.1528594,180.0,line-d-e02,33.1978949,-116.1526698,180.0,line-d-e10,33.1991701,-116.1511531,180.0,line-d-e11,33.1993294,-116.1509636,180.0,2026-08-20T14:10:24Z,dipole-dipole,8,7,1.576,507.5,204.618,8.180,0.00606,0.00096,0.00908;0.00919;0.00833;0.00782;0.00710;0.00573;0.00551;0.00428;0.00280;0.00214,
line-d-r00053,line-d,line-d-e01,33.1977355,-116.1528594,180.0,line-d-e02,33.1978949,-116.1526698,180.0,line-d-e10,33.1991701,-116.1511531,180.0,line-d-e11,33.1993294,-116.1509636,180.0,2026-08-20T14:10:36Z,dipole-dipole,8,4,1.517,527.5,201.508,7.096,0.00633,0.00103,0.01004;0.00881;0.00978;0.00843;0.00700;0.00555;0.00482;0.00421;0.00308;0.00204,
line-d-r00054,line-d,line-d-e01,33.1977355,-116.1528594,180.0,line-d-e02,33.1978949,-116.1526698,180.0,line-d-e10,33.1991701,-116.1511531,180.0,line-d-e11,33.1993294,-116.1509636,180.0,2026-08-20T14:10:48Z,dipole-dipole,8,4,1.803,443.6,205.131,7.751,0.00532,0.00091,0.00819;0.00842;0.00800;0.00724;0.00586;0.00447;0.00403;0.00359;0.00262;0.00200,
line-d-r00055,line-d,line-d-e02,33.1978949,-116.1526698,180.0,line-d-e03,33.1980543,-116.1524802,180.0,line-d-e04,33.1982137,-116.1522906,180.0,line-d-e05,33.1983731,-116.1521011,180.0,2026-08-20T14:11:00Z,dipole-dipole,1,5,2.000,286.0,197.745,8.350,0.00214,0.00102,0.00348;0.00297;0.00292;0.00251;0.00227;0.00191;0.00175;0.00126;0.00115;0.00073,
line-d-r00056,line-d,line-d-e02,33.1978949,-116.1526698,180.0,line-d-e03,33.1980543,-116.1524802,180.0,line-d-e04,33.1982137,-116.1522906,180.0,line-d-e05,33.1983731,-116.1521011,180.0,2026-08-20T14:11:12Z,dipole-dipole,1,3,2.000,311.7,188.385,8.974,0.00668,0.00107,0.01135;0.00927;0.00868;0.00921;0.00799;0.00638;0.00557;0.00426;0.00345;0.00249,
line-d-r00057,line-d,line-d-e02,33.1978949,-116.1526698,180.0,line-d-e03,33.1980543,-116.1524802,180.0,line-d-e04,33.1982137,-116.1522906,180.0,line-d-e05,33.1983731,-116.1521011,180.0,2026-08-20T14:11:24Z,dipole-dipole,1,6,2.000,351.1,204.997,9.010,0.00549,0.00107,0.00825;0.00861;0.00764;0.00622;0.00593;0.00563;0.00441;0.00302;0.00262;0.00205,
line-d-r00058,line-d,line-d-e02,33.1978949,-116.1526698,180.0,line-d-e03,33.1980543,-116.1524802,180.0,line-d-e04,33.1982137,-116.1522906,180.0,line-d-e05,33.1983731,-116.1521011,180.0,2026-08-20T14:11:36Z,dipole-dipole,1,4,2.000,299.5,200.660,266.331,0.00415,0.00102,0.00715;0.00639;0.00545;0.00512;0.00432;0.00428;0.00314;0.00243;0.00182;0.00121,
line-d-r00059,line-d,line-d-e02,33.1978949,-116.1526698,180.0,line-d-e03,33.1980543,-116.1524802,180.0,line-d-e04,33.1982137,-116.1522906,180.0,line-d-e05,33.1983731,-116.1521011,180.0,2026-08-20T14:11:48Z,dipole-dipole,1,7,2.000,320.2,208.291,9.867,0.00430,0.00128,0.00641;0.00748;0.00601;0.00518;0.00462;0.00403;0.00333;0.00244;0.00188;0.00142,
line-d-r00060,line-d,line-d-e02,33.1978949,-116.1526698,180.0,line-d-e03,33.1980543,-116.1524802,180.0,line-d-e04,33.1982137,-116.1522906,180.0,line-d-e05,33.1983731,-116.1521011,180.0,2026-08-20T14:12:00Z,dipole-dipole,1,4,2.000,395.2,189.954,6.917,0.00366,0.00117,0.00566;0.00566;0.00482;0.00516;0.00397;0.00354;0.00266;0.00215;0.00169;0.00136,
line-d-r00061,line-d,line-d-e02,33.1978949,-116.1526698,180.0,line-d-e03,33.1980543,-116.1524802,180.0,line-d-e04,33.1982137,-116.1522906,180.0,line-d-e05,33.1983731,-116.1521011,180.0,2026-08-20T14:12:12Z,dipole-dipole,1,4,2.000,308.2,207.748,8.869,0.00482,0.00115,0.00765;0.00706;0.00716;0.00592;0.00581;0.00506;0.00376;0.00322;0.00211;0.00164,
line-d-r00062,line-d,line-d-e02,33.1978949,-116.1526698,180.0,line-d-e03,33.1980543,-116.1524802,180.0,line-d-e04,33.1982137,-116.1522906,180.0,line-d-e05,33.1983731,-116.1521011,180.0,2026-08-20T14:12:24Z,dipole-dipole,1,6,2.000,346.1,194.972,6.676,0.00281,0.00111,0.00391;0.00389;0.00410;0.00343;0.00329;0.00306;0.00229;0.00179;0.00137;0.00096,
line-d-r00063,line-d,line-d-e02,33.1978949,-116.1526698,180.0,line-d-e03,33.1980543,-116.1524802,180.0,line-d-e05,33.1983731,-116.1521011,180.0,line-d-e06,33.1985325,-116.1519115,180.0,2026-08-20T14:12:36Z,dipole-dipole,2,3,2.000,328.7,179.946,6.743,0.00428,0.00104,0.00669;0.00621;0.00617;0.00567;0.00492;0.00457;0.00343;0.00262;0.00193;0.00152,
line-d-r00064,line-d,line-d-e02,33.1978949,-116.1526698,180.0,line-d-e03,33.1980543,-116.1524802,180.0,line-d-e05,33.1983731,-116.1521011,180.0,line-d-e06,33.1985325,-116.1519115,180.0,2026-08-20T14:12:48Z,dipole-dipole,2,8,2.000,344.7,211.886,5.862,0.00500,0.00114,0.00797;0.00801;0.00705;0.00687;0.00560;0.00489;0.00394;0.00296;0.00232;0.00185,
line-d-r00065,line-d,line-d-e02,33.1978949,-116.1526698,180.0,line-d-e03,33.1980543,-116.1524802,180.0,line-d-e05,33.1983731,-116.1521011,180.0,line-d-e06,33.1985325,-116.1519115,180.0,2026-08-20T14:13:00Z,dipole-dipole,2,3,1.990,402.1,184.678,7.665,0.00344,0.00109,0.00510;0.00512;0.00451;0.00409;0.00372;0.00325;0.00252;0.00216;0.00181;0.00102,
line-d-r00066,line-d,line-d-e02,33.1978949,-116.1526698,180.0,line-d-e03,33.1980543,-116.1524802,180.0,line-d-e05,33.1983731,-116.1521011,180.0,line-d-e06,33.1985325,-116.1519115,180.0,2026-08-20T14:13:12Z,dipole-dipole,2,8,1.896,422.0,193.902,7.510,0.00527,0.00104,0.00792;0.00748;0.00731;0.00649;0.00587;0.00542;0.00445;0.00306;0.00259;0.00173,
line-d-r00067,line-d,line-d-e02,33.1978949,-116.1526698,180.0,line-d-e03,33.1980543,-116.1524802,180.0,line-d-e05,33.1983731,-116.1521011,180.0,line-d-e06,33.1985325,-116.1519115,180.0,2026-08-20T14:13:24Z,dipole-dipole,2,3,2.000,333.4,216.215,9.258,0.00552,0.00092,0.00813;0.00805;0.00846;0.00721;0.00603;0.00482;0.00418;0.00353;0.00258;0.00179,
line-d-r00068,line-d,line-d-e02,33.1978949,-116.1526698,180.0,line-d-e03,33.1980543,-116.1524802,180.0,line-d-e05,33.1983731,-116.1521011,180.0,line-d-e06,33.1985325,-116.1519115,180.0,2026-08-20T14:13:36Z,dipole-dipole,2,5,2.000,325.9,213.321,9.380,0.00614,0.00148,0.00973;0.00922;0.00821;0.00728;0.00745;0.00571;0.00474;0.00389;0.00290;0.00206,
line-d-r00069,line-d,line-d-e02,33.1978949,-116.1526698,180.0,line-d-e03,33.1980543,-116.1524802,180.0,line-d-e06,33.1985325,-116.1519115,180.0,line-d-e07,33.1986919,-116.1517219,180.0,2026-08-20T14:13:48Z,dipole-dipole,3,6,1.673,478.0,184.673,5.379,0.00379,0.00125,0.00632;0.00582;0.00528;0.00443;0.00373;0.00370;0.00299;0.00248;0.00188;0.00139,
line-d-r00070,line-d,line-d-e02,33.1978949,-116.1526698,180.0,line-d-e03,33.1980543,-116.1524802,180.0,line-d-e06,33.1985325,-116.1519115,180.0,line-d-e07,33.1986919,-116.1517219,180.0,2026-08-20T14:14:00Z,dipole-dipole,3,6,2.000,290.4,200.555,7.394,0.00429,0.00111,0.00732;0.00674;0.00573;0.00495;0.00489;0.00391;0.00345;0.00262;0.00198;0.00156,
line-d-r00071,line-d,line-d-e02,33.1978949,-116.1526698,180.0,line-d-e03,33.1980543,-116.1524802,180.0,line-d-e06,33.1985325,-116.1519115,180.0,line-d-e07,33.1986919,-116.1517219,180.0,2026-08-20T14:14:12Z,dipole-dipole,3,5,1.763,453.9,-133.683,6.716,0.00491,0.00089,0.00824;0.00749;0.00667;0.00603;0.00529;0.00452;0.00425;0.00318;0.00248;0.00174,
line-d-r00072,line-d,line-d-e02,33.1978949,-116.1526698,180.0,line-d-e03,33.1980543,-116.1524802,180.0,line-d-e06,33.1985325,-116.1519115,180.0,line-d-e07,33.1986919,-116.1517219,180.0,2026-08-20T14:14:24Z,dipole-dipole,3,3,2.000,294.6,196.307,9.386,0.00436,0.00122,0.00675;0.00677;0.00627;0.00486;0.00470;0.00437;0.00344;0.00305;0.00231;0.00143,
line-d-r00073,line-d,line-d-e02,33.1978949,-116.1526698,180.0,line-d-e03,33.1980543,-116.1524802,180.0,line-d-e06,33.1985325,-116.1519115,180.0,line-d-e07,33.1986919,-116.1517219,180.0,2026-08-20T14:14:36Z,dipole-dipole,3,7,1.985,403.1,204.280,8.468,0.00516,0.00105,0.00843;0.00755;0.00620;0.00629;0.00518;0.00476;0.00393;0.00322;0.00250;0.00170,
line-d-r00074,line-d,line-d-e02,33.1978949,-116.1526698,180.0,line-d-e03,33.1980543,-116.1524802,180.0,line-d-e06,33.1985325,-116.1519115,180.0,line-d-e07,33.1986919,-116.1517219,180.0,2026-08-20T14:14:48Z,dipole-dipole,3,8,2.000,328.7,206.065,8.812,0.00516,0.00079,0.00840;0.00712;0.00672;0.00677;0.00560;0.00478;0.00395;0.00373;0.00241;0.00196,
line-d-r00075,line-d,line-d-e02,33.1978949,-116.1526698,180.0,line-d-e03,33.1980543,-116.1524802,180.0,line-d-e07,33.1986919,-116.1517219,180.0,line-d-e08,33.1988513,-116.1515323,180.0,2026-08-20T14:15:00Z,dipole-dipole,4,6,2.000,302.6,214.425,7.462,0.00519,0.00096,0.00806;0.00682;0.00687;0.00622;0.00561;0.00466;0.00416;0.00333;0.00233;0.00184,
line-d-r00076,line-d,line-d-e02,33.1978949,-116.1526698,180.0,line-d-e03,33.1980543,-116.1524802,180.0,line-d-e07,33.1986919,-116.1517219,180.0,line-d-e08,33.1988513,-116.1515323,180.0,2026-08-20T14:15:12Z,dipole-dipole,4,3,2.000,317.3,208.947,7.833,0.00435,0.00114,0.00653;0.00627;0.00579;0.00566;0.00508;0.00429;0.00341;0.00288;0.00215;0.00142,
line-d-r00077,line-d,line-d-e02,33.1978949,-116.1526698,180.0,line-d-e03,33.1980543,-116.1524802,180.0,line-d-e07,33.1986919,-116.1517219,180.0,line-d-e08,33.1988513,-116.1515323,180.0,2026-08-20T14:15:24Z,dipole-dipole,4,4,2.000,303.9,204.887,7.332,0.00386,0.00109,0.00575;0.00626;0.00528;0.00514;0.00461;0.00395;0.00293;0.00232;0.00187;0.00135,
line-d-r00078,line-d,line-d-e02,33.1978949,-116.1526698,180.0,line-d-e03,33.1980543,-116.1524802,180.0,line-d-e07,33.1986919,-116.1517219,180.0,line-d-e08,33.1988513,-116.1515323,180.0,2026-08-20T14:15:36Z,dipole-dipole,4,7,2.000,223.5,190.448,8.850,0.00487,0.00104,0.00791;0.00768;0.00671;0.00605;0.00536;0.00418;0.00423;0.00325;0.00246;0.00179,
line-d-r00079,line-d,line-d-e02,33.1978949,-116.1526698,180.0,line-d-e03,33.1980543,-116.1524802,180.0,line-d-e07,33.1986919,-116.1517219,180.0,line-d-e08,33.1988513,-116.1515323,180.0,2026-08-20T14:15:48Z,dipole-dipole,4,3,2.000,316.9,203.829,9.488,0.00682,0.00100,0.01197;0.01046;0.00864;0.00809;0.00716;0.00672;0.00536;0.00390;0.00335;0.00241,
line-d-r00080,line-d,line-d-e02,33.1978949,-116.1526698,180.0,line-d-e03,33.1980543,-116.1524802,180.0,line-d-e07,33.1986919,-116.1517219,180.0,line-d-e08,33.1988513,-116.1515323,180.0,2026-08-20T14:16:00Z,dipole-dipole,4,6,2.000,317.1,196.516,7.118,0.00551,0.00114,0.00898;0.00895;0.00723;0.00680;0.00602;0.00590;0.00413;0.00367;0.00256;0.00203,
line-d-r00081,line-d,line-d-e02,33.1978949,-116.1526698,180.0,line-d-e03,33.1980543,-116.1524802,180.0,line-d-e07,33.1986919,-116.1517219,180.0,line-d-e08,33.1988513,-116.1515323,180.0,2026-08-20T14:16:12Z,dipole-dipole,4,6,2.000,213.7,196.075,8.107,0.00295,0.00080,0.00498;0.00417;0.00431;0.00362;0.00326;0.00276;0.00235;0.00204;0.00150;0.00098,
line-d-r00082,line-d,line-d-e02,33.1978949,-116.1526698,180.0,line-d-e03,33.1980543,-116.1524802,180.0,line-d-e07,33.1986919,-116.1517219,180.0,line-d-e08,33.1988513,-116.1515323,180.0,2026-08-20T14:16:24Z,dipole-dipole,4,7,2.000,288.0,191.057,9.414,0.00499,0.00146,0.00796;0.00708;0.00683;0.00590;0.00518;0.00477;0.00372;0.00313;0.00239;0.00157,
line-d-r00083,line-d,line-d-e02,33.1978949,-116.1526698,180.0,line-d-e03,33.1980543,-116.1524802,180.0,line-d-e08,33.1988513,-116.1515323,180.0,line-d-e09,33.1990107,-116.1513427,180.0,2026-08-20T14:16:36Z,dipole-dipole,5,7,2.000,267.0,191.421,6.977,0.00434,0.00108,0.00683;0.00680;0.00548;0.00564;0.00457;0.00397;0.00351;0.00298;0.00200;0.00150,
line-d-r00084,line-d,line-d-e02,33.1978949,-116.1526698,180.0,line-d-e03,33.1980543,-116.1524802,180.0,line-d-e08,33.1988513,-116.1515323,180.0,line-d-e09,33.1990107,-116.1513427,180.0,2026-08-20T14:16:48Z,dipole-dipole,5,5,2.000,384.3,210.043,7.073,0.00511,0.00117,0.00799;0.00773;0.00737;0.00693;0.00555;0.00506;0.00397;0.00307;0.00264;0.00173,
line-d-r00085,line-d,line-d-e02,33.1978949,-116.1526698,180.0,line-d-e03,33.1980543,-116.1524802,180.0,line-d-e08,33.1988513,-116.1515323,180.0,line-d-e09,33.1990107,-116.1513427,180.0,2026-08-20T14:17:00Z,dipole-dipole,5,5,2.000,303.1,183.514,7.370,0.00669,0.00087,0.01028;0.00978;0.00839;0.00842;0.00723;0.00714;0.00503;0.00406;0.00303;0.00268,
line-d-r00086,line-d,line-d-e02,33.1978949,-116.1526698,180.0,line-d-e03,33.1980543,-116.1524802,180.0,line-d-e08,33.1988513,-116.1515323,180.0,line-d-e09,33.1990107,-116.1513427,180.0,2026-08-20T14:17:12Z,dipole-dipole,5,6,1.925,415.7,193.570,6.627,0.00741,0.00102,0.01159;0.01125;0.01050;0.00860;0.00820;0.00663;0.00624;0.00437;0.00339;0.00263,
line-d-r00087,line-d,line-d-e02,33.1978949,-116.1526698,180.0,line-d-e03,33.1980543,-116.1524802,180.0,line-d-e08,33.1988513,-116.1515323,180.0,line-d-e09,33.1990107,-116.1513427,180.0,2026-08-20T14:17:24Z,dipole-dipole,5,4,2.000,294.8,204.596,7.984,0.00663,0.00122,0.00961;0.00944;0.00912;0.00817;0.00622;0.00581;0.00467;0.00397;0.00314;0.00230,
line-d-r00088,line-d,line-d-e02,33.1978949,-116.1526698,180.0,line-d-e03,33.1980543,-116.1524802,180.0,line-d-e08,33.1988513,-116.1515323,180.0,line-d-e09,33.1990107,-116.1513427,180.0,2026-08-20T14:17:36Z,dipole-dipole,5,8,2.000,354.4,199.534,6.917,0.00690,0.00097,0.01104;0.00914;0.00966;0.00772;0.00732;0.00669;0.00581;0.00440;0.00337;0.00282,
line-d-r00089,line-d,line-d-e02,33.1978949,-116.1526698,180.0,line-d-e03,33.1980543,-116.1524802,180.0,line-d-e09,33.1990107,-116.1513427,180.0,line-d-e10,33.1991701,-116.1511531,180.0,2026-08-20T14:17:48Z,dipole-dipole,6,3,2.000,348.7,206.248,6.988,0.00473,0.00088,0.00800;0.00679;0.00618;0.00529;0.00549;0.00446;0.00373;0.00283;0.00227;0.00166,
line-d-r00090,line-d,line-d-e02,33.1978949,-116.1526698,180.0,line-d-e03,33.1980543,-116.1524802,180.0,line-d-e09,33.1990107,-116.1513427,180.0,line-d-e10,33.1991701,-116.1511531,180.0,2026-08-20T14:18:00Z,dipole-dipole,6,6,2.000,323.8,187.409,7.224,0.00691,0.00118,0.01077;0.01001;0.00974;0.00852;0.00757;0.00724;0.00520;0.00425;0.00327;0.00239,
line-d-r00091,line-d,line-d-e02,33.1978949,-116.1526698,180.0,line-d-e03,33.1980543,-116.1524802,180.0,line-d-e09,33.1990107,-116.1513427,180.0,line-d-e10,33.1991701,-116.1511531,180.0,2026-08-20T14:18:12Z,dipole-dipole,6,3,2.000,375.4,-228.866,9.239,0.00339,0.00118,0.00498;0.00474;0.00465;0.00400;0.00419;0.00332;0.00276;0.00197;0.00181;0.00116,
line-d-r00092,line-d,line-d-e02,33.1978949,-116.1526698,180.0,line-d-e03,33.1980543,-116.1524802,180.0,line-d-e09,33.1990107,-116.1513427,180.0,line-d-e10,33.1991701,-116.1511531,180.0,2026-08-20T14:18:24Z,dipole-dipole,6,8,2.000,328.6,193.352,5.288,0.00611,0.00095,0.01015;0.00898;0.00865;0.00744;0.00680;0.00572;0.00486;0.00343;0.00322;0.00238,
line-d-r00093,line-d,line-d-e02,33.1978949,-116.1526698,180.0,line-d-e03,33.1980543,-116.1524802,180.0,line-d-e09,33.1990107,-116.1513427,180.0,line-d-e10,33.1991701,-116.1511531,180.0,2026-08-20T14:18:36Z,dipole-dipole,6,6,2.000,300.2,203.818,9.012,0.00510,0.00137,0.00863;0.00757;0.00709;0.00655;0.00601;0.00453;0.00407;0.00297;0.00253;0.00178,
line-d-r00094,line-d,line-d-e02,33.1978949,-116.1526698,180.0,line-d-e03,33.1980543,-116.1524802,180.0,line-d-e09,33.1990107,-116.1513427,180.0,line-d-e10,33.1991701,-116.1511531,180.0,2026-08-20T14:18:48Z,dipole-dipole,6,6,2.000,279.1,201.160,7.795,0.00579,0.00102,0.00873;0.00846;0.00804;0.00752;0.00610;0.00502;0.00495;0.00355;0.00296;0.00211,
line-d-r00095,line-d,line-d-e02,33.1978949,-116.1526698,180.0,line-d-e03,33.1980543,-116.1524802,180.0,line-d-e09,33.1990107,-116.1513427,180.0,line-d-e10,33.1991701,-116.1511531,180.0,2026-08-20T14:19:00Z,dipole-dipole,6,3,2.000,361.6,208.469,5.779,0.00587,0.00104,0.00964;0.00847;0.00784;0.00737;0.00641;0.00621;0.00422;0.00385;0.00298;0.00194,
line-d-r00096,line-d,line-d-e02,33.1978949,-116.1526698,180.0,line-d-e03,33.1980543,-116.1524802,180.0,line-d-e09,33.1990107,-116.1513427,180.0,line-d-e10,33.1991701,-116.1511531,180.0,2026-08-20T14:19:12Z,dipole-dipole,6,4,1.834,436.2,205.677,7.040,0.00331,0.00086,0.00584;0.00550;0.00471;0.00377;0.00385;0.00315;0.00283;0.00190;0.00159;0.00106,
line-d-r00097,line-d,line-d-e02,33.1978949,-116.1526698,180.0,line-d-e03,33.1980543,-116.1524802,180.0,line-d-e10,33.1991701,-116.1511531,180.0,line-d-e11,33.1993294,-116.1509636,180.0,2026-08-20T14:19:24Z,dipole-dipole,7,5,2.000,330.0,214.010,5.946,0.00510,0.01291,0.00768;0.00724;0.00793;0.00613;0.00561;0.00502;0.00428;0.00289;0.00246;0.00190,
line-d-r00098,line-d,line-d-e02,33.1978949,-116.1526698,180.0,line-d-e03,33.1980543,-116.1524802,180.0,line-d-e10,33.1991701,-116.1511531,180.0,line-d-e11,33.1993294,-116.1509636,180.0,2026-08-20T14:19:36Z,dipole-dipole,7,3,2.000,314.8,210.156,408.008,0.00404,0.00107,0.00633;0.00653;0.00561;0.00496;0.00403;0.00403;0.00330;0.00253;0.00197;0.00138,
line-d-r00099,line-d,line-d-e02,33.1978949,-116.1526698,180.0,line-d-e03,33.1980543,-116.1524802,180.0,line-d-e10,33.1991701,-116.1511531,180.0,line-d-e11,33.1993294,-116.1509636,180.0,2026-08-20T14:19:48Z,dipole-dipole,7,3,2.000,336.7,195.904,5.713,0.00776,0.00071,0.01324;0.01202;0.01094;0.00977;0.00902;0.00756;0.00601;0.00494;0.00337;0.00273,
line-d-r00100,line-d,line-d-e02,33.1978949,-116.1526698,180.0,line-d-e03,33.1980543,-116.1524802,180.0,line-d-e10,33.1991701,-116.1511531,180.0,line-d-e11,33.1993294,-116.1509636,180.0,2026-08-20T14:20:00Z,dipole-dipole,7,6,2.000,299.0,201.475,6.563,0.00722,0.00116,0.01173;0.01100;0.01045;0.00860;0.00744;0.00619;0.00554;0.00497;0.00355;0.00269,
line-d-r00101,line-d,line-d-e02,33.1978949,-116.1526698,180.0,line-d-e03,33.1980543,-116.1524802,180.0,line-d-e10,33.1991701,-116.1511531,180.0,line-d-e11,33.1993294,-116.1509636,180.0,2026-08-20T14:20:12Z,dipole-dipole,7,5,2.000,329.4,189.907,7.638,0.00446,0.00106,0.00705;0.00627;0.00656;0.00512;0.00487;0.00419;0.00354;0.00281;0.00225;0.00162,
line-d-r00102,line-d,line-d-e02,33.1978949,-116.1526698,180.0,line-d-e03,33.1980543,-116.1524802,180.0,line-d-e10,33.1991701,-116.1511531,180.0,line-d-e11,33.1993294,-116.1509636,180.0,2026-08-20T14:20:24Z,dipole-dipole,7,7,2.000,292.7,201.189,8.027,0.00421,0.00095,0.00684;0.00702;0.00549;0.00516;0.00429;0.00386;0.00363;0.00286;0.00203;0.00163,
line-d-r00103,line-d,line-d-e02,33.1978949,-116.1526698,180.0,line-d-e03,33.1980543,-116.1524802,180.0,line-d-e11,33.1993294,-116.1509636,180.0,line-d-e12,33.1994888,-116.1507740,180.0,2026-08-20T14:20:36Z,dipole-dipole,8,8,2.000,329.4,196.236,10.468,0.00550,0.00105,0.00823;0.00767;0.00792;0.00626;0.00579;0.00529;0.00391;0.00353;0.00264;0.00185,
line-d-r00104,line-d,line-d-e02,33.1978949,-116.1526698,180.0,line-d-e03,33.1980543,-116.1524802,180.0,line-d-e11,33.1993294,-116.1509636,180.0,line-d-e12,33.1994888,-116.1507740,180.0,2026-08-20T14:20:48Z,dipole-dipole,8,7,2.000,304.0,188.356,7.066,0.00539,0.00109,0.01022;0.00755;0.00755;0.00685;0.00575;0.00514;0.00425;0.00319;0.00245;0.00177,
line-d-r00105,line-d,line-d-e02,33.1978949,-116.1526698,180.0,line-d-e03,33.1980543,-116.1524802,180.0,line-d-e11,33.1993294,-116.1509636,180.0,line-d-e12,33.1994888,-116.1507740,180.0,2026-08-20T14:21:00Z,dipole-dipole,8,7,2.000,297.7,196.186,7.229,0.00434,0.00100,0.00723;0.00712;0.00551;0.00525;0.00458;0.00429;0.00341;0.00317;0.00221;0.00155,
line-d-r00106,line-d,line-d-e02,33.1978949,-116.1526698,180.0,line-d-e03,33.1980543,-116.1524802,180.0,line-d-e11,33.1993294,-116.1509636,180.0,line-d-e12,33.1994888,-116.1507740,180.0,2026-08-20T14:21:12Z,dipole-dipole,8,4,2.000,334.4,199.061,535.536,0.00623,0.00145,0.01046;0.00918;0.00865;0.00805;0.00685;0.00598;0.00497;0.00422;0.00282;0.00205,
line-d-r00107,line-d,line-d-e02,33.1978949,-116.1526698,180.0,line-d-e03,33.1980543,-116.1524802,180.0,line-d-e11,33.1993294,-116.1509636,180.0,line-d-e12,33.1994888,-116.1507740,180.0,2026-08-20T14:21:24Z,dipole-dipole,8,6,2.000,385.6,222.894,7.204,0.00588,0.00144,0.00985;0.00823;0.00811;0.00760;0.00570;0.00554;0.00458;0.00368;0.00262;0.00220,
line-d-r00108,line-d,line-d-e02,33.1978949,-116.1526698,180.0,line-d-e03,33.1980543,-116.1524802,180.0,line-d-e11,33.1993294,-116.1509636,180.0,line-d-e12,33.1994888,-116.1507740,180.0,2026-08-20T14:21:36Z,dipole-dipole,8,6,2.000,354.8,208.273,6.222,0.00586,0.00110,0.00891;0.00883;0.00753;0.00731;0.00699;0.00519;0.00423;0.00380;0.00292;0.00197,
line-d-r00109,line-d,line-d-e03,33.1980543,-116.1524802,180.0,line-d-e04,33.1982137,-116.1522906,180.0,line-d-e05,33.1983731,-116.1521011,180.0,line-d-e06,33.1985325,-116.1519115,180.0,2026-08-20T14:21:48Z,dipole-dipole,1,3,0.977,818.6,204.132,7.898,0.00476,0.00110,0.00764;0.00714;0.00696;0.00560;0.00509;0.00473;0.00413;0.00298;0.00234;0.00161,
line-d-r00110,line-d,line-d-e03,33.1980543,-116.1524802,180.0,line-d-e04,33.1982137,-116.1522906,180.0,line-d-e05,33.1983731,-116.1521011,180.0,line-d-e06,33.1985325,-116.1519115,180.0,2026-08-20T14:22:00Z,dipole-dipole,1,5,1.297,617.0,201.678,7.461,0.00426,0.00132,0.00716;0.00658;0.00548;0.00565;0.00483;0.00384;0.00371;0.00274;0.00218;0.00158,
line-d-r00111,line-d,line-d-e03,33.1980543,-116.1524802,180.0,line-d-e04,33.1982137,-116.1522906,180.0,line-d-e05,33.1983731,-116.1521011,180.0,line-d-e06,33.1985325,-116.1519115,180.0,2026-08-20T14:22:12Z,dipole-dipole,1,8,1.031,776.1,203.107,11.519,0.00543,0.00114,0.00950;0.00855;0.00781;0.00735;0.00616;0.00504;0.00399;0.00334;0.00258;0.00191,
line-d-r00112,line-d,line-d-e03,33.1980543,-116.1524802,180.0,line-d-e04,33.1982137,-116.1522906,180.0,line-d-e05,33.1983731,-116.1521011,180.0,line-d-e06,33.1985325,-116.1519115,180.0,2026-08-20T14:22:24Z,dipole-dipole,1,4,1.086,736.9,201.499,6.700,0.00659,0.00101,0.01065;0.01056;0.00869;0.00907;0.00724;0.00638;0.00561;0.00429;0.00334;0.00218,
line-d-r00113,line-d,line-d-e03,33.1980543,-116.1524802,180.0,line-d-e04,33.1982137,-116.1522906,180.0,line-d-e05,33.1983731,-116.1521011,180.0,line-d-e06,33.1985325,-116.1519115,180.0,2026-08-20T14:22:36Z,dipole-dipole,1,3,1.287,621.8,208.977,311.597,0.00505,0.00108,0.00855;0.00781;0.00654;0.00679;0.00571;0.00482;0.00430;0.00365;0.00231;0.00208,
line-d-r00114,line-d,line-d-e03,33.1980543,-116.1524802,180.0,line-d-e04,33.1982137,-116.1522906,180.0,line-d-e05,33.1983731,-116.1521011,180.0,line-d-e06,33.1985325,-116.1519115,180.0,2026-08-20T14:22:48Z,dipole-dipole,1,4,1.160,689.8,199.511,5.933,0.00496,0.00108,0.00847;0.00704;0.00667;0.00606;0.00613;0.00466;0.00376;0.00294;0.00248;0.00179,
line-d-r00115,line-d,line-d-e03,33.1980543,-116.1524802,180.0,line-d-e04,33.1982137,-116.1522906,180.0,line-d-e05,33.1983731,-116.1521011,180.0,line-d-e06,33.1985325,-116.1519115,180.0,2026-08-20T14:23:00Z,dipole-dipole,1,8,1.069,748.2,215.462,8.131,0.00307,0.00102,0.00446;0.00495;0.00389;0.00434;0.00314;0.00280;0.00296;0.00189;0.00153;0.00102,
line-d-r00116,line-d,line-d-e03,33.1980543,-116.1524802,180.0,line-d-e04,33.1982137,-116.1522906,180.0,line-d-e05,33.1983731,-116.1521011,180.0,line-d-e06,33.1985325,-116.1519115,180.0,2026-08-20T14:23:12Z,dipole-dipole,1,6,1.325,603.8,198.871,7.469,0.00508,0.00098,0.00751;0.00812;0.00650;0.00633;0.00545;0.00505;0.00408;0.00295;0.00258;0.00166,
line-d-r00117,line-d,line-d-e03,33.1980543,-116.1524802,180.0,line-d-e04,33.1982137,-116.1522906,180.0,line-d-e06,33.1985325,-116.1519115,180.0,line-d-e07,33.1986919,-116.1517219,180.0,2026-08-20T14:23:24Z,dipole-dipole,2,5,1.021,783.3,208.843,9.178,0.00360,0.00113,0.00596;0.00562;0.00521;0.00504;0.00427;0.00365;0.00301;0.00219;0.00189;0.00114,
line-d-r00118,line-d,line-d-e03,33.1980543,-116.1524802,180.0,line-d-e04,33.1982137,-116.1522906,180.0,line-d-e06,33.1985325,-116.1519115,180.0,line-d-e07,33.1986919,-116.1517219,180.0,2026-08-20T14:23:36Z,dipole-dipole,2,6,0.861,929.5,199.582,8.895,0.00676,0.00133,0.01070;0.00997;0.00832;0.00891;0.00783;0.00596;0.00538;0.00423;0.00336;0.00243,
line-d-r00119,line-d,line-d-e03,33.1980543,-116.1524802,180.0,line-d-e04,33.1982137,-116.1522906,180.0,line-d-e06,33.1985325,-116.1519115,180.0,line-d-e07,33.1986919,-116.1517219,180.0,2026-08-20T14:23:48Z,dipole-dipole,2,6,0.991,807.1,198.393,9.996,0.00503,0.00115,0.00833;0.00738;0.00743;0.00599;0.00576;0.00490;0.00438;0.00343;0.00245;0.00182,
line-d-r00120,line-d,line-d-e03,33.1980543,-116.1524802,180.0,line-d-e04,33.1982137,-116.1522906,180.0,line-d-e06,33.1985325,-116.1519115,180.0,line-d-e07,33.1986919,-116.1517219,180.0,2026-08-20T14:24:00Z,dipole-dipole,2,3,1.398,572.4,210.042,7.776,0.00498,0.00095,0.00747;0.00760;0.00635;0.00565;0.00555;0.00479;0.00366;0.00326;0.00245;0.00181,
line-d-r00121,line-d,line-d-e03,33.1980543,-116.1524802,180.0,line-d-e04,33.1982137,-116.1522906,180.0,line-d-e06,33.1985325,-116.1519115,180.0,line-d-e07,33.1986919,-116.1517219,180.0,2026-08-20T14:24:12Z,dipole-dipole,2,4,1.041,768.8,206.189,7.136,0.00588,0.00108,0.01008;0.00784;0.00852;0.00753;0.00637;0.00562;0.00479;0.00355;0.00266;0.00202,
line-d-r00122,line-d,line-d-e03,33.1980543,-116.1524802,180.0,line-d-e04,33.1982137,-116.1522906,180.0,line-d-e06,33.1985325,-116.1519115,180.0,line-d-e07,33.1986919,-116.1517219,180.0,2026-08-20T14:24:24Z,dipole-dipole,2,6,1.296,617.3,204.360,7.460,0.00512,0.00095,0.00864;0.00800;0.00686;0.00618;0.00545;0.00455;0.00454;0.00289;0.00244;0.00205,
line-d-r00123,line-d,line-d-e03,33.1980543,-116.1524802,180.0,line-d-e04,33.1982137,-116.1522906,180.0,line-d-e06,33.1985325,-116.1519115,180.0,line-d-e07,33.1986919,-116.1517219,180.0,2026-08-20T14:24:36Z,dipole-dipole,2,7,1.111,719.8,201.525,6.539,0.00623,0.00116,0.01004;0.00941;0.00837;0.00719;0.00626;0.00621;0.00481;0.00383;0.00331;0.00234,
line-d-r00124,line-d,line-d-e03,33.1980543,-116.1524802,180.0,line-d-e04,33.1982137,-116.1522906,180.0,line-d-e07,33.1986919,-116.1517219,180.0,line-d-e08,33.1988513,-116.1515323,180.0,2026-08-20T14:24:48Z,dipole-dipole,3,5,1.502,532.8,193.131,5.661,0.00457,0.00093,0.00654;0.00630;0.00591;0.00619;0.00568;0.00402;0.00369;0.00282;0.00251;0.00173,
line-d-r00125,line-d,line-d-e03,33.1980543,-116.1524802,180.0,line-d-e04,33.1982137,-116.1522906,180.0,line-d-e07,33.1986919,-116.1517219,180.0,line-d-e08,33.1988513,-116.1515323,180.0,2026-08-20T14:25:00Z,dipole-dipole,3,3,1.345,594.9,189.379,8.351,0.00658,0.00094,0.01038;0.01074;0.00818;0.00806;0.00696;0.00684;0.00500;0.00393;0.00292;0.00233,
line-d-r00126,line-d,line-d-e03,33.1980543,-116.1524802,180.0,line-d-e04,33.1982137,-116.1522906,180.0,line-d-e07,33.1986919,-116.1517219,180.0,line-d-e08,33.1988513,-116.1515323,180.0,2026-08-20T14:25:12Z,dipole-dipole,3,7,1.159,690.0,210.915,7.709,0.00455,0.00083,0.00833;0.00728;0.00694;0.00569;0.00506;0.00411;0.00358;0.00312;0.00202;0.00167,
line-d-r00127,line-d,line-d-e03,33.1980543,-116.1524802,180.0,line-d-e04,33.1982137,-116.1522906,180.0,line-d-e07,33.1986919,-116.1517219,180.0,line-d-e08,33.1988513,-116.1515323,180.0,2026-08-20T14:25:24Z,dipole-dipole,3,6,1.379,580.1,193.341,5.151,0.00525,0.00129,0.00816;0.00736;0.00708;0.00607;0.00565;0.00504;0.00414;0.00350;0.00233;0.00187,
line-d-r00128,line-d,line-d-e03,33.1980543,-116.1524802,180.0,line-d-e04,33.1982137,-116.1522906,180.0,line-d-e07,33.1986919,-116.1517219,180.0,line-d-e08,33.1988513,-116.1515323,180.0,2026-08-20T14:25:36Z,dipole-dipole,3,6,0.908,880.9,201.010,8.614,0.00518,0.00086,0.00870;0.00734;0.00666;0.00600;0.00526;0.00465;0.00423;0.00314;0.00251;0.00210,
line-d-r00129,line-d,line-d-e03,33.1980543,-116.1524802,180.0,line-d-e04,33.1982137,-116.1522906,180.0,line-d-e07,33.1986919,-116.1517219,180.0,line-d-e08,33.1988513,-116.1515323,180.0,2026-08-20T14:25:48Z,dipole-dipole,3,6,0.810,987.8,205.853,6.107,0.00464,0.00096,0.00692;0.00712;0.00607;0.00600;0.00539;0.00502;0.00371;0.00304;0.00216;0.00161,
line-d-r00130,line-d,line-d-e03,33.1980543,-116.1524802,180.0,line-d-e04,33.1982137,-116.1522906,180.0,line-d-e07,33.1986919,-116.1517219,180.0,line-d-e08,33.1988513,-116.1515323,180.0,2026-08-20T14:26:00Z,dipole-dipole,3,8,1.116,716.8,190.571,7.164,0.00490,0.00090,0.00699;0.00698;0.00653;0.00595;0.00549;0.00477;0.00395;0.00356;0.00266;0.00155,
line-d-r00131,line-d,line-d-e03,33.1980543,-116.1524802,180.0,line-d-e04,33.1982137,-116.1522906,180.0,line-d-e08,33.1988513,-116.1515323,180.0,line-d-e09,33.1990107,-116.1513427,180.0,2026-08-20T14:26:12Z,dipole-dipole,4,3,1.163,688.0,-236.402,10.275,0.00493,0.00102,0.00843;0.00802;0.00675;0.00638;0.00560;0.00501;0.00351;0.00286;0.00237;0.00173,
line-d-r00132,line-d,line-d-e03,33.1980543,-116.1524802,180.0,line-d-e04,33.1982137,-116.1522906,180.0,line-d-e08,33.1988513,-116.1515323,180.0,line-d-e09,33.1990107,-116.1513427,180.0,2026-08-20T14:26:24Z,dipole-dipole,4,4,1.303,613.9,195.945,6.441,0.00316,0.00098,0.00518;0.00474;0.00419;0.00389;0.00346;0.00318;0.00269;0.00204;0.00151;0.00104,
line-d-r00133,line-d,line-d-e03,33.1980543,-116.1524802,180.0,line-d-e04,33.1982137,-116.1522906,180.0,line-d-e08,33.1988513,-116.1515323,180.0,line-d-e09,33.1990107,-116.1513427,180.0,2026-08-20T14:26:36Z,dipole-dipole,4,7,0.908,880.9,192.356,7.126,0.00622,0.00087,0.00933;0.00925;0.00940;0.00690;0.00709;0.00692;0.00424;0.00411;0.00321;0.00204,
line-d-r00134,line-d,line-d-e03,33.1980543,-116.1524802,180.0,line-d-e04,33.1982137,-116.1522906,180.0,line-d-e08,33.1988513,-116.1515323,180.0,line-d-e09,33.1990107,-116.1513427,180.0,2026-08-20T14:26:48Z,dipole-dipole,4,8,0.983,813.7,199.702,8.098,0.00511,0.00117,0.00788;0.00751;0.00691;0.00709;0.00580;0.00538;0.00472;0.00363;0.00238;0.00183,
line-d-r00135,line-d,line-d-e03,33.1980543,-116.1524802,180.0,line-d-e04,33.1982137,-116.1522906,180.0,line-d-e08,33.1988513,-116.1515323,180.0,line-d-e09,33.1990107,-116.1513427,180.0,2026-08-20T14:27:00Z,dipole-dipole,4,4,1.170,683.8,205.574,9.509,0.00377,0.00105,0.00617;0.00554;0.00514;0.00466;0.00454;0.00381;0.00266;0.00229;0.00188;0.00139,
line-d-r00136,line-d,line-d-e03,33.1980543,-116.1524802,180.0,line-d-e04,33.1982137,-116.1522906,180.0,line-d-e08,33.1988513,-116.1515323,180.0,line-d-e09,33.1990107,-116.1513427,180.0,2026-08-20T14:27:12Z,dipole-dipole,4,4,1.028,778.3,194.280,7.406,0.00504,0.00095,0.00871;0.00812;0.00739;0.00690;0.00537;0.00471;0.00425;0.00355;0.00275;0.00175,
line-d-r00137,line-d,line-d-e03,33.1980543,-116.1524802,180.0,line-d-e04,33.1982137,-116.1522906,180.0,line-d-e09,33.1990107,-116.1513427,180.0,line-d-e10,33.1991701,-116.1511531,180.0,2026-08-20T14:27:24Z,dipole-dipole,5,5,1.169,684.1,200.989,7.445,0.00464,0.00125,0.00729;0.00687;0.00611;0.00631;0.00497;0.00457;0.00384;0.00308;0.00216;0.00147,
line-d-r00138,line-d,line-d-e03,33.1980543,-116.1524802,180.0,line-d-e04,33.1982137,-116.1522906,180.0,line-d-e09,33.1990107,-116.1513427,180.0,line-d-e10,33.1991701,-116.1511531,180.0,2026-08-20T14:27:36Z,dipole-dipole,5,7,0.892,896.5,201.704,7.071,0.00599,0.00146,0.00987;0.00833;0.00824;0.00729;0.00660;0.00614;0.00445;0.00374;0.00301;0.00215,
line-d-r00139,line-d,line-d-e03,33.1980543,-116.1524802,180.0,line-d-e04,33.1982137,-116.1522906,180.0,line-d-e09,33.1990107,-116.1513427,180.0,line-d-e10,33.1991701,-116.1511531,180.0,2026-08-20T14:27:48Z,dipole-dipole,5,3,1.131,707.3,188.161,9.533,0.00608,0.00103,0.01009;0.00928;0.00703;0.00773;0.00681;0.00575;0.00496;0.00382;0.00283;0.00216,
line-d-r00140,line-d,line-d-e03,33.1980543,-116.1524802,180.0,line-d-e04,33.1982137,-116.1522906,180.0,line-d-e09,33.1990107,-116.1513427,180.0,line-d-e10,33.1991701,-116.1511531,180.0,2026-08-20T14:28:00Z,dipole-dipole,5,3,0.891,898.2,191.216,7.133,0.00684,0.00105,0.00936;0.01043;0.00951;0.00875;0.00749;0.00637;0.00629;0.00478;0.00319;0.00223,
line-d-r00141,line-d,line-d-e03,33.1980543,-116.1524802,180.0,line-d-e04,33.1982137,-116.1522906,180.0,line-d-e09,33.1990107,-116.1513427,180.0,line-d-e10,33.1991701,-116.1511531,180.0,2026-08-20T14:28:12Z,dipole-dipole,5,3,1.250,640.0,196.399,7.745,0.00330,0.00100,0.00551;0.00487;0.00441;0.00384;0.00351;0.00322;0.00257;0.00213;0.00146;0.00123,
line-d-r00142,line-d,line-d-e03,33.1980543,-116.1524802,180.0,line-d-e04,33.1982137,-116.1522906,180.0,line-d-e09,33.1990107,-116.1513427,180.0,line-d-e10,33.1991701,-116.1511531,180.0,2026-08-20T14:28:24Z,dipole-dipole,5,3,1.291,619.9,190.307,7.362,0.00301,0.00120,0.00547;0.00405;0.00412;0.00358;0.00364;0.00294;0.00219;0.00187;0.00164;0.00111,
line-d-r00143,line-d,line-d-e03,33.1980543,-116.1524802,180.0,line-d-e04,33.1982137,-116.1522906,180.0,line-d-e09,33.1990107,-116.1513427,180.0,line-d-e10,33.1991701,-116.1511531,180.0,2026-08-20T14:28:36Z,dipole-dipole,5,4,0.933,857.1,200.254,7.629,0.00359,0.00091,0.00126;0.00188;0.00235;0.00311;0.00363;0.00394;0.00469;0.00470;0.00527;0.00541,
line-d-r00144,line-d,line-d-e03,33.1980543,-116.1524802,180.0,line-d-e04,33.1982137,-116.1522906,180.0,line-d-e09,33.1990107,-116.1513427,180.0,line-d-e10,33.1991701,-116.1511531,180.0,2026-08-20T14:28:48Z,dipole-dipole,5,6,1.103,725.1,208.568,9.219,0.00500,0.00093,0.00742;0.00733;0.00747;0.00614;0.00549;0.00479;0.00361;0.00328;0.00222;0.00196,
line-d-r00145,line-d,line-d-e03,33.1980543,-116.1524802,180.0,line-d-e04,33.1982137,-116.1522906,180.0,line-d-e10,33.1991701,-116.1511531,180.0,line-d-e11,33.1993294,-116.1509636,180.0,2026-08-20T14:29:00Z,dipole-dipole,6,4,0.877,912.2,199.164,7.722,0.00589,0.00113,0.00936;0.00817;0.00796;0.00752;0.00634;0.00548;0.00485;0.00370;0.00270;0.00216,
line-d-r00146,line-d,line-d-e03,33.1980543,-116.1524802,180.0,line-d-e04,33.1982137,-116.1522906,180.0,line-d-e10,33.1991701,-116.1511531,180.0,line-d-e11,33.1993294,-116.1509636,180.0,2026-08-20T14:29:12Z,dipole-dipole,6,5,1.058,756.0,200.316,8.206,0.00478,0.00128,0.00826;0.00679;0.00642;0.00608;0.00551;0.00449;0.00379;0.00320;0.00249;0.00176,
line-d-r00147,line-d,line-d-e03,33.1980543,-116.1524802,180.0,line-d-e04,33.1982137,-116.1522906,180.0,line-d-e10,33.1991701,-116.1511531,180.0,line-d-e11,33.1993294,-116.1509636,180.0,2026-08-20T14:29:24Z,dipole-dipole,6,4,0.890,898.5,210.595,7.181,0.00457,0.00121,0.00790;0.00692;0.00672;0.00567;0.00462;0.00481;0.00393;0.00306;0.00196;0.00181,
line-d-r00148,line-d,line-d-e03,33.1980543,-116.1524802,180.0,line-d-e04,33.1982137,-116.1522906,180.0,line-d-e10,33.1991701,-116.1511531,180.0,line-d-e11,33.1993294,-116.1509636,180.0,2026-08-20T14:29:36Z,dipole-dipole,6,4,0.862,927.6,204.103,7.438,0.00506,0.00106,0.00687;0.00688;0.00736;0.00591;0.00498;0.00498;0.00447;0.00296;0.00233;0.00182,
line-d-r00149,line-d,line-d-e03,33.1980543,-116.1524802,180.0,line-d-e04,33.1982137,-116.1522906,180.0,line-d-e10,33.1991701,-116.1511531,180.0,line-d-e11,33.1993294,-116.1509636,180.0,2026-08-20T14:29:48Z,dipole-dipole,6,3,1.146,697.8,196.424,8.510,0.00561,0.00082,0.00815;0.00826;0.00695;0.00637;0.00614;0.00582;0.00475;0.00358;0.00253;0.00204,
line-d-r00150,line-d,line-d-e03,33.1980543,-116.1524802,180.0,line-d-e04,33.1982137,-116.1522906,180.0,line-d-e10,33.1991701,-116.1511531,180.0,line-d-e11,33.1993294,-116.1509636,180.0,2026-08-20T14:30:00Z,dipole-dipole,6,5,1.336,598.8,189.565,5.692,0.00405,0.00090,0.00641;0.00648;0.00530;0.00470;0.00439;0.00447;0.00294;0.00260;0.00193;0.00138,
line-d-r00151,line-d,line-d-e03,33.1980543,-116.1524802,180.0,line-d-e04,33.1982137,-116.1522906,180.0,line-d-e10,33.1991701,-116.1511531,180.0,line-d-e11,33.1993294,-116.1509636,180.0,2026-08-20T14:30:12Z,dipole-dipole,6,8,0.998,801.6,199.803,8.462,0.00476,0.00085,0.00737;0.00763;0.00682;0.00586;0.00509;0.00469;0.00394;0.00289;0.00237;0.00168,
line-d-r00152,line-d,line-d-e03,33.1980543,-116.1524802,180.0,line-d-e04,33.1982137,-116.1522906,180.0,line-d-e11,33.1993294,-116.1509636,180.0,line-d-e12,33.1994888,-116.1507740,180.0,2026-08-20T14:30:24Z,dipole-dipole,7,3,1.282,624.1,-214.032,5.892,0.00400,0.00112,0.00581;0.00597;0.00552;0.00502;0.00464;0.00382;0.00314;0.00259;0.00178;0.00139,
line-d-r00153,line-d,line-d-e03,33.1980543,-116.1524802,180.0,line-d-e04,33.1982137,-116.1522906,180.0,line-d-e11,33.1993294,-116.1509636,180.0,line-d-e12,33.1994888,-116.1507740,180.0,2026-08-20T14:30:36Z,dipole-dipole,7,7,1.097,728.9,204.111,9.174,0.00650,0.00096,0.00960;0.01027;0.00871;0.00798;0.00704;0.00608;0.00515;0.00416;0.00300;0.00246,
line-d-r00154,line-d,line-d-e03,33.1980543,-116.1524802,180.0,line-d-e04,33.1982137,-116.1522906,180.0,line-d-e11,33.1993294,-116.1509636,180.0,line-d-e12,33.1994888,-116.1507740,180.0,2026-08-20T14:30:48Z,dipole-dipole,7,4,1.065,751.3,204.987,9.412,0.00579,0.00095,0.00929;0.00828;0.00875;0.00671;0.00675;0.00539;0.00429;0.00357;0.00285;0.00198,
line-d-r00155,line-d,line-d-e03,33.1980543,-116.1524802,180.0,line-d-e04,33.1982137,-116.1522906,180.0,line-d-e11,33.1993294,-116.1509636,180.0,line-d-e12,33.1994888,-116.1507740,180.0,2026-08-20T14:31:00Z,dipole-dipole,7,4,1.134,705.7,197.245,8.074,0.00531,0.00083,0.00877;0.00865;0.00710;0.00619;0.00599;0.00474;0.00413;0.00340;0.00242;0.00208,
line-d-r00156,line-d,line-d-e03,33.1980543,-116.1524802,180.0,line-d-e04,33.1982137,-116.1522906,180.0,line-d-e11,33.1993294,-116.1509636,180.0,line-d-e12,33.1994888,-116.1507740,180.0,2026-08-20T14:31:12Z,dipole-dipole,7,8,0.934,856.5,196.615,6.403,0.00655,0.00111,0.01066;0.01093;0.00850;0.00818;0.00733;0.00607;0.00502;0.00397;0.00311;0.00244,
line-d-r00157,line-d,line-d-e03,33.1980543,-116.1524802,180.0,line-d-e04,33.1982137,-116.1522906,180.0,line-d-e11,33.1993294,-116.1509636,180.0,line-d-e12,33.1994888,-116.1507740,180.0,2026-08-20T14:31:24Z,dipole-dipole,7,4,1.254,638.0,200.184,8.401,0.00565,0.00089,0.00882;0.00836;0.00736;0.00739;0.00591;0.00569;0.00429;0.00355;0.00300;0.00195,
line-d-r00158,line-d,line-d-e03,33.1980543,-116.1524802,180.0,line-d-e04,33.1982137,-116.1522906,180.0,line-d-e11,33.1993294,-116.1509636,180.0,line-d-e12,33.1994888,-116.1507740,180.0,2026-08-20T14:31:36Z,dipole-dipole,7,7,1.071,747.2,194.739,8.360,0.00441,0.00111,0.00699;0.00687;0.00563;0.00549;0.00452;0.00385;0.00369;0.00341;0.00216;0.00155,
line-d-r00159,line-d,line-d-e03,33.1980543,-116.1524802,180.0,line-d-e04,33.1982137,-116.1522906,180.0,line-d-e11,33.1993294,-116.1509636,180.0,line-d-e12,33.1994888,-116.1507740,180.0,2026-08-20T14:31:48Z,dipole-dipole,7,6,0.893,895.7,201.525,8.787,0.00548,0.00098,0.00846;0.00795;0.00731;0.00682;0.00610;0.00505;0.00439;0.00359;0.00270;0.00187,
line-d-r00160,line-d,line-d-e03,33.1980543,-116.1524802,180.0,line-d-e04,33.1982137,-116.1522906,180.0,line-d-e12,33.1994888,-116.1507740,180.0,line-d-e13,33.1996482,-116.1505844,180.0,2026-08-20T14:32:00Z,dipole-dipole,8,4,1.218,656.6,206.954,8.398,0.00484,0.00107,0.00750;0.00722;0.00635;0.00573;0.00536;0.00459;0.00340;0.00310;0.00238;0.00156,
line-d-r00161,line-d,line-d-e03,33.1980543,-116.1524802,180.0,line-d-e04,33.1982137,-116.1522906,180.0,line-d-e12,33.1994888,-116.1507740,180.0,line-d-e13,33.1996482,-116.1505844,180.0,2026-08-20T14:32:12Z,dipole-dipole,8,6,1.100,727.1,202.740,7.060,0.00391,0.00090,0.00663;0.00584;0.00515;0.00502;0.00467;0.00394;0.00320;0.00250;0.00196;0.00142,
line-d-r00162,line-d,line-d-e03,33.1980543,-116.1524802,180.0,line-d-e04,33.1982137,-116.1522906,180.0,line-d-e12,33.1994888,-116.1507740,180.0,line-d-e13,33.1996482,-116.1505844,180.0,2026-08-20T14:32:24Z,dipole-dipole,8,3,1.049,762.3,206.969,449.683,0.00416,0.00119,0.00650;0.00663;0.00552;0.00504;0.00401;0.00416;0.00333;0.00285;0.00212;0.00150,
line-d-r00163,line-d,line-d-e03,33.1980543,-116.1524802,180.0,line-d-e04,33.1982137,-116.1522906,180.0,line-d-e12,33.1994888,-116.1507740,180.0,line-d-e13,33.1996482,-116.1505844,180.0,2026-08-20T14:32:36Z,dipole-dipole,8,6,0.998,801.8,195.989,8.312,0.00445,0.00089,0.00685;0.00593;0.00564;0.00538;0.00454;0.00404;0.00376;0.00306;0.00233;0.00162,
line-d-r00164,line-d,line-d-e03,33.1980543,-116.1524802,180.0,line-d-e04,33.1982137,-116.1522906,180.0,line-d-e12,33.1994888,-116.1507740,180.0,line-d-e13,33.1996482,-116.1505844,180.0,2026-08-20T14:32:48Z,dipole-dipole,8,7,1.176,680.1,193.800,6.864,0.00659,0.00087,0.00963;0.01096;0.00938;0.00806;0.00805;0.00606;0.00511;0.00382;0.00287;0.00218,
line-d-r00165,line-d,line-d-e03,33.1980543,-116.1524802,180.0,line-d-e04,33.1982137,-116.1522906,180.0,line-d-e12,33.1994888,-116.1507740,180.0,line-d-e13,33.1996482,-116.1505844,180.0,2026-08-20T14:33:00Z,dipole-dipole,8,5,0.971,823.5,209.557,6.968,0.00529,0.00098,0.00784;0.00816;0.00678;0.00622;0.00545;0.00486;0.00433;0.00295;0.00261;0.00191,
line-d-r00166,line-d,line-d-e03,33.1980543,-116.1524802,180.0,line-d-e04,33.1982137,-116.1522906,180.0,line-d-e12,33.1994888,-116.1507740,180.0,line-d-e13,33.1996482,-116.1505844,180.0,2026-08-20T14:33:12Z,dipole-dipole,8,7,1.162,688.5,206.399,11.471,0.00374,0.00111,0.00611;0.00518;0.00519;0.00453;0.00422;0.00366;0.00314;0.00219;0.00179;0.00133,
line-d-r00167,line-d,line-d-e03,33.1980543,-116.1524802,180.0,line-d-e04,33.1982137,-116.1522906,180.0,line-d-e12,33.1994888,-116.1507740,180.0,line-d-e13,33.1996482,-116.1505844,180.0,2026-08-20T14:33:24Z,dipole-dipole,8,8,1.505,531.6,206.932,6.961,0.00499,0.00142,0.00764;0.00788;0.00648;0.00720;0.00577;0.00470;0.00343;0.00342;0.00257;0.00165,
line-d-r00168,line-d,line-d-e04,33.1982137,-116.1522906,180.0,line-d-e05,33.1983731,-116.1521011,180.0,line-d-e06,33.1985325,-116.1519115,180.0,line-d-e07,33.1986919,-116.1517219,180.0,2026-08-20T14:33:36Z,dipole-dipole,1,3,1.182,677.0,199.024,6.888,0.00414,0.00112,0.00635;0.00586;0.00639;0.00507;0.00468;0.00418;0.00294;0.00273;0.00198;0.00159,
line-d-r00169,line-d,line-d-e04,33.1982137,-116.1522906,180.0,line-d-e05,33.1983731,-116.1521011,180.0,line-d-e06,33.1985325,-116.1519115,180.0,line-d-e07,33.1986919,-116.1517219,180.0,2026-08-20T14:33:48Z,dipole-dipole,1,8,1.280,625.0,188.978,8.022,0.00521,0.00098,0.00904;0.00778;0.00699;0.00601;0.00535;0.00459;0.00400;0.00321;0.00255;0.00193,
line-d-r00170,line-d,line-d-e04,33.1982137,-116.1522906,180.0,line-d-e05,33.1983731,-116.1521011,180.0,line-d-e06,33.1985325,-116.1519115,180.0,line-d-e07,33.1986919,-116.1517219,180.0,2026-08-20T14:34:00Z,dipole-dipole,1,3,1.383,578.4,197.626,7.676,0.00515,0.00085,0.00869;0.00705;0.00771;0.00622;0.00575;0.00529;0.00404;0.00333;0.00274;0.00165,
line-d-r00171,line-d,line-d-e04,33.1982137,-116.1522906,180.0,line-d-e05,33.1983731,-116.1521011,180.0,line-d-e06,33.1985325,-116.1519115,180.0,line-d-e07,33.1986919,-116.1517219,180.0,2026-08-20T14:34:12Z,dipole-dipole,1,4,1.239,645.9,216.616,7.682,0.00487,0.00091,0.00666;0.00762;0.00729;0.00627;0.00584;0.00451;0.00384;0.00311;0.00227;0.00188,
line-d-r00172,line-d,line-d-e04,33.1982137,-116.1522906,180.0,line-d-e05,33.1983731,-116.1521011,180.0,line-d-e06,33.1985325,-116.1519115,180.0,line-d-e07,33.1986919,-116.1517219,180.0,2026-08-20T14:34:24Z,dipole-dipole,1,4,1.324,604.1,189.527,9.275,0.00406,0.00098,0.00662;0.00514;0.00521;0.00519;0.00492;0.00382;0.00320;0.00229;0.00197;0.00153,
line-d-r00173,line-d,line-d-e04,33.1982137,-116.1522906,180.0,line-d-e05,33.1983731,-116.1521011,180.0,line-d-e06,33.1985325,-116.1519115,180.0,line-d-e07,33.1986919,-116.1517219,180.0,2026-08-20T14:34:36Z,dipole-dipole,1,6,1.256,637.1,215.449,6.684,0.00458,0.00110,0.00690;0.00729;0.00673;0.00579;0.00480;0.00416;0.00368;0.00294;0.00226;0.00169,
line-d-r00174,line-d,line-d-e04,33.1982137,-116.1522906,180.0,line-d-e05,33.1983731,-116.1521011,180.0,line-d-e06,33.1985325,-116.1519115,180.0,line-d-e07,33.1986919,-116.1517219,180.0,2026-08-20T14:34:48Z,dipole-dipole,1,8,0.983,813.8,191.724,8.108,0.00442,0.00102,0.00665;0.00707;0.00580;0.00548;0.00476;0.00380;0.00365;0.00280;0.00215;0.00161,
line-d-r00175,line-d,line-d-e04,33.1982137,-116.1522906,180.0,line-d-e05,33.1983731,-116.1521011,180.0,line-d-e06,33.1985325,-116.1519115,180.0,line-d-e07,33.1986919,-116.1517219,180.0,2026-08-20T14:35:00Z,dipole-dipole,1,8,1.148,696.6,196.342,10.237,0.00432,0.00119,0.00773;0.00539;0.00525;0.00474;0.00504;0.00401;0.00337;0.00271;0.00188;0.00163,
line-d-r00176,line-d,line-d-e04,33.1982137,-116.1522906,180.0,line-d-e05,33.1983731,-116.1521011,180.0,line-d-e07,33.1986919,-116.1517219,180.0,line-d-e08,33.1988513,-116.1515323,180.0,2026-08-20T14:35:12Z,dipole-dipole,2,5,1.069,748.6,190.445,8.159,0.00560,0.00103,0.00892;0.00825;0.00905;0.00650;0.00578;0.00564;0.00418;0.00337;0.00274;0.00192,
line-d-r00177,line-d,line-d-e04,33.1982137,-116.1522906,180.0,line-d-e05,33.1983731,-116.1521011,180.0,line-d-e07,33.1986919,-116.1517219,180.0,line-d-e08,33.1988513,-116.1515323,180.0,2026-08-20T14:35:24Z,dipole-dipole,2,5,1.082,739.7,191.137,6.589,0.00418,0.00153,0.00680;0.00603;0.00565;0.00549;0.00474;0.00347;0.00312;0.00267;0.00173;0.00154,
line-d-r00178,line-d,line-d-e04,33.1982137,-116.1522906,180.0,line-d-e05,33.1983731,-116.1521011,180.0,line-d-e07,33.1986919,-116.1517219,180.0,line-d-e08,33.1988513,-116.1515323,180.0,2026-08-20T14:35:36Z,dipole-dipole,2,5,1.158,690.8,199.459,7.872,0.00495,0.00106,0.00812;0.00794;0.00677;0.00593;0.00498;0.00525;0.00343;0.00334;0.00265;0.00170,
line-d-r00179,line-d,line-d-e04,33.1982137,-116.1522906,180.0,line-d-e05,33.1983731,-116.1521011,180.0,line-d-e07,33.1986919,-116.1517219,180.0,line-d-e08,33.1988513,-116.1515323,180.0,2026-08-20T14:35:48Z,dipole-dipole,2,8,1.269,630.3,202.756,5.439,0.00609,0.00099,0.00946;0.00934;0.00735;0.00780;0.00682;0.00630;0.00526;0.00415;0.00283;0.00233,
line-d-r00180,line-d,line-d-e04,33.1982137,-116.1522906,180.0,line-d-e05,33.1983731,-116.1521011,180.0,line-d-e07,33.1986919,-116.1517219,180.0,line-d-e08,33.1988513,-116.1515323,180.0,2026-08-20T14:36:00Z,dipole-dipole,2,4,1.441,555.3,200.220,7.045,0.00602,0.00118,0.00974;0.00917;0.00833;0.00718;0.00696;0.00592;0.00431;0.00377;0.00296;0.00224,
line-d-r00181,line-d,line-d-e04,33.1982137,-116.1522906,180.0,line-d-e05,33.1983731,-116.1521011,180.0,line-d-e07,33.1986919,-116.1517219,180.0,line-d-e08,33.1988513,-116.1515323,180.0,2026-08-20T14:36:12Z,dipole-dipole,2,8,0.838,954.1,197.739,7.998,0.00489,0.01237,0.00797;0.00718;0.00763;0.00587;0.00518;0.00439;0.00400;0.00274;0.00245;0.00174,
line-d-r00182,line-d,line-d-e04,33.1982137,-116.1522906,180.0,line-d-e05,33.1983731,-116.1521011,180.0,line-d-e07,33.1986919,-116.1517219,180.0,line-d-e08,33.1988513,-116.1515323,180.0,2026-08-20T14:36:24Z,dipole-dipole,2,8,0.973,822.6,-233.274,8.252,0.00628,0.00089,0.00999;0.00948;0.00858;0.00716;0.00724;0.00602;0.00513;0.00407;0.00300;0.00224,
line-d-r00183,line-d,line-d-e04,33.1982137,-116.1522906,180.0,line-d-e05,33.1983731,-116.1521011,180.0,line-d-e07,33.1986919,-116.1517219,180.0,line-d-e08,33.1988513,-116.1515323,180.0,2026-08-20T14:36:36Z,dipole-dipole,2,8,1.272,629.1,200.012,8.094,0.00710,0.00127,0.01098;0.01026;0.00943;0.00876;0.00742;0.00704;0.00621;0.00459;0.00317;0.00237,
line-d-r00184,line-d,line-d-e04,33.1982137,-116.1522906,180.0,line-d-e05,33.1983731,-116.1521011,180.0,line-d-e08,33.1988513,-116.1515323,180.0,line-d-e09,33.1990107,-116.1513427,180.0,2026-08-20T14:36:48Z,dipole-dipole,3,8,0.963,830.5,199.173,6.547,0.00496,0.00071,0.00841;0.00716;0.00708;0.00602;0.00557;0.00458;0.00400;0.00321;0.00254;0.00158,
line-d-r00185,line-d,line-d-e04,33.1982137,-116.1522906,180.0,line-d-e05,33.1983731,-116.1521011,180.0,line-d-e08,33.1988513,-116.1515323,180.0,line-d-e09,33.1990107,-116.1513427,180.0,2026-08-20T14:37:00Z,dipole-dipole,3,3,1.222,654.6,205.059,6.361,0.00398,0.00120,0.00582;0.00615;0.00600;0.00481;0.00417;0.00359;0.00327;0.00266;0.00195;0.00130,
line-d-r00186,line-d,line-d-e04,33.1982137,-116.1522906,180.0,line-d-e05,33.1983731,-116.1521011,180.0,line-d-e08,33.1988513,-116.1515323,180.0,line-d-e09,33.1990107,-116.1513427,180.0,2026-08-20T14:37:12Z,dipole-dipole,3,4,1.064,751.9,199.154,7.658,0.00529,0.00093,0.00701;0.00761;0.00681;0.00563;0.00593;0.00496;0.00406;0.00333;0.00248;0.00191,
line-d-r00187,line-d,line-d-e04,33.1982137,-116.1522906,180.0,line-d-e05,33.1983731,-116.1521011,180.0,line-d-e08,33.1988513,-116.1515323,180.0,line-d-e09,33.1990107,-116.1513427,180.0,2026-08-20T14:37:24Z,dipole-dipole,3,4,1.010,791.9,198.801,9.052,0.00455,0.00109,0.00680;0.00706;0.00665;0.00605;0.00517;0.00421;0.00359;0.00282;0.00218;0.00156,
line-d-r00188,line-d,line-d-e04,33.1982137,-116.1522906,180.0,line-d-e05,33.1983731,-116.1521011,180.0,line-d-e08,33.1988513,-116.1515323,180.0,line-d-e09,33.1990107,-116.1513427,180.0,2026-08-20T14:37:36Z,dipole-dipole,3,5,1.095,730.6,196.903,8.987,0.00377,0.00097,0.00564;0.00640;0.00489;0.00447;0.00431;0.00387;0.00324;0.00250;0.00190;0.00122,
line-d-r00189,line-d,line-d-e04,33.1982137,-116.1522906,180.0,line-d-e05,33.1983731,-116.1521011,180.0,line-d-e08,33.1988513,-116.1515323,180.0,line-d-e09,33.1990107,-116.1513427,180.0,2026-08-20T14:37:48Z,dipole-dipole,3,3,1.039,769.8,192.691,8.210,0.00590,0.00095,0.00885;0.00938;0.00827;0.00662;0.00594;0.00519;0.00453;0.00384;0.00309;0.00199,
line-d-r00190,line-d,line-d-e04,33.1982137,-116.1522906,180.0,line-d-e05,33.1983731,-116.1521011,180.0,line-d-e08,33.1988513,-116.1515323,180.0,line-d-e09,33.1990107,-116.1513427,180.0,2026-08-20T14:38:00Z,dipole-dipole,3,7,0.982,814.6,204.327,6.268,0.00610,0.00075,0.00995;0.00901;0.00844;0.00684;0.00693;0.00579;0.00472;0.00375;0.00302;0.00210,
line-d-r00191,line-d,line-d-e04,33.1982137,-116.1522906,180.0,line-d-e05,33.1983731,-116.1521011,180.0,line-d-e09,33.1990107,-116.1513427,180.0,line-d-e10,33.1991701,-116.1511531,180.0,2026-08-20T14:38:12Z,dipole-dipole,4,6,1.405,569.5,197.062,8.473,0.00399,0.00109,0.00672;0.00552;0.00546;0.00497;0.00436;0.00385;0.00301;0.00252;0.00208;0.00140,
line-d-r00192,line-d,line-d-e04,33.1982137,-116.1522906,180.0,line-d-e05,33.1983731,-116.1521011,180.0,line-d-e09,33.1990107,-116.1513427,180.0,line-d-e10,33.1991701,-116.1511531,180.0,2026-08-20T14:38:24Z,dipole-dipole,4,5,1.325,603.8,211.180,8.174,0.00445,0.00095,0.00745;0.00662;0.00596;0.00520;0.00481;0.00428;0.00375;0.00291;0.00229;0.00160,
line-d-r00193,line-d,line-d-e04,33.1982137,-116.1522906,180.0,line-d-e05,33.1983731,-116.1521011,180.0,line-d-e09,33.1990107,-116.1513427,180.0,line-d-e10,33.1991701,-116.1511531,180.0,2026-08-20T14:38:36Z,dipole-dipole,4,5,0.955,838.0,181.070,6.864,0.00569,0.00100,0.00823;0.00858;0.00782;0.00719;0.00620;0.00546;0.00415;0.00342;0.00256;0.00188,
line-d-r00194,line-d,line-d-e04,33.1982137,-116.1522906,180.0,line-d-e05,33.1983731,-116.1521011,180.0,line-d-e09,33.1990107,-116.1513427,180.0,line-d-e10,33.1991701,-116.1511531,180.0,2026-08-20T14:38:48Z,dipole-dipole,4,3,1.301,614.7,203.130,6.676,0.00383,0.00093,0.00580;0.00529;0.00514;0.00503;0.00460;0.00383;0.00300;0.00230;0.00177;0.00146,
line-d-r00195,line-d,line-d-e04,33.1982137,-116.1522906,180.0,line-d-e05,33.1983731,-116.1521011,180.0,line-d-e09,33.1990107,-116.1513427,180.0,line-d-e10,33.1991701,-116.1511531,180.0,2026-08-20T14:39:00Z,dipole-dipole,4,8,1.035,772.9,192.658,7.016,0.00736,0.00150,0.01164;0.00960;0.01010;0.00935;0.00715;0.00743;0.00556;0.00487;0.00369;0.00266,
line-d-r00196,line-d,line-d-e04,33.1982137,-116.1522906,180.0,line-d-e05,33.1983731,-116.1521011,180.0,line-d-e09,33.1990107,-116.1513427,180.0,line-d-e10,33.1991701,-116.1511531,180.0,2026-08-20T14:39:12Z,dipole-dipole,4,3,1.517,527.2,177.409,7.611,0.00560,0.00109,0.00973;0.00904;0.00769;0.00614;0.00587;0.00467;0.00423;0.00407;0.00300;0.00214,
line-d-r00197,line-d,line-d-e04,33.1982137,-116.1522906,180.0,line-d-e05,33.1983731,-116.1521011,180.0,line-d-e10,33.1991701,-116.1511531,180.0,line-d-e11,33.1993294,-116.1509636,180.0,2026-08-20T14:39:24Z,dipole-dipole,5,6,1.477,541.7,205.268,8.614,0.00596,0.01034,0.00910;0.00894;0.00822;0.00777;0.00650;0.00577;0.00437;0.00374;0.00299;0.00221,
line-d-r00198,line-d,line-d-e04,33.1982137,-116.1522906,180.0,line-d-e05,33.1983731,-116.1521011,180.0,line-d-e10,33.1991701,-116.1511531,180.0,line-d-e11,33.1993294,-116.1509636,180.0,2026-08-20T14:39:36Z,dipole-dipole,5,7,1.019,785.2,198.074,7.094,0.00601,0.00113,0.01057;0.00995;0.00852;0.00790;0.00686;0.00558;0.00449;0.00343;0.00289;0.00198,
line-d-r00199,line-d,line-d-e04,33.1982137,-116.1522906,180.0,line-d-e05,33.1983731,-116.1521011,180.0,line-d-e10,33.1991701,-116.1511531,180.0,line-d-e11,33.1993294,-116.1509636,180.0,2026-08-20T14:39:48Z,dipole-dipole,5,5,0.943,848.1,-236.064,6.385,0.00603,0.00104,0.00904;0.00857;0.00829;0.00759;0.00718;0.00544;0.00507;0.00401;0.00322;0.00225,
line-d-r00200,line-d,line-d-e04,33.1982137,-116.1522906,180.0,line-d-e05,33.1983731,-116.1521011,180.0,line-d-e10,33.1991701,-116.1511531,180.0,line-d-e11,33.1993294,-116.1509636,180.0,2026-08-20T14:40:00Z,dipole-dipole,5,4,1.055,758.0,208.915,6.448,0.00298,0.00128,0.00504;0.00437;0.00439;0.00361;0.00330;0.00322;0.00250;0.00166;0.00154;0.00096,
line-d-r00201,line-d,line-d-e04,33.1982137,-116.1522906,180.0,line-d-e05,33.1983731,-116.1521011,180.0,line-d-e10,33.1991701,-116.1511531,180.0,line-d-e11,33.1993294,-116.1509636,180.0,2026-08-20T14:40:12Z,dipole-dipole,5,4,0.927,862.8,195.736,8.546,0.00483,0.00114,0.00728;0.00701;0.00721;0.00518;0.00538;0.00434;0.00381;0.00326;0.00225;0.00169,
line-d-r00202,line-d,line-d-e04,33.1982137,-116.1522906,180.0,line-d-e05,33.1983731,-116.1521011,180.0,line-d-e10,33.1991701,-116.1511531,180.0,line-d-e11,33.1993294,-116.1509636,180.0,2026-08-20T14:40:24Z,dipole-dipole,5,6,1.030,776.5,201.062,7.580,0.00624,0.00096,0.00945;0.00923;0.00867;0.00728;0.00655;0.00572;0.00564;0.00383;0.00314;0.00220,
line-d-r00203,line-d,line-d-e04,33.1982137,-116.1522906,180.0,line-d-e05,33.1983731,-116.1521011,180.0,line-d-e11,33.1993294,-116.1509636,180.0,line-d-e12,33.1994888,-116.1507740,180.0,2026-08-20T14:40:36Z,dipole-dipole,6,4,1.122,713.2,209.811,8.236,0.00545,0.00098,0.00873;0.00797;0.00719;0.00638;0.00663;0.00474;0.00448;0.00351;0.00280;0.00228,
line-d-r00204,line-d,line-d-e04,33.1982137,-116.1522906,180.0,line-d-e05,33.1983731,-116.1521011,180.0,line-d-e11,33.1993294,-116.1509636,180.0,line-d-e12,33.1994888,-116.1507740,180.0,2026-08-20T14:40:48Z,dipole-dipole,6,7,1.207,662.9,196.368,7.238,0.00467,0.00097,0.00696;0.00713;0.00658;0.00561;0.00499;0.00449;0.00377;0.00319;0.00222;0.00167,
line-d-r00205,line-d,line-d-e04,33.1982137,-116.1522906,180.0,line-d-e05,33.1983731,-116.1521011,180.0,line-d-e11,33.1993294,-116.1509636,180.0,line-d-e12,33.1994888,-116.1507740,180.0,2026-08-20T14:41:00Z,dipole-dipole,6,7,1.236,647.1,204.524,8.345,0.00409,0.00110,0.00610;0.00602;0.00573;0.00487;0.00480;0.00439;0.00318;0.00267;0.00204;0.00129,
line-d-r00206,line-d,line-d-e04,33.1982137,-116.1522906,180.0,line-d-e05,33.1983731,-116.1521011,180.0,line-d-e11,33.1993294,-116.1509636,180.0,line-d-e12,33.1994888,-116.1507740,180.0,2026-08-20T14:41:12Z,dipole-dipole,6,8,1.188,673.5,209.050,6.547,0.00499,0.00101,0.00738;0.00784;0.00672;0.00495;0.00571;0.00467;0.00384;0.00305;0.00223;0.00159,
line-d-r00207,line-d,line-d-e04,33.1982137,-116.1522906,180.0,line-d-e05,33.1983731,-116.1521011,180.0,line-d-e11,33.1993294,-116.1509636,180.0,line-d-e12,33.1994888,-116.1507740,180.0,2026-08-20T14:41:24Z,dipole-dipole,6,3,0.969,825.7,194.789,8.069,0.00507,0.00151,0.00789;0.00798;0.00784;0.00643;0.00567;0.00440;0.00449;0.00340;0.00252;0.00193,
line-d-r00208,line-d,line-d-e04,33.1982137,-116.1522906,180.0,line-d-e05,33.1983731,-116.1521011,180.0,line-d-e11,33.1993294,-116.1509636,180.0,line-d-e12,33.1994888,-116.1507740,180.0,2026-08-20T14:41:36Z,dipole-dipole,6,5,1.226,652.4,194.434,6.626,0.00664,0.00081,0.01169;0.00914;0.01057;0.00825;0.00687;0.00670;0.00549;0.00382;0.00335;0.00240,
line-d-r00209,line-d,line-d-e04,33.1982137,-116.1522906,180.0,line-d-e05,33.1983731,-116.1521011,180.0,line-d-e11,33.1993294,-116.1509636,180.0,line-d-e12,33.1994888,-116.1507740,180.0,2026-08-20T14:41:48Z,dipole-dipole,6,5,1.273,628.4,197.031,7.529,0.00360,0.00131,0.00573;0.00543;0.00522;0.00455;0.00413;0.00365;0.00267;0.00246;0.00182;0.00124,
line-d-r00210,line-d,line-d-e04,33.1982137,-116.1522906,180.0,line-d-e05,33.1983731,-116.1521011,180.0,line-d-e12,33.1994888,-116.1507740,180.0,line-d-e13,33.1996482,-116.1505844,180.0,2026-08-20T14:42:00Z,dipole-dipole,7,5,1.274,627.7,185.314,8.552,0.00626,0.00109,0.01022;0.00993;0.00906;0.00752;0.00703;0.00643;0.00441;0.00429;0.00329;0.00221,
line-d-r00211,line-d,line-d-e04,33.1982137,-116.1522906,180.0,line-d-e05,33.1983731,-116.1521011,180.0,line-d-e12,33.1994888,-116.1507740,180.0,line-d-e13,33.1996482,-116.1505844,180.0,2026-08-20T14:42:12Z,dipole-dipole,7,8,1.325,603.9,198.383,7.735,0.00365,0.00116,0.00135;0.00179;0.00236;0.00291;0.00358;0.00393;0.00470;0.00497;0.00558;0.00526,
line-d-r00212,line-d,line-d-e04,33.1982137,-116.1522906,180.0,line-d-e05,33.1983731,-116.1521011,180.0,line-d-e12,33.1994888,-116.1507740,180.0,line-d-e13,33.1996482,-116.1505844,180.0,2026-08-20T14:42:24Z,dipole-dipole,7,5,1.203,664.9,204.701,6.480,0.00652,0.00105,0.00947;0.00998;0.00859;0.00819;0.00800;0.00625;0.00533;0.00394;0.00294;0.00230,
line-d-r00213,line-d,line-d-e04,33.1982137,-116.1522906,180.0,line-d-e05,33.1983731,-116.1521011,180.0,line-d-e12,33.1994888,-116.1507740,180.0,line-d-e13,33.1996482,-116.1505844,180.0,2026-08-20T14:42:36Z,dipole-dipole,7,5,1.088,735.2,195.529,6.884,0.00351,0.00130,0.00518;0.00551;0.00503;0.00458;0.00369;0.00331;0.00298;0.00215;0.00170;0.00122,
line-d-r00214,line-d,line-d-e04,33.1982137,-116.1522906,180.0,line-d-e05,33.1983731,-116.1521011,180.0,line-d-e12,33.1994888,-116.1507740,180.0,line-d-e13,33.1996482,-116.1505844,180.0,2026-08-20T14:42:48Z,dipole-dipole,7,3,1.233,648.8,203.474,8.377,0.00600,0.00100,0.01010;0.00905;0.00914;0.00742;0.00591;0.00585;0.00455;0.00400;0.00316;0.00206,
line-d-r00215,line-d,line-d-e04,33.1982137,-116.1522906,180.0,line-d-e05,33.1983731,-116.1521011,180.0,line-d-e12,33.1994888,-116.1507740,180.0,line-d-e13,33.1996482,-116.1505844,180.0,2026-08-20T14:43:00Z,dipole-dipole,7,4,0.887,901.9,194.443,6.076,0.00749,0.00079,0.01231;0.01056;0.01147;0.01027;0.00805;0.00735;0.00584;0.00473;0.00341;0.00250,
line-d-r00216,line-d,line-d-e04,33.1982137,-116.1522906,180.0,line-d-e05,33.1983731,-116.1521011,180.0,line-d-e12,33.1994888,-116.1507740,180.0,line-d-e13,33.1996482,-116.1505844,180.0,2026-08-20T14:43:12Z,dipole-dipole,7,8,1.361,587.7,208.568,6.554,0.00486,0.00093,0.00741;0.00726;0.00595;0.00643;0.00536;0.00436;0.00400;0.00281;0.00224;0.00195,
line-d-r00217,line-d,line-d-e04,33.1982137,-116.1522906,180.0,line-d-e05,33.1983731,-116.1521011,180.0,line-d-e13,33.1996482,-116.1505844,180.0,line-d-e14,33.1998076,-116.1503948,180.0,2026-08-20T14:43:24Z,dipole-dipole,8,7,1.133,706.1,196.729,7.738,0.00592,0.00119,0.00989;0.00820;0.00876;0.00683;0.00675;0.00519;0.00481;0.00374;0.00297;0.00237,
line-d-r00218,line-d,line-d-e04,33.1982137,-116.1522906,180.0,line-d-e05,33.1983731,-116.1521011,180.0,line-d-e13,33.1996482,-116.1505844,180.0,line-d-e14,33.1998076,-116.1503948,180.0,2026-08-20T14:43:36Z,dipole-dipole,8,8,1.098,728.4,203.636,6.765,0.00503,0.00122,0.00734;0.00851;0.00748;0.00620;0.00537;0.00523;0.00409;0.00316;0.00232;0.00183,
line-d-r00219,line-d,line-d-e04,33.1982137,-116.1522906,180.0,line-d-e05,33.1983731,-116.1521011,180.0,line-d-e13,33.1996482,-116.1505844,180.0,line-d-e14,33.1998076,-116.1503948,180.0,2026-08-20T14:43:48Z,dipole-dipole,8,3,0.943,848.4,-218.853,6.393,0.00355,0.00093,0.00555;0.00587;0.00457;0.00411;0.00373;0.00389;0.00294;0.00243;0.00157;0.00113,
line-d-r00220,line-d,line-d-e04,33.1982137,-116.1522906,180.0,line-d-e05,33.1983731,-116.1521011,180.0,line-d-e13,33.1996482,-116.1505844,180.0,line-d-e14,33.1998076,-116.1503948,180.0,2026-08-20T14:44:00Z,dipole-dipole,8,5,1.290,620.3,197.586,5.977,0.00595,0.00110,0.00938;0.00887;0.00781;0.00770;0.00697;0.00583;0.00471;0.00347;0.00289;0.00202,
line-d-r00221,line-d,line-d-e04,33.1982137,-116.1522906,180.0,line-d-e05,33.1983731,-116.1521011,180.0,line-d-e13,33.1996482,-116.1505844,180.0,line-d-e14,33.1998076,-116.1503948,180.0,2026-08-20T14:44:12Z,dipole-dipole,8,6,1.391,575.2,214.113,5.899,0.00515,0.00105,0.00755;0.00681;0.00702;0.00642;0.00582;0.00456;0.00376;0.00341;0.00267;0.00189,
line-d-r00222,line-d,line-d-e04,33.1982137,-116.1522906,180.0,line-d-e05,33.1983731,-116.1521011,180.0,line-d-e13,33.1996482,-116.1505844,180.0,line-d-e14,33.1998076,-116.1503948,180.0,2026-08-20T14:44:24Z,dipole-dipole,8,7,0.835,958.0,206.184,7.611,0.00696,0.00116,0.01001;0.00921;0.00992;0.00825;0.00753;0.00695;0.00516;0.00445;0.00329;0.00253,
line-d-r00223,line-d,line-d-e04,33.1982137,-116.1522906,180.0,line-d-e05,33.1983731,-116.1521011,180.0,line-d-e13,33.1996482,-116.1505844,180.0,line-d-e14,33.1998076,-116.1503948,180.0,2026-08-20T14:44:36Z,dipole-dipole,8,8,1.095,730.6,201.827,5.875,0.00510,0.00120,0.00715;0.00765;0.00731;0.00616;0.00571;0.00498;0.00380;0.00374;0.00283;0.00192,
line-d-r00224,line-d,line-d-e04,33.1982137,-116.1522906,180.0,line-d-e05,33.1983731,-116.1521011,180.0,line-d-e13,33.1996482,-116.1505844,180.0,line-d-e14,33.1998076,-116.1503948,180.0,2026-08-20T14:44:48Z,dipole-dipole,8,4,0.856,935.1,206.063,6.880,0.00487,0.00092,0.00830;0.00761;0.00730;0.00609;0.00521;0.00475;0.00373;0.00294;0.00241;0.00152,
line-d-r00225,line-d,line-d-e05,33.1983731,-116.1521011,180.0,line-d-e06,33.1985325,-116.1519115,180.0,line-d-e07,33.1986919,-116.1517219,180.0,line-d-e08,33.1988513,-116.1515323,180.0,2026-08-20T14:45:00Z,dipole-dipole,1,4,1.386,577.2,210.947,9.425,0.00631,0.00111,0.01019;0.00873;0.00871;0.00841;0.00620;0.00648;0.00479;0.00394;0.00312;0.00225,
line-d-r00226,line-d,line-d-e05,33.1983731,-116.1521011,180.0,line-d-e06,33.1985325,-116.1519115,180.0,line-d-e07,33.1986919,-116.1517219,180.0,line-d-e08,33.1988513,-116.1515323,180.0,2026-08-20T14:45:12Z,dipole-dipole,1,4,1.563,511.8,206.252,7.678,0.00536,0.00112,0.00889;0.00748;0.00741;0.00646;0.00669;0.00489;0.00434;0.00349;0.00276;0.00193,
line-d-r00227,line-d,line-d-e05,33.1983731,-116.1521011,180.0,line-d-e06,33.1985325,-116.1519115,180.0,line-d-e07,33.1986919,-116.1517219,180.0,line-d-e08,33.1988513,-116.1515323,180.0,2026-08-20T14:45:24Z,dipole-dipole,1,5,1.316,608.1,201.435,6.871,0.00374,0.00081,0.00605;0.00563;0.00468;0.00459;0.00373;0.00355;0.00330;0.00237;0.00178;0.00123,
line-d-r00228,line-d,line-d-e05,33.1983731,-116.1521011,180.0,line-d-e06,33.1985325,-116.1519115,180.0,line-d-e07,33.1986919,-116.1517219,180.0,line-d-e08,33.1988513,-116.1515323,180.0,2026-08-20T14:45:36Z,dipole-dipole,1,4,1.174,681.5,197.467,10.146,0.00594,0.00157,0.00869;0.00895;0.00899;0.00729;0.00715;0.00601;0.00499;0.00346;0.00293;0.00191,
line-d-r00229,line-d,line-d-e05,33.1983731,-116.1521011,180.0,line-d-e06,33.1985325,-116.1519115,180.0,line-d-e07,33.1986919,-116.1517219,180.0,line-d-e08,33.1988513,-116.1515323,180.0,2026-08-20T14:45:48Z,dipole-dipole,1,4,1.852,432.0,209.254,7.092,0.00495,0.00096,0.00805;0.00768;0.00707;0.00600;0.00508;0.00503;0.00389;0.00304;0.00247;0.00160,
line-d-r00230,line-d,line-d-e05,33.1983731,-116.1521011,180.0,line-d-e06,33.1985325,-116.1519115,180.0,line-d-e07,33.1986919,-116.1517219,180.0,line-d-e08,33.1988513,-116.1515323,180.0,2026-08-20T14:46:00Z,dipole-dipole,1,5,1.123,712.3,203.944,9.352,0.00525,0.00132,0.00799;0.00764;0.00727;0.00662;0.00539;0.00535;0.00431;0.00358;0.00262;0.00184,
line-d-r00231,line-d,line-d-e05,33.1983731,-116.1521011,180.0,line-d-e06,33.1985325,-116.1519115,180.0,line-d-e07,33.1986919,-116.1517219,180.0,line-d-e08,33.1988513,-116.1515323,180.0,2026-08-20T14:46:12Z,dipole-dipole,1,5,1.140,701.5,212.607,8.519,0.00417,0.00086,0.00644;0.00657;0.00628;0.00519;0.00444;0.00396;0.00346;0.00287;0.00191;0.00136,
line-d-r00232,line-d,line-d-e05,33.1983731,-116.1521011,180.0,line-d-e06,33.1985325,-116.1519115,180.0,line-d-e07,33.1986919,-116.1517219,180.0,line-d-e08,33.1988513,-116.1515323,180.0,2026-08-20T14:46:24Z,dipole-dipole,1,7,1.585,504.7,208.091,6.411,0.00394,0.00102,0.00642;0.00616;0.00532;0.00537;0.00433;0.00347;0.00329;0.00250;0.00208;0.00143,
line-d-r00233,line-d,line-d-e05,33.1983731,-116.1521011,180.0,line-d-e06,33.1985325,-116.1519115,180.0,line-d-e08,33.1988513,-116.1515323,180.0,line-d-e09,33.1990107,-116.1513427,180.0,2026-08-20T14:46:36Z,dipole-dipole,2,7,1.094,731.2,209.978,5.991,0.00416,0.00075,0.00790;0.00665;0.00565;0.00529;0.00431;0.00388;0.00310;0.00249;0.00183;0.00159,
line-d-r00234,line-d,line-d-e05,33.1983731,-116.1521011,180.0,line-d-e06,33.1985325,-116.1519115,180.0,line-d-e08,33.1988513,-116.1515323,180.0,line-d-e09,33.1990107,-116.1513427,180.0,2026-08-20T14:46:48Z,dipole-dipole,2,4,1.337,598.2,191.408,8.949,0.00429,0.00102,0.00701;0.00651;0.00601;0.00527;0.00457;0.00424;0.00342;0.00265;0.00218;0.00141,
line-d-r00235,line-d,line-d-e05,33.1983731,-116.1521011,180.0,line-d-e06,33.1985325,-116.1519115,180.0,line-d-e08,33.1988513,-116.1515323,180.0,line-d-e09,33.1990107,-116.1513427,180.0,2026-08-20T14:47:00Z,dipole-dipole,2,8,1.111,720.1,202.889,7.977,0.00514,0.00101,0.00758;0.00767;0.00687;0.00694;0.00570;0.00465;0.00393;0.00343;0.00257;0.00165,
line-d-r00236,line-d,line-d-e05,33.1983731,-116.1521011,180.0,line-d-e06,33.1985325,-116.1519115,180.0,line-d-e08,33.1988513,-116.1515323,180.0,line-d-e09,33.1990107,-116.1513427,180.0,2026-08-20T14:47:12Z,dipole-dipole,2,4,1.357,589.7,201.394,8.485,0.00466,0.00130,0.00722;0.00681;0.00593;0.00558;0.00511;0.00447;0.00387;0.00281;0.00242;0.00166,
line-d-r00237,line-d,line-d-e05,33.1983731,-116.1521011,180.0,line-d-e06,33.1985325,-116.1519115,180.0,line-d-e08,33.1988513,-116.1515323,180.0,line-d-e09,33.1990107,-116.1513427,180.0,2026-08-20T14:47:24Z,dipole-dipole,2,7,1.317,607.6,200.696,5.770,0.00604,0.00094,0.01065;0.00856;0.00894;0.00762;0.00651;0.00565;0.00540;0.00436;0.00281;0.00207,
line-d-r00238,line-d,line-d-e05,33.1983731,-116.1521011,180.0,line-d-e06,33.1985325,-116.1519115,180.0,line-d-e08,33.1988513,-116.1515323,180.0,line-d-e09,33.1990107,-116.1513427,180.0,2026-08-20T14:47:36Z,dipole-dipole,2,5,1.041,768.8,184.395,7.799,0.00462,0.00109,0.00758;0.00683;0.00651;0.00602;0.00519;0.00426;0.00325;0.00301;0.00224;0.00175,
line-d-r00239,line-d,line-d-e05,33.1983731,-116.1521011,180.0,line-d-e06,33.1985325,-116.1519115,180.0,line-d-e09,33.1990107,-116.1513427,180.0,line-d-e10,33.1991701,-116.1511531,180.0,2026-08-20T14:47:48Z,dipole-dipole,3,5,1.555,514.4,190.767,7.733,0.00686,0.00110,0.01144;0.01133;0.01009;0.00770;0.00688;0.00655;0.00620;0.00431;0.00315;0.00249,
line-d-r00240,line-d,line-d-e05,33.1983731,-116.1521011,180.0,line-d-e06,33.1985325,-116.1519115,180.0,line-d-e09,33.1990107,-116.1513427,180.0,line-d-e10,33.1991701,-116.1511531,180.0,2026-08-20T14:48:00Z,dipole-dipole,3,7,1.812,441.5,211.508,6.845,0.00611,0.00078,0.00950;0.00933;0.00972;0.00743;0.00648;0.00541;0.00488;0.00400;0.00270;0.00217,
line-d-r00241,line-d,line-d-e05,33.1983731,-116.1521011,180.0,line-d-e06,33.1985325,-116.1519115,180.0,line-d-e09,33.1990107,-116.1513427,180.0,line-d-e10,33.1991701,-116.1511531,180.0,2026-08-20T14:48:12Z,dipole-dipole,3,8,1.207,662.7,199.871,6.531,0.00431,0.00103,0.00703;0.00603;0.00598;0.00544;0.00452;0.00385;0.00345;0.00271;0.00203;0.00148,
line-d-r00242,line-d,line-d-e05,33.1983731,-116.1521011,180.0,line-d-e06,33.1985325,-116.1519115,180.0,line-d-e09,33.1990107,-116.1513427,180.0,line-d-e10,33.1991701,-116.1511531,180.0,2026-08-20T14:48:24Z,dipole-dipole,3,4,1.083,738.7,200.376,6.656,0.00404,0.00109,0.00663;0.00596;0.00568;0.00542;0.00452;0.00400;0.00362;0.00264;0.00182;0.00126,
line-d-r00243,line-d,line-d-e05,33.1983731,-116.1521011,180.0,line-d-e06,33.1985325,-116.1519115,180.0,line-d-e09,33.1990107,-116.1513427,180.0,line-d-e10,33.1991701,-116.1511531,180.0,2026-08-20T14:48:36Z,dipole-dipole,3,6,1.719,465.3,199.421,8.574,0.00438,0.00108,0.00740;0.00618;0.00591;0.00549;0.00466;0.00347;0.00311;0.00285;0.00222;0.00171,
line-d-r00244,line-d,line-d-e05,33.1983731,-116.1521011,180.0,line-d-e06,33.1985325,-116.1519115,180.0,line-d-e09,33.1990107,-116.1513427,180.0,line-d-e10,33.1991701,-116.1511531,180.0,2026-08-20T14:48:48Z,dipole-dipole,3,8,1.687,474.1,208.316,7.944,0.00623,0.00090,0.00987;0.00973;0.00955;0.00754;0.00692;0.00555;0.00514;0.00416;0.00343;0.00203,
line-d-r00245,line-d,line-d-e05,33.1983731,-116.1521011,180.0,line-d-e06,33.1985325,-116.1519115,180.0,line-d-e10,33.1991701,-116.1511531,180.0,line-d-e11,33.1993294,-116.1509636,180.0,2026-08-20T14:49:00Z,dipole-dipole,4,7,1.303,613.9,196.719,7.671,0.00500,0.00118,0.00835;0.00743;0.00692;0.00637;0.00564;0.00490;0.00397;0.00324;0.00243;0.00192,
line-d-r00246,line-d,line-d-e05,33.1983731,-116.1521011,180.0,line-d-e06,33.1985325,-116.1519115,180.0,line-d-e10,33.1991701,-116.1511531,180.0,line-d-e11,33.1993294,-116.1509636,180.0,2026-08-20T14:49:12Z,dipole-dipole,4,3,1.452,550.8,204.209,8.135,0.00421,0.00109,0.00685;0.00662;0.00599;0.00539;0.00512;0.00410;0.00331;0.00261;0.00199;0.00139,
line-d-r00247,line-d,line-d-e05,33.1983731,-116.1521011,180.0,line-d-e06,33.1985325,-116.1519115,180.0,line-d-e10,33.1991701,-116.1511531,180.0,line-d-e11,33.1993294,-116.1509636,180.0,2026-08-20T14:49:24Z,dipole-dipole,4,3,1.139,702.1,193.286,7.103,0.00619,0.00089,0.01002;0.00859;0.00821;0.00766;0.00608;0.00560;0.00460;0.00389;0.00289;0.00202,
line-d-r00248,line-d,line-d-e05,33.1983731,-116.1521011,180.0,line-d-e06,33.1985325,-116.1519115,180.0,line-d-e10,33.1991701,-116.1511531,180.0,line-d-e11,33.1993294,-116.1509636,180.0,2026-08-20T14:49:36Z,dipole-dipole,4,4,1.537,520.5,190.899,6.141,0.00431,0.00108,0.00698;0.00657;0.00589;0.00565;0.00532;0.00408;0.00302;0.00302;0.00204;0.00170,
line-d-r00249,line-d,line-d-e05,33.1983731,-116.1521011,180.0,line-d-e06,33.1985325,-116.1519115,180.0,line-d-e10,33.1991701,-116.1511531,180.0,line-d-e11,33.1993294,-116.1509636,180.0,2026-08-20T14:49:48Z,dipole-dipole,4,6,1.600,500.0,192.663,7.907,0.00387,0.00096,0.00653;0.00571;0.00570;0.00473;0.00409;0.00378;0.00294;0.00288;0.00198;0.00118,
line-d-r00250,line-d,line-d-e05,33.1983731,-116.1521011,180.0,line-d-e06,33.1985325,-116.1519115,180.0,line-d-e10,33.1991701,-116.1511531,180.0,line-d-e11,33.1993294,-116.1509636,180.0,2026-08-20T14:50:00Z,dipole-dipole,4,4,1.244,643.2,200.313,7.506,0.00584,0.00085,0.00976;0.00925;0.00913;0.00737;0.00577;0.00542;0.00435;0.00376;0.00271;0.00200,
line-d-r00251,line-d,line-d-e05,33.1983731,-116.1521011,180.0,line-d-e06,33.1985325,-116.1519115,180.0,line-d-e10,33.1991701,-116.1511531,180.0,line-d-e11,33.1993294,-116.1509636,180.0,2026-08-20T14:50:12Z,dipole-dipole,4,4,1.137,703.8,211.560,8.017,0.00466,0.00108,0.00727;0.00660;0.00689;0.00618;0.00520;0.00436;0.00348;0.00328;0.00222;0.00174,
line-d-r00252,line-d,line-d-e05,33.1983731,-116.1521011,180.0,line-d-e06,33.1985325,-116.1519115,180.0,line-d-e10,33.1991701,-116.1511531,180.0,line-d-e11,33.1993294,-116.1509636,180.0,2026-08-20T14:50:24Z,dipole-dipole,4,3,1.686,474.4,199.292,9.225,0.00607,0.00106,0.00892;0.00916;0.00804;0.00839;0.00723;0.00571;0.00521;0.00314;0.00319;0.00234,
line-d-r00253,line-d,line-d-e05,33.1983731,-116.1521011,180.0,line-d-e06,33.1985325,-116.1519115,180.0,line-d-e11,33.1993294,-116.1509636,180.0,line-d-e12,33.1994888,-116.1507740,180.0,2026-08-20T14:50:36Z,dipole-dipole,5,8,1.345,594.7,197.498,8.208,0.00445,0.00107,0.00771;0.00598;0.00616;0.00557;0.00478;0.00434;0.00380;0.00305;0.00214;0.00159,
line-d-r00254,line-d,line-d-e05,33.1983731,-116.1521011,180.0,line-d-e06,33.1985325,-116.1519115,180.0,line-d-e11,33.1993294,-116.1509636,180.0,line-d-e12,33.1994888,-116.1507740,180.0,2026-08-20T14:50:48Z,dipole-dipole,5,8,1.560,512.8,193.834,7.517,0.00261,0.00088,0.00397;0.00352;0.00316;0.00302;0.00292;0.00254;0.00209;0.00153;0.00132;0.00089,
line-d-r00255,line-d,line-d-e05,33.1983731,-116.1521011,180.0,line-d-e06,33.1985325,-116.1519115,180.0,line-d-e11,33.1993294,-116.1509636,180.0,line-d-e12,33.1994888,-116.1507740,180.0,2026-08-20T14:51:00Z,dipole-dipole,5,7,1.152,694.7,194.396,6.325,0.00486,0.00111,0.00848;0.00815;0.00667;0.00637;0.00487;0.00506;0.00375;0.00359;0.00236;0.00183,
line-d-r00256,line-d,line-d-e05,33.1983731,-116.1521011,180.0,line-d-e06,33.1985325,-116.1519115,180.0,line-d-e11,33.1993294,-116.1509636,180.0,line-d-e12,33.1994888,-116.1507740,180.0,2026-08-20T14:51:12Z,dipole-dipole,5,4,1.409,567.6,200.580,8.138,0.00600,0.00129,0.01034;0.00928;0.00865;0.00751;0.00652;0.00566;0.00420;0.00399;0.00282;0.00226,
line-d-r00257,line-d,line-d-e05,33.1983731,-116.1521011,180.0,line-d-e06,33.1985325,-116.1519115,180.0,line-d-e11,33.1993294,-116.1509636,180.0,line-d-e12,33.1994888,-116.1507740,180.0,2026-08-20T14:51:24Z,dipole-dipole,5,8,1.729,462.6,202.870,7.679,0.00385,0.00085,0.00562;0.00572;0.00588;0.00474;0.00422;0.00363;0.00318;0.00287;0.00188;0.00136,
line-d-r00258,line-d,line-d-e05,33.1983731,-116.1521011,180.0,line-d-e06,33.1985325,-116.1519115,180.0,line-d-e11,33.1993294,-116.1509636,180.0,line-d-e12,33.1994888,-116.1507740,180.0,2026-08-20T14:51:36Z,dipole-dipole,5,4,1.329,601.9,201.143,9.498,0.00704,0.00097,0.01171;0.01082;0.00991;0.00878;0.00834;0.00686;0.00574;0.00462;0.00328;0.00249,
line-d-r00259,line-d,line-d-e05,33.1983731,-116.1521011,180.0,line-d-e06,33.1985325,-116.1519115,180.0,line-d-e12,33.1994888,-116.1507740,180.0,line-d-e13,33.1996482,-116.1505844,180.0,2026-08-20T14:51:48Z,dipole-dipole,6,3,1.366,585.5,198.188,8.651,0.00520,0.00110,0.00804;0.00789;0.00725;0.00591;0.00571;0.00508;0.00398;0.00343;0.00261;0.00190,
line-d-r00260,line-d,line-d-e05,33.1983731,-116.1521011,180.0,line-d-e06,33.1985325,-116.1519115,180.0,line-d-e12,33.1994888,-116.1507740,180.0,line-d-e13,33.1996482,-116.1505844,180.0,2026-08-20T14:52:00Z,dipole-dipole,6,7,1.316,607.8,186.738,7.082,0.00560,0.00091,0.00833;0.00801;0.00717;0.00641;0.00618;0.00526;0.00438;0.00341;0.00266;0.00206,
line-d-r00261,line-d,line-d-e05,33.1983731,-116.1521011,180.0,line-d-e06,33.1985325,-116.1519115,180.0,line-d-e12,33.1994888,-116.1507740,180.0,line-d-e13,33.1996482,-116.1505844,180.0,2026-08-20T14:52:12Z,dipole-dipole,6,6,1.626,492.1,201.855,5.596,0.00426,0.00102,0.00681;0.00671;0.00583;0.00523;0.00469;0.00416;0.00317;0.00263;0.00207;0.00140,
line-d-r00262,line-d,line-d-e05,33.1983731,-116.1521011,180.0,line-d-e06,33.1985325,-116.1519115,180.0,line-d-e12,33.1994888,-116.1507740,180.0,line-d-e13,33.1996482,-116.1505844,180.0,2026-08-20T14:52:24Z,dipole-dipole,6,8,1.196,669.0,199.544,8.673,0.00478,0.00086,0.00694;0.00788;0.00688;0.00559;0.00530;0.00430;0.00367;0.00330;0.00253;0.00170,
line-d-r00263,line-d,line-d-e05,33.1983731,-116.1521011,180.0,line-d-e06,33.1985325,-116.1519115,180.0,line-d-e12,33.1994888,-116.1507740,180.0,line-d-e13,33.1996482,-116.1505844,180.0,2026-08-20T14:52:36Z,dipole-dipole,6,7,1.142,700.5,201.790,6.398,0.00693,0.00117,0.01071;0.01072;0.00974;0.00835;0.00743;0.00621;0.00585;0.00440;0.00341;0.00251,
line-d-r00264,line-d,line-d-e05,33.1983731,-116.1521011,180.0,line-d-e06,33.1985325,-116.1519115,180.0,line-d-e12,33.1994888,-116.1507740,180.0,line-d-e13,33.1996482,-116.1505844,180.0,2026-08-20T14:52:48Z,dipole-dipole,6,7,1.586,504.5,202.667,6.753,0.00746,0.00085,0.01195;0.01043;0.01090;0.00880;0.00781;0.00678;0.00523;0.00497;0.00371;0.00243,
line-d-r00265,line-d,line-d-e05,33.1983731,-116.1521011,180.0,line-d-e06,33.1985325,-116.1519115,180.0,line-d-e12,33.1994888,-116.1507740,180.0,line-d-e13,33.1996482,-116.1505844,180.0,2026-08-20T14:53:00Z,dipole-dipole,6,3,1.950,410.3,190.174,7.650,0.00661,0.00116,0.01046;0.00962;0.00870;0.00800;0.00761;0.00613;0.00507;0.00364;0.00341;0.00237,
line-d-r00266,line-d,line-d-e05,33.1983731,-116.1521011,180.0,line-d-e06,33.1985325,-116.1519115,180.0,line-d-e13,33.1996482,-116.1505844,180.0,line-d-e14,33.1998076,-116.1503948,180.0,2026-08-20T14:53:12Z,dipole-dipole,7,6,1.243,643.8,203.278,8.803,0.00541,0.00110,0.00863;0.00812;0.00691;0.00676;0.00557;0.00524;0.00418;0.00328;0.00258;0.00207,
line-d-r00267,line-d,line-d-e05,33.1983731,-116.1521011,180.0,line-d-e06,33.1985325,-116.1519115,180.0,line-d-e13,33.1996482,-116.1505844,180.0,line-d-e14,33.1998076,-116.1503948,180.0,2026-08-20T14:53:24Z,dipole-dipole,7,7,1.389,575.8,198.180,8.734,0.00538,0.00107,0.00899;0.00744;0.00712;0.00638;0.00610;0.00562;0.00404;0.00397;0.00217;0.00208,
line-d-r00268,line-d,line-d-e05,33.1983731,-116.1521011,180.0,line-d-e06,33.1985325,-116.1519115,180.0,line-d-e13,33.1996482,-116.1505844,180.0,line-d-e14,33.1998076,-116.1503948,180.0,2026-08-20T14:53:36Z,dipole-dipole,7,8,1.241,644.4,204.524,6.870,0.00471,0.00104,0.00710;0.00737;0.00665;0.00530;0.00507;0.00454;0.00360;0.00325;0.00207;0.00160,
line-d-r00269,line-d,line-d-e05,33.1983731,-116.1521011,180.0,line-d-e06,33.1985325,-116.1519115,180.0,line-d-e13,33.1996482,-116.1505844,180.0,line-d-e14,33.1998076,-116.1503948,180.0,2026-08-20T14:53:48Z,dipole-dipole,7,6,1.247,641.6,209.706,7.319,0.00571,0.00110,0.00862;0.00882;0.00711;0.00785;0.00561;0.00507;0.00461;0.00360;0.00258;0.00205,
line-d-r00270,line-d,line-d-e05,33.1983731,-116.1521011,180.0,line-d-e06,33.1985325,-116.1519115,180.0,line-d-e13,33.1996482,-116.1505844,180.0,line-d-e14,33.1998076,-116.1503948,180.0,2026-08-20T14:54:00Z,dipole-dipole,7,3,1.054,759.2,198.162,8.048,0.00604,0.00087,0.01005;0.00904;0.00717;0.00776;0.00707;0.00515;0.00445;0.00368;0.00272;0.00217,
line-d-r00271,line-d,line-d-e05,33.1983731,-116.1521011,180.0,line-d-e06,33.1985325,-116.1519115,180.0,line-d-e13,33.1996482,-116.1505844,180.0,line-d-e14,33.1998076,-116.1503948,180.0,2026-08-20T14:54:12Z,dipole-dipole,7,3,1.574,508.3,201.794,11.360,0.00449,0.00122,0.00753;0.00678;0.00605;0.00553;0.00547;0.00449;0.00352;0.00281;0.00224;0.00177,
line-d-r00272,line-d,line-d-e05,33.1983731,-116.1521011,180.0,line-d-e06,33.1985325,-116.1519115,180.0,line-d-e13,33.1996482,-116.1505844,180.0,line-d-e14,33.1998076,-116.1503948,180.0,2026-08-20T14:54:24Z,dipole-dipole,7,7,2.000,388.5,199.533,7.962,0.00459,0.00097,0.00731;0.00686;0.00655;0.00601;0.00478;0.00446;0.00347;0.00308;0.00210;0.00155,
line-d-r00273,line-d,line-d-e05,33.1983731,-116.1521011,180.0,line-d-e06,33.1985325,-116.1519115,180.0,line-d-e13,33.1996482,-116.1505844,180.0,line-d-e14,33.1998076,-116.1503948,180.0,2026-08-20T14:54:36Z,dipole-dipole,7,3,1.201,666.0,200.839,5.965,0.00417,0.00120,0.00650;0.00602;0.00608;0.00514;0.00503;0.00396;0.00341;0.00260;0.00211;0.00152,
line-d-r00274,line-d,line-d-e05,33.1983731,-116.1521011,180.0,line-d-e06,33.1985325,-116.1519115,180.0,line-d-e14,33.1998076,-116.1503948,180.0,line-d-e15,33.1999670,-116.1502052,180.0,2026-08-20T14:54:48Z,dipole-dipole,8,7,1.550,516.2,201.613,238.717,0.00498,0.00120,0.00837;0.00757;0.00699;0.00621;0.00601;0.00434;0.00398;0.00341;0.00259;0.00185,
line-d-r00275,line-d,line-d-e05,33.1983731,-116.1521011,180.0,line-d-e06,33.1985325,-116.1519115,180.0,line-d-e14,33.1998076,-116.1503948,180.0,line-d-e15,33.1999670,-116.1502052,180.0,2026-08-20T14:55:00Z,dipole-dipole,8,8,1.065,751.1,198.396,8.025,0.00670,0.00117,0.01093;0.00967;0.00967;0.00902;0.00727;0.00564;0.00520;0.00429;0.00338;0.00235,
line-d-r00276,line-d,line-d-e05,33.1983731,-116.1521011,180.0,line-d-e06,33.1985325,-116.1519115,180.0,line-d-e14,33.1998076,-116.1503948,180.0,line-d-e15,33.1999670,-116.1502052,180.0,2026-08-20T14:55:12Z,dipole-dipole,8,7,1.464,546.4,202.453,7.049,0.00452,0.00102,0.00691;0.00644;0.00651;0.00527;0.00505;0.00428;0.00379;0.00295;0.00217;0.00161,
line-d-r00277,line-d,line-d-e05,33.1983731,-116.1521011,180.0,line-d-e06,33.1985325,-116.1519115,180.0,line-d-e14,33.1998076,-116.1503948,180.0,line-d-e15,33.1999670,-116.1502052,180.0,2026-08-20T14:55:24Z,dipole-dipole,8,8,1.545,517.9,197.395,7.853,0.00349,0.00118,0.00600;0.00480;0.00451;0.00439;0.00333;0.00335;0.00254;0.00207;0.00161;0.00105,
line-d-r00278,line-d,line-d-e05,33.1983731,-116.1521011,180.0,line-d-e06,33.1985325,-116.1519115,180.0,line-d-e14,33.1998076,-116.1503948,180.0,line-d-e15,33.1999670,-116.1502052,180.0,2026-08-20T14:55:36Z,dipole-dipole,8,8,1.493,535.8,192.478,10.085,0.00432,0.00086,0.00789;0.00666;0.00641;0.00510;0.00456;0.00437;0.00369;0.00299;0.00214;0.00161,
line-d-r00279,line-d,line-d-e05,33.1983731,-116.1521011,180.0,line-d-e06,33.1985325,-116.1519115,180.0,line-d-e14,33.1998076,-116.1503948,180.0,line-d-e15,33.1999670,-116.1502052,180.0,2026-08-20T14:55:48Z,dipole-dipole,8,4,1.690,473.5,204.402,8.244,0.00349,0.00117,0.00561;0.00509;0.00507;0.00443;0.00395;0.00313;0.00279;0.00205;0.00177;0.00126,
line-d-r00280,line-d,line-d-e05,33.1983731,-116.1521011,180.0,line-d-e06,33.1985325,-116.1519115,180.0,line-d-e14,33.1998076,-116.1503948,180.0,line-d-e15,33.1999670,-116.1502052,180.0,2026-08-20T14:56:00Z,dipole-dipole,8,6,1.842,434.4,201.976,8.285,0.00529,0.00120,0.00815;0.00752;0.00686;0.00679;0.00645;0.00510;0.00409;0.00335;0.00245;0.00180,
line-d-r00281,line-d,line-d-e06,33.1985325,-116.1519115,180.0,line-d-e07,33.1986919,-116.1517219,180.0,line-d-e08,33.1988513,-116.1515323,180.0,line-d-e09,33.1990107,-116.1513427,180.0,2026-08-20T14:56:12Z,dipole-dipole,1,8,1.554,514.9,213.117,6.902,0.00463,0.00109,0.00746;0.00636;0.00620;0.00565;0.00504;0.00448;0.00396;0.00329;0.00217;0.00147,
line-d-r00282,line-d,line-d-e06,33.1985325,-116.1519115,180.0,line-d-e07,33.1986919,-116.1517219,180.0,line-d-e08,33.1988513,-116.1515323,180.0,line-d-e09,33.1990107,-116.1513427,180.0,2026-08-20T14:56:24Z,dipole-dipole,1,4,1.212,659.9,202.088,7.871,0.00541,0.00121,0.00778;0.00792;0.00750;0.00590;0.00561;0.00450;0.00410;0.00342;0.00231;0.00205,
line-d-r00283,line-d,line-d-e06,33.1985325,-116.1519115,180.0,line-d-e07,33.1986919,-116.1517219,180.0,line-d-e08,33.1988513,-116.1515323,180.0,line-d-e09,33.1990107,-116.1513427,180.0,2026-08-20T14:56:36Z,dipole-dipole,1,5,1.015,787.9,222.026,7.504,0.00700,0.00112,0.01040;0.01106;0.01033;0.00850;0.00741;0.00625;0.00537;0.00433;0.00354;0.00262,
line-d-r00284,line-d,line-d-e06,33.1985325,-116.1519115,180.0,line-d-e07,33.1986919,-116.1517219,180.0,line-d-e08,33.1988513,-116.1515323,180.0,line-d-e09,33.1990107,-116.1513427,180.0,2026-08-20T14:56:48Z,dipole-dipole,1,4,1.544,518.3,210.344,8.283,0.00486,0.00079,0.00754;0.00695;0.00749;0.00656;0.00493;0.00435;0.00384;0.00328;0.00258;0.00167,
line-d-r00285,line-d,line-d-e06,33.1985325,-116.1519115,180.0,line-d-e07,33.1986919,-116.1517219,180.0,line-d-e08,33.1988513,-116.1515323,180.0,line-d-e09,33.1990107,-116.1513427,180.0,2026-08-20T14:57:00Z,dipole-dipole,1,7,1.509,530.3,194.520,9.148,0.00554,0.00154,0.00885;0.00852;0.00748;0.00686;0.00552;0.00550;0.00457;0.00344;0.00256;0.00195,
line-d-r00286,line-d,line-d-e06,33.1985325,-116.1519115,180.0,line-d-e07,33.1986919,-116.1517219,180.0,line-d-e08,33.1988513,-116.1515323,180.0,line-d-e09,33.1990107,-116.1513427,180.0,2026-08-20T14:57:12Z,dipole-dipole,1,5,1.792,446.5,201.915,8.943,0.00474,0.00113,0.00774;0.00681;0.00642;0.00629;0.00576;0.00442;0.00337;0.00281;0.00245;0.00149,
line-d-r00287,line-d,line-d-e06,33.1985325,-116.1519115,180.0,line-d-e07,33.1986919,-116.1517219,180.0,line-d-e08,33.1988513,-116.1515323,180.0,line-d-e09,33.1990107,-116.1513427,180.0,2026-08-20T14:57:24Z,dipole-dipole,1,7,1.892,422.8,213.244,8.763,0.00597,0.00098,0.01026;0.00971;0.00847;0.00773;0.00673;0.00621;0.00476;0.00372;0.00293;0.00193,
line-d-r00288,line-d,line-d-e06,33.1985325,-116.1519115,180.0,line-d-e07,33.1986919,-116.1517219,180.0,line-d-e08,33.1988513,-116.1515323,180.0,line-d-e09,33.1990107,-116.1513427,180.0,2026-08-20T14:57:36Z,dipole-dipole,1,3,1.571,509.4,209.097,8.896,0.00519,0.00123,0.00892;0.00734;0.00738;0.00643;0.00548;0.00535;0.00368;0.00325;0.00265;0.00177,
line-d-r00289,line-d,line-d-e06,33.1985325,-116.1519115,180.0,line-d-e07,33.1986919,-116.1517219,180.0,line-d-e09,33.1990107,-116.1513427,180.0,line-d-e10,33.1991701,-116.1511531,180.0,2026-08-20T14:57:48Z,dipole-dipole,2,8,1.485,538.6,193.791,7.167,0.00450,0.00136,0.00691;0.00675;0.00572;0.00552;0.00488;0.00449;0.00355;0.00294;0.00207;0.00144,
line-d-r00290,line-d,line-d-e06,33.1985325,-116.1519115,180.0,line-d-e07,33.1986919,-116.1517219,180.0,line-d-e09,33.1990107,-116.1513427,180.0,line-d-e10,33.1991701,-116.1511531,180.0,2026-08-20T14:58:00Z,dipole-dipole,2,5,1.195,669.5,197.063,7.996,0.00607,0.00109,0.00965;0.00983;0.00890;0.00800;0.00727;0.00600;0.00504;0.00390;0.00295;0.00209,
line-d-r00291,line-d,line-d-e06,33.1985325,-116.1519115,180.0,line-d-e07,33.1986919,-116.1517219,180.0,line-d-e09,33.1990107,-116.1513427,180.0,line-d-e10,33.1991701,-116.1511531,180.0,2026-08-20T14:58:12Z,dipole-dipole,2,8,1.271,629.4,208.323,7.463,0.00542,0.00116,0.00898;0.00771;0.00764;0.00624;0.00599;0.00531;0.00433;0.00328;0.00248;0.00202,
line-d-r00292,line-d,line-d-e06,33.1985325,-116.1519115,180.0,line-d-e07,33.1986919,-116.1517219,180.0,line-d-e09,33.1990107,-116.1513427,180.0,line-d-e10,33.1991701,-116.1511531,180.0,2026-08-20T14:58:24Z,dipole-dipole,2,5,1.804,443.4,187.332,5.657,0.00499,0.00106,0.00826;0.00763;0.00651;0.00656;0.00510;0.00495;0.00395;0.00346;0.00219;0.00174,
line-d-r00293,line-d,line-d-e06,33.1985325,-116.1519115,180.0,line-d-e07,33.1986919,-116.1517219,180.0,line-d-e09,33.1990107,-116.1513427,180.0,line-d-e10,33.1991701,-116.1511531,180.0,2026-08-20T14:58:36Z,dipole-dipole,2,5,1.183,676.1,196.309,6.836,0.00598,0.00082,0.00953;0.00872;0.00746;0.00775;0.00643;0.00594;0.00466;0.00355;0.00268;0.00229,
line-d-r00294,line-d,line-d-e06,33.1985325,-116.1519115,180.0,line-d-e07,33.1986919,-116.1517219,180.0,line-d-e09,33.1990107,-116.1513427,180.0,line-d-e10,33.1991701,-116.1511531,180.0,2026-08-20T14:58:48Z,dipole-dipole,2,3,1.567,510.4,197.983,7.447,0.00649,0.00101,0.01074;0.01094;0.00857;0.00829;0.00719;0.00600;0.00567;0.00421;0.00341;0.00232,
line-d-r00295,line-d,line-d-e06,33.1985325,-116.1519115,180.0,line-d-e07,33.1986919,-116.1517219,180.0,line-d-e09,33.1990107,-116.1513427,180.0,line-d-e10,33.1991701,-116.1511531,180.0,2026-08-20T14:59:00Z,dipole-dipole,2,7,1.467,545.2,194.408,6.497,0.00435,0.00130,0.00699;0.00651;0.00620;0.00472;0.00520;0.00404;0.00369;0.00265;0.00222;0.00157,
line-d-r00296,line-d,line-d-e06,33.1985325,-116.1519115,180.0,line-d-e07,33.1986919,-116.1517219,180.0,line-d-e10,33.1991701,-116.1511531,180.0,line-d-e11,33.1993294,-116.1509636,180.0,2026-08-20T14:59:12Z,dipole-dipole,3,3,1.443,554.3,201.112,6.915,0.00382,0.00137,0.00621;0.00583;0.00542;0.00436;0.00450;0.00359;0.00282;0.00239;0.00201;0.00160,
line-d-r00297,line-d,line-d-e06,33.1985325,-116.1519115,180.0,line-d-e07,33.1986919,-116.1517219,180.0,line-d-e10,33.1991701,-116.1511531,180.0,line-d-e11,33.1993294,-116.1509636,180.0,2026-08-20T14:59:24Z,dipole-dipole,3,4,1.775,450.8,192.840,7.611,0.00531,0.00117,0.00848;0.00771;0.00638;0.00683;0.00604;0.00493;0.00407;0.00361;0.00289;0.00187,
line-d-r00298,line-d,line-d-e06,33.1985325,-116.1519115,180.0,line-d-e07,33.1986919,-116.1517219,180.0,line-d-e10,33.1991701,-116.1511531,180.0,line-d-e11,33.1993294,-116.1509636,180.0,2026-08-20T14:59:36Z,dipole-dipole,3,5,1.070,747.9,193.231,6.511,0.00465,0.00111,0.00826;0.00655;0.00596;0.00577;0.00500;0.00460;0.00362;0.00285;0.00215;0.00179,
line-d-r00299,line-d,line-d-e06,33.1985325,-116.1519115,180.0,line-d-e07,33.1986919,-116.1517219,180.0,line-d-e10,33.1991701,-116.1511531,180.0,line-d-e11,33.1993294,-116.1509636,180.0,2026-08-20T14:59:48Z,dipole-dipole,3,8,1.417,564.7,205.902,6.112,0.00603,0.00106,0.00990;0.00948;0.00804;0.00697;0.00636;0.00583;0.00530;0.00389;0.00292;0.00232,
line-d-r00300,line-d,line-d-e06,33.1985325,-116.1519115,180.0,line-d-e07,33.1986919,-116.1517219,180.0,line-d-e10,33.1991701,-116.1511531,180.0,line-d-e11,33.1993294,-116.1509636,180.0,2026-08-20T15:00:00Z,dipole-dipole,3,3,1.557,513.9,206.679,6.162,0.00497,0.00080,0.00775;0.00731;0.00554;0.00676;0.00586;0.00492;0.00403;0.00300;0.00250;0.00198,
line-d-r00301,line-d,line-d-e06,33.1985325,-116.1519115,180.0,line-d-e07,33.1986919,-116.1517219,180.0,line-d-e10,33.1991701,-116.1511531,180.0,line-d-e11,33.1993294,-116.1509636,180.0,2026-08-20T15:00:12Z,dipole-dipole,3,3,1.548,516.6,200.665,8.295,0.00383,0.00126,0.00651;0.00547;0.00490;0.00464;0.00399;0.00366;0.00285;0.00245;0.00173;0.00126,
line-d-r00302,line-d,line-d-e06,33.1985325,-116.1519115,180.0,line-d-e07,33.1986919,-116.1517219,180.0,line-d-e10,33.1991701,-116.1511531,180.0,line-d-e11,33.1993294,-116.1509636,180.0,2026-08-20T15:00:24Z,dipole-dipole,3,5,1.128,708.9,187.215,6.939,0.00328,0.00113,0.00546;0.00500;0.00435;0.00413;0.00345;0.00296;0.00264;0.00191;0.00170;0.00109,
line-d-r00303,line-d,line-d-e06,33.1985325,-116.1519115,180.0,line-d-e07,33.1986919,-116.1517219,180.0,line-d-e11,33.1993294,-116.1509636,180.0,line-d-e12,33.1994888,-116.1507740,180.0,2026-08-20T15:00:36Z,dipole-dipole,4,8,1.247,641.7,200.172,9.193,0.00446,0.00113,0.00655;0.00592;0.00657;0.00561;0.00523;0.00414;0.00340;0.00311;0.00236;0.00154,
line-d-r00304,line-d,line-d-e06,33.1985325,-116.1519115,180.0,line-d-e07,33.1986919,-116.1517219,180.0,line-d-e11,33.1993294,-116.1509636,180.0,line-d-e12,33.1994888,-116.1507740,180.0,2026-08-20T15:00:48Z,dipole-dipole,4,7,1.564,511.6,200.037,7.259,0.00414,0.00094,0.00641;0.00555;0.00542;0.00477;0.00453;0.00397;0.00383;0.00241;0.00205;0.00156,
line-d-r00305,line-d,line-d-e06,33.1985325,-116.1519115,180.0,line-d-e07,33.1986919,-116.1517219,180.0,line-d-e11,33.1993294,-116.1509636,180.0,line-d-e12,33.1994888,-116.1507740,180.0,2026-08-20T15:01:00Z,dipole-dipole,4,4,1.353,591.4,197.674,9.791,0.00583,0.00099,0.00965;0.00905;0.00700;0.00766;0.00622;0.00530;0.00521;0.00383;0.00284;0.00219,
line-d-r00306,line-d,line-d-e06,33.1985325,-116.1519115,180.0,line-d-e07,33.1986919,-116.1517219,180.0,line-d-e11,33.1993294,-116.1509636,180.0,line-d-e12,33.1994888,-116.1507740,180.0,2026-08-20T15:01:12Z,dipole-dipole,4,5,1.192,671.0,194.394,6.981,0.00363,0.00119,0.00577;0.00487;0.00495;0.00431;0.00398;0.00342;0.00275;0.00234;0.00173;0.00130,
line-d-r00307,line-d,line-d-e06,33.1985325,-116.1519115,180.0,line-d-e07,33.1986919,-116.1517219,180.0,line-d-e11,33.1993294,-116.1509636,180.0,line-d-e12,33.1994888,-116.1507740,180.0,2026-08-20T15:01:24Z,dipole-dipole,4,3,1.343,595.5,192.891,6.904,0.00361,0.00105,0.00558;0.00541;0.00489;0.00425;0.00394;0.00309;0.00301;0.00245;0.00177;0.00129,
line-d-r00308,line-d,line-d-e06,33.1985325,-116.1519115,180.0,line-d-e07,33.1986919,-116.1517219,180.0,line-d-e11,33.1993294,-116.1509636,180.0,line-d-e12,33.1994888,-116.1507740,180.0,2026-08-20T15:01:36Z,dipole-dipole,4,3,1.829,437.5,199.896,6.985,0.00513,0.00116,0.00876;0.00745;0.00649;0.00682;0.00548;0.00516;0.00411;0.00304;0.00260;0.00177,
line-d-r00309,line-d,line-d-e06,33.1985325,-116.1519115,180.0,line-d-e07,33.1986919,-116.1517219,180.0,line-d-e12,33.1994888,-116.1507740,180.0,line-d-e13,33.1996482,-116.1505844,180.0,2026-08-20T15:01:48Z,dipole-dipole,5,4,1.317,607.6,202.997,7.323,0.00448,0.00094,0.00685;0.00674;0.00659;0.00541;0.00494;0.00388;0.00361;0.00273;0.00220;0.00133,
line-d-r00310,line-d,line-d-e06,33.1985325,-116.1519115,180.0,line-d-e07,33.1986919,-116.1517219,180.0,line-d-e12,33.1994888,-116.1507740,180.0,line-d-e13,33.1996482,-116.1505844,180.0,2026-08-20T15:02:00Z,dipole-dipole,5,6,1.627,491.7,203.885,7.128,0.00620,0.00107,0.01017;0.00883;0.00844;0.00742;0.00728;0.00553;0.00489;0.00424;0.00306;0.00234,
line-d-r00311,line-d,line-d-e06,33.1985325,-116.1519115,180.0,line-d-e07,33.1986919,-116.1517219,180.0,line-d-e12,33.1994888,-116.1507740,180.0,line-d-e13,33.1996482,-116.1505844,180.0,2026-08-20T15:02:12Z,dipole-dipole,5,6,1.246,641.9,193.791,8.160,0.00405,0.00105,0.00559;0.00618;0.00551;0.00503;0.00398;0.00369;0.00346;0.00260;0.00198;0.00145,
line-d-r00312,line-d,line-d-e06,33.1985325,-116.1519115,180.0,line-d-e07,33.1986919,-116.1517219,180.0,line-d-e12,33.1994888,-116.1507740,180.0,line-d-e13,33.1996482,-116.1505844,180.0,2026-08-20T15:02:24Z,dipole-dipole,5,5,2.000,390.8,195.775,6.354,0.00328,0.00075,0.00504;0.00492;0.00466;0.00394;0.00375;0.00287;0.00253;0.00206;0.00160;0.00110,
line-d-r00313,line-d,line-d-e06,33.1985325,-116.1519115,180.0,line-d-e07,33.1986919,-116.1517219,180.0,line-d-e12,33.1994888,-116.1507740,180.0,line-d-e13,33.1996482,-116.1505844,180.0,2026-08-20T15:02:36Z,dipole-dipole,5,5,1.724,464.1,199.519,8.786,0.00541,0.00116,0.00951;0.00767;0.00727;0.00682;0.00563;0.00516;0.00474;0.00362;0.00271;0.00189,
line-d-r00314,line-d,line-d-e06,33.1985325,-116.1519115,180.0,line-d-e07,33.1986919,-116.1517219,180.0,line-d-e12,33.1994888,-116.1507740,180.0,line-d-e13,33.1996482,-116.1505844,180.0,2026-08-20T15:02:48Z,dipole-dipole,5,4,1.245,642.8,192.040,7.736,0.00548,0.00103,0.00844;0.00783;0.00662;0.00691;0.00580;0.00484;0.00411;0.00341;0.00255;0.00185,
line-d-r00315,line-d,line-d-e06,33.1985325,-116.1519115,180.0,line-d-e07,33.1986919,-116.1517219,180.0,line-d-e12,33.1994888,-116.1507740,180.0,line-d-e13,33.1996482,-116.1505844,180.0,2026-08-20T15:03:00Z,dipole-dipole,5,5,1.576,507.7,205.476,8.450,0.00433,0.00096,0.00652;0.00741;0.00606;0.00570;0.00439;0.00384;0.00376;0.00287;0.00219;0.00168,
line-d-r00316,line-d,line-d-e06,33.1985325,-116.1519115,180.0,line-d-e07,33.1986919,-116.1517219,180.0,line-d-e12,33.1994888,-116.1507740,180.0,line-d-e13,33.1996482,-116.1505844,180.0,2026-08-20T15:03:12Z,dipole-dipole,5,4,1.619,494.0,203.177,6.173,0.00541,0.00105,0.00872;0.00782;0.00798;0.00659;0.00588;0.00544;0.00463;0.00377;0.00255;0.00188,
line-d-r00317,line-d,line-d-e06,33.1985325,-116.1519115,180.0,line-d-e07,33.1986919,-116.1517219,180.0,line-d-e13,33.1996482,-116.1505844,180.0,line-d-e14,33.1998076,-116.1503948,180.0,2026-08-20T15:03:24Z,dipole-dipole,6,7,1.623,493.0,190.889,6.319,0.00495,0.00110,0.00822;0.00733;0.00606;0.00587;0.00502;0.00492;0.00388;0.00341;0.00232;0.00186,
line-d-r00318,line-d,line-d-e06,33.1985325,-116.1519115,180.0,line-d-e07,33.1986919,-116.1517219,180.0,line-d-e13,33.1996482,-116.1505844,180.0,line-d-e14,33.1998076,-116.1503948,180.0,2026-08-20T15:03:36Z,dipole-dipole,6,4,1.630,490.8,191.862,8.596,0.00416,0.00100,0.00666;0.00597;0.00635;0.00540;0.00478;0.00403;0.00336;0.00279;0.00173;0.00152,
line-d-r00319,line-d,line-d-e06,33.1985325,-116.1519115,180.0,line-d-e07,33.1986919,-116.1517219,180.0,line-d-e13,33.1996482,-116.1505844,180.0,line-d-e14,33.1998076,-116.1503948,180.0,2026-08-20T15:03:48Z,dipole-dipole,6,3,1.348,593.5,205.040,6.787,0.00366,0.00107,0.00592;0.00596;0.00480;0.00426;0.00362;0.00392;0.00305;0.00237;0.00180;0.00109,
line-d-r00320,line-d,line-d-e06,33.1985325,-116.1519115,180.0,line-d-e07,33.1986919,-116.1517219,180.0,line-d-e13,33.1996482,-116.1505844,180.0,line-d-e14,33.1998076,-116.1503948,180.0,2026-08-20T15:04:00Z,dipole-dipole,6,3,1.688,474.0,197.315,7.436,0.00554,0.00104,0.00860;0.00836;0.00789;0.00717;0.00665;0.00557;0.00478;0.00344;0.00278;0.00203,
line-d-r00321,line-d,line-d-e06,33.1985325,-116.1519115,180.0,line-d-e07,33.1986919,-116.1517219,180.0,line-d-e13,33.1996482,-116.1505844,180.0,line-d-e14,33.1998076,-116.1503948,180.0,2026-08-20T15:04:12Z,dipole-dipole,6,6,1.563,512.0,187.610,5.299,0.00455,0.00095,0.00674;0.00639;0.00616;0.00557;0.00434;0.00407;0.00320;0.00286;0.00202;0.00144,
line-d-r00322,line-d,line-d-e06,33.1985325,-116.1519115,180.0,line-d-e07,33.1986919,-116.1517219,180.0,line-d-e13,33.1996482,-116.1505844,180.0,line-d-e14,33.1998076,-116.1503948,180.0,2026-08-20T15:04:24Z,dipole-dipole,6,7,1.314,609.0,211.373,8.146,0.00360,0.00092,0.00513;0.00556;0.00514;0.00454;0.00373;0.00360;0.00271;0.00215;0.00180;0.00131,
line-d-r00323,line-d,line-d-e06,33.1985325,-116.1519115,180.0,line-d-e07,33.1986919,-116.1517219,180.0,line-d-e13,33.1996482,-116.1505844,180.0,line-d-e14,33.1998076,-116.1503948,180.0,2026-08-20T15:04:36Z,dipole-dipole,6,8,1.430,559.5,213.510,6.875,0.00529,0.00110,0.00768;0.00705;0.00703;0.00648;0.00635;0.00520;0.00393;0.00330;0.00253;0.00176,
line-d-r00324,line-d,line-d-e06,33.1985325,-116.1519115,180.0,line-d-e07,33.1986919,-116.1517219,180.0,line-d-e13,33.1996482,-116.1505844,180.0,line-d-e14,33.1998076,-116.1503948,180.0,2026-08-20T15:04:48Z,dipole-dipole,6,4,1.329,602.1,200.480,8.601,0.00568,0.00113,0.00834;0.00932;0.00771;0.00757;0.00669;0.00535;0.00466;0.00333;0.00293;0.00194,
line-d-r00325,line-d,line-d-e06,33.1985325,-116.1519115,180.0,line-d-e07,33.1986919,-116.1517219,180.0,line-d-e14,33.1998076,-116.1503948,180.0,line-d-e15,33.1999670,-116.1502052,180.0,2026-08-20T15:05:00Z,dipole-dipole,7,3,1.358,589.0,197.853,7.171,0.00374,0.00090,0.00581;0.00528;0.00524;0.00491;0.00431;0.00344;0.00322;0.00236;0.00191;0.00132,
line-d-r00326,line-d,line-d-e06,33.1985325,-116.1519115,180.0,line-d-e07,33.1986919,-116.1517219,180.0,line-d-e14,33.1998076,-116.1503948,180.0,line-d-e15,33.1999670,-116.1502052,180.0,2026-08-20T15:05:12Z,dipole-dipole,7,3,1.692,472.7,194.889,7.838,0.00476,0.00098,0.00704;0.00674;0.00616;0.00577;0.00520;0.00518;0.00372;0.00279;0.00228;0.00176,
line-d-r00327,line-d,line-d-e06,33.1985325,-116.1519115,180.0,line-d-e07,33.1986919,-116.1517219,180.0,line-d-e14,33.1998076,-116.1503948,180.0,line-d-e15,33.1999670,-116.1502052,180.0,2026-08-20T15:05:24Z,dipole-dipole,7,7,1.496,534.6,194.989,9.033,0.00507,0.00084,0.00757;0.00772;0.00667;0.00653;0.00588;0.00530;0.00355;0.00348;0.00252;0.00174,
line-d-r00328,line-d,line-d-e06,33.1985325,-116.1519115,180.0,line-d-e07,33.1986919,-116.1517219,180.0,line-d-e14,33.1998076,-116.1503948,180.0,line-d-e15,33.1999670,-116.1502052,180.0,2026-08-20T15:05:36Z,dipole-dipole,7,6,1.207,663.1,202.952,8.067,0.00453,0.00096,0.00772;0.00706;0.00678;0.00562;0.00524;0.00407;0.00353;0.00296;0.00216;0.00159,
line-d-r00329,line-d,line-d-e06,33.1985325,-116.1519115,180.0,line-d-e07,33.1986919,-116.1517219,180.0,line-d-e14,33.1998076,-116.1503948,180.0,line-d-e15,33.1999670,-116.1502052,180.0,2026-08-20T15:05:48Z,dipole-dipole,7,6,1.495,534.9,202.362,6.752,0.00445,0.00122,0.00708;0.00735;0.00572;0.00523;0.00492;0.00399;0.00363;0.00292;0.00219;0.00172,
line-d-r00330,line-d,line-d-e06,33.1985325,-116.1519115,180.0,line-d-e07,33.1986919,-116.1517219,180.0,line-d-e14,33.1998076,-116.1503948,180.0,line-d-e15,33.1999670,-116.1502052,180.0,2026-08-20T15:06:00Z,dipole-dipole,7,8,1.572,509.0,212.808,7.712,0.00658,0.00125,0.01082;0.00926;0.00888;0.00797;0.00742;0.00663;0.00487;0.00427;0.00302;0.00214,
line-d-r00331,line-d,line-d-e06,33.1985325,-116.1519115,180.0,line-d-e07,33.1986919,-116.1517219,180.0,line-d-e14,33.1998076,-116.1503948,180.0,line-d-e15,33.1999670,-116.1502052,180.0,2026-08-20T15:06:12Z,dipole-dipole,7,3,1.147,697.4,205.201,8.075,0.00487,0.00083,0.00793;0.00753;0.00716;0.00633;0.00584;0.00471;0.00415;0.00309;0.00244;0.00185,
line-d-r00332,line-d,line-d-e06,33.1985325,-116.1519115,180.0,line-d-e07,33.1986919,-116.1517219,180.0,line-d-e15,33.1999670,-116.1502052,180.0,line-d-e16,33.2001264,-116.1500156,180.0,2026-08-20T15:06:24Z,dipole-dipole,8,5,1.668,479.7,193.087,7.718,0.00532,0.00541,0.00933;0.00749;0.00705;0.00617;0.00585;0.00520;0.00435;0.00322;0.00272;0.00181,
line-d-r00333,line-d,line-d-e06,33.1985325,-116.1519115,180.0,line-d-e07,33.1986919,-116.1517219,180.0,line-d-e15,33.1999670,-116.1502052,180.0,line-d-e16,33.2001264,-116.1500156,180.0,2026-08-20T15:06:36Z,dipole-dipole,8,5,1.399,571.8,194.016,9.226,0.00506,0.00092,0.00786;0.00717;0.00665;0.00578;0.00563;0.00458;0.00412;0.00348;0.00256;0.00197,
line-d-r00334,line-d,line-d-e06,33.1985325,-116.1519115,180.0,line-d-e07,33.1986919,-116.1517219,180.0,line-d-e15,33.1999670,-116.1502052,180.0,line-d-e16,33.2001264,-116.1500156,180.0,2026-08-20T15:06:48Z,dipole-dipole,8,3,1.327,603.0,189.631,8.481,0.00448,0.00125,0.00686;0.00703;0.00644;0.00556;0.00561;0.00391;0.00317;0.00301;0.00234;0.00158,
line-d-r00335,line-d,line-d-e06,33.1985325,-116.1519115,180.0,line-d-e07,33.1986919,-116.1517219,180.0,line-d-e15,33.1999670,-116.1502052,180.0,line-d-e16,33.2001264,-116.1500156,180.0,2026-08-20T15:07:00Z,dipole-dipole,8,6,2.000,393.9,195.497,7.601,0.00613,0.00084,0.00961;0.00942;0.00856;0.00776;0.00686;0.00658;0.00477;0.00415;0.00299;0.00239,
line-d-r00336,line-d,line-d-e06,33.1985325,-116.1519115,180.0,line-d-e07,33.1986919,-116.1517219,180.0,line-d-e15,33.1999670,-116.1502052,180.0,line-d-e16,33.2001264,-116.1500156,180.0,2026-08-20T15:07:12Z,dipole-dipole,8,4,1.242,643.9,213.210,7.884,0.00448,0.00087,0.00637;0.00661;0.00640;0.00590;0.00541;0.00432;0.00416;0.00274;0.00221;0.00160,
line-d-r00337,line-d,line-d-e06,33.1985325,-116.1519115,180.0,line-d-e07,33.1986919,-116.1517219,180.0,line-d-e15,33.1999670,-116.1502052,180.0,line-d-e16,33.2001264,-116.1500156,180.0,2026-08-20T15:07:24Z,dipole-dipole,8,7,1.229,651.1,202.004,9.420,0.00394,0.00097,0.00713;0.00582;0.00597;0.00525;0.00436;0.00365;0.00336;0.00226;0.00217;0.00144,
line-d-r00338,line-d,line-d-e07,33.1986919,-116.1517219,180.0,line-d-e08,33.1988513,-116.1515323,180.0,line-d-e09,33.1990107,-116.1513427,180.0,line-d-e10,33.1991701,-116.1511531,180.0,2026-08-20T15:07:36Z,dipole-dipole,1,7,1.351,592.2,214.948,8.632,0.00594,0.00116,0.00983;0.00899;0.00831;0.00796;0.00693;0.00607;0.00471;0.00388;0.00294;0.00213,
line-d-r00339,line-d,line-d-e07,33.1986919,-116.1517219,180.0,line-d-e08,33.1988513,-116.1515323,180.0,line-d-e09,33.1990107,-116.1513427,180.0,line-d-e10,33.1991701,-116.1511531,180.0,2026-08-20T15:07:48Z,dipole-dipole,1,6,1.696,471.8,208.468,5.458,0.00244,0.00108,0.00367;0.00382;0.00352;0.00305;0.00278;0.00256;0.00216;0.00157;0.00114;0.00088,
line-d-r00340,line-d,line-d-e07,33.1986919,-116.1517219,180.0,line-d-e08,33.1988513,-116.1515323,180.0,line-d-e09,33.1990107,-116.1513427,180.0,line-d-e10,33.1991701,-116.1511531,180.0,2026-08-20T15:08:00Z,dipole-dipole,1,6,1.905,420.0,201.041,5.773,0.00526,0.00096,0.00814;0.00742;0.00747;0.00696;0.00586;0.00484;0.00439;0.00325;0.00256;0.00185,
line-d-r00341,line-d,line-d-e07,33.1986919,-116.1517219,180.0,line-d-e08,33.1988513,-116.1515323,180.0,line-d-e09,33.1990107,-116.1513427,180.0,line-d-e10,33.1991701,-116.1511531,180.0,2026-08-20T15:08:12Z,dipole-dipole,1,3,2.000,355.0,211.043,8.361,0.00570,0.00098,0.00906;0.00850;0.00764;0.00728;0.00633;0.00549;0.00515;0.00336;0.00276;0.00188,
line-d-r00342,line-d,line-d-e07,33.1986919,-116.1517219,180.0,line-d-e08,33.1988513,-116.1515323,180.0,line-d-e09,33.1990107,-116.1513427,180.0,line-d-e10,33.1991701,-116.1511531,180.0,2026-08-20T15:08:24Z,dipole-dipole,1,6,1.818,440.1,202.898,8.951,0.00541,0.00105,0.00877;0.00721;0.00718;0.00651;0.00537;0.00544;0.00431;0.00324;0.00242;0.00191,
line-d-r00343,line-d,line-d-e07,33.1986919,-116.1517219,180.0,line-d-e08,33.1988513,-116.1515323,180.0,line-d-e09,33.1990107,-116.1513427,180.0,line-d-e10,33.1991701,-116.1511531,180.0,2026-08-20T15:08:36Z,dipole-dipole,1,7,1.850,432.3,207.509,8.934,0.00573,0.00101,0.00925;0.00799;0.00730;0.00738;0.00677;0.00558;0.00448;0.00393;0.00289;0.00185,
line-d-r00344,line-d,line-d-e07,33.1986919,-116.1517219,180.0,line-d-e08,33.1988513,-116.1515323,180.0,line-d-e09,33.1990107,-116.1513427,180.0,line-d-e10,33.1991701,-116.1511531,180.0,2026-08-20T15:08:48Z,dipole-dipole,1,5,1.855,431.4,208.954,8.339,0.00569,0.00127,0.00935;0.00824;0.00773;0.00798;0.00611;0.00542;0.00449;0.00372;0.00292;0.00201,
line-d-r00345,line-d,line-d-e07,33.1986919,-116.1517219,180.0,line-d-e08,33.1988513,-116.1515323,180.0,line-d-e10,33.1991701,-116.1511531,180.0,line-d-e11,33.1993294,-116.1509636,180.0,2026-08-20T15:09:00Z,dipole-dipole,2,5,1.726,463.4,198.129,5.987,0.00426,0.00134,0.00698;0.00622;0.00648;0.00486;0.00503;0.00408;0.00362;0.00271;0.00218;0.00146,
line-d-r00346,line-d,line-d-e07,33.1986919,-116.1517219,180.0,line-d-e08,33.1988513,-116.1515323,180.0,line-d-e10,33.1991701,-116.1511531,180.0,line-d-e11,33.1993294,-116.1509636,180.0,2026-08-20T15:09:12Z,dipole-dipole,2,3,1.763,453.8,200.088,6.308,0.00536,0.00811,0.00908;0.00767;0.00668;0.00675;0.00603;0.00524;0.00410;0.00352;0.00286;0.00195,
line-d-r00347,line-d,line-d-e07,33.1986919,-116.1517219,180.0,line-d-e08,33.1988513,-116.1515323,180.0,line-d-e10,33.1991701,-116.1511531,180.0,line-d-e11,33.1993294,-116.1509636,180.0,2026-08-20T15:09:24Z,dipole-dipole,2,6,1.959,408.3,200.820,7.951,0.00529,0.00114,0.00813;0.00779;0.00747;0.00666;0.00594;0.00524;0.00419;0.00344;0.00294;0.00176,
line-d-r00348,line-d,line-d-e07,33.1986919,-116.1517219,180.0,line-d-e08,33.1988513,-116.1515323,180.0,line-d-e10,33.1991701,-116.1511531,180.0,line-d-e11,33.1993294,-116.1509636,180.0,2026-08-20T15:09:36Z,dipole-dipole,2,8,1.769,452.3,205.674,7.637,0.00547,0.00093,0.00929;0.00890;0.00698;0.00713;0.00569;0.00554;0.00443;0.00367;0.00266;0.00204,
line-d-r00349,line-d,line-d-e07,33.1986919,-116.1517219,180.0,line-d-e08,33.1988513,-116.1515323,180.0,line-d-e10,33.1991701,-116.1511531,180.0,line-d-e11,33.1993294,-116.1509636,180.0,2026-08-20T15:09:48Z,dipole-dipole,2,8,2.000,373.3,195.461,9.143,0.00469,0.00095,0.00708;0.00665;0.00666;0.00553;0.00520;0.00400;0.00337;0.00302;0.00232;0.00163,
line-d-r00350,line-d,line-d-e07,33.1986919,-116.1517219,180.0,line-d-e08,33.1988513,-116.1515323,180.0,line-d-e10,33.1991701,-116.1511531,180.0,line-d-e11,33.1993294,-116.1509636,180.0,2026-08-20T15:10:00Z,dipole-dipole,2,3,2.000,354.6,198.637,8.188,0.00538,0.00130,0.00780;0.00791;0.00737;0.00677;0.00604;0.00539;0.00399;0.00326;0.00256;0.00201,
line-d-r00351,line-d,line-d-e07,33.1986919,-116.1517219,180.0,line-d-e08,33.1988513,-116.1515323,180.0,line-d-e11,33.1993294,-116.1509636,180.0,line-d-e12,33.1994888,-116.1507740,180.0,2026-08-20T15:10:12Z,dipole-dipole,3,5,1.884,424.6,195.571,8.986,0.00628,0.00111,0.01023;0.00902;0.00833;0.00792;0.00688;0.00616;0.00536;0.00414;0.00312;0.00222,
line-d-r00352,line-d,line-d-e07,33.1986919,-116.1517219,180.0,line-d-e08,33.1988513,-116.1515323,180.0,line-d-e11,33.1993294,-116.1509636,180.0,line-d-e12,33.1994888,-116.1507740,180.0,2026-08-20T15:10:24Z,dipole-dipole,3,7,1.906,419.7,196.260,7.122,0.00508,0.00094,0.00789;0.00713;0.00728;0.00578;0.00592;0.00469;0.00424;0.00334;0.00230;0.00182,
line-d-r00353,line-d,line-d-e07,33.1986919,-116.1517219,180.0,line-d-e08,33.1988513,-116.1515323,180.0,line-d-e11,33.1993294,-116.1509636,180.0,line-d-e12,33.1994888,-116.1507740,180.0,2026-08-20T15:10:36Z,dipole-dipole,3,5,2.000,399.3,201.720,7.340,0.00464,0.00095,0.00700;0.00665;0.00595;0.00571;0.00478;0.00471;0.00335;0.00296;0.00212;0.00168,
line-d-r00354,line-d,line-d-e07,33.1986919,-116.1517219,180.0,line-d-e08,33.1988513,-116.1515323,180.0,line-d-e11,33.1993294,-116.1509636,180.0,line-d-e12,33.1994888,-116.1507740,180.0,2026-08-20T15:10:48Z,dipole-dipole,3,4,1.760,454.5,206.241,7.277,0.00503,0.00103,0.00857;0.00775;0.00638;0.00667;0.00572;0.00471;0.00367;0.00320;0.00238;0.00170,
line-d-r00355,line-d,line-d-e07,33.1986919,-116.1517219,180.0,line-d-e08,33.1988513,-116.1515323,180.0,line-d-e11,33.1993294,-116.1509636,180.0,line-d-e12,33.1994888,-116.1507740,180.0,2026-08-20T15:11:00Z,dipole-dipole,3,8,1.885,424.3,189.590,7.302,0.00698,0.00117,0.01006;0.01108;0.00980;0.00883;0.00726;0.00643;0.00535;0.00496;0.00341;0.00245,
line-d-r00356,line-d,line-d-e07,33.1986919,-116.1517219,180.0,line-d-e08,33.1988513,-116.1515323,180.0,line-d-e11,33.1993294,-116.1509636,180.0,line-d-e12,33.1994888,-116.1507740,180.0,2026-08-20T15:11:12Z,dipole-dipole,3,7,1.712,467.4,203.881,7.343,0.00717,0.00131,0.01227;0.01197;0.00946;0.00947;0.00844;0.00709;0.00652;0.00433;0.00310;0.00238,
line-d-r00357,line-d,line-d-e07,33.1986919,-116.1517219,180.0,line-d-e08,33.1988513,-116.1515323,180.0,line-d-e11,33.1993294,-116.1509636,180.0,line-d-e12,33.1994888,-116.1507740,180.0,2026-08-20T15:11:24Z,dipole-dipole,3,7,1.959,408.4,205.250,6.378,0.00528,0.00086,0.00866;0.00850;0.00689;0.00638;0.00537;0.00464;0.00420;0.00346;0.00297;0.00181,
line-d-r00358,line-d,line-d-e07,33.1986919,-116.1517219,180.0,line-d-e08,33.1988513,-116.1515323,180.0,line-d-e12,33.1994888,-116.1507740,180.0,line-d-e13,33.1996482,-116.1505844,180.0,2026-08-20T15:11:36Z,dipole-dipole,4,6,1.879,425.7,201.964,10.184,0.00674,0.00116,0.01049;0.00952;0.01036;0.00929;0.00649;0.00619;0.00538;0.00460;0.00319;0.00246,
line-d-r00359,line-d,line-d-e07,33.1986919,-116.1517219,180.0,line-d-e08,33.1988513,-116.1515323,180.0,line-d-e12,33.1994888,-116.1507740,180.0,line-d-e13,33.1996482,-116.1505844,180.0,2026-08-20T15:11:48Z,dipole-dipole,4,3,1.916,417.6,195.361,7.562,0.00337,0.00083,0.00530;0.00505;0.00490;0.00446;0.00362;0.00330;0.00260;0.00229;0.00162;0.00125,
line-d-r00360,line-d,line-d-e07,33.1986919,-116.1517219,180.0,line-d-e08,33.1988513,-116.1515323,180.0,line-d-e12,33.1994888,-116.1507740,180.0,line-d-e13,33.1996482,-116.1505844,180.0,2026-08-20T15:12:00Z,dipole-dipole,4,8,2.000,386.7,201.156,6.227,0.00423,0.00121,0.00693;0.00666;0.00559;0.00567;0.00513;0.00351;0.00345;0.00273;0.00212;0.00146,
line-d-r00361,line-d,line-d-e07,33.1986919,-116.1517219,180.0,line-d-e08,33.1988513,-116.1515323,180.0,line-d-e12,33.1994888,-116.1507740,180.0,line-d-e13,33.1996482,-116.1505844,180.0,2026-08-20T15:12:12Z,dipole-dipole,4,8,2.000,329.9,201.500,8.723,0.00531,0.00115,0.00802;0.00794;0.00687;0.00684;0.00552;0.00465;0.00406;0.00347;0.00323;0.00164,
line-d-r00362,line-d,line-d-e07,33.1986919,-116.1517219,180.0,line-d-e08,33.1988513,-116.1515323,180.0,line-d-e12,33.1994888,-116.1507740,180.0,line-d-e13,33.1996482,-116.1505844,180.0,2026-08-20T15:12:24Z,dipole-dipole,4,8,1.421,562.9,197.761,8.011,0.00495,0.00106,0.00794;0.00763;0.00693;0.00598;0.00515;0.00440;0.00427;0.00298;0.00241;0.00170,
line-d-r00363,line-d,line-d-e07,33.1986919,-116.1517219,180.0,line-d-e08,33.1988513,-116.1515323,180.0,line-d-e12,33.1994888,-116.1507740,180.0,line-d-e13,33.1996482,-116.1505844,180.0,2026-08-20T15:12:36Z,dipole-dipole,4,7,1.816,440.6,211.836,5.795,0.00467,0.00089,0.00813;0.00688;0.00638;0.00577;0.00521;0.00414;0.00369;0.00290;0.00236;0.00168,
line-d-r00364,line-d,line-d-e07,33.1986919,-116.1517219,180.0,line-d-e08,33.1988513,-116.1515323,180.0,line-d-e12,33.1994888,-116.1507740,180.0,line-d-e13,33.1996482,-116.1505844,180.0,2026-08-20T15:12:48Z,dipole-dipole,4,3,2.000,393.4,203.627,5.587,0.00483,0.00089,0.00875;0.00727;0.00741;0.00668;0.00542;0.00456;0.00395;0.00294;0.00238;0.00166,
line-d-r00365,line-d,line-d-e07,33.1986919,-116.1517219,180.0,line-d-e08,33.1988513,-116.1515323,180.0,line-d-e12,33.1994888,-116.1507740,180.0,line-d-e13,33.1996482,-116.1505844,180.0,2026-08-20T15:13:00Z,dipole-dipole,4,5,1.644,486.5,194.156,6.995,0.00705,0.00110,0.01154;0.00977;0.00923;0.00838;0.00810;0.00662;0.00543;0.00478;0.00318;0.00235,
line-d-r00366,line-d,line-d-e07,33.1986919,-116.1517219,180.0,line-d-e08,33.1988513,-116.1515323,180.0,line-d-e13,33.1996482,-116.1505844,180.0,line-d-e14,33.1998076,-116.1503948,180.0,2026-08-20T15:13:12Z,dipole-dipole,5,5,1.921,416.5,189.908,8.482,0.00593,0.00121,0.00933;0.00920;0.00752;0.00773;0.00652;0.00609;0.00461;0.00347;0.00279;0.00224,
line-d-r00367,line-d,line-d-e07,33.1986919,-116.1517219,180.0,line-d-e08,33.1988513,-116.1515323,180.0,line-d-e13,33.1996482,-116.1505844,180.0,line-d-e14,33.1998076,-116.1503948,180.0,2026-08-20T15:13:24Z,dipole-dipole,5,4,1.678,476.6,187.021,9.581,0.00474,0.00143,0.00776;0.00726;0.00623;0.00518;0.00518;0.00439;0.00377;0.00330;0.00241;0.00176,
line-d-r00368,line-d,line-d-e07,33.1986919,-116.1517219,180.0,line-d-e08,33.1988513,-116.1515323,180.0,line-d-e13,33.1996482,-116.1505844,180.0,line-d-e14,33.1998076,-116.1503948,180.0,2026-08-20T15:13:36Z,dipole-dipole,5,3,2.000,379.3,205.728,8.794,0.00638,0.00098,0.00967;0.00868;0.00961;0.00806;0.00618;0.00595;0.00488;0.00416;0.00294;0.00201,
line-d-r00369,line-d,line-d-e07,33.1986919,-116.1517219,180.0,line-d-e08,33.1988513,-116.1515323,180.0,line-d-e13,33.1996482,-116.1505844,180.0,line-d-e14,33.1998076,-116.1503948,180.0,2026-08-20T15:13:48Z,dipole-dipole,5,6,1.516,527.8,195.252,6.845,0.00563,0.00115,0.00891;0.00879;0.00749;0.00667;0.00629;0.00560;0.00445;0.00390;0.00292;0.00175,
line-d-r00370,line-d,line-d-e07,33.1986919,-116.1517219,180.0,line-d-e08,33.1988513,-116.1515323,180.0,line-d-e13,33.1996482,-116.1505844,180.0,line-d-e14,33.1998076,-116.1503948,180.0,2026-08-20T15:14:00Z,dipole-dipole,5,5,1.486,538.2,195.424,5.948,0.00428,0.00129,0.00733;0.00561;0.00574;0.00492;0.00492;0.00436;0.00333;0.00266;0.00228;0.00143,
line-d-r00371,line-d,line-d-e07,33.1986919,-116.1517219,180.0,line-d-e08,33.1988513,-116.1515323,180.0,line-d-e13,33.1996482,-116.1505844,180.0,line-d-e14,33.1998076,-116.1503948,180.0,2026-08-20T15:14:12Z,dipole-dipole,5,6,2.000,384.9,207.373,10.177,0.00501,0.00111,0.00776;0.00709;0.00666;0.00581;0.00525;0.00521;0.00377;0.00316;0.00256;0.00185,
line-d-r00372,line-d,line-d-e07,33.1986919,-116.1517219,180.0,line-d-e08,33.1988513,-116.1515323,180.0,line-d-e14,33.1998076,-116.1503948,180.0,line-d-e15,33.1999670,-116.1502052,180.0,2026-08-20T15:14:24Z,dipole-dipole,6,7,1.837,435.5,208.123,5.806,0.00475,0.00132,0.00792;0.00712;0.00704;0.00611;0.00527;0.00481;0.00366;0.00310;0.00247;0.00181,
line-d-r00373,line-d,line-d-e07,33.1986919,-116.1517219,180.0,line-d-e08,33.1988513,-116.1515323,180.0,line-d-e14,33.1998076,-116.1503948,180.0,line-d-e15,33.1999670,-116.1502052,180.0,2026-08-20T15:14:36Z,dipole-dipole,6,4,1.677,477.0,186.113,5.484,0.00551,0.00129,0.00940;0.00842;0.00760;0.00706;0.00597;0.00543;0.00452;0.00372;0.00273;0.00186,
line-d-r00374,line-d,line-d-e07,33.1986919,-116.1517219,180.0,line-d-e08,33.1988513,-116.1515323,180.0,line-d-e14,33.1998076,-116.1503948,180.0,line-d-e15,33.1999670,-116.1502052,180.0,2026-08-20T15:14:48Z,dipole-dipole,6,3,1.984,403.2,205.184,6.948,0.00251,0.00088,0.00396;0.00388;0.00362;0.00298;0.00278;0.00229;0.00181;0.00151;0.00125;0.00086,
line-d-r00375,line-d,line-d-e07,33.1986919,-116.1517219,180.0,line-d-e08,33.1988513,-116.1515323,180.0,line-d-e14,33.1998076,-116.1503948,180.0,line-d-e15,33.1999670,-116.1502052,180.0,2026-08-20T15:15:00Z,dipole-dipole,6,7,1.845,433.5,194.632,7.698,0.00493,0.00113,0.00793;0.00694;0.00653;0.00647;0.00543;0.00428;0.00364;0.00326;0.00250;0.00168,
line-d-r00376,line-d,line-d-e07,33.1986919,-116.1517219,180.0,line-d-e08,33.1988513,-116.1515323,180.0,line-d-e14,33.1998076,-116.1503948,180.0,line-d-e15,33.1999670,-116.1502052,180.0,2026-08-20T15:15:12Z,dipole-dipole,6,4,2.000,388.9,203.018,5.751,0.00505,0.00123,0.00880;0.00713;0.00703;0.00681;0.00533;0.00493;0.00392;0.00322;0.00242;0.00197,
line-d-r00377,line-d,line-d-e07,33.1986919,-116.1517219,180.0,line-d-e08,33.1988513,-116.1515323,180.0,line-d-e14,33.1998076,-116.1503948,180.0,line-d-e15,33.1999670,-116.1502052,180.0,2026-08-20T15:15:24Z,dipole-dipole,6,3,1.800,444.4,205.434,6.301,0.00459,0.00098,0.00680;0.00606;0.00590;0.00539;0.00465;0.00457;0.00352;0.00309;0.00229;0.00165,
line-d-r00378,line-d,line-d-e07,33.1986919,-116.1517219,180.0,line-d-e08,33.1988513,-116.1515323,180.0,line-d-e14,33.1998076,-116.1503948,180.0,line-d-e15,33.1999670,-116.1502052,180.0,2026-08-20T15:15:36Z,dipole-dipole,6,6,1.777,450.2,188.116,7.741,0.00529,0.00088,0.00849;0.00833;0.00795;0.00685;0.00584;0.00535;0.00377;0.00372;0.00254;0.00200,
line-d-r01792,line-d,line-d-e07,33.1986919,-116.1517219,180.0,line-d-e08,33.1988513,-116.1515323,180.0,line-d-e15,33.1999670,-116.1502052,180.0,line-d-e16,33.2001264,-116.1500156,180.0,2026-08-20T15:15:48Z,dipole-dipole,7,3,1.862,429.7,213.627,7.149,0.00476,0.00135,0.00801;0.00693;0.00613;0.00556;0.00486;0.00435;0.00325;0.00305;0.00237;0.00173,
line-d-r00380,line-d,line-d-e07,33.1986919,-116.1517219,180.0,line-d-e08,33.1988513,-116.1515323,180.0,line-d-e15,33.1999670,-116.1502052,180.0,line-d-e16,33.2001264,-116.1500156,180.0,2026-08-20T15:16:00Z,dipole-dipole,7,7,1.811,441.8,194.308,10.891,0.00590,0.00116,0.00928;0.00898;0.00811;0.00746;0.00596;0.00511;0.00469;0.00365;0.00334;0.00218,
line-d-r00381,line-d,line-d-e07,33.1986919,-116.1517219,180.0,line-d-e08,33.1988513,-116.1515323,180.0,line-d-e15,33.1999670,-116.1502052,180.0,line-d-e16,33.2001264,-116.1500156,180.0,2026-08-20T15:16:12Z,dipole-dipole,7,7,1.956,408.9,193.666,8.605,0.00564,0.00137,0.00944;0.00751;0.00756;0.00721;0.00640;0.00557;0.00462;0.00375;0.00255;0.00202,
line-d-r00382,line-d,line-d-e07,33.1986919,-116.1517219,180.0,line-d-e08,33.1988513,-116.1515323,180.0,line-d-e15,33.1999670,-116.1502052,180.0,line-d-e16,33.2001264,-116.1500156,180.0,2026-08-20T15:16:24Z,dipole-dipole,7,6,1.752,456.7,195.918,8.711,0.00533,0.00114,0.00792;0.00790;0.00775;0.00672;0.00544;0.00588;0.00441;0.00306;0.00241;0.00199,
line-d-r00383,line-d,line-d-e07,33.1986919,-116.1517219,180.0,line-d-e08,33.1988513,-116.1515323,180.0,line-d-e15,33.1999670,-116.1502052,180.0,line-d-e16,33.2001264,-116.1500156,180.0,2026-08-20T15:16:36Z,dipole-dipole,7,4,1.932,414.0,206.536,9.063,0.00455,0.00113,0.00744;0.00673;0.00557;0.00533;0.00531;0.00472;0.00389;0.00271;0.00227;0.00146,
line-d-r00384,line-d,line-d-e07,33.1986919,-116.1517219,180.0,line-d-e08,33.1988513,-116.1515323,180.0,line-d-e15,33.1999670,-116.1502052,180.0,line-d-e16,33.2001264,-116.1500156,180.0,2026-08-20T15:16:48Z,dipole-dipole,7,8,2.000,309.8,201.973,7.995,0.00574,0.00117,0.00917;0.00864;0.00783;0.00720;0.00658;0.00514;0.00500;0.00389;0.00289;0.00192,
line-d-r00385,line-d,line-d-e07,33.1986919,-116.1517219,180.0,line-d-e08,33.1988513,-116.1515323,180.0,line-d-e15,33.1999670,-116.1502052,180.0,line-d-e16,33.2001264,-116.1500156,180.0,2026-08-20T15:17:00Z,dipole-dipole,7,5,1.773,451.2,197.343,9.085,0.00567,0.00138,0.00999;0.00893;0.00731;0.00679;0.00609;0.00526;0.00455;0.00357;0.00280;0.00184,
line-d-r00386,line-d,line-d-e07,33.1986919,-116.1517219,180.0,line-d-e08,33.1988513,-116.1515323,180.0,line-d-e16,33.2001264,-116.1500156,180.0,line-d-e17,33.2002858,-116.1498260,180.0,2026-08-20T15:17:12Z,dipole-dipole,8,4,1.806,443.0,205.318,8.405,0.00492,0.00094,0.00822;0.00693;0.00720;0.00610;0.00511;0.00483;0.00409;0.00321;0.00224;0.00146,
line-d-r00387,line-d,line-d-e07,33.1986919,-116.1517219,180.0,line-d-e08,33.1988513,-116.1515323,180.0,line-d-e16,33.2001264,-116.1500156,180.0,line-d-e17,33.2002858,-116.1498260,180.0,2026-08-20T15:17:24Z,dipole-dipole,8,8,1.640,487.9,191.476,8.740,0.00334,0.00122,0.00536;0.00459;0.00407;0.00420;0.00376;0.00278;0.00249;0.00196;0.00173;0.00121,
line-d-r00388,line-d,line-d-e07,33.1986919,-116.1517219,180.0,line-d-e08,33.1988513,-116.1515323,180.0,line-d-e16,33.2001264,-116.1500156,180.0,line-d-e17,33.2002858,-116.1498260,180.0,2026-08-20T15:17:36Z,dipole-dipole,8,8,1.624,492.6,211.493,6.986,0.00509,0.00105,0.00723;0.00870;0.00699;0.00604;0.00566;0.00492;0.00385;0.00314;0.00236;0.00200,
line-d-r00389,line-d,line-d-e07,33.1986919,-116.1517219,180.0,line-d-e08,33.1988513,-116.1515323,180.0,line-d-e16,33.2001264,-116.1500156,180.0,line-d-e17,33.2002858,-116.1498260,180.0,2026-08-20T15:17:48Z,dipole-dipole,8,4,1.492,536.2,201.636,8.172,0.00338,0.00100,0.00516;0.00447;0.00455;0.00392;0.00377;0.00313;0.00306;0.00220;0.00184;0.00112,
line-d-r00390,line-d,line-d-e07,33.1986919,-116.1517219,180.0,line-d-e08,33.1988513,-116.1515323,180.0,line-d-e16,33.2001264,-116.1500156,180.0,line-d-e17,33.2002858,-116.1498260,180.0,2026-08-20T15:18:00Z,dipole-dipole,8,6,1.663,481.0,200.656,8.203,0.00402,0.00118,0.00582;0.00618;0.00553;0.00480;0.00447;0.00351;0.00310;0.00248;0.00204;0.00149,
line-d-r00391,line-d,line-d-e07,33.1986919,-116.1517219,180.0,line-d-e08,33.1988513,-116.1515323,180.0,line-d-e16,33.2001264,-116.1500156,180.0,line-d-e17,33.2002858,-116.1498260,180.0,2026-08-20T15:18:12Z,dipole-dipole,8,7,1.740,459.7,192.906,6.664,0.00567,0.00105,0.00865;0.00845;0.00779;0.00675;0.00570;0.00482;0.00504;0.00395;0.00285;0.00192,
line-d-r00392,line-d,line-d-e08,33.1988513,-116.1515323,180.0,line-d-e09,33.1990107,-116.1513427,180.0,line-d-e10,33.1991701,-116.1511531,180.0,line-d-e11,33.1993294,-116.1509636,180.0,2026-08-20T15:18:24Z,dipole-dipole,1,6,1.774,450.9,215.363,5.989,0.00441,0.00127,0.00693;0.00684;0.00573;0.00574;0.00526;0.00426;0.00365;0.00275;0.00219;0.00150,
line-d-r00393,line-d,line-d-e08,33.1988513,-116.1515323,180.0,line-d-e09,33.1990107,-116.1513427,180.0,line-d-e10,33.1991701,-116.1511531,180.0,line-d-e11,33.1993294,-116.1509636,180.0,2026-08-20T15:18:36Z,dipole-dipole,1,3,1.900,421.0,225.556,5.967,0.00622,0.00107,0.01047;0.00964;0.00823;0.00812;0.00675;0.00616;0.00473;0.00419;0.00298;0.00209,
line-d-r00394,line-d,line-d-e08,33.1988513,-116.1515323,180.0,line-d-e09,33.1990107,-116.1513427,180.0,line-d-e10,33.1991701,-116.1511531,180.0,line-d-e11,33.1993294,-116.1509636,180.0,2026-08-20T15:18:48Z,dipole-dipole,1,4,1.944,411.6,195.345,6.296,0.00496,0.00119,0.00800;0.00711;0.00683;0.00612;0.00540;0.00463;0.00376;0.00321;0.00234;0.00163,
line-d-r00395,line-d,line-d-e08,33.1988513,-116.1515323,180.0,line-d-e09,33.1990107,-116.1513427,180.0,line-d-e10,33.1991701,-116.1511531,180.0,line-d-e11,33.1993294,-116.1509636,180.0,2026-08-20T15:19:00Z,dipole-dipole,1,3,1.843,434.0,203.114,8.017,0.00619,0.00070,0.00998;0.00831;0.00754;0.00779;0.00718;0.00600;0.00433;0.00400;0.00304;0.00221,
line-d-r00396,line-d,line-d-e08,33.1988513,-116.1515323,180.0,line-d-e09,33.1990107,-116.1513427,180.0,line-d-e10,33.1991701,-116.1511531,180.0,line-d-e11,33.1993294,-116.1509636,180.0,2026-08-20T15:19:12Z,dipole-dipole,1,7,1.359,588.7,211.809,7.252,0.00550,0.00109,0.00879;0.00890;0.00806;0.00677;0.00564;0.00543;0.00466;0.00338;0.00294;0.00182,
line-d-r00397,line-d,line-d-e08,33.1988513,-116.1515323,180.0,line-d-e09,33.1990107,-116.1513427,180.0,line-d-e10,33.1991701,-116.1511531,180.0,line-d-e11,33.1993294,-116.1509636,180.0,2026-08-20T15:19:24Z,dipole-dipole,1,8,1.557,513.9,206.325,7.969,0.00343,0.00092,0.00548;0.00511;0.00478;0.00434;0.00433;0.00304;0.00246;0.00218;0.00149;0.00130,
line-d-r00398,line-d,line-d-e08,33.1988513,-116.1515323,180.0,line-d-e09,33.1990107,-116.1513427,180.0,line-d-e11,33.1993294,-116.1509636,180.0,line-d-e12,33.1994888,-116.1507740,180.0,2026-08-20T15:19:36Z,dipole-dipole,2,4,1.102,725.7,189.732,7.687,0.00470,0.00121,0.00768;0.00707;0.00573;0.00559;0.00549;0.00452;0.00369;0.00294;0.00224;0.00172,
line-d-r00399,line-d,line-d-e08,33.1988513,-116.1515323,180.0,line-d-e09,33.1990107,-116.1513427,180.0,line-d-e11,33.1993294,-116.1509636,180.0,line-d-e12,33.1994888,-116.1507740,180.0,2026-08-20T15:19:48Z,dipole-dipole,2,3,2.000,397.3,203.911,6.517,0.00439,0.00114,0.00701;0.00646;0.00565;0.00546;0.00435;0.00413;0.00329;0.00319;0.00215;0.00150,
line-d-r00400,line-d,line-d-e08,33.1988513,-116.1515323,180.0,line-d-e09,33.1990107,-116.1513427,180.0,line-d-e11,33.1993294,-116.1509636,180.0,line-d-e12,33.1994888,-116.1507740,180.0,2026-08-20T15:20:00Z,dipole-dipole,2,8,1.358,589.2,199.851,7.705,0.00347,0.00132,0.00535;0.00550;0.00522;0.00402;0.00386;0.00308;0.00286;0.00222;0.00173;0.00121,
line-d-r00401,line-d,line-d-e08,33.1988513,-116.1515323,180.0,line-d-e09,33.1990107,-116.1513427,180.0,line-d-e11,33.1993294,-116.1509636,180.0,line-d-e12,33.1994888,-116.1507740,180.0,2026-08-20T15:20:12Z,dipole-dipole,2,7,1.404,569.7,214.724,7.056,0.00383,0.00113,0.00570;0.00578;0.00578;0.00533;0.00441;0.00385;0.00297;0.00245;0.00181;0.00137,
line-d-r00402,line-d,line-d-e08,33.1988513,-116.1515323,180.0,line-d-e09,33.1990107,-116.1513427,180.0,line-d-e11,33.1993294,-116.1509636,180.0,line-d-e12,33.1994888,-116.1507740,180.0,2026-08-20T15:20:24Z,dipole-dipole,2,6,1.694,472.2,207.917,8.613,0.00590,0.00100,0.00946;0.00784;0.00798;0.00686;0.00617;0.00619;0.00410;0.00420;0.00241;0.00210,
line-d-r00403,line-d,line-d-e08,33.1988513,-116.1515323,180.0,line-d-e09,33.1990107,-116.1513427,180.0,line-d-e11,33.1993294,-116.1509636,180.0,line-d-e12,33.1994888,-116.1507740,180.0,2026-08-20T15:20:36Z,dipole-dipole,2,8,1.801,444.1,213.482,9.140,0.00478,0.00086,0.00693;0.00749;0.00654;0.00593;0.00566;0.00456;0.00378;0.00296;0.00258;0.00161,
line-d-r00404,line-d,line-d-e08,33.1988513,-116.1515323,180.0,line-d-e09,33.1990107,-116.1513427,180.0,line-d-e11,33.1993294,-116.1509636,180.0,line-d-e12,33.1994888,-116.1507740,180.0,2026-08-20T15:20:48Z,dipole-dipole,2,7,1.201,665.9,200.365,4.721,0.00403,0.00091,0.00650;0.00551;0.00532;0.00525;0.00450;0.00370;0.00335;0.00268;0.00183;0.00134,
line-d-r00405,line-d,line-d-e08,33.1988513,-116.1515323,180.0,line-d-e09,33.1990107,-116.1513427,180.0,line-d-e11,33.1993294,-116.1509636,180.0,line-d-e12,33.1994888,-116.1507740,180.0,2026-08-20T15:21:00Z,dipole-dipole,2,6,1.997,400.6,197.874,6.878,0.00650,0.00112,0.00995;0.00858;0.00840;0.00801;0.00708;0.00611;0.00506;0.00431;0.00341;0.00227,
line-d-r00406,line-d,line-d-e08,33.1988513,-116.1515323,180.0,line-d-e09,33.1990107,-116.1513427,180.0,line-d-e12,33.1994888,-116.1507740,180.0,line-d-e13,33.1996482,-116.1505844,180.0,2026-08-20T15:21:12Z,dipole-dipole,3,8,1.898,421.6,221.538,7.588,0.00756,0.00121,0.01314;0.01119;0.00994;0.00961;0.00790;0.00633;0.00636;0.00460;0.00357;0.00285,
line-d-r00407,line-d,line-d-e08,33.1988513,-116.1515323,180.0,line-d-e09,33.1990107,-116.1513427,180.0,line-d-e12,33.1994888,-116.1507740,180.0,line-d-e13,33.1996482,-116.1505844,180.0,2026-08-20T15:21:24Z,dipole-dipole,3,8,1.492,536.2,189.094,8.406,0.00730,0.00129,0.01082;0.01005;0.01034;0.00869;0.00917;0.00704;0.00579;0.00449;0.00369;0.00239,
line-d-r00408,line-d,line-d-e08,33.1988513,-116.1515323,180.0,line-d-e09,33.1990107,-116.1513427,180.0,line-d-e12,33.1994888,-116.1507740,180.0,line-d-e13,33.1996482,-116.1505844,180.0,2026-08-20T15:21:36Z,dipole-dipole,3,7,1.375,581.7,202.197,7.223,0.00445,0.00090,0.00732;0.00649;0.00695;0.00527;0.00434;0.00424;0.00334;0.00274;0.00215;0.00184,
line-d-r00409,line-d,line-d-e08,33.1988513,-116.1515323,180.0,line-d-e09,33.1990107,-116.1513427,180.0,line-d-e12,33.1994888,-116.1507740,180.0,line-d-e13,33.1996482,-116.1505844,180.0,2026-08-20T15:21:48Z,dipole-dipole,3,3,1.532,522.2,196.021,8.270,0.00400,0.00130,0.00628;0.00561;0.00535;0.00513;0.00449;0.00392;0.00344;0.00268;0.00208;0.00152,
line-d-r00410,line-d,line-d-e08,33.1988513,-116.1515323,180.0,line-d-e09,33.1990107,-116.1513427,180.0,line-d-e12,33.1994888,-116.1507740,180.0,line-d-e13,33.1996482,-116.1505844,180.0,2026-08-20T15:22:00Z,dipole-dipole,3,7,1.751,456.8,201.962,9.504,0.00361,0.00121,0.00556;0.00531;0.00508;0.00497;0.00379;0.00346;0.00285;0.00205;0.00174;0.00112,
line-d-r00411,line-d,line-d-e08,33.1988513,-116.1515323,180.0,line-d-e09,33.1990107,-116.1513427,180.0,line-d-e12,33.1994888,-116.1507740,180.0,line-d-e13,33.1996482,-116.1505844,180.0,2026-08-20T15:22:12Z,dipole-dipole,3,3,1.838,435.3,193.638,7.531,0.00533,0.00095,0.00876;0.00803;0.00673;0.00696;0.00602;0.00502;0.00411;0.00309;0.00261;0.00175,
line-d-r00412,line-d,line-d-e08,33.1988513,-116.1515323,180.0,line-d-e09,33.1990107,-116.1513427,180.0,line-d-e12,33.1994888,-116.1507740,180.0,line-d-e13,33.1996482,-116.1505844,180.0,2026-08-20T15:22:24Z,dipole-dipole,3,8,1.485,538.9,195.567,8.819,0.00406,0.00090,0.00594;0.00590;0.00561;0.00494;0.00478;0.00378;0.00342;0.00274;0.00197;0.00132,
line-d-r00413,line-d,line-d-e08,33.1988513,-116.1515323,180.0,line-d-e09,33.1990107,-116.1513427,180.0,line-d-e12,33.1994888,-116.1507740,180.0,line-d-e13,33.1996482,-116.1505844,180.0,2026-08-20T15:22:36Z,dipole-dipole,3,5,1.492,536.2,192.143,7.750,0.00513,0.00108,0.00885;0.00808;0.00758;0.00660;0.00573;0.00477;0.00355;0.00312;0.00258;0.00185,
line-d-r00414,line-d,line-d-e08,33.1988513,-116.1515323,180.0,line-d-e09,33.1990107,-116.1513427,180.0,line-d-e13,33.1996482,-116.1505844,180.0,line-d-e14,33.1998076,-116.1503948,180.0,2026-08-20T15:22:48Z,dipole-dipole,4,5,1.612,496.1,212.408,7.367,0.00573,0.00108,0.00923;0.00829;0.00853;0.00759;0.00603;0.00527;0.00453;0.00317;0.00255;0.00205,
line-d-r00415,line-d,line-d-e08,33.1988513,-116.1515323,180.0,line-d-e09,33.1990107,-116.1513427,180.0,line-d-e13,33.1996482,-116.1505844,180.0,line-d-e14,33.1998076,-116.1503948,180.0,2026-08-20T15:23:00Z,dipole-dipole,4,5,1.921,416.5,186.503,6.971,0.00454,0.00098,0.00693;0.00652;0.00584;0.00552;0.00477;0.00435;0.00346;0.00289;0.00204;0.00163,
line-d-r00416,line-d,line-d-e08,33.1988513,-116.1515323,180.0,line-d-e09,33.1990107,-116.1513427,180.0,line-d-e13,33.1996482,-116.1505844,180.0,line-d-e14,33.1998076,-116.1503948,180.0,2026-08-20T15:23:12Z,dipole-dipole,4,7,1.912,418.3,198.535,6.053,0.00367,0.00125,0.00570;0.00524;0.00553;0.00440;0.00406;0.00366;0.00300;0.00220;0.00167;0.00125,
line-d-r00417,line-d,line-d-e08,33.1988513,-116.1515323,180.0,line-d-e09,33.1990107,-116.1513427,180.0,line-d-e13,33.1996482,-116.1505844,180.0,line-d-e14,33.1998076,-116.1503948,180.0,2026-08-20T15:23:24Z,dipole-dipole,4,6,1.550,516.1,193.381,6.767,0.00600,0.00103,0.00915;0.00953;0.00826;0.00651;0.00686;0.00580;0.00472;0.00367;0.00279;0.00212,
line-d-r00418,line-d,line-d-e08,33.1988513,-116.1515323,180.0,line-d-e09,33.1990107,-116.1513427,180.0,line-d-e13,33.1996482,-116.1505844,180.0,line-d-e14,33.1998076,-116.1503948,180.0,2026-08-20T15:23:36Z,dipole-dipole,4,4,1.444,553.9,196.025,6.880,0.00454,0.00128,0.00742;0.00687;0.00567;0.00506;0.00478;0.00396;0.00384;0.00268;0.00207;0.00155,
line-d-r00419,line-d,line-d-e08,33.1988513,-116.1515323,180.0,line-d-e09,33.1990107,-116.1513427,180.0,line-d-e13,33.1996482,-116.1505844,180.0,line-d-e14,33.1998076,-116.1503948,180.0,2026-08-20T15:23:48Z,dipole-dipole,4,7,1.528,523.6,199.680,403.056,0.00467,0.00119,0.00752;0.00736;0.00635;0.00584;0.00508;0.00381;0.00374;0.00323;0.00247;0.00160,
line-d-r00420,line-d,line-d-e08,33.1988513,-116.1515323,180.0,line-d-e09,33.1990107,-116.1513427,180.0,line-d-e13,33.1996482,-116.1505844,180.0,line-d-e14,33.1998076,-116.1503948,180.0,2026-08-20T15:24:00Z,dipole-dipole,4,3,1.723,464.3,202.129,9.223,0.00457,0.00106,0.00747;0.00686;0.00679;0.00551;0.00503;0.00415;0.00356;0.00306;0.00228;0.00154,
line-d-r00421,line-d,line-d-e08,33.1988513,-116.1515323,180.0,line-d-e09,33.1990107,-116.1513427,180.0,line-d-e14,33.1998076,-116.1503948,180.0,line-d-e15,33.1999670,-116.1502052,180.0,2026-08-20T15:24:12Z,dipole-dipole,5,6,1.505,531.7,194.414,7.291,0.00470,0.00097,0.00709;0.00684;0.00655;0.00623;0.00528;0.00479;0.00355;0.00281;0.00223;0.00165,
line-d-r00422,line-d,line-d-e08,33.1988513,-116.1515323,180.0,line-d-e09,33.1990107,-116.1513427,180.0,line-d-e14,33.1998076,-116.1503948,180.0,line-d-e15,33.1999670,-116.1502052,180.0,2026-08-20T15:24:24Z,dipole-dipole,5,6,1.566,510.8,200.362,7.323,0.00520,0.00120,0.00807;0.00777;0.00732;0.00625;0.00590;0.00506;0.00451;0.00327;0.00252;0.00208,
line-d-r00423,line-d,line-d-e08,33.1988513,-116.1515323,180.0,line-d-e09,33.1990107,-116.1513427,180.0,line-d-e14,33.1998076,-116.1503948,180.0,line-d-e15,33.1999670,-116.1502052,180.0,2026-08-20T15:24:36Z,dipole-dipole,5,3,1.516,527.8,192.184,8.005,0.00499,0.00124,0.00815;0.00726;0.00788;0.00601;0.00526;0.00464;0.00427;0.00335;0.00248;0.00185,
line-d-r00424,line-d,line-d-e08,33.1988513,-116.1515323,180.0,line-d-e09,33.1990107,-116.1513427,180.0,line-d-e14,33.1998076,-116.1503948,180.0,line-d-e15,33.1999670,-116.1502052,180.0,2026-08-20T15:24:48Z,dipole-dipole,5,7,1.854,431.5,192.952,6.269,0.00460,0.00118,0.00699;0.00689;0.00666;0.00530;0.00447;0.00426;0.00362;0.00273;0.00220;0.00165,
line-d-r00425,line-d,line-d-e08,33.1988513,-116.1515323,180.0,line-d-e09,33.1990107,-116.1513427,180.0,line-d-e14,33.1998076,-116.1503948,180.0,line-d-e15,33.1999670,-116.1502052,180.0,2026-08-20T15:25:00Z,dipole-dipole,5,4,1.473,543.0,194.528,7.244,0.00641,0.01125,0.00998;0.00953;0.00859;0.00783;0.00716;0.00647;0.00490;0.00384;0.00315;0.00208,
line-d-r00426,line-d,line-d-e08,33.1988513,-116.1515323,180.0,line-d-e09,33.1990107,-116.1513427,180.0,line-d-e14,33.1998076,-116.1503948,180.0,line-d-e15,33.1999670,-116.1502052,180.0,2026-08-20T15:25:12Z,dipole-dipole,5,6,1.731,462.2,194.635,10.635,0.00500,0.00094,0.00174;0.00239;0.00315;0.00383;0.00470;0.00553;0.00602;0.00710;0.00714;0.00726,
line-d-r00427,line-d,line-d-e08,33.1988513,-116.1515323,180.0,line-d-e09,33.1990107,-116.1513427,180.0,line-d-e14,33.1998076,-116.1503948,180.0,line-d-e15,33.1999670,-116.1502052,180.0,2026-08-20T15:25:24Z,dipole-dipole,5,7,1.425,561.5,-115.375,7.432,0.00708,0.00129,0.00965;0.01135;0.00962;0.00952;0.00840;0.00615;0.00539;0.00441;0.00345;0.00239,
line-d-r00428,line-d,line-d-e08,33.1988513,-116.1515323,180.0,line-d-e09,33.1990107,-116.1513427,180.0,line-d-e15,33.1999670,-116.1502052,180.0,line-d-e16,33.2001264,-116.1500156,180.0,2026-08-20T15:25:36Z,dipole-dipole,6,6,1.374,582.1,206.845,6.423,0.00567,0.00088,0.00811;0.00803;0.00752;0.00647;0.00668;0.00555;0.00416;0.00338;0.00280;0.00174,
line-d-r00429,line-d,line-d-e08,33.1988513,-116.1515323,180.0,line-d-e09,33.1990107,-116.1513427,180.0,line-d-e15,33.1999670,-116.1502052,180.0,line-d-e16,33.2001264,-116.1500156,180.0,2026-08-20T15:25:48Z,dipole-dipole,6,4,1.667,479.9,198.695,7.574,0.00514,0.00087,0.00870;0.00744;0.00719;0.00710;0.00604;0.00497;0.00404;0.00359;0.00265;0.00176,
line-d-r00430,line-d,line-d-e08,33.1988513,-116.1515323,180.0,line-d-e09,33.1990107,-116.1513427,180.0,line-d-e15,33.1999670,-116.1502052,180.0,line-d-e16,33.2001264,-116.1500156,180.0,2026-08-20T15:26:00Z,dipole-dipole,6,3,1.373,582.6,193.272,6.449,0.00361,0.00103,0.00555;0.00519;0.00475;0.00489;0.00390;0.00322;0.00301;0.00206;0.00188;0.00127,
line-d-r00431,line-d,line-d-e08,33.1988513,-116.1515323,180.0,line-d-e09,33.1990107,-116.1513427,180.0,line-d-e15,33.1999670,-116.1502052,180.0,line-d-e16,33.2001264,-116.1500156,180.0,2026-08-20T15:26:12Z,dipole-dipole,6,6,1.833,436.4,191.158,9.101,0.00510,0.00140,0.00827;0.00756;0.00743;0.00642;0.00574;0.00462;0.00387;0.00358;0.00253;0.00173,
line-d-r00432,line-d,line-d-e08,33.1988513,-116.1515323,180.0,line-d-e09,33.1990107,-116.1513427,180.0,line-d-e15,33.1999670,-116.1502052,180.0,line-d-e16,33.2001264,-116.1500156,180.0,2026-08-20T15:26:24Z,dipole-dipole,6,6,1.886,424.2,-155.851,6.750,0.00485,0.00090,0.00879;0.00688;0.00620;0.00622;0.00570;0.00512;0.00392;0.00314;0.00235;0.00183,
line-d-r00433,line-d,line-d-e08,33.1988513,-116.1515323,180.0,line-d-e09,33.1990107,-116.1513427,180.0,line-d-e15,33.1999670,-116.1502052,180.0,line-d-e16,33.2001264,-116.1500156,180.0,2026-08-20T15:26:36Z,dipole-dipole,6,8,1.469,544.6,193.078,9.569,0.00580,0.00099,0.00914;0.00858;0.00822;0.00836;0.00627;0.00539;0.00464;0.00365;0.00254;0.00194,
line-d-r00434,line-d,line-d-e08,33.1988513,-116.1515323,180.0,line-d-e09,33.1990107,-116.1513427,180.0,line-d-e15,33.1999670,-116.1502052,180.0,line-d-e16,33.2001264,-116.1500156,180.0,2026-08-20T15:26:48Z,dipole-dipole,6,8,1.851,432.3,204.806,8.883,0.00419,0.00100,0.00710;0.00641;0.00585;0.00503;0.00457;0.00415;0.00333;0.00257;0.00214;0.00145,
line-d-r00435,line-d,line-d-e08,33.1988513,-116.1515323,180.0,line-d-e09,33.1990107,-116.1513427,180.0,line-d-e16,33.2001264,-116.1500156,180.0,line-d-e17,33.2002858,-116.1498260,180.0,2026-08-20T15:27:00Z,dipole-dipole,7,8,1.402,570.4,205.252,7.175,0.00539,0.00077,0.00884;0.00903;0.00822;0.00625;0.00628;0.00547;0.00372;0.00352;0.00270;0.00207,
line-d-r00436,line-d,line-d-e08,33.1988513,-116.1515323,180.0,line-d-e09,33.1990107,-116.1513427,180.0,line-d-e16,33.2001264,-116.1500156,180.0,line-d-e17,33.2002858,-116.1498260,180.0,2026-08-20T15:27:12Z,dipole-dipole,7,5,1.633,490.0,194.998,7.504,0.00542,0.00132,0.00866;0.00747;0.00727;0.00674;0.00580;0.00502;0.00472;0.00340;0.00243;0.00171,
line-d-r00437,line-d,line-d-e08,33.1988513,-116.1515323,180.0,line-d-e09,33.1990107,-116.1513427,180.0,line-d-e16,33.2001264,-116.1500156,180.0,line-d-e17,33.2002858,-116.1498260,180.0,2026-08-20T15:27:24Z,dipole-dipole,7,4,1.245,642.5,191.737,6.180,0.00600,0.00107,0.00937;0.00926;0.00833;0.00719;0.00620;0.00589;0.00463;0.00399;0.00277;0.00180,
line-d-r00438,line-d,line-d-e08,33.1988513,-116.1515323,180.0,line-d-e09,33.1990107,-116.1513427,180.0,line-d-e16,33.2001264,-116.1500156,180.0,line-d-e17,33.2002858,-116.1498260,180.0,2026-08-20T15:27:36Z,dipole-dipole,7,4,1.788,447.4,207.225,8.841,0.00430,0.00143,0.00657;0.00623;0.00586;0.00490;0.00466;0.00404;0.00323;0.00312;0.00230;0.00173,
line-d-r00439,line-d,line-d-e08,33.1988513,-116.1515323,180.0,line-d-e09,33.1990107,-116.1513427,180.0,line-d-e16,33.2001264,-116.1500156,180.0,line-d-e17,33.2002858,-116.1498260,180.0,2026-08-20T15:27:48Z,dipole-dipole,7,8,1.736,460.7,217.660,7.229,0.00415,0.00093,0.00681;0.00594;0.00562;0.00546;0.00492;0.00408;0.00329;0.00254;0.00216;0.00139,
line-d-r00440,line-d,line-d-e08,33.1988513,-116.1515323,180.0,line-d-e09,33.1990107,-116.1513427,180.0,line-d-e16,33.2001264,-116.1500156,180.0,line-d-e17,33.2002858,-116.1498260,180.0,2026-08-20T15:28:00Z,dipole-dipole,7,6,1.674,477.9,187.848,7.850,0.00388,0.00111,0.00613;0.00637;0.00544;0.00536;0.00399;0.00357;0.00327;0.00249;0.00203;0.00140,
line-d-r00441,line-d,line-d-e08,33.1988513,-116.1515323,180.0,line-d-e09,33.1990107,-116.1513427,180.0,line-d-e16,33.2001264,-116.1500156,180.0,line-d-e17,33.2002858,-116.1498260,180.0,2026-08-20T15:28:12Z,dipole-dipole,7,8,1.681,476.0,196.621,7.593,0.00375,0.00106,0.00612;0.00540;0.00496;0.00435;0.00431;0.00362;0.00311;0.00231;0.00186;0.00125,
line-d-r00442,line-d,line-d-e08,33.1988513,-116.1515323,180.0,line-d-e09,33.1990107,-116.1513427,180.0,line-d-e16,33.2001264,-116.1500156,180.0,line-d-e17,33.2002858,-116.1498260,180.0,2026-08-20T15:28:24Z,dipole-dipole,7,4,1.480,540.5,213.718,7.453,0.00642,0.00114,0.00977;0.00906;0.00887;0.00785;0.00677;0.00595;0.00466;0.00393;0.00316;0.00218,
line-d-r00443,line-d,line-d-e08,33.1988513,-116.1515323,180.0,line-d-e09,33.1990107,-116.1513427,180.0,line-d-e17,33.2002858,-116.1498260,180.0,line-d-e18,33.2004452,-116.1496364,180.0,2026-08-20T15:28:36Z,dipole-dipole,8,5,1.355,590.4,195.621,8.669,0.00444,0.00119,0.00738;0.00651;0.00651;0.00518;0.00479;0.00414;0.00316;0.00279;0.00225;0.00174,
line-d-r00444,line-d,line-d-e08,33.1988513,-116.1515323,180.0,line-d-e09,33.1990107,-116.1513427,180.0,line-d-e17,33.2002858,-116.1498260,180.0,line-d-e18,33.2004452,-116.1496364,180.0,2026-08-20T15:28:48Z,dipole-dipole,8,6,1.989,402.2,189.927,6.854,0.00410,0.00119,0.00616;0.00632;0.00603;0.00517;0.00495;0.00379;0.00308;0.00280;0.00171;0.00149,
line-d-r00445,line-d,line-d-e08,33.1988513,-116.1515323,180.0,line-d-e09,33.1990107,-116.1513427,180.0,line-d-e17,33.2002858,-116.1498260,180.0,line-d-e18,33.2004452,-116.1496364,180.0,2026-08-20T15:29:00Z,dipole-dipole,8,4,1.778,450.0,198.836,6.140,0.00485,0.00090,0.00811;0.00729;0.00668;0.00663;0.00543;0.00407;0.00378;0.00300;0.00224;0.00175,
line-d-r00446,line-d,line-d-e08,33.1988513,-116.1515323,180.0,line-d-e09,33.1990107,-116.1513427,180.0,line-d-e17,33.2002858,-116.1498260,180.0,line-d-e18,33.2004452,-116.1496364,180.0,2026-08-20T15:29:12Z,dipole-dipole,8,3,1.173,681.9,197.125,7.993,0.00502,0.00108,0.00766;0.00778;0.00799;0.00615;0.00509;0.00493;0.00364;0.00330;0.00231;0.00178,
line-d-r00447,line-d,line-d-e08,33.1988513,-116.1515323,180.0,line-d-e09,33.1990107,-116.1513427,180.0,line-d-e17,33.2002858,-116.1498260,180.0,line-d-e18,33.2004452,-116.1496364,180.0,2026-08-20T15:29:24Z,dipole-dipole,8,4,1.531,522.5,209.465,7.031,0.00445,0.00108,0.00720;0.00650;0.00567;0.00562;0.00471;0.00417;0.00313;0.00298;0.00225;0.00139,
line-d-r00448,line-d,line-d-e08,33.1988513,-116.1515323,180.0,line-d-e09,33.1990107,-116.1513427,180.0,line-d-e17,33.2002858,-116.1498260,180.0,line-d-e18,33.2004452,-116.1496364,180.0,2026-08-20T15:29:36Z,dipole-dipole,8,7,1.526,524.1,200.356,7.907,0.00475,0.00091,0.00788;0.00688;0.00599;0.00615;0.00524;0.00435;0.00391;0.00318;0.00223;0.00188,
line-d-r00449,line-d,line-d-e08,33.1988513,-116.1515323,180.0,line-d-e09,33.1990107,-116.1513427,180.0,line-d-e17,33.2002858,-116.1498260,180.0,line-d-e18,33.2004452,-116.1496364,180.0,2026-08-20T15:29:48Z,dipole-dipole,8,6,1.696,471.7,208.256,5.776,0.00338,0.00098,0.00522;0.00530;0.00457;0.00427;0.00364;0.00308;0.00269;0.00212;0.00165;0.00124,
line-d-r00450,line-d,line-d-e09,33.1990107,-116.1513427,180.0,line-d-e10,33.1991701,-116.1511531,180.0,line-d-e11,33.1993294,-116.1509636,180.0,line-d-e12,33.1994888,-116.1507740,180.0,2026-08-20T15:30:00Z,dipole-dipole,1,3,2.000,394.1,205.975,9.969,0.00795,0.00124,0.01302;0.01189;0.01012;0.01005;0.00792;0.00778;0.00600;0.00496;0.00426;0.00295,
line-d-r00451,line-d,line-d-e09,33.1990107,-116.1513427,180.0,line-d-e10,33.1991701,-116.1511531,180.0,line-d-e11,33.1993294,-116.1509636,180.0,line-d-e12,33.1994888,-116.1507740,180.0,2026-08-20T15:30:12Z,dipole-dipole,1,3,2.000,336.5,196.602,9.995,0.00549,0.00083,0.00868;0.00796;0.00852;0.00641;0.00614;0.00530;0.00405;0.00352;0.00241;0.00209,
line-d-r00452,line-d,line-d-e09,33.1990107,-116.1513427,180.0,line-d-e10,33.1991701,-116.1511531,180.0,line-d-e11,33.1993294,-116.1509636,180.0,line-d-e12,33.1994888,-116.1507740,180.0,2026-08-20T15:30:24Z,dipole-dipole,1,3,1.621,493.5,206.870,5.239,0.00529,0.00085,0.00844;0.00890;0.00741;0.00672;0.00573;0.00516;0.00442;0.00372;0.00261;0.00176,
line-d-r00453,line-d,line-d-e09,33.1990107,-116.1513427,180.0,line-d-e10,33.1991701,-116.1511531,180.0,line-d-e11,33.1993294,-116.1509636,180.0,line-d-e12,33.1994888,-116.1507740,180.0,2026-08-20T15:30:36Z,dipole-dipole,1,5,2.000,374.1,197.946,8.019,0.00379,0.00101,0.00586;0.00552;0.00519;0.00466;0.00405;0.00367;0.00303;0.00233;0.00183;0.00141,
line-d-r00454,line-d,line-d-e09,33.1990107,-116.1513427,180.0,line-d-e10,33.1991701,-116.1511531,180.0,line-d-e11,33.1993294,-116.1509636,180.0,line-d-e12,33.1994888,-116.1507740,180.0,2026-08-20T15:30:48Z,dipole-dipole,1,5,1.597,500.9,221.198,7.798,0.00416,0.00145,0.00669;0.00662;0.00543;0.00500;0.00496;0.00362;0.00319;0.00255;0.00217;0.00162,
line-d-r00455,line-d,line-d-e09,33.1990107,-116.1513427,180.0,line-d-e10,33.1991701,-116.1511531,180.0,line-d-e11,33.1993294,-116.1509636,180.0,line-d-e12,33.1994888,-116.1507740,180.0,2026-08-20T15:31:00Z,dipole-dipole,1,5,1.757,455.3,205.519,7.678,0.00259,0.00096,0.00407;0.00388;0.00340;0.00334;0.00314;0.00233;0.00202;0.00160;0.00137;0.00098,
line-d-r00456,line-d,line-d-e09,33.1990107,-116.1513427,180.0,line-d-e10,33.1991701,-116.1511531,180.0,line-d-e12,33.1994888,-116.1507740,180.0,line-d-e13,33.1996482,-116.1505844,180.0,2026-08-20T15:31:12Z,dipole-dipole,2,8,1.878,426.0,191.583,7.082,0.00631,0.00093,0.00997;0.00991;0.00893;0.00771;0.00713;0.00600;0.00485;0.00439;0.00328;0.00216,
line-d-r00457,line-d,line-d-e09,33.1990107,-116.1513427,180.0,line-d-e10,33.1991701,-116.1511531,180.0,line-d-e12,33.1994888,-116.1507740,180.0,line-d-e13,33.1996482,-116.1505844,180.0,2026-08-20T15:31:24Z,dipole-dipole,2,4,1.491,536.4,200.703,8.601,0.00472,0.00110,0.00698;0.00754;0.00622;0.00653;0.00499;0.00478;0.00381;0.00279;0.00227;0.00174,
line-d-r00458,line-d,line-d-e09,33.1990107,-116.1513427,180.0,line-d-e10,33.1991701,-116.1511531,180.0,line-d-e12,33.1994888,-116.1507740,180.0,line-d-e13,33.1996482,-116.1505844,180.0,2026-08-20T15:31:36Z,dipole-dipole,2,4,1.404,569.9,196.576,7.785,0.00491,0.00075,0.00797;0.00679;0.00682;0.00583;0.00568;0.00477;0.00327;0.00337;0.00258;0.00181,
line-d-r00459,line-d,line-d-e09,33.1990107,-116.1513427,180.0,line-d-e10,33.1991701,-116.1511531,180.0,line-d-e12,33.1994888,-116.1507740,180.0,line-d-e13,33.1996482,-116.1505844,180.0,2026-08-20T15:31:48Z,dipole-dipole,2,3,1.584,505.2,196.487,7.352,0.00401,0.00086,0.00607;0.00548;0.00569;0.00512;0.00427;0.00313;0.00323;0.00274;0.00203;0.00147,
line-d-r00460,line-d,line-d-e09,33.1990107,-116.1513427,180.0,line-d-e10,33.1991701,-116.1511531,180.0,line-d-e12,33.1994888,-116.1507740,180.0,line-d-e13,33.1996482,-116.1505844,180.0,2026-08-20T15:32:00Z,dipole-dipole,2,6,1.458,548.8,213.463,8.303,0.00541,0.00563,0.00833;0.00826;0.00731;0.00774;0.00650;0.00495;0.00389;0.00356;0.00258;0.00218,
line-d-r00461,line-d,line-d-e09,33.1990107,-116.1513427,180.0,line-d-e10,33.1991701,-116.1511531,180.0,line-d-e12,33.1994888,-116.1507740,180.0,line-d-e13,33.1996482,-116.1505844,180.0,2026-08-20T15:32:12Z,dipole-dipole,2,6,1.608,497.6,201.207,9.665,0.00221,0.00112,0.00353;0.00325;0.00316;0.00262;0.00254;0.00210;0.00177;0.00124;0.00107;0.00073,
line-d-r00462,line-d,line-d-e09,33.1990107,-116.1513427,180.0,line-d-e10,33.1991701,-116.1511531,180.0,line-d-e13,33.1996482,-116.1505844,180.0,line-d-e14,33.1998076,-116.1503948,180.0,2026-08-20T15:32:24Z,dipole-dipole,3,4,1.525,524.7,201.324,9.161,0.00517,0.00097,0.00833;0.00783;0.00667;0.00600;0.00537;0.00518;0.00430;0.00338;0.00267;0.00187,
line-d-r00463,line-d,line-d-e09,33.1990107,-116.1513427,180.0,line-d-e10,33.1991701,-116.1511531,180.0,line-d-e13,33.1996482,-116.1505844,180.0,line-d-e14,33.1998076,-116.1503948,180.0,2026-08-20T15:32:36Z,dipole-dipole,3,3,1.454,550.3,199.858,8.052,0.00551,0.00117,0.00881;0.00777;0.00749;0.00664;0.00592;0.00499;0.00434;0.00328;0.00252;0.00215,
line-d-r00464,line-d,line-d-e09,33.1990107,-116.1513427,180.0,line-d-e10,33.1991701,-116.1511531,180.0,line-d-e13,33.1996482,-116.1505844,180.0,line-d-e14,33.1998076,-116.1503948,180.0,2026-08-20T15:32:48Z,dipole-dipole,3,4,1.600,500.0,-130.759,8.473,0.00570,0.00091,0.00886;0.00802;0.00805;0.00666;0.00657;0.00574;0.00429;0.00346;0.00277;0.00195,
line-d-r00465,line-d,line-d-e09,33.1990107,-116.1513427,180.0,line-d-e10,33.1991701,-116.1511531,180.0,line-d-e13,33.1996482,-116.1505844,180.0,line-d-e14,33.1998076,-116.1503948,180.0,2026-08-20T15:33:00Z,dipole-dipole,3,7,1.564,511.5,197.482,7.202,0.00563,0.00109,0.00921;0.00915;0.00798;0.00708;0.00625;0.00550;0.00436;0.00352;0.00284;0.00189,
line-d-r00466,line-d,line-d-e09,33.1990107,-116.1513427,180.0,line-d-e10,33.1991701,-116.1511531,180.0,line-d-e13,33.1996482,-116.1505844,180.0,line-d-e14,33.1998076,-116.1503948,180.0,2026-08-20T15:33:12Z,dipole-dipole,3,3,1.919,416.9,197.220,6.792,0.00553,0.00102,0.00904;0.00789;0.00717;0.00739;0.00578;0.00516;0.00395;0.00320;0.00272;0.00181,
line-d-r00467,line-d,line-d-e09,33.1990107,-116.1513427,180.0,line-d-e10,33.1991701,-116.1511531,180.0,line-d-e13,33.1996482,-116.1505844,180.0,line-d-e14,33.1998076,-116.1503948,180.0,2026-08-20T15:33:24Z,dipole-dipole,3,8,1.603,499.0,198.110,6.390,0.00335,0.00104,0.00498;0.00439;0.00412;0.00383;0.00397;0.00313;0.00245;0.00212;0.00164;0.00107,
line-d-r00468,line-d,line-d-e09,33.1990107,-116.1513427,180.0,line-d-e10,33.1991701,-116.1511531,180.0,line-d-e13,33.1996482,-116.1505844,180.0,line-d-e14,33.1998076,-116.1503948,180.0,2026-08-20T15:33:36Z,dipole-dipole,3,6,1.213,659.6,208.135,7.059,0.00595,0.00083,0.00895;0.00950;0.00846;0.00725;0.00714;0.00608;0.00525;0.00348;0.00283;0.00219,
line-d-r00469,line-d,line-d-e09,33.1990107,-116.1513427,180.0,line-d-e10,33.1991701,-116.1511531,180.0,line-d-e14,33.1998076,-116.1503948,180.0,line-d-e15,33.1999670,-116.1502052,180.0,2026-08-20T15:33:48Z,dipole-dipole,4,5,1.809,442.2,195.333,7.866,0.00429,0.00095,0.00647;0.00668;0.00558;0.00518;0.00508;0.00432;0.00342;0.00248;0.00229;0.00143,
line-d-r00470,line-d,line-d-e09,33.1990107,-116.1513427,180.0,line-d-e10,33.1991701,-116.1511531,180.0,line-d-e14,33.1998076,-116.1503948,180.0,line-d-e15,33.1999670,-116.1502052,180.0,2026-08-20T15:34:00Z,dipole-dipole,4,7,1.468,545.0,203.910,9.151,0.00461,0.00102,0.00706;0.00710;0.00588;0.00584;0.00534;0.00455;0.00368;0.00303;0.00217;0.00160,
line-d-r00504,line-d,line-d-e09,33.1990107,-116.1513427,180.0,line-d-e10,33.1991701,-116.1511531,180.0,line-d-e14,33.1998076,-116.1503948,180.0,line-d-e15,33.1999670,-116.1502052,180.0,2026-08-20T15:34:12Z,dipole-dipole,4,7,2.000,341.5,205.072,8.554,0.00606,0.00102,0.00929;0.00875;0.00807;0.00798;0.00722;0.00575;0.00453;0.00385;0.00286;0.00232,
line-d-r00472,line-d,line-d-e09,33.1990107,-116.1513427,180.0,line-d-e10,33.1991701,-116.1511531,180.0,line-d-e14,33.1998076,-116.1503948,180.0,line-d-e15,33.1999670,-116.1502052,180.0,2026-08-20T15:34:24Z,dipole-dipole,4,5,1.534,521.5,192.598,9.640,0.00414,0.00104,0.00695;0.00661;0.00578;0.00495;0.00465;0.00450;0.00355;0.00240;0.00203;0.00149,
line-d-r00473,line-d,line-d-e09,33.1990107,-116.1513427,180.0,line-d-e10,33.1991701,-116.1511531,180.0,line-d-e14,33.1998076,-116.1503948,180.0,line-d-e15,33.1999670,-116.1502052,180.0,2026-08-20T15:34:36Z,dipole-dipole,4,3,1.620,493.9,203.035,8.087,0.00609,0.00094,0.00946;0.00910;0.00792;0.00785;0.00721;0.00569;0.00530;0.00410;0.00316;0.00188,
line-d-r00474,line-d,line-d-e09,33.1990107,-116.1513427,180.0,line-d-e10,33.1991701,-116.1511531,180.0,line-d-e14,33.1998076,-116.1503948,180.0,line-d-e15,33.1999670,-116.1502052,180.0,2026-08-20T15:34:48Z,dipole-dipole,4,5,1.441,555.3,197.272,7.309,0.00525,0.00093,0.00827;0.00788;0.00743;0.00645;0.00581;0.00523;0.00419;0.00331;0.00231;0.00200,
line-d-r00475,line-d,line-d-e09,33.1990107,-116.1513427,180.0,line-d-e10,33.1991701,-116.1511531,180.0,line-d-e14,33.1998076,-116.1503948,180.0,line-d-e15,33.1999670,-116.1502052,180.0,2026-08-20T15:35:00Z,dipole-dipole,4,7,1.289,620.9,201.979,6.819,0.00549,0.00122,0.00866;0.00816;0.00719;0.00684;0.00576;0.00520;0.00460;0.00385;0.00282;0.00196,
line-d-r00476,line-d,line-d-e09,33.1990107,-116.1513427,180.0,line-d-e10,33.1991701,-116.1511531,180.0,line-d-e14,33.1998076,-116.1503948,180.0,line-d-e15,33.1999670,-116.1502052,180.0,2026-08-20T15:35:12Z,dipole-dipole,4,3,1.771,451.6,187.117,6.403,0.00496,0.00095,0.00728;0.00790;0.00672;0.00668;0.00571;0.00476;0.00377;0.00316;0.00235;0.00183,
line-d-r00477,line-d,line-d-e09,33.1990107,-116.1513427,180.0,line-d-e10,33.1991701,-116.1511531,180.0,line-d-e15,33.1999670,-116.1502052,180.0,line-d-e16,33.2001264,-116.1500156,180.0,2026-08-20T15:35:24Z,dipole-dipole,5,5,1.597,500.9,200.038,6.381,0.00534,0.00107,0.00834;0.00771;0.00712;0.00671;0.00591;0.00533;0.00406;0.00317;0.00283;0.00188,
line-d-r00478,line-d,line-d-e09,33.1990107,-116.1513427,180.0,line-d-e10,33.1991701,-116.1511531,180.0,line-d-e15,33.1999670,-116.1502052,180.0,line-d-e16,33.2001264,-116.1500156,180.0,2026-08-20T15:35:36Z,dipole-dipole,5,8,1.416,564.8,194.244,7.215,0.00646,0.00118,0.01082;0.01086;0.00839;0.00794;0.00679;0.00617;0.00512;0.00419;0.00311;0.00232,
line-d-r00479,line-d,line-d-e09,33.1990107,-116.1513427,180.0,line-d-e10,33.1991701,-116.1511531,180.0,line-d-e15,33.1999670,-116.1502052,180.0,line-d-e16,33.2001264,-116.1500156,180.0,2026-08-20T15:35:48Z,dipole-dipole,5,3,1.765,453.3,191.612,5.924,0.00491,0.01052,0.00784;0.00736;0.00683;0.00579;0.00520;0.00413;0.00404;0.00305;0.00232;0.00175,
line-d-r00480,line-d,line-d-e09,33.1990107,-116.1513427,180.0,line-d-e10,33.1991701,-116.1511531,180.0,line-d-e15,33.1999670,-116.1502052,180.0,line-d-e16,33.2001264,-116.1500156,180.0,2026-08-20T15:36:00Z,dipole-dipole,5,4,1.447,552.8,204.348,6.296,0.00565,0.00079,0.00921;0.00855;0.00751;0.00699;0.00649;0.00586;0.00466;0.00363;0.00275;0.00187,
line-d-r00481,line-d,line-d-e09,33.1990107,-116.1513427,180.0,line-d-e10,33.1991701,-116.1511531,180.0,line-d-e15,33.1999670,-116.1502052,180.0,line-d-e16,33.2001264,-116.1500156,180.0,2026-08-20T15:36:12Z,dipole-dipole,5,4,1.685,474.7,200.588,4.088,0.00439,0.00092,0.00643;0.00742;0.00663;0.00502;0.00483;0.00434;0.00311;0.00307;0.00232;0.00167,
line-d-r00482,line-d,line-d-e09,33.1990107,-116.1513427,180.0,line-d-e10,33.1991701,-116.1511531,180.0,line-d-e15,33.1999670,-116.1502052,180.0,line-d-e16,33.2001264,-116.1500156,180.0,2026-08-20T15:36:24Z,dipole-dipole,5,3,2.000,331.5,200.396,8.380,0.00401,0.00107,0.00664;0.00622;0.00538;0.00499;0.00446;0.00419;0.00325;0.00237;0.00178;0.00147,
line-d-r00483,line-d,line-d-e09,33.1990107,-116.1513427,180.0,line-d-e10,33.1991701,-116.1511531,180.0,line-d-e15,33.1999670,-116.1502052,180.0,line-d-e16,33.2001264,-116.1500156,180.0,2026-08-20T15:36:36Z,dipole-dipole,5,8,1.204,664.3,197.671,6.473,0.00446,0.00084,0.00621;0.00675;0.00597;0.00526;0.00484;0.00435;0.00353;0.00296;0.00236;0.00149,
line-d-r00484,line-d,line-d-e09,33.1990107,-116.1513427,180.0,line-d-e10,33.1991701,-116.1511531,180.0,line-d-e16,33.2001264,-116.1500156,180.0,line-d-e17,33.2002858,-116.1498260,180.0,2026-08-20T15:36:48Z,dipole-dipole,6,5,1.602,499.3,-314.427,6.646,0.00357,0.00076,0.00571;0.00506;0.00493;0.00430;0.00378;0.00324;0.00259;0.00225;0.00175;0.00133,
line-d-r00485,line-d,line-d-e09,33.1990107,-116.1513427,180.0,line-d-e10,33.1991701,-116.1511531,180.0,line-d-e16,33.2001264,-116.1500156,180.0,line-d-e17,33.2002858,-116.1498260,180.0,2026-08-20T15:37:00Z,dipole-dipole,6,4,1.989,402.1,206.195,7.412,0.00402,0.00114,0.00635;0.00633;0.00565;0.00459;0.00473;0.00406;0.00340;0.00230;0.00197;0.00144,
line-d-r00486,line-d,line-d-e09,33.1990107,-116.1513427,180.0,line-d-e10,33.1991701,-116.1511531,180.0,line-d-e16,33.2001264,-116.1500156,180.0,line-d-e17,33.2002858,-116.1498260,180.0,2026-08-20T15:37:12Z,dipole-dipole,6,6,1.645,486.4,205.964,7.819,0.00429,0.00117,0.00694;0.00629;0.00619;0.00562;0.00403;0.00428;0.00339;0.00292;0.00218;0.00151,
line-d-r00487,line-d,line-d-e09,33.1990107,-116.1513427,180.0,line-d-e10,33.1991701,-116.1511531,180.0,line-d-e16,33.2001264,-116.1500156,180.0,line-d-e17,33.2002858,-116.1498260,180.0,2026-08-20T15:37:24Z,dipole-dipole,6,5,1.476,542.1,201.446,8.702,0.00529,0.00083,0.00836;0.00756;0.00668;0.00762;0.00590;0.00468;0.00408;0.00310;0.00261;0.00194,
line-d-r00488,line-d,line-d-e09,33.1990107,-116.1513427,180.0,line-d-e10,33.1991701,-116.1511531,180.0,line-d-e16,33.2001264,-116.1500156,180.0,line-d-e17,33.2002858,-116.1498260,180.0,2026-08-20T15:37:36Z,dipole-dipole,6,5,1.959,408.4,-239.359,5.948,0.00413,0.00114,0.00646;0.00620;0.00528;0.00504;0.00481;0.00376;0.00342;0.00237;0.00188;0.00144,
line-d-r00489,line-d,line-d-e09,33.1990107,-116.1513427,180.0,line-d-e10,33.1991701,-116.1511531,180.0,line-d-e16,33.2001264,-116.1500156,180.0,line-d-e17,33.2002858,-116.1498260,180.0,2026-08-20T15:37:48Z,dipole-dipole,6,4,1.713,466.9,198.667,6.543,0.00504,0.00119,0.00806;0.00741;0.00652;0.00644;0.00593;0.00524;0.00368;0.00353;0.00236;0.00170,
line-d-r00490,line-d,line-d-e09,33.1990107,-116.1513427,180.0,line-d-e10,33.1991701,-116.1511531,180.0,line-d-e17,33.2002858,-116.1498260,180.0,line-d-e18,33.2004452,-116.1496364,180.0,2026-08-20T15:38:00Z,dipole-dipole,7,5,1.683,475.4,205.832,8.109,0.00495,0.00092,0.00818;0.00730;0.00630;0.00606;0.00585;0.00472;0.00443;0.00310;0.00230;0.00163,
line-d-r00491,line-d,line-d-e09,33.1990107,-116.1513427,180.0,line-d-e10,33.1991701,-116.1511531,180.0,line-d-e17,33.2002858,-116.1498260,180.0,line-d-e18,33.2004452,-116.1496364,180.0,2026-08-20T15:38:12Z,dipole-dipole,7,7,1.565,511.3,204.678,7.796,0.00539,0.00129,0.00917;0.00710;0.00798;0.00742;0.00595;0.00498;0.00464;0.00327;0.00252;0.00186,
line-d-r00492,line-d,line-d-e09,33.1990107,-116.1513427,180.0,line-d-e10,33.1991701,-116.1511531,180.0,line-d-e17,33.2002858,-116.1498260,180.0,line-d-e18,33.2004452,-116.1496364,180.0,2026-08-20T15:38:24Z,dipole-dipole,7,3,1.744,458.7,205.800,8.695,0.00232,0.00295,0.00353;0.00358;0.00304;0.00325;0.00247;0.00219;0.00188;0.00149;0.00109;0.00085,
line-d-r00493,line-d,line-d-e09,33.1990107,-116.1513427,180.0,line-d-e10,33.1991701,-116.1511531,180.0,line-d-e17,33.2002858,-116.1498260,180.0,line-d-e18,33.2004452,-116.1496364,180.0,2026-08-20T15:38:36Z,dipole-dipole,7,3,1.869,428.0,208.823,7.619,0.00536,0.00123,0.00856;0.00771;0.00739;0.00651;0.00617;0.00468;0.00447;0.00368;0.00256;0.00182,
line-d-r00494,line-d,line-d-e09,33.1990107,-116.1513427,180.0,line-d-e10,33.1991701,-116.1511531,180.0,line-d-e17,33.2002858,-116.1498260,180.0,line-d-e18,33.2004452,-116.1496364,180.0,2026-08-20T15:38:48Z,dipole-dipole,7,5,1.567,510.5,212.541,6.108,0.00675,0.00097,0.01065;0.01010;0.00982;0.00885;0.00818;0.00713;0.00607;0.00414;0.00327;0.00252,
line-d-r00495,line-d,line-d-e09,33.1990107,-116.1513427,180.0,line-d-e10,33.1991701,-116.1511531,180.0,line-d-e17,33.2002858,-116.1498260,180.0,line-d-e18,33.2004452,-116.1496364,180.0,2026-08-20T15:39:00Z,dipole-dipole,7,6,1.743,459.0,196.598,5.211,0.00413,0.00121,0.00706;0.00629;0.00568;0.00514;0.00462;0.00408;0.00327;0.00269;0.00181;0.00164,
line-d-r00496,line-d,line-d-e09,33.1990107,-116.1513427,180.0,line-d-e10,33.1991701,-116.1511531,180.0,line-d-e17,33.2002858,-116.1498260,180.0,line-d-e18,33.2004452,-116.1496364,180.0,2026-08-20T15:39:12Z,dipole-dipole,7,8,1.857,430.9,196.800,7.884,0.00600,0.00141,0.01004;0.00829;0.00863;0.00716;0.00740;0.00595;0.00429;0.00369;0.00313;0.00210,
line-d-r00497,line-d,line-d-e09,33.1990107,-116.1513427,180.0,line-d-e10,33.1991701,-116.1511531,180.0,line-d-e17,33.2002858,-116.1498260,180.0,line-d-e18,33.2004452,-116.1496364,180.0,2026-08-20T15:39:24Z,dipole-dipole,7,6,1.809,442.3,196.416,7.866,0.00426,0.00140,0.00624;0.00645;0.00588;0.00543;0.00464;0.00405;0.00328;0.00243;0.00231;0.00156,
line-d-r00498,line-d,line-d-e09,33.1990107,-116.1513427,180.0,line-d-e10,33.1991701,-116.1511531,180.0,line-d-e18,33.2004452,-116.1496364,180.0,line-d-e19,33.2006046,-116.1494468,180.0,2026-08-20T15:39:36Z,dipole-dipole,8,3,1.830,437.3,189.987,9.762,0.00358,0.00100,0.00631;0.00517;0.00492;0.00434;0.00341;0.00346;0.00290;0.00240;0.00186;0.00133,
line-d-r00499,line-d,line-d-e09,33.1990107,-116.1513427,180.0,line-d-e10,33.1991701,-116.1511531,180.0,line-d-e18,33.2004452,-116.1496364,180.0,line-d-e19,33.2006046,-116.1494468,180.0,2026-08-20T15:39:48Z,dipole-dipole,8,4,1.309,611.2,203.100,8.489,0.00345,0.00081,0.00525;0.00522;0.00536;0.00479;0.00419;0.00295;0.00272;0.00224;0.00175;0.00125,
line-d-r00500,line-d,line-d-e09,33.1990107,-116.1513427,180.0,line-d-e10,33.1991701,-116.1511531,180.0,line-d-e18,33.2004452,-116.1496364,180.0,line-d-e19,33.2006046,-116.1494468,180.0,2026-08-20T15:40:00Z,dipole-dipole,8,8,1.450,551.9,207.575,6.682,0.00482,0.00103,0.00716;0.00701;0.00611;0.00565;0.00486;0.00406;0.00391;0.00300;0.00271;0.00177,
line-d-r00501,line-d,line-d-e09,33.1990107,-116.1513427,180.0,line-d-e10,,,,line-d-e18,33.2004452,-116.1496364,180.0,line-d-e19,33.2006046,-116.1494468,180.0,2026-08-20T15:40:12Z,dipole-dipole,8,6,1.684,475.0,202.222,5.976,0.00358,0.00140,0.00594;0.00525;0.00486;0.00421;0.00409;0.00360;0.00268;0.00229;0.00181;0.00118,
line-d-r00502,line-d,line-d-e09,33.1990107,-116.1513427,180.0,line-d-e10,33.1991701,-116.1511531,180.0,line-d-e18,33.2004452,-116.1496364,180.0,line-d-e19,33.2006046,-116.1494468,180.0,2026-08-20T15:40:24Z,dipole-dipole,8,6,1.526,524.1,189.051,9.175,0.00618,0.00092,0.00997;0.00855;0.00873;0.00768;0.00721;0.00543;0.00484;0.00401;0.00329;0.00213,
line-d-r00503,line-d,line-d-e09,33.1990107,-116.1513427,180.0,line-d-e10,33.1991701,-116.1511531,180.0,line-d-e18,33.2004452,-116.1496364,180.0,line-d-e19,33.2006046,-116.1494468,180.0,2026-08-20T15:40:36Z,dipole-dipole,8,7,2.000,365.3,210.548,7.360,0.00580,0.00102,0.00855;0.00968;0.00779;0.00710;0.00691;0.00578;0.00467;0.00379;0.00277;0.00193,
line-d-r00504,line-d,line-d-e09,33.1990107,-116.1513427,180.0,line-d-e10,33.1991701,-116.1511531,180.0,line-d-e18,33.2004452,-116.1496364,180.0,line-d-e19,33.2006046,-116.1494468,180.0,2026-08-20T15:40:48Z,dipole-dipole,8,4,1.620,493.8,211.128,9.611,0.00290,0.00099,0.00450;0.00438;0.00357;0.00406;0.00285;0.00260;0.00215;0.00185;0.00124;0.00107,
line-d-r00505,line-d,line-d-e09,33.1990107,-116.1513427,180.0,line-d-e10,33.1991701,-116.1511531,180.0,line-d-e18,33.2004452,-116.1496364,180.0,line-d-e19,33.2006046,-116.1494468,180.0,2026-08-20T15:41:00Z,dipole-dipole,8,6,1.584,505.0,199.505,8.728,0.00466,0.00102,0.00754;0.00698;0.00631;0.00593;0.00516;0.00411;0.00342;0.00303;0.00233;0.00173,
line-d-r00506,line-d,line-d-e10,33.1991701,-116.1511531,180.0,line-d-e11,33.1993294,-116.1509636,180.0,line-d-e12,33.1994888,-116.1507740,180.0,line-d-e13,33.1996482,-116.1505844,180.0,2026-08-20T15:41:12Z,dipole-dipole,1,7,1.191,671.8,219.217,7.573,0.00413,0.00094,0.00781;0.00620;0.00570;0.00541;0.00488;0.00389;0.00329;0.00249;0.00214;0.00148,
line-d-r00507,line-d,line-d-e10,33.1991701,-116.1511531,180.0,line-d-e11,33.1993294,-116.1509636,180.0,line-d-e12,33.1994888,-116.1507740,180.0,line-d-e13,,,,2026-08-20T15:41:24Z,dipole-dipole,1,7,1.050,762.0,212.911,7.514,0.00529,0.00098,0.00784;0.00792;0.00773;0.00604;0.00567;0.00586;0.00409;0.00330;0.00278;0.00178,
line-d-r00508,line-d,line-d-e10,33.1991701,-116.1511531,180.0,line-d-e11,33.1993294,-116.1509636,180.0,line-d-e12,33.1994888,-116.1507740,180.0,line-d-e13,33.1996482,-116.1505844,180.0,2026-08-20T15:41:36Z,dipole-dipole,1,8,1.296,617.3,203.928,7.565,0.00583,0.00125,0.00874;0.00825;0.00759;0.00712;0.00606;0.00536;0.00441;0.00399;0.00315;0.00215,
line-d-r00509,line-d,line-d-e10,33.1991701,-116.1511531,180.0,line-d-e11,33.1993294,-116.1509636,180.0,line-d-e12,33.1994888,-116.1507740,180.0,line-d-e13,33.1996482,-116.1505844,180.0,2026-08-20T15:41:48Z,dipole-dipole,1,3,1.574,508.1,217.428,8.086,0.00675,0.00078,0.01050;0.01058;0.00936;0.00834;0.00783;0.00606;0.00510;0.00428;0.00300;0.00233,
line-d-r00510,line-d,line-d-e10,33.1991701,-116.1511531,180.0,line-d-e11,33.1993294,-116.1509636,180.0,line-d-e12,33.1994888,-116.1507740,180.0,line-d-e13,33.1996482,-116.1505844,180.0,2026-08-20T15:42:00Z,dipole-dipole,1,6,1.356,590.0,207.185,9.005,0.00447,0.00109,0.00807;0.00707;0.00684;0.00531;0.00471;0.00397;0.00349;0.00274;0.00228;0.00178,
line-d-r00511,line-d,line-d-e10,33.1991701,-116.1511531,180.0,line-d-e11,33.1993294,-116.1509636,180.0,line-d-e12,33.1994888,-116.1507740,180.0,line-d-e13,33.1996482,-116.1505844,180.0,2026-08-20T15:42:12Z,dipole-dipole,1,4,1.469,544.7,202.436,7.193,0.00456,0.00111,0.00692;0.00680;0.00645;0.00588;0.00477;0.00432;0.00365;0.00273;0.00234;0.00165,
line-d-r00512,line-d,line-d-e10,33.1991701,-116.1511531,180.0,line-d-e11,33.1993294,-116.1509636,180.0,line-d-e13,33.1996482,-116.1505844,180.0,line-d-e14,33.1998076,-116.1503948,180.0,2026-08-20T15:42:24Z,dipole-dipole,2,3,1.405,569.3,195.523,7.803,0.00593,0.00099,0.00878;0.00807;0.00966;0.00708;0.00630;0.00484;0.00508;0.00391;0.00334;0.00227,
line-d-r00513,line-d,line-d-e10,33.1991701,-116.1511531,180.0,line-d-e11,33.1993294,-116.1509636,180.0,line-d-e13,33.1996482,-116.1505844,180.0,line-d-e14,33.1998076,-116.1503948,180.0,2026-08-20T15:42:36Z,dipole-dipole,2,3,1.213,659.6,184.304,7.138,0.00434,0.00091,0.00749;0.00657;0.00565;0.00535;0.00466;0.00399;0.00361;0.00272;0.00227;0.00147,
line-d-r00514,line-d,line-d-e10,33.1991701,-116.1511531,180.0,line-d-e11,33.1993294,-116.1509636,180.0,line-d-e13,33.1996482,-116.1505844,180.0,line-d-e14,33.1998076,-116.1503948,180.0,2026-08-20T15:42:48Z,dipole-dipole,2,5,1.374,582.4,204.547,8.455,0.00596,0.00102,0.00901;0.00915;0.00755;0.00753;0.00632;0.00582;0.00475;0.00366;0.00286;0.00230,
line-d-r00515,line-d,line-d-e10,33.1991701,-116.1511531,180.0,line-d-e11,33.1993294,-116.1509636,180.0,line-d-e13,33.1996482,-116.1505844,180.0,line-d-e14,33.1998076,-116.1503948,180.0,2026-08-20T15:43:00Z,dipole-dipole,2,6,1.416,565.1,212.790,5.865,0.00510,0.00138,0.00857;0.00785;0.00624;0.00596;0.00541;0.00482;0.00397;0.00334;0.00257;0.00185,
line-d-r00516,line-d,line-d-e10,33.1991701,-116.1511531,180.0,line-d-e11,33.1993294,-116.1509636,180.0,line-d-e13,33.1996482,-116.1505844,180.0,line-d-e14,33.1998076,-116.1503948,180.0,2026-08-20T15:43:12Z,dipole-dipole,2,5,1.542,518.8,192.264,7.424,0.00415,0.00102,0.00682;0.00565;0.00604;0.00469;0.00438;0.00399;0.00334;0.00276;0.00221;0.00139,
line-d-r00517,line-d,line-d-e10,33.1991701,-116.1511531,180.0,line-d-e11,33.1993294,-116.1509636,180.0,line-d-e13,33.1996482,-116.1505844,180.0,line-d-e14,33.1998076,-116.1503948,180.0,2026-08-20T15:43:24Z,dipole-dipole,2,7,1.168,684.7,194.666,8.023,0.00641,0.00113,0.01058;0.01020;0.01018;0.00753;0.00668;0.00644;0.00488;0.00411;0.00328;0.00236,
line-d-r00518,line-d,line-d-e10,33.1991701,-116.1511531,180.0,line-d-e11,33.1993294,-116.1509636,180.0,line-d-e14,33.1998076,-116.1503948,180.0,line-d-e15,33.1999670,-116.1502052,180.0,2026-08-20T15:43:36Z,dipole-dipole,3,3,1.679,476.4,209.561,6.396,0.00510,0.00131,0.00828;0.00782;0.00723;0.00618;0.00554;0.00452;0.00395;0.00331;0.00257;0.00176,
line-d-r00519,line-d,line-d-e10,33.1991701,-116.1511531,180.0,line-d-e11,33.1993294,-116.1509636,180.0,line-d-e14,33.1998076,-116.1503948,180.0,line-d-e15,33.1999670,-116.1502052,180.0,2026-08-20T15:43:48Z,dipole-dipole,3,6,2.000,400.0,199.677,9.994,0.00424,0.00104,0.00646;0.00660;0.00574;0.00427;0.00432;0.00387;0.00340;0.00274;0.00224;0.00134,
line-d-r00520,line-d,line-d-e10,33.1991701,-116.1511531,180.0,line-d-e11,33.1993294,-116.1509636,180.0,line-d-e14,33.1998076,-116.1503948,180.0,line-d-e15,33.1999670,-116.1502052,180.0,2026-08-20T15:44:00Z,dipole-dipole,3,3,1.254,638.0,209.195,8.411,0.00508,0.00108,0.00779;0.00699;0.00689;0.00655;0.00578;0.00431;0.00374;0.00308;0.00279;0.00172,
line-d-r00521,line-d,line-d-e10,33.1991701,-116.1511531,180.0,line-d-e11,33.1993294,-116.1509636,180.0,line-d-e14,33.1998076,-116.1503948,180.0,line-d-e15,33.1999670,-116.1502052,180.0,2026-08-20T15:44:12Z,dipole-dipole,3,7,2.000,389.2,195.183,6.389,0.00502,0.00144,0.00821;0.00761;0.00589;0.00558;0.00519;0.00455;0.00415;0.00307;0.00259;0.00166,
line-d-r00522,line-d,line-d-e10,33.1991701,-116.1511531,180.0,line-d-e11,33.1993294,-116.1509636,180.0,line-d-e14,33.1998076,-116.1503948,180.0,line-d-e15,33.1999670,-116.1502052,180.0,2026-08-20T15:44:24Z,dipole-dipole,3,6,1.396,573.1,200.889,6.482,0.00358,0.00141,0.00563;0.00504;0.00486;0.00440;0.00392;0.00359;0.00287;0.00219;0.00162;0.00131,
line-d-r00523,line-d,line-d-e10,33.1991701,-116.1511531,180.0,line-d-e11,33.1993294,-116.1509636,180.0,line-d-e14,33.1998076,-116.1503948,180.0,line-d-e15,33.1999670,-116.1502052,180.0,2026-08-20T15:44:36Z,dipole-dipole,3,3,1.812,441.6,212.098,7.594,0.00407,0.00091,0.00649;0.00669;0.00597;0.00475;0.00451;0.00424;0.00340;0.00242;0.00206;0.00146,
line-d-r00524,line-d,line-d-e10,33.1991701,-116.1511531,180.0,line-d-e11,33.1993294,-116.1509636,180.0,line-d-e14,33.1998076,-116.1503948,180.0,line-d-e15,33.1999670,-116.1502052,180.0,2026-08-20T15:44:48Z,dipole-dipole,3,7,1.418,564.1,197.412,6.661,0.00297,0.00137,0.00427;0.00400;0.00417;0.00369;0.00325;0.00258;0.00247;0.00188;0.00147;0.00108,
line-d-r00525,line-d,line-d-e10,33.1991701,-116.1511531,180.0,line-d-e11,,,,line-d-e14,33.1998076,-116.1503948,180.0,line-d-e15,33.1999670,-116.1502052,180.0,2026-08-20T15:45:00Z,dipole-dipole,3,5,1.317,607.2,187.711,6.238,0.00430,0.00104,0.00625;0.00622;0.00597;0.00489;0.00409;0.00401;0.00319;0.00276;0.00219;0.00145,
line-d-r00526,line-d,line-d-e10,33.1991701,-116.1511531,180.0,line-d-e11,33.1993294,-116.1509636,180.0,line-d-e15,33.1999670,-116.1502052,180.0,line-d-e16,33.2001264,-116.1500156,180.0,2026-08-20T15:45:12Z,dipole-dipole,4,3,1.496,534.9,207.372,298.491,0.00355,0.00122,0.00573;0.00564;0.00533;0.00439;0.00354;0.00338;0.00283;0.00248;0.00175;0.00125,
line-d-r00527,line-d,line-d-e10,33.1991701,-116.1511531,180.0,line-d-e11,33.1993294,-116.1509636,180.0,line-d-e15,33.1999670,-116.1502052,180.0,line-d-e16,33.2001264,-116.1500156,180.0,2026-08-20T15:45:24Z,dipole-dipole,4,3,1.377,580.9,188.570,7.300,0.00408,0.00117,0.00662;0.00572;0.00563;0.00528;0.00474;0.00405;0.00315;0.00253;0.00220;0.00158,
line-d-r00528,line-d,line-d-e10,33.1991701,-116.1511531,180.0,line-d-e11,33.1993294,-116.1509636,180.0,line-d-e15,33.1999670,-116.1502052,180.0,line-d-e16,33.2001264,-116.1500156,180.0,2026-08-20T15:45:36Z,dipole-dipole,4,7,1.479,540.8,200.853,8.427,0.00237,0.00112,0.00359;0.00346;0.00326;0.00328;0.00266;0.00230;0.00188;0.00162;0.00115;0.00081,
line-d-r00529,line-d,line-d-e10,33.1991701,-116.1511531,180.0,line-d-e11,33.1993294,-116.1509636,180.0,line-d-e15,33.1999670,-116.1502052,180.0,line-d-e16,33.2001264,-116.1500156,180.0,2026-08-20T15:45:48Z,dipole-dipole,4,3,1.425,561.3,212.734,7.579,0.00423,0.00085,0.00680;0.00598;0.00543;0.00581;0.00464;0.00387;0.00342;0.00275;0.00234;0.00149,
line-d-r00530,line-d,line-d-e10,33.1991701,-116.1511531,180.0,line-d-e11,33.1993294,-116.1509636,180.0,line-d-e15,33.1999670,-116.1502052,180.0,line-d-e16,33.2001264,-116.1500156,180.0,2026-08-20T15:46:00Z,dipole-dipole,4,7,1.479,540.8,204.396,6.388,0.00464,0.00094,0.00844;0.00726;0.00630;0.00599;0.00478;0.00450;0.00362;0.00314;0.00235;0.00181,
line-d-r00531,line-d,line-d-e10,33.1991701,-116.1511531,180.0,line-d-e11,33.1993294,-116.1509636,180.0,line-d-e15,33.1999670,-116.1502052,180.0,line-d-e16,33.2001264,-116.1500156,180.0,2026-08-20T15:46:12Z,dipole-dipole,4,3,1.337,598.2,197.545,8.623,0.00493,0.00115,0.00881;0.00745;0.00743;0.00603;0.00510;0.00491;0.00385;0.00315;0.00225;0.00148,
line-d-r00532,line-d,line-d-e10,33.1991701,-116.1511531,180.0,line-d-e11,33.1993294,-116.1509636,180.0,line-d-e15,33.1999670,-116.1502052,180.0,line-d-e16,33.2001264,-116.1500156,180.0,2026-08-20T15:46:24Z,dipole-dipole,4,3,1.733,461.7,198.959,7.529,0.00489,0.00121,0.00728;0.00743;0.00622;0.00606;0.00516;0.00474;0.00358;0.00293;0.00226;0.00170,
line-d-r00533,line-d,line-d-e10,33.1991701,-116.1511531,180.0,line-d-e11,33.1993294,-116.1509636,180.0,line-d-e16,33.2001264,-116.1500156,180.0,line-d-e17,33.2002858,-116.1498260,180.0,2026-08-20T15:46:36Z,dipole-dipole,5,6,1.068,749.1,216.097,7.012,0.00508,0.00105,0.00795;0.00712;0.00737;0.00639;0.00554;0.00438;0.00405;0.00339;0.00242;0.00178,
line-d-r00534,line-d,line-d-e10,33.1991701,-116.1511531,180.0,line-d-e11,33.1993294,-116.1509636,180.0,line-d-e16,33.2001264,-116.1500156,180.0,line-d-e17,33.2002858,-116.1498260,180.0,2026-08-20T15:46:48Z,dipole-dipole,5,6,1.547,517.0,199.514,9.086,0.00333,0.00107,0.00528;0.00530;0.00465;0.00420;0.00384;0.00314;0.00280;0.00202;0.00175;0.00112,
line-d-r00535,line-d,line-d-e10,33.1991701,-116.1511531,180.0,line-d-e11,33.1993294,-116.1509636,180.0,line-d-e16,33.2001264,-116.1500156,180.0,line-d-e17,33.2002858,-116.1498260,180.0,2026-08-20T15:47:00Z,dipole-dipole,5,8,1.816,440.6,-207.104,9.068,0.00593,0.00101,0.00924;0.00899;0.00769;0.00720;0.00675;0.00541;0.00447;0.00385;0.00282;0.00192,
line-d-r00536,line-d,line-d-e10,33.1991701,-116.1511531,180.0,line-d-e11,33.1993294,-116.1509636,180.0,line-d-e16,33.2001264,-116.1500156,180.0,line-d-e17,33.2002858,-116.1498260,180.0,2026-08-20T15:47:12Z,dipole-dipole,5,7,1.415,565.2,194.106,5.626,0.00608,0.00131,0.00903;0.00904;0.00870;0.00812;0.00719;0.00577;0.00489;0.00397;0.00266;0.00221,
line-d-r00537,line-d,line-d-e10,33.1991701,-116.1511531,180.0,line-d-e11,33.1993294,-116.1509636,180.0,line-d-e16,33.2001264,-116.1500156,180.0,line-d-e17,33.2002858,-116.1498260,180.0,2026-08-20T15:47:24Z,dipole-dipole,5,7,0.962,831.4,192.967,7.623,0.00319,0.00113,0.00499;0.00446;0.00438;0.00427;0.00343;0.00269;0.00212;0.00209;0.00148;0.00104,
line-d-r00538,line-d,line-d-e10,33.1991701,-116.1511531,180.0,line-d-e11,33.1993294,-116.1509636,180.0,line-d-e16,33.2001264,-116.1500156,180.0,line-d-e17,33.2002858,-116.1498260,180.0,2026-08-20T15:47:36Z,dipole-dipole,5,4,1.967,406.8,210.353,6.207,0.00352,0.00126,0.00509;0.00522;0.00534;0.00457;0.00364;0.00330;0.00253;0.00220;0.00160;0.00120,
line-d-r00539,line-d,line-d-e10,33.1991701,-116.1511531,180.0,line-d-e11,33.1993294,-116.1509636,180.0,line-d-e16,33.2001264,-116.1500156,180.0,line-d-e17,33.2002858,-116.1498260,180.0,2026-08-20T15:47:48Z,dipole-dipole,5,8,1.233,648.8,200.394,8.095,0.00607,0.00121,0.00997;0.00886;0.00793;0.00755;0.00695;0.00560;0.00488;0.00413;0.00327;0.00248,
line-d-r00540,line-d,line-d-e10,33.1991701,-116.1511531,180.0,line-d-e11,33.1993294,-116.1509636,180.0,line-d-e17,33.2002858,-116.1498260,180.0,line-d-e18,33.2004452,-116.1496364,180.0,2026-08-20T15:48:00Z,dipole-dipole,6,5,1.062,753.4,195.946,7.879,0.00594,0.00134,0.00862;0.00779;0.00849;0.00743;0.00639;0.00565;0.00481;0.00363;0.00295;0.00187,
line-d-r00541,line-d,line-d-e10,33.1991701,-116.1511531,180.0,line-d-e11,33.1993294,-116.1509636,180.0,line-d-e17,,,,line-d-e18,33.2004452,-116.1496364,180.0,2026-08-20T15:48:12Z,dipole-dipole,6,3,1.290,620.1,209.980,6.677,0.00619,0.00106,0.00941;0.00960;0.00853;0.00834;0.00659;0.00591;0.00495;0.00389;0.00292;0.00225,
line-d-r00542,line-d,line-d-e10,33.1991701,-116.1511531,180.0,line-d-e11,33.1993294,-116.1509636,180.0,line-d-e17,33.2002858,-116.1498260,180.0,line-d-e18,33.2004452,-116.1496364,180.0,2026-08-20T15:48:24Z,dipole-dipole,6,6,1.250,640.0,190.053,7.781,0.00443,0.00092,0.00666;0.00724;0.00564;0.00482;0.00504;0.00397;0.00324;0.00271;0.00210;0.00143,
line-d-r00543,line-d,line-d-e10,33.1991701,-116.1511531,180.0,line-d-e11,33.1993294,-116.1509636,180.0,line-d-e17,33.2002858,-116.1498260,180.0,line-d-e18,33.2004452,-116.1496364,180.0,2026-08-20T15:48:36Z,dipole-dipole,6,6,1.229,650.7,-248.494,6.878,0.00429,0.00100,0.00727;0.00617;0.00558;0.00533;0.00419;0.00387;0.00353;0.00268;0.00220;0.00146,
line-d-r00544,line-d,line-d-e10,33.1991701,-116.1511531,180.0,line-d-e11,33.1993294,-116.1509636,180.0,line-d-e17,33.2002858,-116.1498260,180.0,line-d-e18,33.2004452,-116.1496364,180.0,2026-08-20T15:48:48Z,dipole-dipole,6,7,1.363,587.2,188.590,7.842,0.00428,0.00086,0.00685;0.00689;0.00574;0.00510;0.00409;0.00413;0.00336;0.00288;0.00201;0.00147,
line-d-r00545,line-d,line-d-e10,33.1991701,-116.1511531,180.0,line-d-e11,33.1993294,-116.1509636,180.0,line-d-e17,33.2002858,-116.1498260,180.0,line-d-e18,33.2004452,-116.1496364,180.0,2026-08-20T15:49:00Z,dipole-dipole,6,6,1.491,536.7,189.561,8.465,0.00660,0.00095,0.01078;0.01032;0.00907;0.00759;0.00710;0.00653;0.00528;0.00392;0.00305;0.00221,
line-d-r00546,line-d,line-d-e10,33.1991701,-116.1511531,180.0,line-d-e11,33.1993294,-116.1509636,180.0,line-d-e18,33.2004452,-116.1496364,180.0,line-d-e19,33.2006046,-116.1494468,180.0,2026-08-20T15:49:12Z,dipole-dipole,7,6,1.176,680.0,197.953,6.691,0.00387,0.00108,0.00656;0.00573;0.00529;0.00480;0.00462;0.00366;0.00301;0.00239;0.00184;0.00146,
line-d-r00547,line-d,line-d-e10,33.1991701,-116.1511531,180.0,line-d-e11,33.1993294,-116.1509636,180.0,line-d-e18,33.2004452,-116.1496364,180.0,line-d-e19,33.2006046,-116.1494468,180.0,2026-08-20T15:49:24Z,dipole-dipole,7,3,1.214,658.9,201.844,8.540,0.00521,0.00096,0.00848;0.00770;0.00727;0.00609;0.00565;0.00558;0.00429;0.00331;0.00234;0.00199,
line-d-r00548,line-d,line-d-e10,33.1991701,-116.1511531,180.0,line-d-e11,33.1993294,-116.1509636,180.0,line-d-e18,33.2004452,-116.1496364,180.0,line-d-e19,33.2006046,-116.1494468,180.0,2026-08-20T15:49:36Z,dipole-dipole,7,6,1.382,578.9,201.601,7.962,0.00413,0.00119,0.00687;0.00622;0.00554;0.00509;0.00468;0.00393;0.00315;0.00278;0.00192;0.00141,
line-d-r00549,line-d,line-d-e10,33.1991701,-116.1511531,180.0,line-d-e11,33.1993294,-116.1509636,180.0,line-d-e18,33.2004452,-116.1496364,180.0,line-d-e19,33.2006046,-116.1494468,180.0,2026-08-20T15:49:48Z,dipole-dipole,7,4,1.540,519.6,202.870,6.771,0.00452,0.00098,0.00685;0.00620;0.00637;0.00579;0.00472;0.00415;0.00375;0.00280;0.00219;0.00156,
line-d-r00550,line-d,line-d-e10,33.1991701,-116.1511531,180.0,line-d-e11,33.1993294,-116.1509636,180.0,line-d-e18,33.2004452,-116.1496364,180.0,line-d-e19,33.2006046,-116.1494468,180.0,2026-08-20T15:50:00Z,dipole-dipole,7,4,1.700,470.6,205.790,6.155,0.00467,0.00080,0.00731;0.00757;0.00627;0.00572;0.00512;0.00458;0.00341;0.00275;0.00208;0.00164,
line-d-r00551,line-d,line-d-e10,33.1991701,-116.1511531,180.0,line-d-e11,33.1993294,-116.1509636,180.0,line-d-e18,33.2004452,-116.1496364,180.0,line-d-e19,33.2006046,-116.1494468,180.0,2026-08-20T15:50:12Z,dipole-dipole,7,8,1.687,474.2,199.365,7.434,0.00563,0.00074,0.01005;0.00911;0.00812;0.00705;0.00610;0.00538;0.00451;0.00352;0.00283;0.00227,
line-d-r00552,line-d,line-d-e10,33.1991701,-116.1511531,180.0,line-d-e11,33.1993294,-116.1509636,180.0,line-d-e18,33.2004452,-116.1496364,180.0,line-d-e19,33.2006046,-116.1494468,180.0,2026-08-20T15:50:24Z,dipole-dipole,7,4,1.345,594.7,211.296,8.377,0.00499,0.00070,0.00770;0.00768;0.00698;0.00628;0.00522;0.00495;0.00400;0.00315;0.00251;0.00171,
line-d-r00553,line-d,line-d-e10,33.1991701,-116.1511531,180.0,line-d-e11,33.1993294,-116.1509636,180.0,line-d-e18,33.2004452,-116.1496364,180.0,line-d-e19,33.2006046,-116.1494468,180.0,2026-08-20T15:50:36Z,dipole-dipole,7,3,1.578,507.0,204.565,6.310,0.00617,0.00094,0.01044;0.00974;0.00903;0.00813;0.00623;0.00643;0.00477;0.00435;0.00312;0.00219,
line-d-r00554,line-d,line-d-e10,33.1991701,-116.1511531,180.0,line-d-e11,33.1993294,-116.1509636,180.0,line-d-e19,33.2006046,-116.1494468,180.0,line-d-e20,33.2007640,-116.1492572,180.0,2026-08-20T15:50:48Z,dipole-dipole,8,5,1.741,459.4,201.383,8.040,0.00520,0.00095,0.00838;0.00844;0.00686;0.00676;0.00570;0.00478;0.00434;0.00337;0.00262;0.00186,
line-d-r00555,line-d,line-d-e10,33.1991701,-116.1511531,180.0,line-d-e11,33.1993294,-116.1509636,180.0,line-d-e19,33.2006046,-116.1494468,180.0,line-d-e20,33.2007640,-116.1492572,180.0,2026-08-20T15:51:00Z,dipole-dipole,8,5,1.552,515.5,195.783,6.766,0.00641,0.00092,0.00996;0.00903;0.00972;0.00751;0.00690;0.00612;0.00520;0.00393;0.00321;0.00225,
line-d-r00556,line-d,line-d-e10,33.1991701,-116.1511531,180.0,line-d-e11,33.1993294,-116.1509636,180.0,line-d-e19,33.2006046,-116.1494468,180.0,line-d-e20,33.2007640,-116.1492572,180.0,2026-08-20T15:51:12Z,dipole-dipole,8,7,1.456,549.5,200.005,8.336,0.00637,0.00098,0.01007;0.01011;0.00887;0.00786;0.00634;0.00582;0.00504;0.00408;0.00313;0.00197,
line-d-r00557,line-d,line-d-e10,33.1991701,-116.1511531,180.0,line-d-e11,33.1993294,-116.1509636,180.0,line-d-e19,33.2006046,-116.1494468,180.0,line-d-e20,33.2007640,-116.1492572,180.0,2026-08-20T15:51:24Z,dipole-dipole,8,5,1.373,582.8,195.324,7.981,0.00623,0.00108,0.01007;0.00904;0.00883;0.00755;0.00577;0.00565;0.00449;0.00430;0.00326;0.00220,
line-d-r00558,line-d,line-d-e10,33.1991701,-116.1511531,180.0,line-d-e11,33.1993294,-116.1509636,180.0,line-d-e19,33.2006046,-116.1494468,180.0,line-d-e20,33.2007640,-116.1492572,180.0,2026-08-20T15:51:36Z,dipole-dipole,8,3,1.269,630.3,208.062,6.997,0.00480,0.00101,0.00746;0.00730;0.00662;0.00677;0.00569;0.00437;0.00381;0.00303;0.00276;0.00181,
line-d-r00559,line-d,line-d-e10,33.1991701,-116.1511531,180.0,line-d-e11,33.1993294,-116.1509636,180.0,line-d-e19,33.2006046,-116.1494468,180.0,line-d-e20,33.2007640,-116.1492572,180.0,2026-08-20T15:51:48Z,dipole-dipole,8,4,1.344,595.1,196.788,7.633,0.00431,0.00096,0.00676;0.00651;0.00564;0.00547;0.00479;0.00451;0.00313;0.00268;0.00207;0.00163,
line-d-r00560,line-d,line-d-e10,33.1991701,-116.1511531,180.0,line-d-e11,33.1993294,-116.1509636,180.0,line-d-e19,33.2006046,-116.1494468,180.0,line-d-e20,33.2007640,-116.1492572,180.0,2026-08-20T15:52:00Z,dipole-dipole,8,3,1.828,437.6,196.139,8.975,0.00593,0.00117,0.00946;0.00867;0.00793;0.00704;0.00704;0.00507;0.00456;0.00360;0.00288;0.00201,
line-d-r00561,line-d,line-d-e11,33.1993294,-116.1509636,180.0,line-d-e12,33.1994888,-116.1507740,180.0,line-d-e13,33.1996482,-116.1505844,180.0,line-d-e14,33.1998076,-116.1503948,180.0,2026-08-20T15:52:12Z,dipole-dipole,1,7,1.622,493.1,199.548,8.732,0.00644,0.00093,0.01018;0.00861;0.00840;0.00792;0.00730;0.00618;0.00543;0.00394;0.00351;0.00214,
line-d-r00562,line-d,line-d-e11,33.1993294,-116.1509636,180.0,line-d-e12,33.1994888,-116.1507740,180.0,line-d-e13,33.1996482,-116.1505844,180.0,line-d-e14,33.1998076,-116.1503948,180.0,2026-08-20T15:52:24Z,dipole-dipole,1,7,1.396,572.9,207.272,5.887,0.00446,0.00150,0.00712;0.00587;0.00599;0.00589;0.00520;0.00433;0.00340;0.00262;0.00215;0.00163,
line-d-r00563,line-d,line-d-e11,33.1993294,-116.1509636,180.0,line-d-e12,33.1994888,-116.1507740,180.0,line-d-e13,33.1996482,-116.1505844,180.0,line-d-e14,33.1998076,-116.1503948,180.0,2026-08-20T15:52:36Z,dipole-dipole,1,6,1.375,581.7,202.385,7.982,0.00371,0.00097,0.00542;0.00555;0.00481;0.00416;0.00391;0.00351;0.00281;0.00229;0.00188;0.00131,
line-d-r00564,line-d,line-d-e11,33.1993294,-116.1509636,180.0,line-d-e12,33.1994888,-116.1507740,180.0,line-d-e13,33.1996482,-116.1505844,180.0,line-d-e14,33.1998076,-116.1503948,180.0,2026-08-20T15:52:48Z,dipole-dipole,1,3,1.381,579.3,197.426,8.239,0.00405,0.00097,0.00700;0.00555;0.00530;0.00536;0.00445;0.00367;0.00328;0.00245;0.00206;0.00132,
line-d-r00565,line-d,line-d-e11,33.1993294,-116.1509636,180.0,line-d-e12,33.1994888,-116.1507740,180.0,line-d-e13,33.1996482,-116.1505844,180.0,line-d-e14,33.1998076,-116.1503948,180.0,2026-08-20T15:53:00Z,dipole-dipole,1,5,1.336,599.0,201.205,8.406,0.00340,0.00084,0.00571;0.00510;0.00425;0.00415;0.00372;0.00383;0.00277;0.00216;0.00161;0.00127,
line-d-r00566,line-d,line-d-e11,33.1993294,-116.1509636,180.0,line-d-e12,33.1994888,-116.1507740,180.0,line-d-e13,33.1996482,-116.1505844,180.0,line-d-e14,33.1998076,-116.1503948,180.0,2026-08-20T15:53:12Z,dipole-dipole,1,4,1.511,529.3,218.917,6.169,0.00537,0.00111,0.00857;0.00867;0.00721;0.00725;0.00566;0.00502;0.00408;0.00363;0.00244;0.00186,
line-d-r00567,line-d,line-d-e11,33.1993294,-116.1509636,180.0,line-d-e12,33.1994888,-116.1507740,180.0,line-d-e13,33.1996482,-116.1505844,180.0,line-d-e14,33.1998076,-116.1503948,180.0,2026-08-20T15:53:24Z,dipole-dipole,1,8,1.541,519.2,218.590,7.427,0.00639,0.00114,0.01087;0.00885;0.00790;0.00845;0.00678;0.00567;0.00498;0.00395;0.00310;0.00223,
line-d-r00568,line-d,line-d-e11,33.1993294,-116.1509636,180.0,line-d-e12,33.1994888,-116.1507740,180.0,line-d-e14,33.1998076,-116.1503948,180.0,line-d-e15,33.1999670,-116.1502052,180.0,2026-08-20T15:53:36Z,dipole-dipole,2,7,1.434,557.7,191.352,7.427,0.00495,0.00105,0.00680;0.00745;0.00596;0.00575;0.00531;0.00499;0.00433;0.00319;0.00271;0.00188,
line-d-r00569,line-d,line-d-e11,33.1993294,-116.1509636,180.0,line-d-e12,33.1994888,-116.1507740,180.0,line-d-e14,33.1998076,-116.1503948,180.0,line-d-e15,33.1999670,-116.1502052,180.0,2026-08-20T15:53:48Z,dipole-dipole,2,7,1.214,658.8,211.405,7.347,0.00481,0.00102,0.00776;0.00750;0.00653;0.00558;0.00492;0.00455;0.00356;0.00284;0.00237;0.00164,
line-d-r00570,line-d,line-d-e11,33.1993294,-116.1509636,180.0,line-d-e12,33.1994888,-116.1507740,180.0,line-d-e14,33.1998076,-116.1503948,180.0,line-d-e15,33.1999670,-116.1502052,180.0,2026-08-20T15:54:00Z,dipole-dipole,2,7,1.464,546.6,211.659,8.371,0.00476,0.00152,0.00793;0.00650;0.00593;0.00577;0.00502;0.00430;0.00395;0.00314;0.00240;0.00155,
line-d-r00571,line-d,line-d-e11,33.1993294,-116.1509636,180.0,line-d-e12,33.1994888,-116.1507740,180.0,line-d-e14,33.1998076,-116.1503948,180.0,line-d-e15,33.1999670,-116.1502052,180.0,2026-08-20T15:54:12Z,dipole-dipole,2,7,1.298,616.3,196.091,9.393,0.00314,0.00104,0.00459;0.00450;0.00441;0.00400;0.00352;0.00297;0.00266;0.00188;0.00144;0.00106,
line-d-r00572,line-d,line-d-e11,33.1993294,-116.1509636,180.0,line-d-e12,33.1994888,-116.1507740,180.0,line-d-e14,33.1998076,-116.1503948,180.0,line-d-e15,33.1999670,-116.1502052,180.0,2026-08-20T15:54:24Z,dipole-dipole,2,8,1.205,664.0,211.813,11.097,0.00547,0.00104,0.00921;0.00868;0.00746;0.00627;0.00632;0.00486;0.00471;0.00347;0.00273;0.00182,
line-d-r00573,line-d,line-d-e11,33.1993294,-116.1509636,180.0,line-d-e12,33.1994888,-116.1507740,180.0,line-d-e14,33.1998076,-116.1503948,180.0,line-d-e15,33.1999670,-116.1502052,180.0,2026-08-20T15:54:36Z,dipole-dipole,2,5,1.346,594.3,198.663,8.333,0.00409,0.00092,0.00632;0.00643;0.00529;0.00492;0.00437;0.00388;0.00322;0.00246;0.00215;0.00155,
line-d-r00574,line-d,line-d-e11,33.1993294,-116.1509636,180.0,line-d-e12,33.1994888,-116.1507740,180.0,line-d-e15,33.1999670,-116.1502052,180.0,line-d-e16,33.2001264,-116.1500156,180.0,2026-08-20T15:54:48Z,dipole-dipole,3,3,1.490,536.9,214.258,6.678,0.00571,0.00092,0.00838;0.00838;0.00786;0.00706;0.00576;0.00523;0.00437;0.00365;0.00284;0.00198,
line-d-r00575,line-d,line-d-e11,33.1993294,-116.1509636,180.0,line-d-e12,33.1994888,-116.1507740,180.0,line-d-e15,33.1999670,-116.1502052,180.0,line-d-e16,33.2001264,-116.1500156,180.0,2026-08-20T15:55:00Z,dipole-dipole,3,5,1.473,543.2,192.586,7.340,0.00320,0.00119,0.00487;0.00441;0.00445;0.00412;0.00323;0.00306;0.00266;0.00181;0.00163;0.00112,
line-d-r00576,line-d,line-d-e11,33.1993294,-116.1509636,180.0,line-d-e12,33.1994888,-116.1507740,180.0,line-d-e15,33.1999670,-116.1502052,180.0,line-d-e16,33.2001264,-116.1500156,180.0,2026-08-20T15:55:12Z,dipole-dipole,3,3,1.229,650.9,202.116,6.650,0.00447,0.00080,0.00693;0.00661;0.00580;0.00517;0.00487;0.00435;0.00313;0.00266;0.00226;0.00152,
line-d-r00577,line-d,line-d-e11,33.1993294,-116.1509636,180.0,line-d-e12,33.1994888,-116.1507740,180.0,line-d-e15,33.1999670,-116.1502052,180.0,line-d-e16,33.2001264,-116.1500156,180.0,2026-08-20T15:55:24Z,dipole-dipole,3,3,1.439,555.8,196.806,216.918,0.00525,0.00132,0.00782;0.00781;0.00738;0.00661;0.00561;0.00504;0.00421;0.00309;0.00221;0.00183,
line-d-r00578,line-d,line-d-e11,33.1993294,-116.1509636,180.0,line-d-e12,33.1994888,-116.1507740,180.0,line-d-e15,33.1999670,-116.1502052,180.0,line-d-e16,33.2001264,-116.1500156,180.0,2026-08-20T15:55:36Z,dipole-dipole,3,7,1.158,690.8,200.722,6.695,0.00442,0.00101,0.00632;0.00674;0.00634;0.00528;0.00468;0.00404;0.00365;0.00281;0.00211;0.00160,
line-d-r00579,line-d,line-d-e11,33.1993294,-116.1509636,180.0,line-d-e12,33.1994888,-116.1507740,180.0,line-d-e15,33.1999670,-116.1502052,180.0,line-d-e16,33.2001264,-116.1500156,180.0,2026-08-20T15:55:48Z,dipole-dipole,3,7,1.287,621.6,205.818,6.246,0.00584,0.00111,0.00891;0.00852;0.00843;0.00733;0.00663;0.00583;0.00481;0.00360;0.00284;0.00215,
line-d-r00580,line-d,line-d-e11,33.1993294,-116.1509636,180.0,line-d-e12,33.1994888,-116.1507740,180.0,line-d-e15,33.1999670,-116.1502052,180.0,line-d-e16,33.2001264,-116.1500156,180.0,2026-08-20T15:56:00Z,dipole-dipole,3,7,1.273,628.6,186.835,7.808,0.00428,0.00138,0.00652;0.00625;0.00567;0.00535;0.00505;0.00402;0.00358;0.00286;0.00202;0.00143,
line-d-r00581,line-d,line-d-e11,33.1993294,-116.1509636,180.0,line-d-e12,33.1994888,-116.1507740,180.0,line-d-e15,33.1999670,-116.1502052,180.0,line-d-e16,33.2001264,-116.1500156,180.0,2026-08-20T15:56:12Z,dipole-dipole,3,8,2.000,397.6,201.045,5.670,0.00587,0.00106,0.00883;0.00914;0.00789;0.00678;0.00652;0.00557;0.00490;0.00387;0.00292;0.00203,
line-d-r00582,line-d,line-d-e11,33.1993294,-116.1509636,180.0,line-d-e12,33.1994888,-116.1507740,180.0,line-d-e16,33.2001264,-116.1500156,180.0,line-d-e17,33.2002858,-116.1498260,180.0,2026-08-20T15:56:24Z,dipole-dipole,4,4,1.093,731.9,192.384,6.964,0.00367,0.00109,0.00656;0.00565;0.00485;0.00503;0.00430;0.00306;0.00287;0.00212;0.00180;0.00121,
line-d-r00583,line-d,line-d-e11,33.1993294,-116.1509636,180.0,line-d-e12,33.1994888,-116.1507740,180.0,line-d-e16,33.2001264,-116.1500156,180.0,line-d-e17,33.2002858,-116.1498260,180.0,2026-08-20T15:56:36Z,dipole-dipole,4,8,1.144,699.4,202.469,6.955,0.00408,0.00089,0.00669;0.00553;0.00601;0.00534;0.00451;0.00415;0.00333;0.00275;0.00208;0.00139,
line-d-r00584,line-d,line-d-e11,33.1993294,-116.1509636,180.0,line-d-e12,33.1994888,-116.1507740,180.0,line-d-e16,33.2001264,-116.1500156,180.0,line-d-e17,33.2002858,-116.1498260,180.0,2026-08-20T15:56:48Z,dipole-dipole,4,5,1.556,514.3,212.641,7.075,0.00420,0.00111,0.00686;0.00587;0.00566;0.00560;0.00464;0.00409;0.00364;0.00278;0.00196;0.00150,
line-d-r00585,line-d,line-d-e11,33.1993294,-116.1509636,180.0,line-d-e12,33.1994888,-116.1507740,180.0,line-d-e16,33.2001264,-116.1500156,180.0,line-d-e17,33.2002858,-116.1498260,180.0,2026-08-20T15:57:00Z,dipole-dipole,4,3,1.296,617.2,199.461,9.015,0.00537,0.00726,0.00788;0.00841;0.00698;0.00687;0.00573;0.00478;0.00433;0.00366;0.00268;0.00172,
line-d-r00586,line-d,line-d-e11,33.1993294,-116.1509636,180.0,line-d-e12,33.1994888,-116.1507740,180.0,line-d-e16,33.2001264,-116.1500156,180.0,line-d-e17,33.2002858,-116.1498260,180.0,2026-08-20T15:57:12Z,dipole-dipole,4,3,1.188,673.7,211.178,7.792,0.00745,0.01251,0.01110;0.01170;0.01003;0.00893;0.00776;0.00750;0.00581;0.00472;0.00378;0.00291,
line-d-r00587,line-d,line-d-e11,33.1993294,-116.1509636,180.0,line-d-e12,33.1994888,-116.1507740,180.0,line-d-e16,33.2001264,-116.1500156,180.0,line-d-e17,33.2002858,-116.1498260,180.0,2026-08-20T15:57:24Z,dipole-dipole,4,5,1.070,747.8,204.257,7.225,0.00609,0.00112,0.00216;0.00301;0.00358;0.00492;0.00579;0.00626;0.00730;0.00826;0.00993;0.00915,
line-d-r00588,line-d,line-d-e11,33.1993294,-116.1509636,180.0,line-d-e12,33.1994888,-116.1507740,180.0,line-d-e17,33.2002858,-116.1498260,180.0,line-d-e18,33.2004452,-116.1496364,180.0,2026-08-20T15:57:36Z,dipole-dipole,5,8,1.466,545.6,208.717,9.268,0.00613,0.00097,0.00997;0.00950;0.00775;0.00772;0.00699;0.00575;0.00504;0.00355;0.00345;0.00209,
line-d-r00589,line-d,line-d-e11,33.1993294,-116.1509636,180.0,line-d-e12,33.1994888,-116.1507740,180.0,line-d-e17,33.2002858,-116.1498260,180.0,line-d-e18,33.2004452,-116.1496364,180.0,2026-08-20T15:57:48Z,dipole-dipole,5,5,1.325,603.9,208.108,8.244,0.00621,0.00090,0.01085;0.00956;0.00873;0.00719;0.00739;0.00595;0.00452;0.00387;0.00297;0.00185,
line-d-r00590,line-d,line-d-e11,33.1993294,-116.1509636,180.0,line-d-e12,33.1994888,-116.1507740,180.0,line-d-e17,33.2002858,-116.1498260,180.0,line-d-e18,33.2004452,-116.1496364,180.0,2026-08-20T15:58:00Z,dipole-dipole,5,8,1.345,594.7,199.158,7.584,0.00425,0.00111,0.00717;0.00667;0.00587;0.00482;0.00446;0.00353;0.00333;0.00286;0.00214;0.00138,
line-d-r00591,line-d,line-d-e11,33.1993294,-116.1509636,180.0,line-d-e12,33.1994888,-116.1507740,180.0,line-d-e17,33.2002858,-116.1498260,180.0,line-d-e18,33.2004452,-116.1496364,180.0,2026-08-20T15:58:12Z,dipole-dipole,5,7,1.160,689.9,195.495,6.130,0.00539,0.00105,0.00968;0.00747;0.00700;0.00702;0.00620;0.00517;0.00457;0.00353;0.00234;0.00186,
line-d-r00592,line-d,line-d-e11,33.1993294,-116.1509636,180.0,line-d-e12,33.1994888,-116.1507740,180.0,line-d-e17,33.2002858,-116.1498260,180.0,line-d-e18,33.2004452,-116.1496364,180.0,2026-08-20T15:58:24Z,dipole-dipole,5,4,1.646,486.1,207.909,6.429,0.00484,0.00098,0.00818;0.00683;0.00665;0.00641;0.00499;0.00479;0.00394;0.00319;0.00253;0.00169,
line-d-r00593,line-d,line-d-e11,33.1993294,-116.1509636,180.0,line-d-e12,33.1994888,-116.1507740,180.0,line-d-e17,33.2002858,-116.1498260,180.0,line-d-e18,33.2004452,-116.1496364,180.0,2026-08-20T15:58:36Z,dipole-dipole,5,8,1.368,584.6,195.617,8.111,0.00529,0.00095,0.00855;0.00742;0.00665;0.00643;0.00622;0.00511;0.00401;0.00312;0.00253;0.00190,
line-d-r00594,line-d,line-d-e11,33.1993294,-116.1509636,180.0,line-d-e12,33.1994888,-116.1507740,180.0,line-d-e17,33.2002858,-116.1498260,180.0,line-d-e18,33.2004452,-116.1496364,180.0,2026-08-20T15:58:48Z,dipole-dipole,5,8,1.641,487.5,216.870,7.184,0.00556,0.00076,0.00849;0.00864;0.00800;0.00668;0.00577;0.00509;0.00409;0.00353;0.00302;0.00204,
line-d-r00595,line-d,line-d-e11,33.1993294,-116.1509636,180.0,line-d-e12,33.1994888,-116.1507740,180.0,line-d-e17,33.2002858,-116.1498260,180.0,line-d-e18,33.2004452,-116.1496364,180.0,2026-08-20T15:59:00Z,dipole-dipole,5,8,1.240,645.0,211.734,5.766,0.00637,0.00097,0.01112;0.00971;0.00912;0.00807;0.00729;0.00569;0.00516;0.00429;0.00372;0.00236,
line-d-r00596,line-d,line-d-e11,33.1993294,-116.1509636,180.0,line-d-e12,33.1994888,-116.1507740,180.0,line-d-e18,33.2004452,-116.1496364,180.0,line-d-e19,33.2006046,-116.1494468,180.0,2026-08-20T15:59:12Z,dipole-dipole,6,5,1.620,494.0,201.299,8.792,0.00501,0.00105,0.00870;0.00818;0.00696;0.00589;0.00541;0.00457;0.00366;0.00364;0.00239;0.00163,
line-d-r00597,line-d,line-d-e11,33.1993294,-116.1509636,180.0,line-d-e12,33.1994888,-116.1507740,180.0,line-d-e18,33.2004452,-116.1496364,180.0,line-d-e19,33.2006046,-116.1494468,180.0,2026-08-20T15:59:24Z,dipole-dipole,6,3,1.127,709.8,194.215,8.851,0.00609,0.00109,0.00996;0.00873;0.00837;0.00709;0.00593;0.00604;0.00453;0.00363;0.00317;0.00232,
line-d-r00598,line-d,line-d-e11,33.1993294,-116.1509636,180.0,line-d-e12,33.1994888,-116.1507740,180.0,line-d-e18,33.2004452,-116.1496364,180.0,line-d-e19,33.2006046,-116.1494468,180.0,2026-08-20T15:59:36Z,dipole-dipole,6,3,1.208,662.2,206.931,7.262,0.00113,0.00119,0.00187;0.00162;0.00146;0.00141;0.00125;0.00100;0.00076;0.00070;0.00055;0.00040,
line-d-r00599,line-d,line-d-e11,33.1993294,-116.1509636,180.0,line-d-e12,33.1994888,-116.1507740,180.0,line-d-e18,33.2004452,-116.1496364,180.0,line-d-e19,33.2006046,-116.1494468,180.0,2026-08-20T15:59:48Z,dipole-dipole,6,5,1.301,614.7,210.109,9.407,0.00414,0.00114,0.00626;0.00626;0.00530;0.00507;0.00462;0.00406;0.00319;0.00282;0.00195;0.00160,
line-d-r00600,line-d,line-d-e11,33.1993294,-116.1509636,180.0,line-d-e12,33.1994888,-116.1507740,180.0,line-d-e18,33.2004452,-116.1496364,180.0,line-d-e19,33.2006046,-116.1494468,180.0,2026-08-20T16:00:00Z,dipole-dipole,6,4,1.395,573.3,198.884,8.174,0.00484,0.00120,0.00835;0.00734;0.00627;0.00598;0.00505;0.00408;0.00412;0.00311;0.00259;0.00174,
line-d-r00601,line-d,line-d-e11,33.1993294,-116.1509636,180.0,line-d-e12,33.1994888,-116.1507740,180.0,line-d-e18,33.2004452,-116.1496364,180.0,line-d-e19,33.2006046,-116.1494468,180.0,2026-08-20T16:00:12Z,dipole-dipole,6,8,1.501,533.1,-129.802,6.269,0.00462,0.00114,0.00726;0.00661;0.00588;0.00524;0.00524;0.00413;0.00350;0.00307;0.00248;0.00160,
line-d-r00602,line-d,line-d-e11,33.1993294,-116.1509636,180.0,line-d-e12,33.1994888,-116.1507740,180.0,line-d-e18,33.2004452,-116.1496364,180.0,line-d-e19,33.2006046,-116.1494468,180.0,2026-08-20T16:00:24Z,dipole-dipole,6,3,1.361,588.0,192.066,7.344,0.00452,0.01005,0.00717;0.00659;0.00652;0.00510;0.00512;0.00416;0.00370;0.00301;0.00228;0.00159,
line-d-r00603,line-d,line-d-e11,33.1993294,-116.1509636,180.0,line-d-e12,33.1994888,-116.1507740,180.0,line-d-e19,33.2006046,-116.1494468,180.0,line-d-e20,33.2007640,-116.1492572,180.0,2026-08-20T16:00:36Z,dipole-dipole,7,4,1.571,509.1,191.935,9.227,0.00610,0.00127,0.00908;0.00859;0.00949;0.00767;0.00653;0.00563;0.00504;0.00370;0.00280;0.00210,
line-d-r00604,line-d,line-d-e11,33.1993294,-116.1509636,180.0,line-d-e12,33.1994888,-116.1507740,180.0,line-d-e19,33.2006046,-116.1494468,180.0,line-d-e20,33.2007640,-116.1492572,180.0,2026-08-20T16:00:48Z,dipole-dipole,7,6,1.416,565.1,183.303,6.723,0.00709,0.00113,0.01248;0.01010;0.01002;0.00932;0.00817;0.00657;0.00515;0.00461;0.00356;0.00260,
line-d-r00605,line-d,line-d-e11,33.1993294,-116.1509636,180.0,line-d-e12,33.1994888,-116.1507740,180.0,line-d-e19,33.2006046,-116.1494468,180.0,line-d-e20,33.2007640,-116.1492572,180.0,2026-08-20T16:01:00Z,dipole-dipole,7,4,1.545,517.6,198.807,7.795,0.00508,0.00107,0.00787;0.00754;0.00718;0.00631;0.00566;0.00460;0.00389;0.00316;0.00240;0.00167,
line-d-r00606,line-d,line-d-e11,33.1993294,-116.1509636,180.0,line-d-e12,33.1994888,-116.1507740,180.0,line-d-e19,33.2006046,-116.1494468,180.0,line-d-e20,33.2007640,-116.1492572,180.0,2026-08-20T16:01:12Z,dipole-dipole,7,8,1.857,430.7,203.647,8.275,0.00744,0.00092,0.01223;0.01106;0.01048;0.00903;0.00780;0.00731;0.00521;0.00467;0.00375;0.00248,
line-d-r00607,line-d,line-d-e11,33.1993294,-116.1509636,180.0,line-d-e12,33.1994888,-116.1507740,180.0,line-d-e19,33.2006046,-116.1494468,180.0,line-d-e20,33.2007640,-116.1492572,180.0,2026-08-20T16:01:24Z,dipole-dipole,7,6,1.199,667.3,192.047,6.105,0.00566,0.00081,0.00933;0.00772;0.00729;0.00672;0.00621;0.00514;0.00430;0.00371;0.00275;0.00183,
line-d-r00608,line-d,line-d-e11,33.1993294,-116.1509636,180.0,line-d-e12,33.1994888,-116.1507740,180.0,line-d-e19,33.2006046,-116.1494468,180.0,line-d-e20,33.2007640,-116.1492572,180.0,2026-08-20T16:01:36Z,dipole-dipole,7,8,1.583,505.2,196.225,8.229,0.00507,0.00080,0.00870;0.00846;0.00678;0.00628;0.00579;0.00424;0.00401;0.00319;0.00223;0.00215,
line-d-r00609,line-d,line-d-e12,33.1994888,-116.1507740,180.0,line-d-e13,33.1996482,-116.1505844,180.0,line-d-e14,33.1998076,-116.1503948,180.0,line-d-e15,33.1999670,-116.1502052,180.0,2026-08-20T16:01:48Z,dipole-dipole,1,3,1.647,485.9,204.823,10.184,0.00649,0.00083,0.01101;0.00857;0.00924;0.00834;0.00731;0.00626;0.00496;0.00393;0.00358;0.00231,
line-d-r00610,line-d,line-d-e12,33.1994888,-116.1507740,180.0,line-d-e13,33.1996482,-116.1505844,180.0,line-d-e14,33.1998076,-116.1503948,180.0,line-d-e15,33.1999670,-116.1502052,180.0,2026-08-20T16:02:00Z,dipole-dipole,1,4,1.684,474.9,200.104,9.063,0.00501,0.00077,0.00827;0.00722;0.00688;0.00681;0.00546;0.00432;0.00373;0.00287;0.00246;0.00187,
line-d-r00611,line-d,line-d-e12,33.1994888,-116.1507740,180.0,line-d-e13,33.1996482,-116.1505844,180.0,line-d-e14,33.1998076,-116.1503948,180.0,line-d-e15,33.1999670,-116.1502052,180.0,2026-08-20T16:02:12Z,dipole-dipole,1,3,2.000,314.6,193.117,6.474,0.00639,0.00112,0.01048;0.00944;0.00945;0.00750;0.00704;0.00574;0.00462;0.00411;0.00300;0.00211,
line-d-r00612,line-d,line-d-e12,33.1994888,-116.1507740,180.0,line-d-e13,33.1996482,-116.1505844,180.0,line-d-e14,33.1998076,-116.1503948,180.0,line-d-e15,33.1999670,-116.1502052,180.0,2026-08-20T16:02:24Z,dipole-dipole,1,7,2.000,323.4,202.343,9.432,0.00798,0.00105,0.01378;0.01220;0.01107;0.01021;0.00759;0.00720;0.00642;0.00519;0.00380;0.00264,
line-d-r00613,line-d,line-d-e12,33.1994888,-116.1507740,180.0,line-d-e13,33.1996482,-116.1505844,180.0,line-d-e14,33.1998076,-116.1503948,180.0,line-d-e15,33.1999670,-116.1502052,180.0,2026-08-20T16:02:36Z,dipole-dipole,1,8,2.000,330.8,202.026,7.603,0.00409,0.00112,0.00642;0.00592;0.00563;0.00479;0.00441;0.00385;0.00336;0.00278;0.00207;0.00137,
line-d-r00614,line-d,line-d-e12,33.1994888,-116.1507740,180.0,line-d-e13,33.1996482,-116.1505844,180.0,line-d-e14,33.1998076,-116.1503948,180.0,line-d-e15,33.1999670,-116.1502052,180.0,2026-08-20T16:02:48Z,dipole-dipole,1,7,1.930,414.4,223.922,6.888,0.00537,0.00102,0.00917;0.00871;0.00755;0.00674;0.00565;0.00504;0.00445;0.00310;0.00257;0.00193,
line-d-r00615,line-d,line-d-e12,33.1994888,-116.1507740,180.0,line-d-e13,33.1996482,-116.1505844,180.0,line-d-e14,33.1998076,-116.1503948,180.0,line-d-e15,33.1999670,-116.1502052,180.0,2026-08-20T16:03:00Z,dipole-dipole,1,8,2.000,321.8,224.190,6.812,0.00511,0.00102,0.00834;0.00840;0.00725;0.00622;0.00567;0.00472;0.00424;0.00310;0.00243;0.00187,
line-d-r00616,line-d,line-d-e12,33.1994888,-116.1507740,180.0,line-d-e13,33.1996482,-116.1505844,180.0,line-d-e14,33.1998076,-116.1503948,180.0,line-d-e15,33.1999670,-116.1502052,180.0,2026-08-20T16:03:12Z,dipole-dipole,1,3,1.988,402.4,204.510,8.580,0.00637,0.00097,0.00971;0.00902;0.00787;0.00765;0.00764;0.00662;0.00475;0.00420;0.00307;0.00203,
line-d-r00617,line-d,line-d-e12,33.1994888,-116.1507740,180.0,line-d-e13,33.1996482,-116.1505844,180.0,line-d-e15,33.1999670,-116.1502052,180.0,line-d-e16,33.2001264,-116.1500156,180.0,2026-08-20T16:03:24Z,dipole-dipole,2,7,2.000,250.3,206.263,234.011,0.00672,0.00119,0.00982;0.00931;0.00859;0.00892;0.00767;0.00715;0.00523;0.00415;0.00335;0.00261,
line-d-r00618,line-d,line-d-e12,33.1994888,-116.1507740,180.0,line-d-e13,33.1996482,-116.1505844,180.0,line-d-e15,33.1999670,-116.1502052,180.0,line-d-e16,33.2001264,-116.1500156,180.0,2026-08-20T16:03:36Z,dipole-dipole,2,3,2.000,332.8,191.124,324.581,0.00400,0.00122,0.00663;0.00621;0.00544;0.00480;0.00450;0.00347;0.00319;0.00266;0.00176;0.00144,
line-d-r00619,line-d,line-d-e12,33.1994888,-116.1507740,180.0,line-d-e13,33.1996482,-116.1505844,180.0,line-d-e15,33.1999670,-116.1502052,180.0,line-d-e16,33.2001264,-116.1500156,180.0,2026-08-20T16:03:48Z,dipole-dipole,2,4,1.989,402.1,204.361,9.839,0.00487,0.01063,0.00761;0.00726;0.00698;0.00601;0.00524;0.00434;0.00354;0.00332;0.00233;0.00177,
line-d-r00620,line-d,line-d-e12,33.1994888,-116.1507740,180.0,line-d-e13,33.1996482,-116.1505844,180.0,line-d-e15,33.1999670,-116.1502052,180.0,line-d-e16,33.2001264,-116.1500156,180.0,2026-08-20T16:04:00Z,dipole-dipole,2,4,2.000,377.6,196.902,8.268,0.00383,0.00111,0.00598;0.00595;0.00510;0.00484;0.00434;0.00354;0.00314;0.00245;0.00174;0.00138,
line-d-r00621,line-d,line-d-e12,33.1994888,-116.1507740,180.0,line-d-e13,33.1996482,-116.1505844,180.0,line-d-e15,33.1999670,-116.1502052,180.0,line-d-e16,33.2001264,-116.1500156,180.0,2026-08-20T16:04:12Z,dipole-dipole,2,8,2.000,352.3,206.623,9.960,0.00452,0.00098,0.00628;0.00641;0.00585;0.00537;0.00484;0.00401;0.00337;0.00293;0.00226;0.00155,
line-d-r00622,line-d,line-d-e12,33.1994888,-116.1507740,180.0,line-d-e13,33.1996482,-116.1505844,180.0,line-d-e15,33.1999670,-116.1502052,180.0,line-d-e16,33.2001264,-116.1500156,180.0,2026-08-20T16:04:24Z,dipole-dipole,2,7,2.000,317.9,192.071,10.571,0.00523,0.00088,0.00766;0.00721;0.00728;0.00665;0.00579;0.00514;0.00407;0.00330;0.00254;0.00172,
line-d-r00623,line-d,line-d-e12,33.1994888,-116.1507740,180.0,line-d-e13,33.1996482,-116.1505844,180.0,line-d-e15,33.1999670,-116.1502052,180.0,line-d-e16,33.2001264,-116.1500156,180.0,2026-08-20T16:04:36Z,dipole-dipole,2,6,2.000,392.3,201.869,6.446,0.00551,0.00111,0.00815;0.00741;0.00758;0.00657;0.00623;0.00543;0.00420;0.00342;0.00248;0.00212,
line-d-r00624,line-d,line-d-e12,33.1994888,-116.1507740,180.0,line-d-e13,33.1996482,-116.1505844,180.0,line-d-e16,33.2001264,-116.1500156,180.0,line-d-e17,33.2002858,-116.1498260,180.0,2026-08-20T16:04:48Z,dipole-dipole,3,4,2.000,357.3,205.429,7.159,0.00603,0.00119,0.00955;0.00911;0.00808;0.00723;0.00636;0.00631;0.00508;0.00369;0.00319;0.00236,
line-d-r00625,line-d,line-d-e12,33.1994888,-116.1507740,180.0,line-d-e13,33.1996482,-116.1505844,180.0,line-d-e16,33.2001264,-116.1500156,180.0,line-d-e17,33.2002858,-116.1498260,180.0,2026-08-20T16:05:00Z,dipole-dipole,3,7,2.000,305.3,183.282,10.952,0.00330,0.00084,0.00533;0.00530;0.00479;0.00427;0.00358;0.00304;0.00243;0.00196;0.00165;0.00133,
line-d-r00626,line-d,line-d-e12,33.1994888,-116.1507740,180.0,line-d-e13,33.1996482,-116.1505844,180.0,line-d-e16,33.2001264,-116.1500156,180.0,line-d-e17,33.2002858,-116.1498260,180.0,2026-08-20T16:05:12Z,dipole-dipole,3,6,2.000,379.4,194.457,9.149,0.00490,0.00127,0.00767;0.00727;0.00715;0.00616;0.00522;0.00436;0.00381;0.00270;0.00215;0.00177,
line-d-r00627,line-d,line-d-e12,33.1994888,-116.1507740,180.0,line-d-e13,33.1996482,-116.1505844,180.0,line-d-e16,33.2001264,-116.1500156,180.0,line-d-e17,33.2002858,-116.1498260,180.0,2026-08-20T16:05:24Z,dipole-dipole,3,4,2.000,344.1,206.449,7.705,0.00358,0.00079,0.00581;0.00540;0.00490;0.00442;0.00420;0.00324;0.00276;0.00221;0.00194;0.00129,
line-d-r00628,line-d,line-d-e12,33.1994888,-116.1507740,180.0,line-d-e13,33.1996482,-116.1505844,180.0,line-d-e16,33.2001264,-116.1500156,180.0,line-d-e17,33.2002858,-116.1498260,180.0,2026-08-20T16:05:36Z,dipole-dipole,3,8,2.000,264.8,204.959,7.175,0.00477,0.00114,0.00847;0.00671;0.00704;0.00576;0.00587;0.00475;0.00387;0.00298;0.00252;0.00167,
line-d-r00629,line-d,line-d-e12,33.1994888,-116.1507740,180.0,line-d-e13,33.1996482,-116.1505844,180.0,line-d-e16,33.2001264,-116.1500156,180.0,line-d-e17,33.2002858,-116.1498260,180.0,2026-08-20T16:05:48Z,dipole-dipole,3,5,2.000,392.7,196.791,7.364,0.00471,0.00079,0.00756;0.00735;0.00606;0.00576;0.00456;0.00442;0.00407;0.00318;0.00208;0.00173,
line-d-r00630,line-d,line-d-e12,33.1994888,-116.1507740,180.0,line-d-e13,33.1996482,-116.1505844,180.0,line-d-e16,33.2001264,-116.1500156,180.0,line-d-e17,33.2002858,-116.1498260,180.0,2026-08-20T16:06:00Z,dipole-dipole,3,6,2.000,369.4,199.186,6.504,0.00466,0.00085,0.00777;0.00756;0.00671;0.00618;0.00514;0.00464;0.00362;0.00334;0.00236;0.00167,
line-d-r00631,line-d,line-d-e12,33.1994888,-116.1507740,180.0,line-d-e13,33.1996482,-116.1505844,180.0,line-d-e17,33.2002858,-116.1498260,180.0,line-d-e18,33.2004452,-116.1496364,180.0,2026-08-20T16:06:12Z,dipole-dipole,4,6,2.000,357.4,209.209,7.970,0.00665,0.00117,0.01045;0.00968;0.00880;0.00793;0.00733;0.00643;0.00545;0.00442;0.00325;0.00239,
line-d-r00632,line-d,line-d-e12,33.1994888,-116.1507740,180.0,line-d-e13,33.1996482,-116.1505844,180.0,line-d-e17,33.2002858,-116.1498260,180.0,line-d-e18,33.2004452,-116.1496364,180.0,2026-08-20T16:06:24Z,dipole-dipole,4,6,2.000,319.1,204.012,7.188,0.00501,0.00087,0.00764;0.00680;0.00670;0.00615;0.00507;0.00459;0.00386;0.00320;0.00280;0.00182,
line-d-r00633,line-d,line-d-e12,33.1994888,-116.1507740,180.0,line-d-e13,33.1996482,-116.1505844,180.0,line-d-e17,33.2002858,-116.1498260,180.0,line-d-e18,33.2004452,-116.1496364,180.0,2026-08-20T16:06:36Z,dipole-dipole,4,7,2.000,322.6,202.205,6.926,0.00487,0.00076,0.00797;0.00740;0.00709;0.00634;0.00618;0.00448;0.00368;0.00324;0.00245;0.00194,
line-d-r00634,line-d,line-d-e12,33.1994888,-116.1507740,180.0,line-d-e13,33.1996482,-116.1505844,180.0,line-d-e17,33.2002858,-116.1498260,180.0,line-d-e18,33.2004452,-116.1496364,180.0,2026-08-20T16:06:48Z,dipole-dipole,4,8,2.000,283.9,186.661,8.001,0.00319,0.00112,0.00515;0.00499;0.00469;0.00404;0.00351;0.00283;0.00262;0.00222;0.00186;0.00107,
line-d-r00635,line-d,line-d-e12,33.1994888,-116.1507740,180.0,line-d-e13,33.1996482,-116.1505844,180.0,line-d-e17,33.2002858,-116.1498260,180.0,line-d-e18,33.2004452,-116.1496364,180.0,2026-08-20T16:07:00Z,dipole-dipole,4,6,1.702,470.2,196.067,8.662,0.00407,0.00085,0.00686;0.00567;0.00561;0.00492;0.00432;0.00370;0.00305;0.00275;0.00201;0.00149,
line-d-r00636,line-d,line-d-e12,33.1994888,-116.1507740,180.0,line-d-e13,33.1996482,-116.1505844,180.0,line-d-e17,33.2002858,-116.1498260,180.0,line-d-e18,33.2004452,-116.1496364,180.0,2026-08-20T16:07:12Z,dipole-dipole,4,7,2.000,353.3,200.229,7.096,0.00414,0.00112,0.00665;0.00585;0.00633;0.00442;0.00491;0.00363;0.00341;0.00285;0.00189;0.00158,
line-d-r00637,line-d,line-d-e12,33.1994888,-116.1507740,180.0,line-d-e13,33.1996482,-116.1505844,180.0,line-d-e18,33.2004452,-116.1496364,180.0,line-d-e19,33.2006046,-116.1494468,180.0,2026-08-20T16:07:24Z,dipole-dipole,5,6,2.000,305.5,206.917,7.166,0.00589,0.00124,0.00914;0.00903;0.00768;0.00709;0.00666;0.00498;0.00466;0.00391;0.00288;0.00201,
line-d-r00638,line-d,line-d-e12,33.1994888,-116.1507740,180.0,line-d-e13,33.1996482,-116.1505844,180.0,line-d-e18,33.2004452,-116.1496364,180.0,line-d-e19,33.2006046,-116.1494468,180.0,2026-08-20T16:07:36Z,dipole-dipole,5,6,2.000,351.7,200.718,8.362,0.00213,0.00097,0.00347;0.00302;0.00303;0.00250;0.00252;0.00219;0.00166;0.00147;0.00102;0.00085,
line-d-r00639,line-d,line-d-e12,33.1994888,-116.1507740,180.0,line-d-e13,33.1996482,-116.1505844,180.0,line-d-e18,33.2004452,-116.1496364,180.0,line-d-e19,33.2006046,-116.1494468,180.0,2026-08-20T16:07:48Z,dipole-dipole,5,8,2.000,333.2,189.830,6.547,0.00442,0.00082,0.00681;0.00661;0.00631;0.00497;0.00482;0.00392;0.00353;0.00295;0.00222;0.00135,
line-d-r00640,line-d,line-d-e12,33.1994888,-116.1507740,180.0,line-d-e13,33.1996482,-116.1505844,180.0,line-d-e18,33.2004452,-116.1496364,180.0,line-d-e19,33.2006046,-116.1494468,180.0,2026-08-20T16:08:00Z,dipole-dipole,5,3,2.000,363.2,196.840,7.639,0.00404,0.00102,0.00610;0.00683;0.00576;0.00463;0.00429;0.00373;0.00295;0.00252;0.00212;0.00144,
line-d-r00641,line-d,line-d-e12,33.1994888,-116.1507740,180.0,line-d-e13,33.1996482,-116.1505844,180.0,line-d-e18,33.2004452,-116.1496364,180.0,line-d-e19,33.2006046,-116.1494468,180.0,2026-08-20T16:08:12Z,dipole-dipole,5,4,2.000,289.9,204.169,7.348,0.00627,0.00097,0.01043;0.00954;0.00929;0.00870;0.00737;0.00565;0.00459;0.00425;0.00306;0.00208,
line-d-r00642,line-d,line-d-e12,33.1994888,-116.1507740,180.0,line-d-e13,33.1996482,-116.1505844,180.0,line-d-e18,33.2004452,-116.1496364,180.0,line-d-e19,33.2006046,-116.1494468,180.0,2026-08-20T16:08:24Z,dipole-dipole,5,4,2.000,312.5,196.807,8.905,0.00569,0.00109,0.00961;0.00916;0.00798;0.00659;0.00573;0.00539;0.00478;0.00392;0.00289;0.00208,
line-d-r00643,line-d,line-d-e12,33.1994888,-116.1507740,180.0,line-d-e13,33.1996482,-116.1505844,180.0,line-d-e19,33.2006046,-116.1494468,180.0,line-d-e20,33.2007640,-116.1492572,180.0,2026-08-20T16:08:36Z,dipole-dipole,6,6,1.375,582.0,202.729,5.724,0.00476,0.00094,0.00704;0.00759;0.00676;0.00616;0.00484;0.00466;0.00388;0.00287;0.00229;0.00162,
line-d-r00644,line-d,line-d-e12,33.1994888,-116.1507740,180.0,line-d-e13,33.1996482,-116.1505844,180.0,line-d-e19,33.2006046,-116.1494468,180.0,line-d-e20,33.2007640,-116.1492572,180.0,2026-08-20T16:08:48Z,dipole-dipole,6,5,2.000,331.0,198.071,8.408,0.00349,0.00083,0.00561;0.00497;0.00485;0.00436;0.00377;0.00320;0.00315;0.00211;0.00167;0.00142,
line-d-r00645,line-d,line-d-e12,33.1994888,-116.1507740,180.0,line-d-e13,33.1996482,-116.1505844,180.0,line-d-e19,33.2006046,-116.1494468,180.0,line-d-e20,33.2007640,-116.1492572,180.0,2026-08-20T16:09:00Z,dipole-dipole,6,8,2.000,368.5,214.244,6.872,0.00443,0.00086,0.00693;0.00669;0.00634;0.00523;0.00525;0.00396;0.00339;0.00276;0.00234;0.00161,
line-d-r00646,line-d,line-d-e12,33.1994888,-116.1507740,180.0,line-d-e13,33.1996482,-116.1505844,180.0,line-d-e19,33.2006046,-116.1494468,180.0,line-d-e20,33.2007640,-116.1492572,180.0,2026-08-20T16:09:12Z,dipole-dipole,6,4,2.000,388.0,198.654,7.370,0.00699,0.00078,0.01035;0.01052;0.00938;0.00884;0.00741;0.00665;0.00570;0.00479;0.00361;0.00267,
line-d-r00647,line-d,line-d-e12,33.1994888,-116.1507740,180.0,line-d-e13,33.1996482,-116.1505844,180.0,line-d-e19,33.2006046,-116.1494468,180.0,line-d-e20,33.2007640,-116.1492572,180.0,2026-08-20T16:09:24Z,dipole-dipole,6,6,1.952,409.8,202.452,9.427,0.00640,0.00123,0.00922;0.00933;0.00881;0.00799;0.00740;0.00587;0.00550;0.00397;0.00350;0.00227,
line-d-r00648,line-d,line-d-e12,33.1994888,-116.1507740,180.0,line-d-e13,33.1996482,-116.1505844,180.0,line-d-e19,33.2006046,-116.1494468,180.0,line-d-e20,33.2007640,-116.1492572,180.0,2026-08-20T16:09:36Z,dipole-dipole,6,6,2.000,383.6,187.413,8.140,0.00566,0.00095,0.00820;0.00783;0.00726;0.00627;0.00537;0.00487;0.00433;0.00372;0.00252;0.00201,
line-d-r00649,line-d,line-d-e12,33.1994888,-116.1507740,180.0,line-d-e13,33.1996482,-116.1505844,180.0,line-d-e19,33.2006046,-116.1494468,180.0,line-d-e20,33.2007640,-116.1492572,180.0,2026-08-20T16:09:48Z,dipole-dipole,6,5,2.000,338.3,192.521,7.681,0.00400,0.00123,0.00712;0.00553;0.00626;0.00506;0.00430;0.00366;0.00363;0.00260;0.00204;0.00136,
line-d-r00650,line-d,line-d-e13,33.1996482,-116.1505844,180.0,line-d-e14,33.1998076,-116.1503948,180.0,line-d-e15,33.1999670,-116.1502052,180.0,line-d-e16,33.2001264,-116.1500156,180.0,2026-08-20T16:10:00Z,dipole-dipole,1,4,1.360,588.4,-237.482,7.086,0.00409,0.00118,0.00655;0.00583;0.00607;0.00552;0.00467;0.00331;0.00338;0.00284;0.00194;0.00140,
line-d-r00651,line-d,line-d-e13,33.1996482,-116.1505844,180.0,line-d-e14,33.1998076,-116.1503948,180.0,line-d-e15,33.1999670,-116.1502052,180.0,line-d-e16,33.2001264,-116.1500156,180.0,2026-08-20T16:10:12Z,dipole-dipole,1,5,1.260,634.7,214.888,8.861,0.00627,0.00081,0.00900;0.01002;0.00786;0.00725;0.00674;0.00590;0.00496;0.00392;0.00324;0.00226,
line-d-r00652,line-d,line-d-e13,33.1996482,-116.1505844,180.0,line-d-e14,33.1998076,-116.1503948,180.0,line-d-e15,33.1999670,-116.1502052,180.0,line-d-e16,33.2001264,-116.1500156,180.0,2026-08-20T16:10:24Z,dipole-dipole,1,7,1.509,530.2,203.476,7.930,0.00459,0.00115,0.00667;0.00647;0.00617;0.00497;0.00509;0.00379;0.00375;0.00303;0.00224;0.00159,
line-d-r00653,line-d,line-d-e13,33.1996482,-116.1505844,180.0,line-d-e14,33.1998076,-116.1503948,180.0,line-d-e15,33.1999670,-116.1502052,180.0,line-d-e16,33.2001264,-116.1500156,180.0,2026-08-20T16:10:36Z,dipole-dipole,1,4,1.334,599.6,198.897,8.739,0.00532,0.00125,0.00886;0.00845;0.00821;0.00680;0.00556;0.00458;0.00376;0.00387;0.00251;0.00178,
line-d-r00654,line-d,line-d-e13,33.1996482,-116.1505844,180.0,line-d-e14,33.1998076,-116.1503948,180.0,line-d-e15,33.1999670,-116.1502052,180.0,line-d-e16,33.2001264,-116.1500156,180.0,2026-08-20T16:10:48Z,dipole-dipole,1,7,1.551,515.7,210.644,7.672,0.00686,0.00115,0.01109;0.01091;0.00856;0.00888;0.00797;0.00711;0.00550;0.00422;0.00328;0.00242,
line-d-r00655,line-d,line-d-e13,33.1996482,-116.1505844,180.0,line-d-e14,33.1998076,-116.1503948,180.0,line-d-e15,33.1999670,-116.1502052,180.0,line-d-e16,33.2001264,-116.1500156,180.0,2026-08-20T16:11:00Z,dipole-dipole,1,8,1.422,562.5,200.577,7.413,0.00628,0.00089,0.01011;0.00921;0.00813;0.00828;0.00699;0.00557;0.00467;0.00388;0.00319;0.00239,
line-d-r00656,line-d,line-d-e13,33.1996482,-116.1505844,180.0,line-d-e14,33.1998076,-116.1503948,180.0,line-d-e15,33.1999670,-116.1502052,180.0,line-d-e16,33.2001264,-116.1500156,180.0,2026-08-20T16:11:12Z,dipole-dipole,1,5,1.317,607.4,198.392,9.042,0.00542,0.00116,0.00824;0.00872;0.00780;0.00678;0.00581;0.00552;0.00400;0.00349;0.00244;0.00184,
line-d-r00657,line-d,line-d-e13,33.1996482,-116.1505844,180.0,line-d-e14,33.1998076,-116.1503948,180.0,line-d-e15,33.1999670,-116.1502052,180.0,line-d-e16,33.2001264,-116.1500156,180.0,2026-08-20T16:11:24Z,dipole-dipole,1,8,1.243,643.6,213.350,8.124,0.00711,0.00112,0.01330;0.01047;0.00979;0.00875;0.00752;0.00632;0.00563;0.00456;0.00354;0.00259,
line-d-r00658,line-d,line-d-e13,33.1996482,-116.1505844,180.0,line-d-e14,33.1998076,-116.1503948,180.0,line-d-e16,33.2001264,-116.1500156,180.0,line-d-e17,33.2002858,-116.1498260,180.0,2026-08-20T16:11:36Z,dipole-dipole,2,5,1.288,621.2,206.522,8.299,0.00569,0.00111,0.00907;0.00940;0.00757;0.00711;0.00678;0.00518;0.00448;0.00361;0.00260;0.00199,
line-d-r00659,line-d,line-d-e13,33.1996482,-116.1505844,180.0,line-d-e14,33.1998076,-116.1503948,180.0,line-d-e16,33.2001264,-116.1500156,180.0,line-d-e17,33.2002858,-116.1498260,180.0,2026-08-20T16:11:48Z,dipole-dipole,2,5,1.402,570.5,190.463,7.145,0.00455,0.00115,0.00733;0.00654;0.00700;0.00553;0.00490;0.00404;0.00362;0.00327;0.00233;0.00171,
line-d-r00660,line-d,line-d-e13,33.1996482,-116.1505844,180.0,line-d-e14,33.1998076,-116.1503948,180.0,line-d-e16,33.2001264,-116.1500156,180.0,line-d-e17,33.2002858,-116.1498260,180.0,2026-08-20T16:12:00Z,dipole-dipole,2,7,1.515,528.1,209.562,8.818,0.00540,0.00114,0.00791;0.00831;0.00693;0.00643;0.00578;0.00502;0.00374;0.00341;0.00277;0.00205,
line-d-r00661,line-d,line-d-e13,33.1996482,-116.1505844,180.0,line-d-e14,33.1998076,-116.1503948,180.0,line-d-e16,33.2001264,-116.1500156,180.0,line-d-e17,33.2002858,-116.1498260,180.0,2026-08-20T16:12:12Z,dipole-dipole,2,5,1.252,638.9,211.560,9.368,0.00541,0.00100,0.00752;0.00710;0.00772;0.00704;0.00573;0.00503;0.00491;0.00332;0.00239;0.00186,
line-d-r00662,line-d,line-d-e13,33.1996482,-116.1505844,180.0,line-d-e14,33.1998076,-116.1503948,180.0,line-d-e16,33.2001264,-116.1500156,180.0,line-d-e17,33.2002858,-116.1498260,180.0,2026-08-20T16:12:24Z,dipole-dipole,2,7,1.383,578.4,205.419,6.407,0.00554,0.00088,0.00853;0.00851;0.00701;0.00681;0.00616;0.00552;0.00447;0.00357;0.00290;0.00190,
line-d-r00663,line-d,line-d-e13,33.1996482,-116.1505844,180.0,line-d-e14,33.1998076,-116.1503948,180.0,line-d-e16,33.2001264,-116.1500156,180.0,line-d-e17,33.2002858,-116.1498260,180.0,2026-08-20T16:12:36Z,dipole-dipole,2,3,1.165,686.7,187.584,6.350,0.00483,0.00111,0.00757;0.00697;0.00675;0.00678;0.00536;0.00430;0.00383;0.00279;0.00255;0.00170,
line-d-r00664,line-d,line-d-e13,33.1996482,-116.1505844,180.0,line-d-e14,33.1998076,-116.1503948,180.0,line-d-e17,33.2002858,-116.1498260,180.0,line-d-e18,33.2004452,-116.1496364,180.0,2026-08-20T16:12:48Z,dipole-dipole,3,6,1.216,657.7,192.489,7.170,0.00411,0.00086,0.00652;0.00631;0.00544;0.00485;0.00377;0.00388;0.00338;0.00260;0.00204;0.00158,
line-d-r00665,line-d,line-d-e13,33.1996482,-116.1505844,180.0,line-d-e14,33.1998076,-116.1503948,180.0,line-d-e17,33.2002858,-116.1498260,180.0,line-d-e18,33.2004452,-116.1496364,180.0,2026-08-20T16:13:00Z,dipole-dipole,3,8,1.305,613.1,213.829,6.785,0.00484,0.00093,0.00746;0.00830;0.00688;0.00547;0.00481;0.00441;0.00373;0.00311;0.00247;0.00174,
line-d-r00666,line-d,line-d-e13,33.1996482,-116.1505844,180.0,line-d-e14,33.1998076,-116.1503948,180.0,line-d-e17,33.2002858,-116.1498260,180.0,line-d-e18,33.2004452,-116.1496364,180.0,2026-08-20T16:13:12Z,dipole-dipole,3,4,1.463,546.8,-270.125,6.137,0.00633,0.00125,0.00990;0.01000;0.00931;0.00795;0.00713;0.00507;0.00568;0.00425;0.00311;0.00229,
line-d-r00667,line-d,line-d-e13,33.1996482,-116.1505844,180.0,line-d-e14,33.1998076,-116.1503948,180.0,line-d-e17,33.2002858,-116.1498260,180.0,line-d-e18,33.2004452,-116.1496364,180.0,2026-08-20T16:13:24Z,dipole-dipole,3,3,1.258,636.1,207.879,7.726,0.00515,0.00117,0.00800;0.00753;0.00735;0.00699;0.00655;0.00488;0.00422;0.00360;0.00234;0.00178,
line-d-r00668,line-d,line-d-e13,33.1996482,-116.1505844,180.0,line-d-e14,33.1998076,-116.1503948,180.0,line-d-e17,33.2002858,-116.1498260,180.0,line-d-e18,33.2004452,-116.1496364,180.0,2026-08-20T16:13:36Z,dipole-dipole,3,7,1.229,650.9,190.986,7.946,0.00450,0.00117,0.00714;0.00680;0.00661;0.00482;0.00483;0.00397;0.00333;0.00288;0.00209;0.00156,
line-d-r00669,line-d,line-d-e13,33.1996482,-116.1505844,180.0,line-d-e14,33.1998076,-116.1503948,180.0,line-d-e17,33.2002858,-116.1498260,180.0,line-d-e18,33.2004452,-116.1496364,180.0,2026-08-20T16:13:48Z,dipole-dipole,3,7,1.269,630.3,202.750,9.062,0.00595,0.00100,0.00938;0.00848;0.00739;0.00702;0.00664;0.00544;0.00432;0.00402;0.00287;0.00222,
line-d-r00670,line-d,line-d-e13,33.1996482,-116.1505844,180.0,line-d-e14,33.1998076,-116.1503948,180.0,line-d-e17,33.2002858,-116.1498260,180.0,line-d-e18,33.2004452,-116.1496364,180.0,2026-08-20T16:14:00Z,dipole-dipole,3,3,1.285,622.6,187.288,8.810,0.00594,0.00112,0.00941;0.00863;0.00823;0.00768;0.00641;0.00572;0.00457;0.00383;0.00266;0.00190,
line-d-r00671,line-d,line-d-e13,33.1996482,-116.1505844,180.0,line-d-e14,33.1998076,-116.1503948,180.0,line-d-e18,33.2004452,-116.1496364,180.0,line-d-e19,33.2006046,-116.1494468,180.0,2026-08-20T16:14:12Z,dipole-dipole,4,4,1.172,682.4,207.287,6.759,0.00604,0.00114,0.00981;0.00869;0.00868;0.00689;0.00708;0.00541;0.00473;0.00408;0.00271;0.00201,
line-d-r00672,line-d,line-d-e13,33.1996482,-116.1505844,180.0,line-d-e14,33.1998076,-116.1503948,180.0,line-d-e18,33.2004452,-116.1496364,180.0,line-d-e19,33.2006046,-116.1494468,180.0,2026-08-20T16:14:24Z,dipole-dipole,4,5,1.247,641.5,194.389,8.185,0.00525,0.00107,0.00824;0.00784;0.00784;0.00674;0.00570;0.00491;0.00413;0.00339;0.00262;0.00203,
line-d-r00673,line-d,line-d-e13,33.1996482,-116.1505844,180.0,line-d-e14,33.1998076,-116.1503948,180.0,line-d-e18,33.2004452,-116.1496364,180.0,line-d-e19,33.2006046,-116.1494468,180.0,2026-08-20T16:14:36Z,dipole-dipole,4,3,1.316,607.8,214.726,7.685,0.00524,0.00107,0.00893;0.00799;0.00730;0.00656;0.00523;0.00471;0.00398;0.00316;0.00257;0.00171,
line-d-r00674,line-d,line-d-e13,33.1996482,-116.1505844,180.0,line-d-e14,33.1998076,-116.1503948,180.0,line-d-e18,33.2004452,-116.1496364,180.0,line-d-e19,33.2006046,-116.1494468,180.0,2026-08-20T16:14:48Z,dipole-dipole,4,5,0.991,807.5,203.062,7.188,0.00646,0.00084,0.01141;0.00884;0.00897;0.00837;0.00676;0.00639;0.00442;0.00399;0.00353;0.00219,
line-d-r00675,line-d,line-d-e13,33.1996482,-116.1505844,180.0,line-d-e14,33.1998076,-116.1503948,180.0,line-d-e18,33.2004452,-116.1496364,180.0,line-d-e19,33.2006046,-116.1494468,180.0,2026-08-20T16:15:00Z,dipole-dipole,4,7,1.363,586.8,195.625,9.281,0.00654,0.00096,0.01085;0.00968;0.00896;0.00803;0.00676;0.00579;0.00532;0.00471;0.00320;0.00236,
line-d-r00676,line-d,line-d-e13,33.1996482,-116.1505844,180.0,line-d-e14,33.1998076,-116.1503948,180.0,line-d-e18,33.2004452,-116.1496364,180.0,line-d-e19,33.2006046,-116.1494468,180.0,2026-08-20T16:15:12Z,dipole-dipole,4,8,1.266,631.9,200.113,5.673,0.00420,0.00107,0.00669;0.00560;0.00582;0.00478;0.00497;0.00416;0.00316;0.00264;0.00185;0.00133,
line-d-r00677,line-d,line-d-e13,33.1996482,-116.1505844,180.0,line-d-e14,33.1998076,-116.1503948,180.0,line-d-e18,33.2004452,-116.1496364,180.0,line-d-e19,33.2006046,-116.1494468,180.0,2026-08-20T16:15:24Z,dipole-dipole,4,6,1.324,604.4,191.917,5.828,0.00385,0.00090,0.00632;0.00509;0.00596;0.00489;0.00388;0.00358;0.00291;0.00252;0.00180;0.00125,
line-d-r00678,line-d,line-d-e13,33.1996482,-116.1505844,180.0,line-d-e14,33.1998076,-116.1503948,180.0,line-d-e19,33.2006046,-116.1494468,180.0,line-d-e20,33.2007640,-116.1492572,180.0,2026-08-20T16:15:36Z,dipole-dipole,5,6,1.345,594.8,199.164,6.698,0.00533,0.00104,0.00803;0.00765;0.00715;0.00683;0.00525;0.00534;0.00423;0.00339;0.00262;0.00196,
line-d-r00679,line-d,line-d-e13,33.1996482,-116.1505844,180.0,line-d-e14,33.1998076,-116.1503948,180.0,line-d-e19,33.2006046,-116.1494468,180.0,line-d-e20,33.2007640,-116.1492572,180.0,2026-08-20T16:15:48Z,dipole-dipole,5,6,1.144,699.6,201.800,7.401,0.00525,0.00125,0.00818;0.00757;0.00742;0.00601;0.00563;0.00526;0.00433;0.00347;0.00247;0.00173,
line-d-r00680,line-d,line-d-e13,33.1996482,-116.1505844,180.0,line-d-e14,33.1998076,-116.1503948,180.0,line-d-e19,33.2006046,-116.1494468,180.0,line-d-e20,33.2007640,-116.1492572,180.0,2026-08-20T16:16:00Z,dipole-dipole,5,4,1.070,747.9,210.429,10.059,0.00551,0.00107,0.00908;0.00908;0.00727;0.00661;0.00607;0.00538;0.00484;0.00357;0.00288;0.00201,
line-d-r00681,line-d,line-d-e13,33.1996482,-116.1505844,180.0,line-d-e14,33.1998076,-116.1503948,180.0,line-d-e19,33.2006046,-116.1494468,180.0,line-d-e20,33.2007640,-116.1492572,180.0,2026-08-20T16:16:12Z,dipole-dipole,5,6,1.484,539.0,203.676,6.984,0.00584,0.00112,0.00230;0.00268;0.00364;0.00436;0.00560;0.00629;0.00718;0.00801;0.00932;0.00912,
line-d-r00682,line-d,line-d-e13,33.1996482,-116.1505844,180.0,line-d-e14,33.1998076,-116.1503948,180.0,line-d-e19,33.2006046,-116.1494468,180.0,line-d-e20,33.2007640,-116.1492572,180.0,2026-08-20T16:16:24Z,dipole-dipole,5,6,1.434,557.9,200.221,6.219,0.00517,0.00082,0.00880;0.00767;0.00748;0.00643;0.00573;0.00492;0.00418;0.00314;0.00242;0.00189,
line-d-r00683,line-d,line-d-e13,33.1996482,-116.1505844,180.0,line-d-e14,33.1998076,-116.1503948,180.0,line-d-e19,33.2006046,-116.1494468,180.0,line-d-e20,33.2007640,-116.1492572,180.0,2026-08-20T16:16:36Z,dipole-dipole,5,3,1.324,604.4,202.523,6.902,0.00459,0.00112,0.00705;0.00737;0.00729;0.00549;0.00535;0.00412;0.00360;0.00299;0.00234;0.00177,
line-d-r00684,line-d,line-d-e13,33.1996482,-116.1505844,180.0,line-d-e14,33.1998076,-116.1503948,180.0,line-d-e19,33.2006046,-116.1494468,180.0,line-d-e20,33.2007640,-116.1492572,180.0,2026-08-20T16:16:48Z,dipole-dipole,5,8,1.359,588.7,205.568,7.829,0.00528,0.00861,0.00857;0.00775;0.00780;0.00615;0.00571;0.00455;0.00401;0.00306;0.00254;0.00184,
line-d-r00685,line-d,line-d-e13,33.1996482,-116.1505844,180.0,line-d-e14,33.1998076,-116.1503948,180.0,line-d-e19,33.2006046,-116.1494468,180.0,line-d-e20,33.2007640,-116.1492572,180.0,2026-08-20T16:17:00Z,dipole-dipole,5,4,1.074,745.2,205.889,6.629,0.00544,0.00116,0.00805;0.00777;0.00720;0.00721;0.00582;0.00541;0.00453;0.00315;0.00289;0.00201,
line-d-r00686,line-d,line-d-e14,33.1998076,-116.1503948,180.0,line-d-e15,33.1999670,-116.1502052,180.0,line-d-e16,33.2001264,-116.1500156,180.0,line-d-e17,33.2002858,-116.1498260,180.0,2026-08-20T16:17:12Z,dipole-dipole,1,8,1.113,718.7,207.748,8.027,0.00657,0.00110,0.01066;0.00919;0.00883;0.00917;0.00699;0.00563;0.00474;0.00421;0.00317;0.00232,
line-d-r00687,line-d,line-d-e14,33.1998076,-116.1503948,180.0,line-d-e15,33.1999670,-116.1502052,180.0,line-d-e16,33.2001264,-116.1500156,180.0,line-d-e17,33.2002858,-116.1498260,180.0,2026-08-20T16:17:24Z,dipole-dipole,1,4,1.219,656.5,205.010,9.559,0.00399,0.00095,0.00614;0.00586;0.00554;0.00514;0.00464;0.00388;0.00287;0.00269;0.00194;0.00138,
line-d-r00688,line-d,line-d-e14,33.1998076,-116.1503948,180.0,line-d-e15,33.1999670,-116.1502052,180.0,line-d-e16,33.2001264,-116.1500156,180.0,line-d-e17,33.2002858,-116.1498260,180.0,2026-08-20T16:17:36Z,dipole-dipole,1,3,1.231,649.6,206.632,8.535,0.00573,0.00094,0.01012;0.00864;0.00723;0.00698;0.00628;0.00519;0.00475;0.00342;0.00284;0.00201,
line-d-r00689,line-d,line-d-e14,33.1998076,-116.1503948,180.0,line-d-e15,33.1999670,-116.1502052,180.0,line-d-e16,33.2001264,-116.1500156,180.0,line-d-e17,33.2002858,-116.1498260,180.0,2026-08-20T16:17:48Z,dipole-dipole,1,3,1.117,716.3,203.471,8.353,0.00455,0.00096,0.00758;0.00710;0.00689;0.00473;0.00465;0.00403;0.00331;0.00309;0.00212;0.00170,
line-d-r00690,line-d,line-d-e14,33.1998076,-116.1503948,180.0,line-d-e15,33.1999670,-116.1502052,180.0,line-d-e16,33.2001264,-116.1500156,180.0,line-d-e17,33.2002858,-116.1498260,180.0,2026-08-20T16:18:00Z,dipole-dipole,1,4,1.162,688.2,204.243,5.784,0.00535,0.00115,0.00827;0.00780;0.00707;0.00600;0.00642;0.00488;0.00417;0.00354;0.00252;0.00196,
line-d-r00691,line-d,line-d-e14,33.1998076,-116.1503948,180.0,line-d-e15,33.1999670,-116.1502052,180.0,line-d-e16,33.2001264,-116.1500156,180.0,line-d-e17,33.2002858,-116.1498260,180.0,2026-08-20T16:18:12Z,dipole-dipole,1,7,1.225,653.3,206.345,10.468,0.00352,0.00095,0.00533;0.00535;0.00451;0.00428;0.00353;0.00320;0.00279;0.00208;0.00163;0.00125,
line-d-r00692,line-d,line-d-e14,33.1998076,-116.1503948,180.0,line-d-e15,33.1999670,-116.1502052,180.0,line-d-e16,33.2001264,-116.1500156,180.0,line-d-e17,33.2002858,-116.1498260,180.0,2026-08-20T16:18:24Z,dipole-dipole,1,4,1.163,688.0,192.726,7.852,0.00466,0.00085,0.00698;0.00646;0.00665;0.00573;0.00466;0.00430;0.00352;0.00295;0.00231;0.00152,
line-d-r00693,line-d,line-d-e14,33.1998076,-116.1503948,180.0,line-d-e15,33.1999670,-116.1502052,180.0,line-d-e16,33.2001264,-116.1500156,180.0,line-d-e17,33.2002858,-116.1498260,180.0,2026-08-20T16:18:36Z,dipole-dipole,1,8,1.469,544.6,200.099,6.170,0.00417,0.00150,0.00665;0.00641;0.00570;0.00562;0.00442;0.00403;0.00304;0.00255;0.00210;0.00139,
line-d-r00694,line-d,line-d-e14,33.1998076,-116.1503948,180.0,line-d-e15,33.1999670,-116.1502052,180.0,line-d-e17,33.2002858,-116.1498260,180.0,line-d-e18,33.2004452,-116.1496364,180.0,2026-08-20T16:18:48Z,dipole-dipole,2,3,1.328,602.4,194.207,7.895,0.00422,0.00107,0.00713;0.00720;0.00566;0.00483;0.00453;0.00437;0.00321;0.00277;0.00209;0.00156,
line-d-r00695,line-d,line-d-e14,33.1998076,-116.1503948,180.0,line-d-e15,33.1999670,-116.1502052,180.0,line-d-e17,33.2002858,-116.1498260,180.0,line-d-e18,33.2004452,-116.1496364,180.0,2026-08-20T16:19:00Z,dipole-dipole,2,3,1.890,423.4,197.506,7.930,0.00622,0.00102,0.01077;0.00850;0.00883;0.00730;0.00694;0.00530;0.00474;0.00390;0.00282;0.00230,
line-d-r00696,line-d,line-d-e14,33.1998076,-116.1503948,180.0,line-d-e15,33.1999670,-116.1502052,180.0,line-d-e17,33.2002858,-116.1498260,180.0,line-d-e18,33.2004452,-116.1496364,180.0,2026-08-20T16:19:12Z,dipole-dipole,2,8,1.100,727.2,207.404,7.622,0.00539,0.00093,0.00880;0.00826;0.00713;0.00752;0.00575;0.00505;0.00471;0.00354;0.00250;0.00187,
line-d-r00697,line-d,line-d-e14,33.1998076,-116.1503948,180.0,line-d-e15,33.1999670,-116.1502052,180.0,line-d-e17,33.2002858,-116.1498260,180.0,line-d-e18,33.2004452,-116.1496364,180.0,2026-08-20T16:19:24Z,dipole-dipole,2,8,1.080,741.0,202.967,7.389,0.00481,0.00115,0.00739;0.00661;0.00594;0.00534;0.00536;0.00486;0.00371;0.00290;0.00228;0.00165,
line-d-r00698,line-d,line-d-e14,33.1998076,-116.1503948,180.0,line-d-e15,33.1999670,-116.1502052,180.0,line-d-e17,33.2002858,-116.1498260,180.0,line-d-e18,33.2004452,-116.1496364,180.0,2026-08-20T16:19:36Z,dipole-dipole,2,7,1.596,501.3,199.793,7.134,0.00553,0.00112,0.00892;0.00839;0.00686;0.00690;0.00551;0.00500;0.00439;0.00316;0.00252;0.00193,
line-d-r00699,line-d,line-d-e14,33.1998076,-116.1503948,180.0,line-d-e15,33.1999670,-116.1502052,180.0,line-d-e17,33.2002858,-116.1498260,180.0,line-d-e18,33.2004452,-116.1496364,180.0,2026-08-20T16:19:48Z,dipole-dipole,2,4,1.203,665.0,188.143,7.716,0.00632,0.00122,0.00989;0.00922;0.00872;0.00834;0.00580;0.00665;0.00479;0.00418;0.00307;0.00226,
line-d-r00700,line-d,line-d-e14,33.1998076,-116.1503948,180.0,line-d-e15,33.1999670,-116.1502052,180.0,line-d-e17,33.2002858,-116.1498260,180.0,line-d-e18,33.2004452,-116.1496364,180.0,2026-08-20T16:20:00Z,dipole-dipole,2,4,1.396,573.1,186.750,7.019,0.00584,0.00089,0.00945;0.00815;0.00839;0.00714;0.00574;0.00613;0.00484;0.00373;0.00297;0.00237,
line-d-r00701,line-d,line-d-e14,33.1998076,-116.1503948,180.0,line-d-e15,33.1999670,-116.1502052,180.0,line-d-e18,33.2004452,-116.1496364,180.0,line-d-e19,33.2006046,-116.1494468,180.0,2026-08-20T16:20:12Z,dipole-dipole,3,8,1.328,602.6,190.620,4.822,0.00548,0.00113,0.00852;0.00873;0.00676;0.00700;0.00634;0.00520;0.00468;0.00342;0.00279;0.00179,
line-d-r00702,line-d,line-d-e14,33.1998076,-116.1503948,180.0,line-d-e15,33.1999670,-116.1502052,180.0,line-d-e18,33.2004452,-116.1496364,180.0,line-d-e19,33.2006046,-116.1494468,180.0,2026-08-20T16:20:24Z,dipole-dipole,3,5,1.690,473.4,204.775,7.705,0.00485,0.00098,0.00825;0.00671;0.00625;0.00540;0.00484;0.00484;0.00405;0.00285;0.00225;0.00183,
line-d-r00703,line-d,line-d-e14,33.1998076,-116.1503948,180.0,line-d-e15,33.1999670,-116.1502052,180.0,line-d-e18,33.2004452,-116.1496364,180.0,line-d-e19,33.2006046,-116.1494468,180.0,2026-08-20T16:20:36Z,dipole-dipole,3,3,1.381,579.5,185.254,6.338,0.00556,0.00096,0.00928;0.00827;0.00682;0.00610;0.00626;0.00568;0.00433;0.00350;0.00288;0.00196,
line-d-r00704,line-d,line-d-e14,33.1998076,-116.1503948,180.0,line-d-e15,33.1999670,-116.1502052,180.0,line-d-e18,33.2004452,-116.1496364,180.0,line-d-e19,33.2006046,-116.1494468,180.0,2026-08-20T16:20:48Z,dipole-dipole,3,5,1.134,705.5,197.076,8.498,0.00559,0.00114,0.00886;0.00709;0.00783;0.00690;0.00563;0.00525;0.00492;0.00321;0.00294;0.00183,
line-d-r00705,line-d,line-d-e14,33.1998076,-116.1503948,180.0,line-d-e15,33.1999670,-116.1502052,180.0,line-d-e18,33.2004452,-116.1496364,180.0,line-d-e19,33.2006046,-116.1494468,180.0,2026-08-20T16:21:00Z,dipole-dipole,3,4,1.401,571.0,193.347,8.533,0.00409,0.00101,0.00695;0.00571;0.00547;0.00568;0.00460;0.00371;0.00319;0.00277;0.00193;0.00147,
line-d-r00706,line-d,line-d-e14,33.1998076,-116.1503948,180.0,line-d-e15,33.1999670,-116.1502052,180.0,line-d-e18,33.2004452,-116.1496364,180.0,line-d-e19,33.2006046,-116.1494468,180.0,2026-08-20T16:21:12Z,dipole-dipole,3,6,1.483,539.3,196.515,6.934,0.00575,0.00089,0.00937;0.00828;0.00769;0.00678;0.00626;0.00591;0.00481;0.00342;0.00273;0.00207,
line-d-r00707,line-d,line-d-e14,33.1998076,-116.1503948,180.0,line-d-e15,33.1999670,-116.1502052,180.0,line-d-e18,33.2004452,-116.1496364,180.0,line-d-e19,33.2006046,-116.1494468,180.0,2026-08-20T16:21:24Z,dipole-dipole,3,3,1.641,487.6,203.557,7.829,0.00540,0.00096,0.00824;0.00774;0.00723;0.00668;0.00583;0.00572;0.00468;0.00365;0.00256;0.00192,
line-d-r00708,line-d,line-d-e14,33.1998076,-116.1503948,180.0,line-d-e15,33.1999670,-116.1502052,180.0,line-d-e19,33.2006046,-116.1494468,180.0,line-d-e20,33.2007640,-116.1492572,180.0,2026-08-20T16:21:36Z,dipole-dipole,4,4,1.396,573.3,208.865,7.887,0.00735,0.00094,0.01195;0.01145;0.01044;0.00960;0.00865;0.00659;0.00596;0.00462;0.00312;0.00275,
line-d-r00709,line-d,line-d-e14,33.1998076,-116.1503948,180.0,line-d-e15,33.1999670,-116.1502052,180.0,line-d-e19,33.2006046,-116.1494468,180.0,line-d-e20,33.2007640,-116.1492572,180.0,2026-08-20T16:21:48Z,dipole-dipole,4,5,1.391,575.3,197.296,5.467,0.00647,0.00107,0.01042;0.00911;0.00823;0.00802;0.00717;0.00568;0.00450;0.00393;0.00305;0.00242,
line-d-r00710,line-d,line-d-e14,33.1998076,-116.1503948,180.0,line-d-e15,33.1999670,-116.1502052,180.0,line-d-e19,33.2006046,-116.1494468,180.0,line-d-e20,33.2007640,-116.1492572,180.0,2026-08-20T16:22:00Z,dipole-dipole,4,6,1.239,645.7,212.707,7.864,0.00289,0.00104,0.00443;0.00455;0.00388;0.00408;0.00327;0.00289;0.00227;0.00173;0.00149;0.00108,
line-d-r00711,line-d,line-d-e14,33.1998076,-116.1503948,180.0,line-d-e15,33.1999670,-116.1502052,180.0,line-d-e19,33.2006046,-116.1494468,180.0,line-d-e20,33.2007640,-116.1492572,180.0,2026-08-20T16:22:12Z,dipole-dipole,4,4,1.290,620.3,191.312,8.902,0.00467,0.00115,0.00757;0.00674;0.00646;0.00573;0.00503;0.00429;0.00380;0.00281;0.00245;0.00170,
line-d-r00712,line-d,line-d-e14,33.1998076,-116.1503948,180.0,line-d-e15,33.1999670,-116.1502052,180.0,line-d-e19,33.2006046,-116.1494468,180.0,line-d-e20,33.2007640,-116.1492572,180.0,2026-08-20T16:22:24Z,dipole-dipole,4,7,1.071,746.7,193.038,6.746,0.00650,0.00089,0.01035;0.01033;0.00871;0.00744;0.00823;0.00629;0.00487;0.00398;0.00289;0.00260,
line-d-r00713,line-d,line-d-e14,33.1998076,-116.1503948,180.0,line-d-e15,33.1999670,-116.1502052,180.0,line-d-e19,33.2006046,-116.1494468,180.0,line-d-e20,33.2007640,-116.1492572,180.0,2026-08-20T16:22:36Z,dipole-dipole,4,5,1.424,562.0,189.634,8.285,0.00438,0.00109,0.00793;0.00626;0.00627;0.00542;0.00437;0.00378;0.00342;0.00274;0.00221;0.00169,
line-d-r00714,line-d,line-d-e14,33.1998076,-116.1503948,180.0,line-d-e15,33.1999670,-116.1502052,180.0,line-d-e19,33.2006046,-116.1494468,180.0,line-d-e20,33.2007640,-116.1492572,180.0,2026-08-20T16:22:48Z,dipole-dipole,4,7,1.094,731.4,191.622,9.045,0.00699,0.00097,0.01157;0.01024;0.00948;0.00810;0.00735;0.00659;0.00608;0.00443;0.00341;0.00260,
line-d-r00715,line-d,line-d-e14,33.1998076,-116.1503948,180.0,line-d-e15,33.1999670,-116.1502052,180.0,line-d-e19,33.2006046,-116.1494468,180.0,line-d-e20,33.2007640,-116.1492572,180.0,2026-08-20T16:23:00Z,dipole-dipole,4,3,1.123,712.4,205.752,6.842,0.00547,0.00115,0.00881;0.00827;0.00794;0.00779;0.00594;0.00514;0.00486;0.00328;0.00279;0.00198,
line-d-r00716,line-d,line-d-e15,33.1999670,-116.1502052,180.0,line-d-e16,33.2001264,-116.1500156,180.0,line-d-e17,33.2002858,-116.1498260,180.0,line-d-e18,33.2004452,-116.1496364,180.0,2026-08-20T16:23:12Z,dipole-dipole,1,5,2.000,361.7,201.395,7.336,0.00607,0.00079,0.00972;0.00900;0.00895;0.00808;0.00749;0.00620;0.00447;0.00413;0.00290;0.00220,
line-d-r00717,line-d,line-d-e15,33.1999670,-116.1502052,180.0,line-d-e16,33.2001264,-116.1500156,180.0,line-d-e17,33.2002858,-116.1498260,180.0,line-d-e18,33.2004452,-116.1496364,180.0,2026-08-20T16:23:24Z,dipole-dipole,1,4,2.000,256.3,194.565,9.860,0.00402,0.00093,0.00603;0.00617;0.00539;0.00520;0.00446;0.00389;0.00322;0.00243;0.00212;0.00129,
line-d-r00718,line-d,line-d-e15,33.1999670,-116.1502052,180.0,line-d-e16,33.2001264,-116.1500156,180.0,line-d-e17,33.2002858,-116.1498260,180.0,line-d-e18,33.2004452,-116.1496364,180.0,2026-08-20T16:23:36Z,dipole-dipole,1,4,2.000,287.2,205.461,6.885,0.00529,0.00088,0.00756;0.00821;0.00688;0.00713;0.00563;0.00535;0.00388;0.00347;0.00258;0.00181,
line-d-r00719,line-d,line-d-e15,33.1999670,-116.1502052,180.0,line-d-e16,33.2001264,-116.1500156,180.0,line-d-e17,33.2002858,-116.1498260,180.0,line-d-e18,33.2004452,-116.1496364,180.0,2026-08-20T16:23:48Z,dipole-dipole,1,5,2.000,329.8,196.921,6.387,0.00512,0.00105,0.00802;0.00670;0.00685;0.00630;0.00592;0.00519;0.00391;0.00301;0.00250;0.00191,
line-d-r00720,line-d,line-d-e15,33.1999670,-116.1502052,180.0,line-d-e16,33.2001264,-116.1500156,180.0,line-d-e17,33.2002858,-116.1498260,180.0,line-d-e18,33.2004452,-116.1496364,180.0,2026-08-20T16:24:00Z,dipole-dipole,1,8,1.859,430.3,204.696,7.953,0.00522,0.00087,0.00891;0.00686;0.00760;0.00693;0.00507;0.00485;0.00408;0.00294;0.00258;0.00190,
line-d-r00721,line-d,line-d-e15,33.1999670,-116.1502052,180.0,line-d-e16,33.2001264,-116.1500156,180.0,line-d-e17,33.2002858,-116.1498260,180.0,line-d-e18,33.2004452,-116.1496364,180.0,2026-08-20T16:24:12Z,dipole-dipole,1,4,2.000,367.0,-259.838,7.657,0.00548,0.00104,0.00867;0.00774;0.00771;0.00689;0.00619;0.00497;0.00458;0.00329;0.00269;0.00190,
line-d-r00722,line-d,line-d-e15,33.1999670,-116.1502052,180.0,line-d-e16,33.2001264,-116.1500156,180.0,line-d-e18,33.2004452,-116.1496364,180.0,line-d-e19,33.2006046,-116.1494468,180.0,2026-08-20T16:24:24Z,dipole-dipole,2,5,1.638,488.4,201.412,7.610,0.00553,0.00102,0.00876;0.00895;0.00852;0.00711;0.00541;0.00565;0.00460;0.00362;0.00267;0.00204,
line-d-r00723,line-d,line-d-e15,33.1999670,-116.1502052,180.0,line-d-e16,33.2001264,-116.1500156,180.0,line-d-e18,33.2004452,-116.1496364,180.0,line-d-e19,33.2006046,-116.1494468,180.0,2026-08-20T16:24:36Z,dipole-dipole,2,6,1.792,446.4,191.155,7.035,0.00583,0.00086,0.00894;0.00886;0.00775;0.00756;0.00630;0.00597;0.00494;0.00377;0.00277;0.00189,
line-d-r00724,line-d,line-d-e15,33.1999670,-116.1502052,180.0,line-d-e16,33.2001264,-116.1500156,180.0,line-d-e18,33.2004452,-116.1496364,180.0,line-d-e19,33.2006046,-116.1494468,180.0,2026-08-20T16:24:48Z,dipole-dipole,2,6,1.563,511.9,188.355,7.737,0.00674,0.00085,0.01135;0.00997;0.00969;0.00861;0.00774;0.00619;0.00488;0.00426;0.00319;0.00250,
line-d-r00725,line-d,line-d-e15,33.1999670,-116.1502052,180.0,line-d-e16,33.2001264,-116.1500156,180.0,line-d-e18,33.2004452,-116.1496364,180.0,line-d-e19,33.2006046,-116.1494468,180.0,2026-08-20T16:25:00Z,dipole-dipole,2,5,1.900,421.1,203.738,7.610,0.00583,0.00122,0.00948;0.00850;0.00772;0.00668;0.00582;0.00554;0.00450;0.00399;0.00303;0.00201,
line-d-r00726,line-d,line-d-e15,33.1999670,-116.1502052,180.0,line-d-e16,33.2001264,-116.1500156,180.0,line-d-e18,33.2004452,-116.1496364,180.0,line-d-e19,33.2006046,-116.1494468,180.0,2026-08-20T16:25:12Z,dipole-dipole,2,8,1.604,498.8,200.275,7.901,0.00460,0.00099,0.00743;0.00782;0.00619;0.00538;0.00511;0.00450;0.00346;0.00302;0.00234;0.00152,
line-d-r00727,line-d,line-d-e15,33.1999670,-116.1502052,180.0,line-d-e16,33.2001264,-116.1500156,180.0,line-d-e18,33.2004452,-116.1496364,180.0,line-d-e19,33.2006046,-116.1494468,180.0,2026-08-20T16:25:24Z,dipole-dipole,2,3,1.619,494.2,189.867,5.433,0.00557,0.00144,0.00860;0.00851;0.00852;0.00680;0.00647;0.00548;0.00428;0.00326;0.00271;0.00191,
line-d-r00728,line-d,line-d-e15,33.1999670,-116.1502052,180.0,line-d-e16,33.2001264,-116.1500156,180.0,line-d-e19,33.2006046,-116.1494468,180.0,line-d-e20,33.2007640,-116.1492572,180.0,2026-08-20T16:25:36Z,dipole-dipole,3,4,1.670,478.9,187.942,7.835,0.00537,0.00098,0.00899;0.00884;0.00718;0.00664;0.00654;0.00462;0.00427;0.00362;0.00262;0.00178,
line-d-r00729,line-d,line-d-e15,33.1999670,-116.1502052,180.0,line-d-e16,33.2001264,-116.1500156,180.0,line-d-e19,33.2006046,-116.1494468,180.0,line-d-e20,33.2007640,-116.1492572,180.0,2026-08-20T16:25:48Z,dipole-dipole,3,5,1.739,460.0,204.222,8.591,0.00371,0.00105,0.00569;0.00537;0.00518;0.00522;0.00439;0.00333;0.00315;0.00240;0.00193;0.00123,
line-d-r00730,line-d,line-d-e15,33.1999670,-116.1502052,180.0,line-d-e16,33.2001264,-116.1500156,180.0,line-d-e19,33.2006046,-116.1494468,180.0,line-d-e20,33.2007640,-116.1492572,180.0,2026-08-20T16:26:00Z,dipole-dipole,3,8,1.902,420.5,206.411,8.945,0.00419,0.01251,0.00638;0.00646;0.00580;0.00523;0.00452;0.00397;0.00329;0.00276;0.00207;0.00130,
line-d-r00731,line-d,line-d-e15,33.1999670,-116.1502052,180.0,line-d-e16,33.2001264,-116.1500156,180.0,line-d-e19,33.2006046,-116.1494468,180.0,line-d-e20,33.2007640,-116.1492572,180.0,2026-08-20T16:26:12Z,dipole-dipole,3,6,1.987,402.7,195.278,8.301,0.00405,0.00124,0.00685;0.00611;0.00608;0.00523;0.00438;0.00369;0.00349;0.00273;0.00187;0.00155,
line-d-r00732,line-d,line-d-e15,33.1999670,-116.1502052,180.0,line-d-e16,33.2001264,-116.1500156,180.0,line-d-e19,33.2006046,-116.1494468,180.0,line-d-e20,33.2007640,-116.1492572,180.0,2026-08-20T16:26:24Z,dipole-dipole,3,5,2.000,392.9,200.112,7.199,0.00414,0.00123,0.00641;0.00658;0.00589;0.00548;0.00472;0.00384;0.00351;0.00297;0.00203;0.00146,
line-d-r00733,line-d,line-d-e15,33.1999670,-116.1502052,180.0,line-d-e16,33.2001264,-116.1500156,180.0,line-d-e19,33.2006046,-116.1494468,180.0,line-d-e20,33.2007640,-116.1492572,180.0,2026-08-20T16:26:36Z,dipole-dipole,3,8,2.000,331.7,204.731,7.843,0.00632,0.00105,0.01061;0.01021;0.00831;0.00761;0.00739;0.00590;0.00528;0.00424;0.00290;0.00241,
line-d-r00734,line-d,line-d-e15,33.1999670,-116.1502052,180.0,line-d-e16,33.2001264,-116.1500156,180.0,line-d-e19,33.2006046,-116.1494468,180.0,line-d-e20,33.2007640,-116.1492572,180.0,2026-08-20T16:26:48Z,dipole-dipole,3,4,2.000,388.4,203.771,8.390,0.00377,0.00079,0.00560;0.00563;0.00442;0.00492;0.00405;0.00374;0.00296;0.00233;0.00177;0.00137,
line-d-r00735,line-d,line-d-e15,33.1999670,-116.1502052,180.0,line-d-e16,33.2001264,-116.1500156,180.0,line-d-e19,33.2006046,-116.1494468,180.0,line-d-e20,33.2007640,-116.1492572,180.0,2026-08-20T16:27:00Z,dipole-dipole,3,3,2.000,375.7,197.624,7.020,0.00522,0.00129,0.00792;0.00829;0.00724;0.00645;0.00611;0.00557;0.00419;0.00325;0.00238;0.00178,
line-d-r00736,line-d,line-d-e16,33.2001264,-116.1500156,180.0,line-d-e17,33.2002858,-116.1498260,180.0,line-d-e18,,,,line-d-e19,33.2006046,-116.1494468,180.0,2026-08-20T16:27:12Z,dipole-dipole,1,6,0.449,1780.1,209.681,8.141,0.00574,0.00122,0.00957;0.00832;0.00790;0.00678;0.00698;0.00553;0.00429;0.00389;0.00251;0.00207,
line-d-r00737,line-d,line-d-e16,33.2001264,-116.1500156,180.0,line-d-e17,33.2002858,-116.1498260,180.0,line-d-e18,33.2004452,-116.1496364,180.0,line-d-e19,33.2006046,-116.1494468,180.0,2026-08-20T16:27:24Z,dipole-dipole,1,3,0.438,1825.5,202.222,9.686,0.00409,0.00128,0.00637;0.00622;0.00549;0.00548;0.00454;0.00359;0.00356;0.00219;0.00201;0.00139,
line-d-r00738,line-d,line-d-e16,33.2001264,-116.1500156,180.0,line-d-e17,33.2002858,-116.1498260,180.0,line-d-e18,33.2004452,-116.1496364,180.0,line-d-e19,33.2006046,-116.1494468,180.0,2026-08-20T16:27:36Z,dipole-dipole,1,4,0.622,1285.4,208.274,7.863,0.00622,0.00133,0.01068;0.00980;0.00912;0.00696;0.00673;0.00611;0.00468;0.00404;0.00305;0.00234,
line-d-r00739,line-d,line-d-e16,33.2001264,-116.1500156,180.0,line-d-e17,33.2002858,-116.1498260,180.0,line-d-e18,33.2004452,-116.1496364,180.0,line-d-e19,33.2006046,-116.1494468,180.0,2026-08-20T16:27:48Z,dipole-dipole,1,5,0.579,1382.0,197.952,7.069,0.00552,0.00120,0.00896;0.00795;0.00687;0.00644;0.00580;0.00534;0.00481;0.00362;0.00273;0.00217,
line-d-r00740,line-d,line-d-e16,33.2001264,-116.1500156,180.0,line-d-e17,33.2002858,-116.1498260,180.0,line-d-e18,33.2004452,-116.1496364,180.0,line-d-e19,33.2006046,-116.1494468,180.0,2026-08-20T16:28:00Z,dipole-dipole,1,5,0.551,1452.5,208.184,7.331,0.00618,0.00098,0.00942;0.00973;0.00997;0.00779;0.00649;0.00527;0.00507;0.00428;0.00312;0.00196,
line-d-r00741,line-d,line-d-e16,33.2001264,-116.1500156,180.0,line-d-e17,33.2002858,-116.1498260,180.0,line-d-e18,33.2004452,-116.1496364,180.0,line-d-e19,33.2006046,-116.1494468,180.0,2026-08-20T16:28:12Z,dipole-dipole,1,3,0.508,1574.6,210.936,7.048,0.00574,0.00086,0.00918;0.00897;0.00795;0.00732;0.00604;0.00520;0.00454;0.00362;0.00286;0.00196,
line-d-r00742,line-d,line-d-e16,33.2001264,-116.1500156,180.0,line-d-e17,33.2002858,-116.1498260,180.0,line-d-e18,33.2004452,-116.1496364,180.0,line-d-e19,33.2006046,-116.1494468,180.0,2026-08-20T16:28:24Z,dipole-dipole,1,3,0.494,1619.4,201.421,8.055,0.00365,0.00112,0.00597;0.00502;0.00477;0.00476;0.00370;0.00362;0.00312;0.00239;0.00166;0.00134,
line-d-r00743,line-d,line-d-e16,33.2001264,-116.1500156,180.0,line-d-e17,33.2002858,-116.1498260,180.0,line-d-e18,33.2004452,-116.1496364,180.0,line-d-e19,33.2006046,-116.1494468,180.0,2026-08-20T16:28:36Z,dipole-dipole,1,3,0.662,1208.7,210.211,9.527,0.00624,0.00168,0.01021;0.00936;0.00869;0.00772;0.00670;0.00584;0.00477;0.00385;0.00303;0.00214,
line-d-r00744,line-d,line-d-e16,33.2001264,-116.1500156,180.0,line-d-e17,33.2002858,-116.1498260,180.0,line-d-e19,33.2006046,-116.1494468,180.0,line-d-e20,33.2007640,-116.1492572,180.0,2026-08-20T16:28:48Z,dipole-dipole,2,6,0.497,1609.2,194.252,9.544,0.00467,0.00089,0.00736;0.00725;0.00687;0.00592;0.00519;0.00437;0.00340;0.00317;0.00217;0.00154,
line-d-r00745,line-d,line-d-e16,33.2001264,-116.1500156,180.0,line-d-e17,33.2002858,-116.1498260,180.0,line-d-e19,33.2006046,-116.1494468,180.0,line-d-e20,33.2007640,-116.1492572,180.0,2026-08-20T16:29:00Z,dipole-dipole,2,5,0.617,1295.9,206.143,8.063,0.00453,0.00083,0.00755;0.00701;0.00588;0.00576;0.00487;0.00415;0.00344;0.00264;0.00231;0.00153,
line-d-r00746,line-d,line-d-e16,33.2001264,-116.1500156,180.0,line-d-e17,33.2002858,-116.1498260,180.0,line-d-e19,33.2006046,-116.1494468,180.0,line-d-e20,33.2007640,-116.1492572,180.0,2026-08-20T16:29:12Z,dipole-dipole,2,5,0.560,1427.4,210.736,7.146,0.00443,0.00086,0.00700;0.00591;0.00590;0.00488;0.00387;0.00416;0.00335;0.00314;0.00214;0.00164,
line-d-r00747,line-d,line-d-e16,33.2001264,-116.1500156,180.0,line-d-e17,33.2002858,-116.1498260,180.0,line-d-e19,33.2006046,-116.1494468,180.0,line-d-e20,33.2007640,-116.1492572,180.0,2026-08-20T16:29:24Z,dipole-dipole,2,5,0.633,1264.3,203.874,9.126,0.00720,0.00140,0.01198;0.01067;0.00874;0.00812;0.00724;0.00717;0.00584;0.00497;0.00334;0.00265,
line-d-r00748,line-d,line-d-e16,33.2001264,-116.1500156,180.0,line-d-e17,33.2002858,-116.1498260,180.0,line-d-e19,33.2006046,-116.1494468,180.0,line-d-e20,33.2007640,-116.1492572,180.0,2026-08-20T16:29:36Z,dipole-dipole,2,5,0.431,1854.5,198.649,7.918,0.00628,0.00124,0.01095;0.00836;0.00849;0.00749;0.00687;0.00580;0.00528;0.00389;0.00352;0.00222,
line-d-r00749,line-d,line-d-e16,33.2001264,-116.1500156,180.0,line-d-e17,33.2002858,-116.1498260,180.0,line-d-e19,33.2006046,-116.1494468,180.0,line-d-e20,33.2007640,-116.1492572,180.0,2026-08-20T16:29:48Z,dipole-dipole,2,8,0.448,1784.0,190.496,7.374,0.00564,0.00101,0.00901;0.00896;0.00739;0.00714;0.00636;0.00506;0.00449;0.00315;0.00297;0.00200,
line-d-r00750,line-d,line-d-e16,33.2001264,-116.1500156,180.0,line-d-e17,33.2002858,-116.1498260,180.0,line-d-e19,33.2006046,-116.1494468,180.0,line-d-e20,33.2007640,-116.1492572,180.0,2026-08-20T16:30:00Z,dipole-dipole,2,5,0.534,1499.4,204.292,8.307,0.00242,0.00110,0.00386;0.00346;0.00331;0.00257;0.00291;0.00249;0.00168;0.00148;0.00124;0.00085,
line-d-r00751,line-d,line-d-e17,33.2002858,-116.1498260,180.0,line-d-e18,33.2004452,-116.1496364,180.0,line-d-e19,33.2006046,-116.1494468,180.0,line-d-e20,33.2007640,-116.1492572,180.0,2026-08-20T16:30:12Z,dipole-dipole,1,8,0.568,1408.3,210.851,7.773,0.00373,0.00102,0.00593;0.00550;0.00485;0.00456;0.00425;0.00330;0.00304;0.00233;0.00185;0.00118,
line-d-r00752,line-d,line-d-e17,33.2002858,-116.1498260,180.0,line-d-e18,33.2004452,-116.1496364,180.0,line-d-e19,33.2006046,-116.1494468,180.0,line-d-e20,33.2007640,-116.1492572,180.0,2026-08-20T16:30:24Z,dipole-dipole,1,4,0.490,1633.2,197.020,9.489,0.00446,0.00087,0.00733;0.00680;0.00621;0.00538;0.00488;0.00415;0.00327;0.00299;0.00226;0.00152,
line-d-r00753,line-d,line-d-e17,33.2002858,-116.1498260,180.0,line-d-e18,33.2004452,-116.1496364,180.0,line-d-e19,33.2006046,-116.1494468,180.0,line-d-e20,33.2007640,-116.1492572,180.0,2026-08-20T16:30:36Z,dipole-dipole,1,5,0.357,2243.7,212.480,8.186,0.00558,0.00077,0.00908;0.00815;0.00787;0.00670;0.00531;0.00531;0.00426;0.00342;0.00271;0.00181,
line-d-r00754,line-d,line-d-e17,33.2002858,-116.1498260,180.0,line-d-e18,33.2004452,-116.1496364,180.0,line-d-e19,33.2006046,-116.1494468,180.0,line-d-e20,33.2007640,-116.1492572,180.0,2026-08-20T16:30:48Z,dipole-dipole,1,6,0.522,1531.3,191.793,7.291,0.00474,0.00120,0.00868;0.00702;0.00590;0.00592;0.00482;0.00417;0.00380;0.00271;0.00254;0.00163,
line-d-r00755,line-d,line-d-e17,33.2002858,-116.1498260,180.0,line-d-e18,33.2004452,-116.1496364,180.0,line-d-e19,33.2006046,-116.1494468,180.0,line-d-e20,33.2007640,-116.1492572,180.0,2026-08-20T16:31:00Z,dipole-dipole,1,3,0.508,1575.9,212.548,7.182,0.00426,0.00088,0.00698;0.00630;0.00647;0.00529;0.00462;0.00406;0.00373;0.00239;0.00215;0.00154,
line-d-r00756,line-d,line-d-e17,33.2002858,-116.1498260,180.0,line-d-e18,33.2004452,-116.1496364,180.0,line-d-e19,33.2006046,-116.1494468,180.0,line-d-e20,33.2007640,-116.1492572,180.0,2026-08-20T16:31:12Z,dipole-dipole,1,7,0.613,1305.3,206.704,7.705,0.00478,0.00100,0.00797;0.00730;0.00614;0.00565;0.00550;0.00440;0.00387;0.00273;0.00236;0.00182,
line-d-r00757,line-d,line-d-e17,33.2002858,-116.1498260,180.0,line-d-e18,33.2004452,-116.1496364,180.0,line-d-e19,33.2006046,-116.1494468,180.0,line-d-e20,33.2007640,-116.1492572,180.0,2026-08-20T16:31:24Z,dipole-dipole,1,6,0.644,1241.4,210.586,9.913,0.00463,0.00123,0.00782;0.00664;0.00597;0.00605;0.00520;0.00450;0.00331;0.00295;0.00223;0.00154,
line-d-r00758,line-d,line-d-e11,33.1993294,-116.1509636,180.0,line-d-e12,33.1994888,-116.1507740,180.0,line-d-e20,33.2007640,-116.1492572,180.0,line-d-e21,33.2009233,-116.1490677,180.0,2026-08-20T16:56:36Z,dipole-dipole,8,6,1.304,613.6,196.166,6.494,0.00448,0.00123,0.00676;0.00660;0.00637;0.00552;0.00447;0.00428;0.00342;0.00286;0.00206;0.00162,
line-d-r00759,line-d,line-d-e11,33.1993294,-116.1509636,180.0,line-d-e12,33.1994888,-116.1507740,180.0,line-d-e20,33.2007640,-116.1492572,180.0,line-d-e21,33.2009233,-116.1490677,180.0,2026-08-20T16:56:48Z,dipole-dipole,8,3,1.763,453.9,183.904,7.211,0.00615,0.00078,0.00970;0.00851;0.00842;0.00817;0.00783;0.00617;0.00466;0.00389;0.00303;0.00229,
line-d-r00760,line-d,line-d-e11,33.1993294,-116.1509636,180.0,line-d-e12,33.1994888,-116.1507740,180.0,line-d-e20,33.2007640,-116.1492572,180.0,line-d-e21,33.2009233,-116.1490677,180.0,2026-08-20T16:57:00Z,dipole-dipole,8,5,1.374,582.2,205.931,7.147,0.00485,0.00104,0.00760;0.00678;0.00662;0.00621;0.00562;0.00455;0.00367;0.00341;0.00236;0.00173,
line-d-r00761,line-d,line-d-e11,33.1993294,-116.1509636,180.0,line-d-e12,33.1994888,-116.1507740,180.0,line-d-e20,33.2007640,-116.1492572,180.0,line-d-e21,33.2009233,-116.1490677,180.0,2026-08-20T16:57:12Z,dipole-dipole,8,3,1.424,561.8,199.138,7.949,0.00501,0.00112,0.00894;0.00732;0.00699;0.00677;0.00524;0.00492;0.00396;0.00311;0.00249;0.00169,
line-d-r00762,line-d,line-d-e11,33.1993294,-116.1509636,180.0,line-d-e12,33.1994888,-116.1507740,180.0,line-d-e20,33.2007640,-116.1492572,180.0,line-d-e21,33.2009233,-116.1490677,180.0,2026-08-20T16:57:24Z,dipole-dipole,8,3,1.230,650.6,208.040,6.042,0.00507,0.00114,0.00884;0.00691;0.00654;0.00666;0.00461;0.00542;0.00409;0.00309;0.00244;0.00180,
line-d-r00763,line-d,line-d-e11,33.1993294,-116.1509636,180.0,line-d-e12,33.1994888,-116.1507740,180.0,line-d-e20,33.2007640,-116.1492572,180.0,line-d-e21,33.2009233,-116.1490677,180.0,2026-08-20T16:57:36Z,dipole-dipole,8,4,1.095,730.4,206.984,8.255,0.00469,0.00094,0.00824;0.00655;0.00637;0.00575;0.00492;0.00396;0.00348;0.00310;0.00259;0.00178,
line-d-r00764,line-d,line-d-e11,33.1993294,-116.1509636,180.0,line-d-e12,33.1994888,-116.1507740,180.0,line-d-e20,33.2007640,-116.1492572,180.0,line-d-e21,33.2009233,-116.1490677,180.0,2026-08-20T16:57:48Z,dipole-dipole,8,4,1.022,783.1,209.792,7.909,0.00368,0.00090,0.00572;0.00559;0.00544;0.00459;0.00420;0.00343;0.00324;0.00235;0.00172;0.00138,
line-d-r00765,line-d,line-d-e12,33.1994888,-116.1507740,180.0,line-d-e13,33.1996482,-116.1505844,180.0,line-d-e20,33.2007640,-116.1492572,180.0,line-d-e21,33.2009233,-116.1490677,180.0,2026-08-20T16:58:00Z,dipole-dipole,7,4,2.000,373.8,201.795,7.427,0.00518,0.00106,0.00835;0.00870;0.00719;0.00659;0.00512;0.00439;0.00384;0.00359;0.00265;0.00184,
line-d-r00766,line-d,line-d-e12,33.1994888,-116.1507740,180.0,line-d-e13,33.1996482,-116.1505844,180.0,line-d-e20,33.2007640,-116.1492572,180.0,line-d-e21,33.2009233,-116.1490677,180.0,2026-08-20T16:58:12Z,dipole-dipole,7,6,2.000,318.5,198.719,10.224,0.00464,0.00105,0.00818;0.00702;0.00594;0.00572;0.00494;0.00419;0.00330;0.00292;0.00229;0.00161,
line-d-r00767,line-d,line-d-e12,33.1994888,-116.1507740,180.0,line-d-e13,33.1996482,-116.1505844,180.0,line-d-e20,33.2007640,-116.1492572,180.0,line-d-e21,33.2009233,-116.1490677,180.0,2026-08-20T16:58:24Z,dipole-dipole,7,6,2.000,306.6,196.870,6.858,0.00439,0.00128,0.00697;0.00667;0.00620;0.00561;0.00468;0.00429;0.00346;0.00279;0.00216;0.00157,
line-d-r00768,line-d,line-d-e12,33.1994888,-116.1507740,180.0,line-d-e13,33.1996482,-116.1505844,180.0,line-d-e20,33.2007640,-116.1492572,180.0,line-d-e21,33.2009233,-116.1490677,180.0,2026-08-20T16:58:36Z,dipole-dipole,7,8,2.000,295.4,190.088,8.506,0.00347,0.00087,0.00567;0.00548;0.00425;0.00423;0.00428;0.00336;0.00246;0.00224;0.00153;0.00115,
line-d-r00769,line-d,line-d-e12,33.1994888,-116.1507740,180.0,line-d-e13,33.1996482,-116.1505844,180.0,line-d-e20,33.2007640,-116.1492572,180.0,line-d-e21,33.2009233,-116.1490677,180.0,2026-08-20T16:58:48Z,dipole-dipole,7,3,2.000,308.1,209.189,9.996,0.00556,0.00103,0.00869;0.00884;0.00841;0.00716;0.00640;0.00544;0.00424;0.00365;0.00285;0.00201,
line-d-r00770,line-d,line-d-e12,33.1994888,-116.1507740,180.0,line-d-e13,33.1996482,-116.1505844,180.0,line-d-e20,33.2007640,-116.1492572,180.0,line-d-e21,33.2009233,-116.1490677,180.0,2026-08-20T16:59:00Z,dipole-dipole,7,4,2.000,323.0,197.988,5.806,0.00477,0.00091,0.00731;0.00691;0.00599;0.00584;0.00510;0.00441;0.00370;0.00311;0.00218;0.00165,
line-d-r00771,line-d,line-d-e12,33.1994888,-116.1507740,180.0,line-d-e13,33.1996482,-116.1505844,180.0,line-d-e21,33.2009233,-116.1490677,180.0,line-d-e22,33.2010827,-116.1488781,180.0,2026-08-20T16:59:12Z,dipole-dipole,8,6,2.000,381.3,197.421,7.666,0.00452,0.00117,0.00737;0.00671;0.00632;0.00520;0.00539;0.00394;0.00354;0.00285;0.00202;0.00174,
line-d-r00772,line-d,line-d-e12,33.1994888,-116.1507740,180.0,line-d-e13,33.1996482,-116.1505844,180.0,line-d-e21,33.2009233,-116.1490677,180.0,line-d-e22,33.2010827,-116.1488781,180.0,2026-08-20T16:59:24Z,dipole-dipole,8,8,2.000,328.0,199.953,8.928,0.00480,0.00099,0.00782;0.00683;0.00728;0.00619;0.00553;0.00451;0.00409;0.00319;0.00230;0.00170,
line-d-r00773,line-d,line-d-e12,33.1994888,-116.1507740,180.0,line-d-e13,33.1996482,-116.1505844,180.0,line-d-e21,33.2009233,-116.1490677,180.0,line-d-e22,33.2010827,-116.1488781,180.0,2026-08-20T16:59:36Z,dipole-dipole,8,6,2.000,302.9,200.570,6.098,0.00529,0.00109,0.00809;0.00778;0.00685;0.00676;0.00567;0.00465;0.00423;0.00363;0.00236;0.00198,
line-d-r00774,line-d,line-d-e12,33.1994888,-116.1507740,180.0,line-d-e13,33.1996482,-116.1505844,180.0,line-d-e21,33.2009233,-116.1490677,180.0,line-d-e22,33.2010827,-116.1488781,180.0,2026-08-20T16:59:48Z,dipole-dipole,8,4,2.000,374.3,197.254,8.091,0.00633,0.00093,0.00980;0.00983;0.00954;0.00801;0.00701;0.00545;0.00490;0.00390;0.00306;0.00220,
line-d-r00775,line-d,line-d-e12,33.1994888,-116.1507740,180.0,line-d-e13,33.1996482,-116.1505844,180.0,line-d-e21,33.2009233,-116.1490677,180.0,line-d-e22,33.2010827,-116.1488781,180.0,2026-08-20T17:00:00Z,dipole-dipole,8,7,2.000,312.6,188.377,6.850,0.00561,0.00109,0.00973;0.00888;0.00707;0.00731;0.00608;0.00520;0.00383;0.00319;0.00279;0.00217,
line-d-r00776,line-d,line-d-e12,33.1994888,-116.1507740,180.0,line-d-e13,33.1996482,-116.1505844,180.0,line-d-e21,33.2009233,-116.1490677,180.0,line-d-e22,33.2010827,-116.1488781,180.0,2026-08-20T17:00:12Z,dipole-dipole,8,4,2.000,334.1,194.194,6.945,0.00619,0.00099,0.01061;0.00969;0.00834;0.00756;0.00669;0.00657;0.00489;0.00399;0.00290;0.00209,
line-d-r00777,line-d,line-d-e12,33.1994888,-116.1507740,180.0,line-d-e13,33.1996482,-116.1505844,180.0,line-d-e21,33.2009233,-116.1490677,180.0,line-d-e22,33.2010827,-116.1488781,180.0,2026-08-20T17:00:24Z,dipole-dipole,8,5,2.000,271.9,192.661,6.329,0.00464,0.00104,0.00753;0.00692;0.00608;0.00542;0.00506;0.00475;0.00341;0.00287;0.00218;0.00175,
line-d-r00778,line-d,line-d-e13,33.1996482,-116.1505844,180.0,line-d-e14,33.1998076,-116.1503948,180.0,line-d-e20,33.2007640,-116.1492572,180.0,line-d-e21,33.2009233,-116.1490677,180.0,2026-08-20T17:00:36Z,dipole-dipole,6,4,1.054,759.2,198.291,10.584,0.00521,0.00096,0.00801;0.00767;0.00751;0.00675;0.00547;0.00456;0.00401;0.00332;0.00257;0.00194,
line-d-r00779,line-d,line-d-e13,33.1996482,-116.1505844,180.0,line-d-e14,33.1998076,-116.1503948,180.0,line-d-e20,33.2007640,-116.1492572,180.0,line-d-e21,33.2009233,-116.1490677,180.0,2026-08-20T17:00:48Z,dipole-dipole,6,6,1.316,607.8,206.955,7.749,0.00584,0.00138,0.00902;0.00906;0.00719;0.00723;0.00617;0.00583;0.00433;0.00360;0.00294;0.00210,
line-d-r00780,line-d,line-d-e13,33.1996482,-116.1505844,180.0,line-d-e14,33.1998076,-116.1503948,180.0,line-d-e20,33.2007640,-116.1492572,180.0,line-d-e21,33.2009233,-116.1490677,180.0,2026-08-20T17:01:00Z,dipole-dipole,6,7,1.114,718.0,209.494,8.314,0.00498,0.00102,0.00753;0.00800;0.00730;0.00615;0.00573;0.00516;0.00396;0.00304;0.00233;0.00176,
line-d-r00781,line-d,line-d-e13,33.1996482,-116.1505844,180.0,line-d-e14,33.1998076,-116.1503948,180.0,line-d-e20,33.2007640,-116.1492572,180.0,line-d-e21,33.2009233,-116.1490677,180.0,2026-08-20T17:01:12Z,dipole-dipole,6,5,1.106,723.6,197.841,8.232,0.00524,0.00123,0.00805;0.00747;0.00782;0.00633;0.00612;0.00495;0.00410;0.00359;0.00252;0.00193,
line-d-r00782,line-d,line-d-e13,33.1996482,-116.1505844,180.0,line-d-e14,33.1998076,-116.1503948,180.0,line-d-e20,33.2007640,-116.1492572,180.0,line-d-e21,33.2009233,-116.1490677,180.0,2026-08-20T17:01:24Z,dipole-dipole,6,7,1.820,439.7,204.236,5.927,0.00502,0.00106,0.00777;0.00605;0.00757;0.00643;0.00529;0.00464;0.00367;0.00308;0.00221;0.00174,
line-d-r00783,line-d,line-d-e13,33.1996482,-116.1505844,180.0,line-d-e14,33.1998076,-116.1503948,180.0,line-d-e20,33.2007640,-116.1492572,180.0,line-d-e21,33.2009233,-116.1490677,180.0,2026-08-20T17:01:36Z,dipole-dipole,6,7,1.361,587.8,194.258,7.414,0.00428,0.00109,0.00700;0.00626;0.00520;0.00501;0.00513;0.00401;0.00346;0.00269;0.00211;0.00159,
line-d-r00784,line-d,line-d-e13,33.1996482,-116.1505844,180.0,line-d-e14,33.1998076,-116.1503948,180.0,line-d-e21,33.2009233,-116.1490677,180.0,line-d-e22,33.2010827,-116.1488781,180.0,2026-08-20T17:01:48Z,dipole-dipole,7,4,1.499,533.5,192.901,6.666,0.00477,0.00118,0.00705;0.00696;0.00635;0.00538;0.00486;0.00490;0.00367;0.00276;0.00228;0.00169,
line-d-r00785,line-d,line-d-e13,33.1996482,-116.1505844,180.0,line-d-e14,33.1998076,-116.1503948,180.0,line-d-e21,33.2009233,-116.1490677,180.0,line-d-e22,33.2010827,-116.1488781,180.0,2026-08-20T17:02:00Z,dipole-dipole,7,8,1.678,476.7,198.367,9.250,0.00356,0.00082,0.00561;0.00550;0.00506;0.00451;0.00408;0.00333;0.00291;0.00230;0.00168;0.00117,
line-d-r00786,line-d,line-d-e13,33.1996482,-116.1505844,180.0,line-d-e14,33.1998076,-116.1503948,180.0,line-d-e21,33.2009233,-116.1490677,180.0,line-d-e22,33.2010827,-116.1488781,180.0,2026-08-20T17:02:12Z,dipole-dipole,7,3,1.885,424.5,193.584,9.752,0.00474,0.00099,0.00158;0.00219;0.00314;0.00381;0.00449;0.00512;0.00561;0.00619;0.00624;0.00748,
line-d-r00787,line-d,line-d-e13,33.1996482,-116.1505844,180.0,line-d-e14,33.1998076,-116.1503948,180.0,line-d-e21,33.2009233,-116.1490677,180.0,line-d-e22,33.2010827,-116.1488781,180.0,2026-08-20T17:02:24Z,dipole-dipole,7,5,1.490,537.0,200.964,6.834,0.00648,0.00097,0.01107;0.01037;0.00917;0.00744;0.00693;0.00655;0.00586;0.00501;0.00330;0.00226,
line-d-r00788,line-d,line-d-e13,33.1996482,-116.1505844,180.0,line-d-e14,33.1998076,-116.1503948,180.0,line-d-e21,33.2009233,-116.1490677,180.0,line-d-e22,33.2010827,-116.1488781,180.0,2026-08-20T17:02:36Z,dipole-dipole,7,5,0.999,801.1,213.837,9.805,0.00598,0.00086,0.01018;0.00851;0.00807;0.00741;0.00685;0.00577;0.00444;0.00379;0.00288;0.00202,
line-d-r00789,line-d,line-d-e13,33.1996482,-116.1505844,180.0,line-d-e14,33.1998076,-116.1503948,180.0,line-d-e21,33.2009233,-116.1490677,180.0,line-d-e22,33.2010827,-116.1488781,180.0,2026-08-20T17:02:48Z,dipole-dipole,7,4,1.579,506.7,200.097,6.621,0.00525,0.01161,0.00826;0.00828;0.00728;0.00628;0.00635;0.00503;0.00440;0.00312;0.00250;0.00204,
line-d-r00790,line-d,line-d-e13,33.1996482,-116.1505844,180.0,line-d-e14,33.1998076,-116.1503948,180.0,line-d-e21,33.2009233,-116.1490677,180.0,line-d-e22,33.2010827,-116.1488781,180.0,2026-08-20T17:03:00Z,dipole-dipole,7,6,1.149,696.4,193.736,10.753,0.00833,0.00119,0.01375;0.01300;0.01025;0.01097;0.00944;0.00811;0.00650;0.00519;0.00408;0.00337,
line-d-r00791,line-d,line-d-e13,33.1996482,-116.1505844,180.0,line-d-e14,33.1998076,-116.1503948,180.0,line-d-e21,33.2009233,-116.1490677,180.0,line-d-e22,33.2010827,-116.1488781,180.0,2026-08-20T17:03:12Z,dipole-dipole,7,6,1.491,536.5,190.262,10.001,0.00569,0.00122,0.00869;0.00820;0.00754;0.00707;0.00610;0.00460;0.00443;0.00416;0.00302;0.00205,
line-d-r00792,line-d,line-d-e13,33.1996482,-116.1505844,180.0,line-d-e14,33.1998076,-116.1503948,180.0,line-d-e22,33.2010827,-116.1488781,180.0,line-d-e23,33.2012421,-116.1486885,180.0,2026-08-20T17:03:24Z,dipole-dipole,8,5,1.686,474.4,203.914,5.983,0.00515,0.00100,0.00211;0.00236;0.00334;0.00399;0.00435;0.00594;0.00608;0.00703;0.00780;0.00854,
line-d-r00793,line-d,line-d-e13,33.1996482,-116.1505844,180.0,line-d-e14,33.1998076,-116.1503948,180.0,line-d-e22,33.2010827,-116.1488781,180.0,line-d-e23,33.2012421,-116.1486885,180.0,2026-08-20T17:03:36Z,dipole-dipole,8,3,1.319,606.5,190.623,6.330,0.00561,0.00095,0.00902;0.00771;0.00768;0.00702;0.00607;0.00527;0.00418;0.00358;0.00256;0.00227,
line-d-r00794,line-d,line-d-e13,33.1996482,-116.1505844,180.0,line-d-e14,33.1998076,-116.1503948,180.0,line-d-e22,33.2010827,-116.1488781,180.0,line-d-e23,33.2012421,-116.1486885,180.0,2026-08-20T17:03:48Z,dipole-dipole,8,4,1.506,531.3,190.333,5.775,0.00456,0.00096,0.00729;0.00688;0.00632;0.00527;0.00515;0.00408;0.00347;0.00308;0.00224;0.00151,
line-d-r00795,line-d,line-d-e13,33.1996482,-116.1505844,180.0,line-d-e14,33.1998076,-116.1503948,180.0,line-d-e22,33.2010827,-116.1488781,180.0,line-d-e23,33.2012421,-116.1486885,180.0,2026-08-20T17:04:00Z,dipole-dipole,8,8,1.469,544.7,207.578,7.077,0.00646,0.01012,0.00978;0.00989;0.00918;0.00743;0.00774;0.00635;0.00490;0.00393;0.00309;0.00222,
line-d-r00796,line-d,line-d-e13,33.1996482,-116.1505844,180.0,line-d-e14,33.1998076,-116.1503948,180.0,line-d-e22,33.2010827,-116.1488781,180.0,line-d-e23,33.2012421,-116.1486885,180.0,2026-08-20T17:04:12Z,dipole-dipole,8,7,1.821,439.2,195.743,7.084,0.00458,0.00103,0.00800;0.00701;0.00596;0.00599;0.00512;0.00468;0.00411;0.00278;0.00220;0.00157,
line-d-r00797,line-d,line-d-e13,33.1996482,-116.1505844,180.0,line-d-e14,33.1998076,-116.1503948,180.0,line-d-e22,33.2010827,-116.1488781,180.0,line-d-e23,33.2012421,-116.1486885,180.0,2026-08-20T17:04:24Z,dipole-dipole,8,8,1.227,651.8,204.840,7.079,0.00651,0.00084,0.01030;0.00957;0.00864;0.00805;0.00728;0.00675;0.00538;0.00420;0.00335;0.00232,
line-d-r00798,line-d,line-d-e13,33.1996482,-116.1505844,180.0,line-d-e14,33.1998076,-116.1503948,180.0,line-d-e22,33.2010827,-116.1488781,180.0,line-d-e23,33.2012421,-116.1486885,180.0,2026-08-20T17:04:36Z,dipole-dipole,8,6,1.283,623.5,191.574,9.394,0.00600,0.00088,0.00957;0.00936;0.00898;0.00660;0.00702;0.00554;0.00498;0.00380;0.00297;0.00210,
line-d-r00799,line-d,line-d-e13,33.1996482,-116.1505844,180.0,line-d-e14,33.1998076,-116.1503948,180.0,line-d-e22,33.2010827,-116.1488781,180.0,line-d-e23,33.2012421,-116.1486885,180.0,2026-08-20T17:04:48Z,dipole-dipole,8,4,1.548,516.9,206.533,8.725,0.00433,0.00105,0.00736;0.00673;0.00524;0.00540;0.00461;0.00386;0.00364;0.00266;0.00217;0.00142,
line-d-r00800,line-d,line-d-e14,33.1998076,-116.1503948,180.0,line-d-e15,33.1999670,-116.1502052,180.0,line-d-e20,33.2007640,-116.1492572,180.0,line-d-e21,33.2009233,-116.1490677,180.0,2026-08-20T17:05:00Z,dipole-dipole,5,5,1.306,612.4,183.727,7.318,0.00574,0.00123,0.00919;0.00886;0.00744;0.00701;0.00573;0.00525;0.00468;0.00385;0.00303;0.00197,
line-d-r00801,line-d,line-d-e14,33.1998076,-116.1503948,180.0,line-d-e15,33.1999670,-116.1502052,180.0,line-d-e20,33.2007640,-116.1492572,180.0,line-d-e21,33.2009233,-116.1490677,180.0,2026-08-20T17:05:12Z,dipole-dipole,5,4,1.437,556.6,195.278,7.005,0.00664,0.00096,0.01132;0.01013;0.00868;0.00859;0.00734;0.00603;0.00490;0.00396;0.00323;0.00233,
line-d-r00802,line-d,line-d-e14,33.1998076,-116.1503948,180.0,line-d-e15,33.1999670,-116.1502052,180.0,line-d-e20,33.2007640,-116.1492572,180.0,line-d-e21,33.2009233,-116.1490677,180.0,2026-08-20T17:05:24Z,dipole-dipole,5,8,1.603,499.0,208.500,7.236,0.00659,0.00098,0.01023;0.01013;0.00808;0.00833;0.00704;0.00574;0.00499;0.00394;0.00327;0.00258,
line-d-r00803,line-d,line-d-e14,33.1998076,-116.1503948,180.0,line-d-e15,33.1999670,-116.1502052,180.0,line-d-e20,33.2007640,-116.1492572,180.0,line-d-e21,33.2009233,-116.1490677,180.0,2026-08-20T17:05:36Z,dipole-dipole,5,4,1.185,675.1,208.023,6.346,0.00387,0.00115,0.00680;0.00620;0.00471;0.00456;0.00402;0.00338;0.00330;0.00248;0.00182;0.00142,
line-d-r00804,line-d,line-d-e14,33.1998076,-116.1503948,180.0,line-d-e15,33.1999670,-116.1502052,180.0,line-d-e20,33.2007640,-116.1492572,180.0,line-d-e21,33.2009233,-116.1490677,180.0,2026-08-20T17:05:48Z,dipole-dipole,5,4,1.866,428.7,198.030,8.460,0.00391,0.00106,0.00627;0.00578;0.00457;0.00536;0.00411;0.00391;0.00293;0.00273;0.00181;0.00160,
line-d-r00805,line-d,line-d-e14,33.1998076,-116.1503948,180.0,line-d-e15,33.1999670,-116.1502052,180.0,line-d-e20,33.2007640,-116.1492572,180.0,line-d-e21,33.2009233,-116.1490677,180.0,2026-08-20T17:06:00Z,dipole-dipole,5,6,1.258,635.9,198.273,9.371,0.00353,0.00070,0.00574;0.00529;0.00500;0.00409;0.00353;0.00328;0.00266;0.00224;0.00190;0.00136,
line-d-r00806,line-d,line-d-e14,33.1998076,-116.1503948,180.0,line-d-e15,33.1999670,-116.1502052,180.0,line-d-e21,33.2009233,-116.1490677,180.0,line-d-e22,33.2010827,-116.1488781,180.0,2026-08-20T17:06:12Z,dipole-dipole,6,8,1.188,673.2,197.586,6.998,0.00465,0.00105,0.00704;0.00632;0.00655;0.00597;0.00500;0.00469;0.00386;0.00284;0.00223;0.00144,
line-d-r00807,line-d,line-d-e14,33.1998076,-116.1503948,180.0,line-d-e15,33.1999670,-116.1502052,180.0,line-d-e21,33.2009233,-116.1490677,180.0,line-d-e22,33.2010827,-116.1488781,180.0,2026-08-20T17:06:24Z,dipole-dipole,6,7,1.306,612.6,202.536,7.126,0.00441,0.00105,0.00760;0.00765;0.00578;0.00544;0.00499;0.00388;0.00338;0.00279;0.00210;0.00155,
line-d-r00808,line-d,line-d-e14,33.1998076,-116.1503948,180.0,line-d-e15,33.1999670,-116.1502052,180.0,line-d-e21,33.2009233,-116.1490677,180.0,line-d-e22,33.2010827,-116.1488781,180.0,2026-08-20T17:06:36Z,dipole-dipole,6,5,1.228,651.3,204.505,7.763,0.00496,0.00105,0.00696;0.00775;0.00716;0.00678;0.00581;0.00464;0.00353;0.00313;0.00268;0.00169,
line-d-r00809,line-d,line-d-e14,33.1998076,-116.1503948,180.0,line-d-e15,33.1999670,-116.1502052,180.0,line-d-e21,33.2009233,-116.1490677,180.0,line-d-e22,33.2010827,-116.1488781,180.0,2026-08-20T17:06:48Z,dipole-dipole,6,4,1.751,456.8,191.625,6.653,0.00540,0.00113,0.00925;0.00786;0.00780;0.00685;0.00610;0.00549;0.00452;0.00341;0.00262;0.00183,
line-d-r00810,line-d,line-d-e14,33.1998076,-116.1503948,180.0,line-d-e15,33.1999670,-116.1502052,180.0,line-d-e21,33.2009233,-116.1490677,180.0,line-d-e22,33.2010827,-116.1488781,180.0,2026-08-20T17:07:00Z,dipole-dipole,6,4,1.371,583.3,189.874,8.029,0.00395,0.00099,0.00637;0.00621;0.00539;0.00429;0.00420;0.00352;0.00325;0.00230;0.00184;0.00142,
line-d-r00811,line-d,line-d-e14,33.1998076,-116.1503948,180.0,line-d-e15,33.1999670,-116.1502052,180.0,line-d-e21,33.2009233,-116.1490677,180.0,line-d-e22,33.2010827,-116.1488781,180.0,2026-08-20T17:07:12Z,dipole-dipole,6,6,1.001,799.2,192.647,8.823,0.00317,0.00133,0.00482;0.00464;0.00405;0.00407;0.00344;0.00307;0.00237;0.00188;0.00145;0.00118,
line-d-r00812,line-d,line-d-e14,,,,line-d-e15,33.1999670,-116.1502052,180.0,line-d-e21,33.2009233,-116.1490677,180.0,line-d-e22,33.2010827,-116.1488781,180.0,2026-08-20T17:07:24Z,dipole-dipole,6,8,1.269,630.3,202.609,6.942,0.00520,0.00106,0.00881;0.00736;0.00697;0.00693;0.00580;0.00499;0.00424;0.00401;0.00239;0.00160,
line-d-r00813,line-d,line-d-e14,33.1998076,-116.1503948,180.0,line-d-e15,33.1999670,-116.1502052,180.0,line-d-e22,33.2010827,-116.1488781,180.0,line-d-e23,33.2012421,-116.1486885,180.0,2026-08-20T17:07:36Z,dipole-dipole,7,6,1.565,511.3,197.890,7.122,0.00251,0.00097,0.00419;0.00397;0.00332;0.00292;0.00269;0.00231;0.00198;0.00164;0.00130;0.00089,
line-d-r00814,line-d,line-d-e14,33.1998076,-116.1503948,180.0,line-d-e15,33.1999670,-116.1502052,180.0,line-d-e22,33.2010827,-116.1488781,180.0,line-d-e23,33.2012421,-116.1486885,180.0,2026-08-20T17:07:48Z,dipole-dipole,7,3,1.286,622.1,175.792,8.940,0.00450,0.00110,0.00763;0.00734;0.00565;0.00633;0.00515;0.00448;0.00341;0.00295;0.00223;0.00144,
line-d-r00815,line-d,line-d-e14,33.1998076,-116.1503948,180.0,line-d-e15,33.1999670,-116.1502052,180.0,line-d-e22,33.2010827,-116.1488781,180.0,line-d-e23,33.2012421,-116.1486885,180.0,2026-08-20T17:08:00Z,dipole-dipole,7,3,1.237,646.8,193.147,7.975,0.00558,0.00115,0.00851;0.00800;0.00794;0.00703;0.00566;0.00588;0.00451;0.00354;0.00264;0.00188,
line-d-r00816,line-d,line-d-e14,33.1998076,-116.1503948,180.0,line-d-e15,33.1999670,-116.1502052,180.0,line-d-e22,33.2010827,-116.1488781,180.0,line-d-e23,33.2012421,-116.1486885,180.0,2026-08-20T17:08:12Z,dipole-dipole,7,4,1.381,579.5,213.413,8.403,0.00577,0.00087,0.00992;0.00908;0.00738;0.00761;0.00653;0.00593;0.00429;0.00349;0.00288;0.00218,
line-d-r00817,line-d,line-d-e14,33.1998076,-116.1503948,180.0,line-d-e15,33.1999670,-116.1502052,180.0,line-d-e22,33.2010827,-116.1488781,180.0,line-d-e23,33.2012421,-116.1486885,180.0,2026-08-20T17:08:24Z,dipole-dipole,7,7,1.241,644.4,198.634,7.030,0.00502,0.00096,0.00780;0.00785;0.00663;0.00635;0.00565;0.00434;0.00436;0.00308;0.00225;0.00170,
line-d-r00818,line-d,line-d-e14,33.1998076,-116.1503948,180.0,line-d-e15,33.1999670,-116.1502052,180.0,line-d-e22,33.2010827,-116.1488781,180.0,line-d-e23,33.2012421,-116.1486885,180.0,2026-08-20T17:08:36Z,dipole-dipole,7,3,1.476,542.2,195.338,6.469,0.00447,0.00102,0.00718;0.00700;0.00656;0.00556;0.00544;0.00427;0.00378;0.00286;0.00212;0.00153,
line-d-r00819,line-d,line-d-e14,33.1998076,-116.1503948,180.0,line-d-e15,33.1999670,-116.1502052,180.0,line-d-e23,33.2012421,-116.1486885,180.0,line-d-e24,33.2014015,-116.1484989,180.0,2026-08-20T17:08:48Z,dipole-dipole,8,7,1.265,632.5,192.191,6.238,0.00590,0.00100,0.00909;0.00887;0.00834;0.00730;0.00603;0.00617;0.00443;0.00345;0.00301;0.00205,
line-d-r00820,line-d,line-d-e14,33.1998076,-116.1503948,180.0,line-d-e15,33.1999670,-116.1502052,180.0,line-d-e23,33.2012421,-116.1486885,180.0,line-d-e24,33.2014015,-116.1484989,180.0,2026-08-20T17:09:00Z,dipole-dipole,8,6,1.579,506.8,196.667,6.969,0.00566,0.00090,0.00821;0.00806;0.00808;0.00700;0.00632;0.00567;0.00433;0.00399;0.00246;0.00192,
line-d-r00821,line-d,line-d-e14,33.1998076,-116.1503948,180.0,line-d-e15,33.1999670,-116.1502052,180.0,line-d-e23,33.2012421,-116.1486885,180.0,line-d-e24,33.2014015,-116.1484989,180.0,2026-08-20T17:09:12Z,dipole-dipole,8,7,1.503,532.4,198.757,5.972,0.00672,0.00097,0.01074;0.00957;0.00898;0.00836;0.00762;0.00670;0.00535;0.00422;0.00292;0.00230,
line-d-r00822,line-d,line-d-e14,33.1998076,-116.1503948,180.0,line-d-e15,33.1999670,-116.1502052,180.0,line-d-e23,33.2012421,-116.1486885,180.0,line-d-e24,33.2014015,-116.1484989,180.0,2026-08-20T17:09:24Z,dipole-dipole,8,5,1.093,732.2,195.503,8.022,0.00528,0.00139,0.00854;0.00826;0.00652;0.00697;0.00598;0.00538;0.00376;0.00346;0.00259;0.00192,
line-d-r00823,line-d,line-d-e14,33.1998076,-116.1503948,180.0,line-d-e15,33.1999670,-116.1502052,180.0,line-d-e23,33.2012421,-116.1486885,180.0,line-d-e24,33.2014015,-116.1484989,180.0,2026-08-20T17:09:36Z,dipole-dipole,8,4,1.339,597.3,189.617,6.223,0.00515,0.00086,0.00925;0.00770;0.00727;0.00609;0.00629;0.00518;0.00389;0.00331;0.00248;0.00183,
line-d-r00824,line-d,line-d-e14,33.1998076,-116.1503948,180.0,line-d-e15,33.1999670,-116.1502052,180.0,line-d-e23,33.2012421,-116.1486885,180.0,line-d-e24,33.2014015,-116.1484989,180.0,2026-08-20T17:09:48Z,dipole-dipole,8,4,1.015,788.2,198.857,7.118,0.00402,0.00122,0.00661;0.00582;0.00504;0.00514;0.00509;0.00369;0.00308;0.00260;0.00201;0.00162,
line-d-r00825,line-d,line-d-e14,33.1998076,-116.1503948,180.0,line-d-e15,33.1999670,-116.1502052,180.0,line-d-e23,33.2012421,-116.1486885,180.0,line-d-e24,33.2014015,-116.1484989,180.0,2026-08-20T17:10:00Z,dipole-dipole,8,4,1.735,461.1,195.277,6.689,0.00266,0.00112,0.00426;0.00427;0.00329;0.00340;0.00328;0.00213;0.00221;0.00166;0.00126;0.00090,
line-d-r00826,line-d,line-d-e15,33.1999670,-116.1502052,180.0,line-d-e16,33.2001264,-116.1500156,180.0,line-d-e20,33.2007640,-116.1492572,180.0,line-d-e21,33.2009233,-116.1490677,180.0,2026-08-20T17:10:12Z,dipole-dipole,4,5,1.755,455.7,201.483,7.939,0.00391,0.00102,0.00648;0.00580;0.00524;0.00507;0.00409;0.00375;0.00309;0.00242;0.00194;0.00138,
line-d-r00827,line-d,line-d-e15,33.1999670,-116.1502052,180.0,line-d-e16,33.2001264,-116.1500156,180.0,line-d-e20,33.2007640,-116.1492572,180.0,line-d-e21,33.2009233,-116.1490677,180.0,2026-08-20T17:10:24Z,dipole-dipole,4,5,1.866,428.8,209.086,5.950,0.00415,0.00086,0.00606;0.00632;0.00600;0.00512;0.00482;0.00351;0.00313;0.00275;0.00214;0.00141,
line-d-r00828,line-d,line-d-e15,33.1999670,-116.1502052,180.0,line-d-e16,33.2001264,-116.1500156,180.0,line-d-e20,33.2007640,-116.1492572,180.0,line-d-e21,33.2009233,-116.1490677,180.0,2026-08-20T17:10:36Z,dipole-dipole,4,4,2.000,367.3,203.670,7.421,0.00436,0.00108,0.00771;0.00624;0.00559;0.00542;0.00454;0.00421;0.00346;0.00286;0.00212;0.00158,
line-d-r00829,line-d,line-d-e15,33.1999670,-116.1502052,180.0,line-d-e16,33.2001264,-116.1500156,180.0,line-d-e20,33.2007640,-116.1492572,180.0,line-d-e21,33.2009233,-116.1490677,180.0,2026-08-20T17:10:48Z,dipole-dipole,4,3,1.983,403.5,191.681,6.502,0.00462,0.00102,0.00739;0.00671;0.00693;0.00574;0.00498;0.00424;0.00354;0.00287;0.00218;0.00165,
line-d-r00830,line-d,line-d-e15,33.1999670,-116.1502052,180.0,line-d-e16,33.2001264,-116.1500156,180.0,line-d-e20,33.2007640,-116.1492572,180.0,line-d-e21,33.2009233,-116.1490677,180.0,2026-08-20T17:11:00Z,dipole-dipole,4,4,1.675,477.6,199.836,8.188,0.00546,0.00079,0.00787;0.00848;0.00815;0.00731;0.00628;0.00490;0.00446;0.00340;0.00244;0.00191,
line-d-r00831,line-d,line-d-e15,33.1999670,-116.1502052,180.0,line-d-e16,33.2001264,-116.1500156,180.0,line-d-e20,33.2007640,-116.1492572,180.0,line-d-e21,33.2009233,-116.1490677,180.0,2026-08-20T17:11:12Z,dipole-dipole,4,7,2.000,316.5,193.077,7.060,0.00469,0.00112,0.00701;0.00716;0.00670;0.00580;0.00501;0.00428;0.00352;0.00279;0.00237;0.00170,
line-d-r00832,line-d,line-d-e15,33.1999670,-116.1502052,180.0,line-d-e16,33.2001264,-116.1500156,180.0,line-d-e20,33.2007640,-116.1492572,180.0,line-d-e21,33.2009233,-116.1490677,180.0,2026-08-20T17:11:24Z,dipole-dipole,4,7,2.000,325.3,208.563,10.747,0.00680,0.00109,0.01076;0.01029;0.00863;0.00883;0.00729;0.00616;0.00575;0.00391;0.00359;0.00257,
line-d-r00833,line-d,line-d-e15,33.1999670,-116.1502052,180.0,line-d-e16,33.2001264,-116.1500156,180.0,line-d-e20,33.2007640,-116.1492572,180.0,line-d-e21,33.2009233,-116.1490677,180.0,2026-08-20T17:11:36Z,dipole-dipole,4,7,1.901,420.8,210.922,8.273,0.00570,0.00107,0.00200;0.00274;0.00372;0.00488;0.00575;0.00652;0.00718;0.00737;0.00829;0.00914,
line-d-r00834,line-d,line-d-e15,33.1999670,-116.1502052,180.0,line-d-e16,33.2001264,-116.1500156,180.0,line-d-e21,33.2009233,-116.1490677,180.0,line-d-e22,33.2010827,-116.1488781,180.0,2026-08-20T17:11:48Z,dipole-dipole,5,4,1.736,460.9,198.218,6.957,0.00538,0.00070,0.00873;0.00793;0.00823;0.00655;0.00611;0.00477;0.00422;0.00336;0.00257;0.00188,
line-d-r00835,line-d,line-d-e15,33.1999670,-116.1502052,180.0,line-d-e16,33.2001264,-116.1500156,180.0,line-d-e21,33.2009233,-116.1490677,180.0,line-d-e22,33.2010827,-116.1488781,180.0,2026-08-20T17:12:00Z,dipole-dipole,5,6,1.917,417.4,192.916,6.680,0.00358,0.00086,0.00566;0.00465;0.00461;0.00468;0.00384;0.00324;0.00281;0.00224;0.00182;0.00134,
line-d-r00836,line-d,line-d-e15,33.1999670,-116.1502052,180.0,line-d-e16,33.2001264,-116.1500156,180.0,line-d-e21,33.2009233,-116.1490677,180.0,line-d-e22,33.2010827,-116.1488781,180.0,2026-08-20T17:12:12Z,dipole-dipole,5,8,2.000,385.0,208.402,7.282,0.00477,0.00120,0.00753;0.00721;0.00711;0.00579;0.00573;0.00437;0.00391;0.00294;0.00223;0.00159,
line-d-r00837,line-d,line-d-e15,33.1999670,-116.1502052,180.0,line-d-e16,33.2001264,-116.1500156,180.0,line-d-e21,33.2009233,-116.1490677,180.0,line-d-e22,33.2010827,-116.1488781,180.0,2026-08-20T17:12:24Z,dipole-dipole,5,6,2.000,351.7,201.708,7.371,0.00655,0.00093,0.01095;0.00917;0.00868;0.00821;0.00725;0.00651;0.00518;0.00367;0.00334;0.00215,
line-d-r00838,line-d,line-d-e15,33.1999670,-116.1502052,180.0,line-d-e16,33.2001264,-116.1500156,180.0,line-d-e21,33.2009233,-116.1490677,180.0,line-d-e22,33.2010827,-116.1488781,180.0,2026-08-20T17:12:36Z,dipole-dipole,5,7,1.897,421.6,184.671,6.966,0.00633,0.00114,0.00860;0.01066;0.00805;0.00772;0.00689;0.00608;0.00499;0.00421;0.00336;0.00220,
line-d-r00839,line-d,line-d-e15,33.1999670,-116.1502052,180.0,line-d-e16,33.2001264,-116.1500156,180.0,line-d-e21,33.2009233,-116.1490677,180.0,line-d-e22,33.2010827,-116.1488781,180.0,2026-08-20T17:12:48Z,dipole-dipole,5,6,1.859,430.4,193.580,6.147,0.00421,0.00094,0.00686;0.00607;0.00593;0.00513;0.00502;0.00367;0.00348;0.00261;0.00193;0.00171,
line-d-r00840,line-d,line-d-e15,33.1999670,-116.1502052,180.0,line-d-e16,33.2001264,-116.1500156,180.0,line-d-e21,33.2009233,-116.1490677,180.0,line-d-e22,33.2010827,-116.1488781,180.0,2026-08-20T17:13:00Z,dipole-dipole,5,4,2.000,399.4,201.473,6.661,0.00398,0.00090,0.00654;0.00613;0.00543;0.00475;0.00429;0.00392;0.00324;0.00273;0.00216;0.00145,
line-d-r00841,line-d,line-d-e15,33.1999670,-116.1502052,180.0,line-d-e16,33.2001264,-116.1500156,180.0,line-d-e22,33.2010827,-116.1488781,180.0,line-d-e23,33.2012421,-116.1486885,180.0,2026-08-20T17:13:12Z,dipole-dipole,6,3,1.775,450.7,209.101,6.993,0.00319,0.00120,0.00557;0.00434;0.00406;0.00397;0.00337;0.00289;0.00273;0.00224;0.00156;0.00108,
line-d-r00842,line-d,line-d-e15,33.1999670,-116.1502052,180.0,line-d-e16,33.2001264,-116.1500156,180.0,line-d-e22,33.2010827,-116.1488781,180.0,line-d-e23,33.2012421,-116.1486885,180.0,2026-08-20T17:13:24Z,dipole-dipole,6,7,2.000,391.9,208.057,10.052,0.00603,0.00106,0.00861;0.00887;0.00876;0.00683;0.00728;0.00625;0.00475;0.00412;0.00284;0.00208,
line-d-r00843,line-d,line-d-e15,33.1999670,-116.1502052,180.0,line-d-e16,33.2001264,-116.1500156,180.0,line-d-e22,33.2010827,-116.1488781,180.0,line-d-e23,33.2012421,-116.1486885,180.0,2026-08-20T17:13:36Z,dipole-dipole,6,8,2.000,345.9,205.055,6.738,0.00416,0.00121,0.00729;0.00620;0.00541;0.00484;0.00486;0.00389;0.00314;0.00270;0.00200;0.00138,
line-d-r00844,line-d,line-d-e15,33.1999670,-116.1502052,180.0,line-d-e16,33.2001264,-116.1500156,180.0,line-d-e22,33.2010827,-116.1488781,180.0,line-d-e23,33.2012421,-116.1486885,180.0,2026-08-20T17:13:48Z,dipole-dipole,6,6,2.000,392.8,206.062,8.342,0.00416,0.00101,0.00655;0.00625;0.00573;0.00459;0.00440;0.00434;0.00328;0.00279;0.00202;0.00147,
line-d-r00845,line-d,line-d-e15,33.1999670,-116.1502052,180.0,line-d-e16,33.2001264,-116.1500156,180.0,line-d-e22,33.2010827,-116.1488781,180.0,line-d-e23,33.2012421,-116.1486885,180.0,2026-08-20T17:14:00Z,dipole-dipole,6,3,1.946,411.1,175.707,10.698,0.00601,0.00099,0.00986;0.00900;0.00817;0.00763;0.00664;0.00578;0.00469;0.00394;0.00296;0.00195,
line-d-r00846,line-d,line-d-e15,33.1999670,-116.1502052,180.0,line-d-e16,33.2001264,-116.1500156,180.0,line-d-e22,33.2010827,-116.1488781,180.0,line-d-e23,33.2012421,-116.1486885,180.0,2026-08-20T17:14:12Z,dipole-dipole,6,3,1.819,439.8,201.132,7.565,0.00483,0.00118,0.00837;0.00697;0.00659;0.00623;0.00505;0.00454;0.00402;0.00317;0.00268;0.00165,
line-d-r00847,line-d,line-d-e15,33.1999670,-116.1502052,180.0,line-d-e16,33.2001264,-116.1500156,180.0,line-d-e23,33.2012421,-116.1486885,180.0,line-d-e24,33.2014015,-116.1484989,180.0,2026-08-20T17:14:24Z,dipole-dipole,7,3,1.783,448.7,196.409,6.758,0.00561,0.00073,0.00841;0.00876;0.00752;0.00683;0.00575;0.00561;0.00441;0.00361;0.00267;0.00203,
line-d-r00848,line-d,line-d-e15,33.1999670,-116.1502052,180.0,line-d-e16,33.2001264,-116.1500156,180.0,line-d-e23,33.2012421,-116.1486885,180.0,line-d-e24,33.2014015,-116.1484989,180.0,2026-08-20T17:14:36Z,dipole-dipole,7,5,1.861,430.0,207.135,8.113,0.00480,0.00080,0.00711;0.00730;0.00691;0.00645;0.00554;0.00455;0.00350;0.00295;0.00227;0.00172,
line-d-r00849,line-d,line-d-e15,33.1999670,-116.1502052,180.0,line-d-e16,33.2001264,-116.1500156,180.0,line-d-e23,33.2012421,-116.1486885,180.0,line-d-e24,33.2014015,-116.1484989,180.0,2026-08-20T17:14:48Z,dipole-dipole,7,3,1.926,415.4,209.135,8.756,0.00476,0.00130,0.00682;0.00700;0.00636;0.00597;0.00518;0.00470;0.00356;0.00307;0.00237;0.00163,
line-d-r00850,line-d,line-d-e15,33.1999670,-116.1502052,180.0,line-d-e16,33.2001264,-116.1500156,180.0,line-d-e23,33.2012421,-116.1486885,180.0,line-d-e24,33.2014015,-116.1484989,180.0,2026-08-20T17:15:00Z,dipole-dipole,7,5,1.968,406.4,201.625,11.458,0.00421,0.00109,0.00670;0.00689;0.00605;0.00534;0.00409;0.00384;0.00319;0.00245;0.00190;0.00164,
line-d-r00851,line-d,line-d-e15,33.1999670,-116.1502052,180.0,line-d-e16,33.2001264,-116.1500156,180.0,line-d-e23,33.2012421,-116.1486885,180.0,line-d-e24,33.2014015,-116.1484989,180.0,2026-08-20T17:15:12Z,dipole-dipole,7,8,1.768,452.4,199.532,7.051,0.00559,0.00097,0.00848;0.00881;0.00743;0.00714;0.00622;0.00550;0.00439;0.00346;0.00283;0.00180,
line-d-r00852,line-d,line-d-e15,33.1999670,-116.1502052,180.0,line-d-e16,33.2001264,-116.1500156,180.0,line-d-e23,33.2012421,-116.1486885,180.0,line-d-e24,33.2014015,-116.1484989,180.0,2026-08-20T17:15:24Z,dipole-dipole,7,4,2.000,276.1,205.796,6.601,0.00623,0.00112,0.00991;0.00983;0.00773;0.00745;0.00658;0.00561;0.00491;0.00354;0.00315;0.00227,
line-d-r00853,line-d,line-d-e15,33.1999670,-116.1502052,180.0,line-d-e16,33.2001264,-116.1500156,180.0,line-d-e23,33.2012421,-116.1486885,180.0,line-d-e24,33.2014015,-116.1484989,180.0,2026-08-20T17:15:36Z,dipole-dipole,7,8,2.000,330.9,197.249,6.591,0.00370,0.00118,0.00593;0.00558;0.00473;0.00478;0.00405;0.00325;0.00276;0.00231;0.00186;0.00124,
line-d-r00854,line-d,line-d-e15,33.1999670,-116.1502052,180.0,line-d-e16,33.2001264,-116.1500156,180.0,line-d-e24,33.2014015,-116.1484989,180.0,line-d-e25,33.2015609,-116.1483093,180.0,2026-08-20T17:15:48Z,dipole-dipole,8,3,2.000,367.2,208.309,7.505,0.00500,0.00082,0.00785;0.00761;0.00645;0.00583;0.00527;0.00438;0.00380;0.00330;0.00245;0.00173,
line-d-r00855,line-d,line-d-e15,33.1999670,-116.1502052,180.0,line-d-e16,33.2001264,-116.1500156,180.0,line-d-e24,33.2014015,-116.1484989,180.0,line-d-e25,33.2015609,-116.1483093,180.0,2026-08-20T17:16:00Z,dipole-dipole,8,3,1.803,443.8,196.365,9.440,0.00744,0.00103,0.01269;0.01216;0.00964;0.00872;0.00790;0.00696;0.00505;0.00466;0.00362;0.00231,
line-d-r00856,line-d,line-d-e15,33.1999670,-116.1502052,180.0,line-d-e16,33.2001264,-116.1500156,180.0,line-d-e24,33.2014015,-116.1484989,180.0,line-d-e25,33.2015609,-116.1483093,180.0,2026-08-20T17:16:12Z,dipole-dipole,8,5,1.795,445.6,187.969,6.792,0.00459,0.00114,0.00734;0.00668;0.00601;0.00638;0.00536;0.00425;0.00362;0.00290;0.00221;0.00161,
line-d-r00857,line-d,line-d-e15,33.1999670,-116.1502052,180.0,line-d-e16,33.2001264,-116.1500156,180.0,line-d-e24,33.2014015,-116.1484989,180.0,line-d-e25,33.2015609,-116.1483093,180.0,2026-08-20T17:16:24Z,dipole-dipole,8,8,2.000,357.7,196.735,9.170,0.00495,0.00122,0.00770;0.00756;0.00720;0.00696;0.00601;0.00516;0.00386;0.00326;0.00255;0.00159,
line-d-r00858,line-d,line-d-e15,33.1999670,-116.1502052,180.0,line-d-e16,33.2001264,-116.1500156,180.0,line-d-e24,33.2014015,-116.1484989,180.0,line-d-e25,33.2015609,-116.1483093,180.0,2026-08-20T17:16:36Z,dipole-dipole,8,4,1.857,430.8,194.151,8.059,0.00486,0.00092,0.00810;0.00752;0.00703;0.00631;0.00519;0.00468;0.00352;0.00331;0.00214;0.00167,
line-d-r00859,line-d,line-d-e15,33.1999670,-116.1502052,180.0,line-d-e16,33.2001264,-116.1500156,180.0,line-d-e24,33.2014015,-116.1484989,180.0,line-d-e25,33.2015609,-116.1483093,180.0,2026-08-20T17:16:48Z,dipole-dipole,8,8,1.747,458.1,203.721,7.506,0.00472,0.00120,0.00743;0.00692;0.00679;0.00612;0.00569;0.00433;0.00415;0.00301;0.00223;0.00183,
line-d-r00860,line-d,line-d-e15,33.1999670,-116.1502052,180.0,line-d-e16,33.2001264,-116.1500156,180.0,line-d-e24,33.2014015,-116.1484989,180.0,line-d-e25,33.2015609,-116.1483093,180.0,2026-08-20T17:17:00Z,dipole-dipole,8,3,2.000,399.2,184.155,7.254,0.00434,0.00116,0.00749;0.00734;0.00586;0.00451;0.00516;0.00430;0.00362;0.00277;0.00217;0.00162,
line-d-r00861,line-d,line-d-e15,33.1999670,-116.1502052,180.0,line-d-e16,33.2001264,-116.1500156,180.0,line-d-e24,33.2014015,-116.1484989,180.0,line-d-e25,33.2015609,-116.1483093,180.0,2026-08-20T17:17:12Z,dipole-dipole,8,5,1.851,432.3,189.177,7.861,0.00579,0.00114,0.00927;0.00928;0.00781;0.00721;0.00713;0.00570;0.00458;0.00357;0.00296;0.00232,
line-d-r00862,line-d,line-d-e16,33.2001264,-116.1500156,180.0,line-d-e17,33.2002858,-116.1498260,180.0,line-d-e20,33.2007640,-116.1492572,180.0,line-d-e21,33.2009233,-116.1490677,180.0,2026-08-20T17:17:24Z,dipole-dipole,3,6,0.629,1271.0,192.948,5.921,0.00395,0.00106,0.00564;0.00567;0.00582;0.00451;0.00388;0.00395;0.00292;0.00267;0.00206;0.00138,
line-d-r00863,line-d,line-d-e16,33.2001264,-116.1500156,180.0,line-d-e17,33.2002858,-116.1498260,180.0,line-d-e20,33.2007640,-116.1492572,180.0,line-d-e21,33.2009233,-116.1490677,180.0,2026-08-20T17:17:36Z,dipole-dipole,3,3,0.567,1411.5,206.631,6.657,0.00519,0.00103,0.00840;0.00793;0.00673;0.00594;0.00587;0.00485;0.00400;0.00296;0.00277;0.00171,
line-d-r00864,line-d,line-d-e16,33.2001264,-116.1500156,180.0,line-d-e17,33.2002858,-116.1498260,180.0,line-d-e20,33.2007640,-116.1492572,180.0,line-d-e21,33.2009233,-116.1490677,180.0,2026-08-20T17:17:48Z,dipole-dipole,3,7,0.530,1508.8,210.770,7.823,0.00419,0.00104,0.00673;0.00628;0.00560;0.00598;0.00491;0.00392;0.00322;0.00286;0.00204;0.00169,
line-d-r00865,line-d,line-d-e16,33.2001264,-116.1500156,180.0,line-d-e17,33.2002858,-116.1498260,180.0,line-d-e20,33.2007640,-116.1492572,180.0,line-d-e21,33.2009233,-116.1490677,180.0,2026-08-20T17:18:00Z,dipole-dipole,3,8,0.472,1695.0,198.717,6.718,0.00548,0.00091,0.00767;0.00806;0.00834;0.00702;0.00574;0.00525;0.00453;0.00350;0.00272;0.00186,
line-d-r00866,line-d,line-d-e16,33.2001264,-116.1500156,180.0,line-d-e17,33.2002858,-116.1498260,180.0,line-d-e20,33.2007640,-116.1492572,180.0,line-d-e21,33.2009233,-116.1490677,180.0,2026-08-20T17:18:12Z,dipole-dipole,3,5,0.594,1347.0,196.033,10.022,0.00495,0.00101,0.00776;0.00682;0.00713;0.00655;0.00566;0.00453;0.00365;0.00309;0.00262;0.00165,
line-d-r00867,line-d,line-d-e16,33.2001264,-116.1500156,180.0,line-d-e17,33.2002858,-116.1498260,180.0,line-d-e20,33.2007640,-116.1492572,180.0,line-d-e21,33.2009233,-116.1490677,180.0,2026-08-20T17:18:24Z,dipole-dipole,3,7,0.532,1503.8,205.042,8.230,0.00503,0.00083,0.00877;0.00705;0.00707;0.00592;0.00597;0.00504;0.00387;0.00322;0.00233;0.00168,
line-d-r00868,line-d,line-d-e16,33.2001264,-116.1500156,180.0,line-d-e17,33.2002858,-116.1498260,180.0,line-d-e20,33.2007640,-116.1492572,180.0,line-d-e21,33.2009233,-116.1490677,180.0,2026-08-20T17:18:36Z,dipole-dipole,3,7,0.447,1790.9,211.579,9.847,0.00725,0.00169,0.01138;0.01068;0.00943;0.00889;0.00828;0.00702;0.00570;0.00480;0.00346;0.00248,
line-d-r00869,line-d,line-d-e16,33.2001264,-116.1500156,180.0,line-d-e17,33.2002858,-116.1498260,180.0,line-d-e20,33.2007640,-116.1492572,180.0,line-d-e21,33.2009233,-116.1490677,180.0,2026-08-20T17:18:48Z,dipole-dipole,3,5,0.638,1253.5,204.373,6.616,0.00543,0.00112,0.00844;0.00799;0.00804;0.00707;0.00622;0.00509;0.00365;0.00329;0.00292;0.00198,
line-d-r00870,line-d,line-d-e16,33.2001264,-116.1500156,180.0,line-d-e17,33.2002858,-116.1498260,180.0,line-d-e21,33.2009233,-116.1490677,180.0,line-d-e22,33.2010827,-116.1488781,180.0,2026-08-20T17:19:00Z,dipole-dipole,4,3,0.434,1845.1,215.957,6.238,0.00461,0.00099,0.00849;0.00675;0.00632;0.00607;0.00552;0.00466;0.00355;0.00282;0.00240;0.00151,
line-d-r00871,line-d,line-d-e16,33.2001264,-116.1500156,180.0,line-d-e17,33.2002858,-116.1498260,180.0,line-d-e21,33.2009233,-116.1490677,180.0,line-d-e22,33.2010827,-116.1488781,180.0,2026-08-20T17:19:12Z,dipole-dipole,4,7,0.470,1702.2,194.403,10.221,0.00570,0.00090,0.00190;0.00282;0.00339;0.00440;0.00568;0.00597;0.00741;0.00810;0.00852;0.00818,
line-d-r00872,line-d,line-d-e16,33.2001264,-116.1500156,180.0,line-d-e17,33.2002858,-116.1498260,180.0,line-d-e21,33.2009233,-116.1490677,180.0,line-d-e22,33.2010827,-116.1488781,180.0,2026-08-20T17:19:24Z,dipole-dipole,4,5,0.479,1668.9,189.719,6.687,0.00552,0.00145,0.00957;0.00827;0.00890;0.00654;0.00667;0.00529;0.00442;0.00390;0.00272;0.00194,
line-d-r00873,line-d,line-d-e16,33.2001264,-116.1500156,180.0,line-d-e17,33.2002858,-116.1498260,180.0,line-d-e21,33.2009233,-116.1490677,180.0,line-d-e22,33.2010827,-116.1488781,180.0,2026-08-20T17:19:36Z,dipole-dipole,4,4,0.470,1700.3,190.305,6.868,0.00503,0.00107,0.00854;0.00763;0.00653;0.00619;0.00544;0.00493;0.00397;0.00299;0.00248;0.00177,
line-d-r00874,line-d,line-d-e16,33.2001264,-116.1500156,180.0,line-d-e17,33.2002858,-116.1498260,180.0,line-d-e21,33.2009233,-116.1490677,180.0,line-d-e22,33.2010827,-116.1488781,180.0,2026-08-20T17:19:48Z,dipole-dipole,4,5,0.649,1232.9,206.674,6.168,0.00622,0.00118,0.00983;0.01038;0.00849;0.00921;0.00739;0.00565;0.00454;0.00393;0.00320;0.00193,
line-d-r00875,line-d,line-d-e16,33.2001264,-116.1500156,180.0,line-d-e17,33.2002858,-116.1498260,180.0,line-d-e21,33.2009233,-116.1490677,180.0,line-d-e22,33.2010827,-116.1488781,180.0,2026-08-20T17:20:00Z,dipole-dipole,4,5,0.504,1585.8,201.522,8.528,0.00383,0.00103,0.00651;0.00564;0.00559;0.00514;0.00410;0.00358;0.00272;0.00227;0.00177;0.00140,
line-d-r00876,line-d,line-d-e16,33.2001264,-116.1500156,180.0,line-d-e17,33.2002858,-116.1498260,180.0,line-d-e21,33.2009233,-116.1490677,180.0,line-d-e22,33.2010827,-116.1488781,180.0,2026-08-20T17:20:12Z,dipole-dipole,4,8,0.601,1330.2,196.169,6.843,0.00358,0.00073,0.00570;0.00576;0.00499;0.00469;0.00378;0.00339;0.00257;0.00212;0.00158;0.00126,
line-d-r00877,line-d,line-d-e16,33.2001264,-116.1500156,180.0,line-d-e17,33.2002858,-116.1498260,180.0,line-d-e22,33.2010827,-116.1488781,180.0,line-d-e23,33.2012421,-116.1486885,180.0,2026-08-20T17:20:24Z,dipole-dipole,5,4,0.767,1042.5,196.030,7.197,0.00425,0.00084,0.00699;0.00648;0.00557;0.00486;0.00470;0.00406;0.00373;0.00274;0.00197;0.00161,
line-d-r00878,line-d,line-d-e16,33.2001264,-116.1500156,180.0,line-d-e17,33.2002858,-116.1498260,180.0,line-d-e22,33.2010827,-116.1488781,180.0,line-d-e23,33.2012421,-116.1486885,180.0,2026-08-20T17:20:36Z,dipole-dipole,5,6,0.512,1561.2,199.584,5.828,0.00369,0.00098,0.00574;0.00534;0.00556;0.00454;0.00350;0.00335;0.00294;0.00231;0.00186;0.00136,
line-d-r00879,line-d,line-d-e16,33.2001264,-116.1500156,180.0,line-d-e17,33.2002858,-116.1498260,180.0,line-d-e22,33.2010827,-116.1488781,180.0,line-d-e23,33.2012421,-116.1486885,180.0,2026-08-20T17:20:48Z,dipole-dipole,5,3,0.614,1303.7,205.327,6.718,0.00640,0.00095,0.00925;0.00982;0.00811;0.00707;0.00727;0.00675;0.00542;0.00438;0.00308;0.00240,
line-d-r00880,line-d,line-d-e16,33.2001264,-116.1500156,180.0,line-d-e17,33.2002858,-116.1498260,180.0,line-d-e22,33.2010827,-116.1488781,180.0,line-d-e23,33.2012421,-116.1486885,180.0,2026-08-20T17:21:00Z,dipole-dipole,5,6,0.601,1332.0,196.944,8.400,0.00521,0.00093,0.00785;0.00776;0.00689;0.00657;0.00489;0.00485;0.00415;0.00339;0.00276;0.00190,
line-d-r00881,line-d,line-d-e16,33.2001264,-116.1500156,180.0,line-d-e17,33.2002858,-116.1498260,180.0,line-d-e22,33.2010827,-116.1488781,180.0,line-d-e23,33.2012421,-116.1486885,180.0,2026-08-20T17:21:12Z,dipole-dipole,5,6,0.551,1452.1,201.448,7.221,0.00390,0.00105,0.00680;0.00631;0.00607;0.00490;0.00427;0.00355;0.00308;0.00247;0.00196;0.00127,
line-d-r00882,line-d,line-d-e16,33.2001264,-116.1500156,180.0,line-d-e17,33.2002858,-116.1498260,180.0,line-d-e22,33.2010827,-116.1488781,180.0,line-d-e23,33.2012421,-116.1486885,180.0,2026-08-20T17:21:24Z,dipole-dipole,5,5,0.571,1401.9,206.043,7.181,0.00463,0.00096,0.00712;0.00726;0.00641;0.00583;0.00569;0.00449;0.00351;0.00297;0.00252;0.00171,
line-d-r00883,line-d,line-d-e16,33.2001264,-116.1500156,180.0,line-d-e17,33.2002858,-116.1498260,180.0,line-d-e22,33.2010827,-116.1488781,180.0,line-d-e23,33.2012421,-116.1486885,180.0,2026-08-20T17:21:36Z,dipole-dipole,5,3,0.501,1595.6,185.062,7.844,0.00449,0.00113,0.00689;0.00702;0.00621;0.00501;0.00484;0.00407;0.00349;0.00276;0.00228;0.00159,
line-d-r00884,line-d,line-d-e16,33.2001264,-116.1500156,180.0,line-d-e17,33.2002858,-116.1498260,180.0,line-d-e23,33.2012421,-116.1486885,180.0,line-d-e24,33.2014015,-116.1484989,180.0,2026-08-20T17:21:48Z,dipole-dipole,6,3,0.537,1489.9,209.554,7.919,0.00632,0.00111,0.01041;0.00923;0.00908;0.00747;0.00717;0.00585;0.00482;0.00429;0.00325;0.00185,
line-d-r00885,line-d,line-d-e16,33.2001264,-116.1500156,180.0,line-d-e17,33.2002858,-116.1498260,180.0,line-d-e23,33.2012421,-116.1486885,180.0,line-d-e24,33.2014015,-116.1484989,180.0,2026-08-20T17:22:00Z,dipole-dipole,6,8,0.578,1383.3,187.715,8.090,0.00582,0.00095,0.00915;0.00913;0.00782;0.00626;0.00652;0.00571;0.00482;0.00401;0.00309;0.00204,
line-d-r00886,line-d,line-d-e16,33.2001264,-116.1500156,180.0,line-d-e17,33.2002858,-116.1498260,180.0,line-d-e23,33.2012421,-116.1486885,180.0,line-d-e24,33.2014015,-116.1484989,180.0,2026-08-20T17:22:12Z,dipole-dipole,6,5,0.549,1457.3,209.242,6.727,0.00520,0.00087,0.00840;0.00728;0.00788;0.00628;0.00598;0.00536;0.00425;0.00333;0.00259;0.00182,
line-d-r00887,line-d,line-d-e16,33.2001264,-116.1500156,180.0,line-d-e17,33.2002858,-116.1498260,180.0,line-d-e23,33.2012421,-116.1486885,180.0,line-d-e24,33.2014015,-116.1484989,180.0,2026-08-20T17:22:24Z,dipole-dipole,6,7,0.826,968.0,201.705,7.472,0.00375,0.00103,0.00606;0.00593;0.00454;0.00497;0.00395;0.00352;0.00300;0.00235;0.00186;0.00132,
line-d-r00888,line-d,line-d-e16,33.2001264,-116.1500156,180.0,line-d-e17,33.2002858,-116.1498260,180.0,line-d-e23,33.2012421,-116.1486885,180.0,line-d-e24,33.2014015,-116.1484989,180.0,2026-08-20T17:22:36Z,dipole-dipole,6,6,0.605,1321.3,192.324,5.667,0.00601,0.00112,0.00948;0.00890;0.00828;0.00646;0.00601;0.00518;0.00466;0.00378;0.00316;0.00234,
line-d-r00889,line-d,line-d-e16,33.2001264,-116.1500156,180.0,line-d-e17,33.2002858,-116.1498260,180.0,line-d-e23,33.2012421,-116.1486885,180.0,line-d-e24,33.2014015,-116.1484989,180.0,2026-08-20T17:22:48Z,dipole-dipole,6,7,0.644,1243.0,207.158,5.862,0.00551,0.00090,0.00870;0.00820;0.00741;0.00662;0.00623;0.00542;0.00446;0.00349;0.00280;0.00197,
line-d-r00890,line-d,line-d-e16,33.2001264,-116.1500156,180.0,line-d-e17,33.2002858,-116.1498260,180.0,line-d-e23,33.2012421,-116.1486885,180.0,line-d-e24,33.2014015,-116.1484989,180.0,2026-08-20T17:23:00Z,dipole-dipole,6,6,0.684,1169.0,195.741,8.993,0.00322,0.00133,0.00515;0.00469;0.00455;0.00379;0.00396;0.00334;0.00255;0.00205;0.00155;0.00107,
line-d-r00891,line-d,line-d-e16,33.2001264,-116.1500156,180.0,line-d-e17,33.2002858,-116.1498260,180.0,line-d-e23,33.2012421,-116.1486885,180.0,line-d-e24,33.2014015,-116.1484989,180.0,2026-08-20T17:23:12Z,dipole-dipole,6,8,0.591,1354.0,204.078,9.088,0.00513,0.00116,0.00799;0.00770;0.00656;0.00630;0.00594;0.00479;0.00386;0.00289;0.00238;0.00179,
line-d-r00892,line-d,line-d-e16,33.2001264,-116.1500156,180.0,line-d-e17,33.2002858,-116.1498260,180.0,line-d-e24,33.2014015,-116.1484989,180.0,line-d-e25,33.2015609,-116.1483093,180.0,2026-08-20T17:23:24Z,dipole-dipole,7,4,0.527,1517.3,198.503,9.693,0.00269,0.00090,0.00436;0.00409;0.00402;0.00320;0.00268;0.00255;0.00196;0.00181;0.00119;0.00099,
line-d-r00893,line-d,line-d-e16,33.2001264,-116.1500156,180.0,line-d-e17,33.2002858,-116.1498260,180.0,line-d-e24,33.2014015,-116.1484989,180.0,line-d-e25,33.2015609,-116.1483093,180.0,2026-08-20T17:23:36Z,dipole-dipole,7,4,0.610,1312.3,202.976,7.656,0.00365,0.00413,0.00582;0.00539;0.00480;0.00436;0.00375;0.00370;0.00258;0.00244;0.00172;0.00128,
line-d-r00894,line-d,line-d-e16,33.2001264,-116.1500156,180.0,line-d-e17,33.2002858,-116.1498260,180.0,line-d-e24,33.2014015,-116.1484989,180.0,line-d-e25,33.2015609,-116.1483093,180.0,2026-08-20T17:23:48Z,dipole-dipole,7,8,0.506,1579.6,193.647,5.640,0.00467,0.00099,0.00777;0.00745;0.00613;0.00558;0.00527;0.00488;0.00355;0.00327;0.00206;0.00176,
line-d-r00895,line-d,line-d-e16,33.2001264,-116.1500156,180.0,line-d-e17,33.2002858,-116.1498260,180.0,line-d-e24,33.2014015,-116.1484989,180.0,line-d-e25,33.2015609,-116.1483093,180.0,2026-08-20T17:24:00Z,dipole-dipole,7,3,0.445,1796.1,217.184,7.841,0.00316,0.00089,0.00474;0.00514;0.00458;0.00400;0.00313;0.00296;0.00259;0.00196;0.00159;0.00101,
line-d-r00896,line-d,line-d-e16,33.2001264,-116.1500156,180.0,line-d-e17,33.2002858,-116.1498260,180.0,line-d-e24,33.2014015,-116.1484989,180.0,line-d-e25,33.2015609,-116.1483093,180.0,2026-08-20T17:24:12Z,dipole-dipole,7,3,0.667,1199.0,-194.121,7.650,0.00495,0.00098,0.00776;0.00761;0.00661;0.00674;0.00544;0.00475;0.00357;0.00324;0.00259;0.00195,
line-d-r00897,line-d,line-d-e16,33.2001264,-116.1500156,180.0,line-d-e17,33.2002858,-116.1498260,180.0,line-d-e24,33.2014015,-116.1484989,180.0,line-d-e25,33.2015609,-116.1483093,180.0,2026-08-20T17:24:24Z,dipole-dipole,7,4,0.461,1736.1,194.419,5.443,0.00589,0.00114,0.00923;0.00943;0.00732;0.00661;0.00677;0.00542;0.00469;0.00381;0.00274;0.00201,
line-d-r00898,line-d,line-d-e16,33.2001264,-116.1500156,180.0,line-d-e17,33.2002858,-116.1498260,180.0,line-d-e25,33.2015609,-116.1483093,180.0,line-d-e26,33.2017203,-116.1481197,180.0,2026-08-20T17:24:36Z,dipole-dipole,8,4,0.423,1890.9,189.579,7.644,0.00528,0.00097,0.00882;0.00813;0.00732;0.00692;0.00566;0.00482;0.00460;0.00315;0.00263;0.00196,
line-d-r00899,line-d,line-d-e16,33.2001264,-116.1500156,180.0,line-d-e17,33.2002858,-116.1498260,180.0,line-d-e25,33.2015609,-116.1483093,180.0,line-d-e26,33.2017203,-116.1481197,180.0,2026-08-20T17:24:48Z,dipole-dipole,8,6,0.466,1715.5,206.817,7.172,0.00581,0.00096,0.00977;0.00871;0.00763;0.00765;0.00589;0.00553;0.00433;0.00338;0.00253;0.00201,
line-d-r00900,line-d,line-d-e16,33.2001264,-116.1500156,180.0,line-d-e17,33.2002858,-116.1498260,180.0,line-d-e25,33.2015609,-116.1483093,180.0,line-d-e26,33.2017203,-116.1481197,180.0,2026-08-20T17:25:00Z,dipole-dipole,8,8,0.541,1479.4,211.016,6.827,0.00416,0.00108,0.00706;0.00574;0.00594;0.00533;0.00465;0.00384;0.00308;0.00288;0.00205;0.00156,
line-d-r00901,line-d,line-d-e16,33.2001264,-116.1500156,180.0,line-d-e17,33.2002858,-116.1498260,180.0,line-d-e25,33.2015609,-116.1483093,180.0,line-d-e26,33.2017203,-116.1481197,180.0,2026-08-20T17:25:12Z,dipole-dipole,8,6,0.507,1579.0,206.592,7.093,0.00484,0.00104,0.00789;0.00742;0.00638;0.00606;0.00556;0.00471;0.00353;0.00302;0.00211;0.00164,
line-d-r00902,line-d,line-d-e16,33.2001264,-116.1500156,180.0,line-d-e17,33.2002858,-116.1498260,180.0,line-d-e25,33.2015609,-116.1483093,180.0,line-d-e26,33.2017203,-116.1481197,180.0,2026-08-20T17:25:24Z,dipole-dipole,8,8,0.662,1207.6,207.844,6.178,0.00427,0.00092,0.00732;0.00611;0.00635;0.00526;0.00440;0.00424;0.00342;0.00275;0.00197;0.00167,
line-d-r00903,line-d,line-d-e16,33.2001264,-116.1500156,180.0,line-d-e17,33.2002858,-116.1498260,180.0,line-d-e25,33.2015609,-116.1483093,180.0,line-d-e26,33.2017203,-116.1481197,180.0,2026-08-20T17:25:36Z,dipole-dipole,8,7,0.640,1249.6,201.275,597.422,0.00841,0.00085,0.01283;0.01187;0.01155;0.01081;0.00913;0.00883;0.00619;0.00553;0.00424;0.00325,
line-d-r00904,line-d,line-d-e16,33.2001264,-116.1500156,180.0,line-d-e17,33.2002858,-116.1498260,180.0,line-d-e25,33.2015609,-116.1483093,180.0,line-d-e26,33.2017203,-116.1481197,180.0,2026-08-20T17:25:48Z,dipole-dipole,8,6,0.455,1758.9,196.491,6.865,0.00477,0.00093,0.00712;0.00658;0.00648;0.00560;0.00493;0.00457;0.00390;0.00326;0.00251;0.00167,
line-d-r00905,line-d,line-d-e16,33.2001264,-116.1500156,180.0,line-d-e17,33.2002858,-116.1498260,180.0,line-d-e25,33.2015609,-116.1483093,180.0,line-d-e26,33.2017203,-116.1481197,180.0,2026-08-20T17:26:00Z,dipole-dipole,8,3,0.540,1481.4,211.043,7.720,0.00436,0.00107,0.00732;0.00630;0.00684;0.00565;0.00471;0.00363;0.00331;0.00280;0.00237;0.00146,
line-d-r00906,line-d,line-d-e17,33.2002858,-116.1498260,180.0,line-d-e18,33.2004452,-116.1496364,180.0,line-d-e20,33.2007640,-116.1492572,180.0,line-d-e21,33.2009233,-116.1490677,180.0,2026-08-20T17:26:12Z,dipole-dipole,2,6,0.597,1340.5,198.040,8.226,0.00733,0.00096,0.01102;0.01107;0.01045;0.00853;0.00836;0.00669;0.00573;0.00526;0.00345;0.00255,
line-d-r00907,line-d,line-d-e17,33.2002858,-116.1498260,180.0,line-d-e18,33.2004452,-116.1496364,180.0,line-d-e20,33.2007640,-116.1492572,180.0,line-d-e21,33.2009233,-116.1490677,180.0,2026-08-20T17:26:24Z,dipole-dipole,2,4,0.445,1798.5,202.042,7.434,0.00569,0.00106,0.00825;0.00839;0.00798;0.00711;0.00628;0.00679;0.00457;0.00366;0.00276;0.00216,
line-d-r00908,line-d,line-d-e17,33.2002858,-116.1498260,180.0,line-d-e18,33.2004452,-116.1496364,180.0,line-d-e20,33.2007640,-116.1492572,180.0,line-d-e21,33.2009233,-116.1490677,180.0,2026-08-20T17:26:36Z,dipole-dipole,2,3,0.619,1292.3,197.438,7.147,0.00344,0.00126,0.00564;0.00469;0.00476;0.00433;0.00326;0.00325;0.00252;0.00250;0.00172;0.00122,
line-d-r00909,line-d,line-d-e17,33.2002858,-116.1498260,180.0,line-d-e18,33.2004452,-116.1496364,180.0,line-d-e20,33.2007640,-116.1492572,180.0,line-d-e21,33.2009233,-116.1490677,180.0,2026-08-20T17:26:48Z,dipole-dipole,2,6,0.487,1643.4,190.242,6.350,0.00690,0.00104,0.01155;0.01083;0.00946;0.00833;0.00756;0.00650;0.00527;0.00427;0.00329;0.00238,
line-d-r00910,line-d,line-d-e17,33.2002858,-116.1498260,180.0,line-d-e18,33.2004452,-116.1496364,180.0,line-d-e20,33.2007640,-116.1492572,180.0,line-d-e21,33.2009233,-116.1490677,180.0,2026-08-20T17:27:00Z,dipole-dipole,2,5,0.501,1595.7,192.686,6.713,0.00542,0.00116,0.00886;0.00798;0.00790;0.00591;0.00588;0.00491;0.00456;0.00333;0.00267;0.00176,
line-d-r00911,line-d,line-d-e17,33.2002858,-116.1498260,180.0,line-d-e18,33.2004452,-116.1496364,180.0,line-d-e20,33.2007640,-116.1492572,180.0,line-d-e21,33.2009233,-116.1490677,180.0,2026-08-20T17:27:12Z,dipole-dipole,2,3,0.547,1463.0,201.732,7.249,0.00473,0.00100,0.00691;0.00635;0.00637;0.00556;0.00524;0.00422;0.00353;0.00299;0.00232;0.00160,
line-d-r00912,line-d,line-d-e17,33.2002858,-116.1498260,180.0,line-d-e18,33.2004452,-116.1496364,180.0,line-d-e21,33.2009233,-116.1490677,180.0,line-d-e22,33.2010827,-116.1488781,180.0,2026-08-20T17:27:24Z,dipole-dipole,3,3,0.640,1250.8,211.070,5.803,0.00480,0.00134,0.00803;0.00739;0.00687;0.00575;0.00541;0.00450;0.00367;0.00306;0.00220;0.00182,
line-d-r00913,line-d,line-d-e17,33.2002858,-116.1498260,180.0,line-d-e18,33.2004452,-116.1496364,180.0,line-d-e21,33.2009233,-116.1490677,180.0,line-d-e22,33.2010827,-116.1488781,180.0,2026-08-20T17:27:36Z,dipole-dipole,3,3,0.496,1612.5,199.822,8.273,0.00438,0.00112,0.00681;0.00696;0.00595;0.00529;0.00478;0.00365;0.00363;0.00281;0.00232;0.00164,
line-d-r00914,line-d,line-d-e17,33.2002858,-116.1498260,180.0,line-d-e18,33.2004452,-116.1496364,180.0,line-d-e21,33.2009233,-116.1490677,180.0,line-d-e22,33.2010827,-116.1488781,180.0,2026-08-20T17:27:48Z,dipole-dipole,3,6,0.716,1117.6,192.769,7.320,0.00549,0.00102,0.00832;0.00864;0.00840;0.00730;0.00596;0.00544;0.00416;0.00360;0.00294;0.00197,
line-d-r00915,line-d,line-d-e17,33.2002858,-116.1498260,180.0,line-d-e18,33.2004452,-116.1496364,180.0,line-d-e21,33.2009233,-116.1490677,180.0,line-d-e22,33.2010827,-116.1488781,180.0,2026-08-20T17:28:00Z,dipole-dipole,3,4,0.491,1629.7,215.635,7.114,0.00605,0.00097,0.00903;0.00977;0.00871;0.00697;0.00685;0.00603;0.00479;0.00379;0.00287;0.00197,
line-d-r00916,line-d,line-d-e17,33.2002858,-116.1498260,180.0,line-d-e18,33.2004452,-116.1496364,180.0,line-d-e21,33.2009233,-116.1490677,180.0,line-d-e22,33.2010827,-116.1488781,180.0,2026-08-20T17:28:12Z,dipole-dipole,3,3,0.602,1329.2,204.088,7.231,0.00310,0.00131,0.00499;0.00438;0.00417;0.00446;0.00357;0.00299;0.00258;0.00191;0.00152;0.00101,
line-d-r00917,line-d,line-d-e17,33.2002858,-116.1498260,180.0,line-d-e18,33.2004452,-116.1496364,180.0,line-d-e21,33.2009233,-116.1490677,180.0,line-d-e22,33.2010827,-116.1488781,180.0,2026-08-20T17:28:24Z,dipole-dipole,3,6,0.527,1517.1,198.242,7.566,0.00471,0.00128,0.00719;0.00737;0.00633;0.00593;0.00506;0.00437;0.00379;0.00282;0.00222;0.00180,
line-d-r00918,line-d,line-d-e17,33.2002858,-116.1498260,180.0,line-d-e18,33.2004452,-116.1496364,180.0,line-d-e22,33.2010827,-116.1488781,180.0,line-d-e23,33.2012421,-116.1486885,180.0,2026-08-20T17:28:36Z,dipole-dipole,4,5,0.433,1845.5,193.626,9.166,0.00473,0.00098,0.00714;0.00738;0.00662;0.00618;0.00545;0.00389;0.00383;0.00324;0.00216;0.00162,
line-d-r00919,line-d,line-d-e17,33.2002858,-116.1498260,180.0,line-d-e18,33.2004452,-116.1496364,180.0,line-d-e22,33.2010827,-116.1488781,180.0,line-d-e23,33.2012421,-116.1486885,180.0,2026-08-20T17:28:48Z,dipole-dipole,4,7,0.560,1429.7,191.358,7.287,0.00437,0.00122,0.00681;0.00646;0.00614;0.00613;0.00476;0.00417;0.00337;0.00295;0.00210;0.00169,
line-d-r00920,line-d,line-d-e17,33.2002858,-116.1498260,180.0,line-d-e18,33.2004452,-116.1496364,180.0,line-d-e22,33.2010827,-116.1488781,180.0,line-d-e23,33.2012421,-116.1486885,180.0,2026-08-20T17:29:00Z,dipole-dipole,4,4,0.568,1408.7,206.347,7.359,0.00578,0.00111,0.00916;0.00822;0.00810;0.00706;0.00591;0.00601;0.00453;0.00382;0.00267;0.00216,
line-d-r00921,line-d,line-d-e17,33.2002858,-116.1498260,180.0,line-d-e18,33.2004452,-116.1496364,180.0,line-d-e22,33.2010827,-116.1488781,180.0,line-d-e23,33.2012421,-116.1486885,180.0,2026-08-20T17:29:12Z,dipole-dipole,4,7,0.465,1721.6,210.625,9.575,0.00552,0.00091,0.00870;0.00823;0.00742;0.00594;0.00609;0.00511;0.00458;0.00371;0.00239;0.00198,
line-d-r00922,line-d,line-d-e17,33.2002858,-116.1498260,180.0,line-d-e18,33.2004452,-116.1496364,180.0,line-d-e22,33.2010827,-116.1488781,180.0,line-d-e23,33.2012421,-116.1486885,180.0,2026-08-20T17:29:24Z,dipole-dipole,4,3,0.644,1242.1,210.538,8.627,0.00391,0.00093,0.00578;0.00598;0.00533;0.00474;0.00397;0.00382;0.00315;0.00285;0.00177;0.00145,
line-d-r00923,line-d,line-d-e17,33.2002858,-116.1498260,180.0,line-d-e18,33.2004452,-116.1496364,180.0,line-d-e22,33.2010827,-116.1488781,180.0,line-d-e23,33.2012421,-116.1486885,180.0,2026-08-20T17:29:36Z,dipole-dipole,4,7,0.455,1756.7,190.004,8.275,0.00658,0.00133,0.01184;0.00906;0.00878;0.00848;0.00712;0.00681;0.00537;0.00431;0.00311;0.00253,
line-d-r00924,line-d,line-d-e17,33.2002858,-116.1498260,180.0,line-d-e18,33.2004452,-116.1496364,180.0,line-d-e22,33.2010827,-116.1488781,180.0,line-d-e23,33.2012421,-116.1486885,180.0,2026-08-20T17:29:48Z,dipole-dipole,4,4,0.633,1264.2,199.341,7.101,0.00448,0.00086,0.00633;0.00658;0.00572;0.00541;0.00474;0.00402;0.00396;0.00283;0.00238;0.00153,
line-d-r00925,line-d,line-d-e17,33.2002858,-116.1498260,180.0,line-d-e18,33.2004452,-116.1496364,180.0,line-d-e23,33.2012421,-116.1486885,180.0,line-d-e24,33.2014015,-116.1484989,180.0,2026-08-20T17:30:00Z,dipole-dipole,5,4,0.537,1489.5,205.752,5.917,0.00437,0.00108,0.00679;0.00637;0.00566;0.00559;0.00468;0.00425;0.00348;0.00275;0.00220;0.00153,
line-d-r00926,line-d,line-d-e17,33.2002858,-116.1498260,180.0,line-d-e18,33.2004452,-116.1496364,180.0,line-d-e23,33.2012421,-116.1486885,180.0,line-d-e24,33.2014015,-116.1484989,180.0,2026-08-20T17:30:12Z,dipole-dipole,5,6,0.567,1411.2,185.987,6.793,0.00455,0.00127,0.00680;0.00747;0.00622;0.00509;0.00533;0.00451;0.00342;0.00315;0.00229;0.00151,
line-d-r00927,line-d,line-d-e17,33.2002858,-116.1498260,180.0,line-d-e18,33.2004452,-116.1496364,180.0,line-d-e23,33.2012421,-116.1486885,180.0,line-d-e24,33.2014015,-116.1484989,180.0,2026-08-20T17:30:24Z,dipole-dipole,5,5,0.484,1652.9,208.177,7.719,0.00393,0.00147,0.00597;0.00524;0.00534;0.00505;0.00432;0.00362;0.00321;0.00272;0.00181;0.00139,
line-d-r00928,line-d,line-d-e17,33.2002858,-116.1498260,180.0,line-d-e18,33.2004452,-116.1496364,180.0,line-d-e23,33.2012421,-116.1486885,180.0,line-d-e24,33.2014015,-116.1484989,180.0,2026-08-20T17:30:36Z,dipole-dipole,5,6,0.555,1441.1,202.010,8.167,0.00593,0.00109,0.01018;0.00870;0.00851;0.00681;0.00651;0.00589;0.00507;0.00345;0.00292;0.00202,
line-d-r00929,line-d,line-d-e17,33.2002858,-116.1498260,180.0,line-d-e18,33.2004452,-116.1496364,180.0,line-d-e23,33.2012421,-116.1486885,180.0,line-d-e24,33.2014015,-116.1484989,180.0,2026-08-20T17:30:48Z,dipole-dipole,5,4,0.433,1846.7,201.984,6.317,0.00426,0.00108,0.00673;0.00657;0.00641;0.00502;0.00446;0.00391;0.00314;0.00278;0.00222;0.00139,
line-d-r00930,line-d,line-d-e17,33.2002858,-116.1498260,180.0,line-d-e18,33.2004452,-116.1496364,180.0,line-d-e23,33.2012421,-116.1486885,180.0,line-d-e24,33.2014015,-116.1484989,180.0,2026-08-20T17:31:00Z,dipole-dipole,5,7,0.540,1482.2,198.555,7.192,0.00214,0.00095,0.00359;0.00376;0.00305;0.00271;0.00230;0.00220;0.00173;0.00137;0.00114;0.00072,
line-d-r00931,line-d,line-d-e17,33.2002858,-116.1498260,180.0,line-d-e18,33.2004452,-116.1496364,180.0,line-d-e23,33.2012421,-116.1486885,180.0,line-d-e24,33.2014015,-116.1484989,180.0,2026-08-20T17:31:12Z,dipole-dipole,5,4,0.426,1876.3,210.049,6.821,0.00558,0.00091,0.00877;0.00833;0.00698;0.00729;0.00584;0.00582;0.00441;0.00355;0.00303;0.00218,
line-d-r00932,line-d,line-d-e17,33.2002858,-116.1498260,180.0,line-d-e18,33.2004452,-116.1496364,180.0,line-d-e23,33.2012421,-116.1486885,180.0,line-d-e24,33.2014015,-116.1484989,180.0,2026-08-20T17:31:24Z,dipole-dipole,5,8,0.483,1657.1,205.568,7.482,0.00421,0.00096,0.00659;0.00571;0.00593;0.00571;0.00460;0.00403;0.00336;0.00290;0.00230;0.00134,
line-d-r00933,line-d,line-d-e17,33.2002858,-116.1498260,180.0,line-d-e18,33.2004452,-116.1496364,180.0,line-d-e24,33.2014015,-116.1484989,180.0,line-d-e25,33.2015609,-116.1483093,180.0,2026-08-20T17:31:36Z,dipole-dipole,6,6,0.509,1572.3,208.626,7.391,0.00604,0.00101,0.01015;0.00866;0.00823;0.00758;0.00699;0.00553;0.00443;0.00380;0.00305;0.00204,
line-d-r00934,line-d,line-d-e17,33.2002858,-116.1498260,180.0,line-d-e18,33.2004452,-116.1496364,180.0,line-d-e24,33.2014015,-116.1484989,180.0,line-d-e25,33.2015609,-116.1483093,180.0,2026-08-20T17:31:48Z,dipole-dipole,6,4,0.499,1602.6,206.082,6.304,0.00527,0.00102,0.00806;0.00800;0.00665;0.00681;0.00598;0.00466;0.00432;0.00300;0.00265;0.00187,
line-d-r00935,line-d,line-d-e17,33.2002858,-116.1498260,180.0,line-d-e18,33.2004452,-116.1496364,180.0,line-d-e24,33.2014015,-116.1484989,180.0,line-d-e25,33.2015609,-116.1483093,180.0,2026-08-20T17:32:00Z,dipole-dipole,6,5,0.505,1585.1,203.175,7.042,0.00650,0.00119,0.00970;0.00912;0.00895;0.00868;0.00691;0.00640;0.00508;0.00416;0.00290;0.00218,
line-d-r00936,line-d,line-d-e17,33.2002858,-116.1498260,180.0,line-d-e18,33.2004452,-116.1496364,180.0,line-d-e24,33.2014015,-116.1484989,180.0,line-d-e25,33.2015609,-116.1483093,180.0,2026-08-20T17:32:12Z,dipole-dipole,6,7,0.585,1367.4,186.014,7.262,0.00434,0.00087,0.00700;0.00695;0.00604;0.00571;0.00475;0.00433;0.00356;0.00303;0.00215;0.00147,
line-d-r00937,line-d,line-d-e17,33.2002858,-116.1498260,180.0,line-d-e18,33.2004452,-116.1496364,180.0,line-d-e24,33.2014015,-116.1484989,180.0,line-d-e25,33.2015609,-116.1483093,180.0,2026-08-20T17:32:24Z,dipole-dipole,6,7,0.572,1399.6,196.915,7.824,0.00425,0.00078,0.00637;0.00669;0.00586;0.00484;0.00507;0.00404;0.00327;0.00270;0.00184;0.00138,
line-d-r00938,line-d,line-d-e17,33.2002858,-116.1498260,180.0,line-d-e18,33.2004452,-116.1496364,180.0,line-d-e24,33.2014015,-116.1484989,180.0,line-d-e25,33.2015609,-116.1483093,180.0,2026-08-20T17:32:36Z,dipole-dipole,6,5,0.618,1294.4,201.215,6.074,0.00420,0.00120,0.00668;0.00623;0.00584;0.00473;0.00415;0.00379;0.00330;0.00267;0.00212;0.00154,
line-d-r00939,line-d,line-d-e17,33.2002858,-116.1498260,180.0,line-d-e18,33.2004452,-116.1496364,180.0,line-d-e24,33.2014015,-116.1484989,180.0,line-d-e25,33.2015609,-116.1483093,180.0,2026-08-20T17:32:48Z,dipole-dipole,6,7,0.482,1660.0,199.184,6.163,0.00446,0.00164,0.00733;0.00815;0.00664;0.00584;0.00511;0.00459;0.00344;0.00272;0.00212;0.00175,
line-d-r00940,line-d,line-d-e17,33.2002858,-116.1498260,180.0,line-d-e18,33.2004452,-116.1496364,180.0,line-d-e24,33.2014015,-116.1484989,180.0,line-d-e25,33.2015609,-116.1483093,180.0,2026-08-20T17:33:00Z,dipole-dipole,6,8,0.626,1278.7,202.283,9.337,0.00366,0.00118,0.00575;0.00571;0.00485;0.00456;0.00403;0.00328;0.00282;0.00227;0.00195;0.00141,
line-d-r00941,line-d,line-d-e17,33.2002858,-116.1498260,180.0,line-d-e18,33.2004452,-116.1496364,180.0,line-d-e25,33.2015609,-116.1483093,180.0,line-d-e26,33.2017203,-116.1481197,180.0,2026-08-20T17:33:12Z,dipole-dipole,7,3,0.548,1459.4,208.796,8.968,0.00613,0.00127,0.00941;0.00868;0.00850;0.00799;0.00715;0.00569;0.00494;0.00383;0.00285;0.00226,
line-d-r00942,line-d,line-d-e17,33.2002858,-116.1498260,180.0,line-d-e18,33.2004452,-116.1496364,180.0,line-d-e25,33.2015609,-116.1483093,180.0,line-d-e26,33.2017203,-116.1481197,180.0,2026-08-20T17:33:24Z,dipole-dipole,7,6,0.428,1868.0,200.922,7.442,0.00579,0.00120,0.00949;0.00824;0.00798;0.00741;0.00633;0.00519;0.00471;0.00386;0.00296;0.00211,
line-d-r00943,line-d,line-d-e17,33.2002858,-116.1498260,180.0,line-d-e18,33.2004452,-116.1496364,180.0,line-d-e25,33.2015609,-116.1483093,180.0,line-d-e26,33.2017203,-116.1481197,180.0,2026-08-20T17:33:36Z,dipole-dipole,7,8,0.432,1850.1,221.988,6.149,0.00474,0.00101,0.00716;0.00745;0.00634;0.00639;0.00564;0.00489;0.00400;0.00318;0.00243;0.00174,
line-d-r00944,line-d,line-d-e17,33.2002858,-116.1498260,180.0,line-d-e18,33.2004452,-116.1496364,180.0,line-d-e25,33.2015609,-116.1483093,180.0,line-d-e26,33.2017203,-116.1481197,180.0,2026-08-20T17:33:48Z,dipole-dipole,7,4,0.534,1497.6,190.258,9.064,0.00446,0.00133,0.00673;0.00766;0.00575;0.00586;0.00460;0.00459;0.00369;0.00259;0.00239;0.00171,
line-d-r00945,line-d,line-d-e17,33.2002858,-116.1498260,180.0,line-d-e18,33.2004452,-116.1496364,180.0,line-d-e25,33.2015609,-116.1483093,180.0,line-d-e26,33.2017203,-116.1481197,180.0,2026-08-20T17:34:00Z,dipole-dipole,7,7,0.322,2487.2,200.060,8.411,0.00571,0.00114,0.00778;0.00834;0.00757;0.00754;0.00619;0.00538;0.00429;0.00389;0.00291;0.00207,
line-d-r00946,line-d,line-d-e17,33.2002858,-116.1498260,180.0,line-d-e18,33.2004452,-116.1496364,180.0,line-d-e25,33.2015609,-116.1483093,180.0,line-d-e26,33.2017203,-116.1481197,180.0,2026-08-20T17:34:12Z,dipole-dipole,7,6,0.709,1127.6,204.221,8.106,0.00356,0.00090,0.00602;0.00513;0.00471;0.00451;0.00410;0.00331;0.00287;0.00230;0.00158;0.00119,
line-d-r00947,line-d,line-d-e17,33.2002858,-116.1498260,180.0,line-d-e18,33.2004452,-116.1496364,180.0,line-d-e26,33.2017203,-116.1481197,180.0,line-d-e27,33.2018797,-116.1479301,180.0,2026-08-20T17:34:24Z,dipole-dipole,8,5,0.510,1567.7,216.417,6.060,0.00365,0.00119,0.00572;0.00498;0.00475;0.00448;0.00333;0.00308;0.00291;0.00229;0.00181;0.00155,
line-d-r00948,line-d,line-d-e17,33.2002858,-116.1498260,180.0,line-d-e18,33.2004452,-116.1496364,180.0,line-d-e26,33.2017203,-116.1481197,180.0,line-d-e27,33.2018797,-116.1479301,180.0,2026-08-20T17:34:36Z,dipole-dipole,8,8,0.512,1564.0,197.318,7.636,0.00519,0.00112,0.00783;0.00684;0.00641;0.00624;0.00561;0.00540;0.00439;0.00330;0.00255;0.00177,
line-d-r00949,line-d,line-d-e17,33.2002858,-116.1498260,180.0,line-d-e18,33.2004452,-116.1496364,180.0,line-d-e26,33.2017203,-116.1481197,180.0,line-d-e27,33.2018797,-116.1479301,180.0,2026-08-20T17:34:48Z,dipole-dipole,8,4,0.474,1686.4,198.300,6.080,0.00568,0.00098,0.01032;0.00814;0.00734;0.00678;0.00678;0.00520;0.00431;0.00372;0.00280;0.00197,
line-d-r00950,line-d,line-d-e17,33.2002858,-116.1498260,180.0,line-d-e18,33.2004452,-116.1496364,180.0,line-d-e26,33.2017203,-116.1481197,180.0,line-d-e27,33.2018797,-116.1479301,180.0,2026-08-20T17:35:00Z,dipole-dipole,8,6,0.592,1350.3,191.539,7.386,0.00594,0.00092,0.01000;0.00969;0.00801;0.00748;0.00643;0.00601;0.00457;0.00368;0.00296;0.00214,
line-d-r00951,line-d,line-d-e17,33.2002858,-116.1498260,180.0,line-d-e18,33.2004452,-116.1496364,180.0,line-d-e26,33.2017203,-116.1481197,180.0,line-d-e27,33.2018797,-116.1479301,180.0,2026-08-20T17:35:12Z,dipole-dipole,8,7,0.599,1335.3,206.415,6.738,0.00729,0.00115,0.01218;0.01101;0.01008;0.00859;0.00937;0.00667;0.00550;0.00430;0.00353;0.00273,
line-d-r00952,line-d,line-d-e17,33.2002858,-116.1498260,180.0,line-d-e18,33.2004452,-116.1496364,180.0,line-d-e26,33.2017203,-116.1481197,180.0,line-d-e27,33.2018797,-116.1479301,180.0,2026-08-20T17:35:24Z,dipole-dipole,8,7,0.474,1689.3,210.916,6.296,0.00618,0.00094,0.00955;0.00937;0.00897;0.00871;0.00690;0.00550;0.00453;0.00422;0.00297;0.00235,
line-d-r00953,line-d,line-d-e17,33.2002858,-116.1498260,180.0,line-d-e18,33.2004452,-116.1496364,180.0,line-d-e26,33.2017203,-116.1481197,180.0,line-d-e27,33.2018797,-116.1479301,180.0,2026-08-20T17:35:36Z,dipole-dipole,8,5,0.582,1375.2,-266.944,7.051,0.00596,0.00113,0.00932;0.00896;0.00796;0.00788;0.00620;0.00556;0.00494;0.00403;0.00296;0.00220,
line-d-r00954,line-d,line-d-e17,33.2002858,-116.1498260,180.0,line-d-e18,33.2004452,-116.1496364,180.0,line-d-e26,33.2017203,-116.1481197,180.0,line-d-e27,33.2018797,-116.1479301,180.0,2026-08-20T17:35:48Z,dipole-dipole,8,7,0.518,1543.0,196.602,8.902,0.00502,0.00122,0.00896;0.00746;0.00728;0.00612;0.00573;0.00475;0.00405;0.00318;0.00242;0.00163,
line-d-r00955,line-d,line-d-e18,33.2004452,-116.1496364,180.0,line-d-e19,33.2006046,-116.1494468,180.0,line-d-e20,33.2007640,-116.1492572,180.0,line-d-e21,33.2009233,-116.1490677,180.0,2026-08-20T17:36:00Z,dipole-dipole,1,4,2.000,188.0,203.117,6.316,0.00670,0.00095,0.01051;0.01015;0.00923;0.00903;0.00774;0.00662;0.00510;0.00375;0.00326;0.00234,
line-d-r00956,line-d,line-d-e18,33.2004452,-116.1496364,180.0,line-d-e19,33.2006046,-116.1494468,180.0,line-d-e20,33.2007640,-116.1492572,180.0,line-d-e21,33.2009233,-116.1490677,180.0,2026-08-20T17:36:12Z,dipole-dipole,1,8,2.000,357.8,207.542,7.891,0.00514,0.00084,0.00847;0.00697;0.00677;0.00617;0.00588;0.00463;0.00401;0.00328;0.00280;0.00168,
line-d-r00957,line-d,line-d-e18,33.2004452,-116.1496364,180.0,line-d-e19,33.2006046,-116.1494468,180.0,line-d-e20,33.2007640,-116.1492572,180.0,line-d-e21,33.2009233,-116.1490677,180.0,2026-08-20T17:36:24Z,dipole-dipole,1,8,2.000,217.0,211.987,7.385,0.00508,0.00101,0.00833;0.00867;0.00701;0.00631;0.00513;0.00459;0.00396;0.00305;0.00243;0.00202,
line-d-r00958,line-d,line-d-e18,33.2004452,-116.1496364,180.0,line-d-e19,33.2006046,-116.1494468,180.0,line-d-e20,33.2007640,-116.1492572,180.0,line-d-e21,33.2009233,-116.1490677,180.0,2026-08-20T17:36:36Z,dipole-dipole,1,6,2.000,212.4,206.312,7.660,0.00526,0.00120,0.00817;0.00666;0.00850;0.00636;0.00614;0.00525;0.00399;0.00327;0.00237;0.00196,
line-d-r00959,line-d,line-d-e18,33.2004452,-116.1496364,180.0,line-d-e19,33.2006046,-116.1494468,180.0,line-d-e20,33.2007640,-116.1492572,180.0,line-d-e21,33.2009233,-116.1490677,180.0,2026-08-20T17:36:48Z,dipole-dipole,1,8,2.000,237.0,201.579,7.256,0.00401,0.00120,0.00618;0.00617;0.00522;0.00479;0.00435;0.00398;0.00338;0.00244;0.00195;0.00129,
line-d-r00960,line-d,line-d-e18,33.2004452,-116.1496364,180.0,line-d-e19,33.2006046,-116.1494468,180.0,line-d-e20,33.2007640,-116.1492572,180.0,line-d-e21,33.2009233,-116.1490677,180.0,2026-08-20T17:37:00Z,dipole-dipole,1,8,2.000,176.9,188.595,6.678,0.00515,0.00095,0.00826;0.00764;0.00659;0.00610;0.00535;0.00475;0.00410;0.00365;0.00234;0.00185,
line-d-r00961,line-d,line-d-e18,33.2004452,-116.1496364,180.0,line-d-e19,33.2006046,-116.1494468,180.0,line-d-e20,33.2007640,-116.1492572,180.0,line-d-e21,33.2009233,-116.1490677,180.0,2026-08-20T17:37:12Z,dipole-dipole,1,7,2.000,214.1,221.729,8.702,0.00431,0.00084,0.00668;0.00631;0.00597;0.00548;0.00462;0.00434;0.00315;0.00273;0.00202;0.00164,
line-d-r00962,line-d,line-d-e18,33.2004452,-116.1496364,180.0,line-d-e19,33.2006046,-116.1494468,180.0,line-d-e21,33.2009233,-116.1490677,180.0,line-d-e22,33.2010827,-116.1488781,180.0,2026-08-20T17:37:24Z,dipole-dipole,2,6,2.000,297.0,198.008,9.598,0.00416,0.00118,0.00653;0.00617;0.00572;0.00519;0.00427;0.00408;0.00340;0.00253;0.00188;0.00139,
line-d-r00963,line-d,line-d-e18,33.2004452,-116.1496364,180.0,line-d-e19,33.2006046,-116.1494468,180.0,line-d-e21,33.2009233,-116.1490677,180.0,line-d-e22,33.2010827,-116.1488781,180.0,2026-08-20T17:37:36Z,dipole-dipole,2,5,2.000,251.0,184.117,6.241,0.00407,0.00123,0.00699;0.00599;0.00572;0.00486;0.00449;0.00378;0.00296;0.00263;0.00173;0.00159,
line-d-r00964,line-d,line-d-e18,33.2004452,-116.1496364,180.0,line-d-e19,33.2006046,-116.1494468,180.0,line-d-e21,33.2009233,-116.1490677,180.0,line-d-e22,33.2010827,-116.1488781,180.0,2026-08-20T17:37:48Z,dipole-dipole,2,8,2.000,199.2,191.612,7.637,0.00491,0.00125,0.00752;0.00759;0.00705;0.00579;0.00506;0.00448;0.00391;0.00286;0.00232;0.00195,
line-d-r00965,line-d,line-d-e18,33.2004452,-116.1496364,180.0,line-d-e19,33.2006046,-116.1494468,180.0,line-d-e21,33.2009233,-116.1490677,180.0,line-d-e22,33.2010827,-116.1488781,180.0,2026-08-20T17:38:00Z,dipole-dipole,2,5,2.000,266.7,195.904,8.027,0.00736,0.00117,0.01149;0.01039;0.01027;0.00912;0.00767;0.00717;0.00628;0.00475;0.00351;0.00280,
line-d-r00966,line-d,line-d-e18,33.2004452,-116.1496364,180.0,line-d-e19,33.2006046,-116.1494468,180.0,line-d-e21,33.2009233,-116.1490677,180.0,line-d-e22,33.2010827,-116.1488781,180.0,2026-08-20T17:38:12Z,dipole-dipole,2,5,2.000,186.5,207.152,7.111,0.00419,0.00103,0.00746;0.00664;0.00614;0.00584;0.00442;0.00405;0.00349;0.00256;0.00202;0.00163,
line-d-r00967,line-d,line-d-e18,33.2004452,-116.1496364,180.0,line-d-e19,33.2006046,-116.1494468,180.0,line-d-e21,33.2009233,-116.1490677,180.0,line-d-e22,33.2010827,-116.1488781,180.0,2026-08-20T17:38:24Z,dipole-dipole,2,5,2.000,186.3,205.315,7.447,0.00618,0.00106,0.00913;0.00813;0.00889;0.00711;0.00678;0.00552;0.00519;0.00368;0.00300;0.00215,
line-d-r00968,line-d,line-d-e18,33.2004452,-116.1496364,180.0,line-d-e19,33.2006046,-116.1494468,180.0,line-d-e21,33.2009233,-116.1490677,180.0,line-d-e22,33.2010827,-116.1488781,180.0,2026-08-20T17:38:36Z,dipole-dipole,2,5,2.000,202.2,193.742,5.430,0.00338,0.00096,0.00497;0.00477;0.00491;0.00429;0.00386;0.00327;0.00293;0.00230;0.00181;0.00126,
line-d-r00969,line-d,line-d-e18,33.2004452,-116.1496364,180.0,line-d-e19,33.2006046,-116.1494468,180.0,line-d-e22,33.2010827,-116.1488781,180.0,line-d-e23,33.2012421,-116.1486885,180.0,2026-08-20T17:38:48Z,dipole-dipole,3,4,2.000,296.8,204.873,6.670,0.00577,0.00139,0.01001;0.00851;0.00744;0.00742;0.00681;0.00543;0.00448;0.00382;0.00299;0.00183,
line-d-r00970,line-d,line-d-e18,33.2004452,-116.1496364,180.0,line-d-e19,33.2006046,-116.1494468,180.0,line-d-e22,33.2010827,-116.1488781,180.0,line-d-e23,33.2012421,-116.1486885,180.0,2026-08-20T17:39:00Z,dipole-dipole,3,6,2.000,193.3,201.948,7.489,0.00486,0.00110,0.00767;0.00689;0.00616;0.00593;0.00480;0.00445;0.00403;0.00330;0.00228;0.00178,
line-d-r00971,line-d,line-d-e18,33.2004452,-116.1496364,180.0,line-d-e19,33.2006046,-116.1494468,180.0,line-d-e22,33.2010827,-116.1488781,180.0,line-d-e23,33.2012421,-116.1486885,180.0,2026-08-20T17:39:12Z,dipole-dipole,3,3,2.000,160.0,196.576,7.838,0.00488,0.00139,0.00683;0.00718;0.00629;0.00626;0.00537;0.00489;0.00375;0.00318;0.00235;0.00180,
line-d-r00972,line-d,line-d-e18,33.2004452,-116.1496364,180.0,line-d-e19,33.2006046,-116.1494468,180.0,line-d-e22,33.2010827,-116.1488781,180.0,line-d-e23,33.2012421,-116.1486885,180.0,2026-08-20T17:39:24Z,dipole-dipole,3,4,2.000,209.7,190.802,8.709,0.00506,0.00106,0.00698;0.00753;0.00679;0.00658;0.00516;0.00479;0.00406;0.00307;0.00256;0.00158,
line-d-r00973,line-d,line-d-e18,33.2004452,-116.1496364,180.0,line-d-e19,33.2006046,-116.1494468,180.0,line-d-e22,33.2010827,-116.1488781,180.0,line-d-e23,33.2012421,-116.1486885,180.0,2026-08-20T17:39:36Z,dipole-dipole,3,8,2.000,207.9,204.011,6.049,0.00439,0.00117,0.00688;0.00601;0.00571;0.00547;0.00476;0.00427;0.00347;0.00264;0.00208;0.00146,
line-d-r00974,line-d,line-d-e18,33.2004452,-116.1496364,180.0,line-d-e19,33.2006046,-116.1494468,180.0,line-d-e22,33.2010827,-116.1488781,180.0,line-d-e23,33.2012421,-116.1486885,180.0,2026-08-20T17:39:48Z,dipole-dipole,3,7,2.000,250.2,182.589,7.152,0.00490,0.00111,0.00744;0.00647;0.00696;0.00653;0.00609;0.00479;0.00385;0.00323;0.00240;0.00199,
line-d-r00975,line-d,line-d-e18,33.2004452,-116.1496364,180.0,line-d-e19,33.2006046,-116.1494468,180.0,line-d-e22,33.2010827,-116.1488781,180.0,line-d-e23,33.2012421,-116.1486885,180.0,2026-08-20T17:40:00Z,dipole-dipole,3,7,2.000,159.0,207.729,8.677,0.00327,0.00110,0.00568;0.00436;0.00434;0.00377;0.00387;0.00324;0.00254;0.00209;0.00180;0.00114,
line-d-r00976,line-d,line-d-e18,33.2004452,-116.1496364,180.0,line-d-e19,33.2006046,-116.1494468,180.0,line-d-e23,33.2012421,-116.1486885,180.0,line-d-e24,33.2014015,-116.1484989,180.0,2026-08-20T17:40:12Z,dipole-dipole,4,5,2.000,243.2,201.518,6.657,0.00661,0.00107,0.01015;0.01089;0.00961;0.00803;0.00676;0.00541;0.00518;0.00437;0.00340;0.00213,
line-d-r00977,line-d,line-d-e18,33.2004452,-116.1496364,180.0,line-d-e19,33.2006046,-116.1494468,180.0,line-d-e23,33.2012421,-116.1486885,180.0,line-d-e24,33.2014015,-116.1484989,180.0,2026-08-20T17:40:24Z,dipole-dipole,4,5,2.000,191.1,212.316,6.519,0.00544,0.00140,0.00822;0.00753;0.00764;0.00676;0.00651;0.00490;0.00469;0.00343;0.00275;0.00185,
line-d-r00978,line-d,line-d-e18,33.2004452,-116.1496364,180.0,line-d-e19,33.2006046,-116.1494468,180.0,line-d-e23,33.2012421,-116.1486885,180.0,line-d-e24,33.2014015,-116.1484989,180.0,2026-08-20T17:40:36Z,dipole-dipole,4,5,2.000,196.9,199.937,6.729,0.00473,0.00114,0.00754;0.00765;0.00645;0.00578;0.00510;0.00488;0.00366;0.00308;0.00250;0.00184,
line-d-r00979,line-d,line-d-e18,33.2004452,-116.1496364,180.0,line-d-e19,33.2006046,-116.1494468,180.0,line-d-e23,33.2012421,-116.1486885,180.0,line-d-e24,33.2014015,-116.1484989,180.0,2026-08-20T17:40:48Z,dipole-dipole,4,7,2.000,204.5,200.176,10.256,0.00557,0.00152,0.00923;0.00810;0.00813;0.00626;0.00664;0.00523;0.00451;0.00342;0.00271;0.00195,
line-d-r00980,line-d,line-d-e18,33.2004452,-116.1496364,180.0,line-d-e19,33.2006046,-116.1494468,180.0,line-d-e23,33.2012421,-116.1486885,180.0,line-d-e24,33.2014015,-116.1484989,180.0,2026-08-20T17:41:00Z,dipole-dipole,4,8,2.000,238.0,209.731,10.599,0.00541,0.00104,0.00863;0.00782;0.00774;0.00632;0.00568;0.00524;0.00441;0.00371;0.00273;0.00175,
line-d-r00981,line-d,line-d-e18,33.2004452,-116.1496364,180.0,line-d-e19,33.2006046,-116.1494468,180.0,line-d-e23,33.2012421,-116.1486885,180.0,line-d-e24,33.2014015,-116.1484989,180.0,2026-08-20T17:41:12Z,dipole-dipole,4,5,2.000,185.6,203.166,6.432,0.00619,0.00114,0.00964;0.00969;0.00860;0.00755;0.00833;0.00578;0.00486;0.00367;0.00317;0.00209,
line-d-r00982,line-d,line-d-e18,33.2004452,-116.1496364,180.0,line-d-e19,33.2006046,-116.1494468,180.0,line-d-e24,33.2014015,-116.1484989,180.0,line-d-e25,33.2015609,-116.1483093,180.0,2026-08-20T17:41:24Z,dipole-dipole,5,7,2.000,205.1,212.071,6.925,0.00452,0.00124,0.00716;0.00668;0.00599;0.00572;0.00537;0.00391;0.00358;0.00282;0.00205;0.00161,
line-d-r00983,line-d,line-d-e18,33.2004452,-116.1496364,180.0,line-d-e19,33.2006046,-116.1494468,180.0,line-d-e24,33.2014015,-116.1484989,180.0,line-d-e25,33.2015609,-116.1483093,180.0,2026-08-20T17:41:36Z,dipole-dipole,5,8,2.000,228.0,193.139,7.747,0.00465,0.00115,0.00733;0.00730;0.00598;0.00570;0.00501;0.00448;0.00381;0.00284;0.00222;0.00160,
line-d-r00984,line-d,line-d-e18,33.2004452,-116.1496364,180.0,line-d-e19,33.2006046,-116.1494468,180.0,line-d-e24,33.2014015,-116.1484989,180.0,line-d-e25,33.2015609,-116.1483093,180.0,2026-08-20T17:41:48Z,dipole-dipole,5,8,2.000,202.9,200.004,5.835,0.00459,0.00111,0.00712;0.00701;0.00623;0.00540;0.00533;0.00444;0.00398;0.00286;0.00218;0.00155,
line-d-r00985,line-d,line-d-e18,33.2004452,-116.1496364,180.0,line-d-e19,33.2006046,-116.1494468,180.0,line-d-e24,33.2014015,-116.1484989,180.0,line-d-e25,33.2015609,-116.1483093,180.0,2026-08-20T17:42:00Z,dipole-dipole,5,4,2.000,238.8,202.300,5.960,0.00587,0.00110,0.00953;0.00799;0.00892;0.00665;0.00689;0.00547;0.00494;0.00366;0.00294;0.00216,
line-d-r00986,line-d,line-d-e18,33.2004452,-116.1496364,180.0,line-d-e19,33.2006046,-116.1494468,180.0,line-d-e24,33.2014015,-116.1484989,180.0,line-d-e25,33.2015609,-116.1483093,180.0,2026-08-20T17:42:12Z,dipole-dipole,5,4,2.000,199.2,200.931,6.321,0.00493,0.00096,0.00844;0.00702;0.00653;0.00634;0.00489;0.00468;0.00333;0.00327;0.00246;0.00151,
line-d-r00987,line-d,line-d-e18,33.2004452,-116.1496364,180.0,line-d-e19,33.2006046,-116.1494468,180.0,line-d-e24,33.2014015,-116.1484989,180.0,line-d-e25,33.2015609,-116.1483093,180.0,2026-08-20T17:42:24Z,dipole-dipole,5,4,2.000,196.9,208.077,10.030,0.00601,0.00119,0.00955;0.00906;0.00804;0.00728;0.00671;0.00501;0.00484;0.00391;0.00290;0.00211,
line-d-r00988,line-d,line-d-e18,33.2004452,-116.1496364,180.0,line-d-e19,33.2006046,-116.1494468,180.0,line-d-e25,33.2015609,-116.1483093,180.0,line-d-e26,33.2017203,-116.1481197,180.0,2026-08-20T17:42:36Z,dipole-dipole,6,4,2.000,233.1,209.702,8.303,0.00559,0.00102,0.00839;0.00746;0.00744;0.00691;0.00606;0.00523;0.00429;0.00341;0.00271;0.00197,
line-d-r00989,line-d,line-d-e18,33.2004452,-116.1496364,180.0,line-d-e19,33.2006046,-116.1494468,180.0,line-d-e25,33.2015609,-116.1483093,180.0,line-d-e26,33.2017203,-116.1481197,180.0,2026-08-20T17:42:48Z,dipole-dipole,6,5,2.000,227.1,204.512,8.049,0.00654,0.00142,0.01141;0.00954;0.00941;0.00770;0.00753;0.00610;0.00488;0.00416;0.00337;0.00219,
line-d-r00990,line-d,line-d-e18,33.2004452,-116.1496364,180.0,line-d-e19,33.2006046,-116.1494468,180.0,line-d-e25,33.2015609,-116.1483093,180.0,line-d-e26,33.2017203,-116.1481197,180.0,2026-08-20T17:43:00Z,dipole-dipole,6,5,2.000,213.4,208.562,6.416,0.00461,0.00125,0.00703;0.00658;0.00600;0.00616;0.00498;0.00434;0.00350;0.00290;0.00207;0.00164,
line-d-r00991,line-d,line-d-e18,33.2004452,-116.1496364,180.0,line-d-e19,33.2006046,-116.1494468,180.0,line-d-e25,33.2015609,-116.1483093,180.0,line-d-e26,33.2017203,-116.1481197,180.0,2026-08-20T17:43:12Z,dipole-dipole,6,3,2.000,221.1,195.274,8.615,0.00347,0.00096,0.00609;0.00568;0.00463;0.00431;0.00368;0.00309;0.00277;0.00191;0.00148;0.00113,
line-d-r00992,line-d,line-d-e18,33.2004452,-116.1496364,180.0,line-d-e19,33.2006046,-116.1494468,180.0,line-d-e25,33.2015609,-116.1483093,180.0,line-d-e26,33.2017203,-116.1481197,180.0,2026-08-20T17:43:24Z,dipole-dipole,6,7,2.000,209.5,196.170,9.536,0.00478,0.00113,0.00830;0.00696;0.00630;0.00566;0.00535;0.00440;0.00361;0.00304;0.00217;0.00154,
line-d-r00993,line-d,line-d-e18,33.2004452,-116.1496364,180.0,line-d-e19,33.2006046,-116.1494468,180.0,line-d-e25,33.2015609,-116.1483093,180.0,line-d-e26,33.2017203,-116.1481197,180.0,2026-08-20T17:43:36Z,dipole-dipole,6,4,2.000,172.4,205.448,5.992,0.00558,0.00137,0.00853;0.00829;0.00726;0.00763;0.00595;0.00585;0.00399;0.00345;0.00269;0.00229,
line-d-r00994,line-d,line-d-e18,33.2004452,-116.1496364,180.0,line-d-e19,33.2006046,-116.1494468,180.0,line-d-e25,33.2015609,-116.1483093,180.0,line-d-e26,33.2017203,-116.1481197,180.0,2026-08-20T17:43:48Z,dipole-dipole,6,6,2.000,239.4,205.992,7.289,0.00618,0.00123,0.00973;0.00883;0.00810;0.00909;0.00668;0.00589;0.00479;0.00402;0.00299;0.00231,
line-d-r00995,line-d,line-d-e18,33.2004452,-116.1496364,180.0,line-d-e19,33.2006046,-116.1494468,180.0,line-d-e26,33.2017203,-116.1481197,180.0,line-d-e27,33.2018797,-116.1479301,180.0,2026-08-20T17:44:00Z,dipole-dipole,7,4,2.000,142.3,198.616,7.499,0.00506,0.00126,0.00752;0.00756;0.00727;0.00587;0.00584;0.00472;0.00389;0.00336;0.00275;0.00185,
line-d-r00996,line-d,line-d-e18,33.2004452,-116.1496364,180.0,line-d-e19,33.2006046,-116.1494468,180.0,line-d-e26,33.2017203,-116.1481197,180.0,line-d-e27,33.2018797,-116.1479301,180.0,2026-08-20T17:44:12Z,dipole-dipole,7,8,2.000,266.4,191.909,6.668,0.00537,0.00128,0.00898;0.00825;0.00775;0.00636;0.00579;0.00484;0.00396;0.00354;0.00272;0.00188,
line-d-r00997,line-d,line-d-e18,33.2004452,-116.1496364,180.0,line-d-e19,33.2006046,-116.1494468,180.0,line-d-e26,33.2017203,-116.1481197,180.0,line-d-e27,33.2018797,-116.1479301,180.0,2026-08-20T17:44:24Z,dipole-dipole,7,7,2.000,247.1,194.248,5.968,0.00488,0.00097,0.00774;0.00730;0.00687;0.00565;0.00474;0.00443;0.00366;0.00334;0.00242;0.00177,
line-d-r00998,line-d,line-d-e18,33.2004452,-116.1496364,180.0,line-d-e19,33.2006046,-116.1494468,180.0,line-d-e26,33.2017203,-116.1481197,180.0,line-d-e27,33.2018797,-116.1479301,180.0,2026-08-20T17:44:36Z,dipole-dipole,7,8,2.000,201.0,192.589,8.745,0.00523,0.00122,0.00819;0.00787;0.00712;0.00644;0.00554;0.00522;0.00379;0.00386;0.00251;0.00182,
line-d-r00999,line-d,line-d-e18,33.2004452,-116.1496364,180.0,line-d-e19,33.2006046,-116.1494468,180.0,line-d-e26,33.2017203,-116.1481197,180.0,line-d-e27,33.2018797,-116.1479301,180.0,2026-08-20T17:44:48Z,dipole-dipole,7,3,2.000,246.3,200.077,7.902,0.00412,0.00120,0.00666;0.00605;0.00502;0.00503;0.00456;0.00406;0.00324;0.00289;0.00211;0.00155,
line-d-r01000,line-d,line-d-e18,33.2004452,-116.1496364,180.0,line-d-e19,33.2006046,-116.1494468,180.0,line-d-e26,33.2017203,-116.1481197,180.0,line-d-e27,33.2018797,-116.1479301,180.0,2026-08-20T17:45:00Z,dipole-dipole,7,6,2.000,224.5,203.071,7.723,0.00622,0.00107,0.01023;0.00896;0.00903;0.00822;0.00639;0.00541;0.00541;0.00410;0.00309;0.00222,
line-d-r01001,line-d,line-d-e18,33.2004452,-116.1496364,180.0,line-d-e19,33.2006046,-116.1494468,180.0,line-d-e26,33.2017203,-116.1481197,180.0,line-d-e27,33.2018797,-116.1479301,180.0,2026-08-20T17:45:12Z,dipole-dipole,7,5,2.000,208.2,196.325,7.827,0.00389,0.00089,0.00658;0.00578;0.00624;0.00487;0.00432;0.00345;0.00334;0.00225;0.00186;0.00130,
line-d-r01002,line-d,line-d-e18,33.2004452,-116.1496364,180.0,line-d-e19,33.2006046,-116.1494468,180.0,line-d-e27,33.2018797,-116.1479301,180.0,line-d-e28,33.2020391,-116.1477405,180.0,2026-08-20T17:45:24Z,dipole-dipole,8,5,2.000,199.9,191.616,7.333,0.00488,0.00128,0.00721;0.00686;0.00668;0.00697;0.00544;0.00471;0.00364;0.00321;0.00236;0.00198,
line-d-r01003,line-d,line-d-e18,33.2004452,-116.1496364,180.0,line-d-e19,33.2006046,-116.1494468,180.0,line-d-e27,33.2018797,-116.1479301,180.0,line-d-e28,33.2020391,-116.1477405,180.0,2026-08-20T17:45:36Z,dipole-dipole,8,5,2.000,222.7,202.727,8.653,0.00719,0.00114,0.01166;0.01151;0.01033;0.00821;0.00769;0.00590;0.00569;0.00442;0.00322;0.00247,
line-d-r01004,line-d,line-d-e18,33.2004452,-116.1496364,180.0,line-d-e19,33.2006046,-116.1494468,180.0,line-d-e27,33.2018797,-116.1479301,180.0,line-d-e28,33.2020391,-116.1477405,180.0,2026-08-20T17:45:48Z,dipole-dipole,8,7,2.000,171.7,207.100,8.897,0.00465,0.00101,0.00730;0.00751;0.00619;0.00572;0.00491;0.00461;0.00355;0.00275;0.00227;0.00142,
line-d-r01005,line-d,line-d-e18,33.2004452,-116.1496364,180.0,line-d-e19,33.2006046,-116.1494468,180.0,line-d-e27,33.2018797,-116.1479301,180.0,line-d-e28,33.2020391,-116.1477405,180.0,2026-08-20T17:46:00Z,dipole-dipole,8,7,2.000,249.1,209.026,6.978,0.00529,0.00101,0.00893;0.00723;0.00719;0.00667;0.00587;0.00502;0.00436;0.00344;0.00247;0.00196,
line-d-r01006,line-d,line-d-e18,33.2004452,-116.1496364,180.0,line-d-e19,33.2006046,-116.1494468,180.0,line-d-e27,33.2018797,-116.1479301,180.0,line-d-e28,33.2020391,-116.1477405,180.0,2026-08-20T17:46:12Z,dipole-dipole,8,3,2.000,227.7,194.704,6.140,0.00333,0.00098,0.00548;0.00498;0.00484;0.00375;0.00349;0.00309;0.00266;0.00230;0.00158;0.00130,
line-d-r01007,line-d,line-d-e18,33.2004452,-116.1496364,180.0,line-d-e19,33.2006046,-116.1494468,180.0,line-d-e27,33.2018797,-116.1479301,180.0,line-d-e28,33.2020391,-116.1477405,180.0,2026-08-20T17:46:24Z,dipole-dipole,8,7,2.000,279.4,192.996,8.612,0.00690,0.00099,0.01171;0.01053;0.01054;0.00932;0.00743;0.00625;0.00480;0.00466;0.00361;0.00215,
line-d-r01008,line-d,line-d-e19,33.2006046,-116.1494468,180.0,line-d-e20,33.2007640,-116.1492572,180.0,line-d-e21,33.2009233,-116.1490677,180.0,line-d-e22,33.2010827,-116.1488781,180.0,2026-08-20T17:46:36Z,dipole-dipole,1,4,2.000,381.0,205.650,8.469,0.00521,0.00077,0.00877;0.00784;0.00664;0.00643;0.00518;0.00522;0.00383;0.00359;0.00237;0.00174,
line-d-r01009,line-d,line-d-e19,33.2006046,-116.1494468,180.0,line-d-e20,33.2007640,-116.1492572,180.0,line-d-e21,33.2009233,-116.1490677,180.0,line-d-e22,33.2010827,-116.1488781,180.0,2026-08-20T17:46:48Z,dipole-dipole,1,4,2.000,319.1,212.974,7.318,0.00648,0.00124,0.01048;0.00973;0.00815;0.00783;0.00798;0.00659;0.00491;0.00415;0.00307;0.00240,
line-d-r01010,line-d,line-d-e19,33.2006046,-116.1494468,180.0,line-d-e20,33.2007640,-116.1492572,180.0,line-d-e21,33.2009233,-116.1490677,180.0,line-d-e22,33.2010827,-116.1488781,180.0,2026-08-20T17:47:00Z,dipole-dipole,1,8,2.000,332.0,210.721,7.210,0.00395,0.00098,0.00579;0.00578;0.00544;0.00471;0.00397;0.00409;0.00315;0.00275;0.00197;0.00147,
line-d-r01011,line-d,line-d-e19,33.2006046,-116.1494468,180.0,line-d-e20,33.2007640,-116.1492572,180.0,line-d-e21,33.2009233,-116.1490677,180.0,line-d-e22,33.2010827,-116.1488781,180.0,2026-08-20T17:47:12Z,dipole-dipole,1,3,1.989,402.3,213.252,7.911,0.00440,0.00104,0.00771;0.00667;0.00603;0.00528;0.00459;0.00430;0.00374;0.00272;0.00205;0.00158,
line-d-r01012,line-d,line-d-e19,33.2006046,-116.1494468,180.0,line-d-e20,33.2007640,-116.1492572,180.0,line-d-e21,33.2009233,-116.1490677,180.0,line-d-e22,33.2010827,-116.1488781,180.0,2026-08-20T17:47:24Z,dipole-dipole,1,7,2.000,319.2,199.804,7.365,0.00590,0.00093,0.00961;0.00834;0.00843;0.00719;0.00639;0.00585;0.00447;0.00383;0.00293;0.00204,
line-d-r01013,line-d,line-d-e19,33.2006046,-116.1494468,180.0,line-d-e20,33.2007640,-116.1492572,180.0,line-d-e21,33.2009233,-116.1490677,180.0,line-d-e22,33.2010827,-116.1488781,180.0,2026-08-20T17:47:36Z,dipole-dipole,1,6,2.000,317.1,214.077,6.642,0.00505,0.00115,0.00744;0.00760;0.00666;0.00696;0.00563;0.00472;0.00371;0.00309;0.00262;0.00202,
line-d-r01014,line-d,line-d-e19,33.2006046,-116.1494468,180.0,line-d-e20,33.2007640,-116.1492572,180.0,line-d-e21,33.2009233,-116.1490677,180.0,line-d-e22,33.2010827,-116.1488781,180.0,2026-08-20T17:47:48Z,dipole-dipole,1,8,1.845,433.7,203.336,8.223,0.00402,0.00103,0.00653;0.00587;0.00511;0.00409;0.00416;0.00439;0.00368;0.00254;0.00201;0.00129,
line-d-r01015,line-d,line-d-e19,33.2006046,-116.1494468,180.0,line-d-e20,33.2007640,-116.1492572,180.0,line-d-e22,33.2010827,-116.1488781,180.0,line-d-e23,33.2012421,-116.1486885,180.0,2026-08-20T17:48:00Z,dipole-dipole,2,6,2.000,347.9,188.058,7.206,0.00550,0.00082,0.00885;0.00825;0.00709;0.00752;0.00578;0.00520;0.00441;0.00323;0.00263;0.00214,
line-d-r01016,line-d,line-d-e19,33.2006046,-116.1494468,180.0,line-d-e20,33.2007640,-116.1492572,180.0,line-d-e22,33.2010827,-116.1488781,180.0,line-d-e23,33.2012421,-116.1486885,180.0,2026-08-20T17:48:12Z,dipole-dipole,2,7,2.000,336.0,203.229,8.413,0.00402,0.00157,0.00603;0.00617;0.00552;0.00500;0.00434;0.00382;0.00297;0.00254;0.00180;0.00145,
line-d-r01017,line-d,line-d-e19,33.2006046,-116.1494468,180.0,line-d-e20,33.2007640,-116.1492572,180.0,line-d-e22,33.2010827,-116.1488781,180.0,line-d-e23,33.2012421,-116.1486885,180.0,2026-08-20T17:48:24Z,dipole-dipole,2,3,2.000,213.1,198.178,9.456,0.00484,0.00101,0.00754;0.00697;0.00675;0.00599;0.00527;0.00449;0.00367;0.00309;0.00234;0.00181,
line-d-r01018,line-d,line-d-e19,33.2006046,-116.1494468,180.0,line-d-e20,33.2007640,-116.1492572,180.0,line-d-e22,33.2010827,-116.1488781,180.0,line-d-e23,33.2012421,-116.1486885,180.0,2026-08-20T17:48:36Z,dipole-dipole,2,7,2.000,358.5,185.953,8.416,0.00504,0.00114,0.00801;0.00786;0.00753;0.00652;0.00528;0.00461;0.00410;0.00300;0.00253;0.00175,
line-d-r01019,line-d,line-d-e19,33.2006046,-116.1494468,180.0,line-d-e20,33.2007640,-116.1492572,180.0,line-d-e22,33.2010827,-116.1488781,180.0,line-d-e23,33.2012421,-116.1486885,180.0,2026-08-20T17:48:48Z,dipole-dipole,2,8,2.000,284.8,197.635,7.611,0.00335,0.00094,0.00505;0.00532;0.00436;0.00404;0.00370;0.00346;0.00267;0.00198;0.00158;0.00123,
line-d-r01020,line-d,line-d-e19,33.2006046,-116.1494468,180.0,line-d-e20,33.2007640,-116.1492572,180.0,line-d-e22,33.2010827,-116.1488781,180.0,line-d-e23,33.2012421,-116.1486885,180.0,2026-08-20T17:49:00Z,dipole-dipole,2,4,2.000,361.8,199.791,6.922,0.00423,0.00092,0.00648;0.00608;0.00578;0.00527;0.00478;0.00382;0.00342;0.00276;0.00205;0.00149,
line-d-r01021,line-d,line-d-e19,33.2006046,-116.1494468,180.0,line-d-e20,33.2007640,-116.1492572,180.0,line-d-e22,33.2010827,-116.1488781,180.0,line-d-e23,33.2012421,-116.1486885,180.0,2026-08-20T17:49:12Z,dipole-dipole,2,4,2.000,317.9,207.675,9.113,0.00501,0.00107,0.00771;0.00730;0.00726;0.00584;0.00505;0.00481;0.00365;0.00297;0.00254;0.00174,
line-d-r01022,line-d,line-d-e19,33.2006046,-116.1494468,180.0,line-d-e20,33.2007640,-116.1492572,180.0,line-d-e22,33.2010827,-116.1488781,180.0,line-d-e23,33.2012421,-116.1486885,180.0,2026-08-20T17:49:24Z,dipole-dipole,2,7,2.000,304.4,206.572,6.882,0.00476,0.00126,0.00735;0.00746;0.00698;0.00556;0.00528;0.00453;0.00343;0.00278;0.00215;0.00159,
line-d-r01023,line-d,line-d-e19,33.2006046,-116.1494468,180.0,line-d-e20,33.2007640,-116.1492572,180.0,line-d-e23,33.2012421,-116.1486885,180.0,line-d-e24,33.2014015,-116.1484989,180.0,2026-08-20T17:49:36Z,dipole-dipole,3,4,2.000,287.6,207.568,6.934,0.00627,0.00135,0.00964;0.00908;0.00872;0.00823;0.00729;0.00618;0.00463;0.00435;0.00322;0.00236,
line-d-r01024,line-d,line-d-e19,33.2006046,-116.1494468,180.0,line-d-e20,33.2007640,-116.1492572,180.0,line-d-e23,33.2012421,-116.1486885,180.0,line-d-e24,33.2014015,-116.1484989,180.0,2026-08-20T17:49:48Z,dipole-dipole,3,3,2.000,376.3,202.318,8.968,0.00536,0.00120,0.00835;0.00792;0.00697;0.00637;0.00599;0.00469;0.00438;0.00307;0.00273;0.00217,
line-d-r01025,line-d,line-d-e19,33.2006046,-116.1494468,180.0,line-d-e20,33.2007640,-116.1492572,180.0,line-d-e23,33.2012421,-116.1486885,180.0,line-d-e24,33.2014015,-116.1484989,180.0,2026-08-20T17:50:00Z,dipole-dipole,3,5,2.000,323.4,205.614,7.586,0.00601,0.00131,0.00933;0.00881;0.00883;0.00768;0.00682;0.00582;0.00496;0.00382;0.00272;0.00198,
line-d-r01026,line-d,line-d-e19,33.2006046,-116.1494468,180.0,line-d-e20,33.2007640,-116.1492572,180.0,line-d-e23,33.2012421,-116.1486885,180.0,line-d-e24,33.2014015,-116.1484989,180.0,2026-08-20T17:50:12Z,dipole-dipole,3,3,2.000,312.0,194.831,8.283,0.00546,0.00114,0.00841;0.00801;0.00751;0.00673;0.00554;0.00498;0.00425;0.00378;0.00245;0.00185,
line-d-r01027,line-d,line-d-e19,33.2006046,-116.1494468,180.0,line-d-e20,33.2007640,-116.1492572,180.0,line-d-e23,33.2012421,-116.1486885,180.0,line-d-e24,33.2014015,-116.1484989,180.0,2026-08-20T17:50:24Z,dipole-dipole,3,8,2.000,393.7,200.419,7.214,0.00409,0.00168,0.00637;0.00543;0.00526;0.00481;0.00469;0.00406;0.00344;0.00269;0.00209;0.00151,
line-d-r01028,line-d,line-d-e19,33.2006046,-116.1494468,180.0,line-d-e20,33.2007640,-116.1492572,180.0,line-d-e23,33.2012421,-116.1486885,180.0,line-d-e24,33.2014015,-116.1484989,180.0,2026-08-20T17:50:36Z,dipole-dipole,3,4,2.000,346.4,186.483,8.273,0.00391,0.00117,0.00595;0.00580;0.00493;0.00466;0.00439;0.00339;0.00323;0.00258;0.00200;0.00139,
line-d-r01029,line-d,line-d-e19,33.2006046,-116.1494468,180.0,line-d-e20,33.2007640,-116.1492572,180.0,line-d-e24,33.2014015,-116.1484989,180.0,line-d-e25,33.2015609,-116.1483093,180.0,2026-08-20T17:50:48Z,dipole-dipole,4,7,2.000,314.4,213.205,7.587,0.00500,0.00115,0.00826;0.00788;0.00697;0.00624;0.00526;0.00465;0.00426;0.00340;0.00261;0.00172,
line-d-r01030,line-d,line-d-e19,33.2006046,-116.1494468,180.0,line-d-e20,33.2007640,-116.1492572,180.0,line-d-e24,33.2014015,-116.1484989,180.0,line-d-e25,33.2015609,-116.1483093,180.0,2026-08-20T17:51:00Z,dipole-dipole,4,6,1.931,414.3,193.518,6.595,0.00725,0.00106,0.01042;0.01132;0.01042;0.00927;0.00787;0.00725;0.00615;0.00456;0.00361;0.00254,
line-d-r01031,line-d,line-d-e19,33.2006046,-116.1494468,180.0,line-d-e20,33.2007640,-116.1492572,180.0,line-d-e24,33.2014015,-116.1484989,180.0,line-d-e25,33.2015609,-116.1483093,180.0,2026-08-20T17:51:12Z,dipole-dipole,4,8,2.000,389.2,203.147,8.120,0.00355,0.00097,0.00560;0.00561;0.00525;0.00447;0.00378;0.00359;0.00251;0.00232;0.00184;0.00114,
line-d-r01105,line-d,line-d-e19,33.2006046,-116.1494468,180.0,line-d-e20,33.2007640,-116.1492572,180.0,line-d-e24,33.2014015,-116.1484989,180.0,line-d-e25,33.2015609,-116.1483093,180.0,2026-08-20T17:51:24Z,dipole-dipole,4,7,2.000,305.4,206.619,8.074,0.00391,0.00104,0.00566;0.00551;0.00517;0.00486;0.00386;0.00387;0.00320;0.00290;0.00189;0.00143,
line-d-r01033,line-d,line-d-e19,33.2006046,-116.1494468,180.0,line-d-e20,33.2007640,-116.1492572,180.0,line-d-e24,33.2014015,-116.1484989,180.0,line-d-e25,33.2015609,-116.1483093,180.0,2026-08-20T17:51:36Z,dipole-dipole,4,4,1.899,421.3,208.327,6.923,0.00511,0.00095,0.00781;0.00712;0.00741;0.00645;0.00533;0.00532;0.00410;0.00321;0.00263;0.00177,
line-d-r01034,line-d,line-d-e19,33.2006046,-116.1494468,180.0,line-d-e20,33.2007640,-116.1492572,180.0,line-d-e24,33.2014015,-116.1484989,180.0,line-d-e25,33.2015609,-116.1483093,180.0,2026-08-20T17:51:48Z,dipole-dipole,4,3,2.000,310.3,202.051,8.032,0.00449,0.00109,0.00652;0.00624;0.00607;0.00527;0.00468;0.00406;0.00369;0.00309;0.00215;0.00145,
line-d-r01035,line-d,line-d-e19,33.2006046,-116.1494468,180.0,line-d-e20,33.2007640,-116.1492572,180.0,line-d-e24,33.2014015,-116.1484989,180.0,line-d-e25,33.2015609,-116.1483093,180.0,2026-08-20T17:52:00Z,dipole-dipole,4,6,2.000,311.1,195.896,7.094,0.00217,0.00114,0.00330;0.00302;0.00306;0.00275;0.00246;0.00206;0.00154;0.00135;0.00108;0.00080,
line-d-r01036,line-d,line-d-e19,33.2006046,-116.1494468,180.0,line-d-e20,33.2007640,-116.1492572,180.0,line-d-e25,33.2015609,-116.1483093,180.0,line-d-e26,33.2017203,-116.1481197,180.0,2026-08-20T17:52:12Z,dipole-dipole,5,7,2.000,273.0,187.930,9.275,0.00333,0.00095,0.00498;0.00495;0.00419;0.00395;0.00376;0.00316;0.00242;0.00217;0.00169;0.00116,
line-d-r01037,line-d,line-d-e19,33.2006046,-116.1494468,180.0,line-d-e20,33.2007640,-116.1492572,180.0,line-d-e25,,,,line-d-e26,33.2017203,-116.1481197,180.0,2026-08-20T17:52:24Z,dipole-dipole,5,4,2.000,333.3,203.420,7.228,0.00701,0.00129,0.01095;0.01099;0.00953;0.00931;0.00811;0.00637;0.00548;0.00460;0.00354;0.00231,
line-d-r01038,line-d,line-d-e19,33.2006046,-116.1494468,180.0,line-d-e20,33.2007640,-116.1492572,180.0,line-d-e25,33.2015609,-116.1483093,180.0,line-d-e26,33.2017203,-116.1481197,180.0,2026-08-20T17:52:36Z,dipole-dipole,5,6,1.905,420.0,200.296,9.487,0.00524,0.00099,0.00760;0.00806;0.00765;0.00717;0.00649;0.00507;0.00393;0.00319;0.00285;0.00170,
line-d-r01039,line-d,line-d-e19,33.2006046,-116.1494468,180.0,line-d-e20,33.2007640,-116.1492572,180.0,line-d-e25,33.2015609,-116.1483093,180.0,line-d-e26,33.2017203,-116.1481197,180.0,2026-08-20T17:52:48Z,dipole-dipole,5,8,2.000,336.7,202.769,8.553,0.00433,0.00100,0.00659;0.00680;0.00503;0.00578;0.00485;0.00408;0.00349;0.00254;0.00200;0.00158,
line-d-r01040,line-d,line-d-e19,33.2006046,-116.1494468,180.0,line-d-e20,33.2007640,-116.1492572,180.0,line-d-e25,33.2015609,-116.1483093,180.0,line-d-e26,33.2017203,-116.1481197,180.0,2026-08-20T17:53:00Z,dipole-dipole,5,5,1.714,466.7,205.794,7.390,0.00585,0.00081,0.00928;0.00878;0.00803;0.00717;0.00664;0.00546;0.00453;0.00358;0.00290;0.00185,
line-d-r01041,line-d,line-d-e19,33.2006046,-116.1494468,180.0,line-d-e20,33.2007640,-116.1492572,180.0,line-d-e25,33.2015609,-116.1483093,180.0,line-d-e26,33.2017203,-116.1481197,180.0,2026-08-20T17:53:12Z,dipole-dipole,5,6,2.000,283.7,192.335,6.606,0.00393,0.00110,0.00583;0.00605;0.00577;0.00478;0.00502;0.00385;0.00338;0.00278;0.00207;0.00143,
line-d-r01042,line-d,line-d-e19,33.2006046,-116.1494468,180.0,line-d-e20,33.2007640,-116.1492572,180.0,line-d-e25,33.2015609,-116.1483093,180.0,line-d-e26,33.2017203,-116.1481197,180.0,2026-08-20T17:53:24Z,dipole-dipole,5,3,2.000,379.0,-192.693,7.588,0.00669,0.00087,0.01053;0.01028;0.00921;0.00775;0.00777;0.00648;0.00525;0.00438;0.00343;0.00251,
line-d-r01043,line-d,line-d-e19,33.2006046,-116.1494468,180.0,line-d-e20,33.2007640,-116.1492572,180.0,line-d-e25,33.2015609,-116.1483093,180.0,line-d-e26,33.2017203,-116.1481197,180.0,2026-08-20T17:53:36Z,dipole-dipole,5,7,2.000,340.2,193.560,7.744,0.00364,0.00109,0.00568;0.00509;0.00509;0.00473;0.00412;0.00339;0.00304;0.00251;0.00171;0.00130,
line-d-r01044,line-d,line-d-e19,33.2006046,-116.1494468,180.0,line-d-e20,33.2007640,-116.1492572,180.0,line-d-e26,33.2017203,-116.1481197,180.0,line-d-e27,33.2018797,-116.1479301,180.0,2026-08-20T17:53:48Z,dipole-dipole,6,8,2.000,364.6,190.740,6.909,0.00519,0.00099,0.00755;0.00813;0.00744;0.00610;0.00549;0.00506;0.00406;0.00361;0.00243;0.00192,
line-d-r01045,line-d,line-d-e19,33.2006046,-116.1494468,180.0,line-d-e20,33.2007640,-116.1492572,180.0,line-d-e26,33.2017203,-116.1481197,180.0,line-d-e27,33.2018797,-116.1479301,180.0,2026-08-20T17:54:00Z,dipole-dipole,6,6,2.000,308.2,200.094,9.418,0.00431,0.00142,0.00664;0.00596;0.00517;0.00601;0.00435;0.00410;0.00330;0.00277;0.00204;0.00151,
line-d-r01046,line-d,line-d-e19,33.2006046,-116.1494468,180.0,line-d-e20,33.2007640,-116.1492572,180.0,line-d-e26,33.2017203,-116.1481197,180.0,line-d-e27,33.2018797,-116.1479301,180.0,2026-08-20T17:54:12Z,dipole-dipole,6,7,2.000,377.9,195.269,5.687,0.00495,0.00117,0.00772;0.00784;0.00726;0.00631;0.00498;0.00468;0.00386;0.00317;0.00233;0.00167,
line-d-r01047,line-d,line-d-e19,33.2006046,-116.1494468,180.0,line-d-e20,33.2007640,-116.1492572,180.0,line-d-e26,33.2017203,-116.1481197,180.0,line-d-e27,33.2018797,-116.1479301,180.0,2026-08-20T17:54:24Z,dipole-dipole,6,5,2.000,320.0,193.526,6.394,0.00613,0.00102,0.01000;0.00973;0.00850;0.00705;0.00687;0.00550;0.00424;0.00401;0.00298;0.00183,
line-d-r01048,line-d,line-d-e19,33.2006046,-116.1494468,180.0,line-d-e20,33.2007640,-116.1492572,180.0,line-d-e26,33.2017203,-116.1481197,180.0,line-d-e27,33.2018797,-116.1479301,180.0,2026-08-20T17:54:36Z,dipole-dipole,6,8,2.000,302.8,209.493,6.779,0.00639,0.00077,0.01039;0.00959;0.00812;0.00787;0.00623;0.00590;0.00533;0.00430;0.00312;0.00220,
line-d-r01049,line-d,line-d-e19,33.2006046,-116.1494468,180.0,line-d-e20,33.2007640,-116.1492572,180.0,line-d-e26,33.2017203,-116.1481197,180.0,line-d-e27,33.2018797,-116.1479301,180.0,2026-08-20T17:54:48Z,dipole-dipole,6,4,2.000,278.0,206.935,8.118,0.00369,0.00122,0.00626;0.00547;0.00497;0.00513;0.00354;0.00360;0.00300;0.00223;0.00203;0.00131,
line-d-r01050,line-d,line-d-e19,33.2006046,-116.1494468,180.0,line-d-e20,33.2007640,-116.1492572,180.0,line-d-e26,33.2017203,-116.1481197,180.0,line-d-e27,33.2018797,-116.1479301,180.0,2026-08-20T17:55:00Z,dipole-dipole,6,7,1.959,408.4,199.429,6.245,0.00605,0.00089,0.00990;0.00874;0.00797;0.00746;0.00610;0.00530;0.00490;0.00386;0.00304;0.00201,
line-d-r01051,line-d,line-d-e19,33.2006046,-116.1494468,180.0,line-d-e20,33.2007640,-116.1492572,180.0,line-d-e27,33.2018797,-116.1479301,180.0,line-d-e28,33.2020391,-116.1477405,180.0,2026-08-20T17:55:12Z,dipole-dipole,7,7,2.000,339.2,213.345,6.513,0.00394,0.00104,0.00644;0.00611;0.00490;0.00495;0.00419;0.00351;0.00272;0.00241;0.00198;0.00136,
line-d-r01052,line-d,line-d-e19,33.2006046,-116.1494468,180.0,line-d-e20,33.2007640,-116.1492572,180.0,line-d-e27,33.2018797,-116.1479301,180.0,line-d-e28,33.2020391,-116.1477405,180.0,2026-08-20T17:55:24Z,dipole-dipole,7,3,2.000,316.9,194.599,9.123,0.00391,0.00108,0.00699;0.00536;0.00528;0.00446;0.00493;0.00338;0.00333;0.00245;0.00183;0.00140,
line-d-r01053,line-d,line-d-e19,33.2006046,-116.1494468,180.0,line-d-e20,33.2007640,-116.1492572,180.0,line-d-e27,33.2018797,-116.1479301,180.0,line-d-e28,33.2020391,-116.1477405,180.0,2026-08-20T17:55:36Z,dipole-dipole,7,7,1.964,407.3,187.373,6.647,0.00606,0.00119,0.00940;0.00944;0.00858;0.00759;0.00622;0.00552;0.00493;0.00410;0.00307;0.00193,
line-d-r01054,line-d,line-d-e19,33.2006046,-116.1494468,180.0,line-d-e20,33.2007640,-116.1492572,180.0,line-d-e27,33.2018797,-116.1479301,180.0,line-d-e28,33.2020391,-116.1477405,180.0,2026-08-20T17:55:48Z,dipole-dipole,7,7,2.000,326.3,202.420,8.415,0.00668,0.00100,0.01072;0.01022;0.00971;0.00700;0.00708;0.00696;0.00539;0.00424;0.00322;0.00260,
line-d-r01055,line-d,line-d-e19,33.2006046,-116.1494468,180.0,line-d-e20,33.2007640,-116.1492572,180.0,line-d-e27,33.2018797,-116.1479301,180.0,line-d-e28,33.2020391,-116.1477405,180.0,2026-08-20T17:56:00Z,dipole-dipole,7,4,2.000,294.6,209.103,8.304,0.00392,0.00119,0.00598;0.00601;0.00558;0.00479;0.00434;0.00356;0.00330;0.00245;0.00181;0.00142,
line-d-r01056,line-d,line-d-e19,33.2006046,-116.1494468,180.0,line-d-e20,33.2007640,-116.1492572,180.0,line-d-e27,33.2018797,-116.1479301,180.0,line-d-e28,33.2020391,-116.1477405,180.0,2026-08-20T17:56:12Z,dipole-dipole,7,4,2.000,265.7,212.689,8.370,0.00697,0.00156,0.01169;0.00961;0.00932;0.00879;0.00730;0.00663;0.00551;0.00448;0.00328;0.00251,
line-d-r01057,line-d,line-d-e19,33.2006046,-116.1494468,180.0,line-d-e20,33.2007640,-116.1492572,180.0,line-d-e27,33.2018797,-116.1479301,180.0,line-d-e28,33.2020391,-116.1477405,180.0,2026-08-20T17:56:24Z,dipole-dipole,7,5,2.000,337.4,204.739,7.384,0.00697,0.00109,0.01191;0.00958;0.00995;0.00877;0.00831;0.00642;0.00544;0.00404;0.00298;0.00253,
line-d-r01058,line-d,line-d-e19,33.2006046,-116.1494468,180.0,line-d-e20,33.2007640,-116.1492572,180.0,line-d-e27,33.2018797,-116.1479301,180.0,line-d-e28,33.2020391,-116.1477405,180.0,2026-08-20T17:56:36Z,dipole-dipole,7,5,2.000,357.7,197.308,7.945,0.00661,0.00113,0.01127;0.00993;0.00867;0.00851;0.00727;0.00549;0.00549;0.00374;0.00328;0.00226,
line-d-r01059,line-d,line-d-e19,33.2006046,-116.1494468,180.0,line-d-e20,33.2007640,-116.1492572,180.0,line-d-e28,33.2020391,-116.1477405,180.0,line-d-e29,33.2021984,-116.1475509,180.0,2026-08-20T17:56:48Z,dipole-dipole,8,7,2.000,317.7,198.646,7.503,0.00702,0.00073,0.01057;0.00982;0.01038;0.00795;0.00775;0.00654;0.00533;0.00430;0.00336;0.00243,
line-d-r01060,line-d,line-d-e19,33.2006046,-116.1494468,180.0,line-d-e20,33.2007640,-116.1492572,180.0,line-d-e28,33.2020391,-116.1477405,180.0,line-d-e29,33.2021984,-116.1475509,180.0,2026-08-20T17:57:00Z,dipole-dipole,8,8,2.000,297.4,200.035,6.295,0.00587,0.00090,0.01074;0.00969;0.00786;0.00782;0.00676;0.00555;0.00494;0.00376;0.00289;0.00204,
line-d-r01061,line-d,line-d-e19,33.2006046,-116.1494468,180.0,line-d-e20,33.2007640,-116.1492572,180.0,line-d-e28,33.2020391,-116.1477405,180.0,line-d-e29,33.2021984,-116.1475509,180.0,2026-08-20T17:57:12Z,dipole-dipole,8,6,2.000,296.9,214.395,5.862,0.00433,0.00093,0.00702;0.00702;0.00644;0.00495;0.00514;0.00377;0.00359;0.00280;0.00208;0.00155,
line-d-r01062,line-d,line-d-e19,33.2006046,-116.1494468,180.0,line-d-e20,33.2007640,-116.1492572,180.0,line-d-e28,33.2020391,-116.1477405,180.0,line-d-e29,33.2021984,-116.1475509,180.0,2026-08-20T17:57:24Z,dipole-dipole,8,6,1.868,428.2,199.905,8.796,0.00709,0.00102,0.01088;0.01119;0.00890;0.00846;0.00775;0.00683;0.00492;0.00488;0.00373;0.00231,
line-d-r01063,line-d,line-d-e19,33.2006046,-116.1494468,180.0,line-d-e20,33.2007640,-116.1492572,180.0,line-d-e28,33.2020391,-116.1477405,180.0,line-d-e29,33.2021984,-116.1475509,180.0,2026-08-20T17:57:36Z,dipole-dipole,8,5,2.000,347.4,193.730,7.489,0.00593,0.00109,0.00889;0.00908;0.00863;0.00714;0.00668;0.00559;0.00459;0.00371;0.00322;0.00212,
line-d-r01064,line-d,line-d-e19,33.2006046,-116.1494468,180.0,line-d-e20,33.2007640,-116.1492572,180.0,line-d-e28,33.2020391,-116.1477405,180.0,line-d-e29,33.2021984,-116.1475509,180.0,2026-08-20T17:57:48Z,dipole-dipole,8,7,1.929,414.7,204.601,6.435,0.00400,0.00101,0.00648;0.00543;0.00547;0.00478;0.00465;0.00385;0.00288;0.00285;0.00193;0.00138,
line-d-r01065,line-d,line-d-e20,33.2007640,-116.1492572,180.0,line-d-e21,33.2009233,-116.1490677,180.0,line-d-e22,33.2010827,-116.1488781,180.0,line-d-e23,33.2012421,-116.1486885,180.0,2026-08-20T17:58:00Z,dipole-dipole,1,7,1.972,405.8,209.452,7.434,0.00493,0.00108,0.00801;0.00803;0.00725;0.00606;0.00598;0.00478;0.00397;0.00288;0.00237;0.00180,
line-d-r01066,line-d,line-d-e20,33.2007640,-116.1492572,180.0,line-d-e21,33.2009233,-116.1490677,180.0,line-d-e22,33.2010827,-116.1488781,180.0,line-d-e23,33.2012421,-116.1486885,180.0,2026-08-20T17:58:12Z,dipole-dipole,1,6,2.000,351.1,204.163,7.943,0.00589,0.00100,0.00892;0.00880;0.00791;0.00733;0.00658;0.00511;0.00500;0.00355;0.00281;0.00184,
line-d-r01067,line-d,line-d-e20,33.2007640,-116.1492572,180.0,line-d-e21,33.2009233,-116.1490677,180.0,line-d-e22,33.2010827,-116.1488781,180.0,line-d-e23,33.2012421,-116.1486885,180.0,2026-08-20T17:58:24Z,dipole-dipole,1,4,2.000,344.1,201.244,5.810,0.00286,0.00096,0.00466;0.00460;0.00380;0.00330;0.00312;0.00286;0.00212;0.00168;0.00139;0.00105,
line-d-r01068,line-d,line-d-e20,33.2007640,-116.1492572,180.0,line-d-e21,33.2009233,-116.1490677,180.0,line-d-e22,33.2010827,-116.1488781,180.0,line-d-e23,33.2012421,-116.1486885,180.0,2026-08-20T17:58:36Z,dipole-dipole,1,6,2.000,311.7,207.298,9.728,0.00600,0.00097,0.00956;0.00860;0.00795;0.00732;0.00695;0.00534;0.00487;0.00365;0.00279;0.00218,
line-d-r01069,line-d,line-d-e20,33.2007640,-116.1492572,180.0,line-d-e21,33.2009233,-116.1490677,180.0,line-d-e22,33.2010827,-116.1488781,180.0,line-d-e23,33.2012421,-116.1486885,180.0,2026-08-20T17:58:48Z,dipole-dipole,1,8,2.000,337.5,207.773,7.309,0.00566,0.00116,0.00879;0.00821;0.00906;0.00751;0.00582;0.00582;0.00439;0.00397;0.00283;0.00224,
line-d-r01070,line-d,line-d-e20,33.2007640,-116.1492572,180.0,line-d-e21,33.2009233,-116.1490677,180.0,line-d-e22,33.2010827,-116.1488781,180.0,line-d-e23,33.2012421,-116.1486885,180.0,2026-08-20T17:59:00Z,dipole-dipole,1,6,2.000,367.0,205.977,7.102,0.00545,0.00087,0.00867;0.00738;0.00783;0.00666;0.00540;0.00508;0.00451;0.00359;0.00284;0.00193,
line-d-r01071,line-d,line-d-e20,33.2007640,-116.1492572,180.0,line-d-e21,33.2009233,-116.1490677,180.0,line-d-e23,33.2012421,-116.1486885,180.0,line-d-e24,33.2014015,-116.1484989,180.0,2026-08-20T17:59:12Z,dipole-dipole,2,7,2.000,354.6,203.680,5.373,0.00420,0.00101,0.00665;0.00616;0.00532;0.00484;0.00480;0.00432;0.00332;0.00253;0.00227;0.00161,
line-d-r01072,line-d,line-d-e20,33.2007640,-116.1492572,180.0,line-d-e21,33.2009233,-116.1490677,180.0,line-d-e23,33.2012421,-116.1486885,180.0,line-d-e24,33.2014015,-116.1484989,180.0,2026-08-20T17:59:24Z,dipole-dipole,2,6,2.000,348.2,196.193,8.087,0.00510,0.00100,0.00799;0.00754;0.00740;0.00631;0.00545;0.00483;0.00355;0.00307;0.00250;0.00171,
line-d-r01073,line-d,line-d-e20,33.2007640,-116.1492572,180.0,line-d-e21,33.2009233,-116.1490677,180.0,line-d-e23,33.2012421,-116.1486885,180.0,line-d-e24,33.2014015,-116.1484989,180.0,2026-08-20T17:59:36Z,dipole-dipole,2,3,2.000,246.5,195.705,7.012,0.00625,0.00160,0.01056;0.00910;0.00846;0.00737;0.00713;0.00646;0.00556;0.00378;0.00284;0.00219,
line-d-r01074,line-d,line-d-e20,33.2007640,-116.1492572,180.0,line-d-e21,33.2009233,-116.1490677,180.0,line-d-e23,33.2012421,-116.1486885,180.0,line-d-e24,33.2014015,-116.1484989,180.0,2026-08-20T17:59:48Z,dipole-dipole,2,3,2.000,328.6,199.627,7.732,0.00553,0.00113,0.00912;0.00805;0.00731;0.00670;0.00546;0.00489;0.00415;0.00394;0.00281;0.00192,
line-d-r01075,line-d,line-d-e20,33.2007640,-116.1492572,180.0,line-d-e21,33.2009233,-116.1490677,180.0,line-d-e23,33.2012421,-116.1486885,180.0,line-d-e24,33.2014015,-116.1484989,180.0,2026-08-20T18:00:00Z,dipole-dipole,2,8,2.000,329.4,-201.196,7.452,0.00527,0.00095,0.00740;0.00784;0.00697;0.00721;0.00608;0.00491;0.00422;0.00328;0.00260;0.00183,
line-d-r01076,line-d,line-d-e20,33.2007640,-116.1492572,180.0,line-d-e21,33.2009233,-116.1490677,180.0,line-d-e23,33.2012421,-116.1486885,180.0,line-d-e24,33.2014015,-116.1484989,180.0,2026-08-20T18:00:12Z,dipole-dipole,2,3,2.000,277.3,204.057,9.068,0.00413,0.00092,0.00699;0.00572;0.00557;0.00543;0.00438;0.00374;0.00303;0.00252;0.00187;0.00147,
line-d-r01077,line-d,line-d-e20,33.2007640,-116.1492572,180.0,line-d-e21,33.2009233,-116.1490677,180.0,line-d-e24,33.2014015,-116.1484989,180.0,line-d-e25,33.2015609,-116.1483093,180.0,2026-08-20T18:00:24Z,dipole-dipole,3,8,2.000,287.1,205.360,294.941,0.00420,0.00089,0.00641;0.00626;0.00544;0.00491;0.00501;0.00408;0.00310;0.00259;0.00196;0.00139,
line-d-r01078,line-d,line-d-e20,33.2007640,-116.1492572,180.0,line-d-e21,33.2009233,-116.1490677,180.0,line-d-e24,33.2014015,-116.1484989,180.0,line-d-e25,33.2015609,-116.1483093,180.0,2026-08-20T18:00:36Z,dipole-dipole,3,3,2.000,313.4,203.102,6.640,0.00530,0.00117,0.00847;0.00785;0.00700;0.00664;0.00651;0.00528;0.00396;0.00306;0.00233;0.00192,
line-d-r01079,line-d,line-d-e20,33.2007640,-116.1492572,180.0,line-d-e21,33.2009233,-116.1490677,180.0,line-d-e24,33.2014015,-116.1484989,180.0,line-d-e25,33.2015609,-116.1483093,180.0,2026-08-20T18:00:48Z,dipole-dipole,3,6,2.000,271.3,204.299,7.882,0.00545,0.00088,0.00845;0.00840;0.00754;0.00656;0.00554;0.00553;0.00441;0.00370;0.00275;0.00225,
line-d-r01080,line-d,line-d-e20,33.2007640,-116.1492572,180.0,line-d-e21,33.2009233,-116.1490677,180.0,line-d-e24,33.2014015,-116.1484989,180.0,line-d-e25,33.2015609,-116.1483093,180.0,2026-08-20T18:01:00Z,dipole-dipole,3,3,2.000,321.5,193.454,6.567,0.00517,0.00127,0.00780;0.00831;0.00689;0.00664;0.00596;0.00505;0.00396;0.00321;0.00254;0.00186,
line-d-r01081,line-d,line-d-e20,33.2007640,-116.1492572,180.0,line-d-e21,33.2009233,-116.1490677,180.0,line-d-e24,33.2014015,-116.1484989,180.0,line-d-e25,33.2015609,-116.1483093,180.0,2026-08-20T18:01:12Z,dipole-dipole,3,5,2.000,231.1,207.792,7.541,0.00542,0.00118,0.00847;0.00752;0.00722;0.00682;0.00633;0.00516;0.00454;0.00292;0.00274;0.00190,
line-d-r01082,line-d,line-d-e20,33.2007640,-116.1492572,180.0,line-d-e21,33.2009233,-116.1490677,180.0,line-d-e24,33.2014015,-116.1484989,180.0,line-d-e25,33.2015609,-116.1483093,180.0,2026-08-20T18:01:24Z,dipole-dipole,3,8,2.000,342.4,211.565,8.513,0.00555,0.00091,0.00879;0.00826;0.00795;0.00625;0.00612;0.00524;0.00443;0.00342;0.00263;0.00212,
line-d-r01083,line-d,line-d-e20,33.2007640,-116.1492572,180.0,line-d-e21,33.2009233,-116.1490677,180.0,line-d-e24,33.2014015,-116.1484989,180.0,line-d-e25,33.2015609,-116.1483093,180.0,2026-08-20T18:01:36Z,dipole-dipole,3,7,1.976,404.9,193.867,7.266,0.00447,0.00094,0.00716;0.00607;0.00628;0.00562;0.00477;0.00408;0.00394;0.00263;0.00220;0.00155,
line-d-r01084,line-d,line-d-e20,33.2007640,-116.1492572,180.0,line-d-e21,33.2009233,-116.1490677,180.0,line-d-e24,33.2014015,-116.1484989,180.0,line-d-e25,33.2015609,-116.1483093,180.0,2026-08-20T18:01:48Z,dipole-dipole,3,7,2.000,359.7,203.337,8.312,0.00424,0.00139,0.00703;0.00590;0.00604;0.00497;0.00477;0.00406;0.00318;0.00246;0.00194;0.00141,
line-d-r01085,line-d,line-d-e20,33.2007640,-116.1492572,180.0,line-d-e21,33.2009233,-116.1490677,180.0,line-d-e25,33.2015609,-116.1483093,180.0,line-d-e26,33.2017203,-116.1481197,180.0,2026-08-20T18:02:00Z,dipole-dipole,4,5,2.000,336.7,194.130,8.776,0.00610,0.00123,0.00966;0.00993;0.00786;0.00842;0.00667;0.00637;0.00436;0.00407;0.00293;0.00217,
line-d-r01086,line-d,line-d-e20,33.2007640,-116.1492572,180.0,line-d-e21,33.2009233,-116.1490677,180.0,line-d-e25,33.2015609,-116.1483093,180.0,line-d-e26,33.2017203,-116.1481197,180.0,2026-08-20T18:02:12Z,dipole-dipole,4,8,2.000,306.0,198.721,7.171,0.00479,0.00109,0.00773;0.00754;0.00670;0.00563;0.00489;0.00459;0.00387;0.00296;0.00251;0.00170,
line-d-r01087,line-d,line-d-e20,33.2007640,-116.1492572,180.0,line-d-e21,33.2009233,-116.1490677,180.0,line-d-e25,33.2015609,-116.1483093,180.0,line-d-e26,33.2017203,-116.1481197,180.0,2026-08-20T18:02:24Z,dipole-dipole,4,6,2.000,298.9,189.965,6.348,0.00534,0.00101,0.00837;0.00815;0.00773;0.00675;0.00625;0.00502;0.00447;0.00360;0.00254;0.00170,
line-d-r01088,line-d,line-d-e20,33.2007640,-116.1492572,180.0,line-d-e21,33.2009233,-116.1490677,180.0,line-d-e25,33.2015609,-116.1483093,180.0,line-d-e26,33.2017203,-116.1481197,180.0,2026-08-20T18:02:36Z,dipole-dipole,4,6,2.000,361.7,195.693,7.245,0.00392,0.00108,0.00680;0.00588;0.00503;0.00485;0.00444;0.00391;0.00339;0.00233;0.00189;0.00143,
line-d-r01089,line-d,line-d-e20,33.2007640,-116.1492572,180.0,line-d-e21,33.2009233,-116.1490677,180.0,line-d-e25,33.2015609,-116.1483093,180.0,line-d-e26,33.2017203,-116.1481197,180.0,2026-08-20T18:02:48Z,dipole-dipole,4,7,2.000,303.6,196.937,8.506,0.00440,0.00090,0.00670;0.00613;0.00624;0.00517;0.00506;0.00405;0.00331;0.00300;0.00204;0.00162,
line-d-r01090,line-d,line-d-e20,33.2007640,-116.1492572,180.0,line-d-e21,33.2009233,-116.1490677,180.0,line-d-e25,33.2015609,-116.1483093,180.0,line-d-e26,33.2017203,-116.1481197,180.0,2026-08-20T18:03:00Z,dipole-dipole,4,6,2.000,277.8,210.587,6.439,0.00429,0.00124,0.00649;0.00697;0.00584;0.00531;0.00426;0.00392;0.00341;0.00305;0.00220;0.00162,
line-d-r01091,line-d,line-d-e20,33.2007640,-116.1492572,180.0,line-d-e21,33.2009233,-116.1490677,180.0,line-d-e25,33.2015609,-116.1483093,180.0,line-d-e26,33.2017203,-116.1481197,180.0,2026-08-20T18:03:12Z,dipole-dipole,4,5,2.000,363.7,202.973,8.701,0.00471,0.00091,0.00697;0.00639;0.00620;0.00543;0.00569;0.00464;0.00357;0.00310;0.00237;0.00162,
line-d-r01092,line-d,line-d-e20,33.2007640,-116.1492572,180.0,line-d-e21,33.2009233,-116.1490677,180.0,line-d-e26,33.2017203,-116.1481197,180.0,line-d-e27,33.2018797,-116.1479301,180.0,2026-08-20T18:03:24Z,dipole-dipole,5,6,2.000,263.1,187.830,6.508,0.00372,0.00110,0.00556;0.00605;0.00491;0.00483;0.00400;0.00365;0.00294;0.00243;0.00190;0.00124,
line-d-r01093,line-d,line-d-e20,33.2007640,-116.1492572,180.0,line-d-e21,33.2009233,-116.1490677,180.0,line-d-e26,33.2017203,-116.1481197,180.0,line-d-e27,33.2018797,-116.1479301,180.0,2026-08-20T18:03:36Z,dipole-dipole,5,6,1.973,405.4,198.977,6.023,0.00481,0.00112,0.00765;0.00675;0.00697;0.00642;0.00503;0.00465;0.00380;0.00276;0.00235;0.00179,
line-d-r01094,line-d,line-d-e20,33.2007640,-116.1492572,180.0,line-d-e21,33.2009233,-116.1490677,180.0,line-d-e26,33.2017203,-116.1481197,180.0,line-d-e27,33.2018797,-116.1479301,180.0,2026-08-20T18:03:48Z,dipole-dipole,5,6,2.000,293.9,216.491,6.885,0.00555,0.00108,0.00792;0.00844;0.00696;0.00710;0.00665;0.00562;0.00408;0.00343;0.00267;0.00206,
line-d-r01095,line-d,line-d-e20,33.2007640,-116.1492572,180.0,line-d-e21,33.2009233,-116.1490677,180.0,line-d-e26,33.2017203,-116.1481197,180.0,line-d-e27,33.2018797,-116.1479301,180.0,2026-08-20T18:04:00Z,dipole-dipole,5,6,2.000,350.5,191.986,8.280,0.00435,0.00113,0.00672;0.00623;0.00564;0.00548;0.00503;0.00383;0.00325;0.00284;0.00210;0.00175,
line-d-r01096,line-d,line-d-e20,33.2007640,-116.1492572,180.0,line-d-e21,33.2009233,-116.1490677,180.0,line-d-e26,33.2017203,-116.1481197,180.0,line-d-e27,33.2018797,-116.1479301,180.0,2026-08-20T18:04:12Z,dipole-dipole,5,7,2.000,333.4,183.726,7.892,0.00442,0.00126,0.00722;0.00638;0.00591;0.00545;0.00498;0.00402;0.00348;0.00261;0.00226;0.00157,
line-d-r01097,line-d,line-d-e20,33.2007640,-116.1492572,180.0,line-d-e21,33.2009233,-116.1490677,180.0,line-d-e26,33.2017203,-116.1481197,180.0,line-d-e27,33.2018797,-116.1479301,180.0,2026-08-20T18:04:24Z,dipole-dipole,5,4,1.969,406.3,196.744,8.000,0.00565,0.00102,0.00890;0.00901;0.00761;0.00750;0.00623;0.00523;0.00441;0.00353;0.00254;0.00197,
line-d-r01098,line-d,line-d-e20,33.2007640,-116.1492572,180.0,line-d-e21,33.2009233,-116.1490677,180.0,line-d-e26,33.2017203,-116.1481197,180.0,line-d-e27,33.2018797,-116.1479301,180.0,2026-08-20T18:04:36Z,dipole-dipole,5,3,2.000,227.9,191.959,7.123,0.00545,0.00088,0.00798;0.00828;0.00687;0.00693;0.00574;0.00486;0.00430;0.00332;0.00278;0.00183,
line-d-r01099,line-d,line-d-e20,33.2007640,-116.1492572,180.0,line-d-e21,33.2009233,-116.1490677,180.0,line-d-e26,33.2017203,-116.1481197,180.0,line-d-e27,33.2018797,-116.1479301,180.0,2026-08-20T18:04:48Z,dipole-dipole,5,8,1.950,410.2,208.365,10.566,0.00611,0.00084,0.00967;0.00900;0.00855;0.00804;0.00696;0.00544;0.00475;0.00389;0.00283;0.00209,
line-d-r01100,line-d,line-d-e20,33.2007640,-116.1492572,180.0,line-d-e21,33.2009233,-116.1490677,180.0,line-d-e27,33.2018797,-116.1479301,180.0,line-d-e28,33.2020391,-116.1477405,180.0,2026-08-20T18:05:00Z,dipole-dipole,6,4,2.000,320.6,206.068,8.144,0.00655,0.00101,0.01079;0.00956;0.00944;0.00739;0.00711;0.00657;0.00505;0.00434;0.00307;0.00205,
line-d-r01101,line-d,line-d-e20,33.2007640,-116.1492572,180.0,line-d-e21,33.2009233,-116.1490677,180.0,line-d-e27,33.2018797,-116.1479301,180.0,line-d-e28,33.2020391,-116.1477405,180.0,2026-08-20T18:05:12Z,dipole-dipole,6,7,2.000,341.5,208.757,7.274,0.00405,0.00112,0.00605;0.00592;0.00504;0.00506;0.00438;0.00409;0.00282;0.00272;0.00196;0.00137,
line-d-r01102,line-d,line-d-e20,33.2007640,-116.1492572,180.0,line-d-e21,33.2009233,-116.1490677,180.0,line-d-e27,33.2018797,-116.1479301,180.0,line-d-e28,33.2020391,-116.1477405,180.0,2026-08-20T18:05:24Z,dipole-dipole,6,6,2.000,343.3,186.300,8.759,0.00450,0.00101,0.00644;0.00658;0.00654;0.00559;0.00465;0.00403;0.00372;0.00290;0.00207;0.00167,
line-d-r01103,line-d,line-d-e20,33.2007640,-116.1492572,180.0,line-d-e21,33.2009233,-116.1490677,180.0,line-d-e27,33.2018797,-116.1479301,180.0,line-d-e28,33.2020391,-116.1477405,180.0,2026-08-20T18:05:36Z,dipole-dipole,6,6,2.000,345.2,194.741,8.153,0.00675,0.00118,0.01123;0.00945;0.00929;0.00786;0.00774;0.00672;0.00511;0.00415;0.00342;0.00230,
line-d-r01104,line-d,line-d-e20,33.2007640,-116.1492572,180.0,line-d-e21,33.2009233,-116.1490677,180.0,line-d-e27,33.2018797,-116.1479301,180.0,line-d-e28,33.2020391,-116.1477405,180.0,2026-08-20T18:05:48Z,dipole-dipole,6,3,2.000,368.9,203.359,7.760,0.00349,0.00140,0.00537;0.00553;0.00502;0.00466;0.00391;0.00353;0.00285;0.00234;0.00174;0.00127,
line-d-r01105,line-d,line-d-e20,33.2007640,-116.1492572,180.0,line-d-e21,33.2009233,-116.1490677,180.0,line-d-e27,33.2018797,-116.1479301,180.0,line-d-e28,33.2020391,-116.1477405,180.0,2026-08-20T18:06:00Z,dipole-dipole,6,4,2.000,271.6,199.102,7.880,0.00332,0.00100,0.00497;0.00463;0.00469;0.00393;0.00361;0.00297;0.00261;0.00200;0.00166;0.00115,
line-d-r01106,line-d,line-d-e20,33.2007640,-116.1492572,180.0,line-d-e21,33.2009233,-116.1490677,180.0,line-d-e27,33.2018797,-116.1479301,180.0,line-d-e28,33.2020391,-116.1477405,180.0,2026-08-20T18:06:12Z,dipole-dipole,6,5,2.000,330.8,192.961,8.934,0.00448,0.00125,0.00796;0.00658;0.00625;0.00582;0.00461;0.00462;0.00287;0.00300;0.00244;0.00167,
line-d-r01107,line-d,line-d-e20,33.2007640,-116.1492572,180.0,line-d-e21,33.2009233,-116.1490677,180.0,line-d-e28,33.2020391,-116.1477405,180.0,line-d-e29,33.2021984,-116.1475509,180.0,2026-08-20T18:06:24Z,dipole-dipole,7,5,2.000,308.2,197.003,7.812,0.00515,0.00109,0.00922;0.00819;0.00736;0.00664;0.00635;0.00505;0.00436;0.00346;0.00241;0.00203,
line-d-r01108,line-d,line-d-e20,33.2007640,-116.1492572,180.0,line-d-e21,33.2009233,-116.1490677,180.0,line-d-e28,33.2020391,-116.1477405,180.0,line-d-e29,33.2021984,-116.1475509,180.0,2026-08-20T18:06:36Z,dipole-dipole,7,4,1.939,412.6,200.622,7.366,0.00308,0.00093,0.00476;0.00460;0.00422;0.00437;0.00365;0.00273;0.00236;0.00199;0.00143;0.00108,
line-d-r01109,line-d,line-d-e20,33.2007640,-116.1492572,180.0,line-d-e21,33.2009233,-116.1490677,180.0,line-d-e28,33.2020391,-116.1477405,180.0,line-d-e29,33.2021984,-116.1475509,180.0,2026-08-20T18:06:48Z,dipole-dipole,7,7,2.000,260.8,191.682,9.136,0.00579,0.00096,0.00848;0.00853;0.00804;0.00693;0.00674;0.00604;0.00467;0.00368;0.00284;0.00217,
line-d-r01110,line-d,line-d-e20,33.2007640,-116.1492572,180.0,line-d-e21,33.2009233,-116.1490677,180.0,line-d-e28,33.2020391,-116.1477405,180.0,line-d-e29,33.2021984,-116.1475509,180.0,2026-08-20T18:07:00Z,dipole-dipole,7,6,2.000,313.7,192.860,8.412,0.00709,0.00081,0.01113;0.01056;0.00962;0.00857;0.00812;0.00713;0.00527;0.00460;0.00360;0.00287,
line-d-r01111,line-d,line-d-e20,33.2007640,-116.1492572,180.0,line-d-e21,33.2009233,-116.1490677,180.0,line-d-e28,33.2020391,-116.1477405,180.0,line-d-e29,33.2021984,-116.1475509,180.0,2026-08-20T18:07:12Z,dipole-dipole,7,5,2.000,349.9,195.552,8.517,0.00604,0.00078,0.00929;0.00889;0.00880;0.00741;0.00704;0.00615;0.00497;0.00398;0.00295;0.00210,
line-d-r01112,line-d,line-d-e20,33.2007640,-116.1492572,180.0,line-d-e21,33.2009233,-116.1490677,180.0,line-d-e28,33.2020391,-116.1477405,180.0,line-d-e29,33.2021984,-116.1475509,180.0,2026-08-20T18:07:24Z,dipole-dipole,7,6,2.000,304.4,201.981,7.626,0.00642,0.00104,0.01080;0.01087;0.00898;0.00774;0.00696;0.00662;0.00502;0.00400;0.00332;0.00239,
line-d-r01113,line-d,line-d-e20,33.2007640,-116.1492572,180.0,line-d-e21,33.2009233,-116.1490677,180.0,line-d-e29,33.2021984,-116.1475509,180.0,line-d-e30,33.2023578,-116.1473613,180.0,2026-08-20T18:07:36Z,dipole-dipole,8,3,2.000,301.1,204.493,7.934,0.00447,0.00119,0.00691;0.00678;0.00653;0.00602;0.00431;0.00423;0.00341;0.00280;0.00221;0.00160,
line-d-r01114,line-d,line-d-e20,33.2007640,-116.1492572,180.0,line-d-e21,33.2009233,-116.1490677,180.0,line-d-e29,33.2021984,-116.1475509,180.0,line-d-e30,33.2023578,-116.1473613,180.0,2026-08-20T18:07:48Z,dipole-dipole,8,8,2.000,294.2,192.245,7.579,0.00376,0.00100,0.00555;0.00565;0.00579;0.00462;0.00425;0.00346;0.00303;0.00248;0.00200;0.00133,
line-d-r01115,line-d,line-d-e20,33.2007640,-116.1492572,180.0,line-d-e21,33.2009233,-116.1490677,180.0,line-d-e29,33.2021984,-116.1475509,180.0,line-d-e30,33.2023578,-116.1473613,180.0,2026-08-20T18:08:00Z,dipole-dipole,8,5,2.000,295.0,187.302,7.430,0.00603,0.00103,0.00882;0.00810;0.00829;0.00769;0.00687;0.00562;0.00516;0.00383;0.00302;0.00212,
line-d-r01116,line-d,line-d-e20,33.2007640,-116.1492572,180.0,line-d-e21,33.2009233,-116.1490677,180.0,line-d-e29,33.2021984,-116.1475509,180.0,line-d-e30,33.2023578,-116.1473613,180.0,2026-08-20T18:08:12Z,dipole-dipole,8,7,2.000,281.0,214.520,6.702,0.00358,0.00091,0.00556;0.00521;0.00493;0.00421;0.00373;0.00306;0.00269;0.00222;0.00171;0.00116,
line-d-r01117,line-d,line-d-e20,33.2007640,-116.1492572,180.0,line-d-e21,33.2009233,-116.1490677,180.0,line-d-e29,33.2021984,-116.1475509,180.0,line-d-e30,33.2023578,-116.1473613,180.0,2026-08-20T18:08:24Z,dipole-dipole,8,3,2.000,319.1,203.642,7.053,0.00492,0.00141,0.00945;0.00765;0.00675;0.00665;0.00540;0.00524;0.00397;0.00325;0.00251;0.00175,
line-d-r01118,line-d,line-d-e20,33.2007640,-116.1492572,180.0,line-d-e21,33.2009233,-116.1490677,180.0,line-d-e29,33.2021984,-116.1475509,180.0,line-d-e30,33.2023578,-116.1473613,180.0,2026-08-20T18:08:36Z,dipole-dipole,8,3,1.717,465.8,193.106,8.691,0.00582,0.00100,0.00203;0.00246;0.00372;0.00468;0.00542;0.00602;0.00730;0.00742;0.00834;0.00931,
line-d-r01119,line-d,line-d-e21,33.2009233,-116.1490677,180.0,line-d-e22,33.2010827,-116.1488781,180.0,line-d-e23,33.2012421,-116.1486885,180.0,line-d-e24,33.2014015,-116.1484989,180.0,2026-08-20T18:08:48Z,dipole-dipole,1,4,0.817,979.2,205.477,6.651,0.00560,0.00133,0.00901;0.00775;0.00774;0.00699;0.00649;0.00546;0.00494;0.00317;0.00266;0.00202,
line-d-r01120,line-d,line-d-e21,33.2009233,-116.1490677,180.0,line-d-e22,33.2010827,-116.1488781,180.0,line-d-e23,33.2012421,-116.1486885,180.0,line-d-e24,33.2014015,-116.1484989,180.0,2026-08-20T18:09:00Z,dipole-dipole,1,5,0.808,990.3,205.321,7.283,0.00556,0.00081,0.00862;0.00814;0.00663;0.00714;0.00591;0.00561;0.00464;0.00368;0.00276;0.00178,
line-d-r01121,line-d,line-d-e21,33.2009233,-116.1490677,180.0,line-d-e22,33.2010827,-116.1488781,180.0,line-d-e23,33.2012421,-116.1486885,180.0,line-d-e24,33.2014015,-116.1484989,180.0,2026-08-20T18:09:12Z,dipole-dipole,1,7,0.754,1061.6,218.562,7.635,0.00521,0.00090,0.00859;0.00761;0.00797;0.00570;0.00639;0.00515;0.00429;0.00327;0.00238;0.00203,
line-d-r01122,line-d,line-d-e21,33.2009233,-116.1490677,180.0,line-d-e22,33.2010827,-116.1488781,180.0,line-d-e23,33.2012421,-116.1486885,180.0,line-d-e24,33.2014015,-116.1484989,180.0,2026-08-20T18:09:24Z,dipole-dipole,1,3,0.832,961.1,207.168,7.953,0.00568,0.00102,0.00851;0.00817;0.00835;0.00722;0.00620;0.00573;0.00435;0.00388;0.00257;0.00197,
line-d-r01123,line-d,line-d-e21,33.2009233,-116.1490677,180.0,line-d-e22,33.2010827,-116.1488781,180.0,line-d-e23,33.2012421,-116.1486885,180.0,line-d-e24,33.2014015,-116.1484989,180.0,2026-08-20T18:09:36Z,dipole-dipole,1,6,0.894,894.8,213.016,9.882,0.00378,0.00103,0.00607;0.00547;0.00561;0.00533;0.00410;0.00343;0.00261;0.00259;0.00200;0.00140,
line-d-r01124,line-d,line-d-e21,33.2009233,-116.1490677,180.0,line-d-e22,33.2010827,-116.1488781,180.0,line-d-e23,33.2012421,-116.1486885,180.0,line-d-e24,33.2014015,-116.1484989,180.0,2026-08-20T18:09:48Z,dipole-dipole,1,3,0.969,825.8,200.994,10.436,0.00441,0.00112,0.00734;0.00696;0.00659;0.00537;0.00486;0.00395;0.00343;0.00271;0.00216;0.00168,
line-d-r01125,line-d,line-d-e21,33.2009233,-116.1490677,180.0,line-d-e22,33.2010827,-116.1488781,180.0,line-d-e23,33.2012421,-116.1486885,180.0,line-d-e24,33.2014015,-116.1484989,180.0,2026-08-20T18:10:00Z,dipole-dipole,1,8,1.012,790.4,200.383,6.915,0.00635,0.00110,0.01061;0.00890;0.00950;0.00797;0.00749;0.00545;0.00517;0.00391;0.00342;0.00240,
line-d-r01126,line-d,line-d-e21,33.2009233,-116.1490677,180.0,line-d-e22,33.2010827,-116.1488781,180.0,line-d-e24,33.2014015,-116.1484989,180.0,line-d-e25,33.2015609,-116.1483093,180.0,2026-08-20T18:10:12Z,dipole-dipole,2,7,1.009,792.6,199.951,5.649,0.00384,0.00097,0.00620;0.00589;0.00526;0.00512;0.00384;0.00368;0.00318;0.00257;0.00200;0.00133,
line-d-r01127,line-d,line-d-e21,33.2009233,-116.1490677,180.0,line-d-e22,33.2010827,-116.1488781,180.0,line-d-e24,33.2014015,-116.1484989,180.0,line-d-e25,33.2015609,-116.1483093,180.0,2026-08-20T18:10:24Z,dipole-dipole,2,5,0.878,911.7,189.844,8.212,0.00411,0.00102,0.00682;0.00585;0.00580;0.00514;0.00440;0.00389;0.00336;0.00246;0.00201;0.00141,
line-d-r01128,line-d,line-d-e21,33.2009233,-116.1490677,180.0,line-d-e22,33.2010827,-116.1488781,180.0,line-d-e24,33.2014015,-116.1484989,180.0,line-d-e25,33.2015609,-116.1483093,180.0,2026-08-20T18:10:36Z,dipole-dipole,2,8,0.956,837.0,201.528,8.287,0.00497,0.00102,0.00847;0.00691;0.00688;0.00584;0.00611;0.00482;0.00331;0.00332;0.00257;0.00171,
line-d-r01129,line-d,line-d-e21,33.2009233,-116.1490677,180.0,line-d-e22,33.2010827,-116.1488781,180.0,line-d-e24,33.2014015,-116.1484989,180.0,line-d-e25,33.2015609,-116.1483093,180.0,2026-08-20T18:10:48Z,dipole-dipole,2,4,0.895,893.8,189.662,7.460,0.00567,0.00092,0.01000;0.00910;0.00760;0.00675;0.00670;0.00550;0.00490;0.00373;0.00271;0.00190,
line-d-r01130,line-d,line-d-e21,33.2009233,-116.1490677,180.0,line-d-e22,33.2010827,-116.1488781,180.0,line-d-e24,33.2014015,-116.1484989,180.0,line-d-e25,33.2015609,-116.1483093,180.0,2026-08-20T18:11:00Z,dipole-dipole,2,3,0.861,929.1,208.527,8.673,0.00372,0.00101,0.00587;0.00527;0.00486;0.00469;0.00412;0.00324;0.00314;0.00247;0.00200;0.00141,
line-d-r01131,line-d,line-d-e21,33.2009233,-116.1490677,180.0,line-d-e22,33.2010827,-116.1488781,180.0,line-d-e24,33.2014015,-116.1484989,180.0,line-d-e25,33.2015609,-116.1483093,180.0,2026-08-20T18:11:12Z,dipole-dipole,2,6,1.196,668.8,199.375,7.878,0.00455,0.00106,0.00671;0.00696;0.00668;0.00548;0.00500;0.00436;0.00360;0.00308;0.00233;0.00162,
line-d-r01132,line-d,line-d-e21,33.2009233,-116.1490677,180.0,line-d-e22,33.2010827,-116.1488781,180.0,line-d-e25,33.2015609,-116.1483093,180.0,line-d-e26,33.2017203,-116.1481197,180.0,2026-08-20T18:11:24Z,dipole-dipole,3,3,1.119,714.7,204.881,7.640,0.00281,0.00145,0.00485;0.00426;0.00389;0.00339;0.00295;0.00266;0.00235;0.00169;0.00124;0.00100,
line-d-r01133,line-d,line-d-e21,33.2009233,-116.1490677,180.0,line-d-e22,33.2010827,-116.1488781,180.0,line-d-e25,33.2015609,-116.1483093,180.0,line-d-e26,33.2017203,-116.1481197,180.0,2026-08-20T18:11:36Z,dipole-dipole,3,6,0.982,814.5,207.395,8.145,0.00500,0.00113,0.00840;0.00751;0.00718;0.00583;0.00555;0.00483;0.00384;0.00343;0.00245;0.00171,
line-d-r01134,line-d,line-d-e21,33.2009233,-116.1490677,180.0,line-d-e22,33.2010827,-116.1488781,180.0,line-d-e25,33.2015609,-116.1483093,180.0,line-d-e26,33.2017203,-116.1481197,180.0,2026-08-20T18:11:48Z,dipole-dipole,3,3,0.989,809.0,195.298,5.068,0.00533,0.00114,0.00883;0.00786;0.00676;0.00674;0.00579;0.00495;0.00410;0.00343;0.00248;0.00201,
line-d-r01135,line-d,line-d-e21,33.2009233,-116.1490677,180.0,line-d-e22,33.2010827,-116.1488781,180.0,line-d-e25,33.2015609,-116.1483093,180.0,line-d-e26,33.2017203,-116.1481197,180.0,2026-08-20T18:12:00Z,dipole-dipole,3,6,0.967,827.2,196.740,7.157,0.00572,0.00122,0.00907;0.00827;0.00822;0.00715;0.00625;0.00478;0.00447;0.00405;0.00282;0.00193,
line-d-r01136,line-d,line-d-e21,33.2009233,-116.1490677,180.0,line-d-e22,33.2010827,-116.1488781,180.0,line-d-e25,33.2015609,-116.1483093,180.0,line-d-e26,33.2017203,-116.1481197,180.0,2026-08-20T18:12:12Z,dipole-dipole,3,4,0.837,955.3,193.914,7.838,0.00486,0.00113,0.00765;0.00751;0.00654;0.00637;0.00510;0.00505;0.00332;0.00327;0.00218;0.00175,
line-d-r01137,line-d,line-d-e21,33.2009233,-116.1490677,180.0,line-d-e22,33.2010827,-116.1488781,180.0,line-d-e25,33.2015609,-116.1483093,180.0,line-d-e26,33.2017203,-116.1481197,180.0,2026-08-20T18:12:24Z,dipole-dipole,3,3,0.793,1009.0,191.118,10.882,0.00474,0.00098,0.00766;0.00618;0.00592;0.00535;0.00511;0.00453;0.00361;0.00312;0.00226;0.00176,
line-d-r01138,line-d,line-d-e21,33.2009233,-116.1490677,180.0,line-d-e22,33.2010827,-116.1488781,180.0,line-d-e26,33.2017203,-116.1481197,180.0,line-d-e27,33.2018797,-116.1479301,180.0,2026-08-20T18:12:36Z,dipole-dipole,4,4,0.820,975.2,187.995,8.683,0.00661,0.00092,0.01079;0.00923;0.00933;0.00821;0.00721;0.00610;0.00495;0.00443;0.00338;0.00258,
line-d-r01139,line-d,line-d-e21,33.2009233,-116.1490677,180.0,line-d-e22,33.2010827,-116.1488781,180.0,line-d-e26,33.2017203,-116.1481197,180.0,line-d-e27,33.2018797,-116.1479301,180.0,2026-08-20T18:12:48Z,dipole-dipole,4,5,0.728,1098.5,209.058,9.806,0.00391,0.00130,0.00659;0.00595;0.00490;0.00485;0.00390;0.00367;0.00291;0.00285;0.00196;0.00143,
line-d-r01140,line-d,line-d-e21,33.2009233,-116.1490677,180.0,line-d-e22,33.2010827,-116.1488781,180.0,line-d-e26,33.2017203,-116.1481197,180.0,line-d-e27,33.2018797,-116.1479301,180.0,2026-08-20T18:13:00Z,dipole-dipole,4,6,1.054,759.2,196.830,7.690,0.00652,0.00098,0.01033;0.00984;0.00895;0.00870;0.00844;0.00568;0.00540;0.00424;0.00298;0.00232,
line-d-r01141,line-d,line-d-e21,33.2009233,-116.1490677,180.0,line-d-e22,33.2010827,-116.1488781,180.0,line-d-e26,33.2017203,-116.1481197,180.0,line-d-e27,33.2018797,-116.1479301,180.0,2026-08-20T18:13:12Z,dipole-dipole,4,8,1.108,722.0,192.028,8.319,0.00391,0.00072,0.00701;0.00583;0.00543;0.00519;0.00447;0.00405;0.00322;0.00242;0.00200;0.00135,
line-d-r01142,line-d,line-d-e21,33.2009233,-116.1490677,180.0,line-d-e22,33.2010827,-116.1488781,180.0,line-d-e26,33.2017203,-116.1481197,180.0,line-d-e27,33.2018797,-116.1479301,180.0,2026-08-20T18:13:24Z,dipole-dipole,4,3,1.060,755.0,192.777,6.257,0.00484,0.00081,0.00719;0.00778;0.00685;0.00580;0.00497;0.00432;0.00372;0.00296;0.00246;0.00182,
line-d-r01143,line-d,line-d-e21,33.2009233,-116.1490677,180.0,line-d-e22,33.2010827,-116.1488781,180.0,line-d-e26,33.2017203,-116.1481197,180.0,line-d-e27,33.2018797,-116.1479301,180.0,2026-08-20T18:13:36Z,dipole-dipole,4,7,1.078,741.8,187.939,8.077,0.00458,0.00117,0.00841;0.00692;0.00597;0.00557;0.00433;0.00414;0.00386;0.00298;0.00216;0.00178,
line-d-r01144,line-d,line-d-e21,33.2009233,-116.1490677,180.0,line-d-e22,33.2010827,-116.1488781,180.0,line-d-e26,33.2017203,-116.1481197,180.0,line-d-e27,33.2018797,-116.1479301,180.0,2026-08-20T18:13:48Z,dipole-dipole,4,4,1.022,782.8,219.942,8.271,0.00529,0.00108,0.00822;0.00808;0.00809;0.00747;0.00586;0.00480;0.00452;0.00362;0.00248;0.00177,
line-d-r01145,line-d,line-d-e21,33.2009233,-116.1490677,180.0,line-d-e22,33.2010827,-116.1488781,180.0,line-d-e27,33.2018797,-116.1479301,180.0,line-d-e28,33.2020391,-116.1477405,180.0,2026-08-20T18:14:00Z,dipole-dipole,5,7,0.816,980.8,201.228,6.294,0.00454,0.00087,0.00759;0.00750;0.00627;0.00543;0.00522;0.00420;0.00338;0.00289;0.00208;0.00151,
line-d-r01146,line-d,line-d-e21,33.2009233,-116.1490677,180.0,line-d-e22,33.2010827,-116.1488781,180.0,line-d-e27,33.2018797,-116.1479301,180.0,line-d-e28,33.2020391,-116.1477405,180.0,2026-08-20T18:14:12Z,dipole-dipole,5,6,1.147,697.7,190.134,6.661,0.00397,0.00126,0.00569;0.00576;0.00564;0.00483;0.00444;0.00406;0.00323;0.00248;0.00187;0.00135,
line-d-r01147,line-d,line-d-e21,33.2009233,-116.1490677,180.0,line-d-e22,33.2010827,-116.1488781,180.0,line-d-e27,33.2018797,-116.1479301,180.0,line-d-e28,33.2020391,-116.1477405,180.0,2026-08-20T18:14:24Z,dipole-dipole,5,8,0.852,939.2,200.699,6.516,0.00359,0.00105,0.00574;0.00512;0.00470;0.00460;0.00398;0.00324;0.00294;0.00232;0.00162;0.00129,
line-d-r01148,line-d,line-d-e21,33.2009233,-116.1490677,180.0,line-d-e22,33.2010827,-116.1488781,180.0,line-d-e27,33.2018797,-116.1479301,180.0,line-d-e28,33.2020391,-116.1477405,180.0,2026-08-20T18:14:36Z,dipole-dipole,5,5,0.973,822.3,214.473,7.053,0.00509,0.00125,0.00827;0.00807;0.00732;0.00656;0.00554;0.00469;0.00450;0.00336;0.00240;0.00199,
line-d-r01149,line-d,line-d-e21,33.2009233,-116.1490677,180.0,line-d-e22,33.2010827,-116.1488781,180.0,line-d-e27,33.2018797,-116.1479301,180.0,line-d-e28,33.2020391,-116.1477405,180.0,2026-08-20T18:14:48Z,dipole-dipole,5,4,1.008,793.3,199.131,386.470,0.00579,0.00104,0.00881;0.00934;0.00744;0.00684;0.00621;0.00517;0.00418;0.00370;0.00278;0.00218,
line-d-r01150,line-d,line-d-e21,33.2009233,-116.1490677,180.0,line-d-e22,33.2010827,-116.1488781,180.0,line-d-e27,33.2018797,-116.1479301,180.0,line-d-e28,33.2020391,-116.1477405,180.0,2026-08-20T18:15:00Z,dipole-dipole,5,5,0.966,828.4,203.350,7.824,0.00511,0.00086,0.00819;0.00744;0.00610;0.00652;0.00553;0.00491;0.00427;0.00327;0.00257;0.00183,
line-d-r01151,line-d,line-d-e21,33.2009233,-116.1490677,180.0,line-d-e22,33.2010827,-116.1488781,180.0,line-d-e27,33.2018797,-116.1479301,180.0,line-d-e28,33.2020391,-116.1477405,180.0,2026-08-20T18:15:12Z,dipole-dipole,5,7,1.005,796.0,196.950,5.750,0.00651,0.00100,0.01083;0.00959;0.00784;0.00826;0.00708;0.00612;0.00554;0.00450;0.00293;0.00236,
line-d-r01152,line-d,line-d-e21,33.2009233,-116.1490677,180.0,line-d-e22,33.2010827,-116.1488781,180.0,line-d-e28,33.2020391,-116.1477405,180.0,line-d-e29,33.2021984,-116.1475509,180.0,2026-08-20T18:15:24Z,dipole-dipole,6,5,1.202,665.8,196.548,5.695,0.00513,0.00095,0.00783;0.00756;0.00699;0.00590;0.00578;0.00464;0.00397;0.00346;0.00252;0.00185,
line-d-r01153,line-d,line-d-e21,33.2009233,-116.1490677,180.0,line-d-e22,33.2010827,-116.1488781,180.0,line-d-e28,33.2020391,-116.1477405,180.0,line-d-e29,33.2021984,-116.1475509,180.0,2026-08-20T18:15:36Z,dipole-dipole,6,8,0.686,1166.7,191.112,8.147,0.00482,0.00130,0.00745;0.00684;0.00637;0.00602;0.00511;0.00426;0.00402;0.00286;0.00261;0.00163,
line-d-r01154,line-d,line-d-e21,33.2009233,-116.1490677,180.0,line-d-e22,33.2010827,-116.1488781,180.0,line-d-e28,33.2020391,-116.1477405,180.0,line-d-e29,33.2021984,-116.1475509,180.0,2026-08-20T18:15:48Z,dipole-dipole,6,7,1.063,752.2,207.124,7.738,0.00588,0.00087,0.00914;0.00868;0.00834;0.00770;0.00631;0.00608;0.00454;0.00390;0.00285;0.00207,
line-d-r01155,line-d,line-d-e21,33.2009233,-116.1490677,180.0,line-d-e22,33.2010827,-116.1488781,180.0,line-d-e28,33.2020391,-116.1477405,180.0,line-d-e29,33.2021984,-116.1475509,180.0,2026-08-20T18:16:00Z,dipole-dipole,6,5,1.141,701.4,204.015,7.056,0.00553,0.00099,0.00926;0.00812;0.00777;0.00671;0.00585;0.00543;0.00487;0.00381;0.00283;0.00203,
line-d-r01156,line-d,line-d-e21,33.2009233,-116.1490677,180.0,line-d-e22,33.2010827,-116.1488781,180.0,line-d-e28,33.2020391,-116.1477405,180.0,line-d-e29,33.2021984,-116.1475509,180.0,2026-08-20T18:16:12Z,dipole-dipole,6,6,0.815,982.1,206.689,7.146,0.00479,0.00115,0.00756;0.00760;0.00595;0.00591;0.00490;0.00510;0.00383;0.00297;0.00227;0.00154,
line-d-r01157,line-d,line-d-e21,33.2009233,-116.1490677,180.0,line-d-e22,33.2010827,-116.1488781,180.0,line-d-e28,33.2020391,-116.1477405,180.0,line-d-e29,33.2021984,-116.1475509,180.0,2026-08-20T18:16:24Z,dipole-dipole,6,8,0.896,892.5,202.143,8.695,0.00582,0.00067,0.00976;0.00808;0.00917;0.00790;0.00647;0.00517;0.00491;0.00385;0.00313;0.00217,
line-d-r01158,line-d,line-d-e21,33.2009233,-116.1490677,180.0,line-d-e22,33.2010827,-116.1488781,180.0,line-d-e28,33.2020391,-116.1477405,180.0,line-d-e29,33.2021984,-116.1475509,180.0,2026-08-20T18:16:36Z,dipole-dipole,6,6,0.888,901.2,196.030,8.791,0.00401,0.00105,0.00630;0.00608;0.00512;0.00447;0.00425;0.00394;0.00310;0.00270;0.00177;0.00131,
line-d-r01159,line-d,line-d-e21,33.2009233,-116.1490677,180.0,line-d-e22,33.2010827,-116.1488781,180.0,line-d-e29,33.2021984,-116.1475509,180.0,line-d-e30,33.2023578,-116.1473613,180.0,2026-08-20T18:16:48Z,dipole-dipole,7,5,0.505,1584.3,198.182,7.443,0.00647,0.00108,0.01004;0.00922;0.00940;0.00787;0.00718;0.00618;0.00527;0.00424;0.00312;0.00231,
line-d-r01160,line-d,line-d-e21,33.2009233,-116.1490677,180.0,line-d-e22,33.2010827,-116.1488781,180.0,line-d-e29,33.2021984,-116.1475509,180.0,line-d-e30,33.2023578,-116.1473613,180.0,2026-08-20T18:17:00Z,dipole-dipole,7,8,1.194,669.8,195.746,5.513,0.00637,0.00078,0.01083;0.00906;0.00968;0.00727;0.00718;0.00566;0.00535;0.00424;0.00302;0.00223,
line-d-r01161,line-d,line-d-e21,33.2009233,-116.1490677,180.0,line-d-e22,33.2010827,-116.1488781,180.0,line-d-e29,33.2021984,-116.1475509,180.0,line-d-e30,33.2023578,-116.1473613,180.0,2026-08-20T18:17:12Z,dipole-dipole,7,7,1.116,717.0,187.709,8.238,0.00631,0.00165,0.01012;0.00937;0.00931;0.00816;0.00712;0.00585;0.00460;0.00411;0.00287;0.00217,
line-d-r01162,line-d,line-d-e21,33.2009233,-116.1490677,180.0,line-d-e22,33.2010827,-116.1488781,180.0,line-d-e29,33.2021984,-116.1475509,180.0,line-d-e30,33.2023578,-116.1473613,180.0,2026-08-20T18:17:24Z,dipole-dipole,7,6,0.942,849.7,215.674,7.525,0.00486,0.00092,0.00793;0.00661;0.00658;0.00641;0.00491;0.00416;0.00351;0.00300;0.00263;0.00190,
line-d-r01163,line-d,line-d-e21,33.2009233,-116.1490677,180.0,line-d-e22,33.2010827,-116.1488781,180.0,line-d-e29,33.2021984,-116.1475509,180.0,line-d-e30,33.2023578,-116.1473613,180.0,2026-08-20T18:17:36Z,dipole-dipole,7,4,0.871,918.3,199.123,6.991,0.00587,0.00101,0.00887;0.00803;0.00775;0.00766;0.00655;0.00498;0.00451;0.00356;0.00282;0.00209,
line-d-r01164,line-d,line-d-e21,33.2009233,-116.1490677,180.0,line-d-e22,33.2010827,-116.1488781,180.0,line-d-e29,33.2021984,-116.1475509,180.0,line-d-e30,33.2023578,-116.1473613,180.0,2026-08-20T18:17:48Z,dipole-dipole,7,3,0.853,937.8,197.441,6.844,0.00515,0.00116,0.00761;0.00779;0.00671;0.00614;0.00542;0.00479;0.00377;0.00324;0.00269;0.00183,
line-d-r01165,line-d,line-d-e21,33.2009233,-116.1490677,180.0,line-d-e22,33.2010827,-116.1488781,180.0,line-d-e29,33.2021984,-116.1475509,180.0,line-d-e30,33.2023578,-116.1473613,180.0,2026-08-20T18:18:00Z,dipole-dipole,7,6,1.023,781.9,207.119,8.657,0.00465,0.01381,0.00684;0.00726;0.00567;0.00585;0.00470;0.00451;0.00411;0.00331;0.00232;0.00155,
line-d-r01166,line-d,line-d-e22,33.2010827,-116.1488781,180.0,line-d-e23,33.2012421,-116.1486885,180.0,line-d-e24,33.2014015,-116.1484989,180.0,line-d-e25,33.2015609,-116.1483093,180.0,2026-08-20T18:18:12Z,dipole-dipole,1,8,1.085,737.1,205.017,7.841,0.00422,0.00137,0.00641;0.00691;0.00581;0.00542;0.00450;0.00382;0.00333;0.00277;0.00214;0.00149,
line-d-r01167,line-d,line-d-e22,33.2010827,-116.1488781,180.0,line-d-e23,33.2012421,-116.1486885,180.0,line-d-e24,33.2014015,-116.1484989,180.0,line-d-e25,33.2015609,-116.1483093,180.0,2026-08-20T18:18:24Z,dipole-dipole,1,7,0.725,1103.9,199.656,6.977,0.00594,0.00090,0.00907;0.00842;0.00903;0.00774;0.00685;0.00586;0.00459;0.00391;0.00285;0.00225,
line-d-r01168,line-d,line-d-e22,33.2010827,-116.1488781,180.0,line-d-e23,33.2012421,-116.1486885,180.0,line-d-e24,33.2014015,-116.1484989,180.0,line-d-e25,33.2015609,-116.1483093,180.0,2026-08-20T18:18:36Z,dipole-dipole,1,3,0.863,927.3,216.109,6.223,0.00565,0.00118,0.00986;0.00828;0.00787;0.00675;0.00617;0.00506;0.00432;0.00362;0.00267;0.00195,
line-d-r01169,line-d,line-d-e22,33.2010827,-116.1488781,180.0,line-d-e23,33.2012421,-116.1486885,180.0,line-d-e24,33.2014015,-116.1484989,180.0,line-d-e25,33.2015609,-116.1483093,180.0,2026-08-20T18:18:48Z,dipole-dipole,1,5,1.080,741.1,196.864,8.013,0.00590,0.00139,0.00945;0.00896;0.00762;0.00698;0.00665;0.00575;0.00448;0.00352;0.00275;0.00196,
line-d-r01170,line-d,line-d-e22,33.2010827,-116.1488781,180.0,line-d-e23,33.2012421,-116.1486885,180.0,line-d-e24,33.2014015,-116.1484989,180.0,line-d-e25,33.2015609,-116.1483093,180.0,2026-08-20T18:19:00Z,dipole-dipole,1,3,0.974,821.3,216.591,6.511,0.00591,0.00091,0.00909;0.00817;0.00766;0.00675;0.00671;0.00576;0.00448;0.00367;0.00284;0.00210,
line-d-r01171,line-d,line-d-e22,33.2010827,-116.1488781,180.0,line-d-e23,33.2012421,-116.1486885,180.0,line-d-e24,33.2014015,-116.1484989,180.0,line-d-e25,33.2015609,-116.1483093,180.0,2026-08-20T18:19:12Z,dipole-dipole,1,3,0.823,972.0,211.130,7.275,0.00565,0.00111,0.00869;0.00832;0.00750;0.00651;0.00671;0.00556;0.00509;0.00375;0.00251;0.00213,
line-d-r01172,line-d,line-d-e22,33.2010827,-116.1488781,180.0,line-d-e23,33.2012421,-116.1486885,180.0,line-d-e24,33.2014015,-116.1484989,180.0,line-d-e25,33.2015609,-116.1483093,180.0,2026-08-20T18:19:24Z,dipole-dipole,1,8,1.037,771.7,207.736,7.635,0.00468,0.00105,0.00794;0.00752;0.00683;0.00578;0.00511;0.00416;0.00374;0.00299;0.00228;0.00157,
line-d-r01173,line-d,line-d-e22,33.2010827,-116.1488781,180.0,line-d-e23,33.2012421,-116.1486885,180.0,line-d-e25,33.2015609,-116.1483093,180.0,line-d-e26,33.2017203,-116.1481197,180.0,2026-08-20T18:19:36Z,dipole-dipole,2,6,0.890,898.5,202.695,8.408,0.00494,0.00112,0.00727;0.00770;0.00650;0.00666;0.00531;0.00454;0.00379;0.00285;0.00248;0.00177,
line-d-r01174,line-d,line-d-e22,33.2010827,-116.1488781,180.0,line-d-e23,33.2012421,-116.1486885,180.0,line-d-e25,33.2015609,-116.1483093,180.0,line-d-e26,33.2017203,-116.1481197,180.0,2026-08-20T18:19:48Z,dipole-dipole,2,7,1.039,770.1,-187.934,7.929,0.00402,0.00123,0.00734;0.00583;0.00564;0.00457;0.00458;0.00379;0.00323;0.00252;0.00211;0.00140,
line-d-r01175,line-d,line-d-e22,33.2010827,-116.1488781,180.0,line-d-e23,33.2012421,-116.1486885,180.0,line-d-e25,33.2015609,-116.1483093,180.0,line-d-e26,33.2017203,-116.1481197,180.0,2026-08-20T18:20:00Z,dipole-dipole,2,4,0.934,856.3,201.160,7.830,0.00615,0.00059,0.01029;0.00815;0.00929;0.00648;0.00671;0.00561;0.00522;0.00408;0.00300;0.00216,
line-d-r01176,line-d,line-d-e22,33.2010827,-116.1488781,180.0,line-d-e23,33.2012421,-116.1486885,180.0,line-d-e25,33.2015609,-116.1483093,180.0,line-d-e26,33.2017203,-116.1481197,180.0,2026-08-20T18:20:12Z,dipole-dipole,2,8,0.845,947.3,196.561,6.573,0.00489,0.00136,0.00812;0.00735;0.00644;0.00670;0.00556;0.00455;0.00365;0.00345;0.00218;0.00180,
line-d-r01177,line-d,line-d-e22,33.2010827,-116.1488781,180.0,line-d-e23,33.2012421,-116.1486885,180.0,line-d-e25,33.2015609,-116.1483093,180.0,line-d-e26,33.2017203,-116.1481197,180.0,2026-08-20T18:20:24Z,dipole-dipole,2,3,1.030,776.7,202.882,8.029,0.00482,0.00100,0.00166;0.00245;0.00307;0.00358;0.00473;0.00495;0.00650;0.00694;0.00696;0.00753,
line-d-r01178,line-d,line-d-e22,33.2010827,-116.1488781,180.0,line-d-e23,33.2012421,-116.1486885,180.0,line-d-e25,33.2015609,-116.1483093,180.0,line-d-e26,33.2017203,-116.1481197,180.0,2026-08-20T18:20:36Z,dipole-dipole,2,4,0.888,900.9,197.881,6.321,0.00545,0.00119,0.00835;0.00798;0.00685;0.00723;0.00584;0.00466;0.00415;0.00340;0.00289;0.00185,
line-d-r01179,line-d,line-d-e22,33.2010827,-116.1488781,180.0,line-d-e23,33.2012421,-116.1486885,180.0,line-d-e25,33.2015609,-116.1483093,180.0,line-d-e26,33.2017203,-116.1481197,180.0,2026-08-20T18:20:48Z,dipole-dipole,2,5,0.956,837.1,196.967,6.595,0.00532,0.00134,0.00817;0.00829;0.00651;0.00609;0.00538;0.00502;0.00418;0.00336;0.00240;0.00182,
line-d-r01180,line-d,line-d-e22,33.2010827,-116.1488781,180.0,line-d-e23,33.2012421,-116.1486885,180.0,line-d-e25,33.2015609,-116.1483093,180.0,line-d-e26,33.2017203,-116.1481197,180.0,2026-08-20T18:21:00Z,dipole-dipole,2,7,1.016,787.4,202.179,7.428,0.00508,0.00129,0.00817;0.00724;0.00731;0.00632;0.00559;0.00568;0.00416;0.00364;0.00257;0.00199,
line-d-r01181,line-d,line-d-e22,33.2010827,-116.1488781,180.0,line-d-e23,33.2012421,-116.1486885,180.0,line-d-e26,33.2017203,-116.1481197,180.0,line-d-e27,33.2018797,-116.1479301,180.0,2026-08-20T18:21:12Z,dipole-dipole,3,5,0.806,992.8,208.792,7.570,0.00452,0.00143,0.00721;0.00746;0.00602;0.00557;0.00475;0.00412;0.00390;0.00242;0.00201;0.00146,
line-d-r01182,line-d,line-d-e22,33.2010827,-116.1488781,180.0,line-d-e23,33.2012421,-116.1486885,180.0,line-d-e26,33.2017203,-116.1481197,180.0,line-d-e27,33.2018797,-116.1479301,180.0,2026-08-20T18:21:24Z,dipole-dipole,3,5,0.817,979.5,193.709,8.697,0.00553,0.00098,0.00884;0.00761;0.00729;0.00714;0.00642;0.00522;0.00425;0.00331;0.00261;0.00198,
line-d-r01183,line-d,line-d-e22,33.2010827,-116.1488781,180.0,line-d-e23,33.2012421,-116.1486885,180.0,line-d-e26,33.2017203,-116.1481197,180.0,line-d-e27,33.2018797,-116.1479301,180.0,2026-08-20T18:21:36Z,dipole-dipole,3,7,0.931,859.7,185.928,7.773,0.00396,0.00093,0.00613;0.00569;0.00580;0.00510;0.00435;0.00371;0.00311;0.00258;0.00184;0.00126,
line-d-r01184,line-d,line-d-e22,33.2010827,-116.1488781,180.0,line-d-e23,33.2012421,-116.1486885,180.0,line-d-e26,33.2017203,-116.1481197,180.0,line-d-e27,33.2018797,-116.1479301,180.0,2026-08-20T18:21:48Z,dipole-dipole,3,7,0.922,868.0,210.221,8.396,0.00556,0.00128,0.00921;0.00732;0.00755;0.00731;0.00624;0.00514;0.00416;0.00371;0.00242;0.00176,
line-d-r01185,line-d,line-d-e22,33.2010827,-116.1488781,180.0,line-d-e23,33.2012421,-116.1486885,180.0,line-d-e26,33.2017203,-116.1481197,180.0,line-d-e27,33.2018797,-116.1479301,180.0,2026-08-20T18:22:00Z,dipole-dipole,3,7,0.810,987.7,194.879,7.855,0.00537,0.00120,0.00824;0.00823;0.00741;0.00669;0.00570;0.00495;0.00421;0.00356;0.00256;0.00195,
line-d-r01186,line-d,line-d-e22,33.2010827,-116.1488781,180.0,line-d-e23,33.2012421,-116.1486885,180.0,line-d-e26,33.2017203,-116.1481197,180.0,line-d-e27,33.2018797,-116.1479301,180.0,2026-08-20T18:22:12Z,dipole-dipole,3,8,0.848,943.4,204.618,5.604,0.00593,0.00141,0.00951;0.00914;0.00789;0.00665;0.00626;0.00554;0.00454;0.00354;0.00269;0.00213,
line-d-r01187,line-d,line-d-e22,33.2010827,-116.1488781,180.0,line-d-e23,33.2012421,-116.1486885,180.0,line-d-e26,33.2017203,-116.1481197,180.0,line-d-e27,33.2018797,-116.1479301,180.0,2026-08-20T18:22:24Z,dipole-dipole,3,7,1.010,792.2,194.248,6.662,0.00573,0.00140,0.00956;0.00911;0.00780;0.00654;0.00666;0.00541;0.00505;0.00377;0.00301;0.00211,
line-d-r01188,line-d,line-d-e22,33.2010827,-116.1488781,180.0,line-d-e23,33.2012421,-116.1486885,180.0,line-d-e27,33.2018797,-116.1479301,180.0,line-d-e28,33.2020391,-116.1477405,180.0,2026-08-20T18:22:36Z,dipole-dipole,4,5,0.859,931.6,203.246,7.440,0.00271,0.00093,0.00422;0.00400;0.00393;0.00298;0.00266;0.00282;0.00217;0.00168;0.00133;0.00106,
line-d-r01189,line-d,line-d-e22,33.2010827,-116.1488781,180.0,line-d-e23,33.2012421,-116.1486885,180.0,line-d-e27,33.2018797,-116.1479301,180.0,line-d-e28,33.2020391,-116.1477405,180.0,2026-08-20T18:22:48Z,dipole-dipole,4,4,0.882,907.3,207.178,6.605,0.00304,0.00086,0.00442;0.00425;0.00418;0.00379;0.00360;0.00301;0.00236;0.00192;0.00155;0.00101,
line-d-r01190,line-d,line-d-e22,33.2010827,-116.1488781,180.0,line-d-e23,33.2012421,-116.1486885,180.0,line-d-e27,33.2018797,-116.1479301,180.0,line-d-e28,33.2020391,-116.1477405,180.0,2026-08-20T18:23:00Z,dipole-dipole,4,7,0.718,1113.8,193.507,7.203,0.00444,0.00111,0.00710;0.00664;0.00659;0.00550;0.00490;0.00390;0.00331;0.00295;0.00223;0.00146,
line-d-r01191,line-d,line-d-e22,33.2010827,-116.1488781,180.0,line-d-e23,33.2012421,-116.1486885,180.0,line-d-e27,33.2018797,-116.1479301,180.0,line-d-e28,33.2020391,-116.1477405,180.0,2026-08-20T18:23:12Z,dipole-dipole,4,3,1.276,626.8,204.704,7.075,0.00585,0.00125,0.00951;0.00874;0.00784;0.00756;0.00667;0.00521;0.00491;0.00409;0.00263;0.00210,
line-d-r01192,line-d,line-d-e22,33.2010827,-116.1488781,180.0,line-d-e23,33.2012421,-116.1486885,180.0,line-d-e27,33.2018797,-116.1479301,180.0,line-d-e28,33.2020391,-116.1477405,180.0,2026-08-20T18:23:24Z,dipole-dipole,4,8,1.371,583.6,210.354,6.378,0.00509,0.00088,0.00818;0.00752;0.00653;0.00645;0.00568;0.00470;0.00409;0.00312;0.00268;0.00176,
line-d-r01193,line-d,line-d-e22,33.2010827,-116.1488781,180.0,line-d-e23,33.2012421,-116.1486885,180.0,line-d-e27,33.2018797,-116.1479301,180.0,line-d-e28,33.2020391,-116.1477405,180.0,2026-08-20T18:23:36Z,dipole-dipole,4,3,0.837,955.8,199.455,9.099,0.00584,0.00107,0.00919;0.00846;0.00691;0.00664;0.00642;0.00596;0.00455;0.00409;0.00267;0.00211,
line-d-r01194,line-d,line-d-e22,33.2010827,-116.1488781,180.0,line-d-e23,33.2012421,-116.1486885,180.0,line-d-e28,33.2020391,-116.1477405,180.0,line-d-e29,33.2021984,-116.1475509,180.0,2026-08-20T18:23:48Z,dipole-dipole,5,5,0.979,817.1,201.216,7.347,0.00506,0.00092,0.00860;0.00780;0.00709;0.00625;0.00548;0.00480;0.00459;0.00354;0.00257;0.00194,
line-d-r01195,line-d,line-d-e22,33.2010827,-116.1488781,180.0,line-d-e23,33.2012421,-116.1486885,180.0,line-d-e28,33.2020391,-116.1477405,180.0,line-d-e29,33.2021984,-116.1475509,180.0,2026-08-20T18:24:00Z,dipole-dipole,5,8,1.089,734.4,203.931,6.557,0.00516,0.00109,0.00953;0.00819;0.00709;0.00613;0.00502;0.00528;0.00431;0.00342;0.00258;0.00203,
line-d-r01196,line-d,line-d-e22,33.2010827,-116.1488781,180.0,line-d-e23,33.2012421,-116.1486885,180.0,line-d-e28,33.2020391,-116.1477405,180.0,line-d-e29,33.2021984,-116.1475509,180.0,2026-08-20T18:24:12Z,dipole-dipole,5,3,0.751,1064.7,195.583,5.676,0.00495,0.00107,0.00861;0.00673;0.00773;0.00571;0.00512;0.00461;0.00383;0.00313;0.00241;0.00158,
line-d-r01197,line-d,line-d-e22,33.2010827,-116.1488781,180.0,line-d-e23,33.2012421,-116.1486885,180.0,line-d-e28,33.2020391,-116.1477405,180.0,line-d-e29,33.2021984,-116.1475509,180.0,2026-08-20T18:24:24Z,dipole-dipole,5,5,1.035,773.0,211.372,8.296,0.00387,0.00105,0.00580;0.00609;0.00473;0.00449;0.00474;0.00346;0.00321;0.00251;0.00190;0.00131,
line-d-r01198,line-d,line-d-e22,33.2010827,-116.1488781,180.0,line-d-e23,33.2012421,-116.1486885,180.0,line-d-e28,33.2020391,-116.1477405,180.0,line-d-e29,33.2021984,-116.1475509,180.0,2026-08-20T18:24:36Z,dipole-dipole,5,8,0.989,808.8,194.940,7.704,0.00620,0.00105,0.00924;0.00963;0.00847;0.00724;0.00695;0.00576;0.00498;0.00352;0.00310;0.00218,
line-d-r01199,line-d,line-d-e22,33.2010827,-116.1488781,180.0,line-d-e23,33.2012421,-116.1486885,180.0,line-d-e28,33.2020391,-116.1477405,180.0,line-d-e29,33.2021984,-116.1475509,180.0,2026-08-20T18:24:48Z,dipole-dipole,5,3,0.945,846.3,212.882,7.869,0.00559,0.00097,0.00839;0.00853;0.00792;0.00731;0.00578;0.00555;0.00473;0.00396;0.00281;0.00218,
line-d-r01200,line-d,line-d-e22,33.2010827,-116.1488781,180.0,line-d-e23,33.2012421,-116.1486885,180.0,line-d-e29,33.2021984,-116.1475509,180.0,line-d-e30,33.2023578,-116.1473613,180.0,2026-08-20T18:25:00Z,dipole-dipole,6,5,1.012,790.4,200.966,6.972,0.00544,0.00087,0.00815;0.00755;0.00796;0.00656;0.00588;0.00504;0.00394;0.00333;0.00244;0.00193,
line-d-r01201,line-d,line-d-e22,33.2010827,-116.1488781,180.0,line-d-e23,33.2012421,-116.1486885,180.0,line-d-e29,33.2021984,-116.1475509,180.0,line-d-e30,33.2023578,-116.1473613,180.0,2026-08-20T18:25:12Z,dipole-dipole,6,4,0.919,870.9,191.325,7.768,0.00528,0.00086,0.00936;0.00771;0.00706;0.00690;0.00648;0.00438;0.00437;0.00345;0.00260;0.00172,
line-d-r01202,line-d,line-d-e22,33.2010827,-116.1488781,180.0,line-d-e23,33.2012421,-116.1486885,180.0,line-d-e29,33.2021984,-116.1475509,180.0,line-d-e30,33.2023578,-116.1473613,180.0,2026-08-20T18:25:24Z,dipole-dipole,6,5,1.021,783.2,196.375,8.768,0.00522,0.00117,0.00816;0.00795;0.00760;0.00677;0.00624;0.00529;0.00413;0.00325;0.00253;0.00170,
line-d-r01203,line-d,line-d-e22,33.2010827,-116.1488781,180.0,line-d-e23,33.2012421,-116.1486885,180.0,line-d-e29,33.2021984,-116.1475509,180.0,line-d-e30,33.2023578,-116.1473613,180.0,2026-08-20T18:25:36Z,dipole-dipole,6,6,0.866,924.2,195.452,7.249,0.00473,0.00117,0.00724;0.00791;0.00658;0.00640;0.00541;0.00464;0.00386;0.00305;0.00226;0.00163,
line-d-r01204,line-d,line-d-e22,33.2010827,-116.1488781,180.0,line-d-e23,33.2012421,-116.1486885,180.0,line-d-e29,33.2021984,-116.1475509,180.0,line-d-e30,33.2023578,-116.1473613,180.0,2026-08-20T18:25:48Z,dipole-dipole,6,7,0.942,849.1,189.690,6.916,0.00544,0.00116,0.00796;0.00838;0.00797;0.00664;0.00591;0.00506;0.00462;0.00345;0.00243;0.00209,
line-d-r01205,line-d,line-d-e22,33.2010827,-116.1488781,180.0,line-d-e23,33.2012421,-116.1486885,180.0,line-d-e29,33.2021984,-116.1475509,180.0,line-d-e30,33.2023578,-116.1473613,180.0,2026-08-20T18:26:00Z,dipole-dipole,6,6,0.969,825.9,186.382,6.596,0.00503,0.00099,0.00787;0.00790;0.00689;0.00575;0.00562;0.00445;0.00451;0.00296;0.00249;0.00163,
line-d-r01206,line-d,line-d-e23,33.2012421,-116.1486885,180.0,line-d-e24,33.2014015,-116.1484989,180.0,line-d-e25,33.2015609,-116.1483093,180.0,line-d-e26,33.2017203,-116.1481197,180.0,2026-08-20T18:26:12Z,dipole-dipole,1,4,1.134,705.2,202.307,8.559,0.00539,0.00111,0.00739;0.00705;0.00720;0.00670;0.00608;0.00548;0.00448;0.00411;0.00265;0.00186,
line-d-r01207,line-d,line-d-e23,33.2012421,-116.1486885,180.0,line-d-e24,33.2014015,-116.1484989,180.0,line-d-e25,33.2015609,-116.1483093,180.0,line-d-e26,33.2017203,-116.1481197,180.0,2026-08-20T18:26:24Z,dipole-dipole,1,7,1.534,521.6,197.805,8.711,0.00437,0.00099,0.00753;0.00698;0.00574;0.00527;0.00458;0.00457;0.00321;0.00264;0.00229;0.00154,
line-d-r01208,line-d,line-d-e23,33.2012421,-116.1486885,180.0,line-d-e24,33.2014015,-116.1484989,180.0,line-d-e25,33.2015609,-116.1483093,180.0,line-d-e26,33.2017203,-116.1481197,180.0,2026-08-20T18:26:36Z,dipole-dipole,1,7,1.209,661.6,203.563,6.474,0.00457,0.00105,0.00723;0.00668;0.00631;0.00565;0.00521;0.00435;0.00353;0.00292;0.00227;0.00147,
line-d-r01209,line-d,line-d-e23,33.2012421,-116.1486885,180.0,line-d-e24,33.2014015,-116.1484989,180.0,line-d-e25,33.2015609,-116.1483093,180.0,line-d-e26,33.2017203,-116.1481197,180.0,2026-08-20T18:26:48Z,dipole-dipole,1,8,1.093,732.0,207.148,6.932,0.00471,0.00113,0.00749;0.00692;0.00632;0.00582;0.00552;0.00492;0.00364;0.00308;0.00260;0.00181,
line-d-r01210,line-d,line-d-e23,33.2012421,-116.1486885,180.0,line-d-e24,33.2014015,-116.1484989,180.0,line-d-e25,33.2015609,-116.1483093,180.0,line-d-e26,33.2017203,-116.1481197,180.0,2026-08-20T18:27:00Z,dipole-dipole,1,5,1.685,474.7,207.911,6.297,0.00600,0.00138,0.01048;0.00849;0.00776;0.00715;0.00656;0.00565;0.00490;0.00356;0.00315;0.00210,
line-d-r01211,line-d,line-d-e23,33.2012421,-116.1486885,180.0,line-d-e24,33.2014015,-116.1484989,180.0,line-d-e25,33.2015609,-116.1483093,180.0,line-d-e26,33.2017203,-116.1481197,180.0,2026-08-20T18:27:12Z,dipole-dipole,1,8,1.071,746.7,217.655,244.978,0.00418,0.00116,0.00687;0.00571;0.00611;0.00528;0.00463;0.00384;0.00332;0.00281;0.00215;0.00150,
line-d-r01212,line-d,line-d-e23,33.2012421,-116.1486885,180.0,line-d-e24,33.2014015,-116.1484989,180.0,line-d-e26,33.2017203,-116.1481197,180.0,line-d-e27,33.2018797,-116.1479301,180.0,2026-08-20T18:27:24Z,dipole-dipole,2,6,1.612,496.4,188.835,7.589,0.00623,0.00078,0.00231;0.00320;0.00394;0.00470;0.00641;0.00704;0.00818;0.00788;0.00881;0.00920,
line-d-r01213,line-d,line-d-e23,33.2012421,-116.1486885,180.0,line-d-e24,33.2014015,-116.1484989,180.0,line-d-e26,33.2017203,-116.1481197,180.0,line-d-e27,33.2018797,-116.1479301,180.0,2026-08-20T18:27:36Z,dipole-dipole,2,8,1.118,715.5,207.448,6.256,0.00706,0.00095,0.01087;0.01077;0.01018;0.00873;0.00751;0.00717;0.00577;0.00474;0.00334;0.00248,
line-d-r01214,line-d,line-d-e23,33.2012421,-116.1486885,180.0,line-d-e24,33.2014015,-116.1484989,180.0,line-d-e26,33.2017203,-116.1481197,180.0,line-d-e27,33.2018797,-116.1479301,180.0,2026-08-20T18:27:48Z,dipole-dipole,2,7,1.171,683.2,203.271,8.033,0.00572,0.00090,0.00913;0.00829;0.00731;0.00707;0.00673;0.00564;0.00430;0.00353;0.00263;0.00209,
line-d-r01215,line-d,line-d-e23,33.2012421,-116.1486885,180.0,line-d-e24,33.2014015,-116.1484989,180.0,line-d-e26,33.2017203,-116.1481197,180.0,line-d-e27,33.2018797,-116.1479301,180.0,2026-08-20T18:28:00Z,dipole-dipole,2,5,1.367,585.2,198.837,10.627,0.00602,0.00110,0.01089;0.00794;0.00738;0.00788;0.00604;0.00643;0.00460;0.00384;0.00319;0.00209,
line-d-r01216,line-d,line-d-e23,33.2012421,-116.1486885,180.0,line-d-e24,33.2014015,-116.1484989,180.0,line-d-e26,33.2017203,-116.1481197,180.0,line-d-e27,33.2018797,-116.1479301,180.0,2026-08-20T18:28:12Z,dipole-dipole,2,5,1.710,467.8,198.319,6.271,0.00365,0.00120,0.00571;0.00506;0.00458;0.00467;0.00411;0.00344;0.00290;0.00221;0.00193;0.00126,
line-d-r01217,line-d,line-d-e23,33.2012421,-116.1486885,180.0,line-d-e24,33.2014015,-116.1484989,180.0,line-d-e26,33.2017203,-116.1481197,180.0,line-d-e27,33.2018797,-116.1479301,180.0,2026-08-20T18:28:24Z,dipole-dipole,2,4,1.232,649.3,196.593,5.835,0.00549,0.00116,0.00838;0.00766;0.00797;0.00712;0.00590;0.00510;0.00386;0.00331;0.00248;0.00191,
line-d-r01218,line-d,line-d-e23,33.2012421,-116.1486885,180.0,line-d-e24,33.2014015,-116.1484989,180.0,line-d-e27,33.2018797,-116.1479301,180.0,line-d-e28,33.2020391,-116.1477405,180.0,2026-08-20T18:28:36Z,dipole-dipole,3,8,1.004,797.2,193.365,8.651,0.00508,0.00129,0.00741;0.00818;0.00667;0.00554;0.00536;0.00492;0.00409;0.00291;0.00232;0.00193,
line-d-r01219,line-d,line-d-e23,33.2012421,-116.1486885,180.0,line-d-e24,33.2014015,-116.1484989,180.0,line-d-e27,33.2018797,-116.1479301,180.0,line-d-e28,33.2020391,-116.1477405,180.0,2026-08-20T18:28:48Z,dipole-dipole,3,7,1.385,577.6,198.030,7.778,0.00484,0.00110,0.00782;0.00722;0.00693;0.00623;0.00505;0.00499;0.00400;0.00279;0.00215;0.00181,
line-d-r01220,line-d,line-d-e23,33.2012421,-116.1486885,180.0,line-d-e24,33.2014015,-116.1484989,180.0,line-d-e27,33.2018797,-116.1479301,180.0,line-d-e28,33.2020391,-116.1477405,180.0,2026-08-20T18:29:00Z,dipole-dipole,3,3,1.161,689.3,198.727,5.987,0.00593,0.00120,0.00882;0.00917;0.00889;0.00776;0.00602;0.00534;0.00493;0.00355;0.00304;0.00200,
line-d-r01221,line-d,line-d-e23,33.2012421,-116.1486885,180.0,line-d-e24,33.2014015,-116.1484989,180.0,line-d-e27,33.2018797,-116.1479301,180.0,line-d-e28,33.2020391,-116.1477405,180.0,2026-08-20T18:29:12Z,dipole-dipole,3,6,1.629,491.0,200.353,7.906,0.00532,0.00090,0.00936;0.00804;0.00743;0.00691;0.00569;0.00464;0.00409;0.00341;0.00257;0.00186,
line-d-r01222,line-d,line-d-e23,33.2012421,-116.1486885,180.0,line-d-e24,33.2014015,-116.1484989,180.0,line-d-e27,33.2018797,-116.1479301,180.0,line-d-e28,33.2020391,-116.1477405,180.0,2026-08-20T18:29:24Z,dipole-dipole,3,8,1.344,595.1,180.280,6.480,0.00394,0.00148,0.00643;0.00638;0.00493;0.00453;0.00417;0.00350;0.00299;0.00272;0.00172;0.00136,
line-d-r01223,line-d,line-d-e23,33.2012421,-116.1486885,180.0,line-d-e24,33.2014015,-116.1484989,180.0,line-d-e27,33.2018797,-116.1479301,180.0,line-d-e28,33.2020391,-116.1477405,180.0,2026-08-20T18:29:36Z,dipole-dipole,3,7,1.394,573.9,195.051,7.677,0.00684,0.00103,0.01156;0.00923;0.00990;0.00896;0.00845;0.00669;0.00576;0.00448;0.00357;0.00261,
line-d-r01224,line-d,line-d-e23,33.2012421,-116.1486885,180.0,line-d-e24,33.2014015,-116.1484989,180.0,line-d-e27,33.2018797,-116.1479301,180.0,line-d-e28,33.2020391,-116.1477405,180.0,2026-08-20T18:29:48Z,dipole-dipole,3,7,1.329,602.0,203.681,8.122,0.00339,0.00105,0.00536;0.00529;0.00515;0.00409;0.00372;0.00305;0.00243;0.00237;0.00163;0.00135,
line-d-r01225,line-d,line-d-e23,33.2012421,-116.1486885,180.0,line-d-e24,33.2014015,-116.1484989,180.0,line-d-e28,33.2020391,-116.1477405,180.0,line-d-e29,33.2021984,-116.1475509,180.0,2026-08-20T18:30:00Z,dipole-dipole,4,4,1.699,470.9,215.751,8.114,0.00588,0.00120,0.00921;0.00800;0.00776;0.00704;0.00632;0.00600;0.00450;0.00404;0.00279;0.00213,
line-d-r01226,line-d,line-d-e23,33.2012421,-116.1486885,180.0,line-d-e24,33.2014015,-116.1484989,180.0,line-d-e28,33.2020391,-116.1477405,180.0,line-d-e29,33.2021984,-116.1475509,180.0,2026-08-20T18:30:12Z,dipole-dipole,4,6,1.270,629.9,202.816,8.023,0.00541,0.00083,0.00704;0.00798;0.00780;0.00723;0.00540;0.00519;0.00458;0.00334;0.00261;0.00195,
line-d-r01227,line-d,line-d-e23,33.2012421,-116.1486885,180.0,line-d-e24,33.2014015,-116.1484989,180.0,line-d-e28,33.2020391,-116.1477405,180.0,line-d-e29,33.2021984,-116.1475509,180.0,2026-08-20T18:30:24Z,dipole-dipole,4,4,1.578,506.9,211.161,7.760,0.00522,0.00081,0.00846;0.00782;0.00631;0.00687;0.00566;0.00525;0.00384;0.00318;0.00260;0.00191,
line-d-r01228,line-d,line-d-e23,33.2012421,-116.1486885,180.0,line-d-e24,33.2014015,-116.1484989,180.0,line-d-e28,33.2020391,-116.1477405,180.0,line-d-e29,33.2021984,-116.1475509,180.0,2026-08-20T18:30:36Z,dipole-dipole,4,4,1.339,597.3,193.572,7.153,0.00515,0.00106,0.00813;0.00788;0.00707;0.00704;0.00530;0.00438;0.00426;0.00349;0.00255;0.00169,
line-d-r01229,line-d,line-d-e23,33.2012421,-116.1486885,180.0,line-d-e24,33.2014015,-116.1484989,180.0,line-d-e28,33.2020391,-116.1477405,180.0,line-d-e29,33.2021984,-116.1475509,180.0,2026-08-20T18:30:48Z,dipole-dipole,4,7,1.172,682.3,191.742,5.991,0.00523,0.00103,0.00834;0.00757;0.00725;0.00621;0.00578;0.00565;0.00457;0.00348;0.00232;0.00184,
line-d-r01230,line-d,line-d-e23,33.2012421,-116.1486885,180.0,line-d-e24,33.2014015,-116.1484989,180.0,line-d-e28,33.2020391,-116.1477405,180.0,line-d-e29,33.2021984,-116.1475509,180.0,2026-08-20T18:31:00Z,dipole-dipole,4,5,1.280,625.0,188.628,7.782,0.00379,0.00114,0.00587;0.00516;0.00515;0.00450;0.00416;0.00347;0.00288;0.00244;0.00177;0.00131,
line-d-r01231,line-d,line-d-e23,33.2012421,-116.1486885,180.0,line-d-e24,33.2014015,-116.1484989,180.0,line-d-e29,33.2021984,-116.1475509,180.0,line-d-e30,33.2023578,-116.1473613,180.0,2026-08-20T18:31:12Z,dipole-dipole,5,7,0.882,906.6,198.517,9.652,0.00509,0.00127,0.00739;0.00715;0.00681;0.00562;0.00516;0.00521;0.00410;0.00320;0.00245;0.00182,
line-d-r01232,line-d,line-d-e23,33.2012421,-116.1486885,180.0,line-d-e24,33.2014015,-116.1484989,180.0,line-d-e29,33.2021984,-116.1475509,180.0,line-d-e30,33.2023578,-116.1473613,180.0,2026-08-20T18:31:24Z,dipole-dipole,5,4,1.424,561.7,208.115,7.620,0.00517,0.00118,0.00871;0.00786;0.00686;0.00683;0.00497;0.00536;0.00411;0.00322;0.00241;0.00193,
line-d-r01233,line-d,line-d-e23,33.2012421,-116.1486885,180.0,line-d-e24,33.2014015,-116.1484989,180.0,line-d-e29,33.2021984,-116.1475509,180.0,line-d-e30,33.2023578,-116.1473613,180.0,2026-08-20T18:31:36Z,dipole-dipole,5,3,1.632,490.2,195.511,6.254,0.00574,0.00088,0.00922;0.00853;0.00725;0.00748;0.00660;0.00556;0.00419;0.00394;0.00292;0.00214,
line-d-r01234,line-d,line-d-e23,33.2012421,-116.1486885,180.0,line-d-e24,33.2014015,-116.1484989,180.0,line-d-e29,33.2021984,-116.1475509,180.0,line-d-e30,33.2023578,-116.1473613,180.0,2026-08-20T18:31:48Z,dipole-dipole,5,6,1.553,515.2,207.154,7.867,0.00369,0.00115,0.00598;0.00572;0.00509;0.00492;0.00426;0.00392;0.00304;0.00226;0.00179;0.00131,
line-d-r01235,line-d,line-d-e23,33.2012421,-116.1486885,180.0,line-d-e24,33.2014015,-116.1484989,180.0,line-d-e29,33.2021984,-116.1475509,180.0,line-d-e30,33.2023578,-116.1473613,180.0,2026-08-20T18:32:00Z,dipole-dipole,5,3,1.357,589.7,200.553,5.259,0.00589,0.00135,0.01009;0.00875;0.00806;0.00629;0.00644;0.00583;0.00465;0.00352;0.00294;0.00202,
line-d-r01236,line-d,line-d-e23,33.2012421,-116.1486885,180.0,line-d-e24,33.2014015,-116.1484989,180.0,line-d-e29,33.2021984,-116.1475509,180.0,line-d-e30,33.2023578,-116.1473613,180.0,2026-08-20T18:32:12Z,dipole-dipole,5,4,1.548,516.8,187.857,7.433,0.00290,0.00107,0.00473;0.00429;0.00429;0.00353;0.00303;0.00304;0.00235;0.00182;0.00139;0.00091,
line-d-r01237,line-d,line-d-e23,33.2012421,-116.1486885,180.0,line-d-e24,33.2014015,-116.1484989,180.0,line-d-e29,33.2021984,-116.1475509,180.0,line-d-e30,33.2023578,-116.1473613,180.0,2026-08-20T18:32:24Z,dipole-dipole,5,4,1.357,589.6,202.434,7.940,0.00492,0.00108,0.00871;0.00714;0.00646;0.00592;0.00549;0.00467;0.00367;0.00311;0.00243;0.00175,
line-d-r01238,line-d,line-d-e24,33.2014015,-116.1484989,180.0,line-d-e25,33.2015609,-116.1483093,180.0,line-d-e26,33.2017203,-116.1481197,180.0,line-d-e27,33.2018797,-116.1479301,180.0,2026-08-20T18:32:36Z,dipole-dipole,1,8,0.592,1351.1,191.838,7.385,0.00446,0.00117,0.00697;0.00707;0.00615;0.00507;0.00476;0.00384;0.00362;0.00287;0.00216;0.00147,
line-d-r01239,line-d,line-d-e24,33.2014015,-116.1484989,180.0,line-d-e25,33.2015609,-116.1483093,180.0,line-d-e26,33.2017203,-116.1481197,180.0,line-d-e27,33.2018797,-116.1479301,180.0,2026-08-20T18:32:48Z,dipole-dipole,1,3,1.035,773.1,213.550,8.934,0.00521,0.00117,0.00733;0.00710;0.00697;0.00625;0.00580;0.00484;0.00433;0.00329;0.00227;0.00173,
line-d-r01240,line-d,line-d-e24,33.2014015,-116.1484989,180.0,line-d-e25,33.2015609,-116.1483093,180.0,line-d-e26,33.2017203,-116.1481197,180.0,line-d-e27,33.2018797,-116.1479301,180.0,2026-08-20T18:33:00Z,dipole-dipole,1,5,0.713,1122.4,210.203,6.491,0.00431,0.00122,0.00698;0.00662;0.00590;0.00517;0.00522;0.00446;0.00345;0.00294;0.00203;0.00153,
line-d-r01241,line-d,line-d-e24,33.2014015,-116.1484989,180.0,line-d-e25,33.2015609,-116.1483093,180.0,line-d-e26,33.2017203,-116.1481197,180.0,line-d-e27,33.2018797,-116.1479301,180.0,2026-08-20T18:33:12Z,dipole-dipole,1,4,0.754,1061.0,216.087,6.086,0.00454,0.00108,0.00755;0.00660;0.00651;0.00574;0.00487;0.00496;0.00315;0.00291;0.00216;0.00161,
line-d-r01242,line-d,line-d-e24,33.2014015,-116.1484989,180.0,line-d-e25,33.2015609,-116.1483093,180.0,line-d-e26,33.2017203,-116.1481197,180.0,line-d-e27,33.2018797,-116.1479301,180.0,2026-08-20T18:33:24Z,dipole-dipole,1,4,0.946,846.0,221.274,10.259,0.00438,0.00099,0.00695;0.00613;0.00584;0.00545;0.00524;0.00391;0.00348;0.00262;0.00199;0.00139,
line-d-r01243,line-d,line-d-e24,33.2014015,-116.1484989,180.0,line-d-e25,33.2015609,-116.1483093,180.0,line-d-e26,33.2017203,-116.1481197,180.0,line-d-e27,33.2018797,-116.1479301,180.0,2026-08-20T18:33:36Z,dipole-dipole,1,8,0.752,1063.2,203.054,8.376,0.00514,0.00080,0.00870;0.00800;0.00719;0.00594;0.00487;0.00477;0.00400;0.00298;0.00258;0.00186,
line-d-r01244,line-d,line-d-e24,33.2014015,-116.1484989,180.0,line-d-e25,33.2015609,-116.1483093,180.0,line-d-e27,33.2018797,-116.1479301,180.0,line-d-e28,33.2020391,-116.1477405,180.0,2026-08-20T18:33:48Z,dipole-dipole,2,7,0.973,822.2,187.756,5.335,0.00458,0.00094,0.00669;0.00670;0.00673;0.00536;0.00469;0.00450;0.00384;0.00280;0.00229;0.00164,
line-d-r01245,line-d,line-d-e24,33.2014015,-116.1484989,180.0,line-d-e25,33.2015609,-116.1483093,180.0,line-d-e27,33.2018797,-116.1479301,180.0,line-d-e28,33.2020391,-116.1477405,180.0,2026-08-20T18:34:00Z,dipole-dipole,2,7,0.736,1087.3,193.689,8.869,0.00385,0.00085,0.00575;0.00649;0.00572;0.00440;0.00419;0.00375;0.00297;0.00245;0.00188;0.00142,
line-d-r01246,line-d,line-d-e24,33.2014015,-116.1484989,180.0,line-d-e25,33.2015609,-116.1483093,180.0,line-d-e27,33.2018797,-116.1479301,180.0,line-d-e28,33.2020391,-116.1477405,180.0,2026-08-20T18:34:12Z,dipole-dipole,2,7,0.904,885.3,203.006,8.346,0.00493,0.00099,0.00832;0.00758;0.00612;0.00596;0.00508;0.00499;0.00389;0.00316;0.00278;0.00175,
line-d-r01247,line-d,line-d-e24,33.2014015,-116.1484989,180.0,line-d-e25,33.2015609,-116.1483093,180.0,line-d-e27,33.2018797,-116.1479301,180.0,line-d-e28,33.2020391,-116.1477405,180.0,2026-08-20T18:34:24Z,dipole-dipole,2,8,0.988,809.8,205.013,6.521,0.00386,0.00138,0.00623;0.00604;0.00521;0.00503;0.00434;0.00366;0.00306;0.00245;0.00188;0.00126,
line-d-r01248,line-d,line-d-e24,33.2014015,-116.1484989,180.0,line-d-e25,33.2015609,-116.1483093,180.0,line-d-e27,33.2018797,-116.1479301,180.0,line-d-e28,33.2020391,-116.1477405,180.0,2026-08-20T18:34:36Z,dipole-dipole,2,4,0.737,1085.2,196.497,7.773,0.00675,0.00114,0.00243;0.00342;0.00419;0.00561;0.00724;0.00752;0.00868;0.00975;0.00965;0.01150,
line-d-r01249,line-d,line-d-e24,33.2014015,-116.1484989,180.0,line-d-e25,33.2015609,-116.1483093,180.0,line-d-e27,33.2018797,-116.1479301,180.0,line-d-e28,33.2020391,-116.1477405,180.0,2026-08-20T18:34:48Z,dipole-dipole,2,3,0.875,914.7,189.668,7.249,0.00652,0.00111,0.01051;0.00946;0.00963;0.00823;0.00691;0.00667;0.00482;0.00442;0.00327;0.00220,
line-d-r01250,line-d,line-d-e24,33.2014015,-116.1484989,180.0,line-d-e25,33.2015609,-116.1483093,180.0,line-d-e28,33.2020391,-116.1477405,180.0,line-d-e29,33.2021984,-116.1475509,180.0,2026-08-20T18:35:00Z,dipole-dipole,3,6,0.860,929.7,196.254,6.538,0.00469,0.00084,0.00734;0.00681;0.00731;0.00592;0.00548;0.00459;0.00372;0.00306;0.00237;0.00167,
line-d-r01251,line-d,line-d-e24,33.2014015,-116.1484989,180.0,line-d-e25,33.2015609,-116.1483093,180.0,line-d-e28,33.2020391,-116.1477405,180.0,line-d-e29,33.2021984,-116.1475509,180.0,2026-08-20T18:35:12Z,dipole-dipole,3,7,1.056,757.4,211.279,8.812,0.00548,0.00092,0.00820;0.00838;0.00784;0.00642;0.00629;0.00520;0.00412;0.00347;0.00273;0.00193,
line-d-r01252,line-d,line-d-e24,33.2014015,-116.1484989,180.0,line-d-e25,33.2015609,-116.1483093,180.0,line-d-e28,33.2020391,-116.1477405,180.0,line-d-e29,33.2021984,-116.1475509,180.0,2026-08-20T18:35:24Z,dipole-dipole,3,5,0.889,899.7,207.944,5.265,0.00409,0.00099,0.00654;0.00595;0.00531;0.00497;0.00454;0.00427;0.00355;0.00276;0.00182;0.00149,
line-d-r01253,line-d,line-d-e24,33.2014015,-116.1484989,180.0,line-d-e25,33.2015609,-116.1483093,180.0,line-d-e28,33.2020391,-116.1477405,180.0,line-d-e29,33.2021984,-116.1475509,180.0,2026-08-20T18:35:36Z,dipole-dipole,3,6,0.793,1009.0,209.620,6.722,0.00561,0.00101,0.00925;0.00843;0.00801;0.00640;0.00617;0.00531;0.00401;0.00379;0.00265;0.00200,
line-d-r01254,line-d,line-d-e24,33.2014015,-116.1484989,180.0,line-d-e25,33.2015609,-116.1483093,180.0,line-d-e28,33.2020391,-116.1477405,180.0,line-d-e29,33.2021984,-116.1475509,180.0,2026-08-20T18:35:48Z,dipole-dipole,3,6,0.721,1110.1,196.390,6.854,0.00468,0.00098,0.00680;0.00674;0.00623;0.00574;0.00561;0.00432;0.00399;0.00281;0.00236;0.00150,
line-d-r01255,line-d,line-d-e24,33.2014015,-116.1484989,180.0,line-d-e25,33.2015609,-116.1483093,180.0,line-d-e28,33.2020391,-116.1477405,180.0,line-d-e29,33.2021984,-116.1475509,180.0,2026-08-20T18:36:00Z,dipole-dipole,3,5,0.603,1327.4,198.782,8.639,0.00466,0.00081,0.00821;0.00690;0.00667;0.00534;0.00515;0.00441;0.00361;0.00299;0.00237;0.00164,
line-d-r01256,line-d,line-d-e24,33.2014015,-116.1484989,180.0,line-d-e25,33.2015609,-116.1483093,180.0,line-d-e28,33.2020391,-116.1477405,180.0,line-d-e29,33.2021984,-116.1475509,180.0,2026-08-20T18:36:12Z,dipole-dipole,3,4,0.836,956.4,191.651,7.346,0.00623,0.00128,0.00967;0.00881;0.00922;0.00714;0.00682;0.00578;0.00467;0.00358;0.00313;0.00234,
line-d-r01257,line-d,line-d-e24,33.2014015,-116.1484989,180.0,line-d-e25,33.2015609,-116.1483093,180.0,line-d-e29,33.2021984,-116.1475509,180.0,line-d-e30,33.2023578,-116.1473613,180.0,2026-08-20T18:36:24Z,dipole-dipole,4,6,0.847,944.7,204.546,7.787,0.00503,0.00092,0.00789;0.00729;0.00669;0.00655;0.00558;0.00525;0.00355;0.00330;0.00238;0.00165,
line-d-r01258,line-d,line-d-e24,33.2014015,-116.1484989,180.0,line-d-e25,33.2015609,-116.1483093,180.0,line-d-e29,33.2021984,-116.1475509,180.0,line-d-e30,33.2023578,-116.1473613,180.0,2026-08-20T18:36:36Z,dipole-dipole,4,6,0.776,1030.8,194.709,6.925,0.00458,0.00117,0.00768;0.00655;0.00728;0.00537;0.00528;0.00436;0.00451;0.00277;0.00221;0.00162,
line-d-r01259,line-d,line-d-e24,33.2014015,-116.1484989,180.0,line-d-e25,33.2015609,-116.1483093,180.0,line-d-e29,33.2021984,-116.1475509,180.0,line-d-e30,33.2023578,-116.1473613,180.0,2026-08-20T18:36:48Z,dipole-dipole,4,4,1.196,668.6,208.396,10.690,0.00576,0.00085,0.00976;0.00930;0.00841;0.00687;0.00694;0.00485;0.00503;0.00356;0.00264;0.00204,
line-d-r01260,line-d,line-d-e24,33.2014015,-116.1484989,180.0,line-d-e25,33.2015609,-116.1483093,180.0,line-d-e29,33.2021984,-116.1475509,180.0,line-d-e30,33.2023578,-116.1473613,180.0,2026-08-20T18:37:00Z,dipole-dipole,4,4,0.731,1094.9,195.435,8.429,0.00561,0.00112,0.00800;0.00880;0.00749;0.00707;0.00592;0.00480;0.00471;0.00353;0.00274;0.00186,
line-d-r01261,line-d,line-d-e24,33.2014015,-116.1484989,180.0,line-d-e25,33.2015609,-116.1483093,180.0,line-d-e29,33.2021984,-116.1475509,180.0,line-d-e30,33.2023578,-116.1473613,180.0,2026-08-20T18:37:12Z,dipole-dipole,4,7,0.964,830.2,205.392,8.109,0.00452,0.00094,0.00674;0.00668;0.00637;0.00519;0.00488;0.00403;0.00356;0.00302;0.00220;0.00141,
line-d-r01262,line-d,line-d-e24,33.2014015,-116.1484989,180.0,line-d-e25,33.2015609,-116.1483093,180.0,line-d-e29,33.2021984,-116.1475509,180.0,line-d-e30,33.2023578,-116.1473613,180.0,2026-08-20T18:37:24Z,dipole-dipole,4,3,0.772,1036.4,186.261,7.722,0.00476,0.00102,0.00786;0.00642;0.00675;0.00610;0.00526;0.00442;0.00419;0.00289;0.00272;0.00145,
line-d-r01263,line-d,line-d-e25,33.2015609,-116.1483093,180.0,line-d-e26,33.2017203,-116.1481197,180.0,line-d-e27,33.2018797,-116.1479301,180.0,line-d-e28,33.2020391,-116.1477405,180.0,2026-08-20T18:37:36Z,dipole-dipole,1,8,0.944,847.5,209.663,8.348,0.00296,0.00100,0.00456;0.00419;0.00405;0.00351;0.00302;0.00312;0.00240;0.00178;0.00134;0.00110,
line-d-r01264,line-d,line-d-e25,33.2015609,-116.1483093,180.0,line-d-e26,33.2017203,-116.1481197,180.0,line-d-e27,33.2018797,-116.1479301,180.0,line-d-e28,33.2020391,-116.1477405,180.0,2026-08-20T18:37:48Z,dipole-dipole,1,3,0.699,1143.8,221.504,656.219,0.00574,0.00142,0.00995;0.00811;0.00759;0.00644;0.00706;0.00571;0.00518;0.00336;0.00281;0.00202,
line-d-r01265,line-d,line-d-e25,33.2015609,-116.1483093,180.0,line-d-e26,33.2017203,-116.1481197,180.0,line-d-e27,33.2018797,-116.1479301,180.0,line-d-e28,33.2020391,-116.1477405,180.0,2026-08-20T18:38:00Z,dipole-dipole,1,6,0.866,924.3,203.780,7.088,0.00403,0.00105,0.00707;0.00579;0.00585;0.00530;0.00487;0.00395;0.00349;0.00263;0.00183;0.00145,
line-d-r01266,line-d,line-d-e25,33.2015609,-116.1483093,180.0,line-d-e26,33.2017203,-116.1481197,180.0,line-d-e27,33.2018797,-116.1479301,180.0,line-d-e28,33.2020391,-116.1477405,180.0,2026-08-20T18:38:12Z,dipole-dipole,1,5,0.687,1164.0,187.669,7.546,0.00399,0.00107,0.00637;0.00552;0.00624;0.00468;0.00459;0.00391;0.00318;0.00263;0.00211;0.00147,
line-d-r01267,line-d,line-d-e25,33.2015609,-116.1483093,180.0,line-d-e26,33.2017203,-116.1481197,180.0,line-d-e27,33.2018797,-116.1479301,180.0,line-d-e28,33.2020391,-116.1477405,180.0,2026-08-20T18:38:24Z,dipole-dipole,1,7,0.588,1360.6,215.991,7.129,0.00574,0.00120,0.00874;0.00928;0.00782;0.00680;0.00667;0.00532;0.00470;0.00355;0.00284;0.00190,
line-d-r01268,line-d,line-d-e25,33.2015609,-116.1483093,180.0,line-d-e26,33.2017203,-116.1481197,180.0,line-d-e27,33.2018797,-116.1479301,180.0,line-d-e28,33.2020391,-116.1477405,180.0,2026-08-20T18:38:36Z,dipole-dipole,1,4,1.005,795.9,208.724,11.014,0.00419,0.00097,0.00682;0.00653;0.00564;0.00529;0.00503;0.00372;0.00313;0.00266;0.00195;0.00151,
line-d-r01269,line-d,line-d-e25,33.2015609,-116.1483093,180.0,line-d-e26,33.2017203,-116.1481197,180.0,line-d-e28,33.2020391,-116.1477405,180.0,line-d-e29,33.2021984,-116.1475509,180.0,2026-08-20T18:38:48Z,dipole-dipole,2,7,0.801,998.3,205.710,7.459,0.00467,0.00074,0.00768;0.00661;0.00677;0.00533;0.00564;0.00415;0.00331;0.00276;0.00215;0.00166,
line-d-r01270,line-d,line-d-e25,33.2015609,-116.1483093,180.0,line-d-e26,33.2017203,-116.1481197,180.0,line-d-e28,33.2020391,-116.1477405,180.0,line-d-e29,33.2021984,-116.1475509,180.0,2026-08-20T18:39:00Z,dipole-dipole,2,5,0.707,1132.0,196.988,6.077,0.00310,0.00131,0.00467;0.00426;0.00460;0.00373;0.00294;0.00302;0.00251;0.00190;0.00150;0.00121,
line-d-r01271,line-d,line-d-e25,33.2015609,-116.1483093,180.0,line-d-e26,33.2017203,-116.1481197,180.0,line-d-e28,33.2020391,-116.1477405,180.0,line-d-e29,33.2021984,-116.1475509,180.0,2026-08-20T18:39:12Z,dipole-dipole,2,6,0.693,1155.2,200.236,7.154,0.00552,0.00085,0.00849;0.00765;0.00741;0.00674;0.00572;0.00532;0.00421;0.00352;0.00261;0.00181,
line-d-r01272,line-d,line-d-e25,33.2015609,-116.1483093,180.0,line-d-e26,33.2017203,-116.1481197,180.0,line-d-e28,33.2020391,-116.1477405,180.0,line-d-e29,33.2021984,-116.1475509,180.0,2026-08-20T18:39:24Z,dipole-dipole,2,7,0.898,890.6,207.448,8.176,0.00524,0.00102,0.00775;0.00741;0.00701;0.00634;0.00529;0.00458;0.00416;0.00293;0.00260;0.00182,
line-d-r01273,line-d,line-d-e25,33.2015609,-116.1483093,180.0,line-d-e26,33.2017203,-116.1481197,180.0,line-d-e28,33.2020391,-116.1477405,180.0,line-d-e29,33.2021984,-116.1475509,180.0,2026-08-20T18:39:36Z,dipole-dipole,2,5,0.571,1401.6,206.091,8.546,0.00349,0.00126,0.00578;0.00524;0.00462;0.00429;0.00385;0.00366;0.00277;0.00235;0.00186;0.00123,
line-d-r01274,line-d,line-d-e25,33.2015609,-116.1483093,180.0,line-d-e26,33.2017203,-116.1481197,180.0,line-d-e28,33.2020391,-116.1477405,180.0,line-d-e29,33.2021984,-116.1475509,180.0,2026-08-20T18:39:48Z,dipole-dipole,2,5,0.638,1254.2,196.897,8.494,0.00521,0.00089,0.00845;0.00731;0.00727;0.00648;0.00548;0.00473;0.00421;0.00310;0.00251;0.00179,
line-d-r01275,line-d,line-d-e25,33.2015609,-116.1483093,180.0,line-d-e26,33.2017203,-116.1481197,180.0,line-d-e28,33.2020391,-116.1477405,180.0,line-d-e29,33.2021984,-116.1475509,180.0,2026-08-20T18:40:00Z,dipole-dipole,2,4,0.854,937.1,195.168,8.891,0.00454,0.00108,0.00748;0.00705;0.00629;0.00524;0.00450;0.00430;0.00307;0.00280;0.00199;0.00166,
line-d-r01276,line-d,line-d-e25,33.2015609,-116.1483093,180.0,line-d-e26,33.2017203,-116.1481197,180.0,line-d-e29,33.2021984,-116.1475509,180.0,line-d-e30,33.2023578,-116.1473613,180.0,2026-08-20T18:40:12Z,dipole-dipole,3,4,0.715,1118.9,189.742,6.937,0.00267,0.00109,0.00419;0.00408;0.00362;0.00349;0.00284;0.00251;0.00215;0.00167;0.00126;0.00092,
line-d-r01277,line-d,line-d-e25,33.2015609,-116.1483093,180.0,line-d-e26,33.2017203,-116.1481197,180.0,line-d-e29,33.2021984,-116.1475509,180.0,line-d-e30,33.2023578,-116.1473613,180.0,2026-08-20T18:40:24Z,dipole-dipole,3,5,0.857,933.5,202.045,5.916,0.00563,0.00093,0.00925;0.00847;0.00776;0.00673;0.00610;0.00521;0.00448;0.00357;0.00279;0.00198,
line-d-r00723,line-d,line-d-e25,33.2015609,-116.1483093,180.0,line-d-e26,33.2017203,-116.1481197,180.0,line-d-e29,33.2021984,-116.1475509,180.0,line-d-e30,33.2023578,-116.1473613,180.0,2026-08-20T18:40:36Z,dipole-dipole,3,6,0.905,883.7,203.847,7.634,0.00546,0.00104,0.00814;0.00764;0.00751;0.00649;0.00614;0.00565;0.00455;0.00365;0.00268;0.00187,
line-d-r01279,line-d,line-d-e25,33.2015609,-116.1483093,180.0,line-d-e26,33.2017203,-116.1481197,180.0,line-d-e29,33.2021984,-116.1475509,180.0,line-d-e30,33.2023578,-116.1473613,180.0,2026-08-20T18:40:48Z,dipole-dipole,3,5,0.861,929.5,200.342,7.376,0.00563,0.00090,0.00912;0.00738;0.00718;0.00764;0.00607;0.00534;0.00448;0.00345;0.00258;0.00206,
line-d-r01280,line-d,line-d-e25,33.2015609,-116.1483093,180.0,line-d-e26,33.2017203,-116.1481197,180.0,line-d-e29,33.2021984,-116.1475509,180.0,line-d-e30,33.2023578,-116.1473613,180.0,2026-08-20T18:41:00Z,dipole-dipole,3,8,0.953,839.2,203.494,8.855,0.00522,0.00095,0.00892;0.00789;0.00695;0.00616;0.00641;0.00460;0.00373;0.00315;0.00273;0.00173,
line-d-r01281,line-d,line-d-e25,33.2015609,-116.1483093,180.0,line-d-e26,33.2017203,-116.1481197,180.0,line-d-e29,33.2021984,-116.1475509,180.0,line-d-e30,33.2023578,-116.1473613,180.0,2026-08-20T18:41:12Z,dipole-dipole,3,8,0.700,1142.9,206.772,7.685,0.00590,0.00107,0.00917;0.00900;0.00921;0.00785;0.00701;0.00518;0.00444;0.00389;0.00264;0.00193,
line-d-r01282,line-d,line-d-e25,33.2015609,-116.1483093,180.0,line-d-e26,33.2017203,-116.1481197,180.0,line-d-e29,33.2021984,-116.1475509,180.0,line-d-e30,33.2023578,-116.1473613,180.0,2026-08-20T18:41:24Z,dipole-dipole,3,7,0.856,934.8,209.620,7.917,0.00525,0.00072,0.00812;0.00846;0.00753;0.00673;0.00608;0.00427;0.00474;0.00316;0.00259;0.00166,
line-d-r01283,line-d,line-d-e26,33.2017203,-116.1481197,180.0,line-d-e27,33.2018797,-116.1479301,180.0,line-d-e28,33.2020391,-116.1477405,180.0,line-d-e29,33.2021984,-116.1475509,180.0,2026-08-20T18:41:36Z,dipole-dipole,1,7,1.410,567.3,205.546,8.057,0.00505,0.00085,0.00835;0.00660;0.00663;0.00653;0.00529;0.00496;0.00378;0.00347;0.00244;0.00156,
line-d-r01284,line-d,line-d-e26,33.2017203,-116.1481197,180.0,line-d-e27,33.2018797,-116.1479301,180.0,line-d-e28,33.2020391,-116.1477405,180.0,line-d-e29,33.2021984,-116.1475509,180.0,2026-08-20T18:41:48Z,dipole-dipole,1,8,1.306,612.3,206.232,7.876,0.00532,0.00108,0.00805;0.00730;0.00726;0.00699;0.00614;0.00512;0.00430;0.00333;0.00255;0.00209,
line-d-r01285,line-d,line-d-e26,33.2017203,-116.1481197,180.0,line-d-e27,33.2018797,-116.1479301,180.0,line-d-e28,33.2020391,-116.1477405,180.0,line-d-e29,33.2021984,-116.1475509,180.0,2026-08-20T18:42:00Z,dipole-dipole,1,7,1.523,525.2,-197.617,8.251,0.00437,0.00085,0.00674;0.00680;0.00545;0.00530;0.00483;0.00423;0.00348;0.00272;0.00229;0.00153,
line-d-r01286,line-d,line-d-e26,33.2017203,-116.1481197,180.0,line-d-e27,33.2018797,-116.1479301,180.0,line-d-e28,33.2020391,-116.1477405,180.0,line-d-e29,33.2021984,-116.1475509,180.0,2026-08-20T18:42:12Z,dipole-dipole,1,7,1.144,699.3,207.794,7.956,0.00425,0.00081,0.00736;0.00672;0.00573;0.00568;0.00474;0.00405;0.00303;0.00265;0.00212;0.00156,
line-d-r01287,line-d,line-d-e26,33.2017203,-116.1481197,180.0,line-d-e27,33.2018797,-116.1479301,180.0,line-d-e28,33.2020391,-116.1477405,180.0,line-d-e29,33.2021984,-116.1475509,180.0,2026-08-20T18:42:24Z,dipole-dipole,1,8,1.200,666.7,202.833,8.096,0.00587,0.00098,0.00925;0.00784;0.00876;0.00745;0.00627;0.00580;0.00492;0.00382;0.00280;0.00203,
line-d-r01288,line-d,line-d-e26,33.2017203,-116.1481197,180.0,line-d-e27,33.2018797,-116.1479301,180.0,line-d-e28,33.2020391,-116.1477405,180.0,line-d-e29,33.2021984,-116.1475509,180.0,2026-08-20T18:42:36Z,dipole-dipole,1,6,0.902,886.6,195.387,7.973,0.00523,0.00084,0.00832;0.00803;0.00739;0.00632;0.00608;0.00483;0.00411;0.00323;0.00259;0.00170,
line-d-r01289,line-d,line-d-e26,33.2017203,-116.1481197,180.0,line-d-e27,33.2018797,-116.1479301,180.0,line-d-e28,33.2020391,-116.1477405,180.0,line-d-e29,33.2021984,-116.1475509,180.0,2026-08-20T18:42:48Z,dipole-dipole,1,4,1.173,682.1,197.279,8.932,0.00541,0.00096,0.00842;0.00855;0.00799;0.00629;0.00605;0.00514;0.00444;0.00378;0.00287;0.00194,
line-d-r01290,line-d,line-d-e26,33.2017203,-116.1481197,180.0,line-d-e27,33.2018797,-116.1479301,180.0,line-d-e28,33.2020391,-116.1477405,180.0,line-d-e29,33.2021984,-116.1475509,180.0,2026-08-20T18:43:00Z,dipole-dipole,1,4,1.178,679.4,197.473,8.202,0.00478,0.00106,0.00708;0.00763;0.00647;0.00572;0.00520;0.00430;0.00383;0.00311;0.00243;0.00181,
line-d-r01291,line-d,line-d-e26,33.2017203,-116.1481197,180.0,line-d-e27,33.2018797,-116.1479301,180.0,line-d-e29,33.2021984,-116.1475509,180.0,line-d-e30,33.2023578,-116.1473613,180.0,2026-08-20T18:43:12Z,dipole-dipole,2,7,1.181,677.3,181.907,7.981,0.00527,0.00117,0.00870;0.00840;0.00706;0.00616;0.00528;0.00549;0.00413;0.00391;0.00289;0.00153,
line-d-r01292,line-d,line-d-e26,33.2017203,-116.1481197,180.0,line-d-e27,33.2018797,-116.1479301,180.0,line-d-e29,33.2021984,-116.1475509,180.0,line-d-e30,33.2023578,-116.1473613,180.0,2026-08-20T18:43:24Z,dipole-dipole,2,5,1.091,733.3,196.714,6.747,0.00539,0.00095,0.00827;0.00823;0.00790;0.00691;0.00569;0.00534;0.00411;0.00367;0.00258;0.00198,
line-d-r01293,line-d,line-d-e26,33.2017203,-116.1481197,180.0,line-d-e27,33.2018797,-116.1479301,180.0,line-d-e29,33.2021984,-116.1475509,180.0,line-d-e30,33.2023578,-116.1473613,180.0,2026-08-20T18:43:36Z,dipole-dipole,2,4,1.462,547.2,211.929,7.703,0.00618,0.00130,0.01091;0.00916;0.00868;0.00753;0.00672;0.00548;0.00511;0.00376;0.00307;0.00213,
line-d-r01294,line-d,line-d-e26,33.2017203,-116.1481197,180.0,line-d-e27,33.2018797,-116.1479301,180.0,line-d-e29,33.2021984,-116.1475509,180.0,line-d-e30,33.2023578,-116.1473613,180.0,2026-08-20T18:43:48Z,dipole-dipole,2,8,1.734,461.3,204.481,7.083,0.00446,0.00112,0.00724;0.00627;0.00659;0.00549;0.00496;0.00447;0.00362;0.00297;0.00212;0.00169,
line-d-r01295,line-d,line-d-e26,33.2017203,-116.1481197,180.0,line-d-e27,33.2018797,-116.1479301,180.0,line-d-e29,33.2021984,-116.1475509,180.0,line-d-e30,33.2023578,-116.1473613,180.0,2026-08-20T18:44:00Z,dipole-dipole,2,6,1.368,584.6,205.873,9.984,0.00497,0.00101,0.00773;0.00681;0.00635;0.00578;0.00546;0.00425;0.00370;0.00306;0.00258;0.00184,
line-d-r01296,line-d,line-d-e26,33.2017203,-116.1481197,180.0,line-d-e27,33.2018797,-116.1479301,180.0,line-d-e29,33.2021984,-116.1475509,180.0,line-d-e30,33.2023578,-116.1473613,180.0,2026-08-20T18:44:12Z,dipole-dipole,2,6,1.237,646.5,186.408,7.482,0.00559,0.00115,0.00984;0.00817;0.00814;0.00701;0.00540;0.00491;0.00458;0.00349;0.00283;0.00192,
line-d-r01297,line-d,line-d-e27,33.2018797,-116.1479301,180.0,line-d-e28,33.2020391,-116.1477405,180.0,line-d-e29,33.2021984,-116.1475509,180.0,line-d-e30,33.2023578,-116.1473613,180.0,2026-08-20T18:44:24Z,dipole-dipole,1,8,1.599,500.5,205.779,600.371,0.00538,0.00103,0.00790;0.00750;0.00642;0.00687;0.00585;0.00523;0.00429;0.00347;0.00238;0.00218,
line-d-r01298,line-d,line-d-e27,33.2018797,-116.1479301,180.0,line-d-e28,33.2020391,-116.1477405,180.0,line-d-e29,33.2021984,-116.1475509,180.0,line-d-e30,33.2023578,-116.1473613,180.0,2026-08-20T18:44:36Z,dipole-dipole,1,7,2.000,398.3,207.282,7.151,0.00461,0.00106,0.00761;0.00677;0.00602;0.00579;0.00526;0.00471;0.00335;0.00290;0.00225;0.00167,
line-d-r01299,line-d,line-d-e27,33.2018797,-116.1479301,180.0,line-d-e28,33.2020391,-116.1477405,180.0,line-d-e29,33.2021984,-116.1475509,180.0,line-d-e30,33.2023578,-116.1473613,180.0,2026-08-20T18:44:48Z,dipole-dipole,1,3,1.247,641.4,212.157,7.963,0.00727,0.00129,0.01140;0.01072;0.00975;0.00905;0.00781;0.00626;0.00545;0.00478;0.00346;0.00269,
line-d-r01300,line-d,line-d-e27,33.2018797,-116.1479301,180.0,line-d-e28,33.2020391,-116.1477405,180.0,line-d-e29,33.2021984,-116.1475509,180.0,line-d-e30,33.2023578,-116.1473613,180.0,2026-08-20T18:45:00Z,dipole-dipole,1,3,1.491,536.5,203.567,7.616,0.00376,0.00098,0.00584;0.00559;0.00497;0.00449;0.00389;0.00367;0.00312;0.00233;0.00181;0.00126,
line-d-r01301,line-d,line-d-e27,33.2018797,-116.1479301,180.0,line-d-e28,33.2020391,-116.1477405,180.0,line-d-e29,33.2021984,-116.1475509,180.0,line-d-e30,33.2023578,-116.1473613,180.0,2026-08-20T18:45:12Z,dipole-dipole,1,6,1.076,743.4,207.030,8.995,0.00669,0.00091,0.01000;0.01037;0.00821;0.00901;0.00734;0.00612;0.00558;0.00389;0.00357;0.00231,
line-d-r01302,line-d,line-d-e27,33.2018797,-116.1479301,180.0,line-d-e28,33.2020391,-116.1477405,180.0,line-d-e29,33.2021984,-116.1475509,180.0,line-d-e30,33.2023578,-116.1473613,180.0,2026-08-20T18:45:24Z,dipole-dipole,1,4,1.434,557.7,195.938,8.168,0.00535,0.00089,0.00900;0.00784;0.00802;0.00648;0.00654;0.00500;0.00400;0.00354;0.00224;0.00177,
line-d-r01303,line-d,line-d-e27,33.2018797,-116.1479301,180.0,line-d-e28,33.2020391,-116.1477405,180.0,line-d-e29,33.2021984,-116.1475509,180.0,line-d-e30,33.2023578,-116.1473613,180.0,2026-08-20T18:45:36Z,dipole-dipole,1,3,1.322,605.1,196.855,6.443,0.00353,0.00111,0.00548;0.00512;0.00487;0.00474;0.00393;0.00332;0.00268;0.00248;0.00175;0.00127,
line-d-r01304,line-d,line-d-e21,33.2009233,-116.1490677,180.0,line-d-e22,33.2010827,-116.1488781,180.0,line-d-e30,33.2023578,-116.1473613,180.0,line-d-e31,33.2025172,-116.1471717,180.0,2026-08-20T19:10:48Z,dipole-dipole,8,4,0.947,844.8,208.392,7.529,0.00661,0.00120,0.01022;0.00976;0.00829;0.00775;0.00678;0.00639;0.00500;0.00454;0.00361;0.00233,
line-d-r01305,line-d,line-d-e21,33.2009233,-116.1490677,180.0,line-d-e22,33.2010827,-116.1488781,180.0,line-d-e30,33.2023578,-116.1473613,180.0,line-d-e31,33.2025172,-116.1471717,180.0,2026-08-20T19:11:00Z,dipole-dipole,8,5,0.908,881.5,207.679,7.531,0.00598,0.00100,0.00966;0.00918;0.00802;0.00755;0.00597;0.00575;0.00518;0.00387;0.00287;0.00224,
line-d-r01306,line-d,line-d-e21,33.2009233,-116.1490677,180.0,line-d-e22,33.2010827,-116.1488781,180.0,line-d-e30,33.2023578,-116.1473613,180.0,line-d-e31,33.2025172,-116.1471717,180.0,2026-08-20T19:11:12Z,dipole-dipole,8,8,0.987,810.4,198.499,7.414,0.00552,0.00107,0.01023;0.00849;0.00741;0.00684;0.00631;0.00532;0.00397;0.00355;0.00269;0.00194,
line-d-r01307,line-d,line-d-e21,33.2009233,-116.1490677,180.0,line-d-e22,33.2010827,-116.1488781,180.0,line-d-e30,33.2023578,-116.1473613,180.0,line-d-e31,33.2025172,-116.1471717,180.0,2026-08-20T19:11:24Z,dipole-dipole,8,3,0.947,844.6,201.880,9.052,0.00512,0.00101,0.00845;0.00772;0.00661;0.00603;0.00497;0.00487;0.00362;0.00330;0.00277;0.00187,
line-d-r01308,line-d,line-d-e21,33.2009233,-116.1490677,180.0,line-d-e22,33.2010827,-116.1488781,180.0,line-d-e30,33.2023578,-116.1473613,180.0,line-d-e31,33.2025172,-116.1471717,180.0,2026-08-20T19:11:36Z,dipole-dipole,8,3,0.978,817.9,208.261,7.176,0.00457,0.00112,0.00751;0.00643;0.00600;0.00570;0.00532;0.00444;0.00395;0.00307;0.00210;0.00161,
line-d-r01309,line-d,line-d-e21,33.2009233,-116.1490677,180.0,line-d-e22,33.2010827,-116.1488781,180.0,line-d-e30,33.2023578,-116.1473613,180.0,line-d-e31,33.2025172,-116.1471717,180.0,2026-08-20T19:11:48Z,dipole-dipole,8,7,0.774,1033.0,201.863,8.717,0.00464,0.00097,0.00735;0.00713;0.00634;0.00529;0.00509;0.00486;0.00359;0.00296;0.00234;0.00158,
line-d-r01310,line-d,line-d-e21,33.2009233,-116.1490677,180.0,line-d-e22,33.2010827,-116.1488781,180.0,line-d-e30,33.2023578,-116.1473613,180.0,line-d-e31,33.2025172,-116.1471717,180.0,2026-08-20T19:12:00Z,dipole-dipole,8,6,0.822,973.0,202.971,6.769,0.00570,0.00083,0.00872;0.00898;0.00705;0.00760;0.00591;0.00520;0.00481;0.00353;0.00276;0.00216,
line-d-r01311,line-d,line-d-e21,33.2009233,-116.1490677,180.0,line-d-e22,33.2010827,-116.1488781,180.0,line-d-e30,33.2023578,-116.1473613,180.0,line-d-e31,33.2025172,-116.1471717,180.0,2026-08-20T19:12:12Z,dipole-dipole,8,6,0.976,819.6,207.931,7.568,0.00554,0.00135,0.00947;0.00820;0.00818;0.00691;0.00597;0.00498;0.00483;0.00323;0.00250;0.00200,
line-d-r01312,line-d,line-d-e22,33.2010827,-116.1488781,180.0,line-d-e23,33.2012421,-116.1486885,180.0,line-d-e30,33.2023578,-116.1473613,180.0,line-d-e31,33.2025172,-116.1471717,180.0,2026-08-20T19:12:24Z,dipole-dipole,7,5,1.253,638.7,196.192,6.860,0.00387,0.00095,0.00593;0.00562;0.00536;0.00476;0.00457;0.00381;0.00326;0.00234;0.00187;0.00137,
line-d-r01313,line-d,line-d-e22,33.2010827,-116.1488781,180.0,line-d-e23,33.2012421,-116.1486885,180.0,line-d-e30,33.2023578,-116.1473613,180.0,line-d-e31,33.2025172,-116.1471717,180.0,2026-08-20T19:12:36Z,dipole-dipole,7,4,0.957,836.3,201.955,8.520,0.00478,0.00159,0.00756;0.00698;0.00670;0.00689;0.00518;0.00479;0.00383;0.00288;0.00235;0.00179,
line-d-r01314,line-d,line-d-e22,33.2010827,-116.1488781,180.0,line-d-e23,33.2012421,-116.1486885,180.0,line-d-e30,33.2023578,-116.1473613,180.0,line-d-e31,33.2025172,-116.1471717,180.0,2026-08-20T19:12:48Z,dipole-dipole,7,7,0.859,931.6,211.264,6.289,0.00545,0.00087,0.00850;0.00844;0.00729;0.00697;0.00581;0.00505;0.00447;0.00363;0.00242;0.00207,
line-d-r01315,line-d,line-d-e22,33.2010827,-116.1488781,180.0,line-d-e23,33.2012421,-116.1486885,180.0,line-d-e30,33.2023578,-116.1473613,180.0,line-d-e31,33.2025172,-116.1471717,180.0,2026-08-20T19:13:00Z,dipole-dipole,7,4,0.898,890.7,209.849,578.837,0.00570,0.00116,0.00934;0.00863;0.00753;0.00679;0.00587;0.00499;0.00472;0.00366;0.00259;0.00206,
line-d-r01316,line-d,line-d-e22,33.2010827,-116.1488781,180.0,line-d-e23,33.2012421,-116.1486885,180.0,line-d-e30,33.2023578,-116.1473613,180.0,line-d-e31,33.2025172,-116.1471717,180.0,2026-08-20T19:13:12Z,dipole-dipole,7,5,0.886,903.2,201.554,7.561,0.00405,0.00098,0.00615;0.00612;0.00515;0.00508;0.00399;0.00382;0.00309;0.00265;0.00187;0.00154,
line-d-r01317,line-d,line-d-e22,33.2010827,-116.1488781,180.0,line-d-e23,33.2012421,-116.1486885,180.0,line-d-e30,33.2023578,-116.1473613,180.0,line-d-e31,33.2025172,-116.1471717,180.0,2026-08-20T19:13:24Z,dipole-dipole,7,4,1.150,695.4,197.063,8.334,0.00348,0.00106,0.00539;0.00595;0.00456;0.00420;0.00402;0.00340;0.00309;0.00231;0.00177;0.00121,
line-d-r01318,line-d,line-d-e22,33.2010827,-116.1488781,180.0,line-d-e23,33.2012421,-116.1486885,180.0,line-d-e31,33.2025172,-116.1471717,180.0,line-d-e32,33.2026766,-116.1469821,180.0,2026-08-20T19:13:36Z,dipole-dipole,8,7,1.068,748.7,199.065,9.118,0.00461,0.00089,0.00710;0.00729;0.00608;0.00540;0.00468;0.00426;0.00306;0.00332;0.00231;0.00158,
line-d-r01319,line-d,line-d-e22,33.2010827,-116.1488781,180.0,line-d-e23,33.2012421,-116.1486885,180.0,line-d-e31,33.2025172,-116.1471717,180.0,line-d-e32,33.2026766,-116.1469821,180.0,2026-08-20T19:13:48Z,dipole-dipole,8,6,1.145,698.6,199.292,7.187,0.00775,0.00089,0.01261;0.01220;0.01053;0.00902;0.00900;0.00708;0.00624;0.00516;0.00378;0.00250,
line-d-r01320,line-d,line-d-e22,33.2010827,-116.1488781,180.0,line-d-e23,33.2012421,-116.1486885,180.0,line-d-e31,33.2025172,-116.1471717,180.0,line-d-e32,33.2026766,-116.1469821,180.0,2026-08-20T19:14:00Z,dipole-dipole,8,3,0.918,871.4,201.924,6.074,0.00554,0.00116,0.00935;0.00874;0.00726;0.00668;0.00636;0.00548;0.00466;0.00325;0.00297;0.00182,
line-d-r01321,line-d,line-d-e22,33.2010827,-116.1488781,180.0,line-d-e23,33.2012421,-116.1486885,180.0,line-d-e31,33.2025172,-116.1471717,180.0,line-d-e32,33.2026766,-116.1469821,180.0,2026-08-20T19:14:12Z,dipole-dipole,8,7,0.926,863.8,195.006,7.924,0.00529,0.00130,0.00820;0.00834;0.00753;0.00694;0.00584;0.00519;0.00421;0.00343;0.00267;0.00182,
line-d-r01322,line-d,line-d-e22,33.2010827,-116.1488781,180.0,line-d-e23,33.2012421,-116.1486885,180.0,line-d-e31,33.2025172,-116.1471717,180.0,line-d-e32,33.2026766,-116.1469821,180.0,2026-08-20T19:14:24Z,dipole-dipole,8,5,0.911,877.8,197.657,6.968,0.00410,0.00144,0.00674;0.00620;0.00598;0.00530;0.00436;0.00394;0.00328;0.00253;0.00202;0.00132,
line-d-r01323,line-d,line-d-e22,33.2010827,-116.1488781,180.0,line-d-e23,33.2012421,-116.1486885,180.0,line-d-e31,33.2025172,-116.1471717,180.0,line-d-e32,33.2026766,-116.1469821,180.0,2026-08-20T19:14:36Z,dipole-dipole,8,7,0.853,937.6,193.219,7.007,0.00552,0.00080,0.00986;0.00840;0.00784;0.00657;0.00572;0.00472;0.00474;0.00334;0.00277;0.00180,
line-d-r01324,line-d,line-d-e23,33.2012421,-116.1486885,180.0,line-d-e24,33.2014015,-116.1484989,180.0,line-d-e30,33.2023578,-116.1473613,180.0,line-d-e31,33.2025172,-116.1471717,180.0,2026-08-20T19:14:48Z,dipole-dipole,6,3,1.540,519.6,198.024,7.113,0.00422,0.00088,0.00624;0.00620;0.00547;0.00543;0.00458;0.00390;0.00324;0.00277;0.00206;0.00142,
line-d-r01325,line-d,line-d-e23,33.2012421,-116.1486885,180.0,line-d-e24,33.2014015,-116.1484989,180.0,line-d-e30,33.2023578,-116.1473613,180.0,line-d-e31,33.2025172,-116.1471717,180.0,2026-08-20T19:15:00Z,dipole-dipole,6,6,1.190,672.3,201.390,7.698,0.00581,0.00118,0.00940;0.00827;0.00754;0.00718;0.00624;0.00538;0.00475;0.00374;0.00260;0.00206,
line-d-r01326,line-d,line-d-e23,33.2012421,-116.1486885,180.0,line-d-e24,33.2014015,-116.1484989,180.0,line-d-e30,33.2023578,-116.1473613,180.0,line-d-e31,33.2025172,-116.1471717,180.0,2026-08-20T19:15:12Z,dipole-dipole,6,4,1.445,553.8,190.426,8.995,0.00443,0.00095,0.00753;0.00640;0.00666;0.00559;0.00532;0.00445;0.00313;0.00280;0.00238;0.00149,
line-d-r01327,line-d,line-d-e23,33.2012421,-116.1486885,180.0,line-d-e24,33.2014015,-116.1484989,180.0,line-d-e30,33.2023578,-116.1473613,180.0,line-d-e31,33.2025172,-116.1471717,180.0,2026-08-20T19:15:24Z,dipole-dipole,6,3,0.986,811.6,190.820,7.905,0.00649,0.00098,0.01147;0.00921;0.00878;0.00855;0.00677;0.00537;0.00537;0.00464;0.00325;0.00239,
line-d-r01328,line-d,line-d-e23,33.2012421,-116.1486885,180.0,line-d-e24,33.2014015,-116.1484989,180.0,line-d-e30,33.2023578,-116.1473613,180.0,line-d-e31,33.2025172,-116.1471717,180.0,2026-08-20T19:15:36Z,dipole-dipole,6,8,0.991,807.1,215.131,8.352,0.00511,0.00109,0.00741;0.00780;0.00726;0.00611;0.00633;0.00527;0.00394;0.00338;0.00268;0.00182,
line-d-r01329,line-d,line-d-e23,33.2012421,-116.1486885,180.0,line-d-e24,33.2014015,-116.1484989,180.0,line-d-e30,33.2023578,-116.1473613,180.0,line-d-e31,33.2025172,-116.1471717,180.0,2026-08-20T19:15:48Z,dipole-dipole,6,5,1.159,690.4,197.471,6.795,0.00572,0.00096,0.00846;0.00783;0.00754;0.00736;0.00594;0.00496;0.00412;0.00385;0.00256;0.00225,
line-d-r01330,line-d,line-d-e23,33.2012421,-116.1486885,180.0,line-d-e24,33.2014015,-116.1484989,180.0,line-d-e30,33.2023578,-116.1473613,180.0,line-d-e31,33.2025172,-116.1471717,180.0,2026-08-20T19:16:00Z,dipole-dipole,6,4,1.466,545.7,212.862,5.895,0.00407,0.00139,0.00672;0.00608;0.00525;0.00500;0.00447;0.00370;0.00325;0.00229;0.00201;0.00151,
line-d-r01331,line-d,line-d-e23,33.2012421,-116.1486885,180.0,line-d-e24,33.2014015,-116.1484989,180.0,line-d-e31,33.2025172,-116.1471717,180.0,line-d-e32,33.2026766,-116.1469821,180.0,2026-08-20T19:16:12Z,dipole-dipole,7,6,1.630,490.9,196.506,8.519,0.00546,0.00096,0.00804;0.00852;0.00750;0.00698;0.00576;0.00505;0.00414;0.00326;0.00322;0.00185,
line-d-r01332,line-d,line-d-e23,33.2012421,-116.1486885,180.0,line-d-e24,33.2014015,-116.1484989,180.0,line-d-e31,33.2025172,-116.1471717,180.0,line-d-e32,33.2026766,-116.1469821,180.0,2026-08-20T19:16:24Z,dipole-dipole,7,5,1.123,712.4,189.826,8.860,0.00641,0.00125,0.00926;0.00994;0.00856;0.00769;0.00767;0.00621;0.00525;0.00399;0.00298;0.00212,
line-d-r01333,line-d,line-d-e23,33.2012421,-116.1486885,180.0,line-d-e24,33.2014015,-116.1484989,180.0,line-d-e31,33.2025172,-116.1471717,180.0,line-d-e32,33.2026766,-116.1469821,180.0,2026-08-20T19:16:36Z,dipole-dipole,7,5,1.310,610.5,190.308,6.613,0.00488,0.00153,0.00854;0.00793;0.00652;0.00594;0.00545;0.00462;0.00399;0.00315;0.00234;0.00168,
line-d-r01334,line-d,line-d-e23,33.2012421,-116.1486885,180.0,line-d-e24,33.2014015,-116.1484989,180.0,line-d-e31,33.2025172,-116.1471717,180.0,line-d-e32,33.2026766,-116.1469821,180.0,2026-08-20T19:16:48Z,dipole-dipole,7,6,1.170,684.0,205.433,6.777,0.00383,0.00091,0.00627;0.00565;0.00554;0.00471;0.00450;0.00343;0.00314;0.00237;0.00185;0.00128,
line-d-r01335,line-d,line-d-e23,33.2012421,-116.1486885,180.0,line-d-e24,,,,line-d-e31,33.2025172,-116.1471717,180.0,line-d-e32,33.2026766,-116.1469821,180.0,2026-08-20T19:17:00Z,dipole-dipole,7,5,1.550,516.1,191.230,6.961,0.00489,0.00110,0.00849;0.00667;0.00642;0.00616;0.00546;0.00485;0.00367;0.00305;0.00247;0.00162,
line-d-r01336,line-d,line-d-e23,33.2012421,-116.1486885,180.0,line-d-e24,33.2014015,-116.1484989,180.0,line-d-e31,33.2025172,-116.1471717,180.0,line-d-e32,33.2026766,-116.1469821,180.0,2026-08-20T19:17:12Z,dipole-dipole,7,5,1.365,586.1,185.975,6.628,0.00706,0.00109,0.01121;0.01027;0.01036;0.00843;0.00784;0.00713;0.00585;0.00450;0.00321;0.00242,
line-d-r01337,line-d,line-d-e23,33.2012421,-116.1486885,180.0,line-d-e24,33.2014015,-116.1484989,180.0,line-d-e31,33.2025172,-116.1471717,180.0,line-d-e32,33.2026766,-116.1469821,180.0,2026-08-20T19:17:24Z,dipole-dipole,7,8,1.263,633.2,194.270,6.552,0.00522,0.00103,0.00832;0.00817;0.00790;0.00662;0.00615;0.00514;0.00445;0.00333;0.00266;0.00187,
line-d-r01338,line-d,line-d-e23,33.2012421,-116.1486885,180.0,line-d-e24,33.2014015,-116.1484989,180.0,line-d-e32,33.2026766,-116.1469821,180.0,line-d-e33,33.2028360,-116.1467925,180.0,2026-08-20T19:17:36Z,dipole-dipole,8,4,1.533,521.8,201.478,6.501,0.00572,0.00106,0.00885;0.00819;0.00706;0.00699;0.00683;0.00535;0.00485;0.00364;0.00300;0.00187,
line-d-r01339,line-d,line-d-e23,33.2012421,-116.1486885,180.0,line-d-e24,33.2014015,-116.1484989,180.0,line-d-e32,33.2026766,-116.1469821,180.0,line-d-e33,33.2028360,-116.1467925,180.0,2026-08-20T19:17:48Z,dipole-dipole,8,7,1.483,539.5,202.084,7.297,0.00364,0.00100,0.00544;0.00538;0.00496;0.00424;0.00411;0.00355;0.00296;0.00254;0.00184;0.00123,
line-d-r01340,line-d,line-d-e23,33.2012421,-116.1486885,180.0,line-d-e24,33.2014015,-116.1484989,180.0,line-d-e32,33.2026766,-116.1469821,180.0,line-d-e33,33.2028360,-116.1467925,180.0,2026-08-20T19:18:00Z,dipole-dipole,8,3,1.075,744.1,210.477,8.217,0.00710,0.00093,0.01018;0.01020;0.00943;0.00873;0.00675;0.00687;0.00558;0.00394;0.00371;0.00265,
line-d-r01341,line-d,line-d-e23,33.2012421,-116.1486885,180.0,line-d-e24,33.2014015,-116.1484989,180.0,line-d-e32,33.2026766,-116.1469821,180.0,line-d-e33,33.2028360,-116.1467925,180.0,2026-08-20T19:18:12Z,dipole-dipole,8,3,1.706,468.9,195.804,7.867,0.00636,0.00116,0.01001;0.00965;0.00910;0.00768;0.00649;0.00617;0.00436;0.00398;0.00334;0.00206,
line-d-r01342,line-d,line-d-e23,33.2012421,-116.1486885,180.0,line-d-e24,33.2014015,-116.1484989,180.0,line-d-e32,33.2026766,-116.1469821,180.0,line-d-e33,33.2028360,-116.1467925,180.0,2026-08-20T19:18:24Z,dipole-dipole,8,3,1.429,560.0,200.306,10.009,0.00583,0.00105,0.01015;0.00801;0.00812;0.00720;0.00630;0.00592;0.00469;0.00382;0.00273;0.00202,
line-d-r01343,line-d,line-d-e23,33.2012421,-116.1486885,180.0,line-d-e24,33.2014015,-116.1484989,180.0,line-d-e32,33.2026766,-116.1469821,180.0,line-d-e33,33.2028360,-116.1467925,180.0,2026-08-20T19:18:36Z,dipole-dipole,8,6,1.081,739.7,195.321,6.683,0.00604,0.00127,0.00912;0.00935;0.00831;0.00760;0.00702;0.00571;0.00471;0.00367;0.00308;0.00198,
line-d-r01344,line-d,line-d-e24,33.2014015,-116.1484989,180.0,line-d-e25,33.2015609,-116.1483093,180.0,line-d-e30,33.2023578,-116.1473613,180.0,line-d-e31,33.2025172,-116.1471717,180.0,2026-08-20T19:18:48Z,dipole-dipole,5,5,0.812,985.6,196.087,7.421,0.00448,0.00120,0.00737;0.00617;0.00646;0.00539;0.00485;0.00424;0.00363;0.00270;0.00233;0.00146,
line-d-r01345,line-d,line-d-e24,33.2014015,-116.1484989,180.0,line-d-e25,33.2015609,-116.1483093,180.0,line-d-e30,33.2023578,-116.1473613,180.0,line-d-e31,33.2025172,-116.1471717,180.0,2026-08-20T19:19:00Z,dipole-dipole,5,7,0.665,1203.2,194.949,8.706,0.00491,0.00091,0.00743;0.00671;0.00639;0.00548;0.00532;0.00536;0.00387;0.00314;0.00227;0.00167,
line-d-r01346,line-d,line-d-e24,33.2014015,-116.1484989,180.0,line-d-e25,33.2015609,-116.1483093,180.0,line-d-e30,33.2023578,-116.1473613,180.0,line-d-e31,33.2025172,-116.1471717,180.0,2026-08-20T19:19:12Z,dipole-dipole,5,5,0.654,1224.2,205.919,7.456,0.00479,0.00104,0.00782;0.00657;0.00676;0.00610;0.00508;0.00462;0.00378;0.00316;0.00231;0.00160,
line-d-r01347,line-d,line-d-e24,33.2014015,-116.1484989,180.0,line-d-e25,33.2015609,-116.1483093,180.0,line-d-e30,33.2023578,-116.1473613,180.0,line-d-e31,33.2025172,-116.1471717,180.0,2026-08-20T19:19:24Z,dipole-dipole,5,7,0.714,1119.8,197.936,9.025,0.00363,0.00133,0.00584;0.00560;0.00500;0.00420;0.00371;0.00338;0.00291;0.00210;0.00163;0.00121,
line-d-r01348,line-d,line-d-e24,33.2014015,-116.1484989,180.0,line-d-e25,33.2015609,-116.1483093,180.0,line-d-e30,33.2023578,-116.1473613,180.0,line-d-e31,33.2025172,-116.1471717,180.0,2026-08-20T19:19:36Z,dipole-dipole,5,4,0.953,839.5,192.013,6.273,0.00595,0.00119,0.01013;0.00850;0.00731;0.00699;0.00701;0.00538;0.00478;0.00392;0.00282;0.00228,
line-d-r01349,line-d,line-d-e24,33.2014015,-116.1484989,180.0,line-d-e25,33.2015609,-116.1483093,180.0,line-d-e30,33.2023578,-116.1473613,180.0,line-d-e31,33.2025172,-116.1471717,180.0,2026-08-20T19:19:48Z,dipole-dipole,5,3,0.729,1098.1,201.197,5.427,0.00345,0.00121,0.00496;0.00472;0.00456;0.00459;0.00377;0.00331;0.00266;0.00213;0.00157;0.00116,
line-d-r01350,line-d,line-d-e24,33.2014015,-116.1484989,180.0,line-d-e25,33.2015609,-116.1483093,180.0,line-d-e31,33.2025172,-116.1471717,180.0,line-d-e32,33.2026766,-116.1469821,180.0,2026-08-20T19:20:00Z,dipole-dipole,6,8,0.681,1174.6,192.211,7.048,0.00360,0.00107,0.00601;0.00500;0.00464;0.00445;0.00399;0.00353;0.00269;0.00248;0.00177;0.00125,
line-d-r01351,line-d,line-d-e24,33.2014015,-116.1484989,180.0,line-d-e25,33.2015609,-116.1483093,180.0,line-d-e31,33.2025172,-116.1471717,180.0,line-d-e32,33.2026766,-116.1469821,180.0,2026-08-20T19:20:12Z,dipole-dipole,6,7,1.101,726.6,196.732,5.513,0.00534,0.00105,0.00755;0.00799;0.00716;0.00644;0.00585;0.00424;0.00465;0.00347;0.00236;0.00225,
line-d-r01352,line-d,line-d-e24,33.2014015,-116.1484989,180.0,line-d-e25,33.2015609,-116.1483093,180.0,line-d-e31,33.2025172,-116.1471717,180.0,line-d-e32,33.2026766,-116.1469821,180.0,2026-08-20T19:20:24Z,dipole-dipole,6,6,0.662,1209.2,198.718,7.370,0.00642,0.00103,0.01143;0.00971;0.00966;0.00859;0.00758;0.00566;0.00483;0.00389;0.00282;0.00246,
line-d-r01353,line-d,line-d-e24,33.2014015,-116.1484989,180.0,line-d-e25,33.2015609,-116.1483093,180.0,line-d-e31,33.2025172,-116.1471717,180.0,line-d-e32,33.2026766,-116.1469821,180.0,2026-08-20T19:20:36Z,dipole-dipole,6,3,0.618,1294.1,212.884,6.038,0.00447,0.00094,0.00731;0.00630;0.00687;0.00628;0.00443;0.00426;0.00305;0.00291;0.00215;0.00145,
line-d-r01354,line-d,line-d-e24,33.2014015,-116.1484989,180.0,line-d-e25,33.2015609,-116.1483093,180.0,line-d-e31,33.2025172,-116.1471717,180.0,line-d-e32,33.2026766,-116.1469821,180.0,2026-08-20T19:20:48Z,dipole-dipole,6,4,0.700,1143.2,201.308,6.893,0.00379,0.00096,0.00662;0.00545;0.00494;0.00502;0.00441;0.00365;0.00306;0.00233;0.00188;0.00128,
line-d-r01355,line-d,line-d-e24,33.2014015,-116.1484989,180.0,line-d-e25,33.2015609,-116.1483093,180.0,line-d-e31,33.2025172,-116.1471717,180.0,line-d-e32,33.2026766,-116.1469821,180.0,2026-08-20T19:21:00Z,dipole-dipole,6,6,0.772,1036.0,199.002,7.124,0.00577,0.00128,0.00997;0.00892;0.00791;0.00672;0.00594;0.00537;0.00475;0.00388;0.00289;0.00190,
line-d-r01356,line-d,line-d-e24,33.2014015,-116.1484989,180.0,line-d-e25,33.2015609,-116.1483093,180.0,line-d-e31,33.2025172,-116.1471717,180.0,line-d-e32,33.2026766,-116.1469821,180.0,2026-08-20T19:21:12Z,dipole-dipole,6,4,0.943,848.4,200.036,5.675,0.00286,0.00505,0.00445;0.00444;0.00384;0.00359;0.00299;0.00269;0.00222;0.00200;0.00151;0.00116,
line-d-r01357,line-d,line-d-e24,33.2014015,-116.1484989,180.0,line-d-e25,33.2015609,-116.1483093,180.0,line-d-e31,33.2025172,-116.1471717,180.0,line-d-e32,33.2026766,-116.1469821,180.0,2026-08-20T19:21:24Z,dipole-dipole,6,8,0.798,1002.1,194.977,8.656,0.00658,0.00101,0.01058;0.00940;0.00829;0.00804;0.00775;0.00600;0.00543;0.00407;0.00352;0.00234,
line-d-r01358,line-d,line-d-e24,33.2014015,-116.1484989,180.0,line-d-e25,33.2015609,-116.1483093,180.0,line-d-e32,33.2026766,-116.1469821,180.0,line-d-e33,33.2028360,-116.1467925,180.0,2026-08-20T19:21:36Z,dipole-dipole,7,5,0.728,1099.4,201.565,6.664,0.00553,0.00082,0.00940;0.00763;0.00653;0.00696;0.00581;0.00517;0.00433;0.00364;0.00266;0.00210,
line-d-r01359,line-d,line-d-e24,33.2014015,-116.1484989,180.0,line-d-e25,33.2015609,-116.1483093,180.0,line-d-e32,33.2026766,-116.1469821,180.0,line-d-e33,33.2028360,-116.1467925,180.0,2026-08-20T19:21:48Z,dipole-dipole,7,5,0.902,886.5,189.217,6.029,0.00705,0.00156,0.01176;0.01100;0.01060;0.00930;0.00781;0.00674;0.00535;0.00457;0.00330;0.00238,
line-d-r01360,line-d,line-d-e24,33.2014015,-116.1484989,180.0,line-d-e25,33.2015609,-116.1483093,180.0,line-d-e32,33.2026766,-116.1469821,180.0,line-d-e33,33.2028360,-116.1467925,180.0,2026-08-20T19:22:00Z,dipole-dipole,7,7,0.807,990.9,204.976,6.167,0.00471,0.00099,0.00815;0.00741;0.00716;0.00576;0.00528;0.00437;0.00384;0.00289;0.00229;0.00159,
line-d-r01361,line-d,line-d-e24,33.2014015,-116.1484989,180.0,line-d-e25,33.2015609,-116.1483093,180.0,line-d-e32,33.2026766,-116.1469821,180.0,line-d-e33,33.2028360,-116.1467925,180.0,2026-08-20T19:22:12Z,dipole-dipole,7,7,0.691,1158.5,213.075,8.037,0.00419,0.00123,0.00623;0.00659;0.00580;0.00518;0.00487;0.00412;0.00322;0.00274;0.00200;0.00131,
line-d-r01362,line-d,line-d-e24,33.2014015,-116.1484989,180.0,line-d-e25,33.2015609,-116.1483093,180.0,line-d-e32,33.2026766,-116.1469821,180.0,line-d-e33,33.2028360,-116.1467925,180.0,2026-08-20T19:22:24Z,dipole-dipole,7,6,0.775,1032.0,202.637,7.098,0.00364,0.00106,0.00579;0.00536;0.00483;0.00495;0.00380;0.00361;0.00265;0.00248;0.00186;0.00123,
line-d-r01363,line-d,line-d-e24,33.2014015,-116.1484989,180.0,line-d-e25,33.2015609,-116.1483093,180.0,line-d-e32,33.2026766,-116.1469821,180.0,line-d-e33,33.2028360,-116.1467925,180.0,2026-08-20T19:22:36Z,dipole-dipole,7,7,0.791,1011.5,202.336,7.883,0.00474,0.00091,0.00839;0.00736;0.00621;0.00620;0.00494;0.00470;0.00381;0.00299;0.00246;0.00164,
line-d-r01364,line-d,line-d-e24,33.2014015,-116.1484989,180.0,line-d-e25,33.2015609,-116.1483093,180.0,line-d-e32,33.2026766,-116.1469821,180.0,line-d-e33,33.2028360,-116.1467925,180.0,2026-08-20T19:22:48Z,dipole-dipole,7,7,0.778,1027.7,200.842,7.193,0.00688,0.00094,0.01018;0.01067;0.00973;0.00827;0.00821;0.00634;0.00553;0.00469;0.00331;0.00239,
line-d-r01365,line-d,line-d-e24,33.2014015,-116.1484989,180.0,line-d-e25,33.2015609,-116.1483093,180.0,line-d-e32,33.2026766,-116.1469821,180.0,line-d-e33,33.2028360,-116.1467925,180.0,2026-08-20T19:23:00Z,dipole-dipole,7,6,0.731,1095.1,209.098,9.385,0.00424,0.00094,0.00671;0.00565;0.00621;0.00524;0.00467;0.00387;0.00358;0.00270;0.00200;0.00135,
line-d-r01366,line-d,line-d-e24,33.2014015,-116.1484989,180.0,line-d-e25,33.2015609,-116.1483093,180.0,line-d-e33,33.2028360,-116.1467925,180.0,line-d-e34,33.2029954,-116.1466029,180.0,2026-08-20T19:23:12Z,dipole-dipole,8,3,0.864,925.4,209.966,8.745,0.00461,0.00093,0.00763;0.00633;0.00634;0.00572;0.00530;0.00411;0.00395;0.00276;0.00227;0.00144,
line-d-r01367,line-d,line-d-e24,33.2014015,-116.1484989,180.0,line-d-e25,33.2015609,-116.1483093,180.0,line-d-e33,33.2028360,-116.1467925,180.0,line-d-e34,33.2029954,-116.1466029,180.0,2026-08-20T19:23:24Z,dipole-dipole,8,5,0.830,963.8,208.563,8.217,0.00553,0.00114,0.00997;0.00886;0.00715;0.00688;0.00553;0.00497;0.00394;0.00350;0.00291;0.00200,
line-d-r01368,line-d,line-d-e24,33.2014015,-116.1484989,180.0,line-d-e25,33.2015609,-116.1483093,180.0,line-d-e33,33.2028360,-116.1467925,180.0,line-d-e34,33.2029954,-116.1466029,180.0,2026-08-20T19:23:36Z,dipole-dipole,8,8,1.006,794.9,192.847,7.052,0.00275,0.00101,0.00424;0.00434;0.00345;0.00319;0.00302;0.00283;0.00217;0.00171;0.00126;0.00092,
line-d-r01369,line-d,line-d-e24,33.2014015,-116.1484989,180.0,line-d-e25,33.2015609,-116.1483093,180.0,line-d-e33,33.2028360,-116.1467925,180.0,line-d-e34,33.2029954,-116.1466029,180.0,2026-08-20T19:23:48Z,dipole-dipole,8,3,0.690,1160.1,204.236,6.281,0.00435,0.00091,0.00674;0.00614;0.00644;0.00536;0.00454;0.00410;0.00304;0.00298;0.00218;0.00148,
line-d-r01370,line-d,line-d-e24,33.2014015,-116.1484989,180.0,line-d-e25,33.2015609,-116.1483093,180.0,line-d-e33,33.2028360,-116.1467925,180.0,line-d-e34,33.2029954,-116.1466029,180.0,2026-08-20T19:24:00Z,dipole-dipole,8,6,0.579,1382.7,197.763,7.397,0.00484,0.00105,0.00816;0.00700;0.00622;0.00588;0.00508;0.00424;0.00413;0.00314;0.00218;0.00158,
line-d-r01371,line-d,line-d-e24,33.2014015,-116.1484989,180.0,line-d-e25,33.2015609,-116.1483093,180.0,line-d-e33,33.2028360,-116.1467925,180.0,line-d-e34,33.2029954,-116.1466029,180.0,2026-08-20T19:24:12Z,dipole-dipole,8,8,1.276,627.1,208.388,6.393,0.00470,0.00112,0.00737;0.00715;0.00651;0.00560;0.00508;0.00499;0.00363;0.00297;0.00224;0.00166,
line-d-r01372,line-d,line-d-e25,33.2015609,-116.1483093,180.0,line-d-e26,33.2017203,-116.1481197,180.0,line-d-e30,33.2023578,-116.1473613,180.0,line-d-e31,33.2025172,-116.1471717,180.0,2026-08-20T19:24:24Z,dipole-dipole,4,6,0.799,1001.7,199.909,8.587,0.00475,0.00165,0.00788;0.00731;0.00709;0.00665;0.00531;0.00428;0.00383;0.00308;0.00243;0.00168,
line-d-r01373,line-d,line-d-e25,33.2015609,-116.1483093,180.0,line-d-e26,33.2017203,-116.1481197,180.0,line-d-e30,33.2023578,-116.1473613,180.0,line-d-e31,33.2025172,-116.1471717,180.0,2026-08-20T19:24:36Z,dipole-dipole,4,6,0.825,969.8,185.166,8.634,0.00635,0.00111,0.00943;0.00944;0.00852;0.00762;0.00668;0.00552;0.00455;0.00357;0.00319;0.00255,
line-d-r01374,line-d,line-d-e25,33.2015609,-116.1483093,180.0,line-d-e26,33.2017203,-116.1481197,180.0,line-d-e30,33.2023578,-116.1473613,180.0,line-d-e31,33.2025172,-116.1471717,180.0,2026-08-20T19:24:48Z,dipole-dipole,4,5,0.786,1018.4,188.483,7.660,0.00523,0.00127,0.00854;0.00769;0.00679;0.00670;0.00564;0.00463;0.00400;0.00323;0.00258;0.00201,
line-d-r01375,line-d,line-d-e25,33.2015609,-116.1483093,180.0,line-d-e26,33.2017203,-116.1481197,180.0,line-d-e30,33.2023578,-116.1473613,180.0,line-d-e31,33.2025172,-116.1471717,180.0,2026-08-20T19:25:00Z,dipole-dipole,4,4,0.840,952.0,205.118,6.453,0.00278,0.00096,0.00401;0.00415;0.00409;0.00318;0.00296;0.00275;0.00194;0.00167;0.00132;0.00097,
line-d-r01376,line-d,line-d-e25,33.2015609,-116.1483093,180.0,line-d-e26,33.2017203,-116.1481197,180.0,line-d-e30,33.2023578,-116.1473613,180.0,line-d-e31,33.2025172,-116.1471717,180.0,2026-08-20T19:25:12Z,dipole-dipole,4,8,0.867,923.0,194.100,6.992,0.00427,0.00113,0.00664;0.00648;0.00629;0.00579;0.00450;0.00424;0.00350;0.00288;0.00186;0.00150,
line-d-r01377,line-d,line-d-e25,33.2015609,-116.1483093,180.0,line-d-e26,33.2017203,-116.1481197,180.0,line-d-e30,33.2023578,-116.1473613,180.0,line-d-e31,33.2025172,-116.1471717,180.0,2026-08-20T19:25:24Z,dipole-dipole,4,4,0.882,907.2,208.280,5.655,0.00576,0.00098,0.00919;0.00872;0.00828;0.00771;0.00561;0.00573;0.00460;0.00358;0.00304;0.00190,
line-d-r01378,line-d,line-d-e25,33.2015609,-116.1483093,180.0,line-d-e26,33.2017203,-116.1481197,180.0,line-d-e31,33.2025172,-116.1471717,180.0,line-d-e32,33.2026766,-116.1469821,180.0,2026-08-20T19:25:36Z,dipole-dipole,5,4,0.997,802.7,215.034,8.036,0.00464,0.00104,0.00684;0.00653;0.00652;0.00545;0.00564;0.00490;0.00350;0.00312;0.00208;0.00175,
line-d-r01379,line-d,line-d-e25,33.2015609,-116.1483093,180.0,line-d-e26,33.2017203,-116.1481197,180.0,line-d-e31,33.2025172,-116.1471717,180.0,line-d-e32,33.2026766,-116.1469821,180.0,2026-08-20T19:25:48Z,dipole-dipole,5,4,0.818,978.2,197.934,6.575,0.00347,0.00093,0.00516;0.00525;0.00524;0.00429;0.00396;0.00323;0.00251;0.00204;0.00160;0.00124,
line-d-r01380,line-d,line-d-e25,33.2015609,-116.1483093,180.0,line-d-e26,33.2017203,-116.1481197,180.0,line-d-e31,33.2025172,-116.1471717,180.0,line-d-e32,33.2026766,-116.1469821,180.0,2026-08-20T19:26:00Z,dipole-dipole,5,5,1.109,721.6,206.839,6.894,0.00510,0.00103,0.00715;0.00655;0.00697;0.00647;0.00583;0.00509;0.00466;0.00352;0.00233;0.00181,
line-d-r01381,line-d,line-d-e25,33.2015609,-116.1483093,180.0,line-d-e26,33.2017203,-116.1481197,180.0,line-d-e31,33.2025172,-116.1471717,180.0,line-d-e32,33.2026766,-116.1469821,180.0,2026-08-20T19:26:12Z,dipole-dipole,5,5,0.736,1087.1,197.639,8.584,0.00717,0.00111,0.01290;0.01043;0.00974;0.00869;0.00749;0.00722;0.00612;0.00429;0.00332;0.00246,
line-d-r01382,line-d,line-d-e25,33.2015609,-116.1483093,180.0,line-d-e26,33.2017203,-116.1481197,180.0,line-d-e31,33.2025172,-116.1471717,180.0,line-d-e32,33.2026766,-116.1469821,180.0,2026-08-20T19:26:24Z,dipole-dipole,5,8,0.887,901.8,188.003,8.959,0.00463,0.00114,0.00667;0.00685;0.00616;0.00605;0.00497;0.00444;0.00385;0.00256;0.00243;0.00175,
line-d-r01383,line-d,line-d-e25,33.2015609,-116.1483093,180.0,line-d-e26,33.2017203,-116.1481197,180.0,line-d-e31,33.2025172,-116.1471717,180.0,line-d-e32,33.2026766,-116.1469821,180.0,2026-08-20T19:26:36Z,dipole-dipole,5,6,0.763,1048.5,199.219,7.073,0.00511,0.00127,0.00730;0.00776;0.00745;0.00680;0.00546;0.00468;0.00394;0.00344;0.00290;0.00179,
line-d-r01384,line-d,line-d-e25,33.2015609,-116.1483093,180.0,line-d-e26,33.2017203,-116.1481197,180.0,line-d-e32,33.2026766,-116.1469821,180.0,line-d-e33,33.2028360,-116.1467925,180.0,2026-08-20T19:26:48Z,dipole-dipole,6,6,0.732,1092.9,196.836,6.636,0.00546,0.00760,0.00841;0.00807;0.00760;0.00771;0.00552;0.00525;0.00403;0.00388;0.00264;0.00195,
line-d-r01385,line-d,line-d-e25,33.2015609,-116.1483093,180.0,line-d-e26,33.2017203,-116.1481197,180.0,line-d-e32,33.2026766,-116.1469821,180.0,line-d-e33,33.2028360,-116.1467925,180.0,2026-08-20T19:27:00Z,dipole-dipole,6,3,0.742,1078.4,200.237,6.759,0.00585,0.00092,0.00971;0.00873;0.00756;0.00705;0.00670;0.00590;0.00486;0.00380;0.00275;0.00179,
line-d-r01386,line-d,line-d-e25,33.2015609,-116.1483093,180.0,line-d-e26,33.2017203,-116.1481197,180.0,line-d-e32,33.2026766,-116.1469821,180.0,line-d-e33,33.2028360,-116.1467925,180.0,2026-08-20T19:27:12Z,dipole-dipole,6,4,1.047,764.1,182.718,9.022,0.00638,0.00072,0.01010;0.01016;0.00839;0.00819;0.00737;0.00577;0.00465;0.00392;0.00293;0.00220,
line-d-r01387,line-d,line-d-e25,33.2015609,-116.1483093,180.0,line-d-e26,33.2017203,-116.1481197,180.0,line-d-e32,33.2026766,-116.1469821,180.0,line-d-e33,33.2028360,-116.1467925,180.0,2026-08-20T19:27:24Z,dipole-dipole,6,7,0.881,908.5,208.758,8.344,0.00438,0.00117,0.00700;0.00676;0.00659;0.00526;0.00481;0.00373;0.00364;0.00272;0.00212;0.00158,
line-d-r01388,line-d,line-d-e25,33.2015609,-116.1483093,180.0,line-d-e26,33.2017203,-116.1481197,180.0,line-d-e32,33.2026766,-116.1469821,180.0,line-d-e33,33.2028360,-116.1467925,180.0,2026-08-20T19:27:36Z,dipole-dipole,6,4,0.799,1001.0,193.253,10.415,0.00727,0.00095,0.01286;0.01079;0.00963;0.00931;0.00816;0.00714;0.00565;0.00506;0.00336;0.00250,
line-d-r01389,line-d,line-d-e25,33.2015609,-116.1483093,180.0,line-d-e26,33.2017203,-116.1481197,180.0,line-d-e32,33.2026766,-116.1469821,180.0,line-d-e33,33.2028360,-116.1467925,180.0,2026-08-20T19:27:48Z,dipole-dipole,6,5,0.981,815.5,210.022,8.150,0.00439,0.00103,0.00719;0.00606;0.00624;0.00578;0.00460;0.00384;0.00349;0.00298;0.00229;0.00152,
line-d-r01390,line-d,line-d-e25,33.2015609,-116.1483093,180.0,line-d-e26,33.2017203,-116.1481197,180.0,line-d-e32,33.2026766,-116.1469821,180.0,line-d-e33,33.2028360,-116.1467925,180.0,2026-08-20T19:28:00Z,dipole-dipole,6,7,0.853,938.3,184.461,8.339,0.00430,0.00101,0.00681;0.00589;0.00543;0.00582;0.00474;0.00445;0.00327;0.00246;0.00205;0.00146,
line-d-r01391,line-d,line-d-e25,33.2015609,-116.1483093,180.0,line-d-e26,33.2017203,-116.1481197,180.0,line-d-e33,33.2028360,-116.1467925,180.0,line-d-e34,33.2029954,-116.1466029,180.0,2026-08-20T19:28:12Z,dipole-dipole,7,7,0.737,1085.1,206.286,7.165,0.00402,0.00128,0.00665;0.00634;0.00533;0.00469;0.00442;0.00407;0.00323;0.00249;0.00198;0.00134,
line-d-r01392,line-d,line-d-e25,33.2015609,-116.1483093,180.0,line-d-e26,33.2017203,-116.1481197,180.0,line-d-e33,33.2028360,-116.1467925,180.0,line-d-e34,33.2029954,-116.1466029,180.0,2026-08-20T19:28:24Z,dipole-dipole,7,5,0.993,805.9,203.721,6.073,0.00465,0.00103,0.00700;0.00698;0.00630;0.00584;0.00478;0.00424;0.00373;0.00269;0.00227;0.00167,
line-d-r01393,line-d,line-d-e25,33.2015609,-116.1483093,180.0,line-d-e26,33.2017203,-116.1481197,180.0,line-d-e33,33.2028360,-116.1467925,180.0,line-d-e34,33.2029954,-116.1466029,180.0,2026-08-20T19:28:36Z,dipole-dipole,7,8,0.884,904.6,204.206,7.919,0.00677,0.00099,0.00960;0.00992;0.00956;0.00837;0.00719;0.00633;0.00512;0.00458;0.00339;0.00255,
line-d-r01394,line-d,line-d-e25,33.2015609,-116.1483093,180.0,line-d-e26,33.2017203,-116.1481197,180.0,line-d-e33,33.2028360,-116.1467925,180.0,line-d-e34,33.2029954,-116.1466029,180.0,2026-08-20T19:28:48Z,dipole-dipole,7,3,0.763,1047.9,197.800,8.283,0.00635,0.00094,0.01015;0.00873;0.00824;0.00849;0.00785;0.00610;0.00445;0.00445;0.00345;0.00190,
line-d-r01395,line-d,line-d-e25,33.2015609,-116.1483093,180.0,line-d-e26,33.2017203,-116.1481197,180.0,line-d-e33,33.2028360,-116.1467925,180.0,line-d-e34,33.2029954,-116.1466029,180.0,2026-08-20T19:29:00Z,dipole-dipole,7,8,1.110,721.0,200.384,8.446,0.00575,0.00123,0.00872;0.00967;0.00902;0.00795;0.00709;0.00567;0.00490;0.00361;0.00265;0.00194,
line-d-r01396,line-d,line-d-e25,33.2015609,-116.1483093,180.0,line-d-e26,33.2017203,-116.1481197,180.0,line-d-e33,33.2028360,-116.1467925,180.0,line-d-e34,33.2029954,-116.1466029,180.0,2026-08-20T19:29:12Z,dipole-dipole,7,5,0.926,864.2,196.948,8.491,0.00530,0.00123,0.00830;0.00859;0.00709;0.00649;0.00586;0.00467;0.00446;0.00373;0.00252;0.00193,
line-d-r01397,line-d,line-d-e25,33.2015609,-116.1483093,180.0,line-d-e26,33.2017203,-116.1481197,180.0,line-d-e34,33.2029954,-116.1466029,180.0,line-d-e35,33.2031548,-116.1464133,180.0,2026-08-20T19:29:24Z,dipole-dipole,8,6,0.962,831.7,208.438,9.395,0.00516,0.00099,0.00867;0.00854;0.00679;0.00572;0.00583;0.00506;0.00375;0.00327;0.00246;0.00182,
line-d-r01398,line-d,line-d-e25,33.2015609,-116.1483093,180.0,line-d-e26,33.2017203,-116.1481197,180.0,line-d-e34,33.2029954,-116.1466029,180.0,line-d-e35,33.2031548,-116.1464133,180.0,2026-08-20T19:29:36Z,dipole-dipole,8,5,0.889,899.5,212.114,7.753,0.00538,0.00081,0.00852;0.00810;0.00737;0.00582;0.00579;0.00547;0.00440;0.00335;0.00265;0.00188,
line-d-r01399,line-d,line-d-e25,33.2015609,-116.1483093,180.0,line-d-e26,33.2017203,-116.1481197,180.0,line-d-e34,33.2029954,-116.1466029,180.0,line-d-e35,33.2031548,-116.1464133,180.0,2026-08-20T19:29:48Z,dipole-dipole,8,8,1.064,751.9,198.649,6.174,0.00592,0.00096,0.00932;0.00980;0.00794;0.00740;0.00648;0.00618;0.00484;0.00376;0.00297;0.00234,
line-d-r01400,line-d,line-d-e25,33.2015609,-116.1483093,180.0,line-d-e26,33.2017203,-116.1481197,180.0,line-d-e34,33.2029954,-116.1466029,180.0,line-d-e35,33.2031548,-116.1464133,180.0,2026-08-20T19:30:00Z,dipole-dipole,8,4,0.760,1052.0,206.561,6.850,0.00367,0.00153,0.00745;0.00535;0.00509;0.00456;0.00399;0.00312;0.00283;0.00229;0.00180;0.00133,
line-d-r01401,line-d,line-d-e25,33.2015609,-116.1483093,180.0,line-d-e26,33.2017203,-116.1481197,180.0,line-d-e34,33.2029954,-116.1466029,180.0,line-d-e35,33.2031548,-116.1464133,180.0,2026-08-20T19:30:12Z,dipole-dipole,8,6,0.707,1131.0,212.856,7.783,0.00510,0.00105,0.00773;0.00734;0.00684;0.00645;0.00505;0.00456;0.00422;0.00317;0.00232;0.00174,
line-d-r01402,line-d,line-d-e25,33.2015609,-116.1483093,180.0,line-d-e26,33.2017203,-116.1481197,180.0,line-d-e34,33.2029954,-116.1466029,180.0,line-d-e35,33.2031548,-116.1464133,180.0,2026-08-20T19:30:24Z,dipole-dipole,8,8,0.789,1013.9,204.949,5.636,0.00336,0.00132,0.00462;0.00542;0.00508;0.00351;0.00362;0.00350;0.00251;0.00196;0.00179;0.00116,
line-d-r01403,line-d,line-d-e26,33.2017203,-116.1481197,180.0,line-d-e27,33.2018797,-116.1479301,180.0,line-d-e30,33.2023578,-116.1473613,180.0,line-d-e31,33.2025172,-116.1471717,180.0,2026-08-20T19:30:36Z,dipole-dipole,3,3,0.894,894.5,203.304,7.432,0.00603,0.00109,0.00909;0.00868;0.00873;0.00746;0.00704;0.00564;0.00536;0.00392;0.00257;0.00221,
line-d-r01404,line-d,line-d-e26,33.2017203,-116.1481197,180.0,line-d-e27,33.2018797,-116.1479301,180.0,line-d-e30,33.2023578,-116.1473613,180.0,line-d-e31,33.2025172,-116.1471717,180.0,2026-08-20T19:30:48Z,dipole-dipole,3,7,1.026,779.5,201.359,8.232,0.00474,0.00119,0.00797;0.00767;0.00649;0.00587;0.00481;0.00434;0.00365;0.00291;0.00234;0.00171,
line-d-r01405,line-d,line-d-e26,33.2017203,-116.1481197,180.0,line-d-e27,33.2018797,-116.1479301,180.0,line-d-e30,33.2023578,-116.1473613,180.0,line-d-e31,33.2025172,-116.1471717,180.0,2026-08-20T19:31:00Z,dipole-dipole,3,5,1.200,666.7,186.012,10.263,0.00408,0.00110,0.00650;0.00585;0.00522;0.00564;0.00510;0.00373;0.00345;0.00238;0.00195;0.00137,
line-d-r01406,line-d,line-d-e26,33.2017203,-116.1481197,180.0,line-d-e27,33.2018797,-116.1479301,180.0,line-d-e30,33.2023578,-116.1473613,180.0,line-d-e31,33.2025172,-116.1471717,180.0,2026-08-20T19:31:12Z,dipole-dipole,3,5,1.020,784.2,202.198,8.076,0.00523,0.00107,0.00871;0.00795;0.00721;0.00698;0.00573;0.00483;0.00434;0.00336;0.00237;0.00169,
line-d-r01407,line-d,line-d-e26,33.2017203,-116.1481197,180.0,line-d-e27,33.2018797,-116.1479301,180.0,line-d-e30,33.2023578,-116.1473613,180.0,line-d-e31,33.2025172,-116.1471717,180.0,2026-08-20T19:31:24Z,dipole-dipole,3,5,1.163,687.7,205.676,7.644,0.00350,0.00127,0.00550;0.00517;0.00448;0.00441;0.00406;0.00335;0.00248;0.00235;0.00160;0.00121,
line-d-r01408,line-d,line-d-e26,33.2017203,-116.1481197,180.0,line-d-e27,33.2018797,-116.1479301,180.0,line-d-e30,33.2023578,-116.1473613,180.0,line-d-e31,33.2025172,-116.1471717,180.0,2026-08-20T19:31:36Z,dipole-dipole,3,3,1.261,634.4,197.202,6.839,0.00361,0.00122,0.00595;0.00561;0.00490;0.00452;0.00426;0.00363;0.00304;0.00237;0.00170;0.00143,
line-d-r01409,line-d,line-d-e26,33.2017203,-116.1481197,180.0,line-d-e27,33.2018797,-116.1479301,180.0,line-d-e31,33.2025172,-116.1471717,180.0,line-d-e32,33.2026766,-116.1469821,180.0,2026-08-20T19:31:48Z,dipole-dipole,4,3,1.073,745.5,-233.582,6.924,0.00364,0.00099,0.00605;0.00546;0.00539;0.00486;0.00397;0.00317;0.00303;0.00239;0.00167;0.00137,
line-d-r01410,line-d,line-d-e26,33.2017203,-116.1481197,180.0,line-d-e27,33.2018797,-116.1479301,180.0,line-d-e31,33.2025172,-116.1471717,180.0,line-d-e32,33.2026766,-116.1469821,180.0,2026-08-20T19:32:00Z,dipole-dipole,4,8,1.445,553.7,204.229,8.353,0.00270,0.00103,0.00446;0.00441;0.00404;0.00327;0.00298;0.00270;0.00229;0.00189;0.00131;0.00095,
line-d-r01411,line-d,line-d-e26,33.2017203,-116.1481197,180.0,line-d-e27,33.2018797,-116.1479301,180.0,line-d-e31,33.2025172,-116.1471717,180.0,line-d-e32,33.2026766,-116.1469821,180.0,2026-08-20T19:32:12Z,dipole-dipole,4,3,1.191,671.8,211.932,8.312,0.00252,0.00095,0.00420;0.00354;0.00371;0.00321;0.00263;0.00235;0.00202;0.00165;0.00128;0.00091,
line-d-r01412,line-d,line-d-e26,33.2017203,-116.1481197,180.0,line-d-e27,33.2018797,-116.1479301,180.0,line-d-e31,33.2025172,-116.1471717,180.0,line-d-e32,33.2026766,-116.1469821,180.0,2026-08-20T19:32:24Z,dipole-dipole,4,7,1.295,617.9,190.374,7.561,0.00493,0.00102,0.00781;0.00711;0.00758;0.00665;0.00534;0.00469;0.00344;0.00351;0.00250;0.00169,
line-d-r01413,line-d,line-d-e26,33.2017203,-116.1481197,180.0,line-d-e27,33.2018797,-116.1479301,180.0,line-d-e31,33.2025172,-116.1471717,180.0,line-d-e32,33.2026766,-116.1469821,180.0,2026-08-20T19:32:36Z,dipole-dipole,4,3,1.118,715.6,198.668,5.995,0.00578,0.00071,0.00893;0.00862;0.00807;0.00746;0.00635;0.00541;0.00447;0.00379;0.00311;0.00205,
line-d-r01414,line-d,line-d-e26,33.2017203,-116.1481197,180.0,line-d-e27,33.2018797,-116.1479301,180.0,line-d-e31,33.2025172,-116.1471717,180.0,line-d-e32,33.2026766,-116.1469821,180.0,2026-08-20T19:32:48Z,dipole-dipole,4,5,1.378,580.7,205.791,7.307,0.00410,0.00117,0.00619;0.00636;0.00591;0.00544;0.00445;0.00376;0.00325;0.00286;0.00222;0.00145,
line-d-r01415,line-d,line-d-e26,33.2017203,-116.1481197,180.0,line-d-e27,33.2018797,-116.1479301,180.0,line-d-e32,33.2026766,-116.1469821,180.0,line-d-e33,33.2028360,-116.1467925,180.0,2026-08-20T19:33:00Z,dipole-dipole,5,8,1.448,552.3,-228.327,8.483,0.00594,0.00118,0.00917;0.00785;0.00757;0.00662;0.00637;0.00537;0.00464;0.00388;0.00315;0.00198,
line-d-r01416,line-d,line-d-e26,33.2017203,-116.1481197,180.0,line-d-e27,33.2018797,-116.1479301,180.0,line-d-e32,33.2026766,-116.1469821,180.0,line-d-e33,33.2028360,-116.1467925,180.0,2026-08-20T19:33:12Z,dipole-dipole,5,6,1.604,498.9,200.006,7.027,0.00385,0.00125,0.00705;0.00592;0.00568;0.00485;0.00459;0.00305;0.00324;0.00260;0.00192;0.00143,
line-d-r01417,line-d,line-d-e26,33.2017203,-116.1481197,180.0,line-d-e27,33.2018797,-116.1479301,180.0,line-d-e32,33.2026766,-116.1469821,180.0,line-d-e33,33.2028360,-116.1467925,180.0,2026-08-20T19:33:24Z,dipole-dipole,5,5,0.968,826.2,207.396,6.597,0.00410,0.00131,0.00631;0.00632;0.00562;0.00499;0.00438;0.00399;0.00310;0.00258;0.00196;0.00138,
line-d-r01418,line-d,line-d-e26,33.2017203,-116.1481197,180.0,line-d-e27,33.2018797,-116.1479301,180.0,line-d-e32,33.2026766,-116.1469821,180.0,line-d-e33,33.2028360,-116.1467925,180.0,2026-08-20T19:33:36Z,dipole-dipole,5,6,1.333,600.0,184.802,5.949,0.00589,0.00102,0.00956;0.00781;0.00869;0.00663;0.00651;0.00554;0.00456;0.00356;0.00302;0.00240,
line-d-r01419,line-d,line-d-e26,33.2017203,-116.1481197,180.0,line-d-e27,33.2018797,-116.1479301,180.0,line-d-e32,33.2026766,-116.1469821,180.0,line-d-e33,33.2028360,-116.1467925,180.0,2026-08-20T19:33:48Z,dipole-dipole,5,6,1.251,639.4,205.692,6.566,0.00493,0.00116,0.00835;0.00834;0.00702;0.00579;0.00532;0.00461;0.00420;0.00322;0.00234;0.00158,
line-d-r01420,line-d,line-d-e26,33.2017203,-116.1481197,180.0,line-d-e27,33.2018797,-116.1479301,180.0,line-d-e32,33.2026766,-116.1469821,180.0,line-d-e33,33.2028360,-116.1467925,180.0,2026-08-20T19:34:00Z,dipole-dipole,5,3,0.943,848.5,197.897,7.913,0.00414,0.00100,0.00711;0.00576;0.00561;0.00563;0.00439;0.00400;0.00348;0.00273;0.00217;0.00128,
line-d-r01421,line-d,line-d-e26,33.2017203,-116.1481197,180.0,line-d-e27,33.2018797,-116.1479301,180.0,line-d-e32,33.2026766,-116.1469821,180.0,line-d-e33,33.2028360,-116.1467925,180.0,2026-08-20T19:34:12Z,dipole-dipole,5,4,1.323,604.5,210.693,7.379,0.00465,0.00101,0.00681;0.00659;0.00670;0.00554;0.00493;0.00435;0.00348;0.00301;0.00215;0.00145,
line-d-r01422,line-d,line-d-e26,33.2017203,-116.1481197,180.0,line-d-e27,33.2018797,-116.1479301,180.0,line-d-e33,33.2028360,-116.1467925,180.0,line-d-e34,33.2029954,-116.1466029,180.0,2026-08-20T19:34:24Z,dipole-dipole,6,3,1.162,688.3,199.070,7.530,0.00495,0.00106,0.00743;0.00723;0.00642;0.00633;0.00514;0.00436;0.00393;0.00293;0.00232;0.00168,
line-d-r01423,line-d,line-d-e26,33.2017203,-116.1481197,180.0,line-d-e27,33.2018797,-116.1479301,180.0,line-d-e33,33.2028360,-116.1467925,180.0,line-d-e34,33.2029954,-116.1466029,180.0,2026-08-20T19:34:36Z,dipole-dipole,6,4,0.969,825.9,201.656,7.235,0.00528,0.00114,0.00760;0.00852;0.00688;0.00590;0.00584;0.00554;0.00394;0.00346;0.00228;0.00168,
line-d-r01424,line-d,line-d-e26,33.2017203,-116.1481197,180.0,line-d-e27,33.2018797,-116.1479301,180.0,line-d-e33,33.2028360,-116.1467925,180.0,line-d-e34,33.2029954,-116.1466029,180.0,2026-08-20T19:34:48Z,dipole-dipole,6,8,0.920,869.3,200.294,8.613,0.00342,0.00115,0.00487;0.00484;0.00471;0.00411;0.00378;0.00345;0.00261;0.00209;0.00153;0.00112,
line-d-r01425,line-d,line-d-e26,33.2017203,-116.1481197,180.0,line-d-e27,33.2018797,-116.1479301,180.0,line-d-e33,33.2028360,-116.1467925,180.0,line-d-e34,33.2029954,-116.1466029,180.0,2026-08-20T19:35:00Z,dipole-dipole,6,8,1.338,598.0,191.605,7.348,0.00455,0.00120,0.00712;0.00649;0.00625;0.00554;0.00465;0.00404;0.00333;0.00306;0.00232;0.00165,
line-d-r01426,line-d,line-d-e26,33.2017203,-116.1481197,180.0,line-d-e27,33.2018797,-116.1479301,180.0,line-d-e33,33.2028360,-116.1467925,180.0,line-d-e34,33.2029954,-116.1466029,180.0,2026-08-20T19:35:12Z,dipole-dipole,6,7,1.106,723.3,202.660,7.884,0.00374,0.00099,0.00553;0.00555;0.00476;0.00482;0.00394;0.00371;0.00267;0.00238;0.00186;0.00131,
line-d-r01427,line-d,line-d-e26,33.2017203,-116.1481197,180.0,line-d-e27,33.2018797,-116.1479301,180.0,line-d-e33,33.2028360,-116.1467925,180.0,line-d-e34,33.2029954,-116.1466029,180.0,2026-08-20T19:35:24Z,dipole-dipole,6,6,1.442,554.8,189.271,7.507,0.00575,0.00091,0.00906;0.00787;0.00775;0.00688;0.00633;0.00568;0.00485;0.00403;0.00273;0.00193,
line-d-r01428,line-d,line-d-e26,33.2017203,-116.1481197,180.0,line-d-e27,33.2018797,-116.1479301,180.0,line-d-e33,33.2028360,-116.1467925,180.0,line-d-e34,33.2029954,-116.1466029,180.0,2026-08-20T19:35:36Z,dipole-dipole,6,7,1.503,532.4,194.555,7.002,0.00537,0.00090,0.00871;0.00793;0.00767;0.00660;0.00532;0.00529;0.00406;0.00329;0.00261;0.00170,
line-d-r01429,line-d,line-d-e26,33.2017203,-116.1481197,180.0,line-d-e27,33.2018797,-116.1479301,180.0,line-d-e34,33.2029954,-116.1466029,180.0,line-d-e35,33.2031548,-116.1464133,180.0,2026-08-20T19:35:48Z,dipole-dipole,7,8,1.258,636.0,210.543,584.296,0.00373,0.00113,0.00539;0.00587;0.00524;0.00473;0.00405;0.00296;0.00306;0.00232;0.00185;0.00135,
line-d-r01430,line-d,line-d-e26,33.2017203,-116.1481197,180.0,line-d-e27,33.2018797,-116.1479301,180.0,line-d-e34,33.2029954,-116.1466029,180.0,line-d-e35,33.2031548,-116.1464133,180.0,2026-08-20T19:36:00Z,dipole-dipole,7,5,1.027,778.6,208.414,7.100,0.00404,0.00142,0.00658;0.00613;0.00542;0.00519;0.00455;0.00368;0.00310;0.00235;0.00180;0.00141,
line-d-r01431,line-d,line-d-e26,33.2017203,-116.1481197,180.0,line-d-e27,33.2018797,-116.1479301,180.0,line-d-e34,33.2029954,-116.1466029,180.0,line-d-e35,33.2031548,-116.1464133,180.0,2026-08-20T19:36:12Z,dipole-dipole,7,6,1.114,718.1,212.385,6.487,0.00431,0.00101,0.00662;0.00595;0.00584;0.00510;0.00455;0.00403;0.00340;0.00282;0.00206;0.00161,
line-d-r01432,line-d,line-d-e26,33.2017203,-116.1481197,180.0,line-d-e27,33.2018797,-116.1479301,180.0,line-d-e34,33.2029954,-116.1466029,180.0,line-d-e35,33.2031548,-116.1464133,180.0,2026-08-20T19:36:24Z,dipole-dipole,7,8,1.482,539.8,193.760,8.090,0.00402,0.00100,0.00685;0.00611;0.00605;0.00518;0.00446;0.00382;0.00319;0.00255;0.00201;0.00152,
line-d-r01433,line-d,line-d-e26,33.2017203,-116.1481197,180.0,line-d-e27,33.2018797,-116.1479301,180.0,line-d-e34,33.2029954,-116.1466029,180.0,line-d-e35,33.2031548,-116.1464133,180.0,2026-08-20T19:36:36Z,dipole-dipole,7,4,1.042,767.6,193.442,9.655,0.00553,0.00129,0.00862;0.00825;0.00786;0.00642;0.00607;0.00485;0.00408;0.00359;0.00271;0.00210,
line-d-r01434,line-d,line-d-e26,33.2017203,-116.1481197,180.0,line-d-e27,33.2018797,-116.1479301,180.0,line-d-e34,33.2029954,-116.1466029,180.0,line-d-e35,33.2031548,-116.1464133,180.0,2026-08-20T19:36:48Z,dipole-dipole,7,8,1.430,559.5,196.621,7.483,0.00685,0.00104,0.01077;0.01048;0.00853;0.00917;0.00804;0.00680;0.00537;0.00446;0.00343;0.00218,
line-d-r01435,line-d,line-d-e26,33.2017203,-116.1481197,180.0,line-d-e27,33.2018797,-116.1479301,180.0,line-d-e34,33.2029954,-116.1466029,180.0,line-d-e35,33.2031548,-116.1464133,180.0,2026-08-20T19:37:00Z,dipole-dipole,7,6,1.085,737.1,198.610,5.743,0.00336,0.00107,0.00504;0.00574;0.00419;0.00407;0.00365;0.00327;0.00284;0.00201;0.00150;0.00117,
line-d-r01436,line-d,line-d-e26,33.2017203,-116.1481197,180.0,line-d-e27,33.2018797,-116.1479301,180.0,line-d-e35,33.2031548,-116.1464133,180.0,line-d-e36,33.2033141,-116.1462237,180.0,2026-08-20T19:37:12Z,dipole-dipole,8,8,1.159,690.5,201.578,6.485,0.00651,0.00120,0.01070;0.00871;0.00879;0.00790;0.00779;0.00626;0.00505;0.00408;0.00313;0.00230,
line-d-r01437,line-d,line-d-e26,33.2017203,-116.1481197,180.0,line-d-e27,33.2018797,-116.1479301,180.0,line-d-e35,33.2031548,-116.1464133,180.0,line-d-e36,33.2033141,-116.1462237,180.0,2026-08-20T19:37:24Z,dipole-dipole,8,7,0.999,800.4,205.397,10.170,0.00511,0.00081,0.00784;0.00796;0.00741;0.00615;0.00560;0.00516;0.00415;0.00338;0.00259;0.00178,
line-d-r01438,line-d,line-d-e26,33.2017203,-116.1481197,180.0,line-d-e27,33.2018797,-116.1479301,180.0,line-d-e35,33.2031548,-116.1464133,180.0,line-d-e36,33.2033141,-116.1462237,180.0,2026-08-20T19:37:36Z,dipole-dipole,8,7,1.237,646.9,189.057,7.821,0.00495,0.00136,0.00797;0.00685;0.00677;0.00600;0.00567;0.00494;0.00384;0.00324;0.00260;0.00170,
line-d-r01439,line-d,line-d-e26,33.2017203,-116.1481197,180.0,line-d-e27,33.2018797,-116.1479301,180.0,line-d-e35,33.2031548,-116.1464133,180.0,line-d-e36,33.2033141,-116.1462237,180.0,2026-08-20T19:37:48Z,dipole-dipole,8,5,1.328,602.6,201.767,7.062,0.00408,0.00103,0.00645;0.00609;0.00562;0.00519;0.00440;0.00398;0.00312;0.00254;0.00208;0.00143,
line-d-r01440,line-d,line-d-e26,33.2017203,-116.1481197,180.0,line-d-e27,33.2018797,-116.1479301,180.0,line-d-e35,33.2031548,-116.1464133,180.0,line-d-e36,33.2033141,-116.1462237,180.0,2026-08-20T19:38:00Z,dipole-dipole,8,6,1.299,616.0,194.038,7.428,0.00421,0.00107,0.00661;0.00597;0.00565;0.00451;0.00440;0.00384;0.00340;0.00286;0.00199;0.00150,
line-d-r01441,line-d,line-d-e26,33.2017203,-116.1481197,180.0,line-d-e27,33.2018797,-116.1479301,180.0,line-d-e35,33.2031548,-116.1464133,180.0,line-d-e36,33.2033141,-116.1462237,180.0,2026-08-20T19:38:12Z,dipole-dipole,8,8,1.396,573.1,202.386,8.006,0.00576,0.00090,0.01022;0.00710;0.00824;0.00666;0.00651;0.00542;0.00432;0.00410;0.00273;0.00223,
line-d-r01442,line-d,line-d-e26,33.2017203,-116.1481197,180.0,line-d-e27,33.2018797,-116.1479301,180.0,line-d-e35,33.2031548,-116.1464133,180.0,line-d-e36,33.2033141,-116.1462237,180.0,2026-08-20T19:38:24Z,dipole-dipole,8,4,1.353,591.5,203.967,6.603,0.00542,0.00093,0.00840;0.00837;0.00748;0.00652;0.00617;0.00518;0.00401;0.00342;0.00253;0.00193,
line-d-r01443,line-d,line-d-e27,33.2018797,-116.1479301,180.0,line-d-e28,33.2020391,-116.1477405,180.0,line-d-e30,33.2023578,-116.1473613,180.0,line-d-e31,33.2025172,-116.1471717,180.0,2026-08-20T19:38:36Z,dipole-dipole,2,7,1.314,608.8,185.631,6.330,0.00536,0.00120,0.00825;0.00858;0.00776;0.00624;0.00559;0.00481;0.00412;0.00334;0.00239;0.00186,
line-d-r01444,line-d,line-d-e27,33.2018797,-116.1479301,180.0,line-d-e28,33.2020391,-116.1477405,180.0,line-d-e30,33.2023578,-116.1473613,180.0,line-d-e31,33.2025172,-116.1471717,180.0,2026-08-20T19:38:48Z,dipole-dipole,2,8,1.878,425.9,201.155,8.933,0.00396,0.00104,0.00633;0.00533;0.00578;0.00453;0.00454;0.00406;0.00328;0.00279;0.00201;0.00132,
line-d-r01445,line-d,line-d-e27,33.2018797,-116.1479301,180.0,line-d-e28,33.2020391,-116.1477405,180.0,line-d-e30,33.2023578,-116.1473613,180.0,line-d-e31,33.2025172,-116.1471717,180.0,2026-08-20T19:39:00Z,dipole-dipole,2,7,1.291,619.7,184.774,6.576,0.00376,0.00109,0.00590;0.00563;0.00548;0.00487;0.00403;0.00325;0.00323;0.00216;0.00161;0.00125,
line-d-r01446,line-d,line-d-e27,33.2018797,-116.1479301,180.0,line-d-e28,33.2020391,-116.1477405,180.0,line-d-e30,33.2023578,-116.1473613,180.0,line-d-e31,33.2025172,-116.1471717,180.0,2026-08-20T19:39:12Z,dipole-dipole,2,3,1.633,489.8,189.887,9.260,0.00382,0.00080,0.00568;0.00524;0.00530;0.00473;0.00421;0.00328;0.00299;0.00254;0.00184;0.00137,
line-d-r01447,line-d,line-d-e27,33.2018797,-116.1479301,180.0,line-d-e28,33.2020391,-116.1477405,180.0,line-d-e30,33.2023578,-116.1473613,180.0,line-d-e31,33.2025172,-116.1471717,180.0,2026-08-20T19:39:24Z,dipole-dipole,2,5,1.755,455.7,-269.283,7.848,0.00599,0.00093,0.01013;0.00898;0.00783;0.00755;0.00702;0.00510;0.00481;0.00365;0.00288;0.00221,
line-d-r01448,line-d,line-d-e27,33.2018797,-116.1479301,180.0,line-d-e28,33.2020391,-116.1477405,180.0,line-d-e30,33.2023578,-116.1473613,180.0,line-d-e31,33.2025172,-116.1471717,180.0,2026-08-20T19:39:36Z,dipole-dipole,2,5,1.701,470.3,201.913,6.664,0.00662,0.00090,0.01102;0.00925;0.00907;0.00877;0.00731;0.00651;0.00562;0.00407;0.00336;0.00218,
line-d-r01449,line-d,line-d-e27,33.2018797,-116.1479301,180.0,line-d-e28,33.2020391,-116.1477405,180.0,line-d-e30,33.2023578,-116.1473613,180.0,line-d-e31,33.2025172,-116.1471717,180.0,2026-08-20T19:39:48Z,dipole-dipole,2,8,1.769,452.1,190.691,7.076,0.00270,0.00095,0.00407;0.00412;0.00359;0.00367;0.00273;0.00262;0.00203;0.00173;0.00148;0.00097,
line-d-r01450,line-d,line-d-e27,33.2018797,-116.1479301,180.0,line-d-e28,33.2020391,-116.1477405,180.0,line-d-e30,33.2023578,-116.1473613,180.0,line-d-e31,33.2025172,-116.1471717,180.0,2026-08-20T19:40:00Z,dipole-dipole,2,8,1.669,479.3,203.824,9.693,0.00574,0.00083,0.00919;0.00802;0.00728;0.00680;0.00629;0.00567;0.00462;0.00371;0.00287;0.00214,
line-d-r01451,line-d,line-d-e27,33.2018797,-116.1479301,180.0,line-d-e28,33.2020391,-116.1477405,180.0,line-d-e31,33.2025172,-116.1471717,180.0,line-d-e32,33.2026766,-116.1469821,180.0,2026-08-20T19:40:12Z,dipole-dipole,3,5,1.930,414.6,193.415,6.189,0.00528,0.00089,0.00853;0.00700;0.00654;0.00656;0.00590;0.00521;0.00450;0.00342;0.00271;0.00165,
line-d-r01452,line-d,line-d-e27,33.2018797,-116.1479301,180.0,line-d-e28,33.2020391,-116.1477405,180.0,line-d-e31,33.2025172,-116.1471717,180.0,line-d-e32,33.2026766,-116.1469821,180.0,2026-08-20T19:40:24Z,dipole-dipole,3,7,1.823,439.0,205.919,8.623,0.00512,0.00104,0.00816;0.00798;0.00629;0.00678;0.00543;0.00473;0.00385;0.00329;0.00255;0.00184,
line-d-r01453,line-d,line-d-e27,33.2018797,-116.1479301,180.0,line-d-e28,33.2020391,-116.1477405,180.0,line-d-e31,33.2025172,-116.1471717,180.0,line-d-e32,33.2026766,-116.1469821,180.0,2026-08-20T19:40:36Z,dipole-dipole,3,7,1.408,568.2,208.101,6.398,0.00443,0.00125,0.00644;0.00619;0.00594;0.00518;0.00440;0.00484;0.00318;0.00257;0.00214;0.00171,
line-d-r01454,line-d,line-d-e27,33.2018797,-116.1479301,180.0,line-d-e28,33.2020391,-116.1477405,180.0,line-d-e31,33.2025172,-116.1471717,180.0,line-d-e32,33.2026766,-116.1469821,180.0,2026-08-20T19:40:48Z,dipole-dipole,3,5,1.277,626.4,194.909,6.715,0.00510,0.00115,0.00830;0.00847;0.00677;0.00601;0.00518;0.00473;0.00381;0.00363;0.00247;0.00169,
line-d-r01455,line-d,line-d-e27,33.2018797,-116.1479301,180.0,line-d-e28,33.2020391,-116.1477405,180.0,line-d-e31,33.2025172,-116.1471717,180.0,line-d-e32,33.2026766,-116.1469821,180.0,2026-08-20T19:41:00Z,dipole-dipole,3,4,1.681,475.8,211.108,6.074,0.00531,0.00102,0.00195;0.00265;0.00345;0.00382;0.00539;0.00597;0.00651;0.00644;0.00807;0.00806,
line-d-r01456,line-d,line-d-e27,33.2018797,-116.1479301,180.0,line-d-e28,33.2020391,-116.1477405,180.0,line-d-e31,33.2025172,-116.1471717,180.0,line-d-e32,33.2026766,-116.1469821,180.0,2026-08-20T19:41:12Z,dipole-dipole,3,4,1.652,484.2,198.840,8.448,0.00388,0.00108,0.00537;0.00563;0.00526;0.00543;0.00486;0.00390;0.00299;0.00229;0.00204;0.00122,
line-d-r01457,line-d,line-d-e27,33.2018797,-116.1479301,180.0,line-d-e28,33.2020391,-116.1477405,180.0,line-d-e32,33.2026766,-116.1469821,180.0,line-d-e33,33.2028360,-116.1467925,180.0,2026-08-20T19:41:24Z,dipole-dipole,4,8,1.858,430.5,186.915,7.460,0.00368,0.00109,0.00581;0.00529;0.00477;0.00481;0.00389;0.00369;0.00326;0.00249;0.00175;0.00122,
line-d-r01458,line-d,line-d-e27,33.2018797,-116.1479301,180.0,line-d-e28,33.2020391,-116.1477405,180.0,line-d-e32,33.2026766,-116.1469821,180.0,line-d-e33,33.2028360,-116.1467925,180.0,2026-08-20T19:41:36Z,dipole-dipole,4,7,1.561,512.4,196.252,5.280,0.00281,0.00122,0.00479;0.00444;0.00405;0.00335;0.00291;0.00283;0.00240;0.00169;0.00141;0.00089,
line-d-r01459,line-d,line-d-e27,33.2018797,-116.1479301,180.0,line-d-e28,33.2020391,-116.1477405,180.0,line-d-e32,33.2026766,-116.1469821,180.0,line-d-e33,33.2028360,-116.1467925,180.0,2026-08-20T19:41:48Z,dipole-dipole,4,7,1.440,555.6,202.923,7.244,0.00383,0.00093,0.00650;0.00603;0.00494;0.00520;0.00401;0.00372;0.00282;0.00249;0.00202;0.00125,
line-d-r01460,line-d,line-d-e27,33.2018797,-116.1479301,180.0,line-d-e28,33.2020391,-116.1477405,180.0,line-d-e32,33.2026766,-116.1469821,180.0,line-d-e33,33.2028360,-116.1467925,180.0,2026-08-20T19:42:00Z,dipole-dipole,4,3,1.447,552.9,191.502,6.295,0.00489,0.00087,0.00788;0.00715;0.00635;0.00586;0.00538;0.00483;0.00400;0.00308;0.00243;0.00174,
line-d-r01461,line-d,line-d-e27,33.2018797,-116.1479301,180.0,line-d-e28,33.2020391,-116.1477405,180.0,line-d-e32,33.2026766,-116.1469821,180.0,line-d-e33,33.2028360,-116.1467925,180.0,2026-08-20T19:42:12Z,dipole-dipole,4,8,2.000,369.1,199.043,7.350,0.00380,0.00087,0.00553;0.00607;0.00481;0.00458;0.00402;0.00374;0.00313;0.00255;0.00193;0.00149,
line-d-r01462,line-d,line-d-e27,33.2018797,-116.1479301,180.0,line-d-e28,33.2020391,-116.1477405,180.0,line-d-e32,33.2026766,-116.1469821,180.0,line-d-e33,33.2028360,-116.1467925,180.0,2026-08-20T19:42:24Z,dipole-dipole,4,7,1.750,457.3,199.043,9.020,0.00588,0.00104,0.00906;0.00860;0.00800;0.00762;0.00696;0.00570;0.00490;0.00350;0.00287;0.00230,
line-d-r01463,line-d,line-d-e27,33.2018797,-116.1479301,180.0,line-d-e28,33.2020391,-116.1477405,180.0,line-d-e32,33.2026766,-116.1469821,180.0,line-d-e33,33.2028360,-116.1467925,180.0,2026-08-20T19:42:36Z,dipole-dipole,4,5,1.602,499.5,189.058,8.493,0.00554,0.00107,0.00893;0.00823;0.00781;0.00706;0.00595;0.00502;0.00450;0.00364;0.00290;0.00203,
line-d-r01464,line-d,line-d-e27,33.2018797,-116.1479301,180.0,line-d-e28,33.2020391,-116.1477405,180.0,line-d-e33,33.2028360,-116.1467925,180.0,line-d-e34,33.2029954,-116.1466029,180.0,2026-08-20T19:42:48Z,dipole-dipole,5,4,1.551,515.7,194.971,7.249,0.00613,0.00106,0.01005;0.00904;0.00821;0.00707;0.00668;0.00531;0.00440;0.00378;0.00305;0.00234,
line-d-r01465,line-d,line-d-e27,33.2018797,-116.1479301,180.0,line-d-e28,33.2020391,-116.1477405,180.0,line-d-e33,33.2028360,-116.1467925,180.0,line-d-e34,33.2029954,-116.1466029,180.0,2026-08-20T19:43:00Z,dipole-dipole,5,3,1.786,447.9,198.599,8.730,0.00359,0.00091,0.00569;0.00521;0.00512;0.00457;0.00420;0.00322;0.00270;0.00231;0.00174;0.00129,
line-d-r01466,line-d,line-d-e27,33.2018797,-116.1479301,180.0,line-d-e28,33.2020391,-116.1477405,180.0,line-d-e33,33.2028360,-116.1467925,180.0,line-d-e34,33.2029954,-116.1466029,180.0,2026-08-20T19:43:12Z,dipole-dipole,5,5,1.671,478.7,188.239,6.867,0.00564,0.00098,0.00889;0.00841;0.00822;0.00762;0.00610;0.00528;0.00464;0.00374;0.00278;0.00202,
line-d-r01467,line-d,line-d-e27,33.2018797,-116.1479301,180.0,line-d-e28,33.2020391,-116.1477405,180.0,line-d-e33,33.2028360,-116.1467925,180.0,line-d-e34,33.2029954,-116.1466029,180.0,2026-08-20T19:43:24Z,dipole-dipole,5,4,1.621,493.4,189.338,7.761,0.00774,0.00095,0.01249;0.01066;0.01065;0.00861;0.00855;0.00716;0.00659;0.00456;0.00378;0.00316,
line-d-r01468,line-d,line-d-e27,33.2018797,-116.1479301,180.0,line-d-e28,33.2020391,-116.1477405,180.0,line-d-e33,33.2028360,-116.1467925,180.0,line-d-e34,33.2029954,-116.1466029,180.0,2026-08-20T19:43:36Z,dipole-dipole,5,3,1.647,485.8,213.453,7.429,0.00405,0.00094,0.00693;0.00620;0.00532;0.00457;0.00452;0.00398;0.00349;0.00283;0.00204;0.00138,
line-d-r01469,line-d,line-d-e27,33.2018797,-116.1479301,180.0,line-d-e28,33.2020391,-116.1477405,180.0,line-d-e33,33.2028360,-116.1467925,180.0,line-d-e34,33.2029954,-116.1466029,180.0,2026-08-20T19:43:48Z,dipole-dipole,5,7,1.733,461.6,188.573,9.294,0.00342,0.00117,0.00573;0.00513;0.00419;0.00400;0.00377;0.00380;0.00258;0.00205;0.00155;0.00121,
line-d-r01470,line-d,line-d-e27,33.2018797,-116.1479301,180.0,line-d-e28,33.2020391,-116.1477405,180.0,line-d-e33,33.2028360,-116.1467925,180.0,line-d-e34,33.2029954,-116.1466029,180.0,2026-08-20T19:44:00Z,dipole-dipole,5,7,1.707,468.8,210.302,9.471,0.00767,0.00095,0.01072;0.01119;0.01051;0.00976;0.00919;0.00734;0.00571;0.00479;0.00380;0.00280,
line-d-r01471,line-d,line-d-e27,33.2018797,-116.1479301,180.0,line-d-e28,33.2020391,-116.1477405,180.0,line-d-e33,33.2028360,-116.1467925,180.0,line-d-e34,33.2029954,-116.1466029,180.0,2026-08-20T19:44:12Z,dipole-dipole,5,4,1.287,621.4,202.850,8.194,0.00570,0.00104,0.00830;0.00979;0.00820;0.00718;0.00640;0.00531;0.00494;0.00355;0.00283;0.00196,
line-d-r01472,line-d,line-d-e27,33.2018797,-116.1479301,180.0,line-d-e28,33.2020391,-116.1477405,180.0,line-d-e34,33.2029954,-116.1466029,180.0,line-d-e35,33.2031548,-116.1464133,180.0,2026-08-20T19:44:24Z,dipole-dipole,6,6,1.965,407.0,189.713,7.932,0.00397,0.00102,0.00633;0.00643;0.00545;0.00503;0.00453;0.00394;0.00293;0.00252;0.00205;0.00131,
line-d-r01473,line-d,line-d-e27,33.2018797,-116.1479301,180.0,line-d-e28,33.2020391,-116.1477405,180.0,line-d-e34,33.2029954,-116.1466029,180.0,line-d-e35,33.2031548,-116.1464133,180.0,2026-08-20T19:44:36Z,dipole-dipole,6,4,1.627,491.7,195.491,7.002,0.00575,0.00112,0.00930;0.00953;0.00663;0.00714;0.00589;0.00554;0.00513;0.00356;0.00282;0.00207,
line-d-r01474,line-d,line-d-e27,33.2018797,-116.1479301,180.0,line-d-e28,33.2020391,-116.1477405,180.0,line-d-e34,33.2029954,-116.1466029,180.0,line-d-e35,33.2031548,-116.1464133,180.0,2026-08-20T19:44:48Z,dipole-dipole,6,8,1.612,496.3,198.559,428.621,0.00360,0.00106,0.00548;0.00507;0.00464;0.00415;0.00412;0.00295;0.00272;0.00215;0.00191;0.00115,
line-d-r00539,line-d,line-d-e27,33.2018797,-116.1479301,180.0,line-d-e28,33.2020391,-116.1477405,180.0,line-d-e34,33.2029954,-116.1466029,180.0,line-d-e35,33.2031548,-116.1464133,180.0,2026-08-20T19:45:00Z,dipole-dipole,6,4,1.839,435.0,198.587,5.885,0.00558,0.00125,0.00926;0.00849;0.00780;0.00703;0.00575;0.00543;0.00503;0.00334;0.00260;0.00194,
line-d-r01476,line-d,line-d-e27,33.2018797,-116.1479301,180.0,line-d-e28,33.2020391,-116.1477405,180.0,line-d-e34,33.2029954,-116.1466029,180.0,line-d-e35,33.2031548,-116.1464133,180.0,2026-08-20T19:45:12Z,dipole-dipole,6,4,1.748,457.7,186.660,8.201,0.00539,0.00123,0.00840;0.00778;0.00721;0.00668;0.00586;0.00452;0.00420;0.00332;0.00273;0.00198,
line-d-r01477,line-d,line-d-e27,33.2018797,-116.1479301,180.0,line-d-e28,33.2020391,-116.1477405,180.0,line-d-e34,33.2029954,-116.1466029,180.0,line-d-e35,33.2031548,-116.1464133,180.0,2026-08-20T19:45:24Z,dipole-dipole,6,7,1.433,558.3,194.927,6.927,0.00540,0.00080,0.00908;0.00749;0.00741;0.00665;0.00641;0.00492;0.00423;0.00398;0.00291;0.00190,
line-d-r01478,line-d,line-d-e27,33.2018797,-116.1479301,180.0,line-d-e28,33.2020391,-116.1477405,180.0,line-d-e34,33.2029954,-116.1466029,180.0,line-d-e35,33.2031548,-116.1464133,180.0,2026-08-20T19:45:36Z,dipole-dipole,6,8,1.813,441.2,191.668,8.870,0.00432,0.00084,0.00713;0.00599;0.00574;0.00521;0.00499;0.00404;0.00335;0.00275;0.00212;0.00154,
line-d-r01479,line-d,line-d-e27,33.2018797,-116.1479301,180.0,line-d-e28,33.2020391,-116.1477405,180.0,line-d-e35,33.2031548,-116.1464133,180.0,line-d-e36,33.2033141,-116.1462237,180.0,2026-08-20T19:45:48Z,dipole-dipole,7,7,2.000,353.5,197.600,8.164,0.00498,0.00090,0.00851;0.00750;0.00680;0.00617;0.00518;0.00455;0.00403;0.00303;0.00219;0.00171,
line-d-r01480,line-d,line-d-e27,33.2018797,-116.1479301,180.0,line-d-e28,33.2020391,-116.1477405,180.0,line-d-e35,33.2031548,-116.1464133,180.0,line-d-e36,33.2033141,-116.1462237,180.0,2026-08-20T19:46:00Z,dipole-dipole,7,8,1.411,567.0,201.119,9.192,0.00372,0.00096,0.00555;0.00502;0.00503;0.00426;0.00377;0.00330;0.00294;0.00243;0.00163;0.00138,
line-d-r01481,line-d,line-d-e27,33.2018797,-116.1479301,180.0,line-d-e28,33.2020391,-116.1477405,180.0,line-d-e35,33.2031548,-116.1464133,180.0,line-d-e36,33.2033141,-116.1462237,180.0,2026-08-20T19:46:12Z,dipole-dipole,7,7,1.805,443.3,214.993,7.382,0.00483,0.00112,0.00818;0.00734;0.00676;0.00662;0.00564;0.00442;0.00398;0.00310;0.00242;0.00154,
line-d-r01482,line-d,line-d-e27,33.2018797,-116.1479301,180.0,line-d-e28,33.2020391,-116.1477405,180.0,line-d-e35,33.2031548,-116.1464133,180.0,line-d-e36,33.2033141,-116.1462237,180.0,2026-08-20T19:46:24Z,dipole-dipole,7,5,1.925,415.5,205.712,10.691,0.00475,0.00123,0.00768;0.00726;0.00656;0.00582;0.00529;0.00460;0.00386;0.00290;0.00237;0.00162,
line-d-r01483,line-d,line-d-e27,33.2018797,-116.1479301,180.0,line-d-e28,33.2020391,-116.1477405,180.0,line-d-e35,33.2031548,-116.1464133,180.0,line-d-e36,33.2033141,-116.1462237,180.0,2026-08-20T19:46:36Z,dipole-dipole,7,8,1.406,568.9,199.076,7.314,0.00402,0.00100,0.00668;0.00572;0.00595;0.00478;0.00417;0.00372;0.00296;0.00254;0.00217;0.00137,
line-d-r01484,line-d,line-d-e27,33.2018797,-116.1479301,180.0,line-d-e28,33.2020391,-116.1477405,180.0,line-d-e35,33.2031548,-116.1464133,180.0,line-d-e36,33.2033141,-116.1462237,180.0,2026-08-20T19:46:48Z,dipole-dipole,7,6,1.487,538.2,205.606,6.537,0.00518,0.00102,0.00825;0.00741;0.00747;0.00640;0.00566;0.00506;0.00428;0.00350;0.00250;0.00167,
line-d-r01485,line-d,line-d-e27,33.2018797,-116.1479301,180.0,line-d-e28,33.2020391,-116.1477405,180.0,line-d-e36,33.2033141,-116.1462237,180.0,line-d-e37,33.2034735,-116.1460341,180.0,2026-08-20T19:47:00Z,dipole-dipole,8,5,2.000,368.0,189.219,7.426,0.00549,0.00098,0.00878;0.00756;0.00765;0.00687;0.00658;0.00561;0.00424;0.00381;0.00246;0.00188,
line-d-r01486,line-d,line-d-e27,33.2018797,-116.1479301,180.0,line-d-e28,33.2020391,-116.1477405,180.0,line-d-e36,33.2033141,-116.1462237,180.0,line-d-e37,33.2034735,-116.1460341,180.0,2026-08-20T19:47:12Z,dipole-dipole,8,4,1.350,592.7,197.278,7.536,0.00575,0.00098,0.00862;0.00893;0.00764;0.00770;0.00704;0.00544;0.00433;0.00391;0.00292;0.00201,
line-d-r01487,line-d,line-d-e27,33.2018797,-116.1479301,180.0,line-d-e28,33.2020391,-116.1477405,180.0,line-d-e36,33.2033141,-116.1462237,180.0,line-d-e37,33.2034735,-116.1460341,180.0,2026-08-20T19:47:24Z,dipole-dipole,8,8,1.352,591.8,197.996,10.034,0.00295,0.00109,0.00430;0.00457;0.00427;0.00353;0.00305;0.00272;0.00254;0.00182;0.00152;0.00103,
line-d-r01488,line-d,line-d-e27,33.2018797,-116.1479301,180.0,line-d-e28,33.2020391,-116.1477405,180.0,line-d-e36,33.2033141,-116.1462237,180.0,line-d-e37,33.2034735,-116.1460341,180.0,2026-08-20T19:47:36Z,dipole-dipole,8,4,1.779,449.8,200.957,7.664,0.00339,0.00118,0.00577;0.00451;0.00443;0.00459;0.00375;0.00312;0.00276;0.00234;0.00179;0.00124,
line-d-r01489,line-d,line-d-e27,33.2018797,-116.1479301,180.0,line-d-e28,33.2020391,-116.1477405,180.0,line-d-e36,33.2033141,-116.1462237,180.0,line-d-e37,33.2034735,-116.1460341,180.0,2026-08-20T19:47:48Z,dipole-dipole,8,7,1.345,594.9,204.444,7.982,0.00548,0.00129,0.00953;0.00887;0.00734;0.00690;0.00606;0.00496;0.00457;0.00331;0.00258;0.00197,
line-d-r01490,line-d,line-d-e27,33.2018797,-116.1479301,180.0,line-d-e28,33.2020391,-116.1477405,180.0,line-d-e36,33.2033141,-116.1462237,180.0,line-d-e37,33.2034735,-116.1460341,180.0,2026-08-20T19:48:00Z,dipole-dipole,8,4,1.666,480.1,185.688,6.920,0.00456,0.00104,0.00707;0.00717;0.00712;0.00623;0.00539;0.00498;0.00356;0.00299;0.00222;0.00176,
line-d-r01491,line-d,line-d-e27,33.2018797,-116.1479301,180.0,line-d-e28,33.2020391,-116.1477405,180.0,line-d-e36,33.2033141,-116.1462237,180.0,line-d-e37,33.2034735,-116.1460341,180.0,2026-08-20T19:48:12Z,dipole-dipole,8,3,1.288,621.1,202.423,7.868,0.00712,0.00107,0.01122;0.00995;0.01005;0.00878;0.00738;0.00693;0.00541;0.00475;0.00329;0.00259,
line-d-r01492,line-d,line-d-e27,33.2018797,-116.1479301,180.0,line-d-e28,33.2020391,-116.1477405,180.0,line-d-e36,33.2033141,-116.1462237,180.0,line-d-e37,33.2034735,-116.1460341,180.0,2026-08-20T19:48:24Z,dipole-dipole,8,7,1.792,446.5,191.460,8.377,0.00583,0.00094,0.00900;0.00884;0.00846;0.00714;0.00678;0.00549;0.00465;0.00401;0.00289;0.00196,
line-d-r01493,line-d,line-d-e28,33.2020391,-116.1477405,180.0,line-d-e29,33.2021984,-116.1475509,180.0,line-d-e30,33.2023578,-116.1473613,180.0,line-d-e31,33.2025172,-116.1471717,180.0,2026-08-20T19:48:36Z,dipole-dipole,1,4,1.697,471.5,213.572,7.499,0.00413,0.00108,0.00608;0.00626;0.00585;0.00517;0.00507;0.00436;0.00302;0.00247;0.00213;0.00147,
line-d-r01494,line-d,line-d-e28,33.2020391,-116.1477405,180.0,line-d-e29,33.2021984,-116.1475509,180.0,line-d-e30,33.2023578,-116.1473613,180.0,line-d-e31,33.2025172,-116.1471717,180.0,2026-08-20T19:48:48Z,dipole-dipole,1,8,1.479,540.9,204.469,7.193,0.00572,0.00104,0.00983;0.00789;0.00780;0.00710;0.00598;0.00545;0.00425;0.00362;0.00295;0.00203,
line-d-r01495,line-d,line-d-e28,33.2020391,-116.1477405,180.0,line-d-e29,33.2021984,-116.1475509,180.0,line-d-e30,33.2023578,-116.1473613,180.0,line-d-e31,33.2025172,-116.1471717,180.0,2026-08-20T19:49:00Z,dipole-dipole,1,3,1.310,610.7,206.015,5.882,0.00540,0.00123,0.00818;0.00738;0.00711;0.00724;0.00560;0.00576;0.00435;0.00303;0.00270;0.00206,
line-d-r01496,line-d,line-d-e28,33.2020391,-116.1477405,180.0,line-d-e29,33.2021984,-116.1475509,180.0,line-d-e30,33.2023578,-116.1473613,180.0,line-d-e31,33.2025172,-116.1471717,180.0,2026-08-20T19:49:12Z,dipole-dipole,1,3,2.000,384.3,212.224,8.222,0.00490,0.00094,0.00712;0.00770;0.00711;0.00593;0.00637;0.00430;0.00406;0.00286;0.00268;0.00171,
line-d-r01497,line-d,line-d-e28,33.2020391,-116.1477405,180.0,line-d-e29,33.2021984,-116.1475509,180.0,line-d-e30,33.2023578,-116.1473613,180.0,line-d-e31,33.2025172,-116.1471717,180.0,2026-08-20T19:49:24Z,dipole-dipole,1,7,1.577,507.4,187.423,6.089,0.00619,0.00104,0.01041;0.00962;0.00848;0.00669;0.00709;0.00588;0.00521;0.00378;0.00301;0.00228,
line-d-r01498,line-d,line-d-e28,33.2020391,-116.1477405,180.0,line-d-e29,33.2021984,-116.1475509,180.0,line-d-e30,33.2023578,-116.1473613,180.0,line-d-e31,33.2025172,-116.1471717,180.0,2026-08-20T19:49:36Z,dipole-dipole,1,4,1.551,515.8,208.577,8.346,0.00528,0.00071,0.00860;0.00784;0.00643;0.00718;0.00598;0.00469;0.00425;0.00334;0.00274;0.00173,
line-d-r01499,line-d,line-d-e28,33.2020391,-116.1477405,180.0,line-d-e29,33.2021984,-116.1475509,180.0,line-d-e30,33.2023578,-116.1473613,180.0,line-d-e31,33.2025172,-116.1471717,180.0,2026-08-20T19:49:48Z,dipole-dipole,1,8,1.367,585.3,206.079,6.201,0.00486,0.00094,0.00937;0.00760;0.00645;0.00581;0.00537;0.00452;0.00374;0.00280;0.00243;0.00170,
line-d-r01500,line-d,line-d-e28,33.2020391,-116.1477405,180.0,line-d-e29,33.2021984,-116.1475509,180.0,line-d-e30,33.2023578,-116.1473613,180.0,line-d-e31,33.2025172,-116.1471717,180.0,2026-08-20T19:50:00Z,dipole-dipole,1,3,1.901,420.9,191.552,8.103,0.00581,0.00090,0.00981;0.00851;0.00810;0.00694;0.00665;0.00577;0.00496;0.00362;0.00257;0.00206,
line-d-r01501,line-d,line-d-e28,33.2020391,-116.1477405,180.0,line-d-e29,33.2021984,-116.1475509,180.0,line-d-e31,33.2025172,-116.1471717,180.0,line-d-e32,33.2026766,-116.1469821,180.0,2026-08-20T19:50:12Z,dipole-dipole,2,4,2.000,399.1,205.300,8.216,0.00641,0.00115,0.01078;0.00954;0.00921;0.00898;0.00661;0.00620;0.00447;0.00420;0.00296;0.00228,
line-d-r01502,line-d,line-d-e28,33.2020391,-116.1477405,180.0,line-d-e29,33.2021984,-116.1475509,180.0,line-d-e31,33.2025172,-116.1471717,180.0,line-d-e32,33.2026766,-116.1469821,180.0,2026-08-20T19:50:24Z,dipole-dipole,2,6,1.819,439.8,200.619,6.677,0.00476,0.00089,0.00730;0.00685;0.00592;0.00563;0.00494;0.00490;0.00346;0.00345;0.00216;0.00149,
line-d-r01503,line-d,line-d-e28,33.2020391,-116.1477405,180.0,line-d-e29,33.2021984,-116.1475509,180.0,line-d-e31,33.2025172,-116.1471717,180.0,line-d-e32,33.2026766,-116.1469821,180.0,2026-08-20T19:50:36Z,dipole-dipole,2,7,1.921,416.5,194.675,6.236,0.00535,0.00114,0.00197;0.00265;0.00333;0.00433;0.00507;0.00564;0.00616;0.00734;0.00799;0.00937,
line-d-r01504,line-d,line-d-e28,33.2020391,-116.1477405,180.0,line-d-e29,33.2021984,-116.1475509,180.0,line-d-e31,33.2025172,-116.1471717,180.0,line-d-e32,33.2026766,-116.1469821,180.0,2026-08-20T19:50:48Z,dipole-dipole,2,7,1.522,525.7,204.452,5.995,0.00599,0.00131,0.01109;0.00978;0.00813;0.00728;0.00604;0.00576;0.00503;0.00368;0.00340;0.00208,
line-d-r01505,line-d,line-d-e28,33.2020391,-116.1477405,180.0,line-d-e29,33.2021984,-116.1475509,180.0,line-d-e31,33.2025172,-116.1471717,180.0,line-d-e32,33.2026766,-116.1469821,180.0,2026-08-20T19:51:00Z,dipole-dipole,2,7,1.620,494.0,181.007,6.203,0.00412,0.00102,0.00634;0.00569;0.00485;0.00494;0.00439;0.00370;0.00352;0.00270;0.00185;0.00151,
line-d-r01506,line-d,line-d-e28,33.2020391,-116.1477405,180.0,line-d-e29,33.2021984,-116.1475509,180.0,line-d-e31,33.2025172,-116.1471717,180.0,line-d-e32,33.2026766,-116.1469821,180.0,2026-08-20T19:51:12Z,dipole-dipole,2,4,1.658,482.5,194.245,8.051,0.00215,0.00108,0.00327;0.00342;0.00317;0.00248;0.00254;0.00192;0.00169;0.00142;0.00109;0.00070,
line-d-r01507,line-d,line-d-e28,33.2020391,-116.1477405,180.0,line-d-e29,33.2021984,-116.1475509,180.0,line-d-e32,33.2026766,-116.1469821,180.0,line-d-e33,33.2028360,-116.1467925,180.0,2026-08-20T19:51:24Z,dipole-dipole,3,7,1.772,451.4,216.117,6.951,0.00565,0.00075,0.00893;0.00804;0.00779;0.00804;0.00546;0.00552;0.00427;0.00326;0.00265;0.00182,
line-d-r01508,line-d,line-d-e28,33.2020391,-116.1477405,180.0,line-d-e29,33.2021984,-116.1475509,180.0,line-d-e32,33.2026766,-116.1469821,180.0,line-d-e33,33.2028360,-116.1467925,180.0,2026-08-20T19:51:36Z,dipole-dipole,3,8,1.681,476.0,193.721,8.357,0.00608,0.00092,0.00839;0.00957;0.00841;0.00723;0.00667;0.00613;0.00488;0.00374;0.00305;0.00217,
line-d-r01509,line-d,line-d-e28,33.2020391,-116.1477405,180.0,line-d-e29,33.2021984,-116.1475509,180.0,line-d-e32,33.2026766,-116.1469821,180.0,line-d-e33,33.2028360,-116.1467925,180.0,2026-08-20T19:51:48Z,dipole-dipole,3,6,1.638,488.5,199.658,7.789,0.00621,0.00090,0.00928;0.00918;0.00856;0.00772;0.00633;0.00569;0.00531;0.00399;0.00287;0.00212,
line-d-r01510,line-d,line-d-e28,33.2020391,-116.1477405,180.0,line-d-e29,33.2021984,-116.1475509,180.0,line-d-e32,33.2026766,-116.1469821,180.0,line-d-e33,33.2028360,-116.1467925,180.0,2026-08-20T19:52:00Z,dipole-dipole,3,5,1.747,457.8,200.914,566.251,0.00523,0.00091,0.00865;0.00788;0.00668;0.00599;0.00583;0.00467;0.00424;0.00327;0.00282;0.00159,
line-d-r01511,line-d,line-d-e28,33.2020391,-116.1477405,180.0,line-d-e29,33.2021984,-116.1475509,180.0,line-d-e32,33.2026766,-116.1469821,180.0,line-d-e33,33.2028360,-116.1467925,180.0,2026-08-20T19:52:12Z,dipole-dipole,3,7,1.529,523.3,191.856,6.251,0.00609,0.00110,0.00964;0.00977;0.00852;0.00786;0.00699;0.00559;0.00448;0.00366;0.00275;0.00218,
line-d-r01512,line-d,line-d-e28,33.2020391,-116.1477405,180.0,line-d-e29,33.2021984,-116.1475509,180.0,line-d-e32,33.2026766,-116.1469821,180.0,line-d-e33,33.2028360,-116.1467925,180.0,2026-08-20T19:52:24Z,dipole-dipole,3,7,1.782,448.9,196.503,9.300,0.00592,0.00114,0.00941;0.00880;0.00845;0.00679;0.00731;0.00572;0.00496;0.00350;0.00328;0.00208,
line-d-r01513,line-d,line-d-e28,33.2020391,-116.1477405,180.0,line-d-e29,33.2021984,-116.1475509,180.0,line-d-e32,33.2026766,-116.1469821,180.0,line-d-e33,33.2028360,-116.1467925,180.0,2026-08-20T19:52:36Z,dipole-dipole,3,5,1.465,546.1,205.162,8.452,0.00413,0.00079,0.00614;0.00661;0.00595;0.00533;0.00448;0.00409;0.00318;0.00237;0.00179;0.00156,
line-d-r01514,line-d,line-d-e28,33.2020391,-116.1477405,180.0,line-d-e29,33.2021984,-116.1475509,180.0,line-d-e32,33.2026766,-116.1469821,180.0,line-d-e33,33.2028360,-116.1467925,180.0,2026-08-20T19:52:48Z,dipole-dipole,3,5,1.580,506.3,189.979,7.913,0.00531,0.00096,0.00816;0.00839;0.00643;0.00670;0.00603;0.00453;0.00424;0.00359;0.00258;0.00190,
line-d-r01515,line-d,line-d-e28,33.2020391,-116.1477405,180.0,line-d-e29,33.2021984,-116.1475509,180.0,line-d-e33,33.2028360,-116.1467925,180.0,line-d-e34,33.2029954,-116.1466029,180.0,2026-08-20T19:53:00Z,dipole-dipole,4,6,1.573,508.4,199.248,6.977,0.00463,0.00122,0.00679;0.00655;0.00641;0.00559;0.00527;0.00456;0.00380;0.00299;0.00210;0.00165,
line-d-r01516,line-d,line-d-e28,33.2020391,-116.1477405,180.0,line-d-e29,33.2021984,-116.1475509,180.0,line-d-e33,33.2028360,-116.1467925,180.0,line-d-e34,33.2029954,-116.1466029,180.0,2026-08-20T19:53:12Z,dipole-dipole,4,3,1.562,512.2,201.446,6.560,0.00703,0.00121,0.01074;0.01027;0.01024;0.00987;0.00738;0.00613;0.00535;0.00446;0.00376;0.00247,
line-d-r01517,line-d,line-d-e28,33.2020391,-116.1477405,180.0,line-d-e29,33.2021984,-116.1475509,180.0,line-d-e33,33.2028360,-116.1467925,180.0,line-d-e34,33.2029954,-116.1466029,180.0,2026-08-20T19:53:24Z,dipole-dipole,4,6,1.748,457.7,190.308,7.706,0.00600,0.00144,0.00968;0.00806;0.00738;0.00689;0.00708;0.00556;0.00478;0.00368;0.00297;0.00195,
line-d-r01518,line-d,line-d-e28,33.2020391,-116.1477405,180.0,line-d-e29,33.2021984,-116.1475509,180.0,line-d-e33,33.2028360,-116.1467925,180.0,line-d-e34,33.2029954,-116.1466029,180.0,2026-08-20T19:53:36Z,dipole-dipole,4,4,1.527,523.9,208.225,7.195,0.00458,0.00134,0.00800;0.00642;0.00604;0.00601;0.00463;0.00382;0.00357;0.00292;0.00210;0.00166,
line-d-r01519,line-d,line-d-e28,33.2020391,-116.1477405,180.0,line-d-e29,33.2021984,-116.1475509,180.0,line-d-e33,33.2028360,-116.1467925,180.0,line-d-e34,33.2029954,-116.1466029,180.0,2026-08-20T19:53:48Z,dipole-dipole,4,4,1.427,560.8,197.673,7.034,0.00596,0.00083,0.00904;0.00930;0.00815;0.00725;0.00620;0.00610;0.00496;0.00399;0.00290;0.00198,
line-d-r01520,line-d,line-d-e28,33.2020391,-116.1477405,180.0,line-d-e29,33.2021984,-116.1475509,180.0,line-d-e33,33.2028360,-116.1467925,180.0,line-d-e34,33.2029954,-116.1466029,180.0,2026-08-20T19:54:00Z,dipole-dipole,4,3,1.367,585.3,198.848,8.283,0.00459,0.00105,0.00734;0.00707;0.00616;0.00562;0.00441;0.00497;0.00387;0.00306;0.00228;0.00165,
line-d-r01521,line-d,line-d-e28,33.2020391,-116.1477405,180.0,line-d-e29,33.2021984,-116.1475509,180.0,line-d-e34,33.2029954,-116.1466029,180.0,line-d-e35,33.2031548,-116.1464133,180.0,2026-08-20T19:54:12Z,dipole-dipole,5,8,1.552,515.6,210.860,7.773,0.00467,0.00098,0.00728;0.00713;0.00658;0.00588;0.00520;0.00405;0.00387;0.00292;0.00223;0.00158,
line-d-r01522,line-d,line-d-e28,33.2020391,-116.1477405,180.0,line-d-e29,33.2021984,-116.1475509,180.0,line-d-e34,33.2029954,-116.1466029,180.0,line-d-e35,33.2031548,-116.1464133,180.0,2026-08-20T19:54:24Z,dipole-dipole,5,7,1.567,510.4,191.565,6.659,0.00295,0.00096,0.00433;0.00430;0.00408;0.00376;0.00321;0.00297;0.00219;0.00183;0.00164;0.00120,
line-d-r01523,line-d,line-d-e28,33.2020391,-116.1477405,180.0,line-d-e29,33.2021984,-116.1475509,180.0,line-d-e34,33.2029954,-116.1466029,180.0,line-d-e35,33.2031548,-116.1464133,180.0,2026-08-20T19:54:36Z,dipole-dipole,5,4,2.000,375.6,198.800,7.757,0.00469,0.00108,0.00649;0.00685;0.00670;0.00575;0.00574;0.00449;0.00398;0.00313;0.00232;0.00155,
line-d-r01524,line-d,line-d-e28,33.2020391,-116.1477405,180.0,line-d-e29,33.2021984,-116.1475509,180.0,line-d-e34,33.2029954,-116.1466029,180.0,line-d-e35,33.2031548,-116.1464133,180.0,2026-08-20T19:54:48Z,dipole-dipole,5,7,1.309,611.2,196.234,7.187,0.00602,0.00096,0.00960;0.00893;0.00853;0.00722;0.00664;0.00608;0.00492;0.00393;0.00268;0.00214,
line-d-r01525,line-d,line-d-e28,33.2020391,-116.1477405,180.0,line-d-e29,33.2021984,-116.1475509,180.0,line-d-e34,33.2029954,-116.1466029,180.0,line-d-e35,33.2031548,-116.1464133,180.0,2026-08-20T19:55:00Z,dipole-dipole,5,7,1.876,426.5,188.306,8.262,0.00377,0.00108,0.00615;0.00576;0.00492;0.00499;0.00431;0.00359;0.00261;0.00229;0.00195;0.00135,
line-d-r01526,line-d,line-d-e28,33.2020391,-116.1477405,180.0,line-d-e29,33.2021984,-116.1475509,180.0,line-d-e34,33.2029954,-116.1466029,180.0,line-d-e35,33.2031548,-116.1464133,180.0,2026-08-20T19:55:12Z,dipole-dipole,5,6,1.272,628.8,208.294,6.025,0.00642,0.00094,0.01107;0.00892;0.00913;0.00848;0.00628;0.00598;0.00500;0.00420;0.00285;0.00244,
line-d-r01527,line-d,line-d-e28,33.2020391,-116.1477405,180.0,line-d-e29,33.2021984,-116.1475509,180.0,line-d-e34,33.2029954,-116.1466029,180.0,line-d-e35,33.2031548,-116.1464133,180.0,2026-08-20T19:55:24Z,dipole-dipole,5,6,1.708,468.4,201.819,6.688,0.00536,0.00135,0.00891;0.00722;0.00755;0.00636;0.00623;0.00438;0.00420;0.00335;0.00257;0.00192,
line-d-r01528,line-d,line-d-e28,33.2020391,-116.1477405,180.0,line-d-e29,33.2021984,-116.1475509,180.0,line-d-e34,33.2029954,-116.1466029,180.0,line-d-e35,33.2031548,-116.1464133,180.0,2026-08-20T19:55:36Z,dipole-dipole,5,8,1.736,460.9,191.147,6.139,0.00382,0.00106,0.00626;0.00596;0.00494;0.00493;0.00395;0.00337;0.00326;0.00239;0.00195;0.00140,
line-d-r01529,line-d,line-d-e28,33.2020391,-116.1477405,180.0,line-d-e29,33.2021984,-116.1475509,180.0,line-d-e35,33.2031548,-116.1464133,180.0,line-d-e36,33.2033141,-116.1462237,180.0,2026-08-20T19:55:48Z,dipole-dipole,6,3,1.456,549.3,195.396,6.967,0.00470,0.00103,0.00843;0.00766;0.00673;0.00585;0.00498;0.00456;0.00397;0.00322;0.00232;0.00155,
line-d-r01530,line-d,line-d-e28,33.2020391,-116.1477405,180.0,line-d-e29,33.2021984,-116.1475509,180.0,line-d-e35,33.2031548,-116.1464133,180.0,line-d-e36,33.2033141,-116.1462237,180.0,2026-08-20T19:56:00Z,dipole-dipole,6,6,2.000,390.1,195.563,8.498,0.00474,0.00101,0.00728;0.00658;0.00622;0.00546;0.00531;0.00490;0.00360;0.00315;0.00214;0.00168,
line-d-r01531,line-d,line-d-e28,33.2020391,-116.1477405,180.0,line-d-e29,33.2021984,-116.1475509,180.0,line-d-e35,33.2031548,-116.1464133,180.0,line-d-e36,33.2033141,-116.1462237,180.0,2026-08-20T19:56:12Z,dipole-dipole,6,4,1.896,421.9,207.164,7.458,0.00405,0.00530,0.00712;0.00597;0.00561;0.00545;0.00440;0.00383;0.00345;0.00282;0.00195;0.00162,
line-d-r01532,line-d,line-d-e28,33.2020391,-116.1477405,180.0,line-d-e29,33.2021984,-116.1475509,180.0,line-d-e35,33.2031548,-116.1464133,180.0,line-d-e36,33.2033141,-116.1462237,180.0,2026-08-20T19:56:24Z,dipole-dipole,6,5,1.338,598.1,203.552,6.454,0.00473,0.00108,0.00775;0.00722;0.00619;0.00612;0.00453;0.00448;0.00363;0.00296;0.00232;0.00155,
line-d-r01533,line-d,line-d-e28,33.2020391,-116.1477405,180.0,line-d-e29,33.2021984,-116.1475509,180.0,line-d-e35,33.2031548,-116.1464133,180.0,line-d-e36,33.2033141,-116.1462237,180.0,2026-08-20T19:56:36Z,dipole-dipole,6,3,1.926,415.3,187.356,6.806,0.00340,0.00133,0.00541;0.00491;0.00488;0.00427;0.00359;0.00360;0.00267;0.00229;0.00186;0.00107,
line-d-r01534,line-d,line-d-e28,33.2020391,-116.1477405,180.0,line-d-e29,33.2021984,-116.1475509,180.0,line-d-e35,33.2031548,-116.1464133,180.0,line-d-e36,33.2033141,-116.1462237,180.0,2026-08-20T19:56:48Z,dipole-dipole,6,5,1.876,426.5,196.974,7.116,0.00422,0.00113,0.00680;0.00635;0.00506;0.00523;0.00464;0.00412;0.00332;0.00270;0.00195;0.00154,
line-d-r01535,line-d,line-d-e28,33.2020391,-116.1477405,180.0,line-d-e29,33.2021984,-116.1475509,180.0,line-d-e35,33.2031548,-116.1464133,180.0,line-d-e36,33.2033141,-116.1462237,180.0,2026-08-20T19:57:00Z,dipole-dipole,6,6,1.437,556.9,203.232,7.332,0.00411,0.00112,0.00666;0.00546;0.00562;0.00481;0.00453;0.00354;0.00340;0.00238;0.00204;0.00151,
line-d-r01536,line-d,line-d-e28,33.2020391,-116.1477405,180.0,line-d-e29,33.2021984,-116.1475509,180.0,line-d-e35,33.2031548,-116.1464133,180.0,line-d-e36,33.2033141,-116.1462237,180.0,2026-08-20T19:57:12Z,dipole-dipole,6,4,1.768,452.4,193.265,7.298,0.00425,0.00108,0.00680;0.00635;0.00565;0.00515;0.00491;0.00365;0.00349;0.00295;0.00220;0.00154,
line-d-r01537,line-d,line-d-e28,33.2020391,-116.1477405,180.0,line-d-e29,33.2021984,-116.1475509,180.0,line-d-e36,33.2033141,-116.1462237,180.0,line-d-e37,33.2034735,-116.1460341,180.0,2026-08-20T19:57:24Z,dipole-dipole,7,3,1.743,459.0,192.608,7.760,0.00574,0.00118,0.00969;0.00812;0.00778;0.00684;0.00614;0.00554;0.00425;0.00406;0.00284;0.00196,
line-d-r01538,line-d,line-d-e28,33.2020391,-116.1477405,180.0,line-d-e29,33.2021984,-116.1475509,180.0,line-d-e36,33.2033141,-116.1462237,180.0,line-d-e37,33.2034735,-116.1460341,180.0,2026-08-20T19:57:36Z,dipole-dipole,7,6,1.693,472.5,200.168,5.886,0.00624,0.00089,0.01061;0.00903;0.00921;0.00830;0.00700;0.00528;0.00496;0.00384;0.00316;0.00217,
line-d-r01539,line-d,line-d-e28,33.2020391,-116.1477405,180.0,line-d-e29,33.2021984,-116.1475509,180.0,line-d-e36,33.2033141,-116.1462237,180.0,line-d-e37,33.2034735,-116.1460341,180.0,2026-08-20T19:57:48Z,dipole-dipole,7,4,2.000,386.5,191.764,7.038,0.00463,0.00103,0.00687;0.00654;0.00639;0.00572;0.00473;0.00411;0.00327;0.00279;0.00242;0.00145,
line-d-r01540,line-d,line-d-e28,33.2020391,-116.1477405,180.0,line-d-e29,33.2021984,-116.1475509,180.0,line-d-e36,33.2033141,-116.1462237,180.0,line-d-e37,33.2034735,-116.1460341,180.0,2026-08-20T19:58:00Z,dipole-dipole,7,3,2.000,330.8,183.411,7.589,0.00644,0.00093,0.01017;0.00896;0.00917;0.00864;0.00655;0.00642;0.00485;0.00387;0.00305;0.00225,
line-d-r01541,line-d,line-d-e28,33.2020391,-116.1477405,180.0,line-d-e29,33.2021984,-116.1475509,180.0,line-d-e36,33.2033141,-116.1462237,180.0,line-d-e37,33.2034735,-116.1460341,180.0,2026-08-20T19:58:12Z,dipole-dipole,7,8,2.000,386.0,214.517,7.858,0.00430,0.00094,0.00681;0.00611;0.00655;0.00542;0.00474;0.00427;0.00341;0.00249;0.00203;0.00151,
line-d-r01542,line-d,line-d-e28,33.2020391,-116.1477405,180.0,line-d-e29,33.2021984,-116.1475509,180.0,line-d-e36,33.2033141,-116.1462237,180.0,line-d-e37,33.2034735,-116.1460341,180.0,2026-08-20T19:58:24Z,dipole-dipole,7,4,1.499,533.9,198.655,10.218,0.00657,0.00106,0.01058;0.00980;0.01032;0.00728;0.00734;0.00576;0.00507;0.00367;0.00334;0.00218,
line-d-r01044,line-d,line-d-e28,33.2020391,-116.1477405,180.0,line-d-e29,33.2021984,-116.1475509,180.0,line-d-e36,33.2033141,-116.1462237,180.0,line-d-e37,33.2034735,-116.1460341,180.0,2026-08-20T19:58:36Z,dipole-dipole,7,3,2.000,388.3,207.005,8.359,0.00479,0.00107,0.00759;0.00738;0.00641;0.00625;0.00517;0.00423;0.00389;0.00308;0.00246;0.00172,
line-d-r01544,line-d,line-d-e28,33.2020391,-116.1477405,180.0,line-d-e29,33.2021984,-116.1475509,180.0,line-d-e36,33.2033141,-116.1462237,180.0,line-d-e37,33.2034735,-116.1460341,180.0,2026-08-20T19:58:48Z,dipole-dipole,7,8,1.504,532.1,201.219,6.870,0.00510,0.00080,0.00844;0.00773;0.00654;0.00620;0.00574;0.00450;0.00372;0.00324;0.00240;0.00164,
line-d-r01545,line-d,line-d-e28,33.2020391,-116.1477405,180.0,line-d-e29,33.2021984,-116.1475509,180.0,line-d-e37,33.2034735,-116.1460341,180.0,line-d-e38,33.2036329,-116.1458445,180.0,2026-08-20T19:59:00Z,dipole-dipole,8,6,1.226,652.4,197.066,8.306,0.00524,0.00099,0.00879;0.00787;0.00735;0.00647;0.00596;0.00470;0.00425;0.00350;0.00258;0.00166,
line-d-r01546,line-d,line-d-e28,33.2020391,-116.1477405,180.0,line-d-e29,33.2021984,-116.1475509,180.0,line-d-e37,33.2034735,-116.1460341,180.0,line-d-e38,33.2036329,-116.1458445,180.0,2026-08-20T19:59:12Z,dipole-dipole,8,3,1.449,552.1,188.915,7.408,0.00469,0.00097,0.00707;0.00717;0.00617;0.00561;0.00493;0.00396;0.00398;0.00320;0.00240;0.00156,
line-d-r01547,line-d,line-d-e28,33.2020391,-116.1477405,180.0,line-d-e29,33.2021984,-116.1475509,180.0,line-d-e37,33.2034735,-116.1460341,180.0,line-d-e38,33.2036329,-116.1458445,180.0,2026-08-20T19:59:24Z,dipole-dipole,8,4,1.472,543.6,202.771,8.392,0.00372,0.00091,0.00589;0.00581;0.00477;0.00457;0.00381;0.00338;0.00282;0.00208;0.00169;0.00134,
line-d-r01548,line-d,line-d-e28,33.2020391,-116.1477405,180.0,line-d-e29,33.2021984,-116.1475509,180.0,line-d-e37,33.2034735,-116.1460341,180.0,line-d-e38,33.2036329,-116.1458445,180.0,2026-08-20T19:59:36Z,dipole-dipole,8,4,1.520,526.2,198.117,8.670,0.00514,0.00112,0.00737;0.00720;0.00699;0.00602;0.00555;0.00461;0.00393;0.00344;0.00259;0.00181,
line-d-r01549,line-d,line-d-e28,33.2020391,-116.1477405,180.0,line-d-e29,33.2021984,-116.1475509,180.0,line-d-e37,33.2034735,-116.1460341,180.0,line-d-e38,33.2036329,-116.1458445,180.0,2026-08-20T19:59:48Z,dipole-dipole,8,3,1.468,544.9,195.603,6.472,0.00503,0.00127,0.00719;0.00779;0.00655;0.00606;0.00559;0.00453;0.00359;0.00317;0.00246;0.00159,
line-d-r01550,line-d,line-d-e28,33.2020391,-116.1477405,180.0,line-d-e29,33.2021984,-116.1475509,180.0,line-d-e37,33.2034735,-116.1460341,180.0,line-d-e38,33.2036329,-116.1458445,180.0,2026-08-20T20:00:00Z,dipole-dipole,8,6,1.950,410.2,210.714,6.970,0.00651,0.00096,0.01038;0.00937;0.00991;0.00693;0.00643;0.00552;0.00494;0.00435;0.00326;0.00223,
line-d-r01551,line-d,line-d-e28,33.2020391,-116.1477405,180.0,line-d-e29,33.2021984,-116.1475509,180.0,line-d-e37,33.2034735,-116.1460341,180.0,line-d-e38,33.2036329,-116.1458445,180.0,2026-08-20T20:00:12Z,dipole-dipole,8,6,1.480,540.4,197.347,7.498,0.00295,0.00113,0.00516;0.00433;0.00426;0.00344;0.00313;0.00254;0.00227;0.00161;0.00145;0.00108,
line-d-r01552,line-d,line-d-e29,33.2021984,-116.1475509,180.0,line-d-e30,33.2023578,-116.1473613,180.0,line-d-e31,33.2025172,-116.1471717,180.0,line-d-e32,33.2026766,-116.1469821,180.0,2026-08-20T20:00:24Z,dipole-dipole,1,7,1.265,632.5,203.929,9.960,0.00434,0.00086,0.00784;0.00619;0.00613;0.00547;0.00438;0.00404;0.00358;0.00281;0.00217;0.00165,
line-d-r01553,line-d,line-d-e29,33.2021984,-116.1475509,180.0,line-d-e30,33.2023578,-116.1473613,180.0,line-d-e31,33.2025172,-116.1471717,180.0,line-d-e32,33.2026766,-116.1469821,180.0,2026-08-20T20:00:36Z,dipole-dipole,1,3,1.542,518.7,207.389,9.390,0.00595,0.00098,0.00922;0.00818;0.00853;0.00707;0.00689;0.00590;0.00443;0.00359;0.00280;0.00214,
line-d-r01554,line-d,line-d-e29,33.2021984,-116.1475509,180.0,line-d-e30,33.2023578,-116.1473613,180.0,line-d-e31,33.2025172,-116.1471717,180.0,line-d-e32,33.2026766,-116.1469821,180.0,2026-08-20T20:00:48Z,dipole-dipole,1,7,1.276,627.0,208.540,8.269,0.00504,0.00104,0.00740;0.00712;0.00680;0.00641;0.00507;0.00480;0.00439;0.00320;0.00218;0.00190,
line-d-r01555,line-d,line-d-e29,33.2021984,-116.1475509,180.0,line-d-e30,33.2023578,-116.1473613,180.0,line-d-e31,33.2025172,-116.1471717,180.0,line-d-e32,33.2026766,-116.1469821,180.0,2026-08-20T20:01:00Z,dipole-dipole,1,3,1.380,579.9,206.379,9.279,0.00485,0.00113,0.00720;0.00725;0.00641;0.00617;0.00557;0.00469;0.00400;0.00313;0.00237;0.00164,
line-d-r01556,line-d,line-d-e29,33.2021984,-116.1475509,180.0,line-d-e30,33.2023578,-116.1473613,180.0,line-d-e31,33.2025172,-116.1471717,180.0,line-d-e32,33.2026766,-116.1469821,180.0,2026-08-20T20:01:12Z,dipole-dipole,1,4,1.504,532.0,209.372,8.158,0.00497,0.00144,0.00809;0.00766;0.00699;0.00631;0.00513;0.00489;0.00389;0.00324;0.00253;0.00173,
line-d-r01557,line-d,line-d-e29,33.2021984,-116.1475509,180.0,line-d-e30,33.2023578,-116.1473613,180.0,line-d-e31,33.2025172,-116.1471717,180.0,line-d-e32,33.2026766,-116.1469821,180.0,2026-08-20T20:01:24Z,dipole-dipole,1,8,1.601,499.6,210.276,5.814,0.00581,0.00092,0.00918;0.00943;0.00798;0.00765;0.00609;0.00553;0.00464;0.00365;0.00258;0.00201,
line-d-r01558,line-d,line-d-e29,33.2021984,-116.1475509,180.0,line-d-e30,33.2023578,-116.1473613,180.0,line-d-e31,33.2025172,-116.1471717,180.0,line-d-e32,33.2026766,-116.1469821,180.0,2026-08-20T20:01:36Z,dipole-dipole,1,4,1.873,427.0,205.777,8.816,0.00494,0.00103,0.00835;0.00748;0.00686;0.00604;0.00569;0.00459;0.00377;0.00330;0.00217;0.00174,
line-d-r01559,line-d,line-d-e29,33.2021984,-116.1475509,180.0,line-d-e30,33.2023578,-116.1473613,180.0,line-d-e32,33.2026766,-116.1469821,180.0,line-d-e33,33.2028360,-116.1467925,180.0,2026-08-20T20:01:48Z,dipole-dipole,2,7,2.000,375.5,207.599,8.129,0.00363,0.00111,0.00133;0.00189;0.00238;0.00269;0.00345;0.00366;0.00405;0.00487;0.00519;0.00568,
line-d-r01560,line-d,line-d-e29,33.2021984,-116.1475509,180.0,line-d-e30,33.2023578,-116.1473613,180.0,line-d-e32,33.2026766,-116.1469821,180.0,line-d-e33,33.2028360,-116.1467925,180.0,2026-08-20T20:02:00Z,dipole-dipole,2,5,1.736,460.7,190.262,8.578,0.00667,0.00107,0.01038;0.01012;0.01030;0.00759;0.00692;0.00657;0.00466;0.00462;0.00347;0.00225,
line-d-r01561,line-d,line-d-e29,33.2021984,-116.1475509,180.0,line-d-e30,33.2023578,-116.1473613,180.0,line-d-e32,33.2026766,-116.1469821,180.0,line-d-e33,33.2028360,-116.1467925,180.0,2026-08-20T20:02:12Z,dipole-dipole,2,7,1.561,512.5,202.524,364.741,0.00464,0.00113,0.00740;0.00613;0.00624;0.00600;0.00523;0.00422;0.00360;0.00323;0.00219;0.00149,
line-d-r01562,line-d,line-d-e29,33.2021984,-116.1475509,180.0,line-d-e30,33.2023578,-116.1473613,180.0,line-d-e32,33.2026766,-116.1469821,180.0,line-d-e33,33.2028360,-116.1467925,180.0,2026-08-20T20:02:24Z,dipole-dipole,2,7,1.751,456.9,210.963,8.683,0.00306,0.00104,0.00503;0.00470;0.00425;0.00408;0.00384;0.00296;0.00265;0.00170;0.00137;0.00107,
line-d-r01563,line-d,line-d-e29,33.2021984,-116.1475509,180.0,line-d-e30,33.2023578,-116.1473613,180.0,line-d-e32,33.2026766,-116.1469821,180.0,line-d-e33,33.2028360,-116.1467925,180.0,2026-08-20T20:02:36Z,dipole-dipole,2,4,1.316,608.0,203.041,8.335,0.00466,0.00097,0.00706;0.00663;0.00651;0.00586;0.00544;0.00475;0.00369;0.00333;0.00222;0.00168,
line-d-r01564,line-d,line-d-e29,33.2021984,-116.1475509,180.0,line-d-e30,33.2023578,-116.1473613,180.0,line-d-e32,33.2026766,-116.1469821,180.0,line-d-e33,33.2028360,-116.1467925,180.0,2026-08-20T20:02:48Z,dipole-dipole,2,4,1.272,628.7,205.007,7.055,0.00484,0.00100,0.00752;0.00725;0.00666;0.00592;0.00541;0.00454;0.00331;0.00318;0.00230;0.00179,
line-d-r01565,line-d,line-d-e29,33.2021984,-116.1475509,180.0,line-d-e30,33.2023578,-116.1473613,180.0,line-d-e32,33.2026766,-116.1469821,180.0,line-d-e33,33.2028360,-116.1467925,180.0,2026-08-20T20:03:00Z,dipole-dipole,2,7,2.000,343.1,192.033,6.285,0.00493,0.00112,0.00770;0.00749;0.00788;0.00598;0.00577;0.00470;0.00386;0.00323;0.00228;0.00180,
line-d-r01566,line-d,line-d-e29,33.2021984,-116.1475509,180.0,line-d-e30,33.2023578,-116.1473613,180.0,line-d-e32,33.2026766,-116.1469821,180.0,line-d-e33,33.2028360,-116.1467925,180.0,2026-08-20T20:03:12Z,dipole-dipole,2,8,1.810,442.0,201.082,7.392,0.00497,0.00068,0.00782;0.00744;0.00633;0.00593;0.00567;0.00468;0.00401;0.00337;0.00237;0.00190,
line-d-r01567,line-d,line-d-e29,33.2021984,-116.1475509,180.0,line-d-e30,33.2023578,-116.1473613,180.0,line-d-e33,33.2028360,-116.1467925,180.0,line-d-e34,33.2029954,-116.1466029,180.0,2026-08-20T20:03:24Z,dipole-dipole,3,8,1.372,583.3,198.468,8.036,0.00487,0.00116,0.00722;0.00635;0.00731;0.00582;0.00551;0.00450;0.00419;0.00302;0.00239;0.00186,
line-d-r01568,line-d,line-d-e29,33.2021984,-116.1475509,180.0,line-d-e30,33.2023578,-116.1473613,180.0,line-d-e33,33.2028360,-116.1467925,180.0,line-d-e34,33.2029954,-116.1466029,180.0,2026-08-20T20:03:36Z,dipole-dipole,3,4,1.652,484.4,198.856,8.838,0.00652,0.00108,0.01217;0.00942;0.00895;0.00783;0.00659;0.00593;0.00503;0.00404;0.00311;0.00222,
line-d-r01569,line-d,line-d-e29,33.2021984,-116.1475509,180.0,line-d-e30,33.2023578,-116.1473613,180.0,line-d-e33,33.2028360,-116.1467925,180.0,line-d-e34,33.2029954,-116.1466029,180.0,2026-08-20T20:03:48Z,dipole-dipole,3,8,1.811,441.7,183.105,6.960,0.00511,0.00111,0.00796;0.00731;0.00646;0.00629;0.00565;0.00475;0.00442;0.00308;0.00238;0.00179,
line-d-r01570,line-d,line-d-e29,33.2021984,-116.1475509,180.0,line-d-e30,33.2023578,-116.1473613,180.0,line-d-e33,33.2028360,-116.1467925,180.0,line-d-e34,33.2029954,-116.1466029,180.0,2026-08-20T20:04:00Z,dipole-dipole,3,5,1.888,423.7,213.594,8.145,0.00435,0.00112,0.00752;0.00687;0.00531;0.00512;0.00442;0.00434;0.00338;0.00268;0.00202;0.00148,
line-d-r01571,line-d,line-d-e29,33.2021984,-116.1475509,180.0,line-d-e30,33.2023578,-116.1473613,180.0,line-d-e33,33.2028360,-116.1467925,180.0,line-d-e34,33.2029954,-116.1466029,180.0,2026-08-20T20:04:12Z,dipole-dipole,3,3,1.745,458.5,200.171,8.350,0.00480,0.00098,0.00810;0.00726;0.00641;0.00566;0.00527;0.00419;0.00399;0.00299;0.00258;0.00153,
line-d-r01572,line-d,line-d-e29,33.2021984,-116.1475509,180.0,line-d-e30,33.2023578,-116.1473613,180.0,line-d-e33,33.2028360,-116.1467925,180.0,line-d-e34,33.2029954,-116.1466029,180.0,2026-08-20T20:04:24Z,dipole-dipole,3,6,1.544,518.0,-157.012,7.491,0.00565,0.00112,0.00874;0.00885;0.00792;0.00676;0.00691;0.00591;0.00472;0.00347;0.00256;0.00187,
line-d-r01573,line-d,line-d-e29,33.2021984,-116.1475509,180.0,line-d-e30,33.2023578,-116.1473613,180.0,line-d-e34,33.2029954,-116.1466029,180.0,line-d-e35,33.2031548,-116.1464133,180.0,2026-08-20T20:04:36Z,dipole-dipole,4,3,1.540,519.3,205.913,7.206,0.00407,0.00116,0.00594;0.00592;0.00558;0.00475;0.00469;0.00385;0.00331;0.00244;0.00204;0.00160,
line-d-r01574,line-d,line-d-e29,33.2021984,-116.1475509,180.0,line-d-e30,33.2023578,-116.1473613,180.0,line-d-e34,33.2029954,-116.1466029,180.0,line-d-e35,33.2031548,-116.1464133,180.0,2026-08-20T20:04:48Z,dipole-dipole,4,4,1.592,502.4,197.126,10.322,0.00595,0.00107,0.01069;0.00864;0.00788;0.00745;0.00645;0.00533;0.00476;0.00406;0.00312;0.00200,
line-d-r01575,line-d,line-d-e29,33.2021984,-116.1475509,180.0,line-d-e30,33.2023578,-116.1473613,180.0,line-d-e34,33.2029954,-116.1466029,180.0,line-d-e35,33.2031548,-116.1464133,180.0,2026-08-20T20:05:00Z,dipole-dipole,4,6,1.576,507.7,187.885,7.531,0.00551,0.00085,0.00861;0.00910;0.00717;0.00651;0.00632;0.00506;0.00443;0.00358;0.00297;0.00182,
line-d-r01576,line-d,line-d-e29,33.2021984,-116.1475509,180.0,line-d-e30,33.2023578,-116.1473613,180.0,line-d-e34,33.2029954,-116.1466029,180.0,line-d-e35,33.2031548,-116.1464133,180.0,2026-08-20T20:05:12Z,dipole-dipole,4,8,1.222,654.7,204.356,6.829,0.00305,0.00085,0.00433;0.00424;0.00432;0.00407;0.00333;0.00310;0.00227;0.00226;0.00146;0.00118,
line-d-r01577,line-d,line-d-e29,33.2021984,-116.1475509,180.0,line-d-e30,33.2023578,-116.1473613,180.0,line-d-e34,33.2029954,-116.1466029,180.0,line-d-e35,33.2031548,-116.1464133,180.0,2026-08-20T20:05:24Z,dipole-dipole,4,5,1.544,518.0,194.692,8.381,0.00625,0.00099,0.01105;0.00897;0.00817;0.00747;0.00653;0.00598;0.00508;0.00367;0.00287;0.00208,
line-d-r01578,line-d,line-d-e29,33.2021984,-116.1475509,180.0,line-d-e30,33.2023578,-116.1473613,180.0,line-d-e34,33.2029954,-116.1466029,180.0,line-d-e35,33.2031548,-116.1464133,180.0,2026-08-20T20:05:36Z,dipole-dipole,4,8,1.422,562.7,195.010,6.612,0.00491,0.00111,0.00773;0.00766;0.00721;0.00624;0.00523;0.00412;0.00397;0.00292;0.00217;0.00189,
line-d-r01579,line-d,line-d-e29,33.2021984,-116.1475509,180.0,line-d-e30,33.2023578,-116.1473613,180.0,line-d-e34,33.2029954,-116.1466029,180.0,line-d-e35,33.2031548,-116.1464133,180.0,2026-08-20T20:05:48Z,dipole-dipole,4,5,1.576,507.5,202.824,8.810,0.00508,0.00120,0.00885;0.00737;0.00706;0.00659;0.00530;0.00483;0.00365;0.00309;0.00239;0.00196,
line-d-r01580,line-d,line-d-e29,33.2021984,-116.1475509,180.0,line-d-e30,33.2023578,-116.1473613,180.0,line-d-e34,33.2029954,-116.1466029,180.0,line-d-e35,33.2031548,-116.1464133,180.0,2026-08-20T20:06:00Z,dipole-dipole,4,6,1.203,664.8,197.285,8.144,0.00471,0.00083,0.00721;0.00747;0.00606;0.00595;0.00563;0.00487;0.00395;0.00300;0.00238;0.00150,
line-d-r01581,line-d,line-d-e29,33.2021984,-116.1475509,180.0,line-d-e30,33.2023578,-116.1473613,180.0,line-d-e35,33.2031548,-116.1464133,180.0,line-d-e36,33.2033141,-116.1462237,180.0,2026-08-20T20:06:12Z,dipole-dipole,5,8,1.265,632.4,186.771,7.684,0.00521,0.00099,0.00914;0.00734;0.00727;0.00633;0.00579;0.00554;0.00452;0.00334;0.00238;0.00174,
line-d-r01582,line-d,line-d-e29,33.2021984,-116.1475509,180.0,line-d-e30,33.2023578,-116.1473613,180.0,line-d-e35,33.2031548,-116.1464133,180.0,line-d-e36,33.2033141,-116.1462237,180.0,2026-08-20T20:06:24Z,dipole-dipole,5,8,1.446,553.2,212.301,5.893,0.00373,0.00119,0.00610;0.00537;0.00520;0.00476;0.00423;0.00326;0.00296;0.00261;0.00173;0.00141,
line-d-r01583,line-d,line-d-e29,33.2021984,-116.1475509,180.0,line-d-e30,33.2023578,-116.1473613,180.0,line-d-e35,33.2031548,-116.1464133,180.0,line-d-e36,33.2033141,-116.1462237,180.0,2026-08-20T20:06:36Z,dipole-dipole,5,6,1.468,545.1,202.863,7.182,0.00496,0.00094,0.00799;0.00654;0.00739;0.00601;0.00553;0.00415;0.00412;0.00329;0.00238;0.00203,
line-d-r01584,line-d,line-d-e29,33.2021984,-116.1475509,180.0,line-d-e30,33.2023578,-116.1473613,180.0,line-d-e35,33.2031548,-116.1464133,180.0,line-d-e36,33.2033141,-116.1462237,180.0,2026-08-20T20:06:48Z,dipole-dipole,5,6,1.769,452.3,191.869,7.569,0.00462,0.00101,0.00752;0.00666;0.00637;0.00531;0.00474;0.00446;0.00354;0.00306;0.00223;0.00172,
line-d-r01585,line-d,line-d-e29,33.2021984,-116.1475509,180.0,line-d-e30,33.2023578,-116.1473613,180.0,line-d-e35,33.2031548,-116.1464133,180.0,line-d-e36,33.2033141,-116.1462237,180.0,2026-08-20T20:07:00Z,dipole-dipole,5,5,1.346,594.4,190.075,7.728,0.00440,0.00097,0.00695;0.00583;0.00664;0.00538;0.00481;0.00403;0.00370;0.00290;0.00219;0.00159,
line-d-r01586,line-d,line-d-e29,33.2021984,-116.1475509,180.0,line-d-e30,33.2023578,-116.1473613,180.0,line-d-e35,33.2031548,-116.1464133,180.0,line-d-e36,33.2033141,-116.1462237,180.0,2026-08-20T20:07:12Z,dipole-dipole,5,7,1.530,523.0,200.473,6.213,0.00571,0.00128,0.00876;0.00840;0.00754;0.00726;0.00567;0.00544;0.00463;0.00358;0.00318;0.00204,
line-d-r01587,line-d,line-d-e29,33.2021984,-116.1475509,180.0,line-d-e30,33.2023578,-116.1473613,180.0,line-d-e35,33.2031548,-116.1464133,180.0,line-d-e36,33.2033141,-116.1462237,180.0,2026-08-20T20:07:24Z,dipole-dipole,5,3,1.539,519.7,194.412,7.691,0.00544,0.00112,0.00842;0.00778;0.00741;0.00684;0.00637;0.00504;0.00433;0.00309;0.00240;0.00188,
line-d-r01588,line-d,line-d-e29,33.2021984,-116.1475509,180.0,line-d-e30,33.2023578,-116.1473613,180.0,line-d-e36,33.2033141,-116.1462237,180.0,line-d-e37,33.2034735,-116.1460341,180.0,2026-08-20T20:07:36Z,dipole-dipole,6,3,1.577,507.4,196.079,7.616,0.00365,0.00120,0.00516;0.00535;0.00538;0.00464;0.00428;0.00344;0.00257;0.00225;0.00169;0.00130,
line-d-r01589,line-d,line-d-e29,33.2021984,-116.1475509,180.0,line-d-e30,33.2023578,-116.1473613,180.0,line-d-e36,33.2033141,-116.1462237,180.0,line-d-e37,33.2034735,-116.1460341,180.0,2026-08-20T20:07:48Z,dipole-dipole,6,3,1.422,562.4,198.683,6.412,0.00349,0.00094,0.00475;0.00544;0.00433;0.00417;0.00426;0.00334;0.00283;0.00225;0.00172;0.00119,
line-d-r01590,line-d,line-d-e29,33.2021984,-116.1475509,180.0,line-d-e30,33.2023578,-116.1473613,180.0,line-d-e36,33.2033141,-116.1462237,180.0,line-d-e37,33.2034735,-116.1460341,180.0,2026-08-20T20:08:00Z,dipole-dipole,6,4,1.458,548.8,206.218,7.943,0.00561,0.00123,0.00963;0.00773;0.00778;0.00702;0.00606;0.00537;0.00439;0.00369;0.00264;0.00191,
line-d-r01591,line-d,line-d-e29,33.2021984,-116.1475509,180.0,line-d-e30,33.2023578,-116.1473613,180.0,line-d-e36,33.2033141,-116.1462237,180.0,line-d-e37,33.2034735,-116.1460341,180.0,2026-08-20T20:08:12Z,dipole-dipole,6,7,1.540,519.4,204.573,7.639,0.00622,0.00124,0.00973;0.00889;0.00887;0.00743;0.00602;0.00540;0.00484;0.00360;0.00296;0.00205,
line-d-r01592,line-d,line-d-e29,33.2021984,-116.1475509,180.0,line-d-e30,33.2023578,-116.1473613,180.0,line-d-e36,33.2033141,-116.1462237,180.0,line-d-e37,33.2034735,-116.1460341,180.0,2026-08-20T20:08:24Z,dipole-dipole,6,4,1.641,487.4,202.975,6.123,0.00545,0.00102,0.00954;0.00831;0.00726;0.00702;0.00620;0.00528;0.00390;0.00358;0.00270;0.00182,
line-d-r01593,line-d,line-d-e29,33.2021984,-116.1475509,180.0,line-d-e30,33.2023578,-116.1473613,180.0,line-d-e36,33.2033141,-116.1462237,180.0,line-d-e37,33.2034735,-116.1460341,180.0,2026-08-20T20:08:36Z,dipole-dipole,6,8,1.680,476.3,205.957,7.285,0.00589,0.00096,0.00978;0.00958;0.00749;0.00664;0.00707;0.00538;0.00514;0.00351;0.00306;0.00208,
line-d-r01594,line-d,line-d-e29,33.2021984,-116.1475509,180.0,line-d-e30,33.2023578,-116.1473613,180.0,line-d-e37,33.2034735,-116.1460341,180.0,line-d-e38,33.2036329,-116.1458445,180.0,2026-08-20T20:08:48Z,dipole-dipole,7,6,1.601,499.7,199.761,5.832,0.00512,0.00096,0.00775;0.00710;0.00660;0.00591;0.00511;0.00492;0.00413;0.00299;0.00246;0.00184,
line-d-r01595,line-d,line-d-e29,33.2021984,-116.1475509,180.0,line-d-e30,33.2023578,-116.1473613,180.0,line-d-e37,33.2034735,-116.1460341,180.0,line-d-e38,33.2036329,-116.1458445,180.0,2026-08-20T20:09:00Z,dipole-dipole,7,6,1.700,470.7,207.813,9.558,0.00513,0.00132,0.00820;0.00801;0.00732;0.00623;0.00553;0.00467;0.00411;0.00326;0.00229;0.00179,
line-d-r01596,line-d,line-d-e29,33.2021984,-116.1475509,180.0,line-d-e30,33.2023578,-116.1473613,180.0,line-d-e37,33.2034735,-116.1460341,180.0,line-d-e38,33.2036329,-116.1458445,180.0,2026-08-20T20:09:12Z,dipole-dipole,7,8,1.403,570.3,198.542,9.901,0.00443,0.00091,0.00161;0.00205;0.00278;0.00373;0.00445;0.00534;0.00486;0.00607;0.00618;0.00681,
line-d-r01597,line-d,line-d-e29,33.2021984,-116.1475509,180.0,line-d-e30,33.2023578,-116.1473613,180.0,line-d-e37,33.2034735,-116.1460341,180.0,line-d-e38,33.2036329,-116.1458445,180.0,2026-08-20T20:09:24Z,dipole-dipole,7,7,1.465,546.2,189.240,10.068,0.00555,0.00123,0.01044;0.00789;0.00881;0.00725;0.00645;0.00583;0.00444;0.00350;0.00242;0.00190,
line-d-r01598,line-d,line-d-e29,33.2021984,-116.1475509,180.0,line-d-e30,33.2023578,-116.1473613,180.0,line-d-e37,33.2034735,-116.1460341,180.0,line-d-e38,33.2036329,-116.1458445,180.0,2026-08-20T20:09:36Z,dipole-dipole,7,3,1.458,548.8,206.110,6.703,0.00525,0.00115,0.00877;0.00704;0.00701;0.00618;0.00591;0.00503;0.00411;0.00339;0.00256;0.00196,
line-d-r01599,line-d,line-d-e29,33.2021984,-116.1475509,180.0,line-d-e30,33.2023578,-116.1473613,180.0,line-d-e37,33.2034735,-116.1460341,180.0,line-d-e38,33.2036329,-116.1458445,180.0,2026-08-20T20:09:48Z,dipole-dipole,7,6,1.630,490.7,196.503,7.746,0.00578,0.00082,0.00849;0.00897;0.00766;0.00747;0.00628;0.00527;0.00447;0.00371;0.00291;0.00212,
line-d-r01600,line-d,line-d-e29,33.2021984,-116.1475509,180.0,line-d-e30,33.2023578,-116.1473613,180.0,line-d-e37,33.2034735,-116.1460341,180.0,line-d-e38,33.2036329,-116.1458445,180.0,2026-08-20T20:10:00Z,dipole-dipole,7,8,1.378,580.7,191.540,8.549,0.00571,0.00104,0.00890;0.00856;0.00790;0.00670;0.00654;0.00498;0.00426;0.00344;0.00290;0.00203,
line-d-r01601,line-d,line-d-e29,33.2021984,-116.1475509,180.0,line-d-e30,33.2023578,-116.1473613,180.0,line-d-e38,33.2036329,-116.1458445,180.0,line-d-e39,33.2037923,-116.1456549,180.0,2026-08-20T20:10:12Z,dipole-dipole,8,8,1.225,653.0,183.717,6.567,0.00478,0.00111,0.00781;0.00711;0.00571;0.00628;0.00536;0.00472;0.00406;0.00272;0.00241;0.00176,
line-d-r01602,line-d,line-d-e29,33.2021984,-116.1475509,180.0,line-d-e30,33.2023578,-116.1473613,180.0,line-d-e38,33.2036329,-116.1458445,180.0,line-d-e39,33.2037923,-116.1456549,180.0,2026-08-20T20:10:24Z,dipole-dipole,8,7,1.738,460.2,200.884,9.251,0.00489,0.00098,0.00768;0.00701;0.00620;0.00589;0.00484;0.00479;0.00361;0.00303;0.00233;0.00185,
line-d-r01603,line-d,line-d-e29,33.2021984,-116.1475509,180.0,line-d-e30,33.2023578,-116.1473613,180.0,line-d-e38,33.2036329,-116.1458445,180.0,line-d-e39,33.2037923,-116.1456549,180.0,2026-08-20T20:10:36Z,dipole-dipole,8,7,1.021,783.8,192.156,7.807,0.00390,0.00087,0.00601;0.00533;0.00548;0.00520;0.00416;0.00402;0.00329;0.00218;0.00195;0.00143,
line-d-r01604,line-d,line-d-e29,33.2021984,-116.1475509,180.0,line-d-e30,33.2023578,-116.1473613,180.0,line-d-e38,33.2036329,-116.1458445,180.0,line-d-e39,33.2037923,-116.1456549,180.0,2026-08-20T20:10:48Z,dipole-dipole,8,8,1.657,482.9,195.199,6.481,0.00752,0.00089,0.01143;0.01185;0.01061;0.00936;0.00782;0.00765;0.00657;0.00487;0.00413;0.00276,
line-d-r01605,line-d,line-d-e29,33.2021984,-116.1475509,180.0,line-d-e30,33.2023578,-116.1473613,180.0,line-d-e38,33.2036329,-116.1458445,180.0,line-d-e39,33.2037923,-116.1456549,180.0,2026-08-20T20:11:00Z,dipole-dipole,8,6,1.370,584.0,195.573,5.314,0.00440,0.00116,0.00722;0.00691;0.00634;0.00543;0.00533;0.00418;0.00332;0.00273;0.00222;0.00170,
line-d-r01606,line-d,line-d-e29,33.2021984,-116.1475509,180.0,line-d-e30,33.2023578,-116.1473613,180.0,line-d-e38,33.2036329,-116.1458445,180.0,line-d-e39,33.2037923,-116.1456549,180.0,2026-08-20T20:11:12Z,dipole-dipole,8,3,2.000,359.8,212.029,7.788,0.00631,0.00117,0.01006;0.00969;0.00848;0.00818;0.00609;0.00605;0.00460;0.00395;0.00310;0.00223,
line-d-r01607,line-d,line-d-e29,33.2021984,-116.1475509,180.0,line-d-e30,33.2023578,-116.1473613,180.0,line-d-e38,33.2036329,-116.1458445,180.0,line-d-e39,33.2037923,-116.1456549,180.0,2026-08-20T20:11:24Z,dipole-dipole,8,5,1.757,455.4,195.512,9.081,0.00554,0.00080,0.00962;0.00785;0.00878;0.00654;0.00543;0.00557;0.00423;0.00307;0.00248;0.00199,
line-d-r01608,line-d,line-d-e30,33.2023578,-116.1473613,180.0,line-d-e31,33.2025172,-116.1471717,180.0,line-d-e32,33.2026766,-116.1469821,180.0,line-d-e33,33.2028360,-116.1467925,180.0,2026-08-20T20:11:36Z,dipole-dipole,1,3,1.434,557.7,200.928,8.069,0.00483,0.00104,0.00746;0.00669;0.00658;0.00620;0.00539;0.00420;0.00393;0.00306;0.00231;0.00170,
line-d-r01609,line-d,line-d-e30,33.2023578,-116.1473613,180.0,line-d-e31,33.2025172,-116.1471717,180.0,line-d-e32,33.2026766,-116.1469821,180.0,line-d-e33,33.2028360,-116.1467925,180.0,2026-08-20T20:11:48Z,dipole-dipole,1,3,1.326,603.4,201.968,6.744,0.00598,0.00090,0.01033;0.00919;0.00813;0.00761;0.00614;0.00588;0.00463;0.00361;0.00282;0.00204,
line-d-r01610,line-d,line-d-e30,33.2023578,-116.1473613,180.0,line-d-e31,33.2025172,-116.1471717,180.0,line-d-e32,33.2026766,-116.1469821,180.0,line-d-e33,33.2028360,-116.1467925,180.0,2026-08-20T20:12:00Z,dipole-dipole,1,4,1.430,559.6,206.552,9.483,0.00490,0.00091,0.00831;0.00717;0.00709;0.00553;0.00541;0.00429;0.00378;0.00322;0.00215;0.00172,
line-d-r01611,line-d,line-d-e30,33.2023578,-116.1473613,180.0,line-d-e31,33.2025172,-116.1471717,180.0,line-d-e32,33.2026766,-116.1469821,180.0,line-d-e33,33.2028360,-116.1467925,180.0,2026-08-20T20:12:12Z,dipole-dipole,1,7,1.523,525.3,198.984,7.620,0.00376,0.00092,0.00652;0.00524;0.00490;0.00438;0.00376;0.00335;0.00295;0.00247;0.00183;0.00138,
line-d-r01612,line-d,line-d-e30,33.2023578,-116.1473613,180.0,line-d-e31,33.2025172,-116.1471717,180.0,line-d-e32,33.2026766,-116.1469821,180.0,line-d-e33,33.2028360,-116.1467925,180.0,2026-08-20T20:12:24Z,dipole-dipole,1,5,1.872,427.4,209.155,6.763,0.00491,0.00130,0.00772;0.00763;0.00600;0.00637;0.00575;0.00490;0.00404;0.00273;0.00227;0.00166,
line-d-r01613,line-d,line-d-e30,33.2023578,-116.1473613,180.0,line-d-e31,33.2025172,-116.1471717,180.0,line-d-e32,33.2026766,-116.1469821,180.0,line-d-e33,33.2028360,-116.1467925,180.0,2026-08-20T20:12:36Z,dipole-dipole,1,7,1.275,627.7,202.116,8.315,0.00663,0.00100,0.01061;0.00951;0.00894;0.00807;0.00678;0.00592;0.00478;0.00423;0.00338;0.00228,
line-d-r01614,line-d,line-d-e30,33.2023578,-116.1473613,180.0,line-d-e31,33.2025172,-116.1471717,180.0,line-d-e33,33.2028360,-116.1467925,180.0,line-d-e34,33.2029954,-116.1466029,180.0,2026-08-20T20:12:48Z,dipole-dipole,2,6,1.522,525.6,209.358,5.263,0.00534,0.00106,0.00806;0.00854;0.00739;0.00600;0.00567;0.00510;0.00445;0.00359;0.00248;0.00198,
line-d-r01615,line-d,line-d-e30,33.2023578,-116.1473613,180.0,line-d-e31,33.2025172,-116.1471717,180.0,line-d-e33,33.2028360,-116.1467925,180.0,line-d-e34,33.2029954,-116.1466029,180.0,2026-08-20T20:13:00Z,dipole-dipole,2,5,2.000,396.4,183.700,7.380,0.00517,0.00127,0.00800;0.00727;0.00734;0.00692;0.00562;0.00493;0.00469;0.00338;0.00254;0.00181,
line-d-r01616,line-d,line-d-e30,33.2023578,-116.1473613,180.0,line-d-e31,33.2025172,-116.1471717,180.0,line-d-e33,33.2028360,-116.1467925,180.0,line-d-e34,33.2029954,-116.1466029,180.0,2026-08-20T20:13:12Z,dipole-dipole,2,8,1.613,496.0,197.532,8.746,0.00500,0.00113,0.00776;0.00719;0.00727;0.00603;0.00520;0.00460;0.00379;0.00320;0.00244;0.00178,
line-d-r01617,line-d,line-d-e30,33.2023578,-116.1473613,180.0,line-d-e31,33.2025172,-116.1471717,180.0,line-d-e33,33.2028360,-116.1467925,180.0,line-d-e34,33.2029954,-116.1466029,180.0,2026-08-20T20:13:24Z,dipole-dipole,2,7,1.420,563.3,208.791,8.863,0.00419,0.00098,0.00624;0.00593;0.00584;0.00533;0.00516;0.00370;0.00372;0.00233;0.00188;0.00151,
line-d-r01618,line-d,line-d-e30,33.2023578,-116.1473613,180.0,line-d-e31,33.2025172,-116.1471717,180.0,line-d-e33,33.2028360,-116.1467925,180.0,line-d-e34,33.2029954,-116.1466029,180.0,2026-08-20T20:13:36Z,dipole-dipole,2,6,1.654,483.6,192.246,6.248,0.00404,0.00105,0.00686;0.00593;0.00597;0.00473;0.00449;0.00376;0.00294;0.00250;0.00217;0.00155,
line-d-r01619,line-d,line-d-e30,33.2023578,-116.1473613,180.0,line-d-e31,33.2025172,-116.1471717,180.0,line-d-e33,33.2028360,-116.1467925,180.0,line-d-e34,33.2029954,-116.1466029,180.0,2026-08-20T20:13:48Z,dipole-dipole,2,3,1.779,449.7,196.666,5.596,0.00816,0.00105,0.01267;0.01211;0.01230;0.01116;0.00891;0.00822;0.00669;0.00461;0.00386;0.00281,
line-d-r01620,line-d,line-d-e30,33.2023578,-116.1473613,180.0,line-d-e31,33.2025172,-116.1471717,180.0,line-d-e34,33.2029954,-116.1466029,180.0,line-d-e35,33.2031548,-116.1464133,180.0,2026-08-20T20:14:00Z,dipole-dipole,3,7,1.340,596.8,213.551,5.802,0.00408,0.00120,0.00614;0.00506;0.00619;0.00536;0.00436;0.00380;0.00319;0.00284;0.00197;0.00149,
line-d-r01621,line-d,line-d-e30,33.2023578,-116.1473613,180.0,line-d-e31,33.2025172,-116.1471717,180.0,line-d-e34,33.2029954,-116.1466029,180.0,line-d-e35,33.2031548,-116.1464133,180.0,2026-08-20T20:14:12Z,dipole-dipole,3,8,1.708,468.5,194.861,6.832,0.00798,0.00080,0.01291;0.01297;0.01124;0.01013;0.00947;0.00791;0.00710;0.00513;0.00403;0.00261,
line-d-r01622,line-d,line-d-e30,33.2023578,-116.1473613,180.0,line-d-e31,33.2025172,-116.1471717,180.0,line-d-e34,33.2029954,-116.1466029,180.0,line-d-e35,33.2031548,-116.1464133,180.0,2026-08-20T20:14:24Z,dipole-dipole,3,7,1.374,582.2,195.055,8.618,0.00552,0.00113,0.00892;0.00801;0.00779;0.00719;0.00576;0.00533;0.00419;0.00341;0.00252;0.00193,
line-d-r01623,line-d,line-d-e30,33.2023578,-116.1473613,180.0,line-d-e31,33.2025172,-116.1471717,180.0,line-d-e34,33.2029954,-116.1466029,180.0,line-d-e35,33.2031548,-116.1464133,180.0,2026-08-20T20:14:36Z,dipole-dipole,3,3,1.284,623.2,205.155,7.961,0.00577,0.00102,0.00893;0.00826;0.00739;0.00755;0.00605;0.00529;0.00491;0.00344;0.00293;0.00198,
line-d-r01624,line-d,line-d-e30,33.2023578,-116.1473613,180.0,line-d-e31,33.2025172,-116.1471717,180.0,line-d-e34,33.2029954,-116.1466029,180.0,line-d-e35,33.2031548,-116.1464133,180.0,2026-08-20T20:14:48Z,dipole-dipole,3,8,1.693,472.6,202.794,8.344,0.00380,0.00092,0.00681;0.00537;0.00538;0.00511;0.00382;0.00371;0.00321;0.00234;0.00177;0.00125,
line-d-r01625,line-d,line-d-e30,33.2023578,-116.1473613,180.0,line-d-e31,33.2025172,-116.1471717,180.0,line-d-e34,33.2029954,-116.1466029,180.0,line-d-e35,33.2031548,-116.1464133,180.0,2026-08-20T20:15:00Z,dipole-dipole,3,8,1.459,548.2,207.978,7.619,0.00513,0.00117,0.00771;0.00714;0.00688;0.00599;0.00563;0.00480;0.00395;0.00337;0.00256;0.00184,
line-d-r01626,line-d,line-d-e30,33.2023578,-116.1473613,180.0,line-d-e31,33.2025172,-116.1471717,180.0,line-d-e34,33.2029954,-116.1466029,180.0,line-d-e35,33.2031548,-116.1464133,180.0,2026-08-20T20:15:12Z,dipole-dipole,3,7,1.725,463.8,210.567,6.479,0.00591,0.00107,0.01022;0.00815;0.00772;0.00724;0.00577;0.00507;0.00460;0.00360;0.00278;0.00226,
line-d-r01627,line-d,line-d-e30,33.2023578,-116.1473613,180.0,line-d-e31,33.2025172,-116.1471717,180.0,line-d-e34,33.2029954,-116.1466029,180.0,line-d-e35,33.2031548,-116.1464133,180.0,2026-08-20T20:15:24Z,dipole-dipole,3,3,1.337,598.2,210.135,6.822,0.00474,0.00097,0.00186;0.00239;0.00323;0.00394;0.00427;0.00480;0.00532;0.00680;0.00709;0.00767,
line-d-r01628,line-d,line-d-e30,33.2023578,-116.1473613,180.0,line-d-e31,33.2025172,-116.1471717,180.0,line-d-e35,33.2031548,-116.1464133,180.0,line-d-e36,33.2033141,-116.1462237,180.0,2026-08-20T20:15:36Z,dipole-dipole,4,6,1.479,541.0,206.454,12.240,0.00403,0.00093,0.00660;0.00658;0.00635;0.00497;0.00457;0.00422;0.00339;0.00252;0.00191;0.00140,
line-d-r01629,line-d,line-d-e30,33.2023578,-116.1473613,180.0,line-d-e31,33.2025172,-116.1471717,180.0,line-d-e35,33.2031548,-116.1464133,180.0,line-d-e36,33.2033141,-116.1462237,180.0,2026-08-20T20:15:48Z,dipole-dipole,4,7,1.528,523.5,193.959,7.529,0.00494,0.00110,0.00795;0.00723;0.00708;0.00588;0.00579;0.00500;0.00375;0.00357;0.00239;0.00163,
line-d-r01630,line-d,line-d-e30,33.2023578,-116.1473613,180.0,line-d-e31,33.2025172,-116.1471717,180.0,line-d-e35,33.2031548,-116.1464133,180.0,line-d-e36,33.2033141,-116.1462237,180.0,2026-08-20T20:16:00Z,dipole-dipole,4,3,1.401,570.9,211.929,7.688,0.00530,0.00112,0.00839;0.00792;0.00771;0.00694;0.00527;0.00469;0.00410;0.00363;0.00272;0.00172,
line-d-r01631,line-d,line-d-e30,33.2023578,-116.1473613,180.0,line-d-e31,33.2025172,-116.1471717,180.0,line-d-e35,33.2031548,-116.1464133,180.0,line-d-e36,33.2033141,-116.1462237,180.0,2026-08-20T20:16:12Z,dipole-dipole,4,8,1.582,505.7,208.656,5.998,0.00650,0.00102,0.01140;0.00977;0.00857;0.00840;0.00709;0.00595;0.00543;0.00387;0.00315;0.00215,
line-d-r01632,line-d,line-d-e30,33.2023578,-116.1473613,180.0,line-d-e31,33.2025172,-116.1471717,180.0,line-d-e35,33.2031548,-116.1464133,180.0,line-d-e36,33.2033141,-116.1462237,180.0,2026-08-20T20:16:24Z,dipole-dipole,4,4,1.914,417.9,201.930,8.400,0.00554,0.00108,0.00983;0.00814;0.00741;0.00616;0.00560;0.00553;0.00440;0.00374;0.00282;0.00193,
line-d-r01633,line-d,line-d-e30,33.2023578,-116.1473613,180.0,line-d-e31,33.2025172,-116.1471717,180.0,line-d-e35,33.2031548,-116.1464133,180.0,line-d-e36,33.2033141,-116.1462237,180.0,2026-08-20T20:16:36Z,dipole-dipole,4,7,1.559,513.1,203.852,6.641,0.00501,0.00115,0.00658;0.00815;0.00656;0.00577;0.00588;0.00504;0.00409;0.00294;0.00242;0.00193,
line-d-r01634,line-d,line-d-e30,33.2023578,-116.1473613,180.0,line-d-e31,33.2025172,-116.1471717,180.0,line-d-e35,33.2031548,-116.1464133,180.0,line-d-e36,33.2033141,-116.1462237,180.0,2026-08-20T20:16:48Z,dipole-dipole,4,5,1.196,669.1,197.766,8.368,0.00627,0.00086,0.00960;0.00948;0.00862;0.00777;0.00687;0.00615;0.00462;0.00384;0.00337;0.00227,
line-d-r01635,line-d,line-d-e30,33.2023578,-116.1473613,180.0,line-d-e31,33.2025172,-116.1471717,180.0,line-d-e35,33.2031548,-116.1464133,180.0,line-d-e36,33.2033141,-116.1462237,180.0,2026-08-20T20:17:00Z,dipole-dipole,4,3,1.888,423.8,214.848,6.060,0.00511,0.00092,0.00777;0.00725;0.00659;0.00678;0.00544;0.00566;0.00395;0.00294;0.00244;0.00177,
line-d-r01636,line-d,line-d-e30,33.2023578,-116.1473613,180.0,line-d-e31,33.2025172,-116.1471717,180.0,line-d-e36,33.2033141,-116.1462237,180.0,line-d-e37,33.2034735,-116.1460341,180.0,2026-08-20T20:17:12Z,dipole-dipole,5,5,1.524,525.0,190.808,6.876,0.00517,0.00103,0.00913;0.00760;0.00655;0.00654;0.00529;0.00493;0.00366;0.00385;0.00260;0.00177,
line-d-r01637,line-d,line-d-e30,33.2023578,-116.1473613,180.0,line-d-e31,33.2025172,-116.1471717,180.0,line-d-e36,33.2033141,-116.1462237,180.0,line-d-e37,33.2034735,-116.1460341,180.0,2026-08-20T20:17:24Z,dipole-dipole,5,7,1.360,588.4,199.153,8.475,0.00525,0.00107,0.00923;0.00713;0.00746;0.00655;0.00594;0.00505;0.00441;0.00292;0.00257;0.00170,
line-d-r01638,line-d,line-d-e30,33.2023578,-116.1473613,180.0,line-d-e31,33.2025172,-116.1471717,180.0,line-d-e36,33.2033141,-116.1462237,180.0,line-d-e37,33.2034735,-116.1460341,180.0,2026-08-20T20:17:36Z,dipole-dipole,5,4,2.000,388.6,208.019,6.328,0.00507,0.00082,0.00806;0.00752;0.00710;0.00620;0.00505;0.00475;0.00430;0.00329;0.00253;0.00170,
line-d-r01639,line-d,line-d-e30,33.2023578,-116.1473613,180.0,line-d-e31,33.2025172,-116.1471717,180.0,line-d-e36,33.2033141,-116.1462237,180.0,line-d-e37,33.2034735,-116.1460341,180.0,2026-08-20T20:17:48Z,dipole-dipole,5,5,1.757,455.4,201.919,7.383,0.00754,0.00094,0.01153;0.01074;0.00970;0.00965;0.00828;0.00783;0.00626;0.00494;0.00389;0.00232,
line-d-r01640,line-d,line-d-e30,33.2023578,-116.1473613,180.0,line-d-e31,33.2025172,-116.1471717,180.0,line-d-e36,33.2033141,-116.1462237,180.0,line-d-e37,33.2034735,-116.1460341,180.0,2026-08-20T20:18:00Z,dipole-dipole,5,3,1.837,435.5,195.388,8.306,0.00537,0.00114,0.00952;0.00761;0.00685;0.00630;0.00648;0.00586;0.00434;0.00354;0.00258;0.00198,
line-d-r01641,line-d,line-d-e30,33.2023578,-116.1473613,180.0,line-d-e31,33.2025172,-116.1471717,180.0,line-d-e36,33.2033141,-116.1462237,180.0,line-d-e37,33.2034735,-116.1460341,180.0,2026-08-20T20:18:12Z,dipole-dipole,5,6,1.398,572.3,192.648,6.601,0.00569,0.00111,0.00934;0.00931;0.00785;0.00689;0.00639;0.00492;0.00401;0.00341;0.00280;0.00196,
line-d-r01642,line-d,line-d-e30,33.2023578,-116.1473613,180.0,line-d-e31,33.2025172,-116.1471717,180.0,line-d-e36,33.2033141,-116.1462237,180.0,line-d-e37,33.2034735,-116.1460341,180.0,2026-08-20T20:18:24Z,dipole-dipole,5,7,1.721,464.8,200.823,7.655,0.00513,0.00113,0.00788;0.00785;0.00635;0.00631;0.00620;0.00509;0.00448;0.00306;0.00229;0.00192,
line-d-r01643,line-d,line-d-e30,33.2023578,-116.1473613,180.0,line-d-e31,33.2025172,-116.1471717,180.0,line-d-e37,33.2034735,-116.1460341,180.0,line-d-e38,33.2036329,-116.1458445,180.0,2026-08-20T20:18:36Z,dipole-dipole,6,8,1.353,591.5,194.794,8.012,0.00500,0.00109,0.00818;0.00836;0.00676;0.00613;0.00554;0.00467;0.00364;0.00300;0.00247;0.00186,
line-d-r01644,line-d,line-d-e30,33.2023578,-116.1473613,180.0,line-d-e31,33.2025172,-116.1471717,180.0,line-d-e37,33.2034735,-116.1460341,180.0,line-d-e38,33.2036329,-116.1458445,180.0,2026-08-20T20:18:48Z,dipole-dipole,6,6,1.889,423.5,212.432,8.827,0.00537,0.00084,0.00786;0.00850;0.00707;0.00665;0.00560;0.00510;0.00422;0.00338;0.00271;0.00191,
line-d-r01645,line-d,line-d-e30,33.2023578,-116.1473613,180.0,line-d-e31,33.2025172,-116.1471717,180.0,line-d-e37,33.2034735,-116.1460341,180.0,line-d-e38,33.2036329,-116.1458445,180.0,2026-08-20T20:19:00Z,dipole-dipole,6,5,1.801,444.3,197.518,7.374,0.00461,0.00110,0.00733;0.00758;0.00679;0.00636;0.00573;0.00439;0.00351;0.00309;0.00203;0.00177,
line-d-r01646,line-d,line-d-e30,33.2023578,-116.1473613,180.0,line-d-e31,33.2025172,-116.1471717,180.0,line-d-e37,33.2034735,-116.1460341,180.0,line-d-e38,33.2036329,-116.1458445,180.0,2026-08-20T20:19:12Z,dipole-dipole,6,7,1.581,506.0,208.999,6.401,0.00610,0.00123,0.00975;0.00884;0.00793;0.00779;0.00662;0.00606;0.00498;0.00386;0.00306;0.00214,
line-d-r01647,line-d,line-d-e30,33.2023578,-116.1473613,180.0,line-d-e31,33.2025172,-116.1471717,180.0,line-d-e37,33.2034735,-116.1460341,180.0,line-d-e38,33.2036329,-116.1458445,180.0,2026-08-20T20:19:24Z,dipole-dipole,6,7,1.505,531.6,194.146,9.552,0.00388,0.00114,0.00608;0.00567;0.00559;0.00528;0.00434;0.00368;0.00296;0.00248;0.00193;0.00139,
line-d-r01648,line-d,line-d-e30,33.2023578,-116.1473613,180.0,line-d-e31,33.2025172,-116.1471717,180.0,line-d-e37,33.2034735,-116.1460341,180.0,line-d-e38,33.2036329,-116.1458445,180.0,2026-08-20T20:19:36Z,dipole-dipole,6,6,1.356,590.0,209.428,6.171,0.00400,0.00095,0.00697;0.00576;0.00531;0.00493;0.00451;0.00359;0.00350;0.00239;0.00208;0.00138,
line-d-r01649,line-d,line-d-e30,33.2023578,-116.1473613,180.0,line-d-e31,33.2025172,-116.1471717,180.0,line-d-e38,33.2036329,-116.1458445,180.0,line-d-e39,33.2037923,-116.1456549,180.0,2026-08-20T20:19:48Z,dipole-dipole,7,4,1.746,458.1,204.362,7.124,0.00548,0.00082,0.00859;0.00922;0.00779;0.00673;0.00594;0.00513;0.00421;0.00365;0.00257;0.00184,
line-d-r01650,line-d,line-d-e30,33.2023578,-116.1473613,180.0,line-d-e31,33.2025172,-116.1471717,180.0,line-d-e38,33.2036329,-116.1458445,180.0,line-d-e39,33.2037923,-116.1456549,180.0,2026-08-20T20:20:00Z,dipole-dipole,7,7,1.492,536.0,204.832,7.633,0.00480,0.00134,0.00795;0.00754;0.00676;0.00596;0.00522;0.00490;0.00351;0.00325;0.00253;0.00165,
line-d-r01651,line-d,line-d-e30,33.2023578,-116.1473613,180.0,line-d-e31,33.2025172,-116.1471717,180.0,line-d-e38,33.2036329,-116.1458445,180.0,line-d-e39,33.2037923,-116.1456549,180.0,2026-08-20T20:20:12Z,dipole-dipole,7,7,1.398,572.2,206.325,7.304,0.00486,0.00085,0.00787;0.00734;0.00747;0.00633;0.00558;0.00498;0.00370;0.00318;0.00260;0.00174,
line-d-r01652,line-d,line-d-e30,33.2023578,-116.1473613,180.0,line-d-e31,33.2025172,-116.1471717,180.0,line-d-e38,33.2036329,-116.1458445,180.0,line-d-e39,33.2037923,-116.1456549,180.0,2026-08-20T20:20:24Z,dipole-dipole,7,5,1.490,537.1,206.906,6.335,0.00519,0.00119,0.00807;0.00804;0.00798;0.00601;0.00578;0.00493;0.00465;0.00346;0.00264;0.00194,
line-d-r01653,line-d,line-d-e30,33.2023578,-116.1473613,180.0,line-d-e31,33.2025172,-116.1471717,180.0,line-d-e38,33.2036329,-116.1458445,180.0,line-d-e39,33.2037923,-116.1456549,180.0,2026-08-20T20:20:36Z,dipole-dipole,7,6,1.678,476.7,206.675,6.756,0.00370,0.00073,0.00657;0.00603;0.00485;0.00429;0.00373;0.00373;0.00299;0.00256;0.00173;0.00134,
line-d-r01654,line-d,line-d-e30,33.2023578,-116.1473613,180.0,line-d-e31,33.2025172,-116.1471717,180.0,line-d-e38,33.2036329,-116.1458445,180.0,line-d-e39,33.2037923,-116.1456549,180.0,2026-08-20T20:20:48Z,dipole-dipole,7,6,1.958,408.5,195.913,9.718,0.00377,0.00514,0.00630;0.00527;0.00544;0.00472;0.00394;0.00338;0.00297;0.00235;0.00186;0.00141,
line-d-r01655,line-d,line-d-e30,33.2023578,-116.1473613,180.0,line-d-e31,33.2025172,-116.1471717,180.0,line-d-e38,33.2036329,-116.1458445,180.0,line-d-e39,33.2037923,-116.1456549,180.0,2026-08-20T20:21:00Z,dipole-dipole,7,7,1.296,617.5,195.275,6.068,0.00482,0.00116,0.00748;0.00668;0.00689;0.00576;0.00480;0.00444;0.00420;0.00335;0.00244;0.00184,
line-d-r01656,line-d,line-d-e30,33.2023578,-116.1473613,180.0,line-d-e31,33.2025172,-116.1471717,180.0,line-d-e39,33.2037923,-116.1456549,180.0,line-d-e40,33.2039517,-116.1454652,180.0,2026-08-20T20:21:12Z,dipole-dipole,8,4,1.574,508.4,199.139,8.626,0.00476,0.00124,0.00667;0.00701;0.00671;0.00526;0.00545;0.00445;0.00374;0.00307;0.00227;0.00168,
line-d-r01657,line-d,line-d-e30,33.2023578,-116.1473613,180.0,line-d-e31,33.2025172,-116.1471717,180.0,line-d-e39,33.2037923,-116.1456549,180.0,line-d-e40,33.2039517,-116.1454652,180.0,2026-08-20T20:21:24Z,dipole-dipole,8,8,1.452,550.9,199.135,8.913,0.00642,0.00109,0.01138;0.01004;0.00927;0.00708;0.00744;0.00649;0.00521;0.00404;0.00346;0.00213,
line-d-r01658,line-d,line-d-e30,33.2023578,-116.1473613,180.0,line-d-e31,33.2025172,-116.1471717,180.0,line-d-e39,33.2037923,-116.1456549,180.0,line-d-e40,33.2039517,-116.1454652,180.0,2026-08-20T20:21:36Z,dipole-dipole,8,7,1.633,490.0,204.136,7.574,0.00618,0.00104,0.00992;0.00939;0.00756;0.00793;0.00726;0.00540;0.00534;0.00396;0.00314;0.00208,
line-d-r01659,line-d,line-d-e30,33.2023578,-116.1473613,180.0,line-d-e31,33.2025172,-116.1471717,180.0,line-d-e39,33.2037923,-116.1456549,180.0,line-d-e40,33.2039517,-116.1454652,180.0,2026-08-20T20:21:48Z,dipole-dipole,8,8,1.404,569.9,189.687,7.156,0.00400,0.00103,0.00699;0.00582;0.00574;0.00533;0.00410;0.00403;0.00310;0.00249;0.00204;0.00128,
line-d-r01660,line-d,line-d-e30,33.2023578,-116.1473613,180.0,line-d-e31,33.2025172,-116.1471717,180.0,line-d-e39,33.2037923,-116.1456549,180.0,line-d-e40,33.2039517,-116.1454652,180.0,2026-08-20T20:22:00Z,dipole-dipole,8,5,1.398,572.2,213.505,9.341,0.00466,0.00129,0.00751;0.00663;0.00584;0.00587;0.00482;0.00401;0.00351;0.00316;0.00228;0.00183,
line-d-r01661,line-d,line-d-e30,33.2023578,-116.1473613,180.0,line-d-e31,33.2025172,-116.1471717,180.0,line-d-e39,33.2037923,-116.1456549,180.0,line-d-e40,33.2039517,-116.1454652,180.0,2026-08-20T20:22:12Z,dipole-dipole,8,7,1.556,514.1,195.625,8.083,0.00558,0.00095,0.00828;0.00811;0.00761;0.00558;0.00614;0.00548;0.00481;0.00347;0.00273;0.00221,
line-d-r01662,line-d,line-d-e30,33.2023578,-116.1473613,180.0,line-d-e31,33.2025172,-116.1471717,180.0,line-d-e39,33.2037923,-116.1456549,180.0,line-d-e40,33.2039517,-116.1454652,180.0,2026-08-20T20:22:24Z,dipole-dipole,8,8,1.698,471.2,189.747,7.313,0.00467,0.00124,0.00869;0.00665;0.00601;0.00563;0.00506;0.00438;0.00380;0.00282;0.00242;0.00147,
line-d-r01663,line-d,line-d-e30,33.2023578,-116.1473613,180.0,line-d-e31,33.2025172,-116.1471717,180.0,line-d-e39,33.2037923,-116.1456549,180.0,line-d-e40,33.2039517,-116.1454652,180.0,2026-08-20T20:22:36Z,dipole-dipole,8,3,1.583,505.3,183.245,7.431,0.00556,0.00107,0.00826;0.00808;0.00798;0.00717;0.00704;0.00497;0.00468;0.00360;0.00254;0.00199,
line-d-r01664,line-d,line-d-e31,33.2025172,-116.1471717,180.0,line-d-e32,33.2026766,-116.1469821,180.0,line-d-e33,33.2028360,-116.1467925,180.0,line-d-e34,33.2029954,-116.1466029,180.0,2026-08-20T20:22:48Z,dipole-dipole,1,4,1.510,529.7,206.481,9.968,0.00494,0.00808,0.00748;0.00780;0.00704;0.00591;0.00542;0.00492;0.00420;0.00322;0.00224;0.00175,
line-d-r01665,line-d,line-d-e31,33.2025172,-116.1471717,180.0,line-d-e32,33.2026766,-116.1469821,180.0,line-d-e33,33.2028360,-116.1467925,180.0,line-d-e34,33.2029954,-116.1466029,180.0,2026-08-20T20:23:00Z,dipole-dipole,1,6,2.000,384.3,205.951,9.312,0.00291,0.00091,0.00433;0.00447;0.00354;0.00345;0.00311;0.00279;0.00229;0.00191;0.00142;0.00108,
line-d-r01666,line-d,line-d-e31,33.2025172,-116.1471717,180.0,line-d-e32,33.2026766,-116.1469821,180.0,line-d-e33,33.2028360,-116.1467925,180.0,line-d-e34,33.2029954,-116.1466029,180.0,2026-08-20T20:23:12Z,dipole-dipole,1,7,2.000,335.4,218.708,7.252,0.00660,0.00118,0.01047;0.00909;0.00868;0.00846;0.00656;0.00635;0.00576;0.00424;0.00330;0.00221,
line-d-r01667,line-d,line-d-e31,33.2025172,-116.1471717,180.0,line-d-e32,33.2026766,-116.1469821,180.0,line-d-e33,33.2028360,-116.1467925,180.0,line-d-e34,33.2029954,-116.1466029,180.0,2026-08-20T20:23:24Z,dipole-dipole,1,7,2.000,312.7,208.823,8.676,0.00467,0.00128,0.00787;0.00671;0.00530;0.00619;0.00566;0.00461;0.00354;0.00291;0.00254;0.00162,
line-d-r01668,line-d,line-d-e31,33.2025172,-116.1471717,180.0,line-d-e32,33.2026766,-116.1469821,180.0,line-d-e33,33.2028360,-116.1467925,180.0,line-d-e34,,,,2026-08-20T20:23:36Z,dipole-dipole,1,8,2.000,367.3,208.357,9.096,0.00524,0.00122,0.00817;0.00772;0.00750;0.00643;0.00615;0.00451;0.00422;0.00307;0.00259;0.00186,
line-d-r01669,line-d,line-d-e31,33.2025172,-116.1471717,180.0,line-d-e32,33.2026766,-116.1469821,180.0,line-d-e33,33.2028360,-116.1467925,180.0,line-d-e34,33.2029954,-116.1466029,180.0,2026-08-20T20:23:48Z,dipole-dipole,1,8,2.000,341.3,216.441,6.210,0.00619,0.00103,0.01001;0.00940;0.00851;0.00827;0.00679;0.00574;0.00492;0.00400;0.00311;0.00209,
line-d-r01670,line-d,line-d-e31,33.2025172,-116.1471717,180.0,line-d-e32,33.2026766,-116.1469821,180.0,line-d-e33,33.2028360,-116.1467925,180.0,line-d-e34,33.2029954,-116.1466029,180.0,2026-08-20T20:24:00Z,dipole-dipole,1,3,1.848,432.8,207.859,10.086,0.00468,0.00145,0.00891;0.00690;0.00634;0.00584;0.00484;0.00427;0.00420;0.00305;0.00240;0.00168,
line-d-r01671,line-d,line-d-e31,33.2025172,-116.1471717,180.0,line-d-e32,33.2026766,-116.1469821,180.0,line-d-e33,33.2028360,-116.1467925,180.0,line-d-e34,33.2029954,-116.1466029,180.0,2026-08-20T20:24:12Z,dipole-dipole,1,4,1.487,538.0,201.811,8.060,0.00534,0.00099,0.00783;0.00735;0.00743;0.00611;0.00533;0.00524;0.00423;0.00358;0.00256;0.00185,
line-d-r01672,line-d,line-d-e31,33.2025172,-116.1471717,180.0,line-d-e32,33.2026766,-116.1469821,180.0,line-d-e34,33.2029954,-116.1466029,180.0,line-d-e35,33.2031548,-116.1464133,180.0,2026-08-20T20:24:24Z,dipole-dipole,2,5,2.000,342.4,201.265,9.377,0.00580,0.00107,0.00900;0.00845;0.00722;0.00703;0.00652;0.00593;0.00459;0.00355;0.00294;0.00196,
line-d-r01673,line-d,line-d-e31,33.2025172,-116.1471717,180.0,line-d-e32,33.2026766,-116.1469821,180.0,line-d-e34,33.2029954,-116.1466029,180.0,line-d-e35,33.2031548,-116.1464133,180.0,2026-08-20T20:24:36Z,dipole-dipole,2,5,2.000,347.8,187.519,9.232,0.00602,0.00106,0.01027;0.00926;0.00862;0.00802;0.00639;0.00508;0.00460;0.00337;0.00305;0.00198,
line-d-r01674,line-d,line-d-e31,33.2025172,-116.1471717,180.0,line-d-e32,33.2026766,-116.1469821,180.0,line-d-e34,33.2029954,-116.1466029,180.0,line-d-e35,33.2031548,-116.1464133,180.0,2026-08-20T20:24:48Z,dipole-dipole,2,5,1.885,424.4,187.601,8.244,0.00433,0.00103,0.00710;0.00702;0.00585;0.00494;0.00538;0.00421;0.00365;0.00248;0.00210;0.00161,
line-d-r01675,line-d,line-d-e31,33.2025172,-116.1471717,180.0,line-d-e32,33.2026766,-116.1469821,180.0,line-d-e34,33.2029954,-116.1466029,180.0,line-d-e35,33.2031548,-116.1464133,180.0,2026-08-20T20:25:00Z,dipole-dipole,2,8,1.559,513.0,190.924,8.915,0.00657,0.00107,0.01010;0.00998;0.00926;0.00786;0.00756;0.00566;0.00509;0.00394;0.00298;0.00227,
line-d-r01676,line-d,line-d-e31,33.2025172,-116.1471717,180.0,line-d-e32,33.2026766,-116.1469821,180.0,line-d-e34,33.2029954,-116.1466029,180.0,line-d-e35,33.2031548,-116.1464133,180.0,2026-08-20T20:25:12Z,dipole-dipole,2,4,2.000,325.2,190.094,8.290,0.00709,0.00097,0.01152;0.00930;0.00936;0.00970;0.00725;0.00688;0.00513;0.00467;0.00390;0.00264,
line-d-r01677,line-d,line-d-e31,33.2025172,-116.1471717,180.0,line-d-e32,33.2026766,-116.1469821,180.0,line-d-e34,33.2029954,-116.1466029,180.0,line-d-e35,33.2031548,-116.1464133,180.0,2026-08-20T20:25:24Z,dipole-dipole,2,5,1.935,413.5,196.428,7.578,0.00403,0.00148,0.00681;0.00606;0.00585;0.00462;0.00464;0.00382;0.00309;0.00269;0.00181;0.00142,
line-d-r01678,line-d,line-d-e31,33.2025172,-116.1471717,180.0,line-d-e32,33.2026766,-116.1469821,180.0,line-d-e34,33.2029954,-116.1466029,180.0,line-d-e35,33.2031548,-116.1464133,180.0,2026-08-20T20:25:36Z,dipole-dipole,2,3,2.000,386.5,191.100,6.815,0.00493,0.00108,0.00720;0.00750;0.00728;0.00653;0.00514;0.00529;0.00398;0.00294;0.00249;0.00157,
line-d-r01679,line-d,line-d-e31,33.2025172,-116.1471717,180.0,line-d-e32,33.2026766,-116.1469821,180.0,line-d-e35,33.2031548,-116.1464133,180.0,line-d-e36,33.2033141,-116.1462237,180.0,2026-08-20T20:25:48Z,dipole-dipole,3,6,1.504,531.9,204.404,9.268,0.00364,0.00118,0.00588;0.00531;0.00461;0.00442;0.00399;0.00372;0.00303;0.00228;0.00188;0.00139,
line-d-r01680,line-d,line-d-e31,33.2025172,-116.1471717,180.0,line-d-e32,33.2026766,-116.1469821,180.0,line-d-e35,33.2031548,-116.1464133,180.0,line-d-e36,33.2033141,-116.1462237,180.0,2026-08-20T20:26:00Z,dipole-dipole,3,6,2.000,340.6,184.662,8.129,0.00451,0.00092,0.00722;0.00710;0.00577;0.00556;0.00435;0.00411;0.00361;0.00282;0.00242;0.00152,
line-d-r01681,line-d,line-d-e31,33.2025172,-116.1471717,180.0,line-d-e32,33.2026766,-116.1469821,180.0,line-d-e35,33.2031548,-116.1464133,180.0,line-d-e36,33.2033141,-116.1462237,180.0,2026-08-20T20:26:12Z,dipole-dipole,3,8,2.000,309.2,192.611,8.143,0.00263,0.00105,0.00439;0.00391;0.00356;0.00329;0.00287;0.00258;0.00200;0.00173;0.00128;0.00090,
line-d-r01682,line-d,line-d-e31,33.2025172,-116.1471717,180.0,line-d-e32,33.2026766,-116.1469821,180.0,line-d-e35,33.2031548,-116.1464133,180.0,line-d-e36,33.2033141,-116.1462237,180.0,2026-08-20T20:26:24Z,dipole-dipole,3,4,2.000,360.9,204.500,8.946,0.00443,0.00128,0.00689;0.00614;0.00649;0.00642;0.00477;0.00445;0.00329;0.00273;0.00207;0.00139,
line-d-r01683,line-d,line-d-e31,33.2025172,-116.1471717,180.0,line-d-e32,33.2026766,-116.1469821,180.0,line-d-e35,33.2031548,-116.1464133,180.0,line-d-e36,33.2033141,-116.1462237,180.0,2026-08-20T20:26:36Z,dipole-dipole,3,4,1.412,566.6,206.372,8.879,0.00444,0.00124,0.00709;0.00690;0.00641;0.00590;0.00441;0.00393;0.00335;0.00265;0.00228;0.00159,
line-d-r01684,line-d,line-d-e31,33.2025172,-116.1471717,180.0,line-d-e32,33.2026766,-116.1469821,180.0,line-d-e35,33.2031548,-116.1464133,180.0,line-d-e36,33.2033141,-116.1462237,180.0,2026-08-20T20:26:48Z,dipole-dipole,3,3,2.000,320.0,196.944,7.842,0.00493,0.00092,0.00842;0.00763;0.00580;0.00589;0.00528;0.00448;0.00404;0.00325;0.00239;0.00186,
line-d-r01685,line-d,line-d-e31,33.2025172,-116.1471717,180.0,line-d-e32,33.2026766,-116.1469821,180.0,line-d-e35,33.2031548,-116.1464133,180.0,line-d-e36,33.2033141,-116.1462237,180.0,2026-08-20T20:27:00Z,dipole-dipole,3,3,1.880,425.5,202.573,6.385,0.00470,0.00108,0.00856;0.00720;0.00640;0.00520;0.00476;0.00456;0.00370;0.00291;0.00246;0.00154,
line-d-r01686,line-d,line-d-e31,33.2025172,-116.1471717,180.0,line-d-e32,33.2026766,-116.1469821,180.0,line-d-e36,33.2033141,-116.1462237,180.0,line-d-e37,33.2034735,-116.1460341,180.0,2026-08-20T20:27:12Z,dipole-dipole,4,5,2.000,380.2,191.021,7.877,0.00460,0.00128,0.00176;0.00240;0.00314;0.00393;0.00452;0.00444;0.00609;0.00619;0.00644;0.00693,
line-d-r01687,line-d,line-d-e31,33.2025172,-116.1471717,180.0,line-d-e32,33.2026766,-116.1469821,180.0,line-d-e36,33.2033141,-116.1462237,180.0,line-d-e37,33.2034735,-116.1460341,180.0,2026-08-20T20:27:24Z,dipole-dipole,4,6,2.000,316.3,200.208,7.152,0.00472,0.00097,0.00753;0.00718;0.00627;0.00585;0.00554;0.00405;0.00352;0.00331;0.00232;0.00178,
line-d-r01688,line-d,line-d-e31,33.2025172,-116.1471717,180.0,line-d-e32,33.2026766,-116.1469821,180.0,line-d-e36,33.2033141,-116.1462237,180.0,line-d-e37,33.2034735,-116.1460341,180.0,2026-08-20T20:27:36Z,dipole-dipole,4,4,2.000,323.8,197.077,9.226,0.00757,0.00112,0.01331;0.01239;0.01043;0.00910;0.00778;0.00741;0.00670;0.00516;0.00392;0.00252,
line-d-r01689,line-d,line-d-e31,33.2025172,-116.1471717,180.0,line-d-e32,33.2026766,-116.1469821,180.0,line-d-e36,33.2033141,-116.1462237,180.0,line-d-e37,33.2034735,-116.1460341,180.0,2026-08-20T20:27:48Z,dipole-dipole,4,3,2.000,389.9,204.796,5.706,0.00328,0.00118,0.00506;0.00496;0.00443;0.00374;0.00357;0.00335;0.00255;0.00199;0.00169;0.00118,
line-d-r01690,line-d,line-d-e31,33.2025172,-116.1471717,180.0,line-d-e32,33.2026766,-116.1469821,180.0,line-d-e36,33.2033141,-116.1462237,180.0,line-d-e37,33.2034735,-116.1460341,180.0,2026-08-20T20:28:00Z,dipole-dipole,4,4,2.000,384.8,212.498,7.204,0.00711,0.00091,0.01182;0.01003;0.00984;0.00916;0.00771;0.00661;0.00625;0.00484;0.00342;0.00254,
line-d-r01691,line-d,line-d-e31,33.2025172,-116.1471717,180.0,line-d-e32,33.2026766,-116.1469821,180.0,line-d-e36,33.2033141,-116.1462237,180.0,line-d-e37,33.2034735,-116.1460341,180.0,2026-08-20T20:28:12Z,dipole-dipole,4,3,2.000,331.6,202.368,10.508,0.00419,0.00103,0.00692;0.00584;0.00571;0.00532;0.00440;0.00373;0.00343;0.00254;0.00220;0.00125,
line-d-r01692,line-d,line-d-e31,33.2025172,-116.1471717,180.0,line-d-e32,33.2026766,-116.1469821,180.0,line-d-e37,33.2034735,-116.1460341,180.0,line-d-e38,33.2036329,-116.1458445,180.0,2026-08-20T20:28:24Z,dipole-dipole,5,8,2.000,379.5,194.731,7.533,0.00318,0.00072,0.00506;0.00473;0.00432;0.00361;0.00353;0.00276;0.00243;0.00191;0.00133;0.00117,
line-d-r01693,line-d,line-d-e31,33.2025172,-116.1471717,180.0,line-d-e32,33.2026766,-116.1469821,180.0,line-d-e37,33.2034735,-116.1460341,180.0,line-d-e38,33.2036329,-116.1458445,180.0,2026-08-20T20:28:36Z,dipole-dipole,5,3,2.000,392.1,197.381,6.456,0.00365,0.00107,0.00594;0.00579;0.00446;0.00486;0.00388;0.00354;0.00294;0.00225;0.00171;0.00132,
line-d-r01694,line-d,line-d-e31,33.2025172,-116.1471717,180.0,line-d-e32,33.2026766,-116.1469821,180.0,line-d-e37,33.2034735,-116.1460341,180.0,line-d-e38,33.2036329,-116.1458445,180.0,2026-08-20T20:28:48Z,dipole-dipole,5,7,1.341,596.5,210.122,7.998,0.00687,0.00089,0.01082;0.01082;0.00853;0.00823;0.00721;0.00655;0.00514;0.00437;0.00347;0.00248,
line-d-r01695,line-d,line-d-e31,33.2025172,-116.1471717,180.0,line-d-e32,33.2026766,-116.1469821,180.0,line-d-e37,33.2034735,-116.1460341,180.0,line-d-e38,33.2036329,-116.1458445,180.0,2026-08-20T20:29:00Z,dipole-dipole,5,7,1.894,422.4,211.567,8.271,0.00638,0.00118,0.00967;0.00952;0.00920;0.00765;0.00664;0.00610;0.00495;0.00426;0.00299;0.00231,
line-d-r01696,line-d,line-d-e31,33.2025172,-116.1471717,180.0,line-d-e32,33.2026766,-116.1469821,180.0,line-d-e37,33.2034735,-116.1460341,180.0,line-d-e38,33.2036329,-116.1458445,180.0,2026-08-20T20:29:12Z,dipole-dipole,5,5,2.000,354.6,189.499,7.666,0.00559,0.00100,0.00879;0.00860;0.00709;0.00624;0.00621;0.00501;0.00438;0.00347;0.00259;0.00204,
line-d-r01697,line-d,line-d-e31,33.2025172,-116.1471717,180.0,line-d-e32,33.2026766,-116.1469821,180.0,line-d-e37,33.2034735,-116.1460341,180.0,line-d-e38,33.2036329,-116.1458445,180.0,2026-08-20T20:29:24Z,dipole-dipole,5,4,2.000,354.8,204.535,9.407,0.00574,0.00104,0.00834;0.00789;0.00687;0.00785;0.00623;0.00581;0.00417;0.00397;0.00283;0.00181,
line-d-r01698,line-d,line-d-e31,33.2025172,-116.1471717,180.0,line-d-e32,33.2026766,-116.1469821,180.0,line-d-e38,33.2036329,-116.1458445,180.0,line-d-e39,33.2037923,-116.1456549,180.0,2026-08-20T20:29:36Z,dipole-dipole,6,8,2.000,347.5,213.902,7.546,0.00425,0.00099,0.00633;0.00584;0.00610;0.00498;0.00468;0.00403;0.00363;0.00276;0.00230;0.00150,
line-d-r01699,line-d,line-d-e31,33.2025172,-116.1471717,180.0,line-d-e32,33.2026766,-116.1469821,180.0,line-d-e38,33.2036329,-116.1458445,180.0,line-d-e39,33.2037923,-116.1456549,180.0,2026-08-20T20:29:48Z,dipole-dipole,6,7,1.794,445.9,207.353,6.212,0.00527,0.00104,0.00809;0.00728;0.00812;0.00706;0.00552;0.00449;0.00357;0.00319;0.00259;0.00190,
line-d-r01700,line-d,line-d-e31,33.2025172,-116.1471717,180.0,line-d-e32,33.2026766,-116.1469821,180.0,line-d-e38,33.2036329,-116.1458445,180.0,line-d-e39,33.2037923,-116.1456549,180.0,2026-08-20T20:30:00Z,dipole-dipole,6,8,1.978,404.5,214.670,6.007,0.00520,0.00121,0.00757;0.00842;0.00783;0.00628;0.00626;0.00444;0.00411;0.00361;0.00263;0.00184,
line-d-r01701,line-d,line-d-e31,33.2025172,-116.1471717,180.0,line-d-e32,33.2026766,-116.1469821,180.0,line-d-e38,33.2036329,-116.1458445,180.0,line-d-e39,33.2037923,-116.1456549,180.0,2026-08-20T20:30:12Z,dipole-dipole,6,4,2.000,331.5,196.331,8.384,0.00481,0.00103,0.00754;0.00706;0.00643;0.00582;0.00559;0.00484;0.00394;0.00280;0.00231;0.00181,
line-d-r01702,line-d,line-d-e31,33.2025172,-116.1471717,180.0,line-d-e32,33.2026766,-116.1469821,180.0,line-d-e38,33.2036329,-116.1458445,180.0,line-d-e39,33.2037923,-116.1456549,180.0,2026-08-20T20:30:24Z,dipole-dipole,6,3,1.968,406.6,214.329,6.466,0.00558,0.00105,0.00944;0.00803;0.00767;0.00760;0.00627;0.00527;0.00409;0.00354;0.00285;0.00196,
line-d-r01703,line-d,line-d-e31,33.2025172,-116.1471717,180.0,line-d-e32,33.2026766,-116.1469821,180.0,line-d-e38,33.2036329,-116.1458445,180.0,line-d-e39,33.2037923,-116.1456549,180.0,2026-08-20T20:30:36Z,dipole-dipole,6,5,2.000,388.3,201.232,7.032,0.00435,0.00083,0.00669;0.00603;0.00534;0.00567;0.00476;0.00407;0.00303;0.00254;0.00194;0.00142,
line-d-r01704,line-d,line-d-e31,33.2025172,-116.1471717,180.0,line-d-e32,33.2026766,-116.1469821,180.0,line-d-e39,33.2037923,-116.1456549,180.0,line-d-e40,33.2039517,-116.1454652,180.0,2026-08-20T20:30:48Z,dipole-dipole,7,7,1.816,440.4,199.498,9.155,0.00442,0.00104,0.00711;0.00673;0.00610;0.00502;0.00491;0.00443;0.00341;0.00301;0.00215;0.00153,
line-d-r01705,line-d,line-d-e31,33.2025172,-116.1471717,180.0,line-d-e32,33.2026766,-116.1469821,180.0,line-d-e39,33.2037923,-116.1456549,180.0,line-d-e40,33.2039517,-116.1454652,180.0,2026-08-20T20:31:00Z,dipole-dipole,7,4,1.954,409.4,203.730,5.380,0.00491,0.00080,0.00860;0.00734;0.00676;0.00568;0.00541;0.00468;0.00399;0.00279;0.00281;0.00167,
line-d-r01706,line-d,line-d-e31,33.2025172,-116.1471717,180.0,line-d-e32,33.2026766,-116.1469821,180.0,line-d-e39,33.2037923,-116.1456549,180.0,line-d-e40,33.2039517,-116.1454652,180.0,2026-08-20T20:31:12Z,dipole-dipole,7,5,1.962,407.7,189.896,6.728,0.00588,0.00113,0.00903;0.00880;0.00823;0.00822;0.00686;0.00530;0.00445;0.00405;0.00299;0.00208,
line-d-r01707,line-d,line-d-e31,33.2025172,-116.1471717,180.0,line-d-e32,33.2026766,-116.1469821,180.0,line-d-e39,33.2037923,-116.1456549,180.0,line-d-e40,33.2039517,-116.1454652,180.0,2026-08-20T20:31:24Z,dipole-dipole,7,6,2.000,348.6,208.056,7.060,0.00481,0.00096,0.00750;0.00747;0.00595;0.00634;0.00553;0.00465;0.00345;0.00308;0.00224;0.00168,
line-d-r01708,line-d,line-d-e31,33.2025172,-116.1471717,180.0,line-d-e32,33.2026766,-116.1469821,180.0,line-d-e39,33.2037923,-116.1456549,180.0,line-d-e40,33.2039517,-116.1454652,180.0,2026-08-20T20:31:36Z,dipole-dipole,7,5,1.805,443.2,187.434,9.013,0.00416,0.00082,0.00641;0.00659;0.00611;0.00522;0.00413;0.00398;0.00305;0.00270;0.00185;0.00149,
line-d-r01709,line-d,line-d-e31,33.2025172,-116.1471717,180.0,line-d-e32,33.2026766,-116.1469821,180.0,line-d-e39,33.2037923,-116.1456549,180.0,line-d-e40,33.2039517,-116.1454652,180.0,2026-08-20T20:31:48Z,dipole-dipole,7,7,1.984,403.2,198.084,7.353,0.00461,0.00114,0.00727;0.00635;0.00630;0.00557;0.00473;0.00425;0.00341;0.00297;0.00240;0.00154,
line-d-r01710,line-d,line-d-e31,33.2025172,-116.1471717,180.0,line-d-e32,33.2026766,-116.1469821,180.0,line-d-e39,33.2037923,-116.1456549,180.0,line-d-e40,33.2039517,-116.1454652,180.0,2026-08-20T20:32:00Z,dipole-dipole,7,5,2.000,322.8,191.708,5.625,0.00726,0.00106,0.01195;0.01042;0.00926;0.00955;0.00799;0.00730;0.00547;0.00446;0.00350;0.00257,
line-d-r01711,line-d,line-d-e32,33.2026766,-116.1469821,180.0,line-d-e33,33.2028360,-116.1467925,180.0,line-d-e34,33.2029954,-116.1466029,180.0,line-d-e35,33.2031548,-116.1464133,180.0,2026-08-20T20:32:12Z,dipole-dipole,1,7,1.046,764.7,207.188,9.024,0.00526,0.00091,0.00799;0.00755;0.00678;0.00614;0.00609;0.00552;0.00411;0.00331;0.00254;0.00199,
line-d-r01712,line-d,line-d-e32,33.2026766,-116.1469821,180.0,line-d-e33,33.2028360,-116.1467925,180.0,line-d-e34,33.2029954,-116.1466029,180.0,line-d-e35,33.2031548,-116.1464133,180.0,2026-08-20T20:32:24Z,dipole-dipole,1,3,1.353,591.1,189.489,7.141,0.00434,0.00094,0.00720;0.00582;0.00578;0.00567;0.00483;0.00432;0.00289;0.00328;0.00206;0.00156,
line-d-r01713,line-d,line-d-e32,33.2026766,-116.1469821,180.0,line-d-e33,33.2028360,-116.1467925,180.0,line-d-e34,33.2029954,-116.1466029,180.0,line-d-e35,33.2031548,-116.1464133,180.0,2026-08-20T20:32:36Z,dipole-dipole,1,6,1.424,561.7,203.335,9.234,0.00501,0.00104,0.00815;0.00732;0.00637;0.00617;0.00521;0.00490;0.00418;0.00331;0.00227;0.00185,
line-d-r01714,line-d,line-d-e32,33.2026766,-116.1469821,180.0,line-d-e33,33.2028360,-116.1467925,180.0,line-d-e34,33.2029954,-116.1466029,180.0,line-d-e35,33.2031548,-116.1464133,180.0,2026-08-20T20:32:48Z,dipole-dipole,1,8,1.244,643.0,195.557,8.026,0.00636,0.00106,0.01011;0.00974;0.00796;0.00830;0.00662;0.00551;0.00511;0.00444;0.00302;0.00221,
line-d-r01715,line-d,line-d-e32,33.2026766,-116.1469821,180.0,line-d-e33,33.2028360,-116.1467925,180.0,line-d-e34,33.2029954,-116.1466029,180.0,line-d-e35,33.2031548,-116.1464133,180.0,2026-08-20T20:33:00Z,dipole-dipole,1,8,1.159,690.5,199.814,7.142,0.00375,0.00105,0.00666;0.00613;0.00502;0.00461;0.00402;0.00334;0.00293;0.00253;0.00205;0.00129,
line-d-r01716,line-d,line-d-e32,33.2026766,-116.1469821,180.0,line-d-e33,33.2028360,-116.1467925,180.0,line-d-e34,33.2029954,-116.1466029,180.0,line-d-e35,33.2031548,-116.1464133,180.0,2026-08-20T20:33:12Z,dipole-dipole,1,4,1.024,781.1,205.878,7.519,0.00432,0.00133,0.00665;0.00610;0.00572;0.00541;0.00503;0.00411;0.00350;0.00281;0.00209;0.00167,
line-d-r01717,line-d,line-d-e32,33.2026766,-116.1469821,180.0,line-d-e33,33.2028360,-116.1467925,180.0,line-d-e35,33.2031548,-116.1464133,180.0,line-d-e36,33.2033141,-116.1462237,180.0,2026-08-20T20:33:24Z,dipole-dipole,2,5,1.076,743.6,191.872,6.535,0.00379,0.00083,0.00562;0.00563;0.00501;0.00493;0.00419;0.00332;0.00262;0.00233;0.00171;0.00140,
line-d-r01718,line-d,line-d-e32,33.2026766,-116.1469821,180.0,line-d-e33,33.2028360,-116.1467925,180.0,line-d-e35,33.2031548,-116.1464133,180.0,line-d-e36,33.2033141,-116.1462237,180.0,2026-08-20T20:33:36Z,dipole-dipole,2,5,0.965,829.1,189.108,7.021,0.00635,0.00103,0.00927;0.00897;0.00856;0.00786;0.00677;0.00578;0.00490;0.00398;0.00323;0.00233,
line-d-r01719,line-d,line-d-e32,33.2026766,-116.1469821,180.0,line-d-e33,33.2028360,-116.1467925,180.0,line-d-e35,33.2031548,-116.1464133,180.0,line-d-e36,33.2033141,-116.1462237,180.0,2026-08-20T20:33:48Z,dipole-dipole,2,8,1.294,618.2,192.248,6.865,0.00454,0.00107,0.00659;0.00663;0.00653;0.00566;0.00477;0.00462;0.00338;0.00300;0.00235;0.00145,
line-d-r01720,line-d,line-d-e32,33.2026766,-116.1469821,180.0,line-d-e33,33.2028360,-116.1467925,180.0,line-d-e35,33.2031548,-116.1464133,180.0,line-d-e36,33.2033141,-116.1462237,180.0,2026-08-20T20:34:00Z,dipole-dipole,2,4,0.873,915.9,219.248,5.606,0.00548,0.00120,0.00909;0.00783;0.00638;0.00714;0.00603;0.00584;0.00395;0.00312;0.00258;0.00198,
line-d-r01721,line-d,line-d-e32,33.2026766,-116.1469821,180.0,line-d-e33,33.2028360,-116.1467925,180.0,line-d-e35,33.2031548,-116.1464133,180.0,line-d-e36,33.2033141,-116.1462237,180.0,2026-08-20T20:34:12Z,dipole-dipole,2,4,1.008,793.3,185.819,5.962,0.00487,0.00096,0.00740;0.00655;0.00745;0.00634;0.00554;0.00491;0.00398;0.00323;0.00237;0.00169,
line-d-r01722,line-d,line-d-e32,33.2026766,-116.1469821,180.0,line-d-e33,33.2028360,-116.1467925,180.0,line-d-e35,33.2031548,-116.1464133,180.0,line-d-e36,33.2033141,-116.1462237,180.0,2026-08-20T20:34:24Z,dipole-dipole,2,4,1.014,788.7,192.179,7.753,0.00490,0.00118,0.00798;0.00684;0.00710;0.00597;0.00516;0.00478;0.00431;0.00330;0.00251;0.00160,
line-d-r01723,line-d,line-d-e32,33.2026766,-116.1469821,180.0,line-d-e33,33.2028360,-116.1467925,180.0,line-d-e36,33.2033141,-116.1462237,180.0,line-d-e37,33.2034735,-116.1460341,180.0,2026-08-20T20:34:36Z,dipole-dipole,3,4,0.853,937.7,198.497,7.605,0.00484,0.00112,0.00728;0.00730;0.00722;0.00569;0.00486;0.00440;0.00393;0.00290;0.00233;0.00175,
line-d-r01724,line-d,line-d-e32,33.2026766,-116.1469821,180.0,line-d-e33,33.2028360,-116.1467925,180.0,line-d-e36,33.2033141,-116.1462237,180.0,line-d-e37,33.2034735,-116.1460341,180.0,2026-08-20T20:34:48Z,dipole-dipole,3,5,1.004,797.0,196.448,9.350,0.00368,0.00112,0.00605;0.00488;0.00519;0.00400;0.00415;0.00332;0.00288;0.00246;0.00183;0.00137,
line-d-r01725,line-d,line-d-e32,33.2026766,-116.1469821,180.0,line-d-e33,33.2028360,-116.1467925,180.0,line-d-e36,33.2033141,-116.1462237,180.0,line-d-e37,33.2034735,-116.1460341,180.0,2026-08-20T20:35:00Z,dipole-dipole,3,8,0.849,942.2,199.756,7.793,0.00386,0.00136,0.00604;0.00527;0.00567;0.00479;0.00435;0.00387;0.00302;0.00238;0.00179;0.00144,
line-d-r01726,line-d,line-d-e32,33.2026766,-116.1469821,180.0,line-d-e33,33.2028360,-116.1467925,180.0,line-d-e36,33.2033141,-116.1462237,180.0,line-d-e37,33.2034735,-116.1460341,180.0,2026-08-20T20:35:12Z,dipole-dipole,3,6,0.749,1067.8,205.104,8.132,0.00604,0.00092,0.00966;0.00884;0.00798;0.00716;0.00645;0.00598;0.00440;0.00381;0.00288;0.00227,
line-d-r01727,line-d,line-d-e32,33.2026766,-116.1469821,180.0,line-d-e33,33.2028360,-116.1467925,180.0,line-d-e36,33.2033141,-116.1462237,180.0,line-d-e37,33.2034735,-116.1460341,180.0,2026-08-20T20:35:24Z,dipole-dipole,3,8,0.931,858.9,194.791,7.369,0.00305,0.00111,0.00540;0.00459;0.00424;0.00344;0.00325;0.00265;0.00249;0.00194;0.00152;0.00105,
line-d-r01728,line-d,line-d-e32,33.2026766,-116.1469821,180.0,line-d-e33,33.2028360,-116.1467925,180.0,line-d-e36,33.2033141,-116.1462237,180.0,line-d-e37,33.2034735,-116.1460341,180.0,2026-08-20T20:35:36Z,dipole-dipole,3,6,1.027,778.8,200.598,8.311,0.00519,0.00104,0.00904;0.00773;0.00743;0.00569;0.00583;0.00486;0.00385;0.00330;0.00286;0.00174,
line-d-r01729,line-d,line-d-e32,33.2026766,-116.1469821,180.0,line-d-e33,33.2028360,-116.1467925,180.0,line-d-e36,33.2033141,-116.1462237,180.0,line-d-e37,33.2034735,-116.1460341,180.0,2026-08-20T20:35:48Z,dipole-dipole,3,3,1.263,633.2,196.362,8.291,0.00449,0.00086,0.00674;0.00741;0.00669;0.00543;0.00485;0.00434;0.00356;0.00276;0.00227;0.00152,
line-d-r01730,line-d,line-d-e32,33.2026766,-116.1469821,180.0,line-d-e33,33.2028360,-116.1467925,180.0,line-d-e36,33.2033141,-116.1462237,180.0,line-d-e37,33.2034735,-116.1460341,180.0,2026-08-20T20:36:00Z,dipole-dipole,3,8,0.981,815.8,193.699,7.700,0.00422,0.00098,0.00750;0.00609;0.00630;0.00501;0.00481;0.00383;0.00347;0.00271;0.00219;0.00158,
line-d-r01731,line-d,line-d-e32,33.2026766,-116.1469821,180.0,line-d-e33,33.2028360,-116.1467925,180.0,line-d-e37,33.2034735,-116.1460341,180.0,line-d-e38,33.2036329,-116.1458445,180.0,2026-08-20T20:36:12Z,dipole-dipole,4,8,0.868,921.6,-255.560,5.536,0.00526,0.00122,0.00824;0.00819;0.00736;0.00608;0.00571;0.00587;0.00394;0.00311;0.00267;0.00185,
line-d-r01732,line-d,line-d-e32,33.2026766,-116.1469821,180.0,line-d-e33,33.2028360,-116.1467925,180.0,line-d-e37,33.2034735,-116.1460341,180.0,line-d-e38,33.2036329,-116.1458445,180.0,2026-08-20T20:36:24Z,dipole-dipole,4,4,0.937,853.5,208.986,8.360,0.00726,0.00093,0.00254;0.00346;0.00481;0.00594;0.00720;0.00796;0.00881;0.00924;0.00970;0.01155,
line-d-r01733,line-d,line-d-e32,33.2026766,-116.1469821,180.0,line-d-e33,33.2028360,-116.1467925,180.0,line-d-e37,33.2034735,-116.1460341,180.0,line-d-e38,33.2036329,-116.1458445,180.0,2026-08-20T20:36:36Z,dipole-dipole,4,8,0.882,907.5,198.126,6.545,0.00526,0.00116,0.00873;0.00780;0.00749;0.00678;0.00579;0.00549;0.00436;0.00321;0.00253;0.00189,
line-d-r01734,line-d,line-d-e32,33.2026766,-116.1469821,180.0,line-d-e33,33.2028360,-116.1467925,180.0,line-d-e37,33.2034735,-116.1460341,180.0,line-d-e38,33.2036329,-116.1458445,180.0,2026-08-20T20:36:48Z,dipole-dipole,4,5,1.157,691.3,204.289,7.687,0.00583,0.00713,0.01003;0.00872;0.00818;0.00750;0.00675;0.00515;0.00446;0.00377;0.00273;0.00183,
line-d-r01735,line-d,line-d-e32,33.2026766,-116.1469821,180.0,line-d-e33,33.2028360,-116.1467925,180.0,line-d-e37,33.2034735,-116.1460341,180.0,line-d-e38,33.2036329,-116.1458445,180.0,2026-08-20T20:37:00Z,dipole-dipole,4,7,0.944,847.4,198.737,6.507,0.00612,0.00093,0.00993;0.00833;0.00843;0.00767;0.00649;0.00643;0.00499;0.00422;0.00310;0.00209,
line-d-r01736,line-d,line-d-e32,33.2026766,-116.1469821,180.0,line-d-e33,33.2028360,-116.1467925,180.0,line-d-e37,33.2034735,-116.1460341,180.0,line-d-e38,33.2036329,-116.1458445,180.0,2026-08-20T20:37:12Z,dipole-dipole,4,3,1.196,668.9,189.604,7.891,0.00417,0.00096,0.00675;0.00655;0.00646;0.00497;0.00490;0.00427;0.00344;0.00273;0.00206;0.00156,
line-d-r01737,line-d,line-d-e32,33.2026766,-116.1469821,180.0,line-d-e33,33.2028360,-116.1467925,180.0,line-d-e38,33.2036329,-116.1458445,180.0,line-d-e39,33.2037923,-116.1456549,180.0,2026-08-20T20:37:24Z,dipole-dipole,5,3,1.028,778.4,214.898,6.260,0.00500,0.00111,0.00790;0.00700;0.00687;0.00585;0.00514;0.00469;0.00389;0.00301;0.00224;0.00172,
line-d-r01738,line-d,line-d-e32,33.2026766,-116.1469821,180.0,line-d-e33,33.2028360,-116.1467925,180.0,line-d-e38,33.2036329,-116.1458445,180.0,line-d-e39,33.2037923,-116.1456549,180.0,2026-08-20T20:37:36Z,dipole-dipole,5,4,0.840,952.1,224.688,7.374,0.00514,0.00152,0.00819;0.00750;0.00685;0.00657;0.00598;0.00499;0.00425;0.00309;0.00257;0.00201,
line-d-r01739,line-d,line-d-e32,33.2026766,-116.1469821,180.0,line-d-e33,33.2028360,-116.1467925,180.0,line-d-e38,33.2036329,-116.1458445,180.0,line-d-e39,33.2037923,-116.1456549,180.0,2026-08-20T20:37:48Z,dipole-dipole,5,4,1.064,752.1,207.608,8.991,0.00615,0.00111,0.00987;0.00985;0.00914;0.00781;0.00624;0.00573;0.00475;0.00372;0.00286;0.00212,
line-d-r01740,line-d,line-d-e32,33.2026766,-116.1469821,180.0,line-d-e33,33.2028360,-116.1467925,180.0,line-d-e38,33.2036329,-116.1458445,180.0,line-d-e39,33.2037923,-116.1456549,180.0,2026-08-20T20:38:00Z,dipole-dipole,5,4,0.850,941.3,212.835,6.625,0.00504,0.00103,0.00832;0.00761;0.00753;0.00617;0.00645;0.00407;0.00382;0.00342;0.00245;0.00194,
line-d-r01741,line-d,line-d-e32,33.2026766,-116.1469821,180.0,line-d-e33,33.2028360,-116.1467925,180.0,line-d-e38,33.2036329,-116.1458445,180.0,line-d-e39,33.2037923,-116.1456549,180.0,2026-08-20T20:38:12Z,dipole-dipole,5,5,1.078,742.0,196.936,7.150,0.00432,0.00095,0.00751;0.00673;0.00596;0.00494;0.00447;0.00448;0.00333;0.00288;0.00218;0.00144,
line-d-r01742,line-d,line-d-e32,33.2026766,-116.1469821,180.0,line-d-e33,33.2028360,-116.1467925,180.0,line-d-e38,33.2036329,-116.1458445,180.0,line-d-e39,33.2037923,-116.1456549,180.0,2026-08-20T20:38:24Z,dipole-dipole,5,7,0.995,804.4,205.345,8.257,0.00447,0.00107,0.00768;0.00702;0.00644;0.00547;0.00456;0.00376;0.00335;0.00266;0.00211;0.00161,
line-d-r01743,line-d,line-d-e32,33.2026766,-116.1469821,180.0,line-d-e33,33.2028360,-116.1467925,180.0,line-d-e38,33.2036329,-116.1458445,180.0,line-d-e39,33.2037923,-116.1456549,180.0,2026-08-20T20:38:36Z,dipole-dipole,5,4,1.096,730.3,178.715,8.270,0.00433,0.00125,0.00714;0.00651;0.00595;0.00496;0.00451;0.00458;0.00351;0.00276;0.00203;0.00159,
line-d-r01744,line-d,line-d-e32,33.2026766,-116.1469821,180.0,line-d-e33,33.2028360,-116.1467925,180.0,line-d-e38,33.2036329,-116.1458445,180.0,line-d-e39,33.2037923,-116.1456549,180.0,2026-08-20T20:38:48Z,dipole-dipole,5,4,0.907,881.9,200.305,7.327,0.00318,0.00087,0.00569;0.00449;0.00489;0.00376;0.00380;0.00304;0.00221;0.00210;0.00145;0.00116,
line-d-r01745,line-d,line-d-e32,33.2026766,-116.1469821,180.0,line-d-e33,33.2028360,-116.1467925,180.0,line-d-e39,33.2037923,-116.1456549,180.0,line-d-e40,33.2039517,-116.1454652,180.0,2026-08-20T20:39:00Z,dipole-dipole,6,5,0.901,888.3,204.566,6.917,0.00334,0.00100,0.00539;0.00484;0.00519;0.00423;0.00393;0.00306;0.00286;0.00208;0.00153;0.00121,
line-d-r01746,line-d,line-d-e32,33.2026766,-116.1469821,180.0,line-d-e33,33.2028360,-116.1467925,180.0,line-d-e39,33.2037923,-116.1456549,180.0,line-d-e40,33.2039517,-116.1454652,180.0,2026-08-20T20:39:12Z,dipole-dipole,6,6,0.878,911.5,197.906,5.926,0.00463,0.00120,0.00758;0.00719;0.00624;0.00591;0.00505;0.00410;0.00364;0.00298;0.00238;0.00182,
line-d-r01747,line-d,line-d-e32,33.2026766,-116.1469821,180.0,line-d-e33,33.2028360,-116.1467925,180.0,line-d-e39,33.2037923,-116.1456549,180.0,line-d-e40,33.2039517,-116.1454652,180.0,2026-08-20T20:39:24Z,dipole-dipole,6,5,1.115,717.2,-271.209,7.789,0.00558,0.00103,0.00846;0.00838;0.00758;0.00624;0.00588;0.00533;0.00477;0.00334;0.00269;0.00175,
line-d-r01748,line-d,line-d-e32,33.2026766,-116.1469821,180.0,line-d-e33,33.2028360,-116.1467925,180.0,line-d-e39,33.2037923,-116.1456549,180.0,line-d-e40,33.2039517,-116.1454652,180.0,2026-08-20T20:39:36Z,dipole-dipole,6,6,0.982,814.3,210.707,5.102,0.00444,0.00110,0.00684;0.00656;0.00600;0.00519;0.00481;0.00357;0.00313;0.00282;0.00227;0.00138,
line-d-r01749,line-d,line-d-e32,33.2026766,-116.1469821,180.0,line-d-e33,33.2028360,-116.1467925,180.0,line-d-e39,33.2037923,-116.1456549,180.0,line-d-e40,33.2039517,-116.1454652,180.0,2026-08-20T20:39:48Z,dipole-dipole,6,7,1.160,690.0,196.220,7.780,0.00484,0.00133,0.00855;0.00744;0.00621;0.00544;0.00545;0.00438;0.00390;0.00331;0.00220;0.00152,
line-d-r01750,line-d,line-d-e32,33.2026766,-116.1469821,180.0,line-d-e33,33.2028360,-116.1467925,180.0,line-d-e39,33.2037923,-116.1456549,180.0,line-d-e40,33.2039517,-116.1454652,180.0,2026-08-20T20:40:00Z,dipole-dipole,6,7,1.085,737.3,199.418,7.609,0.00530,0.00095,0.00763;0.00713;0.00692;0.00642;0.00612;0.00475;0.00405;0.00370;0.00233;0.00181,
line-d-r01751,line-d,line-d-e32,33.2026766,-116.1469821,180.0,line-d-e33,33.2028360,-116.1467925,180.0,line-d-e39,33.2037923,-116.1456549,180.0,line-d-e40,33.2039517,-116.1454652,180.0,2026-08-20T20:40:12Z,dipole-dipole,6,5,0.738,1083.7,199.729,7.291,0.00258,0.00103,0.00385;0.00418;0.00327;0.00332;0.00315;0.00267;0.00237;0.00169;0.00125;0.00092,
line-d-r01752,line-d,line-d-e32,33.2026766,-116.1469821,180.0,line-d-e33,33.2028360,-116.1467925,180.0,line-d-e39,33.2037923,-116.1456549,180.0,line-d-e40,33.2039517,-116.1454652,180.0,2026-08-20T20:40:24Z,dipole-dipole,6,6,1.075,743.9,206.454,10.514,0.00553,0.00091,0.00847;0.00769;0.00752;0.00701;0.00603;0.00573;0.00450;0.00361;0.00290;0.00208,
line-d-r01753,line-d,line-d-e33,33.2028360,-116.1467925,180.0,line-d-e34,33.2029954,-116.1466029,180.0,line-d-e35,33.2031548,-116.1464133,180.0,line-d-e36,33.2033141,-116.1462237,180.0,2026-08-20T20:40:36Z,dipole-dipole,1,3,0.963,830.5,221.961,8.922,0.00655,0.00109,0.01066;0.00900;0.00883;0.00808;0.00775;0.00639;0.00459;0.00409;0.00307;0.00228,
line-d-r01754,line-d,line-d-e33,33.2028360,-116.1467925,180.0,line-d-e34,33.2029954,-116.1466029,180.0,line-d-e35,33.2031548,-116.1464133,180.0,line-d-e36,33.2033141,-116.1462237,180.0,2026-08-20T20:40:48Z,dipole-dipole,1,4,1.100,727.3,203.753,8.258,0.00539,0.00101,0.00807;0.00792;0.00822;0.00694;0.00571;0.00495;0.00394;0.00354;0.00266;0.00180,
line-d-r01755,line-d,line-d-e33,33.2028360,-116.1467925,180.0,line-d-e34,33.2029954,-116.1466029,180.0,line-d-e35,33.2031548,-116.1464133,180.0,line-d-e36,33.2033141,-116.1462237,180.0,2026-08-20T20:41:00Z,dipole-dipole,1,5,1.218,656.9,201.712,8.368,0.00480,0.00086,0.00793;0.00753;0.00614;0.00608;0.00500;0.00407;0.00379;0.00346;0.00243;0.00181,
line-d-r01756,line-d,line-d-e33,33.2028360,-116.1467925,180.0,line-d-e34,33.2029954,-116.1466029,180.0,line-d-e35,33.2031548,-116.1464133,180.0,line-d-e36,33.2033141,-116.1462237,180.0,2026-08-20T20:41:12Z,dipole-dipole,1,7,1.089,734.7,197.235,7.920,0.00582,0.00095,0.00989;0.00843;0.00788;0.00753;0.00593;0.00586;0.00496;0.00343;0.00306;0.00203,
line-d-r01757,line-d,line-d-e33,33.2028360,-116.1467925,180.0,line-d-e34,33.2029954,-116.1466029,180.0,line-d-e35,33.2031548,-116.1464133,180.0,line-d-e36,33.2033141,-116.1462237,180.0,2026-08-20T20:41:24Z,dipole-dipole,1,4,0.962,831.3,205.502,9.107,0.00483,0.00103,0.00728;0.00710;0.00683;0.00561;0.00586;0.00492;0.00364;0.00303;0.00244;0.00168,
line-d-r01758,line-d,line-d-e33,33.2028360,-116.1467925,180.0,line-d-e34,33.2029954,-116.1466029,180.0,line-d-e35,33.2031548,-116.1464133,180.0,line-d-e36,33.2033141,-116.1462237,180.0,2026-08-20T20:41:36Z,dipole-dipole,1,3,0.917,872.1,186.414,7.746,0.00720,0.00120,0.01139;0.01133;0.01020;0.00897;0.00741;0.00656;0.00592;0.00528;0.00356;0.00263,
line-d-r01759,line-d,line-d-e33,33.2028360,-116.1467925,180.0,line-d-e34,33.2029954,-116.1466029,180.0,line-d-e35,33.2031548,-116.1464133,180.0,line-d-e36,33.2033141,-116.1462237,180.0,2026-08-20T20:41:48Z,dipole-dipole,1,6,1.103,725.1,208.522,8.324,0.00638,0.00095,0.01031;0.01013;0.00872;0.00870;0.00713;0.00639;0.00505;0.00400;0.00302;0.00234,
line-d-r01760,line-d,line-d-e33,33.2028360,-116.1467925,180.0,line-d-e34,33.2029954,-116.1466029,180.0,line-d-e35,33.2031548,-116.1464133,180.0,line-d-e36,33.2033141,-116.1462237,180.0,2026-08-20T20:42:00Z,dipole-dipole,1,6,1.052,760.7,204.149,8.396,0.00417,0.00103,0.00657;0.00643;0.00570;0.00533;0.00470;0.00375;0.00342;0.00276;0.00209;0.00142,
line-d-r01761,line-d,line-d-e33,33.2028360,-116.1467925,180.0,line-d-e34,33.2029954,-116.1466029,180.0,line-d-e36,33.2033141,-116.1462237,180.0,line-d-e37,33.2034735,-116.1460341,180.0,2026-08-20T20:42:12Z,dipole-dipole,2,7,0.783,1021.8,193.670,7.930,0.00585,0.00108,0.00890;0.00883;0.00762;0.00720;0.00632;0.00595;0.00442;0.00383;0.00302;0.00210,
line-d-r01762,line-d,line-d-e33,33.2028360,-116.1467925,180.0,line-d-e34,33.2029954,-116.1466029,180.0,line-d-e36,33.2033141,-116.1462237,180.0,line-d-e37,33.2034735,-116.1460341,180.0,2026-08-20T20:42:24Z,dipole-dipole,2,4,1.007,794.3,204.455,7.763,0.00477,0.00098,0.00774;0.00755;0.00650;0.00538;0.00534;0.00481;0.00377;0.00320;0.00224;0.00158,
line-d-r01763,line-d,line-d-e33,33.2028360,-116.1467925,180.0,line-d-e34,33.2029954,-116.1466029,180.0,line-d-e36,33.2033141,-116.1462237,180.0,line-d-e37,33.2034735,-116.1460341,180.0,2026-08-20T20:42:36Z,dipole-dipole,2,4,1.356,590.1,190.372,7.135,0.00416,0.00114,0.00726;0.00632;0.00594;0.00488;0.00465;0.00369;0.00352;0.00237;0.00205;0.00146,
line-d-r00910,line-d,line-d-e33,33.2028360,-116.1467925,180.0,line-d-e34,33.2029954,-116.1466029,180.0,line-d-e36,33.2033141,-116.1462237,180.0,line-d-e37,33.2034735,-116.1460341,180.0,2026-08-20T20:42:48Z,dipole-dipole,2,3,1.036,772.5,195.292,7.400,0.00578,0.00139,0.00933;0.00904;0.00794;0.00764;0.00609;0.00494;0.00450;0.00403;0.00332;0.00239,
line-d-r01765,line-d,line-d-e33,33.2028360,-116.1467925,180.0,line-d-e34,33.2029954,-116.1466029,180.0,line-d-e36,33.2033141,-116.1462237,180.0,line-d-e37,33.2034735,-116.1460341,180.0,2026-08-20T20:43:00Z,dipole-dipole,2,6,0.945,846.2,205.105,7.631,0.00583,0.00101,0.00912;0.00806;0.00781;0.00719;0.00621;0.00606;0.00459;0.00383;0.00277;0.00223,
line-d-r01766,line-d,line-d-e33,33.2028360,-116.1467925,180.0,line-d-e34,33.2029954,-116.1466029,180.0,line-d-e36,33.2033141,-116.1462237,180.0,line-d-e37,33.2034735,-116.1460341,180.0,2026-08-20T20:43:12Z,dipole-dipole,2,7,0.981,815.5,198.696,7.682,0.00585,0.00087,0.01017;0.00915;0.00761;0.00848;0.00633;0.00648;0.00488;0.00349;0.00290;0.00200,
line-d-r01767,line-d,line-d-e33,33.2028360,-116.1467925,180.0,line-d-e34,33.2029954,-116.1466029,180.0,line-d-e37,33.2034735,-116.1460341,180.0,line-d-e38,33.2036329,-116.1458445,180.0,2026-08-20T20:43:24Z,dipole-dipole,3,6,1.436,557.1,203.658,6.879,0.00572,0.00103,0.00944;0.00897;0.00712;0.00727;0.00570;0.00543;0.00399;0.00358;0.00265;0.00219,
line-d-r01768,line-d,line-d-e33,33.2028360,-116.1467925,180.0,line-d-e34,33.2029954,-116.1466029,180.0,line-d-e37,33.2034735,-116.1460341,180.0,line-d-e38,33.2036329,-116.1458445,180.0,2026-08-20T20:43:36Z,dipole-dipole,3,4,0.884,904.8,197.330,6.868,0.00449,0.00106,0.00687;0.00612;0.00573;0.00537;0.00524;0.00391;0.00324;0.00278;0.00206;0.00157,
line-d-r01769,line-d,line-d-e33,33.2028360,-116.1467925,180.0,line-d-e34,33.2029954,-116.1466029,180.0,line-d-e37,33.2034735,-116.1460341,180.0,line-d-e38,33.2036329,-116.1458445,180.0,2026-08-20T20:43:48Z,dipole-dipole,3,7,1.143,699.9,199.631,7.994,0.00540,0.00101,0.00990;0.00835;0.00724;0.00663;0.00565;0.00482;0.00418;0.00343;0.00261;0.00191,
line-d-r01770,line-d,line-d-e33,33.2028360,-116.1467925,180.0,line-d-e34,33.2029954,-116.1466029,180.0,line-d-e37,33.2034735,-116.1460341,180.0,line-d-e38,33.2036329,-116.1458445,180.0,2026-08-20T20:44:00Z,dipole-dipole,3,4,1.101,726.9,206.163,7.273,0.00515,0.00099,0.00759;0.00749;0.00689;0.00684;0.00545;0.00488;0.00410;0.00337;0.00261;0.00191,
line-d-r01771,line-d,line-d-e33,33.2028360,-116.1467925,180.0,line-d-e34,33.2029954,-116.1466029,180.0,line-d-e37,33.2034735,-116.1460341,180.0,line-d-e38,33.2036329,-116.1458445,180.0,2026-08-20T20:44:12Z,dipole-dipole,3,5,1.104,724.4,203.137,6.677,0.00491,0.00099,0.00786;0.00666;0.00678;0.00629;0.00598;0.00443;0.00375;0.00314;0.00248;0.00173,
line-d-r01772,line-d,line-d-e33,33.2028360,-116.1467925,180.0,line-d-e34,33.2029954,-116.1466029,180.0,line-d-e37,33.2034735,-116.1460341,180.0,line-d-e38,33.2036329,-116.1458445,180.0,2026-08-20T20:44:24Z,dipole-dipole,3,8,0.818,978.4,210.290,6.097,0.00491,0.00116,0.00807;0.00688;0.00653;0.00586;0.00491;0.00438;0.00399;0.00299;0.00254;0.00203,
line-d-r01773,line-d,line-d-e33,33.2028360,-116.1467925,180.0,line-d-e34,33.2029954,-116.1466029,180.0,line-d-e37,33.2034735,-116.1460341,180.0,line-d-e38,33.2036329,-116.1458445,180.0,2026-08-20T20:44:36Z,dipole-dipole,3,6,1.098,728.9,202.842,10.570,0.00614,0.00125,0.00868;0.00953;0.00770;0.00810;0.00586;0.00632;0.00509;0.00449;0.00304;0.00217,
line-d-r01774,line-d,line-d-e33,33.2028360,-116.1467925,180.0,line-d-e34,33.2029954,-116.1466029,180.0,line-d-e37,33.2034735,-116.1460341,180.0,line-d-e38,33.2036329,-116.1458445,180.0,2026-08-20T20:44:48Z,dipole-dipole,3,5,0.934,856.8,195.095,8.488,0.00546,0.00099,0.00860;0.00728;0.00810;0.00692;0.00588;0.00519;0.00481;0.00396;0.00267;0.00205,
line-d-r01775,line-d,line-d-e33,33.2028360,-116.1467925,180.0,line-d-e34,33.2029954,-116.1466029,180.0,line-d-e38,33.2036329,-116.1458445,180.0,line-d-e39,33.2037923,-116.1456549,180.0,2026-08-20T20:45:00Z,dipole-dipole,4,8,0.775,1031.9,203.287,7.478,0.00411,0.00120,0.00676;0.00652;0.00571;0.00526;0.00456;0.00412;0.00311;0.00253;0.00211;0.00140,
line-d-r01776,line-d,line-d-e33,33.2028360,-116.1467925,180.0,line-d-e34,33.2029954,-116.1466029,180.0,line-d-e38,33.2036329,-116.1458445,180.0,line-d-e39,33.2037923,-116.1456549,180.0,2026-08-20T20:45:12Z,dipole-dipole,4,3,0.901,887.8,204.250,7.283,0.00730,0.00129,0.01206;0.01107;0.00977;0.00912;0.00865;0.00692;0.00584;0.00427;0.00360;0.00246,
line-d-r01777,line-d,line-d-e33,33.2028360,-116.1467925,180.0,line-d-e34,33.2029954,-116.1466029,180.0,line-d-e38,33.2036329,-116.1458445,180.0,line-d-e39,33.2037923,-116.1456549,180.0,2026-08-20T20:45:24Z,dipole-dipole,4,7,1.062,753.1,200.392,7.347,0.00498,0.00078,0.00798;0.00766;0.00737;0.00570;0.00617;0.00477;0.00438;0.00312;0.00256;0.00174,
line-d-r01778,line-d,line-d-e33,33.2028360,-116.1467925,180.0,line-d-e34,33.2029954,-116.1466029,180.0,line-d-e38,33.2036329,-116.1458445,180.0,line-d-e39,33.2037923,-116.1456549,180.0,2026-08-20T20:45:36Z,dipole-dipole,4,7,0.930,860.6,203.974,7.133,0.00496,0.00098,0.00778;0.00799;0.00663;0.00595;0.00537;0.00474;0.00408;0.00346;0.00249;0.00177,
line-d-r01779,line-d,line-d-e33,33.2028360,-116.1467925,180.0,line-d-e34,33.2029954,-116.1466029,180.0,line-d-e38,33.2036329,-116.1458445,180.0,line-d-e39,33.2037923,-116.1456549,180.0,2026-08-20T20:45:48Z,dipole-dipole,4,3,1.034,773.6,194.152,7.208,0.00619,0.00088,0.00981;0.00894;0.00903;0.00769;0.00671;0.00541;0.00417;0.00385;0.00315;0.00246,
line-d-r01780,line-d,line-d-e33,33.2028360,-116.1467925,180.0,line-d-e34,33.2029954,-116.1466029,180.0,line-d-e38,33.2036329,-116.1458445,180.0,line-d-e39,33.2037923,-116.1456549,180.0,2026-08-20T20:46:00Z,dipole-dipole,4,4,1.099,728.1,211.558,7.695,0.00454,0.00089,0.00749;0.00712;0.00667;0.00529;0.00471;0.00431;0.00388;0.00279;0.00208;0.00150,
line-d-r01781,line-d,line-d-e33,33.2028360,-116.1467925,180.0,line-d-e34,33.2029954,-116.1466029,180.0,line-d-e38,33.2036329,-116.1458445,180.0,line-d-e39,33.2037923,-116.1456549,180.0,2026-08-20T20:46:12Z,dipole-dipole,4,4,1.073,745.3,182.515,5.928,0.00492,0.00115,0.00755;0.00691;0.00623;0.00590;0.00547;0.00464;0.00395;0.00324;0.00272;0.00178,
line-d-r01782,line-d,line-d-e33,33.2028360,-116.1467925,180.0,line-d-e34,33.2029954,-116.1466029,180.0,line-d-e39,33.2037923,-116.1456549,180.0,line-d-e40,33.2039517,-116.1454652,180.0,2026-08-20T20:46:24Z,dipole-dipole,5,5,0.740,1081.7,188.716,8.088,0.00537,0.00103,0.00868;0.00756;0.00699;0.00676;0.00535;0.00535;0.00419;0.00313;0.00266;0.00198,
line-d-r01783,line-d,line-d-e33,33.2028360,-116.1467925,180.0,line-d-e34,33.2029954,-116.1466029,180.0,line-d-e39,33.2037923,-116.1456549,180.0,line-d-e40,33.2039517,-116.1454652,180.0,2026-08-20T20:46:36Z,dipole-dipole,5,7,1.030,777.1,200.547,6.564,0.00342,0.00094,0.00602;0.00537;0.00500;0.00442;0.00410;0.00358;0.00260;0.00234;0.00168;0.00115,
line-d-r01784,line-d,line-d-e33,33.2028360,-116.1467925,180.0,line-d-e34,33.2029954,-116.1466029,180.0,line-d-e39,33.2037923,-116.1456549,180.0,line-d-e40,33.2039517,-116.1454652,180.0,2026-08-20T20:46:48Z,dipole-dipole,5,6,0.899,889.8,200.381,9.140,0.00561,0.00084,0.00891;0.00757;0.00760;0.00666;0.00604;0.00588;0.00483;0.00354;0.00275;0.00200,
line-d-r01785,line-d,line-d-e33,33.2028360,-116.1467925,180.0,line-d-e34,33.2029954,-116.1466029,180.0,line-d-e39,33.2037923,-116.1456549,180.0,line-d-e40,33.2039517,-116.1454652,180.0,2026-08-20T20:47:00Z,dipole-dipole,5,3,0.730,1095.5,203.501,8.827,0.00409,0.00098,0.00641;0.00643;0.00515;0.00532;0.00433;0.00388;0.00309;0.00264;0.00211;0.00145,
line-d-r01786,line-d,line-d-e33,33.2028360,-116.1467925,180.0,line-d-e34,33.2029954,-116.1466029,180.0,line-d-e39,33.2037923,-116.1456549,180.0,line-d-e40,33.2039517,-116.1454652,180.0,2026-08-20T20:47:12Z,dipole-dipole,5,8,0.948,843.5,204.275,8.354,0.00604,0.00143,0.00959;0.00893;0.00863;0.00764;0.00651;0.00609;0.00506;0.00396;0.00286;0.00208,
line-d-r01787,line-d,line-d-e33,33.2028360,-116.1467925,180.0,line-d-e34,33.2029954,-116.1466029,180.0,line-d-e39,33.2037923,-116.1456549,180.0,line-d-e40,33.2039517,-116.1454652,180.0,2026-08-20T20:47:24Z,dipole-dipole,5,4,1.253,638.3,202.631,6.810,0.00444,0.00111,0.00768;0.00712;0.00677;0.00566;0.00529;0.00407;0.00351;0.00287;0.00211;0.00155,
line-d-r01788,line-d,line-d-e33,33.2028360,-116.1467925,180.0,line-d-e34,33.2029954,-116.1466029,180.0,line-d-e39,33.2037923,-116.1456549,180.0,line-d-e40,33.2039517,-116.1454652,180.0,2026-08-20T20:47:36Z,dipole-dipole,5,7,0.997,802.1,197.071,8.492,0.00388,0.00094,0.00658;0.00509;0.00570;0.00447;0.00483;0.00348;0.00288;0.00234;0.00202;0.00135,
line-d-r01789,line-d,line-d-e33,33.2028360,-116.1467925,180.0,line-d-e34,33.2029954,-116.1466029,180.0,line-d-e39,33.2037923,-116.1456549,180.0,line-d-e40,33.2039517,-116.1454652,180.0,2026-08-20T20:47:48Z,dipole-dipole,5,8,0.965,829.2,193.134,6.935,0.00478,0.00109,0.00758;0.00755;0.00625;0.00551;0.00555;0.00426;0.00355;0.00273;0.00223;0.00165,
line-d-r01790,line-d,line-d-e34,33.2029954,-116.1466029,180.0,line-d-e35,33.2031548,-116.1464133,180.0,line-d-e36,33.2033141,-116.1462237,180.0,line-d-e37,33.2034735,-116.1460341,180.0,2026-08-20T20:48:00Z,dipole-dipole,1,5,1.543,518.5,209.513,7.636,0.00591,0.00093,0.00918;0.00976;0.00851;0.00714;0.00653;0.00592;0.00501;0.00353;0.00304;0.00199,
line-d-r01791,line-d,line-d-e34,33.2029954,-116.1466029,180.0,line-d-e35,33.2031548,-116.1464133,180.0,line-d-e36,33.2033141,-116.1462237,180.0,line-d-e37,33.2034735,-116.1460341,180.0,2026-08-20T20:48:12Z,dipole-dipole,1,8,1.549,516.5,206.278,6.811,0.00361,0.00099,0.00571;0.00496;0.00509;0.00406;0.00414;0.00349;0.00295;0.00255;0.00186;0.00134,
line-d-r01792,line-d,line-d-e34,33.2029954,-116.1466029,180.0,line-d-e35,33.2031548,-116.1464133,180.0,line-d-e36,33.2033141,-116.1462237,180.0,line-d-e37,33.2034735,-116.1460341,180.0,2026-08-20T20:48:24Z,dipole-dipole,1,6,1.815,440.8,195.510,10.258,0.00370,0.00106,0.00579;0.00539;0.00556;0.00435;0.00384;0.00372;0.00309;0.00234;0.00194;0.00142,
line-d-r01793,line-d,line-d-e34,33.2029954,-116.1466029,180.0,line-d-e35,33.2031548,-116.1464133,180.0,line-d-e36,33.2033141,-116.1462237,180.0,line-d-e37,33.2034735,-116.1460341,180.0,2026-08-20T20:48:36Z,dipole-dipole,1,7,1.708,468.4,-116.279,10.230,0.00430,0.00078,0.00637;0.00625;0.00624;0.00525;0.00486;0.00396;0.00349;0.00290;0.00212;0.00158,
line-d-r01794,line-d,line-d-e34,33.2029954,-116.1466029,180.0,line-d-e35,33.2031548,-116.1464133,180.0,line-d-e36,33.2033141,-116.1462237,180.0,line-d-e37,33.2034735,-116.1460341,180.0,2026-08-20T20:48:48Z,dipole-dipole,1,4,1.533,521.9,206.163,7.099,0.00396,0.00114,0.00666;0.00555;0.00514;0.00529;0.00382;0.00387;0.00291;0.00267;0.00187;0.00148,
line-d-r01795,line-d,line-d-e34,33.2029954,-116.1466029,180.0,line-d-e35,33.2031548,-116.1464133,180.0,line-d-e36,33.2033141,-116.1462237,180.0,line-d-e37,33.2034735,-116.1460341,180.0,2026-08-20T20:49:00Z,dipole-dipole,1,6,1.906,419.6,193.884,7.062,0.00646,0.00111,0.01017;0.00926;0.00880;0.00758;0.00700;0.00596;0.00497;0.00425;0.00335;0.00232,
line-d-r01796,line-d,line-d-e34,33.2029954,-116.1466029,180.0,line-d-e35,33.2031548,-116.1464133,180.0,line-d-e37,33.2034735,-116.1460341,180.0,line-d-e38,33.2036329,-116.1458445,180.0,2026-08-20T20:49:12Z,dipole-dipole,2,3,1.945,411.2,-116.548,8.416,0.00542,0.00112,0.00907;0.00818;0.00689;0.00628;0.00510;0.00475;0.00437;0.00331;0.00238;0.00190,
line-d-r01797,line-d,line-d-e34,33.2029954,-116.1466029,180.0,line-d-e35,33.2031548,-116.1464133,180.0,line-d-e37,33.2034735,-116.1460341,180.0,line-d-e38,33.2036329,-116.1458445,180.0,2026-08-20T20:49:24Z,dipole-dipole,2,6,1.372,583.3,198.480,7.946,0.00528,0.00119,0.00826;0.00702;0.00666;0.00623;0.00622;0.00537;0.00427;0.00307;0.00249;0.00183,
line-d-r01798,line-d,line-d-e34,33.2029954,-116.1466029,180.0,line-d-e35,33.2031548,-116.1464133,180.0,line-d-e37,33.2034735,-116.1460341,180.0,line-d-e38,33.2036329,-116.1458445,180.0,2026-08-20T20:49:36Z,dipole-dipole,2,7,1.432,558.8,197.410,7.295,0.00672,0.00089,0.01161;0.01159;0.00855;0.00867;0.00745;0.00622;0.00552;0.00419;0.00311;0.00216,
line-d-r01799,line-d,line-d-e34,33.2029954,-116.1466029,180.0,line-d-e35,33.2031548,-116.1464133,180.0,line-d-e37,33.2034735,-116.1460341,180.0,line-d-e38,33.2036329,-116.1458445,180.0,2026-08-20T20:49:48Z,dipole-dipole,2,6,1.325,603.6,185.606,5.903,0.00510,0.00110,0.00805;0.00747;0.00743;0.00635;0.00597;0.00477;0.00404;0.00340;0.00264;0.00166,
line-d-r01800,line-d,line-d-e34,33.2029954,-116.1466029,180.0,line-d-e35,33.2031548,-116.1464133,180.0,line-d-e37,33.2034735,-116.1460341,180.0,line-d-e38,33.2036329,-116.1458445,180.0,2026-08-20T20:50:00Z,dipole-dipole,2,3,1.681,476.0,196.024,7.040,0.00352,0.00113,0.00577;0.00546;0.00472;0.00413;0.00419;0.00324;0.00269;0.00204;0.00166;0.00126,
line-d-r01801,line-d,line-d-e34,33.2029954,-116.1466029,180.0,line-d-e35,33.2031548,-116.1464133,180.0,line-d-e37,33.2034735,-116.1460341,180.0,line-d-e38,33.2036329,-116.1458445,180.0,2026-08-20T20:50:12Z,dipole-dipole,2,5,1.803,443.8,213.345,6.491,0.00511,0.00113,0.00850;0.00746;0.00770;0.00584;0.00542;0.00465;0.00399;0.00315;0.00251;0.00183,
line-d-r01802,line-d,line-d-e34,33.2029954,-116.1466029,180.0,line-d-e35,33.2031548,-116.1464133,180.0,line-d-e37,33.2034735,-116.1460341,180.0,line-d-e38,33.2036329,-116.1458445,180.0,2026-08-20T20:50:24Z,dipole-dipole,2,4,1.450,551.9,205.670,7.686,0.00481,0.00112,0.00712;0.00780;0.00601;0.00644;0.00475;0.00451;0.00376;0.00285;0.00245;0.00185,
line-d-r01803,line-d,line-d-e34,33.2029954,-116.1466029,180.0,line-d-e35,33.2031548,-116.1464133,180.0,line-d-e37,33.2034735,-116.1460341,180.0,line-d-e38,33.2036329,-116.1458445,180.0,2026-08-20T20:50:36Z,dipole-dipole,2,5,1.559,513.2,198.782,8.362,0.00437,0.00077,0.00666;0.00655;0.00622;0.00502;0.00470;0.00407;0.00337;0.00259;0.00205;0.00156,
line-d-r01804,line-d,line-d-e34,33.2029954,-116.1466029,180.0,line-d-e35,33.2031548,-116.1464133,180.0,line-d-e38,33.2036329,-116.1458445,180.0,line-d-e39,33.2037923,-116.1456549,180.0,2026-08-20T20:50:48Z,dipole-dipole,3,6,1.659,482.1,192.415,6.429,0.00582,0.00087,0.00975;0.00914;0.00785;0.00675;0.00629;0.00511;0.00471;0.00365;0.00271;0.00196,
line-d-r01805,line-d,line-d-e34,33.2029954,-116.1466029,180.0,line-d-e35,33.2031548,-116.1464133,180.0,line-d-e38,33.2036329,-116.1458445,180.0,line-d-e39,33.2037923,-116.1456549,180.0,2026-08-20T20:51:00Z,dipole-dipole,3,5,1.232,649.3,200.240,8.036,0.00499,0.00110,0.00824;0.00823;0.00612;0.00650;0.00490;0.00448;0.00389;0.00291;0.00269;0.00175,
line-d-r01806,line-d,line-d-e34,33.2029954,-116.1466029,180.0,line-d-e35,33.2031548,-116.1464133,180.0,line-d-e38,33.2036329,-116.1458445,180.0,line-d-e39,33.2037923,-116.1456549,180.0,2026-08-20T20:51:12Z,dipole-dipole,3,7,1.805,443.2,198.097,8.237,0.00456,0.00095,0.00777;0.00703;0.00564;0.00532;0.00496;0.00443;0.00352;0.00274;0.00210;0.00160,
line-d-r01807,line-d,line-d-e34,33.2029954,-116.1466029,180.0,line-d-e35,33.2031548,-116.1464133,180.0,line-d-e38,33.2036329,-116.1458445,180.0,line-d-e39,33.2037923,-116.1456549,180.0,2026-08-20T20:51:24Z,dipole-dipole,3,3,1.453,550.6,197.314,7.533,0.00475,0.00118,0.00754;0.00682;0.00659;0.00599;0.00538;0.00415;0.00411;0.00325;0.00234;0.00161,
line-d-r01808,line-d,line-d-e34,33.2029954,-116.1466029,180.0,line-d-e35,33.2031548,-116.1464133,180.0,line-d-e38,33.2036329,-116.1458445,180.0,line-d-e39,33.2037923,-116.1456549,180.0,2026-08-20T20:51:36Z,dipole-dipole,3,7,2.000,395.4,207.980,7.019,0.00298,0.00100,0.00448;0.00491;0.00396;0.00356;0.00363;0.00288;0.00215;0.00183;0.00143;0.00094,
line-d-r01809,line-d,line-d-e34,33.2029954,-116.1466029,180.0,line-d-e35,33.2031548,-116.1464133,180.0,line-d-e38,33.2036329,-116.1458445,180.0,line-d-e39,33.2037923,-116.1456549,180.0,2026-08-20T20:51:48Z,dipole-dipole,3,8,1.867,428.5,193.931,8.856,0.00479,0.00099,0.00762;0.00722;0.00691;0.00543;0.00512;0.00442;0.00374;0.00290;0.00257;0.00174,
line-d-r01810,line-d,line-d-e34,33.2029954,-116.1466029,180.0,line-d-e35,33.2031548,-116.1464133,180.0,line-d-e38,33.2036329,-116.1458445,180.0,line-d-e39,33.2037923,-116.1456549,180.0,2026-08-20T20:52:00Z,dipole-dipole,3,3,1.638,488.4,206.176,9.032,0.00413,0.00072,0.00699;0.00642;0.00601;0.00492;0.00493;0.00371;0.00315;0.00254;0.00199;0.00153,
line-d-r01811,line-d,line-d-e34,33.2029954,-116.1466029,180.0,line-d-e35,33.2031548,-116.1464133,180.0,line-d-e39,33.2037923,-116.1456549,180.0,line-d-e40,33.2039517,-116.1454652,180.0,2026-08-20T20:52:12Z,dipole-dipole,4,7,1.291,619.7,207.439,6.765,0.00263,0.00304,0.00390;0.00404;0.00337;0.00310;0.00291;0.00265;0.00212;0.00164;0.00136;0.00096,
line-d-r01812,line-d,line-d-e34,33.2029954,-116.1466029,180.0,line-d-e35,33.2031548,-116.1464133,180.0,line-d-e39,33.2037923,-116.1456549,180.0,line-d-e40,33.2039517,-116.1454652,180.0,2026-08-20T20:52:24Z,dipole-dipole,4,7,1.561,512.5,187.645,6.219,0.00616,0.00106,0.01006;0.00907;0.00797;0.00758;0.00607;0.00585;0.00480;0.00382;0.00275;0.00210,
line-d-r01813,line-d,line-d-e34,33.2029954,-116.1466029,180.0,line-d-e35,33.2031548,-116.1464133,180.0,line-d-e39,33.2037923,-116.1456549,180.0,line-d-e40,33.2039517,-116.1454652,180.0,2026-08-20T20:52:36Z,dipole-dipole,4,7,1.912,418.5,207.765,7.455,0.00523,0.00095,0.00884;0.00710;0.00674;0.00713;0.00544;0.00483;0.00399;0.00301;0.00260;0.00192,
line-d-r01814,line-d,line-d-e34,33.2029954,-116.1466029,180.0,line-d-e35,33.2031548,-116.1464133,180.0,line-d-e39,33.2037923,-116.1456549,180.0,line-d-e40,33.2039517,-116.1454652,180.0,2026-08-20T20:52:48Z,dipole-dipole,4,8,1.417,564.7,205.338,6.461,0.00475,0.00097,0.00810;0.00720;0.00619;0.00621;0.00549;0.00472;0.00386;0.00269;0.00234;0.00176,
line-d-r01815,line-d,line-d-e34,33.2029954,-116.1466029,180.0,line-d-e35,33.2031548,-116.1464133,180.0,line-d-e39,33.2037923,-116.1456549,180.0,line-d-e40,33.2039517,-116.1454652,180.0,2026-08-20T20:53:00Z,dipole-dipole,4,4,1.866,428.8,179.362,7.905,0.00639,0.00087,0.01055;0.00923;0.00927;0.00807;0.00656;0.00578;0.00493;0.00375;0.00293;0.00206,
line-d-r01816,line-d,line-d-e34,33.2029954,-116.1466029,180.0,line-d-e35,33.2031548,-116.1464133,180.0,line-d-e39,33.2037923,-116.1456549,180.0,line-d-e40,33.2039517,-116.1454652,180.0,2026-08-20T20:53:12Z,dipole-dipole,4,4,1.726,463.5,187.617,9.083,0.00590,0.00111,0.00988;0.00860;0.00770;0.00786;0.00615;0.00537;0.00411;0.00385;0.00303;0.00222,
line-d-r01817,line-d,line-d-e35,33.2031548,-116.1464133,180.0,line-d-e36,33.2033141,-116.1462237,180.0,line-d-e37,33.2034735,-116.1460341,180.0,line-d-e38,33.2036329,-116.1458445,180.0,2026-08-20T20:53:24Z,dipole-dipole,1,4,2.000,385.8,204.521,6.101,0.00473,0.00093,0.00796;0.00751;0.00605;0.00532;0.00553;0.00432;0.00359;0.00291;0.00251;0.00185,
line-d-r01818,line-d,line-d-e35,33.2031548,-116.1464133,180.0,line-d-e36,33.2033141,-116.1462237,180.0,line-d-e37,33.2034735,-116.1460341,180.0,line-d-e38,33.2036329,-116.1458445,180.0,2026-08-20T20:53:36Z,dipole-dipole,1,5,1.759,454.8,204.767,9.147,0.00380,0.00110,0.00659;0.00604;0.00555;0.00430;0.00402;0.00388;0.00293;0.00235;0.00187;0.00130,
line-d-r01819,line-d,line-d-e35,33.2031548,-116.1464133,180.0,line-d-e36,33.2033141,-116.1462237,180.0,line-d-e37,33.2034735,-116.1460341,180.0,line-d-e38,33.2036329,-116.1458445,180.0,2026-08-20T20:53:48Z,dipole-dipole,1,6,1.917,417.2,205.437,8.106,0.00508,0.00130,0.00839;0.00752;0.00675;0.00666;0.00578;0.00467;0.00393;0.00354;0.00248;0.00197,
line-d-r01820,line-d,line-d-e35,33.2031548,-116.1464133,180.0,line-d-e36,33.2033141,-116.1462237,180.0,line-d-e37,33.2034735,-116.1460341,180.0,line-d-e38,33.2036329,-116.1458445,180.0,2026-08-20T20:54:00Z,dipole-dipole,1,6,1.242,644.3,198.732,7.197,0.00619,0.00121,0.00993;0.00868;0.00799;0.00708;0.00676;0.00565;0.00452;0.00372;0.00302;0.00246,
line-d-r01821,line-d,line-d-e35,33.2031548,-116.1464133,180.0,line-d-e36,33.2033141,-116.1462237,180.0,line-d-e37,33.2034735,-116.1460341,180.0,line-d-e38,33.2036329,-116.1458445,180.0,2026-08-20T20:54:12Z,dipole-dipole,1,8,1.661,481.5,209.867,7.944,0.00528,0.01429,0.00898;0.00745;0.00761;0.00614;0.00608;0.00530;0.00413;0.00314;0.00252;0.00175,
line-d-r01822,line-d,line-d-e35,33.2031548,-116.1464133,180.0,line-d-e36,33.2033141,-116.1462237,180.0,line-d-e37,33.2034735,-116.1460341,180.0,line-d-e38,33.2036329,-116.1458445,180.0,2026-08-20T20:54:24Z,dipole-dipole,1,3,1.552,515.5,191.472,8.939,0.00546,0.00077,0.00813;0.00848;0.00721;0.00723;0.00513;0.00519;0.00413;0.00359;0.00243;0.00190,
line-d-r01823,line-d,line-d-e35,33.2031548,-116.1464133,180.0,line-d-e36,33.2033141,-116.1462237,180.0,line-d-e37,33.2034735,-116.1460341,180.0,line-d-e38,33.2036329,-116.1458445,180.0,2026-08-20T20:54:36Z,dipole-dipole,1,3,1.683,475.3,206.927,9.724,0.00496,0.00102,0.00805;0.00727;0.00727;0.00620;0.00583;0.00503;0.00387;0.00319;0.00233;0.00186,
line-d-r01824,line-d,line-d-e35,33.2031548,-116.1464133,180.0,line-d-e36,33.2033141,-116.1462237,180.0,line-d-e37,33.2034735,-116.1460341,180.0,line-d-e38,33.2036329,-116.1458445,180.0,2026-08-20T20:54:48Z,dipole-dipole,1,7,2.000,394.5,215.807,8.343,0.00537,0.00118,0.00878;0.00799;0.00738;0.00718;0.00584;0.00464;0.00444;0.00337;0.00274;0.00185,
line-d-r01825,line-d,line-d-e35,33.2031548,-116.1464133,180.0,line-d-e36,33.2033141,-116.1462237,180.0,line-d-e38,33.2036329,-116.1458445,180.0,line-d-e39,33.2037923,-116.1456549,180.0,2026-08-20T20:55:00Z,dipole-dipole,2,8,1.539,519.7,218.357,8.733,0.00425,0.00110,0.00731;0.00584;0.00603;0.00529;0.00503;0.00403;0.00347;0.00274;0.00201;0.00150,
line-d-r01826,line-d,line-d-e35,33.2031548,-116.1464133,180.0,line-d-e36,33.2033141,-116.1462237,180.0,line-d-e38,33.2036329,-116.1458445,180.0,line-d-e39,33.2037923,-116.1456549,180.0,2026-08-20T20:55:12Z,dipole-dipole,2,3,1.606,498.2,193.321,6.392,0.00563,0.00134,0.00890;0.00797;0.00771;0.00735;0.00670;0.00526;0.00432;0.00436;0.00290;0.00187,
line-d-r01827,line-d,line-d-e35,33.2031548,-116.1464133,180.0,line-d-e36,33.2033141,-116.1462237,180.0,line-d-e38,33.2036329,-116.1458445,180.0,line-d-e39,33.2037923,-116.1456549,180.0,2026-08-20T20:55:24Z,dipole-dipole,2,5,1.679,476.5,201.071,7.669,0.00496,0.00093,0.00754;0.00812;0.00729;0.00552;0.00563;0.00457;0.00386;0.00329;0.00207;0.00185,
line-d-r01828,line-d,line-d-e35,33.2031548,-116.1464133,180.0,line-d-e36,33.2033141,-116.1462237,180.0,line-d-e38,33.2036329,-116.1458445,180.0,line-d-e39,33.2037923,-116.1456549,180.0,2026-08-20T20:55:36Z,dipole-dipole,2,8,1.215,658.3,180.894,6.824,0.00505,0.00128,0.00803;0.00704;0.00721;0.00615;0.00515;0.00529;0.00346;0.00283;0.00262;0.00182,
line-d-r01829,line-d,line-d-e35,33.2031548,-116.1464133,180.0,line-d-e36,33.2033141,-116.1462237,180.0,line-d-e38,33.2036329,-116.1458445,180.0,line-d-e39,33.2037923,-116.1456549,180.0,2026-08-20T20:55:48Z,dipole-dipole,2,4,1.365,586.0,191.249,8.179,0.00450,0.00132,0.00728;0.00641;0.00640;0.00544;0.00509;0.00407;0.00327;0.00287;0.00201;0.00159,
line-d-r01830,line-d,line-d-e35,33.2031548,-116.1464133,180.0,line-d-e36,33.2033141,-116.1462237,180.0,line-d-e38,33.2036329,-116.1458445,180.0,line-d-e39,33.2037923,-116.1456549,180.0,2026-08-20T20:56:00Z,dipole-dipole,2,3,1.680,476.1,191.734,6.734,0.00662,0.00112,0.01057;0.00964;0.00897;0.00752;0.00708;0.00599;0.00455;0.00403;0.00319;0.00246,
line-d-r01831,line-d,line-d-e35,33.2031548,-116.1464133,180.0,line-d-e36,33.2033141,-116.1462237,180.0,line-d-e39,33.2037923,-116.1456549,180.0,line-d-e40,33.2039517,-116.1454652,180.0,2026-08-20T20:56:12Z,dipole-dipole,3,8,1.942,412.0,192.686,7.195,0.00440,0.00126,0.00697;0.00730;0.00603;0.00560;0.00560;0.00414;0.00333;0.00265;0.00213;0.00156,
line-d-r01832,line-d,line-d-e35,33.2031548,-116.1464133,180.0,line-d-e36,33.2033141,-116.1462237,180.0,line-d-e39,33.2037923,-116.1456549,180.0,line-d-e40,33.2039517,-116.1454652,180.0,2026-08-20T20:56:24Z,dipole-dipole,3,4,1.356,590.2,202.711,6.930,0.00505,0.00137,0.00846;0.00687;0.00637;0.00642;0.00601;0.00511;0.00383;0.00321;0.00280;0.00192,
line-d-r01833,line-d,line-d-e35,33.2031548,-116.1464133,180.0,line-d-e36,33.2033141,-116.1462237,180.0,line-d-e39,33.2037923,-116.1456549,180.0,line-d-e40,33.2039517,-116.1454652,180.0,2026-08-20T20:56:36Z,dipole-dipole,3,4,1.602,499.3,196.690,8.000,0.00443,0.00101,0.00744;0.00639;0.00580;0.00501;0.00527;0.00408;0.00306;0.00276;0.00209;0.00143,
line-d-r01834,line-d,line-d-e35,33.2031548,-116.1464133,180.0,line-d-e36,33.2033141,-116.1462237,180.0,line-d-e39,33.2037923,-116.1456549,180.0,line-d-e40,33.2039517,-116.1454652,180.0,2026-08-20T20:56:48Z,dipole-dipole,3,8,1.239,645.9,-280.392,8.578,0.00588,0.00096,0.00799;0.00865;0.00792;0.00734;0.00705;0.00585;0.00449;0.00397;0.00282;0.00203,
line-d-r01835,line-d,line-d-e35,33.2031548,-116.1464133,180.0,line-d-e36,33.2033141,-116.1462237,180.0,line-d-e39,33.2037923,-116.1456549,180.0,line-d-e40,33.2039517,-116.1454652,180.0,2026-08-20T20:57:00Z,dipole-dipole,3,6,1.638,488.5,190.680,9.137,0.00563,0.00114,0.00856;0.00849;0.00716;0.00764;0.00629;0.00549;0.00448;0.00343;0.00271;0.00211,
line-d-r01836,line-d,line-d-e35,33.2031548,-116.1464133,180.0,line-d-e36,33.2033141,-116.1462237,180.0,line-d-e39,33.2037923,-116.1456549,180.0,line-d-e40,33.2039517,-116.1454652,180.0,2026-08-20T20:57:12Z,dipole-dipole,3,7,1.457,549.0,199.844,5.639,0.00574,0.00131,0.01018;0.00725;0.00808;0.00770;0.00655;0.00572;0.00436;0.00357;0.00306;0.00178,
line-d-r01837,line-d,line-d-e35,33.2031548,-116.1464133,180.0,line-d-e36,33.2033141,-116.1462237,180.0,line-d-e39,33.2037923,-116.1456549,180.0,line-d-e40,33.2039517,-116.1454652,180.0,2026-08-20T20:57:24Z,dipole-dipole,3,4,1.959,408.4,192.040,6.896,0.00318,0.00111,0.00456;0.00520;0.00387;0.00419;0.00353;0.00274;0.00279;0.00217;0.00155;0.00099,
line-d-r01838,line-d,line-d-e36,33.2033141,-116.1462237,180.0,line-d-e37,33.2034735,-116.1460341,180.0,line-d-e38,33.2036329,-116.1458445,180.0,line-d-e39,33.2037923,-116.1456549,180.0,2026-08-20T20:57:36Z,dipole-dipole,1,6,1.852,431.9,212.385,9.858,0.00508,0.00103,0.00797;0.00800;0.00715;0.00637;0.00493;0.00472;0.00373;0.00326;0.00266;0.00179,
line-d-r01839,line-d,line-d-e36,33.2033141,-116.1462237,180.0,line-d-e37,33.2034735,-116.1460341,180.0,line-d-e38,33.2036329,-116.1458445,180.0,line-d-e39,33.2037923,-116.1456549,180.0,2026-08-20T20:57:48Z,dipole-dipole,1,3,1.766,453.1,199.489,9.012,0.00521,0.00095,0.00917;0.00730;0.00737;0.00652;0.00607;0.00477;0.00463;0.00349;0.00274;0.00179,
line-d-r01840,line-d,line-d-e36,33.2033141,-116.1462237,180.0,line-d-e37,33.2034735,-116.1460341,180.0,line-d-e38,33.2036329,-116.1458445,180.0,line-d-e39,33.2037923,-116.1456549,180.0,2026-08-20T20:58:00Z,dipole-dipole,1,7,1.927,415.2,205.410,9.025,0.00703,0.00099,0.01098;0.01064;0.01088;0.00784;0.00727;0.00615;0.00555;0.00440;0.00371;0.00259,
line-d-r01841,line-d,line-d-e36,33.2033141,-116.1462237,180.0,line-d-e37,33.2034735,-116.1460341,180.0,line-d-e38,33.2036329,-116.1458445,180.0,line-d-e39,33.2037923,-116.1456549,180.0,2026-08-20T20:58:12Z,dipole-dipole,1,8,2.000,367.8,213.637,7.779,0.00495,0.00079,0.00788;0.00770;0.00658;0.00602;0.00527;0.00490;0.00402;0.00312;0.00234;0.00174,
line-d-r01842,line-d,line-d-e36,33.2033141,-116.1462237,180.0,line-d-e37,33.2034735,-116.1460341,180.0,line-d-e38,33.2036329,-116.1458445,180.0,line-d-e39,33.2037923,-116.1456549,180.0,2026-08-20T20:58:24Z,dipole-dipole,1,4,1.338,597.9,198.878,5.782,0.00523,0.00105,0.00880;0.00850;0.00725;0.00711;0.00516;0.00448;0.00423;0.00303;0.00250;0.00175,
line-d-r01843,line-d,line-d-e36,33.2033141,-116.1462237,180.0,line-d-e37,33.2034735,-116.1460341,180.0,line-d-e38,33.2036329,-116.1458445,180.0,line-d-e39,33.2037923,-116.1456549,180.0,2026-08-20T20:58:36Z,dipole-dipole,1,4,2.000,371.8,212.497,5.947,0.00433,0.00139,0.00752;0.00625;0.00627;0.00527;0.00487;0.00408;0.00330;0.00292;0.00221;0.00161,
line-d-r01844,line-d,line-d-e36,33.2033141,-116.1462237,180.0,line-d-e37,33.2034735,-116.1460341,180.0,line-d-e38,33.2036329,-116.1458445,180.0,line-d-e39,33.2037923,-116.1456549,180.0,2026-08-20T20:58:48Z,dipole-dipole,1,3,1.443,554.3,200.716,9.315,0.00517,0.00090,0.00771;0.00786;0.00731;0.00631;0.00564;0.00484;0.00407;0.00345;0.00240;0.00195,
line-d-r01845,line-d,line-d-e36,33.2033141,-116.1462237,180.0,line-d-e37,33.2034735,-116.1460341,180.0,line-d-e39,33.2037923,-116.1456549,180.0,line-d-e40,33.2039517,-116.1454652,180.0,2026-08-20T20:59:00Z,dipole-dipole,2,8,2.000,363.3,201.975,7.451,0.00373,0.00104,0.00624;0.00560;0.00505;0.00467;0.00430;0.00378;0.00309;0.00251;0.00168;0.00122,
line-d-r01846,line-d,line-d-e36,33.2033141,-116.1462237,180.0,line-d-e37,33.2034735,-116.1460341,180.0,line-d-e39,33.2037923,-116.1456549,180.0,line-d-e40,33.2039517,-116.1454652,180.0,2026-08-20T20:59:12Z,dipole-dipole,2,5,1.887,424.0,209.270,6.501,0.00613,0.00655,0.01084;0.00915;0.00841;0.00784;0.00667;0.00605;0.00470;0.00372;0.00309;0.00232,
line-d-r01847,line-d,line-d-e36,33.2033141,-116.1462237,180.0,line-d-e37,33.2034735,-116.1460341,180.0,line-d-e39,33.2037923,-116.1456549,180.0,line-d-e40,33.2039517,-116.1454652,180.0,2026-08-20T20:59:24Z,dipole-dipole,2,4,2.000,322.8,186.859,7.639,0.00340,0.00136,0.00512;0.00491;0.00446;0.00456;0.00392;0.00334;0.00280;0.00219;0.00162;0.00112,
line-d-r01848,line-d,line-d-e36,33.2033141,-116.1462237,180.0,line-d-e37,33.2034735,-116.1460341,180.0,line-d-e39,33.2037923,-116.1456549,180.0,line-d-e40,33.2039517,-116.1454652,180.0,2026-08-20T20:59:36Z,dipole-dipole,2,8,1.912,418.4,197.320,7.502,0.00383,0.00085,0.00665;0.00563;0.00524;0.00469;0.00432;0.00368;0.00274;0.00245;0.00199;0.00133,
line-d-r01849,line-d,line-d-e36,33.2033141,-116.1462237,180.0,line-d-e37,33.2034735,-116.1460341,180.0,line-d-e39,33.2037923,-116.1456549,180.0,line-d-e40,33.2039517,-116.1454652,180.0,2026-08-20T20:59:48Z,dipole-dipole,2,4,1.609,497.3,204.679,8.133,0.00262,0.00114,0.00425;0.00445;0.00318;0.00314;0.00310;0.00246;0.00211;0.00177;0.00137;0.00103,
line-d-r01850,line-d,line-d-e36,33.2033141,-116.1462237,180.0,line-d-e37,33.2034735,-116.1460341,180.0,line-d-e39,33.2037923,-116.1456549,180.0,line-d-e40,33.2039517,-116.1454652,180.0,2026-08-20T21:00:00Z,dipole-dipole,2,3,1.873,427.0,189.954,6.773,0.00234,0.00068,0.00373;0.00365;0.00321;0.00305;0.00263;0.00211;0.00185;0.00157;0.00112;0.00078,
line-d-r01851,line-d,line-d-e36,33.2033141,-116.1462237,180.0,line-d-e37,33.2034735,-116.1460341,180.0,line-d-e39,33.2037923,-116.1456549,180.0,line-d-e40,33.2039517,-116.1454652,180.0,2026-08-20T21:00:12Z,dipole-dipole,2,6,2.000,356.1,203.363,10.277,0.00485,0.00096,0.00789;0.00722;0.00645;0.00561;0.00513;0.00482;0.00375;0.00291;0.00232;0.00167,
line-d-r01852,line-d,line-d-e36,33.2033141,-116.1462237,180.0,line-d-e37,33.2034735,-116.1460341,180.0,line-d-e39,33.2037923,-116.1456549,180.0,line-d-e40,33.2039517,-116.1454652,180.0,2026-08-20T21:00:24Z,dipole-dipole,2,8,2.000,322.8,194.028,7.774,0.00471,0.00140,0.00766;0.00782;0.00590;0.00516;0.00533;0.00378;0.00352;0.00298;0.00253;0.00176,
line-d-r01853,line-d,line-d-e37,33.2034735,-116.1460341,180.0,line-d-e38,33.2036329,-116.1458445,180.0,line-d-e39,33.2037923,-116.1456549,180.0,line-d-e40,33.2039517,-116.1454652,180.0,2026-08-20T21:00:36Z,dipole-dipole,1,5,1.456,549.5,209.896,6.209,0.00654,0.01311,0.01120;0.00964;0.00907;0.00802;0.00745;0.00632;0.00601;0.00419;0.00337;0.00231,
line-d-r01854,line-d,line-d-e37,33.2034735,-116.1460341,180.0,line-d-e38,33.2036329,-116.1458445,180.0,line-d-e39,33.2037923,-116.1456549,180.0,line-d-e40,33.2039517,-116.1454652,180.0,2026-08-20T21:00:48Z,dipole-dipole,1,7,1.403,570.2,201.664,7.592,0.00387,0.00105,0.00560;0.00563;0.00568;0.00461;0.00396;0.00340;0.00302;0.00246;0.00188;0.00137,
line-d-r01855,line-d,line-d-e37,33.2034735,-116.1460341,180.0,line-d-e38,33.2036329,-116.1458445,180.0,line-d-e39,33.2037923,-116.1456549,180.0,line-d-e40,33.2039517,-116.1454652,180.0,2026-08-20T21:01:00Z,dipole-dipole,1,7,0.908,880.9,216.903,8.615,0.00706,0.00145,0.01198;0.01199;0.01004;0.00920;0.00821;0.00636;0.00562;0.00434;0.00335;0.00252,
line-d-r01856,line-d,line-d-e37,33.2034735,-116.1460341,180.0,line-d-e38,33.2036329,-116.1458445,180.0,line-d-e39,33.2037923,-116.1456549,180.0,line-d-e40,33.2039517,-116.1454652,180.0,2026-08-20T21:01:12Z,dipole-dipole,1,8,1.256,636.7,214.474,7.488,0.00422,0.00098,0.00672;0.00640;0.00586;0.00520;0.00444;0.00399;0.00324;0.00283;0.00213;0.00145,
line-d-r01857,line-d,line-d-e37,33.2034735,-116.1460341,180.0,line-d-e38,33.2036329,-116.1458445,180.0,line-d-e39,33.2037923,-116.1456549,180.0,line-d-e40,33.2039517,-116.1454652,180.0,2026-08-20T21:01:24Z,dipole-dipole,1,7,1.157,691.5,208.847,7.243,0.00541,0.00120,0.00900;0.00932;0.00667;0.00664;0.00581;0.00476;0.00427;0.00322;0.00291;0.00184,
line-d-r01858,line-d,line-d-e37,33.2034735,-116.1460341,180.0,line-d-e38,33.2036329,-116.1458445,180.0,line-d-e39,33.2037923,-116.1456549,180.0,line-d-e40,33.2039517,-116.1454652,180.0,2026-08-20T21:01:36Z,dipole-dipole,1,7,1.308,611.7,214.080,5.342,0.00306,0.00121,0.00505;0.00434;0.00389;0.00383;0.00324;0.00290;0.00284;0.00182;0.00128;0.00115,
